"","time","Simulation","Chemical","dose","variable","value"
"1",0,"Simu1","DIC",50,"cliver",0
"2",0.1,"Simu1","DIC",50,"cliver",0.163000780124634
"3",0.2,"Simu1","DIC",50,"cliver",1.19825625216037
"4",0.3,"Simu1","DIC",50,"cliver",2.61411857840827
"5",0.4,"Simu1","DIC",50,"cliver",4.05838849590311
"6",0.5,"Simu1","DIC",50,"cliver",5.40827481550443
"7",0.6,"Simu1","DIC",50,"cliver",6.62605122885053
"8",0.7,"Simu1","DIC",50,"cliver",7.70483985157677
"9",0.8,"Simu1","DIC",50,"cliver",8.64864763825983
"10",0.9,"Simu1","DIC",50,"cliver",9.4650452035156
"11",1,"Simu1","DIC",50,"cliver",10.162508494217
"12",1.1,"Simu1","DIC",50,"cliver",10.749460326387
"13",1.2,"Simu1","DIC",50,"cliver",11.2339466331602
"14",1.3,"Simu1","DIC",50,"cliver",11.6235431513164
"15",1.4,"Simu1","DIC",50,"cliver",11.9253385912525
"16",1.5,"Simu1","DIC",50,"cliver",12.1459473314009
"17",1.6,"Simu1","DIC",50,"cliver",12.2915420285002
"18",1.7,"Simu1","DIC",50,"cliver",12.3678802364371
"19",1.8,"Simu1","DIC",50,"cliver",12.380314241938
"20",1.9,"Simu1","DIC",50,"cliver",12.3338370016612
"21",2,"Simu1","DIC",50,"cliver",12.2330997103084
"22",2.1,"Simu1","DIC",50,"cliver",12.0824301329313
"23",2.2,"Simu1","DIC",50,"cliver",11.885856897719
"24",2.3,"Simu1","DIC",50,"cliver",11.6471289343866
"25",2.4,"Simu1","DIC",50,"cliver",11.3697327046476
"26",2.5,"Simu1","DIC",50,"cliver",11.0569130305082
"27",2.6,"Simu1","DIC",50,"cliver",10.711687867632
"28",2.7,"Simu1","DIC",50,"cliver",10.3368611525483
"29",2.8,"Simu1","DIC",50,"cliver",9.93503717364571
"30",2.9,"Simu1","DIC",50,"cliver",9.50863527449224
"31",3,"Simu1","DIC",50,"cliver",9.05990285695088
"32",3.1,"Simu1","DIC",50,"cliver",8.59092656644856
"33",3.2,"Simu1","DIC",50,"cliver",8.10364273843013
"34",3.3,"Simu1","DIC",50,"cliver",7.59984768205603
"35",3.4,"Simu1","DIC",50,"cliver",7.08120763100573
"36",3.5,"Simu1","DIC",50,"cliver",6.54926800195337
"37",3.6,"Simu1","DIC",50,"cliver",6.00546201787288
"38",3.7,"Simu1","DIC",50,"cliver",5.45111901275013
"39",3.8,"Simu1","DIC",50,"cliver",4.88747269747539
"40",3.9,"Simu1","DIC",50,"cliver",4.31566968506533
"41",4,"Simu1","DIC",50,"cliver",3.73677882903257
"42",4.1,"Simu1","DIC",50,"cliver",3.15180277259075
"43",4.2,"Simu1","DIC",50,"cliver",2.56169525668145
"44",4.3,"Simu1","DIC",50,"cliver",1.96739365512877
"45",4.4,"Simu1","DIC",50,"cliver",1.36989880666856
"46",4.5,"Simu1","DIC",50,"cliver",0.770599851769284
"47",4.6,"Simu1","DIC",50,"cliver",0.174380897388609
"48",4.7,"Simu1","DIC",50,"cliver",0.00128947355619342
"49",4.8,"Simu1","DIC",50,"cliver",0.00120134255963039
"50",4.9,"Simu1","DIC",50,"cliver",0.00112076533160048
"51",5,"Simu1","DIC",50,"cliver",0.00104693624676557
"52",5.1,"Simu1","DIC",50,"cliver",0.00097915091856661
"53",5.2,"Simu1","DIC",50,"cliver",0.000916798850345383
"54",5.3,"Simu1","DIC",50,"cliver",0.000859344071666062
"55",5.4,"Simu1","DIC",50,"cliver",0.000806315991709848
"56",5.5,"Simu1","DIC",50,"cliver",0.00075730292261829
"57",5.6,"Simu1","DIC",50,"cliver",0.000711932868279335
"58",5.7,"Simu1","DIC",50,"cliver",0.000669885721087923
"59",5.8,"Simu1","DIC",50,"cliver",0.000630858146874628
"60",5.9,"Simu1","DIC",50,"cliver",0.000594613775432192
"61",6,"Simu1","DIC",50,"cliver",0.0005608701424812
"62",6.1,"Simu1","DIC",50,"cliver",0.000529505921368805
"63",6.2,"Simu1","DIC",50,"cliver",0.000500188725245111
"64",6.3,"Simu1","DIC",50,"cliver",0.00047302562443156
"65",6.4,"Simu1","DIC",50,"cliver",0.000447268858855492
"66",6.5,"Simu1","DIC",50,"cliver",0.000423944182261945
"67",6.6,"Simu1","DIC",50,"cliver",0.000401321667309474
"68",6.7,"Simu1","DIC",50,"cliver",0.000380512561877286
"69",6.8,"Simu1","DIC",50,"cliver",0.000360986007360898
"70",6.9,"Simu1","DIC",50,"cliver",0.000342683559734903
"71",7,"Simu1","DIC",50,"cliver",0.000325515777483429
"72",7.1,"Simu1","DIC",50,"cliver",0.000309401510916717
"73",7.2,"Simu1","DIC",50,"cliver",0.000294266174820717
"74",7.3,"Simu1","DIC",50,"cliver",0.000280040507331905
"75",7.4,"Simu1","DIC",50,"cliver",0.000266665335641389
"76",7.5,"Simu1","DIC",50,"cliver",0.00025407405638543
"77",7.6,"Simu1","DIC",50,"cliver",0.000242233372364549
"78",7.7,"Simu1","DIC",50,"cliver",0.000231042558290811
"79",7.8,"Simu1","DIC",50,"cliver",0.000220585142189731
"80",7.9,"Simu1","DIC",50,"cliver",0.000210487751987175
"81",8,"Simu1","DIC",50,"cliver",0.000270452129800165
"82",8.1,"Simu1","DIC",50,"cliver",0.222457852824914
"83",8.2,"Simu1","DIC",50,"cliver",1.43454547339044
"84",8.3,"Simu1","DIC",50,"cliver",3.04272337911267
"85",8.4,"Simu1","DIC",50,"cliver",4.67504917294211
"86",8.5,"Simu1","DIC",50,"cliver",6.20246448143024
"87",8.6,"Simu1","DIC",50,"cliver",7.58555384970043
"88",8.7,"Simu1","DIC",50,"cliver",8.81738208237766
"89",8.8,"Simu1","DIC",50,"cliver",9.90246158183947
"90",8.9,"Simu1","DIC",50,"cliver",10.8490427047344
"91",9,"Simu1","DIC",50,"cliver",11.6663104342496
"92",9.1,"Simu1","DIC",50,"cliver",12.3633838962193
"93",9.2,"Simu1","DIC",50,"cliver",12.9489611782534
"94",9.3,"Simu1","DIC",50,"cliver",13.4312547441479
"95",9.4,"Simu1","DIC",50,"cliver",13.8178999882808
"96",9.5,"Simu1","DIC",50,"cliver",14.1160647755969
"97",9.6,"Simu1","DIC",50,"cliver",14.3324270241621
"98",9.7,"Simu1","DIC",50,"cliver",14.4732136446364
"99",9.8,"Simu1","DIC",50,"cliver",14.5442387849478
"100",9.9,"Simu1","DIC",50,"cliver",14.550904587178
"101",10,"Simu1","DIC",50,"cliver",14.4982329632635
"102",10.1,"Simu1","DIC",50,"cliver",14.3909142744563
"103",10.2,"Simu1","DIC",50,"cliver",14.2333169661381
"104",10.3,"Simu1","DIC",50,"cliver",14.0295032352803
"105",10.4,"Simu1","DIC",50,"cliver",13.7832518544472
"106",10.5,"Simu1","DIC",50,"cliver",13.4980786681443
"107",10.6,"Simu1","DIC",50,"cliver",13.1772527732701
"108",10.7,"Simu1","DIC",50,"cliver",12.823814830531
"109",10.8,"Simu1","DIC",50,"cliver",12.4405925255243
"110",10.9,"Simu1","DIC",50,"cliver",12.0302123256901
"111",11,"Simu1","DIC",50,"cliver",11.5951122832435
"112",11.1,"Simu1","DIC",50,"cliver",11.1375559134477
"113",11.2,"Simu1","DIC",50,"cliver",10.6596448632543
"114",11.3,"Simu1","DIC",50,"cliver",10.1633296036756
"115",11.4,"Simu1","DIC",50,"cliver",9.65041909954991
"116",11.5,"Simu1","DIC",50,"cliver",9.12259032301865
"117",11.6,"Simu1","DIC",50,"cliver",8.58139754893572
"118",11.7,"Simu1","DIC",50,"cliver",8.02828101841449
"119",11.8,"Simu1","DIC",50,"cliver",7.46457488311716
"120",11.9,"Simu1","DIC",50,"cliver",6.89151466840487
"121",12,"Simu1","DIC",50,"cliver",6.31024448033092
"122",12.1,"Simu1","DIC",50,"cliver",5.7218240379223
"123",12.2,"Simu1","DIC",50,"cliver",5.12723561192167
"124",12.3,"Simu1","DIC",50,"cliver",4.52739114816798
"125",12.4,"Simu1","DIC",50,"cliver",3.92314017779639
"126",12.5,"Simu1","DIC",50,"cliver",3.31527978241196
"127",12.6,"Simu1","DIC",50,"cliver",2.7045696648554
"128",12.7,"Simu1","DIC",50,"cliver",2.09175956224541
"129",12.8,"Simu1","DIC",50,"cliver",1.47765902121941
"130",12.9,"Simu1","DIC",50,"cliver",0.863396256040431
"131",13,"Simu1","DIC",50,"cliver",0.25246007170759
"132",13.1,"Simu1","DIC",50,"cliver",0.00119447120282087
"133",13.2,"Simu1","DIC",50,"cliver",0.0011202604797837
"134",13.3,"Simu1","DIC",50,"cliver",0.00105195888380619
"135",13.4,"Simu1","DIC",50,"cliver",0.000988978613102688
"136",13.5,"Simu1","DIC",50,"cliver",0.000930804627042508
"137",13.6,"Simu1","DIC",50,"cliver",0.000876979829665144
"138",13.7,"Simu1","DIC",50,"cliver",0.000827108224266473
"139",13.8,"Simu1","DIC",50,"cliver",0.000780831300000797
"140",13.9,"Simu1","DIC",50,"cliver",0.000737833359372796
"141",14,"Simu1","DIC",50,"cliver",0.000697832588438871
"142",14.1,"Simu1","DIC",50,"cliver",0.000660574209151472
"143",14.2,"Simu1","DIC",50,"cliver",0.000625832502285436
"144",14.3,"Simu1","DIC",50,"cliver",0.000593400504605893
"145",14.4,"Simu1","DIC",50,"cliver",0.00056309738836305
"146",14.5,"Simu1","DIC",50,"cliver",0.000534746128071006
"147",14.6,"Simu1","DIC",50,"cliver",0.000508220215339291
"148",14.7,"Simu1","DIC",50,"cliver",0.000483343171772413
"149",14.8,"Simu1","DIC",50,"cliver",0.000460043567665155
"150",14.9,"Simu1","DIC",50,"cliver",0.000438116903904682
"151",15,"Simu1","DIC",50,"cliver",0.000417619310792887
"152",15.1,"Simu1","DIC",50,"cliver",0.000398168822983765
"153",15.2,"Simu1","DIC",50,"cliver",0.000380221611268815
"154",15.3,"Simu1","DIC",50,"cliver",0.000362943020656147
"155",15.4,"Simu1","DIC",50,"cliver",0.000346811030270761
"156",15.5,"Simu1","DIC",50,"cliver",0.000331604270186109
"157",15.6,"Simu1","DIC",50,"cliver",0.000317258192473265
"158",15.7,"Simu1","DIC",50,"cliver",0.00030371549166629
"159",15.8,"Simu1","DIC",50,"cliver",0.000290922508808102
"160",15.9,"Simu1","DIC",50,"cliver",0.000278830568994209
"161",16,"Simu1","DIC",50,"cliver",0.000338276867037351
"162",16.1,"Simu1","DIC",50,"cliver",0.22681396390172
"163",16.2,"Simu1","DIC",50,"cliver",1.44821883556682
"164",16.3,"Simu1","DIC",50,"cliver",3.06542103282533
"165",16.4,"Simu1","DIC",50,"cliver",4.70642543595258
"166",16.5,"Simu1","DIC",50,"cliver",6.24218210272245
"167",16.6,"Simu1","DIC",50,"cliver",7.63328727899993
"168",16.7,"Simu1","DIC",50,"cliver",8.87281782527262
"169",16.8,"Simu1","DIC",50,"cliver",9.96529775882018
"170",16.9,"Simu1","DIC",50,"cliver",10.9189894497705
"171",17,"Simu1","DIC",50,"cliver",11.7430890649325
"172",17.1,"Simu1","DIC",50,"cliver",12.4467225265542
"173",17.2,"Simu1","DIC",50,"cliver",13.0386052278219
"174",17.3,"Simu1","DIC",50,"cliver",13.5269369243876
"175",17.4,"Simu1","DIC",50,"cliver",13.9193921539657
"176",17.5,"Simu1","DIC",50,"cliver",14.2231486475737
"177",17.6,"Simu1","DIC",50,"cliver",14.4448849656863
"178",17.7,"Simu1","DIC",50,"cliver",14.5908462760991
"179",17.8,"Simu1","DIC",50,"cliver",14.6668358416614
"180",17.9,"Simu1","DIC",50,"cliver",14.6782414512977
"181",18,"Simu1","DIC",50,"cliver",14.6301330366171
"182",18.1,"Simu1","DIC",50,"cliver",14.5271993438791
"183",18.2,"Simu1","DIC",50,"cliver",14.3738047469294
"184",18.3,"Simu1","DIC",50,"cliver",14.1740249971102
"185",18.4,"Simu1","DIC",50,"cliver",13.9316559785603
"186",18.5,"Simu1","DIC",50,"cliver",13.6502230894944
"187",18.6,"Simu1","DIC",50,"cliver",13.3329855505706
"188",18.7,"Simu1","DIC",50,"cliver",12.9829882870455
"189",18.8,"Simu1","DIC",50,"cliver",12.6030669562084
"190",18.9,"Simu1","DIC",50,"cliver",12.1958546412739
"191",19,"Simu1","DIC",50,"cliver",11.7637946784194
"192",19.1,"Simu1","DIC",50,"cliver",11.3091551687645
"193",19.2,"Simu1","DIC",50,"cliver",10.8340419072946
"194",19.3,"Simu1","DIC",50,"cliver",10.3404084967452
"195",19.4,"Simu1","DIC",50,"cliver",9.83006801748981
"196",19.5,"Simu1","DIC",50,"cliver",9.30470295938009
"197",19.6,"Simu1","DIC",50,"cliver",8.76587254397839
"198",19.7,"Simu1","DIC",50,"cliver",8.21502035920492
"199",19.8,"Simu1","DIC",50,"cliver",7.65348318787762
"200",19.9,"Simu1","DIC",50,"cliver",7.08249944547946
"201",20,"Simu1","DIC",50,"cliver",6.50321632929703
"202",20.1,"Simu1","DIC",50,"cliver",5.91669625430664
"203",20.2,"Simu1","DIC",50,"cliver",5.32392344715152
"204",20.3,"Simu1","DIC",50,"cliver",4.72581113075884
"205",20.4,"Simu1","DIC",50,"cliver",4.1232090555263
"206",20.5,"Simu1","DIC",50,"cliver",3.51691203048787
"207",20.6,"Simu1","DIC",50,"cliver",2.90767279410878
"208",20.7,"Simu1","DIC",50,"cliver",2.29622446376556
"209",20.8,"Simu1","DIC",50,"cliver",1.68332729194413
"210",20.9,"Simu1","DIC",50,"cliver",1.06992874092512
"211",21,"Simu1","DIC",50,"cliver",0.458031780601957
"212",21.1,"Simu1","DIC",50,"cliver",0.0012328897135882
"213",21.2,"Simu1","DIC",50,"cliver",0.0011571123322568
"214",21.3,"Simu1","DIC",50,"cliver",0.00108736638291431
"215",21.4,"Simu1","DIC",50,"cliver",0.00102305110662375
"216",21.5,"Simu1","DIC",50,"cliver",0.000963639844990859
"217",21.6,"Simu1","DIC",50,"cliver",0.000908665102947248
"218",21.7,"Simu1","DIC",50,"cliver",0.000857721908125692
"219",21.8,"Simu1","DIC",50,"cliver",0.000810444011360361
"220",21.9,"Simu1","DIC",50,"cliver",0.000766508662385082
"221",22,"Simu1","DIC",50,"cliver",0.000725628637683082
"222",22.1,"Simu1","DIC",50,"cliver",0.000687543174046448
"223",22.2,"Simu1","DIC",50,"cliver",0.000652023037359426
"224",22.3,"Simu1","DIC",50,"cliver",0.000618855114581522
"225",22.4,"Simu1","DIC",50,"cliver",0.000587858639405439
"226",22.5,"Simu1","DIC",50,"cliver",0.000558847188834322
"227",22.6,"Simu1","DIC",50,"cliver",0.000531699914660887
"228",22.7,"Simu1","DIC",50,"cliver",0.000506224926310707
"229",22.8,"Simu1","DIC",50,"cliver",0.000482372512771381
"230",22.9,"Simu1","DIC",50,"cliver",0.000459889134771619
"231",23,"Simu1","DIC",50,"cliver",0.00043892062047448
"232",23.1,"Simu1","DIC",50,"cliver",0.000418895989423873
"233",23.2,"Simu1","DIC",50,"cliver",0.000400667467182601
"234",23.3,"Simu1","DIC",50,"cliver",0.000382799180804003
"235",23.4,"Simu1","DIC",50,"cliver",0.000366256501517663
"236",23.5,"Simu1","DIC",50,"cliver",0.000350641241982405
"237",23.6,"Simu1","DIC",50,"cliver",0.000335901905008999
"238",23.7,"Simu1","DIC",50,"cliver",0.000321982091707457
"239",23.8,"Simu1","DIC",50,"cliver",0.000308827109923139
"240",23.9,"Simu1","DIC",50,"cliver",0.000296387153216624
"241",24,"Simu1","DIC",50,"cliver",0.000355937566555907
"242",24.1,"Simu1","DIC",50,"cliver",0.227946761640516
"243",24.2,"Simu1","DIC",50,"cliver",1.45178004886622
"244",24.3,"Simu1","DIC",50,"cliver",3.07136221115485
"245",24.4,"Simu1","DIC",50,"cliver",4.71468333623066
"246",24.5,"Simu1","DIC",50,"cliver",6.25269405952573
"247",24.6,"Simu1","DIC",50,"cliver",7.64599219259674
"248",24.7,"Simu1","DIC",50,"cliver",8.88765632203565
"249",24.8,"Simu1","DIC",50,"cliver",9.98221222020743
"250",24.9,"Simu1","DIC",50,"cliver",10.9379239811912
"251",25,"Simu1","DIC",50,"cliver",11.7639894647295
"252",25.1,"Simu1","DIC",50,"cliver",12.4695363729679
"253",25.2,"Simu1","DIC",50,"cliver",13.0632930000277
"254",25.3,"Simu1","DIC",50,"cliver",13.5534368967385
"255",25.4,"Simu1","DIC",50,"cliver",13.9476608467344
"256",25.5,"Simu1","DIC",50,"cliver",14.2531326477689
"257",25.6,"Simu1","DIC",50,"cliver",14.4765433824455
"258",25.7,"Simu1","DIC",50,"cliver",14.6241310486881
"259",25.8,"Simu1","DIC",50,"cliver",14.7016986025455
"260",25.9,"Simu1","DIC",50,"cliver",14.714662283845
"261",26,"Simu1","DIC",50,"cliver",14.6680657816025
"262",26.1,"Simu1","DIC",50,"cliver",14.5666056272773
"263",26.2,"Simu1","DIC",50,"cliver",14.4146548494864
"264",26.3,"Simu1","DIC",50,"cliver",14.2162829048417
"265",26.4,"Simu1","DIC",50,"cliver",13.9752770156905
"266",26.5,"Simu1","DIC",50,"cliver",13.6951608843783
"267",26.6,"Simu1","DIC",50,"cliver",13.3792107821665
"268",26.7,"Simu1","DIC",50,"cliver",13.0304729244427
"269",26.8,"Simu1","DIC",50,"cliver",12.6517807419291
"270",26.9,"Simu1","DIC",50,"cliver",12.2457674754815
"271",27,"Simu1","DIC",50,"cliver",11.8148777875721
"272",27.1,"Simu1","DIC",50,"cliver",11.3613808667508
"273",27.2,"Simu1","DIC",50,"cliver",10.8873834391646
"274",27.3,"Simu1","DIC",50,"cliver",10.3948410245778
"275",27.4,"Simu1","DIC",50,"cliver",9.88556767794765
"276",27.5,"Simu1","DIC",50,"cliver",9.36124524625872
"277",27.6,"Simu1","DIC",50,"cliver",8.82343251383721
"278",27.7,"Simu1","DIC",50,"cliver",8.27357392302525
"279",27.8,"Simu1","DIC",50,"cliver",7.7130076010858
"280",27.9,"Simu1","DIC",50,"cliver",7.14297279792289
"281",28,"Simu1","DIC",50,"cliver",6.56461698654592
"282",28.1,"Simu1","DIC",50,"cliver",5.97900277201693
"283",28.2,"Simu1","DIC",50,"cliver",5.38711467162288
"284",28.3,"Simu1","DIC",50,"cliver",4.78986594031169
"285",28.4,"Simu1","DIC",50,"cliver",4.18810586880546
"286",28.5,"Simu1","DIC",50,"cliver",3.58262845020561
"287",28.6,"Simu1","DIC",50,"cliver",2.97418441892594
"288",28.7,"Simu1","DIC",50,"cliver",2.36350199086629
"289",28.8,"Simu1","DIC",50,"cliver",1.75132973311926
"290",28.9,"Simu1","DIC",50,"cliver",1.13856829198141
"291",29,"Simu1","DIC",50,"cliver",0.526967420897589
"292",29.1,"Simu1","DIC",50,"cliver",0.00124920472055055
"293",29.2,"Simu1","DIC",50,"cliver",0.00117274914842329
"294",29.3,"Simu1","DIC",50,"cliver",0.00110251057196528
"295",29.4,"Simu1","DIC",50,"cliver",0.00103774096591355
"296",29.5,"Simu1","DIC",50,"cliver",0.00097791011642187
"297",29.6,"Simu1","DIC",50,"cliver",0.000922546570078059
"298",29.7,"Simu1","DIC",50,"cliver",0.000871242062066473
"299",29.8,"Simu1","DIC",50,"cliver",0.000823627761934358
"300",29.9,"Simu1","DIC",50,"cliver",0.000779378420610325
"301",30,"Simu1","DIC",50,"cliver",0.000738204830803251
"302",30.1,"Simu1","DIC",50,"cliver",0.000699844213044014
"303",30.2,"Simu1","DIC",50,"cliver",0.000664065922962248
"304",30.3,"Simu1","DIC",50,"cliver",0.000630654911625
"305",30.4,"Simu1","DIC",50,"cliver",0.000599429996081839
"306",30.5,"Simu1","DIC",50,"cliver",0.000570202272798653
"307",30.6,"Simu1","DIC",50,"cliver",0.000542851178117996
"308",30.7,"Simu1","DIC",50,"cliver",0.000517182261087492
"309",30.8,"Simu1","DIC",50,"cliver",0.00049314883748257
"310",30.9,"Simu1","DIC",50,"cliver",0.000470488176044451
"311",31,"Simu1","DIC",50,"cliver",0.0004493625466056
"312",31.1,"Simu1","DIC",50,"cliver",0.000429163620215812
"313",31.2,"Simu1","DIC",50,"cliver",0.000410824297362294
"314",31.3,"Simu1","DIC",50,"cliver",0.000392768911789144
"315",31.4,"Simu1","DIC",50,"cliver",0.00037610806935551
"316",31.5,"Simu1","DIC",50,"cliver",0.000360363639047555
"317",31.6,"Simu1","DIC",50,"cliver",0.000345499767611935
"318",31.7,"Simu1","DIC",50,"cliver",0.000331461169703888
"319",31.8,"Simu1","DIC",50,"cliver",0.000318192420900357
"320",31.9,"Simu1","DIC",50,"cliver",0.000305643526075491
"321",32,"Simu1","DIC",50,"cliver",0.000365323118920404
"322",32.1,"Simu1","DIC",50,"cliver",0.228550495965078
"323",32.2,"Simu1","DIC",50,"cliver",1.45368307999504
"324",32.3,"Simu1","DIC",50,"cliver",3.07454879989771
"325",32.4,"Simu1","DIC",50,"cliver",4.71912953328507
"326",32.5,"Simu1","DIC",50,"cliver",6.25837585061613
"327",32.6,"Simu1","DIC",50,"cliver",7.65288603422509
"328",32.7,"Simu1","DIC",50,"cliver",8.89573929576683
"329",32.8,"Simu1","DIC",50,"cliver",9.99146183352529
"330",32.9,"Simu1","DIC",50,"cliver",10.9483185256119
"331",33,"Simu1","DIC",50,"cliver",11.7755072002249
"332",33.1,"Simu1","DIC",50,"cliver",12.4821571347105
"333",33.2,"Simu1","DIC",50,"cliver",13.0769837954432
"334",33.3,"Simu1","DIC",50,"cliver",13.5681925181192
"335",33.4,"Simu1","DIC",50,"cliver",13.9634654595527
"336",33.5,"Simu1","DIC",50,"cliver",14.2699559799483
"337",33.6,"Simu1","DIC",50,"cliver",14.4943768734966
"338",33.7,"Simu1","DIC",50,"cliver",14.6429465602138
"339",33.8,"Simu1","DIC",50,"cliver",14.7214794042094
"340",33.9,"Simu1","DIC",50,"cliver",14.7353940852295
"341",34,"Simu1","DIC",50,"cliver",14.6897495722317
"342",34.1,"Simu1","DIC",50,"cliver",14.589224151619
"343",34.2,"Simu1","DIC",50,"cliver",14.4381848178815
"344",34.3,"Simu1","DIC",50,"cliver",14.240707384319
"345",34.4,"Simu1","DIC",50,"cliver",14.0005829108215
"346",34.5,"Simu1","DIC",50,"cliver",13.7213352383719
"347",34.6,"Simu1","DIC",50,"cliver",13.4062407645193
"348",34.7,"Simu1","DIC",50,"cliver",13.0583462330396
"349",34.8,"Simu1","DIC",50,"cliver",12.6804832172261
"350",34.9,"Simu1","DIC",50,"cliver",12.2752838135566
"351",35,"Simu1","DIC",50,"cliver",11.8451946839122
"352",35.1,"Simu1","DIC",50,"cliver",11.3924873482144
"353",35.2,"Simu1","DIC",50,"cliver",10.9192689203451
"354",35.3,"Simu1","DIC",50,"cliver",10.4274941747771
"355",35.4,"Simu1","DIC",50,"cliver",9.91897690708175
"356",35.5,"Simu1","DIC",50,"cliver",9.3953994950092
"357",35.6,"Simu1","DIC",50,"cliver",8.85832134469061
"358",35.7,"Simu1","DIC",50,"cliver",8.30918714640094
"359",35.8,"Simu1","DIC",50,"cliver",7.74933504996647
"360",35.9,"Simu1","DIC",50,"cliver",7.18000439688387
"361",36,"Simu1","DIC",50,"cliver",6.60234286039127
"362",36.1,"Simu1","DIC",50,"cliver",6.01741320630396
"363",36.2,"Simu1","DIC",50,"cliver",5.42619997113074
"364",36.3,"Simu1","DIC",50,"cliver",4.82961627823467
"365",36.4,"Simu1","DIC",50,"cliver",4.22851110964556
"366",36.5,"Simu1","DIC",50,"cliver",3.62367781352283
"367",36.6,"Simu1","DIC",50,"cliver",3.01586574816433
"368",36.7,"Simu1","DIC",50,"cliver",2.40580005914933
"369",36.8,"Simu1","DIC",50,"cliver",1.79422224347278
"370",36.9,"Simu1","DIC",50,"cliver",1.18201095852365
"371",37,"Simu1","DIC",50,"cliver",0.570776781899537
"372",37.1,"Simu1","DIC",50,"cliver",0.00149076289160535
"373",37.2,"Simu1","DIC",50,"cliver",0.0011841035986829
"374",37.3,"Simu1","DIC",50,"cliver",0.00111355329741462
"375",37.4,"Simu1","DIC",50,"cliver",0.00104849732123705
"376",37.5,"Simu1","DIC",50,"cliver",0.00098840200858745
"377",37.6,"Simu1","DIC",50,"cliver",0.000932796784509414
"378",37.7,"Simu1","DIC",50,"cliver",0.000881266146560092
"379",37.8,"Simu1","DIC",50,"cliver",0.000833442269477809
"380",37.9,"Simu1","DIC",50,"cliver",0.000788997788286285
"381",38,"Simu1","DIC",50,"cliver",0.000747642085548328
"382",38.1,"Simu1","DIC",50,"cliver",0.000709111774227131
"383",38.2,"Simu1","DIC",50,"cliver",0.000673174446364607
"384",38.3,"Simu1","DIC",50,"cliver",0.000639614761889087
"385",38.4,"Simu1","DIC",50,"cliver",0.000608249794501236
"386",38.5,"Simu1","DIC",50,"cliver",0.000578893440622757
"387",38.6,"Simu1","DIC",50,"cliver",0.000551411436878472
"388",38.7,"Simu1","DIC",50,"cliver",0.00052563360703203
"389",38.8,"Simu1","DIC",50,"cliver",0.000501476947286544
"390",38.9,"Simu1","DIC",50,"cliver",0.000478737382613665
"391",39,"Simu1","DIC",50,"cliver",0.000457462337273455
"392",39.1,"Simu1","DIC",50,"cliver",0.00043726934474703
"393",39.2,"Simu1","DIC",50,"cliver",0.000418834251402703
"394",39.3,"Simu1","DIC",50,"cliver",0.000400123970927587
"395",39.4,"Simu1","DIC",50,"cliver",0.000383893918202587
"396",39.5,"Simu1","DIC",50,"cliver",0.000368073049496995
"397",39.6,"Simu1","DIC",50,"cliver",0.000353136063373575
"398",39.7,"Simu1","DIC",50,"cliver",0.000339028535846742
"399",39.8,"Simu1","DIC",50,"cliver",0.000325693229739617
"400",39.9,"Simu1","DIC",50,"cliver",0.000313080731531389
"401",40,"Simu1","DIC",50,"cliver",0.000372887231650394
"402",40.1,"Simu1","DIC",50,"cliver",0.229037362111861
"403",40.2,"Simu1","DIC",50,"cliver",1.45521895163655
"404",40.3,"Simu1","DIC",50,"cliver",3.07712426220659
"405",40.4,"Simu1","DIC",50,"cliver",4.72272842752632
"406",40.5,"Simu1","DIC",50,"cliver",6.26298183833927
"407",40.6,"Simu1","DIC",50,"cliver",7.65848304266918
"408",40.7,"Simu1","DIC",50,"cliver",8.90231151531791
"409",40.8,"Simu1","DIC",50,"cliver",9.99899411515565
"410",40.9,"Simu1","DIC",50,"cliver",10.9567957516091
"411",41,"Simu1","DIC",50,"cliver",11.7849167332799
"412",41.1,"Simu1","DIC",50,"cliver",12.4924834594512
"413",41.2,"Simu1","DIC",50,"cliver",13.0882279813445
"414",41.3,"Simu1","DIC",50,"cliver",13.5803245601329
"415",41.4,"Simu1","DIC",50,"cliver",13.976467194239
"416",41.5,"Simu1","DIC",50,"cliver",14.2838320317558
"417",41.6,"Simu1","DIC",50,"cliver",14.5091025945851
"418",41.7,"Simu1","DIC",50,"cliver",14.65851510155
"419",41.8,"Simu1","DIC",50,"cliver",14.7378816368277
"420",41.9,"Simu1","DIC",50,"cliver",14.7526169296437
"421",42,"Simu1","DIC",50,"cliver",14.7077652063013
"422",42.1,"Simu1","DIC",50,"cliver",14.6080228965131
"423",42.2,"Simu1","DIC",50,"cliver",14.4577628090547
"424",42.3,"Simu1","DIC",50,"cliver",14.2610560986053
"425",42.4,"Simu1","DIC",50,"cliver",14.0216898652881
"426",42.5,"Simu1","DIC",50,"cliver",13.7431873647119
"427",42.6,"Simu1","DIC",50,"cliver",13.4288277067795
"428",42.7,"Simu1","DIC",50,"cliver",13.0816603536956
"429",42.8,"Simu1","DIC",50,"cliver",12.7045182433365
"430",42.9,"Simu1","DIC",50,"cliver",12.3000326766005
"431",43,"Simu1","DIC",50,"cliver",11.8706482222966
"432",43.1,"Simu1","DIC",50,"cliver",11.4186356253862
"433",43.2,"Simu1","DIC",50,"cliver",10.9461029192623
"434",43.3,"Simu1","DIC",50,"cliver",10.4550059450169
"435",43.4,"Simu1","DIC",50,"cliver",9.94715874831774
"436",43.5,"Simu1","DIC",50,"cliver",9.42424349426952
"437",43.6,"Simu1","DIC",50,"cliver",8.88781955992097
"438",43.7,"Simu1","DIC",50,"cliver",8.33933189561035
"439",43.8,"Simu1","DIC",50,"cliver",7.78011892131101
"440",43.9,"Simu1","DIC",50,"cliver",7.21142008369196
"441",44,"Simu1","DIC",50,"cliver",6.63438305690132
"442",44.1,"Simu1","DIC",50,"cliver",6.05007060971259
"443",44.2,"Simu1","DIC",50,"cliver",5.45946727690092
"444",44.3,"Simu1","DIC",50,"cliver",4.8634860852798
"445",44.4,"Simu1","DIC",50,"cliver",4.2629757283298
"446",44.5,"Simu1","DIC",50,"cliver",3.65872895079778
"447",44.6,"Simu1","DIC",50,"cliver",3.05149389995585
"448",44.7,"Simu1","DIC",50,"cliver",2.44199307800341
"449",44.8,"Simu1","DIC",50,"cliver",1.83096185459325
"450",44.9,"Simu1","DIC",50,"cliver",1.21925741407475
"451",45,"Simu1","DIC",50,"cliver",0.608398229345625
"452",45.1,"Simu1","DIC",50,"cliver",0.0154329294187061
"453",45.2,"Simu1","DIC",50,"cliver",0.00119426639750448
"454",45.3,"Simu1","DIC",50,"cliver",0.00112345035156182
"455",45.4,"Simu1","DIC",50,"cliver",0.00105814877456779
"456",45.5,"Simu1","DIC",50,"cliver",0.000997827796293727
"457",45.6,"Simu1","DIC",50,"cliver",0.000942012419287269
"458",45.7,"Simu1","DIC",50,"cliver",0.000890288886646646
"459",45.8,"Simu1","DIC",50,"cliver",0.000842285877546429
"460",45.9,"Simu1","DIC",50,"cliver",0.000797674950156722
"461",46,"Simu1","DIC",50,"cliver",0.000756164486044166
"462",46.1,"Simu1","DIC",50,"cliver",0.00071748934655165
"463",46.2,"Simu1","DIC",50,"cliver",0.000681417051852125
"464",46.3,"Simu1","DIC",50,"cliver",0.000647730288039774
"465",46.4,"Simu1","DIC",50,"cliver",0.000616247204603344
"466",46.5,"Simu1","DIC",50,"cliver",0.00058677656807774
"467",46.6,"Simu1","DIC",50,"cliver",0.000559195553639371
"468",46.7,"Simu1","DIC",50,"cliver",0.000533311651740424
"469",46.8,"Simu1","DIC",50,"cliver",0.00050907430519234
"470",46.9,"Simu1","DIC",50,"cliver",0.000486222460137462
"471",47,"Simu1","DIC",50,"cliver",0.000464913846073141
"472",47.1,"Simu1","DIC",50,"cliver",0.000444542175523308
"473",47.2,"Simu1","DIC",50,"cliver",0.000426042228157355
"474",47.3,"Simu1","DIC",50,"cliver",0.000407947982982704
"475",47.4,"Simu1","DIC",50,"cliver",0.000391023095920134
"476",47.5,"Simu1","DIC",50,"cliver",0.000375136446243192
"477",47.6,"Simu1","DIC",50,"cliver",0.000360138757888182
"478",47.7,"Simu1","DIC",50,"cliver",0.000345972435462701
"479",47.8,"Simu1","DIC",50,"cliver",0.000332582077713582
"480",47.9,"Simu1","DIC",50,"cliver",0.000319916783868878
"481",48,"Simu1","DIC",50,"cliver",0.000379846288579903
"482",48.1,"Simu1","DIC",50,"cliver",0.22948466570878
"483",48.2,"Simu1","DIC",50,"cliver",1.45662945183127
"484",48.3,"Simu1","DIC",50,"cliver",3.07948998270156
"485",48.4,"Simu1","DIC",50,"cliver",4.72603522493881
"486",48.5,"Simu1","DIC",50,"cliver",6.26721538901546
"487",48.6,"Simu1","DIC",50,"cliver",7.66362924142002
"488",48.7,"Simu1","DIC",50,"cliver",8.90835655254293
"489",48.8,"Simu1","DIC",50,"cliver",10.005924494749
"490",48.9,"Simu1","DIC",50,"cliver",10.9645983026843
"491",49,"Simu1","DIC",50,"cliver",11.7935783227972
"492",49.1,"Simu1","DIC",50,"cliver",12.5019913314577
"493",49.2,"Simu1","DIC",50,"cliver",13.098554919344
"494",49.3,"Simu1","DIC",50,"cliver",13.5914751404529
"495",49.4,"Simu1","DIC",50,"cliver",13.9884297791445
"496",49.5,"Simu1","DIC",50,"cliver",14.2965912772787
"497",49.6,"Simu1","DIC",50,"cliver",14.5226533704344
"498",49.7,"Simu1","DIC",50,"cliver",14.6728445819877
"499",49.8,"Simu1","DIC",50,"cliver",14.7529787527551
"500",49.9,"Simu1","DIC",50,"cliver",14.7684714161158
"501",50,"Simu1","DIC",50,"cliver",14.7243664577961
"502",50.1,"Simu1","DIC",50,"cliver",14.6253623637455
"503",50.2,"Simu1","DIC",50,"cliver",14.4758320413727
"504",50.3,"Simu1","DIC",50,"cliver",14.279845593689
"505",50.4,"Simu1","DIC",50,"cliver",14.0411910749901
"506",50.5,"Simu1","DIC",50,"cliver",13.7633923265365
"507",50.6,"Simu1","DIC",50,"cliver",13.4497261163157
"508",50.7,"Simu1","DIC",50,"cliver",13.1032410909621
"509",50.8,"Simu1","DIC",50,"cliver",12.7267724096577
"510",50.9,"Simu1","DIC",50,"cliver",12.3229533546612
"511",51,"Simu1","DIC",50,"cliver",11.8942284304717
"512",51.1,"Simu1","DIC",50,"cliver",11.4428675076577
"513",51.2,"Simu1","DIC",50,"cliver",10.9709784462337
"514",51.3,"Simu1","DIC",50,"cliver",10.4805176199701
"515",51.4,"Simu1","DIC",50,"cliver",9.97329954329641
"516",51.5,"Simu1","DIC",50,"cliver",9.45100646232144
"517",51.6,"Simu1","DIC",50,"cliver",8.91519770117264
"518",51.7,"Simu1","DIC",50,"cliver",8.36731828798746
"519",51.8,"Simu1","DIC",50,"cliver",7.80870682709241
"520",51.9,"Simu1","DIC",50,"cliver",7.24060290684421
"521",52,"Simu1","DIC",50,"cliver",6.66415424715318
"522",52.1,"Simu1","DIC",50,"cliver",6.08042360868671
"523",52.2,"Simu1","DIC",50,"cliver",5.49039549358644
"524",52.3,"Simu1","DIC",50,"cliver",4.89498283056772
"525",52.4,"Simu1","DIC",50,"cliver",4.29503406357859
"526",52.5,"Simu1","DIC",50,"cliver",3.69134141159
"527",52.6,"Simu1","DIC",50,"cliver",3.08465197200489
"528",52.7,"Simu1","DIC",50,"cliver",2.47568603484972
"529",52.8,"Simu1","DIC",50,"cliver",1.86517315414073
"530",52.9,"Simu1","DIC",50,"cliver",1.25395774882746
"531",53,"Simu1","DIC",50,"cliver",0.643470741856315
"532",53.1,"Simu1","DIC",50,"cliver",0.0446739652407393
"533",53.2,"Simu1","DIC",50,"cliver",0.00120385365865369
"534",53.3,"Simu1","DIC",50,"cliver",0.00113278846474659
"535",53.4,"Simu1","DIC",50,"cliver",0.00106725712337657
"536",53.5,"Simu1","DIC",50,"cliver",0.00100672471249237
"537",53.6,"Simu1","DIC",50,"cliver",0.000950714271899661
"538",53.7,"Simu1","DIC",50,"cliver",0.00089881020622274
"539",53.8,"Simu1","DIC",50,"cliver",0.000850639819988322
"540",53.9,"Simu1","DIC",50,"cliver",0.000805873376373746
"541",54,"Simu1","DIC",50,"cliver",0.000764218130594935
"542",54.1,"Simu1","DIC",50,"cliver",0.000725407960670273
"543",54.2,"Simu1","DIC",50,"cliver",0.000689209492236383
"544",54.3,"Simu1","DIC",50,"cliver",0.000655404626682259
"545",54.4,"Simu1","DIC",50,"cliver",0.000623810846368102
"546",54.5,"Simu1","DIC",50,"cliver",0.000594236325106981
"547",54.6,"Simu1","DIC",50,"cliver",0.000566557351059641
"548",54.7,"Simu1","DIC",50,"cliver",0.00054058158150647
"549",54.8,"Simu1","DIC",50,"cliver",0.000516257299146925
"550",54.9,"Simu1","DIC",50,"cliver",0.000493323817719561
"551",55,"Simu1","DIC",50,"cliver",0.000471937497440094
"552",55.1,"Simu1","DIC",50,"cliver",0.000451492565845917
"553",55.2,"Simu1","DIC",50,"cliver",0.000432923972310822
"554",55.3,"Simu1","DIC",50,"cliver",0.000414834385231129
"555",55.4,"Simu1","DIC",50,"cliver",0.000397776855462606
"556",55.5,"Simu1","DIC",50,"cliver",0.000381829748620882
"557",55.6,"Simu1","DIC",50,"cliver",0.000366775538256039
"558",55.7,"Simu1","DIC",50,"cliver",0.000352555377528214
"559",55.8,"Simu1","DIC",50,"cliver",0.000339113724970642
"560",55.9,"Simu1","DIC",50,"cliver",0.000326399500903764
"561",56,"Simu1","DIC",50,"cliver",0.000386446900943462
"562",56.1,"Simu1","DIC",50,"cliver",0.22990831705009
"563",56.2,"Simu1","DIC",50,"cliver",1.4579645786124
"564",56.3,"Simu1","DIC",50,"cliver",3.08172918947871
"565",56.4,"Simu1","DIC",50,"cliver",4.72916529056251
"566",56.5,"Simu1","DIC",50,"cliver",6.27122291813897
"567",56.6,"Simu1","DIC",50,"cliver",7.66850104112772
"568",56.7,"Simu1","DIC",50,"cliver",8.91407970323912
"569",56.8,"Simu1","DIC",50,"cliver",10.0124863734985
"570",56.9,"Simu1","DIC",50,"cliver",10.9719865735905
"571",57,"Simu1","DIC",50,"cliver",11.801780484083
"572",57.1,"Simu1","DIC",50,"cliver",12.5109956081449
"573",57.2,"Simu1","DIC",50,"cliver",13.1083498640862
"574",57.3,"Simu1","DIC",50,"cliver",13.602048377244
"575",57.4,"Simu1","DIC",50,"cliver",13.9997741351186
"576",57.5,"Simu1","DIC",50,"cliver",14.3086937524923
"577",57.6,"Simu1","DIC",50,"cliver",14.5355004299399
"578",57.7,"Simu1","DIC",50,"cliver",14.6864324496803
"579",57.8,"Simu1","DIC",50,"cliver",14.7672949154792
"580",57.9,"Simu1","DIC",50,"cliver",14.783505827938
"581",58,"Simu1","DIC",50,"cliver",14.7401104996831
"582",58.1,"Simu1","DIC",50,"cliver",14.6418057346754
"583",58.2,"Simu1","DIC",50,"cliver",14.4929649002072
"584",58.3,"Simu1","DIC",50,"cliver",14.297658146128
"585",58.4,"Simu1","DIC",50,"cliver",14.0596731733912
"586",58.5,"Simu1","DIC",50,"cliver",13.7825362312482
"587",58.6,"Simu1","DIC",50,"cliver",13.4695273019734
"588",58.7,"Simu1","DIC",50,"cliver",13.1236943955909
"589",58.8,"Simu1","DIC",50,"cliver",12.7478696470523
"590",58.9,"Simu1","DIC",50,"cliver",12.3446851614815
"591",59,"Simu1","DIC",50,"cliver",11.9165866792831
"592",59.1,"Simu1","DIC",50,"cliver",11.4658454380282
"593",59.2,"Simu1","DIC",50,"cliver",10.9945694650881
"594",59.3,"Simu1","DIC",50,"cliver",10.5047147057958
"595",59.4,"Simu1","DIC",50,"cliver",9.99809558804833
"596",59.5,"Simu1","DIC",50,"cliver",9.47639469837984
"597",59.6,"Simu1","DIC",50,"cliver",8.94117169330563
"598",59.7,"Simu1","DIC",50,"cliver",8.39387169741772
"599",59.8,"Simu1","DIC",50,"cliver",7.83583330532042
"600",59.9,"Simu1","DIC",50,"cliver",7.26829615103749
"601",60,"Simu1","DIC",50,"cliver",6.69240805512338
"602",60.1,"Simu1","DIC",50,"cliver",6.10923183973578
"603",60.2,"Simu1","DIC",50,"cliver",5.51975197444255
"604",60.3,"Simu1","DIC",50,"cliver",4.92488126033632
"605",60.4,"Simu1","DIC",50,"cliver",4.32546789357197
"606",60.5,"Simu1","DIC",50,"cliver",3.72230361128775
"607",60.6,"Simu1","DIC",50,"cliver",3.11613452852549
"608",60.7,"Simu1","DIC",50,"cliver",2.50767880793493
"609",60.8,"Simu1","DIC",50,"cliver",1.89766187397768
"610",60.9,"Simu1","DIC",50,"cliver",1.28691268638109
"611",61,"Simu1","DIC",50,"cliver",0.676793677911856
"612",61.1,"Simu1","DIC",50,"cliver",0.0755940745298992
"613",61.2,"Simu1","DIC",50,"cliver",0.00121301445591308
"614",61.3,"Simu1","DIC",50,"cliver",0.00114170775787818
"615",61.4,"Simu1","DIC",50,"cliver",0.00107595591776476
"616",61.5,"Simu1","DIC",50,"cliver",0.00101522235958557
"617",61.6,"Simu1","DIC",50,"cliver",0.000959027901823319
"618",61.7,"Simu1","DIC",50,"cliver",0.000906951202148233
"619",61.8,"Simu1","DIC",50,"cliver",0.000858621812712313
"620",61.9,"Simu1","DIC",50,"cliver",0.000813706723805184
"621",62,"Simu1","DIC",50,"cliver",0.000771913596852764
"622",62.1,"Simu1","DIC",50,"cliver",0.00073297458062461
"623",62.2,"Simu1","DIC",50,"cliver",0.000696656117664729
"624",62.3,"Simu1","DIC",50,"cliver",0.000662738757210262
"625",62.4,"Simu1","DIC",50,"cliver",0.000631039212018697
"626",62.5,"Simu1","DIC",50,"cliver",0.0006013682559554
"627",62.6,"Simu1","DIC",50,"cliver",0.000573597825415352
"628",62.7,"Simu1","DIC",50,"cliver",0.000547532539534259
"629",62.8,"Simu1","DIC",50,"cliver",0.000523115741002789
"630",62.9,"Simu1","DIC",50,"cliver",0.000500121244314197
"631",63,"Simu1","DIC",50,"cliver",0.000478623539127277
"632",63.1,"Simu1","DIC",50,"cliver",0.000458203757019564
"633",63.2,"Simu1","DIC",50,"cliver",0.000439379617344058
"634",63.3,"Simu1","DIC",50,"cliver",0.000421132118885933
"635",63.4,"Simu1","DIC",50,"cliver",0.000404216118432514
"636",63.5,"Simu1","DIC",50,"cliver",0.000388297370941258
"637",63.6,"Simu1","DIC",50,"cliver",0.000373194286206466
"638",63.7,"Simu1","DIC",50,"cliver",0.000358814639683146
"639",63.8,"Simu1","DIC",50,"cliver",0.00034538100192045
"640",63.9,"Simu1","DIC",50,"cliver",0.000332601614703487
"641",64,"Simu1","DIC",50,"cliver",0.000392759686840063
"642",64.1,"Simu1","DIC",50,"cliver",0.230310911362587
"643",64.2,"Simu1","DIC",50,"cliver",1.4592271628198
"644",64.3,"Simu1","DIC",50,"cliver",3.08384206663565
"645",64.4,"Simu1","DIC",50,"cliver",4.73211561250433
"646",64.5,"Simu1","DIC",50,"cliver",6.27499849321787
"647",64.6,"Simu1","DIC",50,"cliver",7.67309012663416
"648",64.7,"Simu1","DIC",50,"cliver",8.91947087205702
"649",64.8,"Simu1","DIC",50,"cliver",10.0186684556608
"650",64.9,"Simu1","DIC",50,"cliver",10.9789486460502
"651",65,"Simu1","DIC",50,"cliver",11.8095123013261
"652",65.1,"Simu1","DIC",50,"cliver",12.5194867270824
"653",65.2,"Simu1","DIC",50,"cliver",13.1175900073931
"654",65.3,"Simu1","DIC",50,"cliver",13.6120466781087
"655",65.4,"Simu1","DIC",50,"cliver",14.0105099133565
"656",65.5,"Simu1","DIC",50,"cliver",14.3201547129581
"657",65.6,"Simu1","DIC",50,"cliver",14.5476676467322
"658",65.7,"Simu1","DIC",50,"cliver",14.6992859630081
"659",65.8,"Simu1","DIC",50,"cliver",14.7808269495086
"660",65.9,"Simu1","DIC",50,"cliver",14.7977136290052
"661",66,"Simu1","DIC",50,"cliver",14.7550012379772
"662",66.1,"Simu1","DIC",50,"cliver",14.6573666096296
"663",66.2,"Simu1","DIC",50,"cliver",14.5091819210512
"664",66.3,"Simu1","DIC",50,"cliver",14.3145237542135
"665",66.4,"Simu1","DIC",50,"cliver",14.0771833606293
"666",66.5,"Simu1","DIC",50,"cliver",13.8006848369916
"667",66.6,"Simu1","DIC",50,"cliver",13.4883053753826
"668",66.7,"Simu1","DIC",50,"cliver",13.1430924006431
"669",66.8,"Simu1","DIC",50,"cliver",12.7678782469998
"670",66.9,"Simu1","DIC",50,"cliver",12.3652963018565
"671",67,"Simu1","DIC",50,"cliver",11.9377940930613
"672",67.1,"Simu1","DIC",50,"cliver",11.487643475472
"673",67.2,"Simu1","DIC",50,"cliver",11.0169519631655
"674",67.3,"Simu1","DIC",50,"cliver",10.5276750226436
"675",67.4,"Simu1","DIC",50,"cliver",10.0216272054152
"676",67.5,"Simu1","DIC",50,"cliver",9.50049149062079
"677",67.6,"Simu1","DIC",50,"cliver",8.96582774668386
"678",67.7,"Simu1","DIC",50,"cliver",8.41908109911782
"679",67.8,"Simu1","DIC",50,"cliver",7.86158994347158
"680",67.9,"Simu1","DIC",50,"cliver",7.29459274263122
"681",68,"Simu1","DIC",50,"cliver",6.7192363008769
"682",68.1,"Simu1","DIC",50,"cliver",6.13658675444669
"683",68.2,"Simu1","DIC",50,"cliver",5.54763143741839
"684",68.3,"Simu1","DIC",50,"cliver",4.95328297923515
"685",68.4,"Simu1","DIC",50,"cliver",4.35438418204165
"686",68.5,"Simu1","DIC",50,"cliver",3.75172629407344
"687",68.6,"Simu1","DIC",50,"cliver",3.14605639858163
"688",68.7,"Simu1","DIC",50,"cliver",2.53809121508724
"689",68.8,"Simu1","DIC",50,"cliver",1.9285495173186
"690",68.9,"Simu1","DIC",50,"cliver",1.31824909184715
"691",69,"Simu1","DIC",50,"cliver",0.708494037026989
"692",69.1,"Simu1","DIC",50,"cliver",0.106011104299052
"693",69.2,"Simu1","DIC",50,"cliver",0.00122179002790602
"694",69.3,"Simu1","DIC",50,"cliver",0.00115025663919961
"695",69.4,"Simu1","DIC",50,"cliver",0.00108429664028611
"696",69.5,"Simu1","DIC",50,"cliver",0.00102336947003897
"697",69.6,"Simu1","DIC",50,"cliver",0.000966995968082834
"698",69.7,"Simu1","DIC",50,"cliver",0.000914754970348786
"699",69.8,"Simu1","DIC",50,"cliver",0.000866272411690098
"700",69.9,"Simu1","DIC",50,"cliver",0.00082121592595916
"701",70,"Simu1","DIC",50,"cliver",0.000779290586855007
"702",70.1,"Simu1","DIC",50,"cliver",0.000740228771205479
"703",70.2,"Simu1","DIC",50,"cliver",0.000703795016877075
"704",70.3,"Simu1","DIC",50,"cliver",0.000669770278406336
"705",70.4,"Simu1","DIC",50,"cliver",0.000637969981961175
"706",70.5,"Simu1","DIC",50,"cliver",0.000608203330001288
"707",70.6,"Simu1","DIC",50,"cliver",0.000580338731317853
"708",70.7,"Simu1","DIC",50,"cliver",0.000554195764518558
"709",70.8,"Simu1","DIC",50,"cliver",0.000529703048988077
"710",70.9,"Simu1","DIC",50,"cliver",0.000506630525759397
"711",71,"Simu1","DIC",50,"cliver",0.000485075398215917
"712",71.1,"Simu1","DIC",50,"cliver",0.000464542017439344
"713",71.2,"Simu1","DIC",50,"cliver",0.0004457452481692
"714",71.3,"Simu1","DIC",50,"cliver",0.00042708603180129
"715",71.4,"Simu1","DIC",50,"cliver",0.000410430735117514
"716",71.5,"Simu1","DIC",50,"cliver",0.000394367874377739
"717",71.6,"Simu1","DIC",50,"cliver",0.000379209754025076
"718",71.7,"Simu1","DIC",50,"cliver",0.000364889497693474
"719",71.8,"Simu1","DIC",50,"cliver",0.000351352710542088
"720",71.9,"Simu1","DIC",50,"cliver",0.000338547703545329
"721",72,"Simu1","DIC",50,"cliver",0.000398817515684385
"722",72.1,"Simu1","DIC",50,"cliver",0.230700456165995
"723",72.2,"Simu1","DIC",50,"cliver",1.46045861132758
"724",72.3,"Simu1","DIC",50,"cliver",3.08591136160638
"725",72.4,"Simu1","DIC",50,"cliver",4.73501104787524
"726",72.5,"Simu1","DIC",50,"cliver",6.27870739383343
"727",72.6,"Simu1","DIC",50,"cliver",7.67759974757735
"728",72.7,"Simu1","DIC",50,"cliver",8.92476866029727
"729",72.8,"Simu1","DIC",50,"cliver",10.0247421526316
"730",72.9,"Simu1","DIC",50,"cliver",10.9857862728204
"731",73,"Simu1","DIC",50,"cliver",11.8171014363049
"732",73.1,"Simu1","DIC",50,"cliver",12.5278158862447
"733",73.2,"Simu1","DIC",50,"cliver",13.1266488158593
"734",73.3,"Simu1","DIC",50,"cliver",13.6218052836488
"735",73.4,"Simu1","DIC",50,"cliver",14.0209677508658
"736",73.5,"Simu1","DIC",50,"cliver",14.3313076850914
"737",73.6,"Simu1","DIC",50,"cliver",14.5595056114344
"738",73.7,"Simu1","DIC",50,"cliver",14.7118040956221
"739",73.8,"Simu1","DIC",50,"cliver",14.7940294988779
"740",73.9,"Simu1","DIC",50,"cliver",14.8115917019446
"741",74,"Simu1","DIC",50,"cliver",14.7695231919194
"742",74.1,"Simu1","DIC",50,"cliver",14.6725257785227
"743",74.2,"Simu1","DIC",50,"cliver",14.5249774594334
"744",74.3,"Simu1","DIC",50,"cliver",14.3309495179744
"745",74.4,"Simu1","DIC",50,"cliver",14.0942295253558
"746",74.5,"Simu1","DIC",50,"cliver",13.818341753584
"747",74.6,"Simu1","DIC",50,"cliver",13.5065636644703
"748",74.7,"Simu1","DIC",50,"cliver",13.1619439976703
"749",74.8,"Simu1","DIC",50,"cliver",12.7873182677854
"750",74.9,"Simu1","DIC",50,"cliver",12.3853204535738
"751",75,"Simu1","DIC",50,"cliver",11.9583957217238
"752",75.1,"Simu1","DIC",50,"cliver",11.5088143750027
"753",75.2,"Simu1","DIC",50,"cliver",11.0386846045207
"754",75.3,"Simu1","DIC",50,"cliver",10.549963180243
"755",75.4,"Simu1","DIC",50,"cliver",10.0444650770487
"756",75.5,"Simu1","DIC",50,"cliver",9.52387296948986
"757",75.6,"Simu1","DIC",50,"cliver",8.98974653214508
"758",75.7,"Simu1","DIC",50,"cliver",8.44353109361126
"759",75.8,"Simu1","DIC",50,"cliver",7.88656553931259
"760",75.9,"Simu1","DIC",50,"cliver",7.32008970679249
"761",76,"Simu1","DIC",50,"cliver",6.74525149469058
"762",76.1,"Simu1","DIC",50,"cliver",6.16311373603167
"763",76.2,"Simu1","DIC",50,"cliver",5.57466085805609
"764",76.3,"Simu1","DIC",50,"cliver",4.98080549436924
"765",76.4,"Simu1","DIC",50,"cliver",4.38239541988976
"766",76.5,"Simu1","DIC",50,"cliver",3.78022149949092
"767",76.6,"Simu1","DIC",50,"cliver",3.17502811351408
"768",76.7,"Simu1","DIC",50,"cliver",2.56752977447157
"769",76.8,"Simu1","DIC",50,"cliver",1.95844289249685
"770",76.9,"Simu1","DIC",50,"cliver",1.34857280821594
"771",77,"Simu1","DIC",50,"cliver",0.739170753667474
"772",77.1,"Simu1","DIC",50,"cliver",0.135906026515499
"773",77.2,"Simu1","DIC",50,"cliver",0.00123025443703171
"774",77.3,"Simu1","DIC",50,"cliver",0.00115850063805738
"775",77.4,"Simu1","DIC",50,"cliver",0.00109233780521852
"776",77.5,"Simu1","DIC",50,"cliver",0.00103122379373008
"777",77.6,"Simu1","DIC",50,"cliver",0.000974678371870413
"778",77.7,"Simu1","DIC",50,"cliver",0.000922277966309114
"779",77.8,"Simu1","DIC",50,"cliver",0.000873647702282181
"780",77.9,"Simu1","DIC",50,"cliver",0.000828454018992379
"781",78,"Simu1","DIC",50,"cliver",0.000786400906703733
"782",78.1,"Simu1","DIC",50,"cliver",0.000747220084278634
"783",78.2,"Simu1","DIC",50,"cliver",0.000710675020616407
"784",78.3,"Simu1","DIC",50,"cliver",0.000676546377896554
"785",78.4,"Simu1","DIC",50,"cliver",0.000644648344140652
"786",78.5,"Simu1","DIC",50,"cliver",0.00061479089558961
"787",78.6,"Simu1","DIC",50,"cliver",0.000586838681132658
"788",78.7,"Simu1","DIC",50,"cliver",0.000560616675236115
"789",78.8,"Simu1","DIC",50,"cliver",0.000536044292526437
"790",78.9,"Simu1","DIC",50,"cliver",0.000512906106185563
"791",79,"Simu1","DIC",50,"cliver",0.000491266175401354
"792",79.1,"Simu1","DIC",50,"cliver",0.00047070339938915
"793",79.2,"Simu1","DIC",50,"cliver",0.000451997568789649
"794",79.3,"Simu1","DIC",50,"cliver",0.000432838013151384
"795",79.4,"Simu1","DIC",50,"cliver",0.000416387267762464
"796",79.5,"Simu1","DIC",50,"cliver",0.000400280688307193
"797",79.6,"Simu1","DIC",50,"cliver",0.000385071690536936
"798",79.7,"Simu1","DIC",50,"cliver",0.00037070500750504
"799",79.8,"Simu1","DIC",50,"cliver",0.00035712299171352
"800",79.9,"Simu1","DIC",50,"cliver",0.000344275064396634
"801",80,"Simu1","DIC",50,"cliver",0.000404649083468873
"802",80.1,"Simu1","DIC",50,"cliver",0.231073055732412
"803",80.2,"Simu1","DIC",50,"cliver",1.46163067379308
"804",80.3,"Simu1","DIC",50,"cliver",3.08787643522284
"805",80.4,"Simu1","DIC",50,"cliver",4.73775762978115
"806",80.5,"Simu1","DIC",50,"cliver",6.28222383585258
"807",80.6,"Simu1","DIC",50,"cliver",7.6818745792283
"808",80.7,"Simu1","DIC",50,"cliver",8.92979064900841
"809",80.8,"Simu1","DIC",50,"cliver",10.030500323893
"810",80.9,"Simu1","DIC",50,"cliver",10.992269899074
"811",81,"Simu1","DIC",50,"cliver",11.8243000061474
"812",81.1,"Simu1","DIC",50,"cliver",12.5357192875514
"813",81.2,"Simu1","DIC",50,"cliver",13.1352470310635
"814",81.3,"Simu1","DIC",50,"cliver",13.6310886555944
"815",81.4,"Simu1","DIC",50,"cliver",14.0309288900381
"816",81.5,"Simu1","DIC",50,"cliver",14.3419348648169
"817",81.6,"Simu1","DIC",50,"cliver",14.5707951973084
"818",81.7,"Simu1","DIC",50,"cliver",14.7237543031443
"819",81.8,"Simu1","DIC",50,"cliver",14.8066211789651
"820",81.9,"Simu1","DIC",50,"cliver",14.8248073102819
"821",82,"Simu1","DIC",50,"cliver",14.7833606598887
"822",82.1,"Simu1","DIC",50,"cliver",14.6869802651459
"823",82.2,"Simu1","DIC",50,"cliver",14.5400395506857
"824",82.3,"Simu1","DIC",50,"cliver",14.3466102772512
"825",82.4,"Simu1","DIC",50,"cliver",14.1104806295195
"826",82.5,"Simu1","DIC",50,"cliver",13.8351747151533
"827",82.6,"Simu1","DIC",50,"cliver",13.5239726057375
"828",82.7,"Simu1","DIC",50,"cliver",13.1799247793069
"829",82.8,"Simu1","DIC",50,"cliver",12.8058650994166
"830",82.9,"Simu1","DIC",50,"cliver",12.4044256775792
"831",83,"Simu1","DIC",50,"cliver",11.9780518566187
"832",83.1,"Simu1","DIC",50,"cliver",11.5290151687147
"833",83.2,"Simu1","DIC",50,"cliver",11.0594244277063
"834",83.3,"Simu1","DIC",50,"cliver",10.5712362109767
"835",83.4,"Simu1","DIC",50,"cliver",10.0662652466713
"836",83.5,"Simu1","DIC",50,"cliver",9.54619433960309
"837",83.6,"Simu1","DIC",50,"cliver",9.01258346844732
"838",83.7,"Simu1","DIC",50,"cliver",8.46687813592182
"839",83.8,"Simu1","DIC",50,"cliver",7.9104172464042
"840",83.9,"Simu1","DIC",50,"cliver",7.34444064322517
"841",84,"Simu1","DIC",50,"cliver",6.77009628310531
"842",84.1,"Simu1","DIC",50,"cliver",6.18844705837536
"843",84.2,"Simu1","DIC",50,"cliver",5.60047738932339
"844",84.3,"Simu1","DIC",50,"cliver",5.00709981099332
"845",84.4,"Simu1","DIC",50,"cliver",4.40916189050742
"846",84.5,"Simu1","DIC",50,"cliver",3.80745409716623
"847",84.6,"Simu1","DIC",50,"cliver",3.2027200189967
"848",84.7,"Simu1","DIC",50,"cliver",2.59567246055692
"849",84.8,"Simu1","DIC",50,"cliver",1.98702509617701
"850",84.9,"Simu1","DIC",50,"cliver",1.37757186519811
"851",85,"Simu1","DIC",50,"cliver",0.768517981941837
"852",85.1,"Simu1","DIC",50,"cliver",0.164776092774944
"853",85.2,"Simu1","DIC",50,"cliver",0.00123840545450033
"854",85.3,"Simu1","DIC",50,"cliver",0.00116643630503509
"855",85.4,"Simu1","DIC",50,"cliver",0.00110007691389139
"856",85.5,"Simu1","DIC",50,"cliver",0.00103878418128827
"857",85.6,"Simu1","DIC",50,"cliver",0.000982073710947172
"858",85.7,"Simu1","DIC",50,"cliver",0.000929520587586343
"859",85.8,"Simu1","DIC",50,"cliver",0.000880749007548365
"860",85.9,"Simu1","DIC",50,"cliver",0.000835423140935489
"861",86,"Simu1","DIC",50,"cliver",0.000793247474980569
"862",86.1,"Simu1","DIC",50,"cliver",0.000753952036346275
"863",86.2,"Simu1","DIC",50,"cliver",0.000717300441004314
"864",86.3,"Simu1","DIC",50,"cliver",0.000683071664374439
"865",86.4,"Simu1","DIC",50,"cliver",0.00065107981708236
"866",86.5,"Simu1","DIC",50,"cliver",0.000621134973736752
"867",86.6,"Simu1","DIC",50,"cliver",0.000593104643568857
"868",86.7,"Simu1","DIC",50,"cliver",0.000566801582223987
"869",86.8,"Simu1","DIC",50,"cliver",0.000542150949370859
"870",86.9,"Simu1","DIC",50,"cliver",0.000518948430231943
"871",87,"Simu1","DIC",50,"cliver",0.000497232597036238
"872",87.1,"Simu1","DIC",50,"cliver",0.000476644339821334
"873",87.2,"Simu1","DIC",50,"cliver",0.000457572397294926
"874",87.3,"Simu1","DIC",50,"cliver",0.000439250188044744
"875",87.4,"Simu1","DIC",50,"cliver",0.00042210916108577
"876",87.5,"Simu1","DIC",50,"cliver",0.000406022827394068
"877",87.6,"Simu1","DIC",50,"cliver",0.000390799088394671
"878",87.7,"Simu1","DIC",50,"cliver",0.000376292597092827
"879",87.8,"Simu1","DIC",50,"cliver",0.000362693139021643
"880",87.9,"Simu1","DIC",50,"cliver",0.000349789863722065
"881",88,"Simu1","DIC",50,"cliver",0.000410269976193658
"882",88.1,"Simu1","DIC",50,"cliver",0.231431011756482
"883",88.2,"Simu1","DIC",50,"cliver",1.46275604887995
"884",88.3,"Simu1","DIC",50,"cliver",3.08976560833121
"885",88.4,"Simu1","DIC",50,"cliver",4.74039867228837
"886",88.5,"Simu1","DIC",50,"cliver",6.28560574864238
"887",88.6,"Simu1","DIC",50,"cliver",7.68598629382788
"888",88.7,"Simu1","DIC",50,"cliver",8.93462139925278
"889",88.8,"Simu1","DIC",50,"cliver",10.0360394102104
"890",88.9,"Simu1","DIC",50,"cliver",10.9985076471086
"891",89,"Simu1","DIC",50,"cliver",11.8312250309625
"892",89.1,"Simu1","DIC",50,"cliver",12.5433228634896
"893",89.2,"Simu1","DIC",50,"cliver",13.1435221066499
"894",89.3,"Simu1","DIC",50,"cliver",13.640022372634
"895",89.4,"Simu1","DIC",50,"cliver",14.0405120480654
"896",89.5,"Simu1","DIC",50,"cliver",14.3521529386099
"897",89.6,"Simu1","DIC",50,"cliver",14.5816470070397
"898",89.7,"Simu1","DIC",50,"cliver",14.7352185864226
"899",89.8,"Simu1","DIC",50,"cliver",14.8186869256712
"900",89.9,"Simu1","DIC",50,"cliver",14.8374799637896
"901",90,"Simu1","DIC",50,"cliver",14.7966442586675
"902",90.1,"Simu1","DIC",50,"cliver",14.7008606802524
"903",90.2,"Simu1","DIC",50,"cliver",14.5545042175325
"904",90.3,"Simu1","DIC",50,"cliver",14.3616520578073
"905",90.4,"Simu1","DIC",50,"cliver",14.1260950989405
"906",90.5,"Simu1","DIC",50,"cliver",13.8513576194816
"907",90.6,"Simu1","DIC",50,"cliver",13.5407175074077
"908",90.7,"Simu1","DIC",50,"cliver",13.1972226817216
"909",90.8,"Simu1","DIC",50,"cliver",12.8237059831643
"910",90.9,"Simu1","DIC",50,"cliver",12.4228017960511
"911",91,"Simu1","DIC",50,"cliver",11.9969581566892
"912",91.1,"Simu1","DIC",50,"cliver",11.5484470075469
"913",91.2,"Simu1","DIC",50,"cliver",11.0793760877518
"914",91.3,"Simu1","DIC",50,"cliver",10.591701366148
"915",91.4,"Simu1","DIC",50,"cliver",10.087238227014
"916",91.5,"Simu1","DIC",50,"cliver",9.56766907745684
"917",91.6,"Simu1","DIC",50,"cliver",9.03455267261337
"918",91.7,"Simu1","DIC",50,"cliver",8.48933403031704
"919",91.8,"Simu1","DIC",50,"cliver",7.93335515692675
"920",91.9,"Simu1","DIC",50,"cliver",7.36785912401084
"921",92,"Simu1","DIC",50,"cliver",6.79399516328081
"922",92.1,"Simu1","DIC",50,"cliver",6.21281953024155
"923",92.2,"Simu1","DIC",50,"cliver",5.62531609967571
"924",92.3,"Simu1","DIC",50,"cliver",5.03239926339634
"925",92.4,"Simu1","DIC",50,"cliver",4.43491736564591
"926",92.5,"Simu1","DIC",50,"cliver",3.83366042962811
"927",92.6,"Simu1","DIC",50,"cliver",3.22937104209439
"928",92.7,"Simu1","DIC",50,"cliver",2.62276052130115
"929",92.8,"Simu1","DIC",50,"cliver",2.01453652120088
"930",92.9,"Simu1","DIC",50,"cliver",1.40548520645348
"931",93,"Simu1","DIC",50,"cliver",0.796772634478517
"932",93.1,"Simu1","DIC",50,"cliver",0.192741243664984
"933",93.2,"Simu1","DIC",50,"cliver",0.00124627221512878
"934",93.3,"Simu1","DIC",50,"cliver",0.00117410297590267
"935",93.4,"Simu1","DIC",50,"cliver",0.00110755659688444
"936",93.5,"Simu1","DIC",50,"cliver",0.00104608971239617
"937",93.6,"Simu1","DIC",50,"cliver",0.000989218913969386
"938",93.7,"Simu1","DIC",50,"cliver",0.000936516887107383
"939",93.8,"Simu1","DIC",50,"cliver",0.000887607694212879
"940",93.9,"Simu1","DIC",50,"cliver",0.000842154829888519
"941",94,"Simu1","DIC",50,"cliver",0.000799860257639439
"942",94.1,"Simu1","DIC",50,"cliver",0.000760454689465971
"943",94.2,"Simu1","DIC",50,"cliver",0.000723699174779714
"944",94.3,"Simu1","DIC",50,"cliver",0.000689374468602493
"945",94.4,"Simu1","DIC",50,"cliver",0.000657291018285825
"946",94.5,"Simu1","DIC",50,"cliver",0.000627262755962258
"947",94.6,"Simu1","DIC",50,"cliver",0.000599144549715155
"948",94.7,"Simu1","DIC",50,"cliver",0.000572774953055666
"949",94.8,"Simu1","DIC",50,"cliver",0.000548049686489441
"950",94.9,"Simu1","DIC",50,"cliver",0.000524791012308261
"951",95,"Simu1","DIC",50,"cliver",0.000502998660049194
"952",95.1,"Simu1","DIC",50,"cliver",0.000482358158362369
"953",95.2,"Simu1","DIC",50,"cliver",0.000463424484293611
"954",95.3,"Simu1","DIC",50,"cliver",0.000444394632242067
"955",95.4,"Simu1","DIC",50,"cliver",0.000427683680487468
"956",95.5,"Simu1","DIC",50,"cliver",0.000411479140004582
"957",95.6,"Simu1","DIC",50,"cliver",0.000396177101967772
"958",95.7,"Simu1","DIC",50,"cliver",0.000381720969071406
"959",95.8,"Simu1","DIC",50,"cliver",0.000368054163608413
"960",95.9,"Simu1","DIC",50,"cliver",0.000355125314824748
"961",96,"Simu1","DIC",50,"cliver",0.000415699255198232
"962",96.1,"Simu1","DIC",50,"cliver",0.231777865081226
"963",96.2,"Simu1","DIC",50,"cliver",1.46384606208995
"964",96.3,"Simu1","DIC",50,"cliver",3.09159028599459
"965",96.4,"Simu1","DIC",50,"cliver",4.7429482416336
"966",96.5,"Simu1","DIC",50,"cliver",6.28886920988122
"967",96.6,"Simu1","DIC",50,"cliver",7.68995304566587
"968",96.7,"Simu1","DIC",50,"cliver",8.93928098751745
"969",96.8,"Simu1","DIC",50,"cliver",10.0413818027388
"970",96.9,"Simu1","DIC",50,"cliver",11.0045222578062
"971",97,"Simu1","DIC",50,"cliver",11.8379034374809
"972",97.1,"Simu1","DIC",50,"cliver",12.5506545858205
"973",97.2,"Simu1","DIC",50,"cliver",13.1514953691633
"974",97.3,"Simu1","DIC",50,"cliver",13.6486325687228
"975",97.4,"Simu1","DIC",50,"cliver",14.0497570676848
"976",97.5,"Simu1","DIC",50,"cliver",14.3620350033559
"977",97.6,"Simu1","DIC",50,"cliver",14.5921371890703
"978",97.7,"Simu1","DIC",50,"cliver",14.7463093484192
"979",97.8,"Simu1","DIC",50,"cliver",14.8303696876803
"980",97.9,"Simu1","DIC",50,"cliver",14.849741555958
"981",98,"Simu1","DIC",50,"cliver",14.8094831119694
"982",98.1,"Simu1","DIC",50,"cliver",14.7142725870339
"983",98.2,"Simu1","DIC",50,"cliver",14.5684798335199
"984",98.3,"Simu1","DIC",50,"cliver",14.3761828366791
"985",98.4,"Simu1","DIC",50,"cliver",14.1411741403556
"986",98.5,"Simu1","DIC",50,"cliver",13.8669789175174
"987",98.6,"Simu1","DIC",50,"cliver",13.5568749154124
"988",98.7,"Simu1","DIC",50,"cliver",13.213910244321
"989",98.8,"Simu1","DIC",50,"cliver",12.8409178218139
"990",98.9,"Simu1","DIC",50,"cliver",12.440531203995
"991",99,"Simu1","DIC",50,"cliver",12.0151984628297
"992",99.1,"Simu1","DIC",50,"cliver",11.567192411231
"993",99.2,"Simu1","DIC",50,"cliver",11.0986213509257
"994",99.3,"Simu1","DIC",50,"cliver",10.6114411876946
"995",99.4,"Simu1","DIC",50,"cliver",10.1074668121178
"996",99.5,"Simu1","DIC",50,"cliver",9.5883816452991
"997",99.6,"Simu1","DIC",50,"cliver",9.05574606086146
"998",99.7,"Simu1","DIC",50,"cliver",8.5110056240477
"999",99.8,"Simu1","DIC",50,"cliver",7.95549927002984
"1000",99.9,"Simu1","DIC",50,"cliver",7.39046715799167
"1001",100,"Simu1","DIC",50,"cliver",6.81705754171866
"1002",100.1,"Simu1","DIC",50,"cliver",6.2363331366381
"1003",100.2,"Simu1","DIC",50,"cliver",5.64927825159755
"1004",100.3,"Simu1","DIC",50,"cliver",5.05680487384151
"1005",100.4,"Simu1","DIC",50,"cliver",4.45975994595884
"1006",100.5,"Simu1","DIC",50,"cliver",3.85893372962616
"1007",100.6,"Simu1","DIC",50,"cliver",3.25506890239207
"1008",100.7,"Simu1","DIC",50,"cliver",2.64887524470906
"1009",100.8,"Simu1","DIC",50,"cliver",2.04105889697853
"1010",100.9,"Simu1","DIC",50,"cliver",1.43239612268709
"1011",101,"Simu1","DIC",50,"cliver",0.824017107816978
"1012",101.1,"Simu1","DIC",50,"cliver",0.219811647014372
"1013",101.2,"Simu1","DIC",50,"cliver",0.00125388293174558
"1014",101.3,"Simu1","DIC",50,"cliver",0.00118151551032501
"1015",101.4,"Simu1","DIC",50,"cliver",0.00111478678506026
"1016",101.5,"Simu1","DIC",50,"cliver",0.00105315209687161
"1017",101.6,"Simu1","DIC",50,"cliver",0.000996126518883107
"1018",101.7,"Simu1","DIC",50,"cliver",0.000943281532203818
"1019",101.8,"Simu1","DIC",50,"cliver",0.000894239628581609
"1020",101.9,"Simu1","DIC",50,"cliver",0.000848663548786497
"1021",102,"Simu1","DIC",50,"cliver",0.000806254387985597
"1022",102.1,"Simu1","DIC",50,"cliver",0.00076674187484835
"1023",102.2,"Simu1","DIC",50,"cliver",0.000729886631024262
"1024",102.3,"Simu1","DIC",50,"cliver",0.000695468369058621
"1025",102.4,"Simu1","DIC",50,"cliver",0.000663297687055798
"1026",102.5,"Simu1","DIC",50,"cliver",0.000633186766354374
"1027",102.6,"Simu1","DIC",50,"cliver",0.000604992319637956
"1028",102.7,"Simu1","DIC",50,"cliver",0.000578548485814424
"1029",102.8,"Simu1","DIC",50,"cliver",0.00055375738762841
"1030",102.9,"Simu1","DIC",50,"cliver",0.000530429448300504
"1031",103,"Simu1","DIC",50,"cliver",0.000508584883124434
"1032",103.1,"Simu1","DIC",50,"cliver",0.000487869284871932
"1033",103.2,"Simu1","DIC",50,"cliver",0.000468922634130642
"1034",103.3,"Simu1","DIC",50,"cliver",0.000449742443080115
"1035",103.4,"Simu1","DIC",50,"cliver",0.000433050805223413
"1036",103.5,"Simu1","DIC",50,"cliver",0.000416799568696122
"1037",103.6,"Simu1","DIC",50,"cliver",0.000401453056578318
"1038",103.7,"Simu1","DIC",50,"cliver",0.000386954762755697
"1039",103.8,"Simu1","DIC",50,"cliver",0.00037324774340579
"1040",103.9,"Simu1","DIC",50,"cliver",0.000360280643403116
"1041",104,"Simu1","DIC",50,"cliver",0.000420949293929002
"1042",104.1,"Simu1","DIC",50,"cliver",0.232111556020468
"1043",104.2,"Simu1","DIC",50,"cliver",1.46489440345846
"1044",104.3,"Simu1","DIC",50,"cliver",3.09335031125879
"1045",104.4,"Simu1","DIC",50,"cliver",4.7454088429636
"1046",104.5,"Simu1","DIC",50,"cliver",6.29202013925475
"1047",104.6,"Simu1","DIC",50,"cliver",7.69378394982488
"1048",104.7,"Simu1","DIC",50,"cliver",8.94378179923677
"1049",104.8,"Simu1","DIC",50,"cliver",10.0465424887768
"1050",104.9,"Simu1","DIC",50,"cliver",11.0103333002205
"1051",105,"Simu1","DIC",50,"cliver",11.844355101467
"1052",105.1,"Simu1","DIC",50,"cliver",12.5577383809496
"1053",105.2,"Simu1","DIC",50,"cliver",13.15920447159
"1054",105.3,"Simu1","DIC",50,"cliver",13.6569581566803
"1055",105.4,"Simu1","DIC",50,"cliver",14.0586757373979
"1056",105.5,"Simu1","DIC",50,"cliver",14.3715371984421
"1057",105.6,"Simu1","DIC",50,"cliver",14.6022288513479
"1058",105.7,"Simu1","DIC",50,"cliver",14.7569940995416
"1059",105.8,"Simu1","DIC",50,"cliver",14.8416436498734
"1060",105.9,"Simu1","DIC",50,"cliver",14.8615891842576
"1061",106,"Simu1","DIC",50,"cliver",14.8218794510685
"1062",106.1,"Simu1","DIC",50,"cliver",14.7272138969144
"1063",106.2,"Simu1","DIC",50,"cliver",14.5819665980938
"1064",106.3,"Simu1","DIC",50,"cliver",14.3902095102294
"1065",106.4,"Simu1","DIC",50,"cliver",14.1557311718874
"1066",106.5,"Simu1","DIC",50,"cliver",13.8820564676723
"1067",106.6,"Simu1","DIC",50,"cliver",13.572466163904
"1068",106.7,"Simu1","DIC",50,"cliver",13.2300110829041
"1069",106.8,"Simu1","DIC",50,"cliver",12.8575253441627
"1070",106.9,"Simu1","DIC",50,"cliver",12.4576414661433
"1071",107,"Simu1","DIC",50,"cliver",12.0328052976923
"1072",107.1,"Simu1","DIC",50,"cliver",11.5852888254461
"1073",107.2,"Simu1","DIC",50,"cliver",11.1172012268144
"1074",107.3,"Simu1","DIC",50,"cliver",10.6304994113124
"1075",107.4,"Simu1","DIC",50,"cliver",10.1269984522933
"1076",107.5,"Simu1","DIC",50,"cliver",9.60838150004284
"1077",107.6,"Simu1","DIC",50,"cliver",9.07620884850925
"1078",107.7,"Simu1","DIC",50,"cliver",8.53192627549722
"1079",107.8,"Simu1","DIC",50,"cliver",7.97687292619346
"1080",107.9,"Simu1","DIC",50,"cliver",7.41228884981987
"1081",108,"Simu1","DIC",50,"cliver",6.83932215781332
"1082",108.1,"Simu1","DIC",50,"cliver",6.25903581935541
"1083",108.2,"Simu1","DIC",50,"cliver",5.67241421647273
"1084",108.3,"Simu1","DIC",50,"cliver",5.08036967006409
"1085",108.4,"Simu1","DIC",50,"cliver",4.48374924297543
"1086",108.5,"Simu1","DIC",50,"cliver",3.88334238199267
"1087",108.6,"Simu1","DIC",50,"cliver",3.27989064406003
"1088",108.7,"Simu1","DIC",50,"cliver",2.67410260875925
"1089",108.8,"Simu1","DIC",50,"cliver",2.06668200582136
"1090",108.9,"Simu1","DIC",50,"cliver",1.45839689069376
"1091",109,"Simu1","DIC",50,"cliver",0.850344361165517
"1092",109.1,"Simu1","DIC",50,"cliver",0.246054280843835
"1093",109.2,"Simu1","DIC",50,"cliver",0.00126126251223919
"1094",109.3,"Simu1","DIC",50,"cliver",0.00118869803718865
"1095",109.4,"Simu1","DIC",50,"cliver",0.00112179267907176
"1096",109.5,"Simu1","DIC",50,"cliver",0.00105999513853083
"1097",109.6,"Simu1","DIC",50,"cliver",0.00100281963815048
"1098",109.7,"Simu1","DIC",50,"cliver",0.000949834877232707
"1099",109.8,"Simu1","DIC",50,"cliver",0.000900664758070593
"1100",109.9,"Simu1","DIC",50,"cliver",0.000854969360075271
"1101",110,"Simu1","DIC",50,"cliver",0.000812448630296121
"1102",110.1,"Simu1","DIC",50,"cliver",0.000772832887454711
"1103",110.2,"Simu1","DIC",50,"cliver",0.000735880141801389
"1104",110.3,"Simu1","DIC",50,"cliver",0.000701372422788052
"1105",110.4,"Simu1","DIC",50,"cliver",0.000669114902544617
"1106",110.5,"Simu1","DIC",50,"cliver",0.000638927919603464
"1107",110.6,"Simu1","DIC",50,"cliver",0.000610652290461196
"1108",110.7,"Simu1","DIC",50,"cliver",0.000584148194248709
"1109",110.8,"Simu1","DIC",50,"cliver",0.000559274103912915
"1110",110.9,"Simu1","DIC",50,"cliver",0.000535912875871761
"1111",111,"Simu1","DIC",50,"cliver",0.000513954666950353
"1112",111.1,"Simu1","DIC",50,"cliver",0.000493288875984453
"1113",111.2,"Simu1","DIC",50,"cliver",0.000474042961535825
"1114",111.3,"Simu1","DIC",50,"cliver",0.00045540148650998
"1115",111.4,"Simu1","DIC",50,"cliver",0.000438235653291979
"1116",111.5,"Simu1","DIC",50,"cliver",0.000421952689008758
"1117",111.6,"Simu1","DIC",50,"cliver",0.00040656392512032
"1118",111.7,"Simu1","DIC",50,"cliver",0.000392024020664383
"1119",111.8,"Simu1","DIC",50,"cliver",0.000378278101912373
"1120",111.9,"Simu1","DIC",50,"cliver",0.000365273857480033
"1121",112,"Simu1","DIC",50,"cliver",0.00042603425732162
"1122",112.1,"Simu1","DIC",50,"cliver",0.232435426789241
"1123",112.2,"Simu1","DIC",50,"cliver",1.46591080600142
"1124",112.3,"Simu1","DIC",50,"cliver",3.09505094963898
"1125",112.4,"Simu1","DIC",50,"cliver",4.74778465677496
"1126",112.5,"Simu1","DIC",50,"cliver",6.29506092755606
"1127",112.6,"Simu1","DIC",50,"cliver",7.69747992124051
"1128",112.7,"Simu1","DIC",50,"cliver",8.94812329453893
"1129",112.8,"Simu1","DIC",50,"cliver",10.051520266359
"1130",112.9,"Simu1","DIC",50,"cliver",11.0159380504461
"1131",113,"Simu1","DIC",50,"cliver",11.8505781672544
"1132",113.1,"Simu1","DIC",50,"cliver",12.5645703728121
"1133",113.2,"Simu1","DIC",50,"cliver",13.1666346990176
"1134",113.3,"Simu1","DIC",50,"cliver",13.6649789191389
"1135",113.4,"Simu1","DIC",50,"cliver",14.0672831124967
"1136",113.5,"Simu1","DIC",50,"cliver",14.3807217565513
"1137",113.6,"Simu1","DIC",50,"cliver",14.6119880990493
"1138",113.7,"Simu1","DIC",50,"cliver",14.76731017651
"1139",113.8,"Simu1","DIC",50,"cliver",14.852504779736
"1140",113.9,"Simu1","DIC",50,"cliver",14.8730024173673
"1141",114,"Simu1","DIC",50,"cliver",14.8338381480893
"1142",114.1,"Simu1","DIC",50,"cliver",14.7397050500832
"1143",114.2,"Simu1","DIC",50,"cliver",14.5949823869954
"1144",114.3,"Simu1","DIC",50,"cliver",14.4037446608711
"1145",114.4,"Simu1","DIC",50,"cliver",14.1697814171204
"1146",114.5,"Simu1","DIC",50,"cliver",13.8966176102589
"1147",114.6,"Simu1","DIC",50,"cliver",13.5875319208919
"1148",114.7,"Simu1","DIC",50,"cliver",13.2455723994697
"1149",114.8,"Simu1","DIC",50,"cliver",12.8735735600754
"1150",114.9,"Simu1","DIC",50,"cliver",12.4741709807295
"1151",115,"Simu1","DIC",50,"cliver",12.0498122568797
"1152",115.1,"Simu1","DIC",50,"cliver",11.602768751702
"1153",115.2,"Simu1","DIC",50,"cliver",11.1351485189638
"1154",115.3,"Simu1","DIC",50,"cliver",10.6489083974535
"1155",115.4,"Simu1","DIC",50,"cliver",10.1458640635852
"1156",115.5,"Simu1","DIC",50,"cliver",9.62769906709534
"1157",115.6,"Simu1","DIC",50,"cliver",9.0959736639926
"1158",115.7,"Simu1","DIC",50,"cliver",8.55213350639841
"1159",115.8,"Simu1","DIC",50,"cliver",7.99751779075281
"1160",115.9,"Simu1","DIC",50,"cliver",7.43336672474938
"1161",116,"Simu1","DIC",50,"cliver",6.86082851785795
"1162",116.1,"Simu1","DIC",50,"cliver",6.28096613529426
"1163",116.2,"Simu1","DIC",50,"cliver",5.69476391150968
"1164",116.3,"Simu1","DIC",50,"cliver",5.10313410395062
"1165",116.4,"Simu1","DIC",50,"cliver",4.50692364644972
"1166",116.5,"Simu1","DIC",50,"cliver",3.90692169560786
"1167",116.6,"Simu1","DIC",50,"cliver",3.30386921479862
"1168",116.7,"Simu1","DIC",50,"cliver",2.69847357534656
"1169",116.8,"Simu1","DIC",50,"cliver",2.0914353230981
"1170",116.9,"Simu1","DIC",50,"cliver",1.48351528988813
"1171",117,"Simu1","DIC",50,"cliver",0.875782578469944
"1172",117.1,"Simu1","DIC",50,"cliver",0.271469876440244
"1173",117.2,"Simu1","DIC",50,"cliver",0.00126841038904219
"1174",117.3,"Simu1","DIC",50,"cliver",0.00119565979498258
"1175",117.4,"Simu1","DIC",50,"cliver",0.0011285827374484
"1176",117.5,"Simu1","DIC",50,"cliver",0.00106662748299277
"1177",117.6,"Simu1","DIC",50,"cliver",0.00100930622881465
"1178",117.7,"Simu1","DIC",50,"cliver",0.000956187807362438
"1179",117.8,"Simu1","DIC",50,"cliver",0.000906892546406864
"1180",117.9,"Simu1","DIC",50,"cliver",0.000861081161313507
"1181",118,"Simu1","DIC",50,"cliver",0.0008184530238989
"1182",118.1,"Simu1","DIC",50,"cliver",0.000778736390610864
"1183",118.2,"Simu1","DIC",50,"cliver",0.00074169048172031
"1184",118.3,"Simu1","DIC",50,"cliver",0.000707093901246112
"1185",118.4,"Simu1","DIC",50,"cliver",0.000674756060481072
"1186",118.5,"Simu1","DIC",50,"cliver",0.000644488399305332
"1187",118.6,"Simu1","DIC",50,"cliver",0.000616146407625637
"1188",118.7,"Simu1","DIC",50,"cliver",0.000589564150840886
"1189",118.8,"Simu1","DIC",50,"cliver",0.000564642065826795
"1190",118.9,"Simu1","DIC",50,"cliver",0.00054119128570005
"1191",119,"Simu1","DIC",50,"cliver",0.000519229584862379
"1192",119.1,"Simu1","DIC",50,"cliver",0.000498404659890905
"1193",119.2,"Simu1","DIC",50,"cliver",0.000479357759054193
"1194",119.3,"Simu1","DIC",50,"cliver",0.000460072097919133
"1195",119.4,"Simu1","DIC",50,"cliver",0.000443288716861995
"1196",119.5,"Simu1","DIC",50,"cliver",0.000426948491230956
"1197",119.6,"Simu1","DIC",50,"cliver",0.00041151735229458
"1198",119.7,"Simu1","DIC",50,"cliver",0.00039693847285498
"1199",119.8,"Simu1","DIC",50,"cliver",0.000383154760494561
"1200",119.9,"Simu1","DIC",50,"cliver",0.000370114535471541
"1201",120,"Simu1","DIC",50,"cliver",0.000430964340067383
"1202",120.1,"Simu1","DIC",50,"cliver",0.232747900825404
"1203",120.2,"Simu1","DIC",50,"cliver",1.46689144529471
"1204",120.3,"Simu1","DIC",50,"cliver",3.09669712379194
"1205",120.4,"Simu1","DIC",50,"cliver",4.75008593837947
"1206",120.5,"Simu1","DIC",50,"cliver",6.29800777267456
"1207",120.6,"Simu1","DIC",50,"cliver",7.70106267410909
"1208",120.7,"Simu1","DIC",50,"cliver",8.95233257289928
"1209",120.8,"Simu1","DIC",50,"cliver",10.05634670303
"1210",120.9,"Simu1","DIC",50,"cliver",11.0213727845229
"1211",121,"Simu1","DIC",50,"cliver",11.8566121157564
"1212",121.1,"Simu1","DIC",50,"cliver",12.5711959957004
"1213",121.2,"Simu1","DIC",50,"cliver",13.1738441434896
"1214",121.3,"Simu1","DIC",50,"cliver",13.6727638954974
"1215",121.4,"Simu1","DIC",50,"cliver",14.0756367318563
"1216",121.5,"Simu1","DIC",50,"cliver",14.3896354015648
"1217",121.6,"Simu1","DIC",50,"cliver",14.6214504550684
"1218",121.7,"Simu1","DIC",50,"cliver",14.7773201225289
"1219",121.8,"Simu1","DIC",50,"cliver",14.863057622113
"1220",121.9,"Simu1","DIC",50,"cliver",14.8840796268748
"1221",122,"Simu1","DIC",50,"cliver",14.8454334537236
"1222",122.1,"Simu1","DIC",50,"cliver",14.7518183353026
"1223",122.2,"Simu1","DIC",50,"cliver",14.6076083882153
"1224",122.3,"Simu1","DIC",50,"cliver",14.4168754689562
"1225",122.4,"Simu1","DIC",50,"cliver",14.1834094751633
"1226",122.5,"Simu1","DIC",50,"cliver",13.9107350174413
"1227",122.6,"Simu1","DIC",50,"cliver",13.6021308292281
"1228",122.7,"Simu1","DIC",50,"cliver",13.260648171657
"1229",122.8,"Simu1","DIC",50,"cliver",12.8891236199624
"1230",122.9,"Simu1","DIC",50,"cliver",12.4901910152228
"1231",123,"Simu1","DIC",50,"cliver",12.0662957908711
"1232",123.1,"Simu1","DIC",50,"cliver",11.6197093368004
"1233",123.2,"Simu1","DIC",50,"cliver",11.1525410338353
"1234",123.3,"Simu1","DIC",50,"cliver",10.6667484079365
"1235",123.4,"Simu1","DIC",50,"cliver",10.1641469072526
"1236",123.5,"Simu1","DIC",50,"cliver",9.64641974381959
"1237",123.6,"Simu1","DIC",50,"cliver",9.11512725800115
"1238",123.7,"Simu1","DIC",50,"cliver",8.57171541004234
"1239",123.8,"Simu1","DIC",50,"cliver",8.01752356995851
"1240",123.9,"Simu1","DIC",50,"cliver",7.45379193461719
"1241",124,"Simu1","DIC",50,"cliver",6.88166867954374
"1242",124.1,"Simu1","DIC",50,"cliver",6.30221679899896
"1243",124.2,"Simu1","DIC",50,"cliver",5.71642066383056
"1244",124.3,"Simu1","DIC",50,"cliver",5.12519248964289
"1245",124.4,"Simu1","DIC",50,"cliver",4.52937905350491
"1246",124.5,"Simu1","DIC",50,"cliver",3.92976920841772
"1247",124.6,"Simu1","DIC",50,"cliver",3.32710334325463
"1248",124.7,"Simu1","DIC",50,"cliver",2.72208763010936
"1249",124.8,"Simu1","DIC",50,"cliver",2.11542120730711
"1250",124.9,"Simu1","DIC",50,"cliver",1.50785664490206
"1251",125,"Simu1","DIC",50,"cliver",0.900436397224894
"1252",125.1,"Simu1","DIC",50,"cliver",0.296146310226814
"1253",125.2,"Simu1","DIC",50,"cliver",0.00127533465940932
"1254",125.3,"Simu1","DIC",50,"cliver",0.00120242332246186
"1255",125.4,"Simu1","DIC",50,"cliver",0.00113517803803786
"1256",125.5,"Simu1","DIC",50,"cliver",0.00107306601174201
"1257",125.6,"Simu1","DIC",50,"cliver",0.00101560306573644
"1258",125.7,"Simu1","DIC",50,"cliver",0.000962352196026243
"1259",125.8,"Simu1","DIC",50,"cliver",0.000912936453199256
"1260",125.9,"Simu1","DIC",50,"cliver",0.000867015619760481
"1261",126,"Simu1","DIC",50,"cliver",0.000824282519824418
"1262",126.1,"Simu1","DIC",50,"cliver",0.000784473985199149
"1263",126.2,"Simu1","DIC",50,"cliver",0.000747318704448139
"1264",126.3,"Simu1","DIC",50,"cliver",0.000712683575031573
"1265",126.4,"Simu1","DIC",50,"cliver",0.000680122648244356
"1266",126.5,"Simu1","DIC",50,"cliver",0.00065046328165897
"1267",126.6,"Simu1","DIC",50,"cliver",0.000621042571858617
"1268",126.7,"Simu1","DIC",50,"cliver",0.000594401733503432
"1269",126.8,"Simu1","DIC",50,"cliver",0.000569844172265666
"1270",126.9,"Simu1","DIC",50,"cliver",0.000546351358187951
"1271",127,"Simu1","DIC",50,"cliver",0.000524281370210253
"1272",127.1,"Simu1","DIC",50,"cliver",0.000503518181347637
"1273",127.2,"Simu1","DIC",50,"cliver",0.00048397045400231
"1274",127.3,"Simu1","DIC",50,"cliver",0.000465548734605609
"1275",127.4,"Simu1","DIC",50,"cliver",0.000448183071340886
"1276",127.5,"Simu1","DIC",50,"cliver",0.000431796526070123
"1277",127.6,"Simu1","DIC",50,"cliver",0.00041632719112487
"1278",127.7,"Simu1","DIC",50,"cliver",0.000401707917740445
"1279",127.8,"Simu1","DIC",50,"cliver",0.000387889560058539
"1280",127.9,"Simu1","DIC",50,"cliver",0.000374811482934012
"1281",128,"Simu1","DIC",50,"cliver",0.000435749210782264
"1282",128.1,"Simu1","DIC",50,"cliver",0.233051493062713
"1283",128.2,"Simu1","DIC",50,"cliver",1.4678435658127
"1284",128.3,"Simu1","DIC",50,"cliver",3.0982925675472
"1285",128.4,"Simu1","DIC",50,"cliver",4.75231541641405
"1286",128.5,"Simu1","DIC",50,"cliver",6.30086187587094
"1287",128.6,"Simu1","DIC",50,"cliver",7.70453213536992
"1288",128.7,"Simu1","DIC",50,"cliver",8.95640831775814
"1289",128.8,"Simu1","DIC",50,"cliver",10.0610198645921
"1290",128.9,"Simu1","DIC",50,"cliver",11.0266347057469
"1291",129,"Simu1","DIC",50,"cliver",11.8624543470833
"1292",129.1,"Simu1","DIC",50,"cliver",12.5776102941923
"1293",129.2,"Simu1","DIC",50,"cliver",13.1808224687741
"1294",129.3,"Simu1","DIC",50,"cliver",13.680298401388
"1295",129.4,"Simu1","DIC",50,"cliver",14.0837197686003
"1296",129.5,"Simu1","DIC",50,"cliver",14.3982595070036
"1297",129.6,"Simu1","DIC",50,"cliver",14.6306083488202
"1298",129.7,"Simu1","DIC",50,"cliver",14.7870047193888
"1299",129.8,"Simu1","DIC",50,"cliver",14.8732619875255
"1300",129.9,"Simu1","DIC",50,"cliver",14.8947969930735
"1301",130,"Simu1","DIC",50,"cliver",14.8566572790643
"1302",130.1,"Simu1","DIC",50,"cliver",14.7635422009374
"1303",130.2,"Simu1","DIC",50,"cliver",14.6198260184764
"1304",130.3,"Simu1","DIC",50,"cliver",14.4295807388619
"1305",130.4,"Simu1","DIC",50,"cliver",14.1965964102839
"1306",130.5,"Simu1","DIC",50,"cliver",13.9243977507865
"1307",130.6,"Simu1","DIC",50,"cliver",13.6162636632445
"1308",130.7,"Simu1","DIC",50,"cliver",13.2752455773043
"1309",130.8,"Simu1","DIC",50,"cliver",12.9041801933384
"1310",130.9,"Simu1","DIC",50,"cliver",12.5057014530914
"1311",131,"Simu1","DIC",50,"cliver",12.0822549022815
"1312",131.1,"Simu1","DIC",50,"cliver",11.6361120566427
"1313",131.2,"Simu1","DIC",50,"cliver",11.169382417258
"1314",131.3,"Simu1","DIC",50,"cliver",10.6840236154549
"1315",131.4,"Simu1","DIC",50,"cliver",10.1818511957648
"1316",131.5,"Simu1","DIC",50,"cliver",9.6645484645133
"1317",131.6,"Simu1","DIC",50,"cliver",9.13367585332876
"1318",131.7,"Simu1","DIC",50,"cliver",8.59067940569239
"1319",131.8,"Simu1","DIC",50,"cliver",8.03689856375159
"1320",131.9,"Simu1","DIC",50,"cliver",7.4735735844702
"1321",132,"Simu1","DIC",50,"cliver",6.90185268909117
"1322",132.1,"Simu1","DIC",50,"cliver",6.32279889722435
"1323",132.2,"Simu1","DIC",50,"cliver",5.73739657406772
"1324",132.3,"Simu1","DIC",50,"cliver",5.14655788156201
"1325",132.4,"Simu1","DIC",50,"cliver",4.55112946479567
"1326",132.5,"Simu1","DIC",50,"cliver",3.95189990721063
"1327",132.6,"Simu1","DIC",50,"cliver",3.34960906421403
"1328",132.7,"Simu1","DIC",50,"cliver",2.74496200960518
"1329",132.8,"Simu1","DIC",50,"cliver",2.1386553743126
"1330",132.9,"Simu1","DIC",50,"cliver",1.53143555925106
"1331",133,"Simu1","DIC",50,"cliver",0.924321115818889
"1332",133.1,"Simu1","DIC",50,"cliver",0.320088307182147
"1333",133.2,"Simu1","DIC",50,"cliver",0.00128209904076675
"1334",133.3,"Simu1","DIC",50,"cliver",0.00120898534786057
"1335",133.4,"Simu1","DIC",50,"cliver",0.00114158118743001
"1336",133.5,"Simu1","DIC",50,"cliver",0.00107932251031075
"1337",133.6,"Simu1","DIC",50,"cliver",0.00102172219426771
"1338",133.7,"Simu1","DIC",50,"cliver",0.000968347400864651
"1339",133.8,"Simu1","DIC",50,"cliver",0.000918812866999672
"1340",133.9,"Simu1","DIC",50,"cliver",0.00087277975947439
"1341",134,"Simu1","DIC",50,"cliver",0.000829944645419344
"1342",134.1,"Simu1","DIC",50,"cliver",0.000790035922043249
"1343",134.2,"Simu1","DIC",50,"cliver",0.000752809759995509
"1344",134.3,"Simu1","DIC",50,"cliver",0.000718046108012424
"1345",134.4,"Simu1","DIC",50,"cliver",0.000685548990868229
"1346",134.5,"Simu1","DIC",50,"cliver",0.000655136852797674
"1347",134.6,"Simu1","DIC",50,"cliver",0.00062665421876779
"1348",134.7,"Simu1","DIC",50,"cliver",0.00059994912867096
"1349",134.8,"Simu1","DIC",50,"cliver",0.000574883750956706
"1350",134.9,"Simu1","DIC",50,"cliver",0.000551343159392126
"1351",135,"Simu1","DIC",50,"cliver",0.000529221301592778
"1352",135.1,"Simu1","DIC",50,"cliver",0.000508398762823292
"1353",135.2,"Simu1","DIC",50,"cliver",0.000488825306090369
"1354",135.3,"Simu1","DIC",50,"cliver",0.000470451230768845
"1355",135.4,"Simu1","DIC",50,"cliver",0.00045285742461151
"1356",135.5,"Simu1","DIC",50,"cliver",0.000436355761650387
"1357",135.6,"Simu1","DIC",50,"cliver",0.000421040168196887
"1358",135.7,"Simu1","DIC",50,"cliver",0.000406605517245789
"1359",135.8,"Simu1","DIC",50,"cliver",0.000392489050121295
"1360",135.9,"Simu1","DIC",50,"cliver",0.000379378173133733
"1361",136,"Simu1","DIC",50,"cliver",0.000440399095228511
"1362",136.1,"Simu1","DIC",50,"cliver",0.233345996640805
"1363",136.2,"Simu1","DIC",50,"cliver",1.46876668277321
"1364",136.3,"Simu1","DIC",50,"cliver",3.0998392495742
"1365",136.4,"Simu1","DIC",50,"cliver",4.75447668610839
"1366",136.5,"Simu1","DIC",50,"cliver",6.30362863324003
"1367",136.6,"Simu1","DIC",50,"cliver",7.70789541707948
"1368",136.7,"Simu1","DIC",50,"cliver",8.96035934824564
"1369",136.8,"Simu1","DIC",50,"cliver",10.0655500666499
"1370",136.9,"Simu1","DIC",50,"cliver",11.0317357036864
"1371",137,"Simu1","DIC",50,"cliver",11.8681179705039
"1372",137.1,"Simu1","DIC",50,"cliver",12.5838285658287
"1373",137.2,"Simu1","DIC",50,"cliver",13.1875876095166
"1374",137.3,"Simu1","DIC",50,"cliver",13.6876028212132
"1375",137.4,"Simu1","DIC",50,"cliver",14.0915560636381
"1376",137.5,"Simu1","DIC",50,"cliver",14.4066204598969
"1377",137.6,"Simu1","DIC",50,"cliver",14.6394869259079
"1378",137.7,"Simu1","DIC",50,"cliver",14.7963940179045
"1379",137.8,"Simu1","DIC",50,"cliver",14.8831553406456
"1380",137.9,"Simu1","DIC",50,"cliver",14.9051879028593
"1381",138,"Simu1","DIC",50,"cliver",14.8675392841126
"1382",138.1,"Simu1","DIC",50,"cliver",14.7749091137277
"1383",138.2,"Simu1","DIC",50,"cliver",14.6316718160372
"1384",138.3,"Simu1","DIC",50,"cliver",14.4418995156732
"1385",138.4,"Simu1","DIC",50,"cliver",14.2093823782681
"1386",138.5,"Simu1","DIC",50,"cliver",13.9376453242564
"1387",138.6,"Simu1","DIC",50,"cliver",13.6299673133265
"1388",138.7,"Simu1","DIC",50,"cliver",13.2893998222111
"1389",138.8,"Simu1","DIC",50,"cliver",12.9187797205463
"1390",138.9,"Simu1","DIC",50,"cliver",12.5207411606343
"1391",139,"Simu1","DIC",50,"cliver",12.0977298234086
"1392",139.1,"Simu1","DIC",50,"cliver",11.6520172981335
"1393",139.2,"Simu1","DIC",50,"cliver",11.1857131675889
"1394",139.3,"Simu1","DIC",50,"cliver",10.7007751747356
"1395",139.4,"Simu1","DIC",50,"cliver",10.1990189784602
"1396",139.5,"Simu1","DIC",50,"cliver",9.68212797961552
"1397",139.6,"Simu1","DIC",50,"cliver",9.15166268861079
"1398",139.7,"Simu1","DIC",50,"cliver",8.60906922402424
"1399",139.8,"Simu1","DIC",50,"cliver",8.05568710065953
"1400",139.9,"Simu1","DIC",50,"cliver",7.49275663784303
"1401",140,"Simu1","DIC",50,"cliver",6.92142610184084
"1402",140.1,"Simu1","DIC",50,"cliver",6.34275853535141
"1403",140.2,"Simu1","DIC",50,"cliver",5.75773829842808
"1404",140.3,"Simu1","DIC",50,"cliver",5.16727750381925
"1405",140.4,"Simu1","DIC",50,"cliver",4.57222267364388
"1406",140.5,"Simu1","DIC",50,"cliver",3.97336213867134
"1407",140.6,"Simu1","DIC",50,"cliver",3.37143525662123
"1408",140.7,"Simu1","DIC",50,"cliver",2.76714608962315
"1409",140.8,"Simu1","DIC",50,"cliver",2.16118901868503
"1410",140.9,"Simu1","DIC",50,"cliver",1.55430437507554
"1411",141,"Simu1","DIC",50,"cliver",0.94748911772904
"1412",141.1,"Simu1","DIC",50,"cliver",0.343340092167073
"1413",141.2,"Simu1","DIC",50,"cliver",0.00128866013102754
"1414",141.3,"Simu1","DIC",50,"cliver",0.00121537156549227
"1415",141.4,"Simu1","DIC",50,"cliver",0.0011478092032735
"1416",141.5,"Simu1","DIC",50,"cliver",0.00108540720764715
"1417",141.6,"Simu1","DIC",50,"cliver",0.00102767442421075
"1418",141.7,"Simu1","DIC",50,"cliver",0.000974171725913746
"1419",141.8,"Simu1","DIC",50,"cliver",0.000924530522650803
"1420",141.9,"Simu1","DIC",50,"cliver",0.000878387689987519
"1421",142,"Simu1","DIC",50,"cliver",0.000835454437635129
"1422",142.1,"Simu1","DIC",50,"cliver",0.000795448618703539
"1423",142.2,"Simu1","DIC",50,"cliver",0.000758139466443686
"1424",142.3,"Simu1","DIC",50,"cliver",0.000723290931467761
"1425",142.4,"Simu1","DIC",50,"cliver",0.00069072480167762
"1426",142.5,"Simu1","DIC",50,"cliver",0.000660232403374423
"1427",142.6,"Simu1","DIC",50,"cliver",0.000631697421582837
"1428",142.7,"Simu1","DIC",50,"cliver",0.000604898949483556
"1429",142.8,"Simu1","DIC",50,"cliver",0.000579829162911385
"1430",142.9,"Simu1","DIC",50,"cliver",0.00055603302084676
"1431",143,"Simu1","DIC",50,"cliver",0.000534079666243342
"1432",143.1,"Simu1","DIC",50,"cliver",0.000513257107264268
"1433",143.2,"Simu1","DIC",50,"cliver",0.000493592584731802
"1434",143.3,"Simu1","DIC",50,"cliver",0.000474955324920894
"1435",143.4,"Simu1","DIC",50,"cliver",0.000457899351514626
"1436",143.5,"Simu1","DIC",50,"cliver",0.000441013664272442
"1437",143.6,"Simu1","DIC",50,"cliver",0.000425322325917455
"1438",143.7,"Simu1","DIC",50,"cliver",0.000410763783820295
"1439",143.8,"Simu1","DIC",50,"cliver",0.000397023076864606
"1440",143.9,"Simu1","DIC",50,"cliver",0.000383768672140529
"1441",144,"Simu1","DIC",50,"cliver",0.000444919217413211
"1442",144.1,"Simu1","DIC",50,"cliver",0.233632064247377
"1443",144.2,"Simu1","DIC",50,"cliver",1.4696629836381
"1444",144.3,"Simu1","DIC",50,"cliver",3.10134087282539
"1445",144.4,"Simu1","DIC",50,"cliver",4.75657490771188
"1446",144.5,"Simu1","DIC",50,"cliver",6.306314616551
"1447",144.6,"Simu1","DIC",50,"cliver",7.71116045945838
"1448",144.7,"Simu1","DIC",50,"cliver",8.96419492896076
"1449",144.8,"Simu1","DIC",50,"cliver",10.0699478586513
"1450",144.9,"Simu1","DIC",50,"cliver",11.0366875762324
"1451",145,"Simu1","DIC",50,"cliver",11.8736159911921
"1452",145.1,"Simu1","DIC",50,"cliver",12.5898649910877
"1453",145.2,"Simu1","DIC",50,"cliver",13.1941548873516
"1454",145.3,"Simu1","DIC",50,"cliver",13.6946935866694
"1455",145.4,"Simu1","DIC",50,"cliver",14.0991631302805
"1456",145.5,"Simu1","DIC",50,"cliver",14.4147368208627
"1457",145.6,"Simu1","DIC",50,"cliver",14.6481057533161
"1458",145.7,"Simu1","DIC",50,"cliver",14.8055086141374
"1459",145.8,"Simu1","DIC",50,"cliver",14.8927592379932
"1460",145.9,"Simu1","DIC",50,"cliver",14.9152747826051
"1461",146,"Simu1","DIC",50,"cliver",14.8781028655829
"1462",146.1,"Simu1","DIC",50,"cliver",14.7859433870839
"1463",146.2,"Simu1","DIC",50,"cliver",14.6431709436824
"1464",146.3,"Simu1","DIC",50,"cliver",14.4538577753824
"1465",146.4,"Simu1","DIC",50,"cliver",14.2217941576104
"1466",146.5,"Simu1","DIC",50,"cliver",13.9505052359392
"1467",146.6,"Simu1","DIC",50,"cliver",13.643270006489
"1468",146.7,"Simu1","DIC",50,"cliver",13.3031399550554
"1469",146.8,"Simu1","DIC",50,"cliver",12.9329521153665
"1470",146.9,"Simu1","DIC",50,"cliver",12.535340869161
"1471",147,"Simu1","DIC",50,"cliver",12.1127520407124
"1472",147.1,"Simu1","DIC",50,"cliver",11.6674572826299
"1473",147.2,"Simu1","DIC",50,"cliver",11.201566247276
"1474",147.3,"Simu1","DIC",50,"cliver",10.7170367861216
"1475",147.4,"Simu1","DIC",50,"cliver",10.2156846741805
"1476",147.5,"Simu1","DIC",50,"cliver",9.69919340612855
"1477",147.6,"Simu1","DIC",50,"cliver",9.16912356714
"1478",147.7,"Simu1","DIC",50,"cliver",8.62692134709744
"1479",147.8,"Simu1","DIC",50,"cliver",8.07392633180817
"1480",147.9,"Simu1","DIC",50,"cliver",7.51137890246945
"1481",148,"Simu1","DIC",50,"cliver",6.94042736976889
"1482",148.1,"Simu1","DIC",50,"cliver",6.36213479912279
"1483",148.2,"Simu1","DIC",50,"cliver",5.77748554625436
"1484",148.3,"Simu1","DIC",50,"cliver",5.18739167787526
"1485",148.4,"Simu1","DIC",50,"cliver",4.5926995996798
"1486",148.5,"Simu1","DIC",50,"cliver",3.99419740207565
"1487",148.6,"Simu1","DIC",50,"cliver",3.39262396873088
"1488",148.7,"Simu1","DIC",50,"cliver",2.78868239797233
"1489",148.8,"Simu1","DIC",50,"cliver",2.18306492477176
"1490",148.9,"Simu1","DIC",50,"cliver",1.57650641620432
"1491",149,"Simu1","DIC",50,"cliver",0.969983762614629
"1492",149.1,"Simu1","DIC",50,"cliver",0.365938603352716
"1493",149.2,"Simu1","DIC",50,"cliver",0.00129500434735182
"1494",149.3,"Simu1","DIC",50,"cliver",0.00122159389775746
"1495",149.4,"Simu1","DIC",50,"cliver",0.00115387233167229
"1496",149.5,"Simu1","DIC",50,"cliver",0.00109132815317487
"1497",149.6,"Simu1","DIC",50,"cliver",0.00103346372582861
"1498",149.7,"Simu1","DIC",50,"cliver",0.000979841159265807
"1499",149.8,"Simu1","DIC",50,"cliver",0.00093008260185234
"1500",149.9,"Simu1","DIC",50,"cliver",0.000883840501522132
"1501",150,"Simu1","DIC",50,"cliver",0.000840809344633703
"1502",150.1,"Simu1","DIC",50,"cliver",0.000800719445662957
"1503",150.2,"Simu1","DIC",50,"cliver",0.000763321602164456
"1504",150.3,"Simu1","DIC",50,"cliver",0.000728400843564351
"1505",150.4,"Simu1","DIC",50,"cliver",0.000695751325961357
"1506",150.5,"Simu1","DIC",50,"cliver",0.000665204632376356
"1507",150.6,"Simu1","DIC",50,"cliver",0.000636581424200285
"1508",150.7,"Simu1","DIC",50,"cliver",0.000609761268408681
"1509",150.8,"Simu1","DIC",50,"cliver",0.000584565655564993
"1510",150.9,"Simu1","DIC",50,"cliver",0.000560946609686936
"1511",151,"Simu1","DIC",50,"cliver",0.000538330520016699
"1512",151.1,"Simu1","DIC",50,"cliver",0.000517910436256066
"1513",151.2,"Simu1","DIC",50,"cliver",0.00049819784685185
"1514",151.3,"Simu1","DIC",50,"cliver",0.000479370117917114
"1515",151.4,"Simu1","DIC",50,"cliver",0.000462117787029512
"1516",151.5,"Simu1","DIC",50,"cliver",0.000445544806714994
"1517",151.6,"Simu1","DIC",50,"cliver",0.000429866437971857
"1518",151.7,"Simu1","DIC",50,"cliver",0.000415283955086635
"1519",151.8,"Simu1","DIC",50,"cliver",0.000401295524830802
"1520",151.9,"Simu1","DIC",50,"cliver",0.000388134085587712
"1521",152,"Simu1","DIC",50,"cliver",0.0004493164750652
"1522",152.1,"Simu1","DIC",50,"cliver",0.233910055179852
"1523",152.2,"Simu1","DIC",50,"cliver",1.47053359711242
"1524",152.3,"Simu1","DIC",50,"cliver",3.10279933756795
"1525",152.4,"Simu1","DIC",50,"cliver",4.75861275837785
"1526",152.5,"Simu1","DIC",50,"cliver",6.30892327937804
"1527",152.6,"Simu1","DIC",50,"cliver",7.71433149086562
"1528",152.7,"Simu1","DIC",50,"cliver",8.96792006176306
"1529",152.8,"Simu1","DIC",50,"cliver",10.0742190135173
"1530",152.9,"Simu1","DIC",50,"cliver",11.0414968642426
"1531",153,"Simu1","DIC",50,"cliver",11.8789557150042
"1532",153.1,"Simu1","DIC",50,"cliver",12.5957276374116
"1533",153.2,"Simu1","DIC",50,"cliver",13.2005331289851
"1534",153.3,"Simu1","DIC",50,"cliver",13.7015802746203
"1535",153.4,"Simu1","DIC",50,"cliver",14.1065512915837
"1536",153.5,"Simu1","DIC",50,"cliver",14.4226196556641
"1537",153.6,"Simu1","DIC",50,"cliver",14.6564766332
"1538",153.7,"Simu1","DIC",50,"cliver",14.8143610507783
"1539",153.8,"Simu1","DIC",50,"cliver",14.9020869688691
"1540",153.9,"Simu1","DIC",50,"cliver",14.9250716139718
"1541",154,"Simu1","DIC",50,"cliver",14.8883627476951
"1542",154.1,"Simu1","DIC",50,"cliver",14.796660470045
"1543",154.2,"Simu1","DIC",50,"cliver",14.6543395440158
"1544",154.3,"Simu1","DIC",50,"cliver",14.4654723350737
"1545",154.4,"Simu1","DIC",50,"cliver",14.2338492354681
"1546",154.5,"Simu1","DIC",50,"cliver",13.9629955888995
"1547",154.6,"Simu1","DIC",50,"cliver",13.6561904570852
"1548",154.7,"Simu1","DIC",50,"cliver",13.3164853609358
"1549",154.8,"Simu1","DIC",50,"cliver",12.9467174722524
"1550",154.9,"Simu1","DIC",50,"cliver",12.5495213614897
"1551",155,"Simu1","DIC",50,"cliver",12.1273429874043
"1552",155.1,"Simu1","DIC",50,"cliver",11.6824540798075
"1553",155.2,"Simu1","DIC",50,"cliver",11.2169643677221
"1554",155.3,"Simu1","DIC",50,"cliver",10.7328318039981
"1555",155.4,"Simu1","DIC",50,"cliver",10.2318722704697
"1556",155.5,"Simu1","DIC",50,"cliver",9.71576935273314
"1557",155.6,"Simu1","DIC",50,"cliver",9.18608371159389
"1558",155.7,"Simu1","DIC",50,"cliver",8.64426160756682
"1559",155.8,"Simu1","DIC",50,"cliver",8.09164269457616
"1560",155.9,"Simu1","DIC",50,"cliver",7.52946741310722
"1561",156,"Simu1","DIC",50,"cliver",6.95888411742211
"1562",156.1,"Simu1","DIC",50,"cliver",6.38095589622104
"1563",156.2,"Simu1","DIC",50,"cliver",5.79666710209528
"1564",156.3,"Simu1","DIC",50,"cliver",5.20692975830065
"1565",156.4,"Simu1","DIC",50,"cliver",4.61259015979423
"1566",156.5,"Simu1","DIC",50,"cliver",4.0144361681038
"1567",156.6,"Simu1","DIC",50,"cliver",3.41320621511764
"1568",156.7,"Simu1","DIC",50,"cliver",2.80960248003698
"1569",156.8,"Simu1","DIC",50,"cliver",2.20431514689865
"1570",156.9,"Simu1","DIC",50,"cliver",1.59807402927464
"1571",157,"Simu1","DIC",50,"cliver",0.991837578150739
"1572",157.1,"Simu1","DIC",50,"cliver",0.387911940344807
"1573",157.2,"Simu1","DIC",50,"cliver",0.00130123845190416
"1574",157.3,"Simu1","DIC",50,"cliver",0.00122764497119513
"1575",157.4,"Simu1","DIC",50,"cliver",0.00115979176032706
"1576",157.5,"Simu1","DIC",50,"cliver",0.00109709404609314
"1577",157.6,"Simu1","DIC",50,"cliver",0.00103910232891725
"1578",157.7,"Simu1","DIC",50,"cliver",0.000985361080136278
"1579",157.8,"Simu1","DIC",50,"cliver",0.000935493477874288
"1580",157.9,"Simu1","DIC",50,"cliver",0.000889152494783227
"1581",158,"Simu1","DIC",50,"cliver",0.000846027100500695
"1582",158.1,"Simu1","DIC",50,"cliver",0.000805849319451927
"1583",158.2,"Simu1","DIC",50,"cliver",0.000768370390698666
"1584",158.3,"Simu1","DIC",50,"cliver",0.000733371650506539
"1585",158.4,"Simu1","DIC",50,"cliver",0.000700652898009331
"1586",158.5,"Simu1","DIC",50,"cliver",0.000670035020076293
"1587",158.6,"Simu1","DIC",50,"cliver",0.000641355125726776
"1588",158.7,"Simu1","DIC",50,"cliver",0.000614465019528917
"1589",158.8,"Simu1","DIC",50,"cliver",0.000589230776353401
"1590",158.9,"Simu1","DIC",50,"cliver",0.000565529637543954
"1591",159,"Simu1","DIC",50,"cliver",0.000543249966951477
"1592",159.1,"Simu1","DIC",50,"cliver",0.000522289694774748
"1593",159.2,"Simu1","DIC",50,"cliver",0.000502555257896908
"1594",159.3,"Simu1","DIC",50,"cliver",0.0004839608909584
"1595",159.4,"Simu1","DIC",50,"cliver",0.000466427797258866
"1596",159.5,"Simu1","DIC",50,"cliver",0.000449883624420424
"1597",159.6,"Simu1","DIC",50,"cliver",0.000434261640219568
"1598",159.7,"Simu1","DIC",50,"cliver",0.000419500477052582
"1599",159.8,"Simu1","DIC",50,"cliver",0.000405543246947658
"1600",159.9,"Simu1","DIC",50,"cliver",0.000392337738717989
"1601",160,"Simu1","DIC",50,"cliver",0.000453597415036876
"1602",160.1,"Simu1","DIC",50,"cliver",0.234180086891388
"1603",160.2,"Simu1","DIC",50,"cliver",1.47137846417211
"1604",160.3,"Simu1","DIC",50,"cliver",3.10421413740746
"1605",160.4,"Simu1","DIC",50,"cliver",4.76058923399519
"1606",160.5,"Simu1","DIC",50,"cliver",6.3114531651225
"1607",160.6,"Simu1","DIC",50,"cliver",7.71740667567373
"1608",160.7,"Simu1","DIC",50,"cliver",8.97153260817498
"1609",160.8,"Simu1","DIC",50,"cliver",10.078361167123
"1610",160.9,"Simu1","DIC",50,"cliver",11.0461610518472
"1611",161,"Simu1","DIC",50,"cliver",11.8841345350673
"1612",161.1,"Simu1","DIC",50,"cliver",12.6014138733717
"1613",161.2,"Simu1","DIC",50,"cliver",13.2067197297516
"1614",161.3,"Simu1","DIC",50,"cliver",13.7082603637099
"1615",161.4,"Simu1","DIC",50,"cliver",14.1137181585293
"1616",161.5,"Simu1","DIC",50,"cliver",14.4302667475696
"1617",161.6,"Simu1","DIC",50,"cliver",14.6645975451184
"1618",161.7,"Simu1","DIC",50,"cliver",14.8229496034762
"1619",161.8,"Simu1","DIC",50,"cliver",14.9111369875418
"1620",161.9,"Simu1","DIC",50,"cliver",14.9345771685876
"1621",162,"Simu1","DIC",50,"cliver",14.8983182217046
"1622",162.1,"Simu1","DIC",50,"cliver",14.8070601880279
"1623",162.2,"Simu1","DIC",50,"cliver",14.665177902683
"1624",162.3,"Simu1","DIC",50,"cliver",14.4767438982627
"1625",162.4,"Simu1","DIC",50,"cliver",14.2455487421464
"1626",162.5,"Simu1","DIC",50,"cliver",13.9751177123458
"1627",162.6,"Simu1","DIC",50,"cliver",13.6687301683454
"1628",162.7,"Simu1","DIC",50,"cliver",13.3294379831564
"1629",162.8,"Simu1","DIC",50,"cliver",12.9600783814054
"1630",162.9,"Simu1","DIC",50,"cliver",12.5632858393604
"1631",163,"Simu1","DIC",50,"cliver",12.1415063588231
"1632",163.1,"Simu1","DIC",50,"cliver",11.6970118519938
"1633",163.2,"Simu1","DIC",50,"cliver",11.2319122131055
"1634",163.3,"Simu1","DIC",50,"cliver",10.7481654760358
"1635",163.4,"Simu1","DIC",50,"cliver",10.2475875727187
"1636",163.5,"Simu1","DIC",50,"cliver",9.73186216389593
"1637",163.6,"Simu1","DIC",50,"cliver",9.20255000541162
"1638",163.7,"Simu1","DIC",50,"cliver",8.66109744108573
"1639",163.8,"Simu1","DIC",50,"cliver",8.10884418508939
"1640",163.9,"Simu1","DIC",50,"cliver",7.54703072491462
"1641",164,"Simu1","DIC",50,"cliver",6.9768054552866
"1642",164.1,"Simu1","DIC",50,"cliver",6.39923149229007
"1643",164.2,"Simu1","DIC",50,"cliver",5.81529318836324
"1644",164.3,"Simu1","DIC",50,"cliver",5.22590252393329
"1645",164.4,"Simu1","DIC",50,"cliver",4.63190568586602
"1646",164.5,"Simu1","DIC",50,"cliver",4.03409031576272
"1647",164.6,"Simu1","DIC",50,"cliver",3.43319441152316
"1648",164.7,"Simu1","DIC",50,"cliver",2.82991926190573
"1649",164.8,"Simu1","DIC",50,"cliver",2.22495303125754
"1650",164.9,"Simu1","DIC",50,"cliver",1.61902083998487
"1651",165,"Simu1","DIC",50,"cliver",1.01306442546679
"1652",165.1,"Simu1","DIC",50,"cliver",0.409270740495767
"1653",165.2,"Simu1","DIC",50,"cliver",0.00130731212582727
"1654",165.3,"Simu1","DIC",50,"cliver",0.00123353775567517
"1655",165.4,"Simu1","DIC",50,"cliver",0.00116552572674586
"1656",165.5,"Simu1","DIC",50,"cliver",0.00110270983184737
"1657",165.6,"Simu1","DIC",50,"cliver",0.00104459539888564
"1658",165.7,"Simu1","DIC",50,"cliver",0.000990741956427074
"1659",165.8,"Simu1","DIC",50,"cliver",0.00094076731891272
"1660",165.9,"Simu1","DIC",50,"cliver",0.000894324800623745
"1661",166,"Simu1","DIC",50,"cliver",0.000851108372159338
"1662",166.1,"Simu1","DIC",50,"cliver",0.000810844873914692
"1663",166.2,"Simu1","DIC",50,"cliver",0.000773286262543259
"1664",166.3,"Simu1","DIC",50,"cliver",0.000738213478418644
"1665",166.4,"Simu1","DIC",50,"cliver",0.000705423668745875
"1666",166.5,"Simu1","DIC",50,"cliver",0.000674742396909298
"1667",166.6,"Simu1","DIC",50,"cliver",0.000645993967715666
"1668",166.7,"Simu1","DIC",50,"cliver",0.000619056798589704
"1669",166.8,"Simu1","DIC",50,"cliver",0.000593755700047142
"1670",166.9,"Simu1","DIC",50,"cliver",0.000570025920614617
"1671",167,"Simu1","DIC",50,"cliver",0.000547657073165572
"1672",167.1,"Simu1","DIC",50,"cliver",0.000526721911954624
"1673",167.2,"Simu1","DIC",50,"cliver",0.000506917376150419
"1674",167.3,"Simu1","DIC",50,"cliver",0.000488501991930471
"1675",167.4,"Simu1","DIC",50,"cliver",0.000470680224490123
"1676",167.5,"Simu1","DIC",50,"cliver",0.000454108052246468
"1677",167.6,"Simu1","DIC",50,"cliver",0.000438451431452607
"1678",167.7,"Simu1","DIC",50,"cliver",0.000423655477986531
"1679",167.8,"Simu1","DIC",50,"cliver",0.000409667194402715
"1680",167.9,"Simu1","DIC",50,"cliver",0.00039643144488827
"1681",168,"Simu1","DIC",50,"cliver",0.000457767498731134
"1682",168.1,"Simu1","DIC",50,"cliver",0.234443512440503
"1683",168.2,"Simu1","DIC",50,"cliver",1.47220326208646
"1684",168.3,"Simu1","DIC",50,"cliver",3.10559606119016
"1685",168.4,"Simu1","DIC",50,"cliver",4.76252031321643
"1686",168.5,"Simu1","DIC",50,"cliver",6.31392522573846
"1687",168.6,"Simu1","DIC",50,"cliver",7.72041163765418
"1688",168.7,"Simu1","DIC",50,"cliver",8.97506255635143
"1689",168.8,"Simu1","DIC",50,"cliver",10.0824083639381
"1690",168.9,"Simu1","DIC",50,"cliver",11.050717944344
"1691",169,"Simu1","DIC",50,"cliver",11.8891937721343
"1692",169.1,"Simu1","DIC",50,"cliver",12.6069680187365
"1693",169.2,"Simu1","DIC",50,"cliver",13.2127623948063
"1694",169.3,"Simu1","DIC",50,"cliver",13.7147821078816
"1695",169.4,"Simu1","DIC",50,"cliver",14.120714019263
"1696",169.5,"Simu1","DIC",50,"cliver",14.4377264603047
"1697",169.6,"Simu1","DIC",50,"cliver",14.6725273480846
"1698",169.7,"Simu1","DIC",50,"cliver",14.8313359506409
"1699",169.8,"Simu1","DIC",50,"cliver",14.9199712599193
"1700",169.9,"Simu1","DIC",50,"cliver",14.943849187039
"1701",170,"Simu1","DIC",50,"cliver",14.9080174717256
"1702",170.1,"Simu1","DIC",50,"cliver",14.8171854077997
"1703",170.2,"Simu1","DIC",50,"cliver",14.6757374535339
"1704",170.3,"Simu1","DIC",50,"cliver",14.4877306144903
"1705",170.4,"Simu1","DIC",50,"cliver",14.2569517048371
"1706",170.5,"Simu1","DIC",50,"cliver",13.9869320141894
"1707",170.6,"Simu1","DIC",50,"cliver",13.6809545404573
"1708",170.7,"Simu1","DIC",50,"cliver",13.3420695821022
"1709",170.8,"Simu1","DIC",50,"cliver",12.9731111816464
"1710",170.9,"Simu1","DIC",50,"cliver",12.5767134523516
"1711",171,"Simu1","DIC",50,"cliver",12.1553224575966
"1712",171.1,"Simu1","DIC",50,"cliver",11.7112105821033
"1713",171.2,"Simu1","DIC",50,"cliver",11.2464890359841
"1714",171.3,"Simu1","DIC",50,"cliver",10.7631169740386
"1715",171.4,"Simu1","DIC",50,"cliver",10.2629103175194
"1716",171.5,"Simu1","DIC",50,"cliver",9.74755218181698
"1717",171.6,"Simu1","DIC",50,"cliver",9.2186031161067
"1718",171.7,"Simu1","DIC",50,"cliver",8.67750969406971
"1719",171.8,"Simu1","DIC",50,"cliver",8.12561188809487
"1720",171.9,"Simu1","DIC",50,"cliver",7.56415023578154
"1721",172,"Simu1","DIC",50,"cliver",6.99427307098481
"1722",172.1,"Simu1","DIC",50,"cliver",6.41704349281483
"1723",172.2,"Simu1","DIC",50,"cliver",5.83344588685012
"1724",172.3,"Simu1","DIC",50,"cliver",5.24439222957121
"1725",172.4,"Simu1","DIC",50,"cliver",4.65072860329503
"1726",172.5,"Simu1","DIC",50,"cliver",4.05324241970864
"1727",172.6,"Simu1","DIC",50,"cliver",3.45267125229805
"1728",172.7,"Simu1","DIC",50,"cliver",2.84971554067203
"1729",172.8,"Simu1","DIC",50,"cliver",2.24506121383064
"1730",172.9,"Simu1","DIC",50,"cliver",1.63943000951511
"1731",173,"Simu1","DIC",50,"cliver",1.03374712353597
"1732",173.1,"Simu1","DIC",50,"cliver",0.43009409225847
"1733",173.2,"Simu1","DIC",50,"cliver",0.00131321552297389
"1734",173.3,"Simu1","DIC",50,"cliver",0.00123928626127013
"1735",173.4,"Simu1","DIC",50,"cliver",0.00117113178931735
"1736",173.5,"Simu1","DIC",50,"cliver",0.0011081848595208
"1737",173.6,"Simu1","DIC",50,"cliver",0.00104994955471496
"1738",173.7,"Simu1","DIC",50,"cliver",0.000995984360272469
"1739",173.8,"Simu1","DIC",50,"cliver",0.000945906237647258
"1740",173.9,"Simu1","DIC",50,"cliver",0.000899367604204
"1741",174,"Simu1","DIC",50,"cliver",0.000856061934744476
"1742",174.1,"Simu1","DIC",50,"cliver",0.000815715026561565
"1743",174.2,"Simu1","DIC",50,"cliver",0.000778078803846323
"1744",174.3,"Simu1","DIC",50,"cliver",0.000742932925764681
"1745",174.4,"Simu1","DIC",50,"cliver",0.000710075508910877
"1746",174.5,"Simu1","DIC",50,"cliver",0.000679329242540058
"1747",174.6,"Simu1","DIC",50,"cliver",0.000650522009857916
"1748",174.7,"Simu1","DIC",50,"cliver",0.000623526853663703
"1749",174.8,"Simu1","DIC",50,"cliver",0.000598175429986256
"1750",174.9,"Simu1","DIC",50,"cliver",0.000574389905635159
"1751",175,"Simu1","DIC",50,"cliver",0.000551983383504852
"1752",175.1,"Simu1","DIC",50,"cliver",0.000530984164442665
"1753",175.2,"Simu1","DIC",50,"cliver",0.000511211273455913
"1754",175.3,"Simu1","DIC",50,"cliver",0.000492590062020729
"1755",175.4,"Simu1","DIC",50,"cliver",0.000474825340304506
"1756",175.5,"Simu1","DIC",50,"cliver",0.000458226272117009
"1757",175.6,"Simu1","DIC",50,"cliver",0.000442534990256131
"1758",175.7,"Simu1","DIC",50,"cliver",0.000427706498435271
"1759",175.8,"Simu1","DIC",50,"cliver",0.000413686701030858
"1760",175.9,"Simu1","DIC",50,"cliver",0.000400421118808377
"1761",176,"Simu1","DIC",50,"cliver",0.000461831250593862
"1762",176.1,"Simu1","DIC",50,"cliver",0.234698425616593
"1763",176.2,"Simu1","DIC",50,"cliver",1.47299922758572
"1764",176.3,"Simu1","DIC",50,"cliver",3.10692569741918
"1765",176.4,"Simu1","DIC",50,"cliver",4.76437712308166
"1766",176.5,"Simu1","DIC",50,"cliver",6.31630149420843
"1767",176.6,"Simu1","DIC",50,"cliver",7.72330006211112
"1768",176.7,"Simu1","DIC",50,"cliver",8.97845589343386
"1769",176.8,"Simu1","DIC",50,"cliver",10.0862996535192
"1770",176.9,"Simu1","DIC",50,"cliver",11.0551003490797
"1771",177,"Simu1","DIC",50,"cliver",11.8940602981201
"1772",177.1,"Simu1","DIC",50,"cliver",12.6123123675012
"1773",177.2,"Simu1","DIC",50,"cliver",13.2185775372816
"1774",177.3,"Simu1","DIC",50,"cliver",13.7210643647148
"1775",177.4,"Simu1","DIC",50,"cliver",14.1274555437944
"1776",177.5,"Simu1","DIC",50,"cliver",14.4449250064849
"1777",177.6,"Simu1","DIC",50,"cliver",14.6801645287284
"1778",177.7,"Simu1","DIC",50,"cliver",14.8394132071785
"1779",177.8,"Simu1","DIC",50,"cliver",14.9284859736889
"1780",177.9,"Simu1","DIC",50,"cliver",14.9528001568157
"1781",178,"Simu1","DIC",50,"cliver",14.9174028906011
"1782",178.1,"Simu1","DIC",50,"cliver",14.8269958748683
"1783",178.2,"Simu1","DIC",50,"cliver",14.6859546941692
"1784",178.3,"Simu1","DIC",50,"cliver",14.4983519167304
"1785",178.4,"Simu1","DIC",50,"cliver",14.2679779453531
"1786",178.5,"Simu1","DIC",50,"cliver",13.9983595156741
"1787",178.6,"Simu1","DIC",50,"cliver",13.6927753564888
"1788",178.7,"Simu1","DIC",50,"cliver",13.3542758266398
"1789",178.8,"Simu1","DIC",50,"cliver",12.9856984104824
"1790",178.9,"Simu1","DIC",50,"cliver",12.5896792123601
"1791",179,"Simu1","DIC",50,"cliver",12.1686651044104
"1792",179.1,"Simu1","DIC",50,"cliver",11.7249277326955
"1793",179.2,"Simu1","DIC",50,"cliver",11.2605766277796
"1794",179.3,"Simu1","DIC",50,"cliver",10.7775700018124
"1795",179.4,"Simu1","DIC",50,"cliver",10.2777242315287
"1796",179.5,"Simu1","DIC",50,"cliver",9.76272324516147
"1797",179.6,"Simu1","DIC",50,"cliver",9.23412784824674
"1798",179.7,"Simu1","DIC",50,"cliver",8.69338442595896
"1799",179.8,"Simu1","DIC",50,"cliver",8.14183282787361
"1800",179.9,"Simu1","DIC",50,"cliver",7.58071370046493
"1801",180,"Simu1","DIC",50,"cliver",7.01117553460863
"1802",180.1,"Simu1","DIC",50,"cliver",6.43428147090554
"1803",180.2,"Simu1","DIC",50,"cliver",5.85101584212482
"1804",180.3,"Simu1","DIC",50,"cliver",5.26229055643884
"1805",180.4,"Simu1","DIC",50,"cliver",4.66895161420041
"1806",180.5,"Simu1","DIC",50,"cliver",4.07178625230947
"1807",180.6,"Simu1","DIC",50,"cliver",3.47153166235996
"1808",180.7,"Simu1","DIC",50,"cliver",2.86888750621839
"1809",180.8,"Simu1","DIC",50,"cliver",2.26453785274275
"1810",180.9,"Simu1","DIC",50,"cliver",1.65920032754842
"1811",181,"Simu1","DIC",50,"cliver",1.05378575794706
"1812",181.1,"Simu1","DIC",50,"cliver",0.450281941674754
"1813",181.2,"Simu1","DIC",50,"cliver",0.00131896204981332
"1814",181.3,"Simu1","DIC",50,"cliver",0.00124488523405346
"1815",181.4,"Simu1","DIC",50,"cliver",0.00117659217747057
"1816",181.5,"Simu1","DIC",50,"cliver",0.00111351773957907
"1817",181.6,"Simu1","DIC",50,"cliver",0.00105516488352148
"1818",181.7,"Simu1","DIC",50,"cliver",0.00100109098823164
"1819",181.8,"Simu1","DIC",50,"cliver",0.000950912155678645
"1820",181.9,"Simu1","DIC",50,"cliver",0.000904280017761665
"1821",182,"Simu1","DIC",50,"cliver",0.000860887286480436
"1822",182.1,"Simu1","DIC",50,"cliver",0.000820459321699905
"1823",182.2,"Simu1","DIC",50,"cliver",0.000782747298416885
"1824",182.3,"Simu1","DIC",50,"cliver",0.000747530727139579
"1825",182.4,"Simu1","DIC",50,"cliver",0.000714606729690009
"1826",182.5,"Simu1","DIC",50,"cliver",0.000683798633622394
"1827",182.6,"Simu1","DIC",50,"cliver",0.000654932320302953
"1828",182.7,"Simu1","DIC",50,"cliver",0.00062788287572138
"1829",182.8,"Simu1","DIC",50,"cliver",0.000602478207246369
"1830",182.9,"Simu1","DIC",50,"cliver",0.000578646386579627
"1831",183,"Simu1","DIC",50,"cliver",0.000556188932329072
"1832",183.1,"Simu1","DIC",50,"cliver",0.00053515533761696
"1833",183.2,"Simu1","DIC",50,"cliver",0.000515311540439722
"1834",183.3,"Simu1","DIC",50,"cliver",0.000496720576926754
"1835",183.4,"Simu1","DIC",50,"cliver",0.000478880863519017
"1836",183.5,"Simu1","DIC",50,"cliver",0.000462238183809838
"1837",183.6,"Simu1","DIC",50,"cliver",0.000446513453632757
"1838",183.7,"Simu1","DIC",50,"cliver",0.000431652942090533
"1839",183.8,"Simu1","DIC",50,"cliver",0.000417602923218416
"1840",183.9,"Simu1","DIC",50,"cliver",0.000404308432697941
"1841",184,"Simu1","DIC",50,"cliver",0.000465790424247345
"1842",184.1,"Simu1","DIC",50,"cliver",0.234947753042844
"1843",184.2,"Simu1","DIC",50,"cliver",1.47377886191888
"1844",184.3,"Simu1","DIC",50,"cliver",3.10823140617349
"1845",184.4,"Simu1","DIC",50,"cliver",4.76620130924204
"1846",184.5,"Simu1","DIC",50,"cliver",6.31863650656843
"1847",184.6,"Simu1","DIC",50,"cliver",7.72613834960004
"1848",184.7,"Simu1","DIC",50,"cliver",8.98179005910099
"1849",184.8,"Simu1","DIC",50,"cliver",10.0901224790608
"1850",184.9,"Simu1","DIC",50,"cliver",11.059404766994
"1851",185,"Simu1","DIC",50,"cliver",11.8988394269577
"1852",185.1,"Simu1","DIC",50,"cliver",12.6175594924319
"1853",185.2,"Simu1","DIC",50,"cliver",13.2242861006665
"1854",185.3,"Simu1","DIC",50,"cliver",13.7272279768664
"1855",185.4,"Simu1","DIC",50,"cliver",14.1340679698402
"1856",185.5,"Simu1","DIC",50,"cliver",14.4519801641082
"1857",185.6,"Simu1","DIC",50,"cliver",14.6876564918775
"1858",185.7,"Simu1","DIC",50,"cliver",14.8473361806606
"1859",185.8,"Simu1","DIC",50,"cliver",14.9368343444513
"1860",185.9,"Simu1","DIC",50,"cliver",14.9615683479945
"1861",186,"Simu1","DIC",50,"cliver",14.9265856975564
"1862",186.1,"Simu1","DIC",50,"cliver",14.8365880378453
"1863",186.2,"Simu1","DIC",50,"cliver",14.6959510524168
"1864",186.3,"Simu1","DIC",50,"cliver",14.5087474454253
"1865",186.4,"Simu1","DIC",50,"cliver",14.2787677832589
"1866",186.5,"Simu1","DIC",50,"cliver",14.0095388170113
"1867",186.6,"Simu1","DIC",50,"cliver",13.7043394403332
"1868",186.7,"Simu1","DIC",50,"cliver",13.3662202616405
"1869",186.8,"Simu1","DIC",50,"cliver",12.9980189041908
"1870",186.9,"Simu1","DIC",50,"cliver",12.6023714624079
"1871",187,"Simu1","DIC",50,"cliver",12.1817248310028
"1872",187.1,"Simu1","DIC",50,"cliver",11.7383507771186
"1873",187.2,"Simu1","DIC",50,"cliver",11.2743589739051
"1874",187.3,"Simu1","DIC",50,"cliver",10.791707729485
"1875",187.4,"Simu1","DIC",50,"cliver",10.292213481503
"1876",187.5,"Simu1","DIC",50,"cliver",9.77756022363142
"1877",187.6,"Simu1","DIC",50,"cliver",9.24930884108209
"1878",187.7,"Simu1","DIC",50,"cliver",8.70890579581504
"1879",187.8,"Simu1","DIC",50,"cliver",8.1576909983154
"1880",187.9,"Simu1","DIC",50,"cliver",7.59690514199566
"1881",188,"Simu1","DIC",50,"cliver",7.02769675553504
"1882",188.1,"Simu1","DIC",50,"cliver",6.45112900506663
"1883",188.2,"Simu1","DIC",50,"cliver",5.86818622625167
"1884",188.3,"Simu1","DIC",50,"cliver",5.2797802933681
"1885",188.4,"Simu1","DIC",50,"cliver",4.68675711557707
"1886",188.5,"Simu1","DIC",50,"cliver",4.08990374180822
"1887",188.6,"Simu1","DIC",50,"cliver",3.48995699468713
"1888",188.7,"Simu1","DIC",50,"cliver",2.88761579267663
"1889",188.8,"Simu1","DIC",50,"cliver",2.2835625473418
"1890",188.9,"Simu1","DIC",50,"cliver",1.67851090474934
"1891",189,"Simu1","DIC",50,"cliver",1.07335825677723
"1892",189.1,"Simu1","DIC",50,"cliver",0.470008289229258
"1893",189.2,"Simu1","DIC",50,"cliver",0.00132474312831813
"1894",189.3,"Simu1","DIC",50,"cliver",0.00125034806272139
"1895",189.4,"Simu1","DIC",50,"cliver",0.00118191975251292
"1896",189.5,"Simu1","DIC",50,"cliver",0.00111872064989499
"1897",189.6,"Simu1","DIC",50,"cliver",0.00106025225553518
"1898",189.7,"Simu1","DIC",50,"cliver",0.00100607509837048
"1899",189.8,"Simu1","DIC",50,"cliver",0.0009557965600217
"1900",189.9,"Simu1","DIC",50,"cliver",0.00090907355865991
"1901",190,"Simu1","DIC",50,"cliver",0.00086559520913664
"1902",190.1,"Simu1","DIC",50,"cliver",0.000825088371674792
"1903",190.2,"Simu1","DIC",50,"cliver",0.00078730193298639
"1904",190.3,"Simu1","DIC",50,"cliver",0.00075201687521481
"1905",190.4,"Simu1","DIC",50,"cliver",0.000719027145943989
"1906",190.5,"Simu1","DIC",50,"cliver",0.000688159599428029
"1907",190.6,"Simu1","DIC",50,"cliver",0.000659237154921028
"1908",190.7,"Simu1","DIC",50,"cliver",0.000632136912303713
"1909",190.8,"Simu1","DIC",50,"cliver",0.000606674065907933
"1910",190.9,"Simu1","DIC",50,"cliver",0.000582795275916645
"1911",191,"Simu1","DIC",50,"cliver",0.000560292364981895
"1912",191.1,"Simu1","DIC",50,"cliver",0.000539215294581669
"1913",191.2,"Simu1","DIC",50,"cliver",0.000519212324222074
"1914",191.3,"Simu1","DIC",50,"cliver",0.000500684686391162
"1915",191.4,"Simu1","DIC",50,"cliver",0.000482824387919091
"1916",191.5,"Simu1","DIC",50,"cliver",0.000466493225699844
"1917",191.6,"Simu1","DIC",50,"cliver",0.000450243975889749
"1918",191.7,"Simu1","DIC",50,"cliver",0.00043550176238713
"1919",191.8,"Simu1","DIC",50,"cliver",0.000421459984766225
"1920",191.9,"Simu1","DIC",50,"cliver",0.000408100477302824
"1921",192,"Simu1","DIC",50,"cliver",0.000469652028343852
"1922",192.1,"Simu1","DIC",50,"cliver",0.235191885599307
"1923",192.2,"Simu1","DIC",50,"cliver",1.4745432948588
"1924",192.3,"Simu1","DIC",50,"cliver",3.10951491977656
"1925",192.4,"Simu1","DIC",50,"cliver",4.76799528503733
"1926",192.5,"Simu1","DIC",50,"cliver",6.32093330195267
"1927",192.6,"Simu1","DIC",50,"cliver",7.72893015733408
"1928",192.7,"Simu1","DIC",50,"cliver",8.98506933210302
"1929",192.8,"Simu1","DIC",50,"cliver",10.0938817131265
"1930",192.9,"Simu1","DIC",50,"cliver",11.0636366963134
"1931",193,"Simu1","DIC",50,"cliver",11.9035372681559
"1932",193.1,"Simu1","DIC",50,"cliver",12.6227201968234
"1933",193.2,"Simu1","DIC",50,"cliver",13.2298989107367
"1934",193.3,"Simu1","DIC",50,"cliver",13.7332878264527
"1935",193.4,"Simu1","DIC",50,"cliver",14.1405705222236
"1936",193.5,"Simu1","DIC",50,"cliver",14.4589034168441
"1937",193.6,"Simu1","DIC",50,"cliver",14.6950043904935
"1938",193.7,"Simu1","DIC",50,"cliver",14.8550944943562
"1939",193.8,"Simu1","DIC",50,"cliver",14.9449958103759
"1940",193.9,"Simu1","DIC",50,"cliver",14.9701394207624
"1941",194,"Simu1","DIC",50,"cliver",14.9355727185701
"1942",194.1,"Simu1","DIC",50,"cliver",14.8459784224458
"1943",194.2,"Simu1","DIC",50,"cliver",14.7057335412096
"1944",194.3,"Simu1","DIC",50,"cliver",14.5189173467104
"1945",194.4,"Simu1","DIC",50,"cliver",14.2893226194009
"1946",194.5,"Simu1","DIC",50,"cliver",14.0204753821627
"1947",194.6,"Simu1","DIC",50,"cliver",13.7156551652446
"1948",194.7,"Simu1","DIC",50,"cliver",13.3779114455939
"1949",194.8,"Simu1","DIC",50,"cliver",13.0100787020464
"1950",194.9,"Simu1","DIC",50,"cliver",12.6147928562645
"1951",195,"Simu1","DIC",50,"cliver",12.1945034789714
"1952",195.1,"Simu1","DIC",50,"cliver",11.7514840080447
"1953",195.2,"Simu1","DIC",50,"cliver",11.2878435748549
"1954",195.3,"Simu1","DIC",50,"cliver",10.8055394443177
"1955",195.4,"Simu1","DIC",50,"cliver",10.3063879417794
"1956",195.5,"Simu1","DIC",50,"cliver",9.79207382197109
"1957",195.6,"Simu1","DIC",50,"cliver",9.26415773093009
"1958",195.7,"Simu1","DIC",50,"cliver",8.72408400841839
"1959",195.8,"Simu1","DIC",50,"cliver",8.17319416461129
"1960",195.9,"Simu1","DIC",50,"cliver",7.61272897219407
"1961",196,"Simu1","DIC",50,"cliver",7.0438450984203
"1962",196.1,"Simu1","DIC",50,"cliver",6.46760141427683
"1963",196.2,"Simu1","DIC",50,"cliver",5.88497721058194
"1964",196.3,"Simu1","DIC",50,"cliver",5.29688376906559
"1965",196.4,"Simu1","DIC",50,"cliver",4.70416856858688
"1966",196.5,"Simu1","DIC",50,"cliver",4.10761973294089
"1967",196.6,"Simu1","DIC",50,"cliver",3.50797404185196
"1968",196.7,"Simu1","DIC",50,"cliver",2.9059297539276
"1969",196.8,"Simu1","DIC",50,"cliver",2.30216564328665
"1970",196.9,"Simu1","DIC",50,"cliver",1.69739258798715
"1971",197,"Simu1","DIC",50,"cliver",1.09249573311713
"1972",197.1,"Simu1","DIC",50,"cliver",0.489304381978208
"1973",197.2,"Simu1","DIC",50,"cliver",0.00133003800419996
"1974",197.3,"Simu1","DIC",50,"cliver",0.00125568793812424
"1975",197.4,"Simu1","DIC",50,"cliver",0.00118712693863956
"1976",197.5,"Simu1","DIC",50,"cliver",0.00112380587717134
"1977",197.6,"Simu1","DIC",50,"cliver",0.00106522558504273
"1978",197.7,"Simu1","DIC",50,"cliver",0.00101094185336512
"1979",197.8,"Simu1","DIC",50,"cliver",0.000960568064499952
"1980",197.9,"Simu1","DIC",50,"cliver",0.000913755034892491
"1981",198,"Simu1","DIC",50,"cliver",0.000870193758810294
"1982",198.1,"Simu1","DIC",50,"cliver",0.000829608992461859
"1983",198.2,"Simu1","DIC",50,"cliver",0.000791750258668905
"1984",198.3,"Simu1","DIC",50,"cliver",0.000756397111480067
"1985",198.4,"Simu1","DIC",50,"cliver",0.00072334404639329
"1986",198.5,"Simu1","DIC",50,"cliver",0.000692416897423333
"1987",198.6,"Simu1","DIC",50,"cliver",0.00066343619544798
"1988",198.7,"Simu1","DIC",50,"cliver",0.000636280977974005
"1989",198.8,"Simu1","DIC",50,"cliver",0.000610773518604715
"1990",198.9,"Simu1","DIC",50,"cliver",0.00058685234720188
"1991",199,"Simu1","DIC",50,"cliver",0.000564296578756838
"1992",199.1,"Simu1","DIC",50,"cliver",0.000543196543644305
"1993",199.2,"Simu1","DIC",50,"cliver",0.000523171655344631
"1994",199.3,"Simu1","DIC",50,"cliver",0.000504726321670838
"1995",199.4,"Simu1","DIC",50,"cliver",0.000486696503143104
"1996",199.5,"Simu1","DIC",50,"cliver",0.000469972189573065
"1997",199.6,"Simu1","DIC",50,"cliver",0.000454181063827178
"1998",199.7,"Simu1","DIC",50,"cliver",0.000439261030566549
"1999",199.8,"Simu1","DIC",50,"cliver",0.000425152052676427
"2000",199.9,"Simu1","DIC",50,"cliver",0.000411801496989635
"2001",200,"Simu1","DIC",50,"cliver",0.00047342202691978
"2002",200.1,"Simu1","DIC",50,"cliver",0.235428842445032
"2003",200.2,"Simu1","DIC",50,"cliver",1.47528364356874
"2004",200.3,"Simu1","DIC",50,"cliver",3.11075457349994
"2005",200.4,"Simu1","DIC",50,"cliver",4.76972704364314
"2006",200.5,"Simu1","DIC",50,"cliver",6.32314987422122
"2007",200.6,"Simu1","DIC",50,"cliver",7.73162436347427
"2008",200.7,"Simu1","DIC",50,"cliver",8.9882341431364
"2009",200.8,"Simu1","DIC",50,"cliver",10.0975102605983
"2010",200.9,"Simu1","DIC",50,"cliver",11.0677222745041
"2011",201,"Simu1","DIC",50,"cliver",11.9080733344639
"2012",201.1,"Simu1","DIC",50,"cliver",12.6276993761413
"2013",201.2,"Simu1","DIC",50,"cliver",13.2353179222459
"2014",201.3,"Simu1","DIC",50,"cliver",13.7391359723855
"2015",201.4,"Simu1","DIC",50,"cliver",14.1468614813128
"2016",201.5,"Simu1","DIC",50,"cliver",14.465624149455
"2017",201.6,"Simu1","DIC",50,"cliver",14.7021314482483
"2018",201.7,"Simu1","DIC",50,"cliver",14.8626277854143
"2019",201.8,"Simu1","DIC",50,"cliver",14.9529410066132
"2020",201.9,"Simu1","DIC",50,"cliver",14.9784907869051
"2021",202,"Simu1","DIC",50,"cliver",14.9443083553405
"2022",202.1,"Simu1","DIC",50,"cliver",14.8550952094897
"2023",202.2,"Simu1","DIC",50,"cliver",14.7152331762285
"2024",202.3,"Simu1","DIC",50,"cliver",14.5287966789765
"2025",202.4,"Simu1","DIC",50,"cliver",14.2995755686219
"2026",202.5,"Simu1","DIC",50,"cliver",14.0310964633783
"2027",202.6,"Simu1","DIC",50,"cliver",13.7266388818926
"2028",202.7,"Simu1","DIC",50,"cliver",13.3892525265464
"2029",202.8,"Simu1","DIC",50,"cliver",13.0217745911507
"2030",202.9,"Simu1","DIC",50,"cliver",12.6268419033587
"2031",203,"Simu1","DIC",50,"cliver",12.2069021847773
"2032",203.1,"Simu1","DIC",50,"cliver",11.7642273733626
"2033",203.2,"Simu1","DIC",50,"cliver",11.3009269639388
"2034",203.3,"Simu1","DIC",50,"cliver",10.8189592814181
"2035",203.4,"Simu1","DIC",50,"cliver",10.3201410455983
"2036",203.5,"Simu1","DIC",50,"cliver",9.80615653629477
"2037",203.6,"Simu1","DIC",50,"cliver",9.27856677728856
"2038",203.7,"Simu1","DIC",50,"cliver",8.73881829282416
"2039",203.8,"Simu1","DIC",50,"cliver",8.1882510872889
"2040",203.9,"Simu1","DIC",50,"cliver",7.62810598440812
"2041",204,"Simu1","DIC",50,"cliver",7.05953161970094
"2042",204.1,"Simu1","DIC",50,"cliver",6.48359120769386
"2043",204.2,"Simu1","DIC",50,"cliver",5.90126907591415
"2044",204.3,"Simu1","DIC",50,"cliver",5.31347703359252
"2045",204.4,"Simu1","DIC",50,"cliver",4.72106082777567
"2046",204.5,"Simu1","DIC",50,"cliver",4.12480715926492
"2047",204.6,"Simu1","DIC",50,"cliver",3.52545214916429
"2048",204.7,"Simu1","DIC",50,"cliver",2.92369328665381
"2049",204.8,"Simu1","DIC",50,"cliver",2.32021021044306
"2050",204.9,"Simu1","DIC",50,"cliver",1.71570908938427
"2051",205,"Simu1","DIC",50,"cliver",1.11106290314712
"2052",205.1,"Simu1","DIC",50,"cliver",0.508030974708342
"2053",205.2,"Simu1","DIC",50,"cliver",0.0013354352369325
"2054",205.3,"Simu1","DIC",50,"cliver",0.00126089521528161
"2055",205.4,"Simu1","DIC",50,"cliver",0.00119220465807237
"2056",205.5,"Simu1","DIC",50,"cliver",0.00112876449399969
"2057",205.6,"Simu1","DIC",50,"cliver",0.00107007436732136
"2058",205.7,"Simu1","DIC",50,"cliver",0.00101568878384809
"2059",205.8,"Simu1","DIC",50,"cliver",0.000965221039791874
"2060",205.9,"Simu1","DIC",50,"cliver",0.000918320692930507
"2061",206,"Simu1","DIC",50,"cliver",0.000874678299223702
"2062",206.1,"Simu1","DIC",50,"cliver",0.000834017816901309
"2063",206.2,"Simu1","DIC",50,"cliver",0.000796088480155308
"2064",206.3,"Simu1","DIC",50,"cliver",0.000760669056544463
"2065",206.4,"Simu1","DIC",50,"cliver",0.000727554332981232
"2066",206.5,"Simu1","DIC",50,"cliver",0.000696568556347224
"2067",206.6,"Simu1","DIC",50,"cliver",0.000667533508447357
"2068",206.7,"Simu1","DIC",50,"cliver",0.000640327292440863
"2069",206.8,"Simu1","DIC",50,"cliver",0.000614771686590071
"2070",206.9,"Simu1","DIC",50,"cliver",0.000590804065377314
"2071",207,"Simu1","DIC",50,"cliver",0.00056820622636666
"2072",207.1,"Simu1","DIC",50,"cliver",0.000547063155905849
"2073",207.2,"Simu1","DIC",50,"cliver",0.00052704056322365
"2074",207.3,"Simu1","DIC",50,"cliver",0.000508476779875147
"2075",207.4,"Simu1","DIC",50,"cliver",0.000490443253643358
"2076",207.5,"Simu1","DIC",50,"cliver",0.000473696648750463
"2077",207.6,"Simu1","DIC",50,"cliver",0.000457876012577866
"2078",207.7,"Simu1","DIC",50,"cliver",0.000442923865455756
"2079",207.8,"Simu1","DIC",50,"cliver",0.000428787049047276
"2080",207.9,"Simu1","DIC",50,"cliver",0.0004154097861223
"2081",208,"Simu1","DIC",50,"cliver",0.000477097434509632
"2082",208.1,"Simu1","DIC",50,"cliver",0.235659649962126
"2083",208.2,"Simu1","DIC",50,"cliver",1.47600454318278
"2084",208.3,"Simu1","DIC",50,"cliver",3.1119616061561
"2085",208.4,"Simu1","DIC",50,"cliver",4.77141321731322
"2086",208.5,"Simu1","DIC",50,"cliver",6.32530810465023
"2087",208.6,"Simu1","DIC",50,"cliver",7.73424767318032
"2088",208.7,"Simu1","DIC",50,"cliver",8.99131570038218
"2089",208.8,"Simu1","DIC",50,"cliver",10.1010433892314
"2090",208.9,"Simu1","DIC",50,"cliver",11.0717004560962
"2091",209,"Simu1","DIC",50,"cliver",11.91249020805
"2092",209.1,"Simu1","DIC",50,"cliver",12.6325484153743
"2093",209.2,"Simu1","DIC",50,"cliver",13.240592705558
"2094",209.3,"Simu1","DIC",50,"cliver",13.7448294177543
"2095",209.4,"Simu1","DIC",50,"cliver",14.1529483897186
"2096",209.5,"Simu1","DIC",50,"cliver",14.4721116736693
"2097",209.6,"Simu1","DIC",50,"cliver",14.7090323643778
"2098",209.7,"Simu1","DIC",50,"cliver",14.86993586053
"2099",209.8,"Simu1","DIC",50,"cliver",14.9606335960607
"2100",209.9,"Simu1","DIC",50,"cliver",14.9865512835505
"2101",210,"Simu1","DIC",50,"cliver",14.952755464862
"2102",210.1,"Simu1","DIC",50,"cliver",14.8639365429718
"2103",210.2,"Simu1","DIC",50,"cliver",14.7244566322606
"2104",210.3,"Simu1","DIC",50,"cliver",14.53838913943
"2105",210.4,"Simu1","DIC",50,"cliver",14.309531297176
"2106",210.5,"Simu1","DIC",50,"cliver",14.0414128837389
"2107",210.6,"Simu1","DIC",50,"cliver",13.7373139967235
"2108",210.7,"Simu1","DIC",50,"cliver",13.4002841488897
"2109",210.8,"Simu1","DIC",50,"cliver",13.0331581901807
"2110",210.9,"Simu1","DIC",50,"cliver",12.6385701704308
"2111",211,"Simu1","DIC",50,"cliver",12.218968529933
"2112",211.1,"Simu1","DIC",50,"cliver",11.7766282238187
"2113",211.2,"Simu1","DIC",50,"cliver",11.3136601728822
"2114",211.3,"Simu1","DIC",50,"cliver",10.8320218785855
"2115",211.4,"Simu1","DIC",50,"cliver",10.3335290167727
"2116",211.5,"Simu1","DIC",50,"cliver",9.81986588234844
"2117",211.6,"Simu1","DIC",50,"cliver",9.29259408830016
"2118",211.7,"Simu1","DIC",50,"cliver",8.75316045834225
"2119",211.8,"Simu1","DIC",50,"cliver",8.20290488274289
"2120",211.9,"Simu1","DIC",50,"cliver",7.64306804059825
"2121",212,"Simu1","DIC",50,"cliver",7.07479861290355
"2122",212.1,"Simu1","DIC",50,"cliver",6.49915994058799
"2123",212.2,"Simu1","DIC",50,"cliver",5.91713639409005
"2124",212.3,"Simu1","DIC",50,"cliver",5.32963972021307
"2125",212.4,"Simu1","DIC",50,"cliver",4.73751555609186
"2126",212.5,"Simu1","DIC",50,"cliver",4.14155044884414
"2127",212.6,"Simu1","DIC",50,"cliver",3.54248023173041
"2128",212.7,"Simu1","DIC",50,"cliver",2.94100180009398
"2129",212.8,"Simu1","DIC",50,"cliver",2.33779368913266
"2130",212.9,"Simu1","DIC",50,"cliver",1.73355855419878
"2131",213,"Simu1","DIC",50,"cliver",1.12915761702392
"2132",213.1,"Simu1","DIC",50,"cliver",0.526288580271761
"2133",213.2,"Simu1","DIC",50,"cliver",0.00134128098822903
"2134",213.3,"Simu1","DIC",50,"cliver",0.00126597386364003
"2135",213.4,"Simu1","DIC",50,"cliver",0.0011971584969406
"2136",213.5,"Simu1","DIC",50,"cliver",0.00113360031798725
"2137",213.6,"Simu1","DIC",50,"cliver",0.00107480286665437
"2138",213.7,"Simu1","DIC",50,"cliver",0.00102032111257666
"2139",213.8,"Simu1","DIC",50,"cliver",0.000969760564966402
"2140",213.9,"Simu1","DIC",50,"cliver",0.00092277547589777
"2141",214,"Simu1","DIC",50,"cliver",0.000879053373850651
"2142",214.1,"Simu1","DIC",50,"cliver",0.000838319149559863
"2143",214.2,"Simu1","DIC",50,"cliver",0.000800320672715385
"2144",214.3,"Simu1","DIC",50,"cliver",0.000764837067897172
"2145",214.4,"Simu1","DIC",50,"cliver",0.000731661741339269
"2146",214.5,"Simu1","DIC",50,"cliver",0.000700619452914864
"2147",214.6,"Simu1","DIC",50,"cliver",0.000671533796257165
"2148",214.7,"Simu1","DIC",50,"cliver",0.000644277784066821
"2149",214.8,"Simu1","DIC",50,"cliver",0.000618672048029178
"2150",214.9,"Simu1","DIC",50,"cliver",0.000594653797281839
"2151",215,"Simu1","DIC",50,"cliver",0.000572025744662786
"2152",215.1,"Simu1","DIC",50,"cliver",0.000550819417187115
"2153",215.2,"Simu1","DIC",50,"cliver",0.000530712162315654
"2154",215.3,"Simu1","DIC",50,"cliver",0.000512017868791603
"2155",215.4,"Simu1","DIC",50,"cliver",0.000494157778737154
"2156",215.5,"Simu1","DIC",50,"cliver",0.000477364943442241
"2157",215.6,"Simu1","DIC",50,"cliver",0.000461218033804961
"2158",215.7,"Simu1","DIC",50,"cliver",0.000446528987157981
"2159",215.8,"Simu1","DIC",50,"cliver",0.000432338739827888
"2160",215.9,"Simu1","DIC",50,"cliver",0.000418930791824428
"2161",216,"Simu1","DIC",50,"cliver",0.000480683255358524
"2162",216.1,"Simu1","DIC",50,"cliver",0.235884627466597
"2163",216.2,"Simu1","DIC",50,"cliver",1.47670697174725
"2164",216.3,"Simu1","DIC",50,"cliver",3.1131376171731
"2165",216.4,"Simu1","DIC",50,"cliver",4.77305600068162
"2166",216.5,"Simu1","DIC",50,"cliver",6.32741076453421
"2167",216.6,"Simu1","DIC",50,"cliver",7.73680341871029
"2168",216.7,"Simu1","DIC",50,"cliver",8.9943178827393
"2169",216.8,"Simu1","DIC",50,"cliver",10.1044855104039
"2170",216.9,"Simu1","DIC",50,"cliver",11.0755761708835
"2171",217,"Simu1","DIC",50,"cliver",11.9167933263045
"2172",217.1,"Simu1","DIC",50,"cliver",12.6372718198247
"2173",217.2,"Simu1","DIC",50,"cliver",13.2457311850775
"2174",217.3,"Simu1","DIC",50,"cliver",13.7503778973186
"2175",217.4,"Simu1","DIC",50,"cliver",14.1589011786149
"2176",217.5,"Simu1","DIC",50,"cliver",14.4784631878912
"2177",217.6,"Simu1","DIC",50,"cliver",14.7157780091291
"2178",217.7,"Simu1","DIC",50,"cliver",14.877069135642
"2179",217.8,"Simu1","DIC",50,"cliver",14.968150009501
"2180",217.9,"Simu1","DIC",50,"cliver",14.9944459934984
"2181",218,"Simu1","DIC",50,"cliver",14.9610239614101
"2182",218.1,"Simu1","DIC",50,"cliver",14.8725730905774
"2183",218.2,"Simu1","DIC",50,"cliver",14.7334570006227
"2184",218.3,"Simu1","DIC",50,"cliver",14.5477487485416
"2185",218.4,"Simu1","DIC",50,"cliver",14.3192461025649
"2186",218.5,"Simu1","DIC",50,"cliver",14.0514786388137
"2187",218.6,"Simu1","DIC",50,"cliver",13.7477264464974
"2188",218.7,"Simu1","DIC",50,"cliver",13.4110391765164
"2189",218.8,"Simu1","DIC",50,"cliver",13.0442517443798
"2190",218.9,"Simu1","DIC",50,"cliver",12.6499983254259
"2191",219,"Simu1","DIC",50,"cliver",12.2307275974344
"2192",219.1,"Simu1","DIC",50,"cliver",11.7887146076367
"2193",219.2,"Simu1","DIC",50,"cliver",11.3260702439395
"2194",219.3,"Simu1","DIC",50,"cliver",10.844752025709
"2195",219.4,"Simu1","DIC",50,"cliver",10.3465757363521
"2196",219.5,"Simu1","DIC",50,"cliver",9.83322578754388
"2197",219.6,"Simu1","DIC",50,"cliver",9.30626386271354
"2198",219.7,"Simu1","DIC",50,"cliver",8.76713682611966
"2199",219.8,"Simu1","DIC",50,"cliver",8.2171846126411
"2200",219.9,"Simu1","DIC",50,"cliver",7.65764795475632
"2201",220,"Simu1","DIC",50,"cliver",7.08967557839847
"2202",220.1,"Simu1","DIC",50,"cliver",6.51433084784241
"2203",220.2,"Simu1","DIC",50,"cliver",5.93259813298776
"2204",220.3,"Simu1","DIC",50,"cliver",5.34538915249033
"2205",220.4,"Simu1","DIC",50,"cliver",4.75354947040413
"2206",220.5,"Simu1","DIC",50,"cliver",4.1578654786562
"2207",220.6,"Simu1","DIC",50,"cliver",3.55907270171211
"2208",220.7,"Simu1","DIC",50,"cliver",2.95786741459143
"2209",220.8,"Simu1","DIC",50,"cliver",2.35492680446671
"2210",220.9,"Simu1","DIC",50,"cliver",1.75095013267375
"2211",221,"Simu1","DIC",50,"cliver",1.14678887301933
"2212",221.1,"Simu1","DIC",50,"cliver",0.544083928738268
"2213",221.2,"Simu1","DIC",50,"cliver",0.00135874845132557
"2214",221.3,"Simu1","DIC",50,"cliver",0.00127093623988143
"2215",221.4,"Simu1","DIC",50,"cliver",0.00120199634119615
"2216",221.5,"Simu1","DIC",50,"cliver",0.00113832617786222
"2217",221.6,"Simu1","DIC",50,"cliver",0.00107942401075768
"2218",221.7,"Simu1","DIC",50,"cliver",0.00102484332373574
"2219",221.8,"Simu1","DIC",50,"cliver",0.000974193933995773
"2220",221.9,"Simu1","DIC",50,"cliver",0.000927125110229841
"2221",222,"Simu1","DIC",50,"cliver",0.000883325817455645
"2222",222.1,"Simu1","DIC",50,"cliver",0.000842519230392044
"2223",222.2,"Simu1","DIC",50,"cliver",0.000804453404678288
"2224",222.3,"Simu1","DIC",50,"cliver",0.000768906625926981
"2225",222.4,"Simu1","DIC",50,"cliver",0.000735672068298083
"2226",222.5,"Simu1","DIC",50,"cliver",0.000704574864523072
"2227",222.6,"Simu1","DIC",50,"cliver",0.000675434459429814
"2228",222.7,"Simu1","DIC",50,"cliver",0.000648127875699188
"2229",222.8,"Simu1","DIC",50,"cliver",0.000622479419188853
"2230",222.9,"Simu1","DIC",50,"cliver",0.000598423669733365
"2231",223,"Simu1","DIC",50,"cliver",0.000575743478478615
"2232",223.1,"Simu1","DIC",50,"cliver",0.000554520807085837
"2233",223.2,"Simu1","DIC",50,"cliver",0.000534366235472341
"2234",223.3,"Simu1","DIC",50,"cliver",0.000515846456282743
"2235",223.4,"Simu1","DIC",50,"cliver",0.000497719029939749
"2236",223.5,"Simu1","DIC",50,"cliver",0.000480880376395796
"2237",223.6,"Simu1","DIC",50,"cliver",0.000464997648711146
"2238",223.7,"Simu1","DIC",50,"cliver",0.000449990452652256
"2239",223.8,"Simu1","DIC",50,"cliver",0.000435798572525819
"2240",223.9,"Simu1","DIC",50,"cliver",0.000422369023682081
"2241",224,"Simu1","DIC",50,"cliver",0.00048418524020586
"2242",224.1,"Simu1","DIC",50,"cliver",0.236104164585118
"2243",224.2,"Simu1","DIC",50,"cliver",1.47739217975438
"2244",224.3,"Simu1","DIC",50,"cliver",3.11428470798199
"2245",224.4,"Simu1","DIC",50,"cliver",4.77465831687184
"2246",224.5,"Simu1","DIC",50,"cliver",6.32946156455844
"2247",224.6,"Simu1","DIC",50,"cliver",7.73929606402351
"2248",224.7,"Simu1","DIC",50,"cliver",8.99724587432205
"2249",224.8,"Simu1","DIC",50,"cliver",10.107842497498
"2250",224.9,"Simu1","DIC",50,"cliver",11.0793559528068
"2251",225,"Simu1","DIC",50,"cliver",11.9209898545729
"2252",225.1,"Simu1","DIC",50,"cliver",12.6418785800981
"2253",225.2,"Simu1","DIC",50,"cliver",13.250744836099
"2254",225.3,"Simu1","DIC",50,"cliver",13.7557929433551
"2255",225.4,"Simu1","DIC",50,"cliver",14.1647083179565
"2256",225.5,"Simu1","DIC",50,"cliver",14.4846718360587
"2257",225.6,"Simu1","DIC",50,"cliver",14.7223630283444
"2258",225.7,"Simu1","DIC",50,"cliver",14.8840375200862
"2259",225.8,"Simu1","DIC",50,"cliver",14.9754942157838
"2260",225.9,"Simu1","DIC",50,"cliver",15.0021580470621
"2261",226,"Simu1","DIC",50,"cliver",14.9690860917501
"2262",226.1,"Simu1","DIC",50,"cliver",14.8809907086313
"2263",226.2,"Simu1","DIC",50,"cliver",14.7422290582486
"2264",226.3,"Simu1","DIC",50,"cliver",14.5568708393533
"2265",226.4,"Simu1","DIC",50,"cliver",14.3287135656888
"2266",226.5,"Simu1","DIC",50,"cliver",14.0612877227213
"2267",226.6,"Simu1","DIC",50,"cliver",13.7578737146477
"2268",226.7,"Simu1","DIC",50,"cliver",13.4215208672487
"2269",226.8,"Simu1","DIC",50,"cliver",13.0550643233029
"2270",226.9,"Simu1","DIC",50,"cliver",12.6611381692736
"2271",227,"Simu1","DIC",50,"cliver",12.2421904991592
"2272",227.1,"Simu1","DIC",50,"cliver",11.8004963604809
"2273",227.2,"Simu1","DIC",50,"cliver",11.3381672750458
"2274",227.3,"Simu1","DIC",50,"cliver",10.8571611596869
"2275",227.4,"Simu1","DIC",50,"cliver",10.3592937270254
"2276",227.5,"Simu1","DIC",50,"cliver",9.84624923435926
"2277",227.6,"Simu1","DIC",50,"cliver",9.3195894062436
"2278",227.7,"Simu1","DIC",50,"cliver",8.7807612646802
"2279",227.8,"Simu1","DIC",50,"cliver",8.23110484767482
"2280",227.9,"Simu1","DIC",50,"cliver",7.67186090482606
"2281",228,"Simu1","DIC",50,"cliver",7.10417816180096
"2282",228.1,"Simu1","DIC",50,"cliver",6.52912000650888
"2283",228.2,"Simu1","DIC",50,"cliver",5.94767083257016
"2284",228.3,"Simu1","DIC",50,"cliver",5.36074234185982
"2285",228.4,"Simu1","DIC",50,"cliver",4.76918002016057
"2286",228.5,"Simu1","DIC",50,"cliver",4.17377010041595
"2287",228.6,"Simu1","DIC",50,"cliver",3.57524780575155
"2288",228.7,"Simu1","DIC",50,"cliver",2.97430880402555
"2289",228.8,"Simu1","DIC",50,"cliver",2.37162894107738
"2290",228.9,"Simu1","DIC",50,"cliver",1.76790440158786
"2291",229,"Simu1","DIC",50,"cliver",1.16397469326686
"2292",229.1,"Simu1","DIC",50,"cliver",0.561435501595779
"2293",229.2,"Simu1","DIC",50,"cliver",0.00158679846854912
"2294",229.3,"Simu1","DIC",50,"cliver",0.00127577966149943
"2295",229.4,"Simu1","DIC",50,"cliver",0.00120671953200734
"2296",229.5,"Simu1","DIC",50,"cliver",0.00114293833149108
"2297",229.6,"Simu1","DIC",50,"cliver",0.00108393380189958
"2298",229.7,"Simu1","DIC",50,"cliver",0.0010292586787349
"2299",229.8,"Simu1","DIC",50,"cliver",0.00097852161037549
"2300",229.9,"Simu1","DIC",50,"cliver",0.000931371413533501
"2301",230,"Simu1","DIC",50,"cliver",0.000887496415600718
"2302",230.1,"Simu1","DIC",50,"cliver",0.000846619265034894
"2303",230.2,"Simu1","DIC",50,"cliver",0.00080848758448057
"2304",230.3,"Simu1","DIC",50,"cliver",0.000772879202817595
"2305",230.4,"Simu1","DIC",50,"cliver",0.000739586951422943
"2306",230.5,"Simu1","DIC",50,"cliver",0.000708435612725749
"2307",230.6,"Simu1","DIC",50,"cliver",0.000679244536610477
"2308",230.7,"Simu1","DIC",50,"cliver",0.000651889592247411
"2309",230.8,"Simu1","DIC",50,"cliver",0.000626196584552791
"2310",230.9,"Simu1","DIC",50,"cliver",0.00060209753418453
"2311",231,"Simu1","DIC",50,"cliver",0.00057937870008474
"2312",231.1,"Simu1","DIC",50,"cliver",0.000558115223241451
"2313",231.2,"Simu1","DIC",50,"cliver",0.000537921857808186
"2314",231.3,"Simu1","DIC",50,"cliver",0.000519371324433595
"2315",231.4,"Simu1","DIC",50,"cliver",0.000501278517678621
"2316",231.5,"Simu1","DIC",50,"cliver",0.000484343490430244
"2317",231.6,"Simu1","DIC",50,"cliver",0.000468431876008957
"2318",231.7,"Simu1","DIC",50,"cliver",0.000453396902223353
"2319",231.8,"Simu1","DIC",50,"cliver",0.000439178573101958
"2320",231.9,"Simu1","DIC",50,"cliver",0.00042572401586293
"2321",232,"Simu1","DIC",50,"cliver",0.000487602283490201
"2322",232.1,"Simu1","DIC",50,"cliver",0.236318196524643
"2323",232.2,"Simu1","DIC",50,"cliver",1.47805998337573
"2324",232.3,"Simu1","DIC",50,"cliver",3.11540259379038
"2325",232.4,"Simu1","DIC",50,"cliver",4.77621980621111
"2326",232.5,"Simu1","DIC",50,"cliver",6.33146009789862
"2327",232.6,"Simu1","DIC",50,"cliver",7.74172518208713
"2328",232.7,"Simu1","DIC",50,"cliver",9.00009925304102
"2329",232.8,"Simu1","DIC",50,"cliver",10.1111139573404
"2330",232.9,"Simu1","DIC",50,"cliver",11.0830394605197
"2331",233,"Simu1","DIC",50,"cliver",11.925079521536
"2332",233.1,"Simu1","DIC",50,"cliver",12.6463687913679
"2333",233.2,"Simu1","DIC",50,"cliver",13.2556291916976
"2334",233.3,"Simu1","DIC",50,"cliver",13.7610685562134
"2335",233.4,"Simu1","DIC",50,"cliver",14.1703879358593
"2336",233.5,"Simu1","DIC",50,"cliver",14.4907260147429
"2337",233.6,"Simu1","DIC",50,"cliver",14.7287879581334
"2338",233.7,"Simu1","DIC",50,"cliver",14.8908184830445
"2339",233.8,"Simu1","DIC",50,"cliver",14.9826469589567
"2340",233.9,"Simu1","DIC",50,"cliver",15.009690193969
"2341",234,"Simu1","DIC",50,"cliver",14.9769817213499
"2342",234.1,"Simu1","DIC",50,"cliver",14.8892248083332
"2343",234.2,"Simu1","DIC",50,"cliver",14.7508010320023
"2344",234.3,"Simu1","DIC",50,"cliver",14.5657851494845
"2345",234.4,"Simu1","DIC",50,"cliver",14.33796729822
"2346",234.5,"Simu1","DIC",50,"cliver",14.0708742869741
"2347",234.6,"Simu1","DIC",50,"cliver",13.7677859764704
"2348",234.7,"Simu1","DIC",50,"cliver",13.4317529890381
"2349",234.8,"Simu1","DIC",50,"cliver",13.0656131408745
"2350",234.9,"Simu1","DIC",50,"cliver",12.672003319578
"2351",235,"Simu1","DIC",50,"cliver",12.2533712875767
"2352",235.1,"Simu1","DIC",50,"cliver",11.8119893434792
"2353",235.2,"Simu1","DIC",50,"cliver",11.3499674818116
"2354",235.3,"Simu1","DIC",50,"cliver",10.8692644054595
"2355",235.4,"Simu1","DIC",50,"cliver",10.3716970724676
"2356",235.5,"Simu1","DIC",50,"cliver",9.85894998653193
"2357",235.6,"Simu1","DIC",50,"cliver",9.33258444098797
"2358",235.7,"Simu1","DIC",50,"cliver",8.79404723396429
"2359",235.8,"Simu1","DIC",50,"cliver",8.24467859676317
"2360",235.9,"Simu1","DIC",50,"cliver",7.68571952742375
"2361",236,"Simu1","DIC",50,"cliver",7.11831879837592
"2362",236.1,"Simu1","DIC",50,"cliver",6.54353971911403
"2363",236.2,"Simu1","DIC",50,"cliver",5.96236663831484
"2364",236.3,"Simu1","DIC",50,"cliver",5.3757112641846
"2365",236.4,"Simu1","DIC",50,"cliver",4.78441905074825
"2366",236.5,"Simu1","DIC",50,"cliver",4.18927608537398
"2367",236.6,"Simu1","DIC",50,"cliver",3.5910172862353
"2368",236.7,"Simu1","DIC",50,"cliver",2.99033774164185
"2369",236.8,"Simu1","DIC",50,"cliver",2.38791206564444
"2370",236.9,"Simu1","DIC",50,"cliver",1.78443398002449
"2371",237,"Simu1","DIC",50,"cliver",1.18073324030263
"2372",237.1,"Simu1","DIC",50,"cliver",0.578358429951894
"2373",237.2,"Simu1","DIC",50,"cliver",0.00408125875077841
"2374",237.3,"Simu1","DIC",50,"cliver",0.00128050764879429
"2375",237.4,"Simu1","DIC",50,"cliver",0.00121133052465223
"2376",237.5,"Simu1","DIC",50,"cliver",0.00114744093404301
"2377",237.6,"Simu1","DIC",50,"cliver",0.00108833645843811
"2378",237.7,"Simu1","DIC",50,"cliver",0.00103356913328245
"2379",237.8,"Simu1","DIC",50,"cliver",0.000982746479258635
"2380",237.9,"Simu1","DIC",50,"cliver",0.000935516847917491
"2381",238,"Simu1","DIC",50,"cliver",0.000891567943819699
"2382",238.1,"Simu1","DIC",50,"cliver",0.000850621900715085
"2383",238.2,"Simu1","DIC",50,"cliver",0.000812425921197668
"2384",238.3,"Simu1","DIC",50,"cliver",0.000776757389712664
"2385",238.4,"Simu1","DIC",50,"cliver",0.000743408811385505
"2386",238.5,"Simu1","DIC",50,"cliver",0.000712204607011022
"2387",238.6,"Simu1","DIC",50,"cliver",0.000682964020882454
"2388",238.7,"Simu1","DIC",50,"cliver",0.000655561955488224
"2389",238.8,"Simu1","DIC",50,"cliver",0.000629825350708235
"2390",238.9,"Simu1","DIC",50,"cliver",0.000605684161238544
"2391",239,"Simu1","DIC",50,"cliver",0.000582927307871778
"2392",239.1,"Simu1","DIC",50,"cliver",0.000561624492466139
"2393",239.2,"Simu1","DIC",50,"cliver",0.000541394513310617
"2394",239.3,"Simu1","DIC",50,"cliver",0.000522812252844001
"2395",239.4,"Simu1","DIC",50,"cliver",0.000504700011290495
"2396",239.5,"Simu1","DIC",50,"cliver",0.000487724223122891
"2397",239.6,"Simu1","DIC",50,"cliver",0.000471784389768103
"2398",239.7,"Simu1","DIC",50,"cliver",0.000456722297402218
"2399",239.8,"Simu1","DIC",50,"cliver",0.000442478225103915
"2400",239.9,"Simu1","DIC",50,"cliver",0.000428999112682295
"2401",240,"Simu1","DIC",50,"cliver",0.000490938178523716
"2402",240.1,"Simu1","DIC",50,"cliver",0.236526983195228
"2403",240.2,"Simu1","DIC",50,"cliver",1.47871121712716
"2404",240.3,"Simu1","DIC",50,"cliver",3.11649267671752
"2405",240.4,"Simu1","DIC",50,"cliver",4.77774242123753
"2406",240.5,"Simu1","DIC",50,"cliver",6.3334088481369
"2407",240.6,"Simu1","DIC",50,"cliver",7.74409376809259
"2408",240.7,"Simu1","DIC",50,"cliver",9.00288150729425
"2409",240.8,"Simu1","DIC",50,"cliver",10.1143038529051
"2410",240.9,"Simu1","DIC",50,"cliver",11.0866311127542
"2411",241,"Simu1","DIC",50,"cliver",11.9290671887921
"2412",241.1,"Simu1","DIC",50,"cliver",12.6507466242353
"2413",241.2,"Simu1","DIC",50,"cliver",13.2603934698
"2414",241.3,"Simu1","DIC",50,"cliver",13.7662090083952
"2415",241.4,"Simu1","DIC",50,"cliver",14.1758816965578
"2416",241.5,"Simu1","DIC",50,"cliver",14.4965914305409
"2417",241.6,"Simu1","DIC",50,"cliver",14.7350257707805
"2418",241.7,"Simu1","DIC",50,"cliver",14.8974228312582
"2419",241.8,"Simu1","DIC",50,"cliver",14.989596932802
"2420",241.9,"Simu1","DIC",50,"cliver",15.016971869212
"2421",242,"Simu1","DIC",50,"cliver",14.984612010901
"2422",242.1,"Simu1","DIC",50,"cliver",14.8972094530276
"2423",242.2,"Simu1","DIC",50,"cliver",14.7591286767946
"2424",242.3,"Simu1","DIC",50,"cliver",14.5744445513774
"2425",242.4,"Simu1","DIC",50,"cliver",14.3469544985447
"2426",242.5,"Simu1","DIC",50,"cliver",14.0801874970475
"2427",242.6,"Simu1","DIC",50,"cliver",13.7774236757605
"2428",242.7,"Simu1","DIC",50,"cliver",13.441713080711
"2429",242.8,"Simu1","DIC",50,"cliver",13.0758908289672
"2430",242.9,"Simu1","DIC",50,"cliver",12.6825914259782
"2431",243,"Simu1","DIC",50,"cliver",12.2642641544614
"2432",243.1,"Simu1","DIC",50,"cliver",11.8231842975688
"2433",243.2,"Simu1","DIC",50,"cliver",11.361462713979
"2434",243.3,"Simu1","DIC",50,"cliver",10.8810570271486
"2435",243.4,"Simu1","DIC",50,"cliver",10.383783313681
"2436",243.5,"Simu1","DIC",50,"cliver",9.87132628073232
"2437",243.6,"Simu1","DIC",50,"cliver",9.34524780295584
"2438",243.7,"Simu1","DIC",50,"cliver",8.80699490831534
"2439",243.8,"Simu1","DIC",50,"cliver",8.25790733052294
"2440",243.9,"Simu1","DIC",50,"cliver",7.69922379220916
"2441",244,"Simu1","DIC",50,"cliver",7.13209454029374
"2442",244.1,"Simu1","DIC",50,"cliver",6.55758482873402
"2443",244.2,"Simu1","DIC",50,"cliver",5.97668344490898
"2444",244.3,"Simu1","DIC",50,"cliver",5.39029833542577
"2445",244.4,"Simu1","DIC",50,"cliver",4.79927161439548
"2446",244.5,"Simu1","DIC",50,"cliver",4.20438974088592
"2447",244.6,"Simu1","DIC",50,"cliver",3.60638912192282
"2448",244.7,"Simu1","DIC",50,"cliver",3.00596492273596
"2449",244.8,"Simu1","DIC",50,"cliver",2.40378912262723
"2450",244.9,"Simu1","DIC",50,"cliver",1.8005510650342
"2451",245,"Simu1","DIC",50,"cliver",1.19707789070272
"2452",245.1,"Simu1","DIC",50,"cliver",0.594868199525017
"2453",245.2,"Simu1","DIC",50,"cliver",0.0124765272330831
"2454",245.3,"Simu1","DIC",50,"cliver",0.00128512764633649
"2455",245.4,"Simu1","DIC",50,"cliver",0.00121583501407693
"2456",245.5,"Simu1","DIC",50,"cliver",0.00115183940572204
"2457",245.6,"Simu1","DIC",50,"cliver",0.00109263707560889
"2458",245.7,"Simu1","DIC",50,"cliver",0.00103777975188713
"2459",245.8,"Simu1","DIC",50,"cliver",0.000986873325777776
"2460",245.9,"Simu1","DIC",50,"cliver",0.000939565979464704
"2461",246,"Simu1","DIC",50,"cliver",0.000895544764759884
"2462",246.1,"Simu1","DIC",50,"cliver",0.000854531285228546
"2463",246.2,"Simu1","DIC",50,"cliver",0.000816272426774773
"2464",246.3,"Simu1","DIC",50,"cliver",0.00078054502187437
"2465",246.4,"Simu1","DIC",50,"cliver",0.000747141406566169
"2466",246.5,"Simu1","DIC",50,"cliver",0.000715885410236924
"2467",246.6,"Simu1","DIC",50,"cliver",0.000686596735089621
"2468",246.7,"Simu1","DIC",50,"cliver",0.000659147854866918
"2469",246.8,"Simu1","DIC",50,"cliver",0.000633369475041578
"2470",246.9,"Simu1","DIC",50,"cliver",0.000609185651629925
"2471",247,"Simu1","DIC",50,"cliver",0.00058639430847815
"2472",247.1,"Simu1","DIC",50,"cliver",0.000565047769920324
"2473",247.2,"Simu1","DIC",50,"cliver",0.00054478472565704
"2474",247.3,"Simu1","DIC",50,"cliver",0.000526159704772
"2475",247.4,"Simu1","DIC",50,"cliver",0.000507934923963038
"2476",247.5,"Simu1","DIC",50,"cliver",0.000491025276852277
"2477",247.6,"Simu1","DIC",50,"cliver",0.000475058008207154
"2478",247.7,"Simu1","DIC",50,"cliver",0.000459969268061819
"2479",247.8,"Simu1","DIC",50,"cliver",0.000445700034623998
"2480",247.9,"Simu1","DIC",50,"cliver",0.000432196929818981
"2481",248,"Simu1","DIC",50,"cliver",0.000494195740403056
"2482",248.1,"Simu1","DIC",50,"cliver",0.236730714547772
"2483",248.2,"Simu1","DIC",50,"cliver",1.47934648662632
"2484",248.3,"Simu1","DIC",50,"cliver",3.11755597135704
"2485",248.4,"Simu1","DIC",50,"cliver",4.77922757559024
"2486",248.5,"Simu1","DIC",50,"cliver",6.33530961772706
"2487",248.6,"Simu1","DIC",50,"cliver",7.74640400337353
"2488",248.7,"Simu1","DIC",50,"cliver",9.00559518771861
"2489",248.8,"Simu1","DIC",50,"cliver",10.1174150952604
"2490",248.9,"Simu1","DIC",50,"cliver",11.0901341728895
"2491",249,"Simu1","DIC",50,"cliver",11.9329564629398
"2492",249.1,"Simu1","DIC",50,"cliver",12.655016375425
"2493",249.2,"Simu1","DIC",50,"cliver",13.2650356494756
"2494",249.3,"Simu1","DIC",50,"cliver",13.7712275555463
"2495",249.4,"Simu1","DIC",50,"cliver",14.1812695532445
"2496",249.5,"Simu1","DIC",50,"cliver",14.5023381247086
"2497",249.6,"Simu1","DIC",50,"cliver",14.7411272802834
"2498",249.7,"Simu1","DIC",50,"cliver",14.9038837195686
"2499",249.8,"Simu1","DIC",50,"cliver",14.9964161588271
"2500",249.9,"Simu1","DIC",50,"cliver",15.0241439263982
"2501",250,"Simu1","DIC",50,"cliver",14.9921174454063
"2502",250.1,"Simu1","DIC",50,"cliver",14.9050375046851
"2503",250.2,"Simu1","DIC",50,"cliver",14.7672804613982
"2504",250.3,"Simu1","DIC",50,"cliver",14.5829208178298
"2505",250.4,"Simu1","DIC",50,"cliver",14.3557489159771
"2506",250.5,"Simu1","DIC",50,"cliver",14.0892932558533
"2507",250.6,"Simu1","DIC",50,"cliver",13.7868372626403
"2508",250.7,"Simu1","DIC",50,"cliver",13.4514327485053
"2509",250.8,"Simu1","DIC",50,"cliver",13.0859149549483
"2510",250.9,"Simu1","DIC",50,"cliver",12.6929184725034
"2511",251,"Simu1","DIC",50,"cliver",12.2748915040962
"2512",251.1,"Simu1","DIC",50,"cliver",11.8341079493428
"2513",251.2,"Simu1","DIC",50,"cliver",11.3726784857984
"2514",251.3,"Simu1","DIC",50,"cliver",10.8925614878381
"2515",251.4,"Simu1","DIC",50,"cliver",10.3955736017776
"2516",251.5,"Simu1","DIC",50,"cliver",9.88339952366016
"2517",251.6,"Simu1","DIC",50,"cliver",9.35760092750125
"2518",251.7,"Simu1","DIC",50,"cliver",8.81962480156321
"2519",251.8,"Simu1","DIC",50,"cliver",8.27081137996366
"2520",251.9,"Simu1","DIC",50,"cliver",7.71240166826016
"2521",252,"Simu1","DIC",50,"cliver",7.14554452430002
"2522",252.1,"Simu1","DIC",50,"cliver",6.57130335058575
"2523",252.2,"Simu1","DIC",50,"cliver",5.99066251738873
"2524",252.3,"Simu1","DIC",50,"cliver",5.40453367085415
"2525",252.4,"Simu1","DIC",50,"cliver",4.81376212506335
"2526",252.5,"Simu1","DIC",50,"cliver",4.21913370369167
"2527",252.6,"Simu1","DIC",50,"cliver",3.62138280546705
"2528",252.7,"Simu1","DIC",50,"cliver",3.02120346684167
"2529",252.8,"Simu1","DIC",50,"cliver",2.41926803391849
"2530",252.9,"Simu1","DIC",50,"cliver",1.81626424757514
"2531",253,"Simu1","DIC",50,"cliver",1.21300988991351
"2532",253.1,"Simu1","DIC",50,"cliver",0.610962170568943
"2533",253.2,"Simu1","DIC",50,"cliver",0.0245160705524982
"2534",253.3,"Simu1","DIC",50,"cliver",0.00128963883285095
"2535",253.4,"Simu1","DIC",50,"cliver",0.00122023379372414
"2536",253.5,"Simu1","DIC",50,"cliver",0.00115613473496062
"2537",253.6,"Simu1","DIC",50,"cliver",0.00109683717323159
"2538",253.7,"Simu1","DIC",50,"cliver",0.00104189084850198
"2539",253.8,"Simu1","DIC",50,"cliver",0.000990902853940677
"2540",253.9,"Simu1","DIC",50,"cliver",0.000943519634046932
"2541",254,"Simu1","DIC",50,"cliver",0.000899427879012687
"2542",254.1,"Simu1","DIC",50,"cliver",0.00085834871484955
"2543",254.2,"Simu1","DIC",50,"cliver",0.000820028371107365
"2544",254.3,"Simu1","DIC",50,"cliver",0.000784243558365238
"2545",254.4,"Simu1","DIC",50,"cliver",0.000750786006139023
"2546",254.5,"Simu1","DIC",50,"cliver",0.000719479617035676
"2547",254.6,"Simu1","DIC",50,"cliver",0.000690142458817621
"2548",254.7,"Simu1","DIC",50,"cliver",0.000662651446077969
"2549",254.8,"Simu1","DIC",50,"cliver",0.00063682817111586
"2550",254.9,"Simu1","DIC",50,"cliver",0.000612609220027908
"2551",255,"Simu1","DIC",50,"cliver",0.000589771592108701
"2552",255.1,"Simu1","DIC",50,"cliver",0.000568406657388128
"2553",255.2,"Simu1","DIC",50,"cliver",0.000548112482497691
"2554",255.3,"Simu1","DIC",50,"cliver",0.000529472050812612
"2555",255.4,"Simu1","DIC",50,"cliver",0.000511203634866806
"2556",255.5,"Simu1","DIC",50,"cliver",0.000494248496613013
"2557",255.6,"Simu1","DIC",50,"cliver",0.000478254847418199
"2558",255.7,"Simu1","DIC",50,"cliver",0.000463138394781157
"2559",255.8,"Simu1","DIC",50,"cliver",0.000448844937119352
"2560",255.9,"Simu1","DIC",50,"cliver",0.0004353178990791
"2561",256,"Simu1","DIC",50,"cliver",0.000497374178906794
"2562",256.1,"Simu1","DIC",50,"cliver",0.236929327912108
"2563",256.2,"Simu1","DIC",50,"cliver",1.47996561490893
"2564",256.3,"Simu1","DIC",50,"cliver",3.11859220585849
"2565",256.4,"Simu1","DIC",50,"cliver",4.78067492711808
"2566",256.5,"Simu1","DIC",50,"cliver",6.33716201896758
"2567",256.6,"Simu1","DIC",50,"cliver",7.74865547830698
"2568",256.7,"Simu1","DIC",50,"cliver",9.0082398849068
"2569",256.8,"Simu1","DIC",50,"cliver",10.1204472995003
"2570",256.9,"Simu1","DIC",50,"cliver",11.0935482987651
"2571",257,"Simu1","DIC",50,"cliver",11.9367470579842
"2572",257.1,"Simu1","DIC",50,"cliver",12.6591773821173
"2573",257.2,"Simu1","DIC",50,"cliver",13.2695626747364
"2574",257.3,"Simu1","DIC",50,"cliver",13.7761101531545
"2575",257.4,"Simu1","DIC",50,"cliver",14.1865051597919
"2576",257.5,"Simu1","DIC",50,"cliver",14.5079274749126
"2577",257.6,"Simu1","DIC",50,"cliver",14.7470664806625
"2578",257.7,"Simu1","DIC",50,"cliver",14.9101620658559
"2579",257.8,"Simu1","DIC",50,"cliver",15.0030312652751
"2580",257.9,"Simu1","DIC",50,"cliver",15.0310931283506
"2581",258,"Simu1","DIC",50,"cliver",14.9993964151516
"2582",258.1,"Simu1","DIC",50,"cliver",14.9126417647814
"2583",258.2,"Simu1","DIC",50,"cliver",14.7752058903323
"2584",258.3,"Simu1","DIC",50,"cliver",14.591163658426
"2585",258.4,"Simu1","DIC",50,"cliver",14.3643065515937
"2586",258.5,"Simu1","DIC",50,"cliver",14.0981611846459
"2587",258.6,"Simu1","DIC",50,"cliver",13.796010127442
"2588",258.7,"Simu1","DIC",50,"cliver",13.4609064863564
"2589",258.8,"Simu1","DIC",50,"cliver",13.0956867558024
"2590",258.9,"Simu1","DIC",50,"cliver",12.7029855037262
"2591",259,"Simu1","DIC",50,"cliver",12.2852503569882
"2592",259.1,"Simu1","DIC",50,"cliver",11.8447550498637
"2593",259.2,"Simu1","DIC",50,"cliver",11.3836105510416
"2594",259.3,"Simu1","DIC",50,"cliver",10.9037755125837
"2595",259.4,"Simu1","DIC",50,"cliver",10.4070666220022
"2596",259.5,"Simu1","DIC",50,"cliver",9.89516852179681
"2597",259.6,"Simu1","DIC",50,"cliver",9.36964290851458
"2598",259.7,"Simu1","DIC",50,"cliver",8.83193686816739
"2599",259.8,"Simu1","DIC",50,"cliver",8.2833907195806
"2600",259.9,"Simu1","DIC",50,"cliver",7.725245503525
"2601",260,"Simu1","DIC",50,"cliver",7.15865009141383
"2602",260.1,"Simu1","DIC",50,"cliver",6.58466790254896
"2603",260.2,"Simu1","DIC",50,"cliver",6.00428332076588
"2604",260.3,"Simu1","DIC",50,"cliver",5.4184079782458
"2605",260.4,"Simu1","DIC",50,"cliver",4.82788712688208
"2606",260.5,"Simu1","DIC",50,"cliver",4.23350645708738
"2607",260.6,"Simu1","DIC",50,"cliver",3.63600010979041
"2608",260.7,"Simu1","DIC",50,"cliver",3.03606160400197
"2609",260.8,"Simu1","DIC",50,"cliver",2.43436215446176
"2610",260.9,"Simu1","DIC",50,"cliver",1.83158910787134
"2611",261,"Simu1","DIC",50,"cliver",1.22854577475528
"2612",261.1,"Simu1","DIC",50,"cliver",0.626660557357252
"2613",261.2,"Simu1","DIC",50,"cliver",0.0378470491893148
"2614",261.3,"Simu1","DIC",50,"cliver",0.00129404498855336
"2615",261.4,"Simu1","DIC",50,"cliver",0.00122453075097911
"2616",261.5,"Simu1","DIC",50,"cliver",0.0011603302896003
"2617",261.6,"Simu1","DIC",50,"cliver",0.00110093914396294
"2618",261.7,"Simu1","DIC",50,"cliver",0.00104590740016223
"2619",261.8,"Simu1","DIC",50,"cliver",0.000994839253356881
"2620",261.9,"Simu1","DIC",50,"cliver",0.000947381782975788
"2621",262,"Simu1","DIC",50,"cliver",0.000903220919749108
"2622",262.1,"Simu1","DIC",50,"cliver",0.000862077275185792
"2623",262.2,"Simu1","DIC",50,"cliver",0.000823696918341418
"2624",262.3,"Simu1","DIC",50,"cliver",0.000787855853541205
"2625",262.4,"Simu1","DIC",50,"cliver",0.000754345808752404
"2626",262.5,"Simu1","DIC",50,"cliver",0.00072298990798724
"2627",262.6,"Simu1","DIC",50,"cliver",0.000693607554208338
"2628",262.7,"Simu1","DIC",50,"cliver",0.000666070021482531
"2629",262.8,"Simu1","DIC",50,"cliver",0.000640208876583536
"2630",262.9,"Simu1","DIC",50,"cliver",0.000615946021647774
"2631",263,"Simu1","DIC",50,"cliver",0.00059308168349764
"2632",263.1,"Simu1","DIC",50,"cliver",0.000571662975391615
"2633",263.2,"Simu1","DIC",50,"cliver",0.00055133345325885
"2634",263.3,"Simu1","DIC",50,"cliver",0.000532645634159398
"2635",263.4,"Simu1","DIC",50,"cliver",0.000514285905950114
"2636",263.5,"Simu1","DIC",50,"cliver",0.000497396670299144
"2637",263.6,"Simu1","DIC",50,"cliver",0.000481375630434752
"2638",263.7,"Simu1","DIC",50,"cliver",0.000466235709405973
"2639",263.8,"Simu1","DIC",50,"cliver",0.000451917801968055
"2640",263.9,"Simu1","DIC",50,"cliver",0.000438368328154697
"2641",264,"Simu1","DIC",50,"cliver",0.000500481132228185
"2642",264.1,"Simu1","DIC",50,"cliver",0.237122225761594
"2643",264.2,"Simu1","DIC",50,"cliver",1.48056561622865
"2644",264.3,"Simu1","DIC",50,"cliver",3.11959324363898
"2645",264.4,"Simu1","DIC",50,"cliver",4.78207237152008
"2646",264.5,"Simu1","DIC",50,"cliver",6.3389500961711
"2647",264.6,"Simu1","DIC",50,"cliver",7.75082874156235
"2648",264.7,"Simu1","DIC",50,"cliver",9.01079290616392
"2649",264.8,"Simu1","DIC",50,"cliver",10.1233748921333
"2650",264.9,"Simu1","DIC",50,"cliver",11.096845626384
"2651",265,"Simu1","DIC",50,"cliver",11.9404081219053
"2652",265.1,"Simu1","DIC",50,"cliver",12.6632053679029
"2653",265.2,"Simu1","DIC",50,"cliver",13.2739407085962
"2654",265.3,"Simu1","DIC",50,"cliver",13.7808390605676
"2655",265.4,"Simu1","DIC",50,"cliver",14.1915794351572
"2656",265.5,"Simu1","DIC",50,"cliver",14.5133382965337
"2657",265.6,"Simu1","DIC",50,"cliver",14.7528135713532
"2658",265.7,"Simu1","DIC",50,"cliver",14.9162353523648
"2659",265.8,"Simu1","DIC",50,"cliver",15.0094281540617
"2660",265.9,"Simu1","DIC",50,"cliver",15.0378014549311
"2661",266,"Simu1","DIC",50,"cliver",15.0064110853335
"2662",266.1,"Simu1","DIC",50,"cliver",14.9199717243819
"2663",266.2,"Simu1","DIC",50,"cliver",14.7828578631631
"2664",266.3,"Simu1","DIC",50,"cliver",14.5991282138459
"2665",266.4,"Simu1","DIC",50,"cliver",14.3725759316881
"2666",266.5,"Simu1","DIC",50,"cliver",14.1067341122094
"2667",266.6,"Simu1","DIC",50,"cliver",13.8048858210015
"2668",266.7,"Simu1","DIC",50,"cliver",13.470081180281
"2669",266.8,"Simu1","DIC",50,"cliver",13.1051553647309
"2670",266.9,"Simu1","DIC",50,"cliver",12.7127432473386
"2671",267,"Simu1","DIC",50,"cliver",12.295292333864
"2672",267.1,"Simu1","DIC",50,"cliver",11.8550770527076
"2673",267.2,"Simu1","DIC",50,"cliver",11.3942098343164
"2674",267.3,"Simu1","DIC",50,"cliver",10.9146499426734
"2675",267.4,"Simu1","DIC",50,"cliver",10.4182135942938
"2676",267.5,"Simu1","DIC",50,"cliver",9.90658491838448
"2677",267.6,"Simu1","DIC",50,"cliver",9.38132565968111
"2678",267.7,"Simu1","DIC",50,"cliver",8.84388321950953
"2679",267.8,"Simu1","DIC",50,"cliver",8.29559805955307
"2680",267.9,"Simu1","DIC",50,"cliver",7.73771115777483
"2681",268,"Simu1","DIC",50,"cliver",7.17137132533618
"2682",268.1,"Simu1","DIC",50,"cliver",6.59764201680169
"2683",268.2,"Simu1","DIC",50,"cliver",6.01750767520071
"2684",268.3,"Simu1","DIC",50,"cliver",5.43187992991355
"2685",268.4,"Simu1","DIC",50,"cliver",4.84160395631092
"2686",268.5,"Simu1","DIC",50,"cliver",4.24746531070142
"2687",268.6,"Simu1","DIC",50,"cliver",3.65019791004386
"2688",268.7,"Simu1","DIC",50,"cliver",3.05049484395328
"2689",268.8,"Simu1","DIC",50,"cliver",2.44902644683363
"2690",268.9,"Simu1","DIC",50,"cliver",1.84647623933069
"2691",269,"Simu1","DIC",50,"cliver",1.24364587846469
"2692",269.1,"Simu1","DIC",50,"cliver",0.641922479868056
"2693",269.2,"Simu1","DIC",50,"cliver",0.0515502123397961
"2694",269.3,"Simu1","DIC",50,"cliver",0.00129834705947594
"2695",269.4,"Simu1","DIC",50,"cliver",0.00122872412062841
"2696",269.5,"Simu1","DIC",50,"cliver",0.00116442497849793
"2697",269.6,"Simu1","DIC",50,"cliver",0.00110494267850575
"2698",269.7,"Simu1","DIC",50,"cliver",0.00104982709899024
"2699",269.8,"Simu1","DIC",50,"cliver",0.000998680922465486
"2700",269.9,"Simu1","DIC",50,"cliver",0.000951151057163645
"2701",270,"Simu1","DIC",50,"cliver",0.000906922844062849
"2702",270.1,"Simu1","DIC",50,"cliver",0.00086571636726816
"2703",270.2,"Simu1","DIC",50,"cliver",0.000827277452124164
"2704",270.3,"Simu1","DIC",50,"cliver",0.000791381518275113
"2705",270.4,"Simu1","DIC",50,"cliver",0.000757820252435016
"2706",270.5,"Simu1","DIC",50,"cliver",0.000726416040210935
"2707",270.6,"Simu1","DIC",50,"cliver",0.000696988989165016
"2708",270.7,"Simu1","DIC",50,"cliver",0.000669407721663391
"2709",270.8,"Simu1","DIC",50,"cliver",0.000643507865145418
"2710",270.9,"Simu1","DIC",50,"cliver",0.000619204909773591
"2711",271,"Simu1","DIC",50,"cliver",0.000596309120782966
"2712",271.1,"Simu1","DIC",50,"cliver",0.000574848164789681
"2713",271.2,"Simu1","DIC",50,"cliver",0.000554492528982649
"2714",271.3,"Simu1","DIC",50,"cliver",0.000535753915802056
"2715",271.4,"Simu1","DIC",50,"cliver",0.000516969339879543
"2716",271.5,"Simu1","DIC",50,"cliver",0.000500502219207516
"2717",271.6,"Simu1","DIC",50,"cliver",0.000484393095099004
"2718",271.7,"Simu1","DIC",50,"cliver",0.000469266579443484
"2719",271.8,"Simu1","DIC",50,"cliver",0.000454922875203739
"2720",271.9,"Simu1","DIC",50,"cliver",0.000441343811674588
"2721",272,"Simu1","DIC",50,"cliver",0.000503511626848476
"2722",272.1,"Simu1","DIC",50,"cliver",0.237312526797602
"2723",272.2,"Simu1","DIC",50,"cliver",1.48115967609156
"2724",272.3,"Simu1","DIC",50,"cliver",3.12059055113685
"2725",272.4,"Simu1","DIC",50,"cliver",4.7834659776451
"2726",272.5,"Simu1","DIC",50,"cliver",6.34073403712911
"2727",272.6,"Simu1","DIC",50,"cliver",7.75299690149761
"2728",272.7,"Simu1","DIC",50,"cliver",9.01333939222334
"2729",272.8,"Simu1","DIC",50,"cliver",10.1262938303748
"2730",272.9,"Simu1","DIC",50,"cliver",11.1001310286474
"2731",273,"Simu1","DIC",50,"cliver",11.944055464302
"2732",273.1,"Simu1","DIC",50,"cliver",12.6672010994589
"2733",273.2,"Simu1","DIC",50,"cliver",13.2782906012313
"2734",273.3,"Simu1","DIC",50,"cliver",13.7855380055336
"2735",273.4,"Simu1","DIC",50,"cliver",14.1966166140224
"2736",273.5,"Simu1","DIC",50,"cliver",14.5187140918263
"2737",273.6,"Simu1","DIC",50,"cliver",14.7585191889627
"2738",273.7,"Simu1","DIC",50,"cliver",14.9222671128971
"2739",273.8,"Simu1","DIC",50,"cliver",15.0157769924564
"2740",273.9,"Simu1","DIC",50,"cliver",15.0444838194824
"2741",274,"Simu1","DIC",50,"cliver",15.0134292102253
"2742",274.1,"Simu1","DIC",50,"cliver",14.9273016946336
"2743",274.2,"Simu1","DIC",50,"cliver",14.7904821897992
"2744",274.3,"Simu1","DIC",50,"cliver",14.6070498759257
"2745",274.4,"Simu1","DIC",50,"cliver",14.3807972477216
"2746",274.5,"Simu1","DIC",50,"cliver",14.1152512965022
"2747",274.6,"Simu1","DIC",50,"cliver",13.8136934754742
"2748",274.7,"Simu1","DIC",50,"cliver",13.4791735368631
"2749",274.8,"Simu1","DIC",50,"cliver",13.1145272006775
"2750",274.9,"Simu1","DIC",50,"cliver",12.7223916630178
"2751",275,"Simu1","DIC",50,"cliver",12.3052171906189
"2752",275.1,"Simu1","DIC",50,"cliver",11.8652776362587
"2753",275.2,"Simu1","DIC",50,"cliver",11.4046827812692
"2754",275.3,"Simu1","DIC",50,"cliver",10.9253908071675
"2755",275.4,"Simu1","DIC",50,"cliver",10.4292191219383
"2756",275.5,"Simu1","DIC",50,"cliver",9.91785177053689
"2757",275.6,"Simu1","DIC",50,"cliver",9.39284775588199
"2758",275.7,"Simu1","DIC",50,"cliver",8.85565683927386
"2759",275.8,"Simu1","DIC",50,"cliver",8.30762253011119
"2760",275.9,"Simu1","DIC",50,"cliver",7.74999026751778
"2761",276,"Simu1","DIC",50,"cliver",7.18390336328528
"2762",276.1,"Simu1","DIC",50,"cliver",6.61042147223936
"2763",276.2,"Simu1","DIC",50,"cliver",6.03053079776094
"2764",276.3,"Simu1","DIC",50,"cliver",5.44514455807445
"2765",276.4,"Simu1","DIC",50,"cliver",4.85510801171695
"2766",276.5,"Simu1","DIC",50,"cliver",4.26120620895446
"2767",276.6,"Simu1","DIC",50,"cliver",3.66417265274568
"2768",276.7,"Simu1","DIC",50,"cliver",3.06469931789445
"2769",276.8,"Simu1","DIC",50,"cliver",2.46345491170959
"2770",276.9,"Simu1","DIC",50,"cliver",1.86112167618774
"2771",277,"Simu1","DIC",50,"cliver",1.2584957316509
"2772",277.1,"Simu1","DIC",50,"cliver",0.656931009716168
"2773",277.2,"Simu1","DIC",50,"cliver",0.0654417343696655
"2774",277.3,"Simu1","DIC",50,"cliver",0.00130255470381712
"2775",277.4,"Simu1","DIC",50,"cliver",0.00123282791393619
"2776",277.5,"Simu1","DIC",50,"cliver",0.00116843175685804
"2777",277.6,"Simu1","DIC",50,"cliver",0.00110886021548112
"2778",277.7,"Simu1","DIC",50,"cliver",0.00105366166313169
"2779",277.8,"Simu1","DIC",50,"cliver",0.00100243904679105
"2780",277.9,"Simu1","DIC",50,"cliver",0.000954838155856455
"2781",278,"Simu1","DIC",50,"cliver",0.000910543876060635
"2782",278.1,"Simu1","DIC",50,"cliver",0.000869275897254036
"2783",278.2,"Simu1","DIC",50,"cliver",0.00083077943662035
"2784",278.3,"Simu1","DIC",50,"cliver",0.000794829805310999
"2785",278.4,"Simu1","DIC",50,"cliver",0.000761218027273075
"2786",278.5,"Simu1","DIC",50,"cliver",0.000729766739961881
"2787",278.6,"Simu1","DIC",50,"cliver",0.000700294611860477
"2788",278.7,"Simu1","DIC",50,"cliver",0.000672672981486529
"2789",278.8,"Simu1","DIC",50,"cliver",0.000646732046434525
"2790",278.9,"Simu1","DIC",50,"cliver",0.000622394849628585
"2791",279,"Simu1","DIC",50,"cliver",0.000599458555477977
"2792",279.1,"Simu1","DIC",50,"cliver",0.000577975265299263
"2793",279.2,"Simu1","DIC",50,"cliver",0.000557579906623143
"2794",279.3,"Simu1","DIC",50,"cliver",0.00053884162040963
"2795",279.4,"Simu1","DIC",50,"cliver",0.000520459665843856
"2796",279.5,"Simu1","DIC",50,"cliver",0.000503473057802749
"2797",279.6,"Simu1","DIC",50,"cliver",0.000487400579602079
"2798",279.7,"Simu1","DIC",50,"cliver",0.000472211865105012
"2799",279.8,"Simu1","DIC",50,"cliver",0.000457847447789646
"2800",279.9,"Simu1","DIC",50,"cliver",0.000444253644118991
"2801",280,"Simu1","DIC",50,"cliver",0.000506474963634719
"2802",280.1,"Simu1","DIC",50,"cliver",0.237496871929048
"2803",280.2,"Simu1","DIC",50,"cliver",1.48173325320082
"2804",280.3,"Simu1","DIC",50,"cliver",3.1215498612917
"2805",280.4,"Simu1","DIC",50,"cliver",4.78480540801786
"2806",280.5,"Simu1","DIC",50,"cliver",6.34244801602348
"2807",280.6,"Simu1","DIC",50,"cliver",7.75507997572141
"2808",280.7,"Simu1","DIC",50,"cliver",9.0157862280751
"2809",280.8,"Simu1","DIC",50,"cliver",10.1290992125659
"2810",280.9,"Simu1","DIC",50,"cliver",11.103289893722
"2811",281,"Simu1","DIC",50,"cliver",11.9475628248783
"2812",281.1,"Simu1","DIC",50,"cliver",12.6710531837387
"2813",281.2,"Simu1","DIC",50,"cliver",13.2824826305645
"2814",281.3,"Simu1","DIC",50,"cliver",13.7900606550657
"2815",281.4,"Simu1","DIC",50,"cliver",14.2014777041355
"2816",281.5,"Simu1","DIC",50,"cliver",14.5238872475709
"2817",281.6,"Simu1","DIC",50,"cliver",14.7640155398399
"2818",281.7,"Simu1","DIC",50,"cliver",14.9280858258383
"2819",281.8,"Simu1","DIC",50,"cliver",15.0219161724805
"2820",281.9,"Simu1","DIC",50,"cliver",15.0509318071378
"2821",282,"Simu1","DIC",50,"cliver",15.0201739954729
"2822",282.1,"Simu1","DIC",50,"cliver",14.9343446144781
"2823",282.2,"Simu1","DIC",50,"cliver",14.7978236704159
"2824",282.3,"Simu1","DIC",50,"cliver",14.6146862311261
"2825",282.4,"Simu1","DIC",50,"cliver",14.3887237961107
"2826",282.5,"Simu1","DIC",50,"cliver",14.1234640590793
"2827",282.6,"Simu1","DIC",50,"cliver",13.8221874930346
"2828",282.7,"Simu1","DIC",50,"cliver",13.4879450555187
"2829",282.8,"Simu1","DIC",50,"cliver",13.1235748883112
"2830",282.9,"Simu1","DIC",50,"cliver",12.7317143537227
"2831",283,"Simu1","DIC",50,"cliver",12.3148117721592
"2832",283.1,"Simu1","DIC",50,"cliver",11.8751399413726
"2833",283.2,"Simu1","DIC",50,"cliver",11.414809264396
"2834",283.3,"Simu1","DIC",50,"cliver",10.9357788229798
"2835",283.4,"Simu1","DIC",50,"cliver",10.4398659667199
"2836",283.5,"Simu1","DIC",50,"cliver",9.92875558840823
"2837",283.6,"Simu1","DIC",50,"cliver",9.40400933766905
"2838",283.7,"Simu1","DIC",50,"cliver",8.86707432839597
"2839",283.8,"Simu1","DIC",50,"cliver",8.31929107515929
"2840",283.9,"Simu1","DIC",50,"cliver",7.76190082698249
"2841",284,"Simu1","DIC",50,"cliver",7.19605255985578
"2842",284.1,"Simu1","DIC",50,"cliver",6.62280971585303
"2843",284.2,"Simu1","DIC",50,"cliver",6.04315667537197
"2844",284.3,"Simu1","DIC",50,"cliver",5.45800503104388
"2845",284.4,"Simu1","DIC",50,"cliver",4.86819988852501
"2846",284.5,"Simu1","DIC",50,"cliver",4.27452659046115
"2847",284.6,"Simu1","DIC",50,"cliver",3.67771858446492
"2848",284.7,"Simu1","DIC",50,"cliver",3.07846803156515
"2849",284.8,"Simu1","DIC",50,"cliver",2.47744330113686
"2850",284.9,"Simu1","DIC",50,"cliver",1.8753245294095
"2851",285,"Simu1","DIC",50,"cliver",1.27289904666291
"2852",285.1,"Simu1","DIC",50,"cliver",0.671492503692626
"2853",285.2,"Simu1","DIC",50,"cliver",0.0791789787134034
"2854",285.3,"Simu1","DIC",50,"cliver",0.00130666312148291
"2855",285.4,"Simu1","DIC",50,"cliver",0.00123682859158374
"2856",285.5,"Simu1","DIC",50,"cliver",0.00117233953262376
"2857",285.6,"Simu1","DIC",50,"cliver",0.00111268138033089
"2858",285.7,"Simu1","DIC",50,"cliver",0.00105740379114463
"2859",285.8,"Simu1","DIC",50,"cliver",0.00100610517153245
"2860",285.9,"Simu1","DIC",50,"cliver",0.000958439286251956
"2861",286,"Simu1","DIC",50,"cliver",0.000914079095986857
"2862",286.1,"Simu1","DIC",50,"cliver",0.00087275039958807
"2863",286.2,"Simu1","DIC",50,"cliver",0.000834196285779995
"2864",286.3,"Simu1","DIC",50,"cliver",0.000798194624924312
"2865",286.4,"Simu1","DIC",50,"cliver",0.000764533991472326
"2866",286.5,"Simu1","DIC",50,"cliver",0.000733035990518008
"2867",286.6,"Simu1","DIC",50,"cliver",0.00070352353191836
"2868",286.7,"Simu1","DIC",50,"cliver",0.000675858052941531
"2869",286.8,"Simu1","DIC",50,"cliver",0.000649881694466899
"2870",286.9,"Simu1","DIC",50,"cliver",0.000625498589114073
"2871",287,"Simu1","DIC",50,"cliver",0.000602546482423887
"2872",287.1,"Simu1","DIC",50,"cliver",0.000580996439684608
"2873",287.2,"Simu1","DIC",50,"cliver",0.000560362397882795
"2874",287.3,"Simu1","DIC",50,"cliver",0.000541619237103997
"2875",287.4,"Simu1","DIC",50,"cliver",0.000523506592640688
"2876",287.5,"Simu1","DIC",50,"cliver",0.000506386914336688
"2877",287.6,"Simu1","DIC",50,"cliver",0.0004905880023628
"2878",287.7,"Simu1","DIC",50,"cliver",0.000474902943966056
"2879",287.8,"Simu1","DIC",50,"cliver",0.000460714221015659
"2880",287.9,"Simu1","DIC",50,"cliver",0.000447091783692858
"2881",288,"Simu1","DIC",50,"cliver",0.000509365655287002
"2882",288.1,"Simu1","DIC",50,"cliver",0.237676979115393
"2883",288.2,"Simu1","DIC",50,"cliver",1.48229401499382
"2884",288.3,"Simu1","DIC",50,"cliver",3.12248815711059
"2885",288.4,"Simu1","DIC",50,"cliver",4.78611580840212
"2886",288.5,"Simu1","DIC",50,"cliver",6.34412502927751
"2887",288.6,"Simu1","DIC",50,"cliver",7.7571181953765
"2888",288.7,"Simu1","DIC",50,"cliver",9.01818036071821
"2889",288.8,"Simu1","DIC",50,"cliver",10.1318440852268
"2890",288.9,"Simu1","DIC",50,"cliver",11.1063804551643
"2891",289,"Simu1","DIC",50,"cliver",11.9509941451597
"2892",289.1,"Simu1","DIC",50,"cliver",12.6748204026045
"2893",289.2,"Simu1","DIC",50,"cliver",13.2865811158451
"2894",289.3,"Simu1","DIC",50,"cliver",13.7944863023349
"2895",289.4,"Simu1","DIC",50,"cliver",14.2062223341274
"2896",289.5,"Simu1","DIC",50,"cliver",14.5289626316403
"2897",289.6,"Simu1","DIC",50,"cliver",14.7694004341441
"2898",289.7,"Simu1","DIC",50,"cliver",14.9337839063186
"2899",289.8,"Simu1","DIC",50,"cliver",15.0279229010884
"2900",289.9,"Simu1","DIC",50,"cliver",15.0572360752656
"2901",290,"Simu1","DIC",50,"cliver",15.0267743008073
"2902",290.1,"Simu1","DIC",50,"cliver",14.9412397411855
"2903",290.2,"Simu1","DIC",50,"cliver",14.8050091902346
"2904",290.3,"Simu1","DIC",50,"cliver",14.622157193322
"2905",290.4,"Simu1","DIC",50,"cliver",14.3964750369915
"2906",290.5,"Simu1","DIC",50,"cliver",14.131490733763
"2907",290.6,"Simu1","DIC",50,"cliver",13.830487884035
"2908",290.7,"Simu1","DIC",50,"cliver",13.4965193759026
"2909",290.8,"Simu1","DIC",50,"cliver",13.1324213190032
"2910",290.9,"Simu1","DIC",50,"cliver",12.7408285494497
"2911",291,"Simu1","DIC",50,"cliver",12.324189333592
"2912",291.1,"Simu1","DIC",50,"cliver",11.884777860023
"2913",291.2,"Simu1","DIC",50,"cliver",11.4247052712055
"2914",291.3,"Simu1","DIC",50,"cliver",10.9459303542378
"2915",291.4,"Simu1","DIC",50,"cliver",10.450270042914
"2916",291.5,"Simu1","DIC",50,"cliver",9.9394092775152
"2917",291.6,"Simu1","DIC",50,"cliver",9.4149100020428
"2918",291.7,"Simu1","DIC",50,"cliver",8.87821948548049
"2919",291.8,"Simu1","DIC",50,"cliver",8.33067820800389
"2920",291.9,"Simu1","DIC",50,"cliver",7.77352737089524
"2921",292,"Simu1","DIC",50,"cliver",7.20791598425927
"2922",292.1,"Simu1","DIC",50,"cliver",6.63490755625755
"2923",292.2,"Simu1","DIC",50,"cliver",6.05548649039951
"2924",292.3,"Simu1","DIC",50,"cliver",5.47056434779248
"2925",292.4,"Simu1","DIC",50,"cliver",4.88098616961938
"2926",292.5,"Simu1","DIC",50,"cliver",4.28753719475148
"2927",292.6,"Simu1","DIC",50,"cliver",3.69095067211552
"2928",292.7,"Simu1","DIC",50,"cliver",3.09191835965414
"2929",292.8,"Simu1","DIC",50,"cliver",2.49110778523681
"2930",292.9,"Simu1","DIC",50,"cliver",1.88919628602514
"2931",293,"Simu1","DIC",50,"cliver",1.28696616696712
"2932",293.1,"Simu1","DIC",50,"cliver",0.685715469556492
"2933",293.2,"Simu1","DIC",50,"cliver",0.0927677502097465
"2934",293.3,"Simu1","DIC",50,"cliver",0.00131067768236182
"2935",293.4,"Simu1","DIC",50,"cliver",0.00124074536852463
"2936",293.5,"Simu1","DIC",50,"cliver",0.00117616240248436
"2937",293.6,"Simu1","DIC",50,"cliver",0.00111641828210918
"2938",293.7,"Simu1","DIC",50,"cliver",0.00106106117267204
"2939",293.8,"Simu1","DIC",50,"cliver",0.00100969081309248
"2940",293.9,"Simu1","DIC",50,"cliver",0.000961952868433873
"2941",294,"Simu1","DIC",50,"cliver",0.000917531101151398
"2942",294.1,"Simu1","DIC",50,"cliver",0.00087614414485362
"2943",294.2,"Simu1","DIC",50,"cliver",0.000837536873743955
"2944",294.3,"Simu1","DIC",50,"cliver",0.000801483330111234
"2945",294.4,"Simu1","DIC",50,"cliver",0.00076777468958562
"2946",294.5,"Simu1","DIC",50,"cliver",0.000736231839741959
"2947",294.6,"Simu1","DIC",50,"cliver",0.000706675444000856
"2948",294.7,"Simu1","DIC",50,"cliver",0.000678970360202714
"2949",294.8,"Simu1","DIC",50,"cliver",0.00065295699092237
"2950",294.9,"Simu1","DIC",50,"cliver",0.000628542451561422
"2951",295,"Simu1","DIC",50,"cliver",0.000605549306516925
"2952",295.1,"Simu1","DIC",50,"cliver",0.000583980420072627
"2953",295.2,"Simu1","DIC",50,"cliver",0.000563542397261647
"2954",295.3,"Simu1","DIC",50,"cliver",0.000544688391709895
"2955",295.4,"Simu1","DIC",50,"cliver",0.000525945493069898
"2956",295.5,"Simu1","DIC",50,"cliver",0.000509221582748347
"2957",295.6,"Simu1","DIC",50,"cliver",0.000493241551907553
"2958",295.7,"Simu1","DIC",50,"cliver",0.000477922096809812
"2959",295.8,"Simu1","DIC",50,"cliver",0.000463507610416515
"2960",295.9,"Simu1","DIC",50,"cliver",0.00044986528525552
"2961",296,"Simu1","DIC",50,"cliver",0.000512194687684342
"2962",296.1,"Simu1","DIC",50,"cliver",0.237853475970208
"2963",296.2,"Simu1","DIC",50,"cliver",1.48284389716926
"2964",296.3,"Simu1","DIC",50,"cliver",3.12340863880534
"2965",296.4,"Simu1","DIC",50,"cliver",4.78740158123828
"2966",296.5,"Simu1","DIC",50,"cliver",6.34577061516753
"2967",296.6,"Simu1","DIC",50,"cliver",7.75911816955471
"2968",296.7,"Simu1","DIC",50,"cliver",9.02052940869943
"2969",296.8,"Simu1","DIC",50,"cliver",10.1345370206873
"2970",296.9,"Simu1","DIC",50,"cliver",11.1094121505867
"2971",297,"Simu1","DIC",50,"cliver",11.9543596987593
"2972",297.1,"Simu1","DIC",50,"cliver",12.6785138270662
"2973",297.2,"Simu1","DIC",50,"cliver",13.2905992479081
"2974",297.3,"Simu1","DIC",50,"cliver",13.7988231898538
"2975",297.4,"Simu1","DIC",50,"cliver",14.2108700602333
"2976",297.5,"Simu1","DIC",50,"cliver",14.53392187954
"2977",297.6,"Simu1","DIC",50,"cliver",14.7746694058785
"2978",297.7,"Simu1","DIC",50,"cliver",14.9393496981592
"2979",297.8,"Simu1","DIC",50,"cliver",15.0337864470191
"2980",297.9,"Simu1","DIC",50,"cliver",15.0633994155145
"2981",298,"Simu1","DIC",50,"cliver",15.0332294324776
"2982",298.1,"Simu1","DIC",50,"cliver",14.9479810925311
"2983",298.2,"Simu1","DIC",50,"cliver",14.8120341262257
"2984",298.3,"Simu1","DIC",50,"cliver",14.6294633854341
"2985",298.4,"Simu1","DIC",50,"cliver",14.4040604880735
"2986",298.5,"Simu1","DIC",50,"cliver",14.1393532907795
"2987",298.6,"Simu1","DIC",50,"cliver",13.8386224240589
"2988",298.7,"Simu1","DIC",50,"cliver",13.504919468661
"2989",298.8,"Simu1","DIC",50,"cliver",13.1410829344165
"2990",298.9,"Simu1","DIC",50,"cliver",12.7497500009459
"2991",299,"Simu1","DIC",50,"cliver",12.3333688376085
"2992",299.1,"Simu1","DIC",50,"cliver",11.8942124233183
"2993",299.2,"Simu1","DIC",50,"cliver",11.4343914671539
"2994",299.3,"Simu1","DIC",50,"cliver",10.9558652315196
"2995",299.4,"Simu1","DIC",50,"cliver",10.4604511217207
"2996",299.5,"Simu1","DIC",50,"cliver",9.94983409016798
"2997",299.6,"Simu1","DIC",50,"cliver",9.42557590362684
"2998",299.7,"Simu1","DIC",50,"cliver",8.88912380641817
"2999",299.8,"Simu1","DIC",50,"cliver",8.34181840971084
"3000",299.9,"Simu1","DIC",50,"cliver",7.78490102636975
"3001",300,"Simu1","DIC",50,"cliver",7.21952068495484
"3002",300.1,"Simu1","DIC",50,"cliver",6.64674087229225
"3003",300.2,"Simu1","DIC",50,"cliver",6.06754598831239
"3004",300.3,"Simu1","DIC",50,"cliver",5.4828475976191
"3005",300.4,"Simu1","DIC",50,"cliver",4.8934907069085
"3006",300.5,"Simu1","DIC",50,"cliver",4.30026044809922
"3007",300.6,"Simu1","DIC",50,"cliver",3.70388985706734
"3008",300.7,"Simu1","DIC",50,"cliver",3.10507028304161
"3009",300.8,"Simu1","DIC",50,"cliver",2.50446839479698
"3010",300.9,"Simu1","DIC",50,"cliver",1.90275970978256
"3011",301,"Simu1","DIC",50,"cliver",1.30072067310001
"3012",301.1,"Simu1","DIC",50,"cliver",0.69962351574228
"3013",301.2,"Simu1","DIC",50,"cliver",0.106176784669608
"3014",301.3,"Simu1","DIC",50,"cliver",0.00131460036192113
"3015",301.4,"Simu1","DIC",50,"cliver",0.00124457027098676
"3016",301.5,"Simu1","DIC",50,"cliver",0.0011798967612977
"3017",301.6,"Simu1","DIC",50,"cliver",0.00112006926778295
"3018",301.7,"Simu1","DIC",50,"cliver",0.00106463493904366
"3019",301.8,"Simu1","DIC",50,"cliver",0.00101319316604608
"3020",301.9,"Simu1","DIC",50,"cliver",0.000965388910565853
"3021",302,"Simu1","DIC",50,"cliver",0.000920905458842549
"3022",302.1,"Simu1","DIC",50,"cliver",0.000879461048215097
"3023",302.2,"Simu1","DIC",50,"cliver",0.00084080008454585
"3024",302.3,"Simu1","DIC",50,"cliver",0.000804696381740407
"3025",302.4,"Simu1","DIC",50,"cliver",0.000770940655966021
"3026",302.5,"Simu1","DIC",50,"cliver",0.000739353778722576
"3027",302.6,"Simu1","DIC",50,"cliver",0.000709755682048625
"3028",302.7,"Simu1","DIC",50,"cliver",0.000682012101144341
"3029",302.8,"Simu1","DIC",50,"cliver",0.000655961371467066
"3030",302.9,"Simu1","DIC",50,"cliver",0.000631513270588067
"3031",303,"Simu1","DIC",50,"cliver",0.000608485373818355
"3032",303.1,"Simu1","DIC",50,"cliver",0.000586889676134642
"3033",303.2,"Simu1","DIC",50,"cliver",0.000566417527183414
"3034",303.3,"Simu1","DIC",50,"cliver",0.000547551078288628
"3035",303.4,"Simu1","DIC",50,"cliver",0.000528752394931613
"3036",303.5,"Simu1","DIC",50,"cliver",0.000512066221884157
"3037",303.6,"Simu1","DIC",50,"cliver",0.000495922205150967
"3038",303.7,"Simu1","DIC",50,"cliver",0.000480663879976323
"3039",303.8,"Simu1","DIC",50,"cliver",0.000466233515572068
"3040",303.9,"Simu1","DIC",50,"cliver",0.000452577313374281
"3041",304,"Simu1","DIC",50,"cliver",0.000514953922537811
"3042",304.1,"Simu1","DIC",50,"cliver",0.238025258647103
"3043",304.2,"Simu1","DIC",50,"cliver",1.48337856085182
"3044",304.3,"Simu1","DIC",50,"cliver",3.12430325283344
"3045",304.4,"Simu1","DIC",50,"cliver",4.78865096547301
"3046",304.5,"Simu1","DIC",50,"cliver",6.34736950996451
"3047",304.6,"Simu1","DIC",50,"cliver",7.76106139103956
"3048",304.7,"Simu1","DIC",50,"cliver",9.02281188016787
"3049",304.8,"Simu1","DIC",50,"cliver",10.1371537844324
"3050",304.9,"Simu1","DIC",50,"cliver",11.1123584925368
"3051",305,"Simu1","DIC",50,"cliver",11.9576305964529
"3052",305.1,"Simu1","DIC",50,"cliver",12.6821053427614
"3053",305.2,"Simu1","DIC",50,"cliver",13.294506035468
"3054",305.3,"Simu1","DIC",50,"cliver",13.80304017917
"3055",305.4,"Simu1","DIC",50,"cliver",14.2153972522218
"3056",305.5,"Simu1","DIC",50,"cliver",14.5387750959762
"3057",305.6,"Simu1","DIC",50,"cliver",14.7798176624067
"3058",305.7,"Simu1","DIC",50,"cliver",14.9447888115912
"3059",305.8,"Simu1","DIC",50,"cliver",15.0395024356044
"3060",305.9,"Simu1","DIC",50,"cliver",15.0693836322176
"3061",306,"Simu1","DIC",50,"cliver",15.0394915395967
"3062",306.1,"Simu1","DIC",50,"cliver",14.9545367338628
"3063",306.2,"Simu1","DIC",50,"cliver",14.8188757114555
"3064",306.3,"Simu1","DIC",50,"cliver",14.6365782604667
"3065",306.4,"Simu1","DIC",50,"cliver",14.4114423484476
"3066",306.5,"Simu1","DIC",50,"cliver",14.1470003126146
"3067",306.6,"Simu1","DIC",50,"cliver",13.8465345737621
"3068",306.7,"Simu1","DIC",50,"cliver",13.513096357232
"3069",306.8,"Simu1","DIC",50,"cliver",13.1495214097043
"3070",306.9,"Simu1","DIC",50,"cliver",12.7584453181499
"3071",307,"Simu1","DIC",50,"cliver",12.3423168182366
"3072",307.1,"Simu1","DIC",50,"cliver",11.9034100121736
"3073",307.2,"Simu1","DIC",50,"cliver",11.4438347106747
"3074",307.3,"Simu1","DIC",50,"cliver",10.965549797846
"3075",307.4,"Simu1","DIC",50,"cliver",10.470373932246
"3076",307.5,"Simu1","DIC",50,"cliver",9.95999336967806
"3077",307.6,"Simu1","DIC",50,"cliver",9.43596989402498
"3078",307.7,"Simu1","DIC",50,"cliver",8.89975009001062
"3079",307.8,"Simu1","DIC",50,"cliver",8.35267427890585
"3080",307.9,"Simu1","DIC",50,"cliver",7.79598400128274
"3081",308,"Simu1","DIC",50,"cliver",7.23082854746121
"3082",308.1,"Simu1","DIC",50,"cliver",6.65827141494763
"3083",308.2,"Simu1","DIC",50,"cliver",6.07929688300973
"3084",308.3,"Simu1","DIC",50,"cliver",5.49481645140903
"3085",308.4,"Simu1","DIC",50,"cliver",4.90567512205351
"3086",308.5,"Simu1","DIC",50,"cliver",4.31265796681615
"3087",308.6,"Simu1","DIC",50,"cliver",3.71649781371185
"3088",308.7,"Simu1","DIC",50,"cliver",3.11788558155271
"3089",308.8,"Simu1","DIC",50,"cliver",2.51748705591127
"3090",308.9,"Simu1","DIC",50,"cliver",1.91597660847294
"3091",309,"Simu1","DIC",50,"cliver",1.31412466764224
"3092",309.1,"Simu1","DIC",50,"cliver",0.713178862950248
"3093",309.2,"Simu1","DIC",50,"cliver",0.119335779592253
"3094",309.3,"Simu1","DIC",50,"cliver",0.00131843035597053
"3095",309.4,"Simu1","DIC",50,"cliver",0.00124830399157984
"3096",309.5,"Simu1","DIC",50,"cliver",0.00118354226421961
"3097",309.6,"Simu1","DIC",50,"cliver",0.00112363347489174
"3098",309.7,"Simu1","DIC",50,"cliver",0.00106812368262974
"3099",309.8,"Simu1","DIC",50,"cliver",0.00101661231787207
"3100",309.9,"Simu1","DIC",50,"cliver",0.000968743410962045
"3101",310,"Simu1","DIC",50,"cliver",0.000924199804469375
"3102",310.1,"Simu1","DIC",50,"cliver",0.000882699389626668
"3103",310.2,"Simu1","DIC",50,"cliver",0.000843986027098482
"3104",310.3,"Simu1","DIC",50,"cliver",0.000807833433988571
"3105",310.4,"Simu1","DIC",50,"cliver",0.000774031711181369
"3106",310.5,"Simu1","DIC",50,"cliver",0.000742401973097832
"3107",310.6,"Simu1","DIC",50,"cliver",0.000712762888730788
"3108",310.7,"Simu1","DIC",50,"cliver",0.000684982390901573
"3109",310.8,"Simu1","DIC",50,"cliver",0.000658894426757463
"3110",310.9,"Simu1","DIC",50,"cliver",0.00063441488910244
"3111",311,"Simu1","DIC",50,"cliver",0.000611350615992471
"3112",311.1,"Simu1","DIC",50,"cliver",0.000589733738363927
"3113",311.2,"Simu1","DIC",50,"cliver",0.000569224036713666
"3114",311.3,"Simu1","DIC",50,"cliver",0.000550359518527007
"3115",311.4,"Simu1","DIC",50,"cliver",0.000531567718480226
"3116",311.5,"Simu1","DIC",50,"cliver",0.000514799056768981
"3117",311.6,"Simu1","DIC",50,"cliver",0.000498631080355474
"3118",311.7,"Simu1","DIC",50,"cliver",0.000483350874540368
"3119",311.8,"Simu1","DIC",50,"cliver",0.00046889954375566
"3120",311.9,"Simu1","DIC",50,"cliver",0.000455223015276505
"3121",312,"Simu1","DIC",50,"cliver",0.000517648360437082
"3122",312.1,"Simu1","DIC",50,"cliver",0.238192704484395
"3123",312.2,"Simu1","DIC",50,"cliver",1.48389940971352
"3124",312.3,"Simu1","DIC",50,"cliver",3.12517456398006
"3125",312.4,"Simu1","DIC",50,"cliver",4.78986769271743
"3126",312.5,"Simu1","DIC",50,"cliver",6.34892656082782
"3127",312.6,"Simu1","DIC",50,"cliver",7.76295375556572
"3128",312.7,"Simu1","DIC",50,"cliver",9.02503465407303
"3129",312.8,"Simu1","DIC",50,"cliver",10.1397021752749
"3130",312.9,"Simu1","DIC",50,"cliver",11.1152277624879
"3131",313,"Simu1","DIC",50,"cliver",11.9608162950777
"3132",313.1,"Simu1","DIC",50,"cliver",12.6856034433342
"3133",313.2,"Simu1","DIC",50,"cliver",13.2983102745
"3134",313.3,"Simu1","DIC",50,"cliver",13.807149603753
"3135",313.4,"Simu1","DIC",50,"cliver",14.2198038819686
"3136",313.5,"Simu1","DIC",50,"cliver",14.5434515338321
"3137",313.6,"Simu1","DIC",50,"cliver",14.7847915245535
"3138",313.7,"Simu1","DIC",50,"cliver",14.9500571951877
"3139",313.8,"Simu1","DIC",50,"cliver",15.0450675641552
"3140",313.9,"Simu1","DIC",50,"cliver",15.0752434422247
"3141",314,"Simu1","DIC",50,"cliver",15.0456324584428
"3142",314.1,"Simu1","DIC",50,"cliver",14.9609384042109
"3143",314.2,"Simu1","DIC",50,"cliver",14.8255389600679
"3144",314.3,"Simu1","DIC",50,"cliver",14.6435084750811
"3145",314.4,"Simu1","DIC",50,"cliver",14.4186388106328
"3146",314.5,"Simu1","DIC",50,"cliver",14.154458819887
"3147",314.6,"Simu1","DIC",50,"cliver",13.8542485409264
"3148",314.7,"Simu1","DIC",50,"cliver",13.5210593326473
"3149",314.8,"Simu1","DIC",50,"cliver",13.1577299380386
"3150",314.9,"Simu1","DIC",50,"cliver",12.7668983547743
"3151",315,"Simu1","DIC",50,"cliver",12.3510132177816
"3152",315.1,"Simu1","DIC",50,"cliver",11.912347433772
"3153",315.2,"Simu1","DIC",50,"cliver",11.4530115857173
"3154",315.3,"Simu1","DIC",50,"cliver",10.9749650528818
"3155",315.4,"Simu1","DIC",50,"cliver",10.4800254718721
"3156",315.5,"Simu1","DIC",50,"cliver",9.96987794299945
"3157",315.6,"Simu1","DIC",50,"cliver",9.4460842870617
"3158",315.7,"Simu1","DIC",50,"cliver",8.91009180245496
"3159",315.8,"Simu1","DIC",50,"cliver",8.36324119257658
"3160",315.9,"Simu1","DIC",50,"cliver",7.80677386515322
"3161",316,"Simu1","DIC",50,"cliver",7.24183891081834
"3162",316.1,"Simu1","DIC",50,"cliver",6.66949984501126
"3163",316.2,"Simu1","DIC",50,"cliver",6.09074107438739
"3164",316.3,"Simu1","DIC",50,"cliver",5.50647413956743
"3165",316.4,"Simu1","DIC",50,"cliver",4.91754396079498
"3166",316.5,"Simu1","DIC",50,"cliver",4.32473547143728
"3167",316.6,"Simu1","DIC",50,"cliver",3.72878130978483
"3168",316.7,"Simu1","DIC",50,"cliver",3.13037203217489
"3169",316.8,"Simu1","DIC",50,"cliver",2.53017259946043
"3170",316.9,"Simu1","DIC",50,"cliver",1.92885617157716
"3171",317,"Simu1","DIC",50,"cliver",1.32718763134345
"3172",317.1,"Simu1","DIC",50,"cliver",0.726391442361038
"3173",317.2,"Simu1","DIC",50,"cliver",0.132230817623163
"3174",317.3,"Simu1","DIC",50,"cliver",0.00132217451308601
"3175",317.4,"Simu1","DIC",50,"cliver",0.00125194941686712
"3176",317.5,"Simu1","DIC",50,"cliver",0.00118710289786857
"3177",317.6,"Simu1","DIC",50,"cliver",0.0011271150999554
"3178",317.7,"Simu1","DIC",50,"cliver",0.00107153286201473
"3179",317.8,"Simu1","DIC",50,"cliver",0.00101995189774746
"3180",317.9,"Simu1","DIC",50,"cliver",0.000972023157892589
"3181",318,"Simu1","DIC",50,"cliver",0.000927419833978996
"3182",318.1,"Simu1","DIC",50,"cliver",0.000885864377676048
"3183",318.2,"Simu1","DIC",50,"cliver",0.000847098076032921
"3184",318.3,"Simu1","DIC",50,"cliver",0.000810898202350563
"3185",318.4,"Simu1","DIC",50,"cliver",0.000777051088107443
"3186",318.5,"Simu1","DIC",50,"cliver",0.000745379799145846
"3187",318.6,"Simu1","DIC",50,"cliver",0.000715701568118475
"3188",318.7,"Simu1","DIC",50,"cliver",0.000687885770381781
"3189",318.8,"Simu1","DIC",50,"cliver",0.000661756765665677
"3190",318.9,"Simu1","DIC",50,"cliver",0.000637251613928326
"3191",319,"Simu1","DIC",50,"cliver",0.000614139438871307
"3192",319.1,"Simu1","DIC",50,"cliver",0.000592531630412045
"3193",319.2,"Simu1","DIC",50,"cliver",0.000571835048748068
"3194",319.3,"Simu1","DIC",50,"cliver",0.000552810669231384
"3195",319.4,"Simu1","DIC",50,"cliver",0.000534709757478594
"3196",319.5,"Simu1","DIC",50,"cliver",0.000517589584812812
"3197",319.6,"Simu1","DIC",50,"cliver",0.000501184831150106
"3198",319.7,"Simu1","DIC",50,"cliver",0.000486322190027542
"3199",319.8,"Simu1","DIC",50,"cliver",0.000471515146169914
"3200",319.9,"Simu1","DIC",50,"cliver",0.000457805234853159
"3201",320,"Simu1","DIC",50,"cliver",0.000520278865074194
"3202",320.1,"Simu1","DIC",50,"cliver",0.238356175896736
"3203",320.2,"Simu1","DIC",50,"cliver",1.48440786837588
"3204",320.3,"Simu1","DIC",50,"cliver",3.12602518803931
"3205",320.4,"Simu1","DIC",50,"cliver",4.79105556417643
"3206",320.5,"Simu1","DIC",50,"cliver",6.35044670043885
"3207",320.6,"Simu1","DIC",50,"cliver",7.76480125971109
"3208",320.7,"Simu1","DIC",50,"cliver",9.02720472144833
"3209",320.8,"Simu1","DIC",50,"cliver",10.1421901142636
"3210",320.9,"Simu1","DIC",50,"cliver",11.1180289072308
"3211",321,"Simu1","DIC",50,"cliver",11.9639264632827
"3212",321.1,"Simu1","DIC",50,"cliver",12.6890174548909
"3213",321.2,"Simu1","DIC",50,"cliver",13.3020319783182
"3214",321.3,"Simu1","DIC",50,"cliver",13.8111681720401
"3215",321.4,"Simu1","DIC",50,"cliver",14.2241115409877
"3216",321.5,"Simu1","DIC",50,"cliver",14.5480517903844
"3217",321.6,"Simu1","DIC",50,"cliver",14.7896841288055
"3218",321.7,"Simu1","DIC",50,"cliver",14.9552157784402
"3219",321.8,"Simu1","DIC",50,"cliver",15.05049244233
"3220",321.9,"Simu1","DIC",50,"cliver",15.0809399991583
"3221",322,"Simu1","DIC",50,"cliver",15.05160191493
"3222",322.1,"Simu1","DIC",50,"cliver",14.9671717766196
"3223",322.2,"Simu1","DIC",50,"cliver",14.8320314563908
"3224",322.3,"Simu1","DIC",50,"cliver",14.6502590331533
"3225",322.4,"Simu1","DIC",50,"cliver",14.4256463583592
"3226",322.5,"Simu1","DIC",50,"cliver",14.1617205125432
"3227",322.6,"Simu1","DIC",50,"cliver",13.8617623478438
"3228",322.7,"Simu1","DIC",50,"cliver",13.5288224302719
"3229",322.8,"Simu1","DIC",50,"cliver",13.1657383984043
"3230",322.9,"Simu1","DIC",50,"cliver",12.7751485770751
"3231",323,"Simu1","DIC",50,"cliver",12.3595026632969
"3232",323.1,"Simu1","DIC",50,"cliver",11.9210739451707
"3233",323.2,"Simu1","DIC",50,"cliver",11.4619726617064
"3234",323.3,"Simu1","DIC",50,"cliver",10.9841578967601
"3235",323.4,"Simu1","DIC",50,"cliver",10.4894473948676
"3236",323.5,"Simu1","DIC",50,"cliver",9.97952650950971
"3237",323.6,"Simu1","DIC",50,"cliver",9.45595716473463
"3238",323.7,"Simu1","DIC",50,"cliver",8.92018662220212
"3239",323.8,"Simu1","DIC",50,"cliver",8.37355556497815
"3240",323.9,"Simu1","DIC",50,"cliver",7.81730545505609
"3241",324,"Simu1","DIC",50,"cliver",7.25258545290598
"3242",324.1,"Simu1","DIC",50,"cliver",6.68045910313605
"3243",324.2,"Simu1","DIC",50,"cliver",6.10191080289335
"3244",324.3,"Simu1","DIC",50,"cliver",5.51785207099502
"3245",324.4,"Simu1","DIC",50,"cliver",4.92912779253571
"3246",324.5,"Simu1","DIC",50,"cliver",4.33652282170462
"3247",324.6,"Simu1","DIC",50,"cliver",3.74076962786227
"3248",324.7,"Simu1","DIC",50,"cliver",3.14255843894484
"3249",324.8,"Simu1","DIC",50,"cliver",2.54255358072593
"3250",324.9,"Simu1","DIC",50,"cliver",1.94142496909427
"3251",325,"Simu1","DIC",50,"cliver",1.33993408572072
"3252",325.1,"Simu1","DIC",50,"cliver",0.739285188189883
"3253",325.2,"Simu1","DIC",50,"cliver",0.144867521611948
"3254",325.3,"Simu1","DIC",50,"cliver",0.00132583029778966
"3255",325.4,"Simu1","DIC",50,"cliver",0.00125551952921751
"3256",325.5,"Simu1","DIC",50,"cliver",0.00119058680653135
"3257",325.6,"Simu1","DIC",50,"cliver",0.00113052032539633
"3258",325.7,"Simu1","DIC",50,"cliver",0.00107486522077544
"3259",325.8,"Simu1","DIC",50,"cliver",0.00102321881909527
"3260",325.9,"Simu1","DIC",50,"cliver",0.000975224603589388
"3261",326,"Simu1","DIC",50,"cliver",0.000930564451326407
"3262",326.1,"Simu1","DIC",50,"cliver",0.000888955338716725
"3263",326.2,"Simu1","DIC",50,"cliver",0.000850140640917131
"3264",326.3,"Simu1","DIC",50,"cliver",0.000813893122080398
"3265",326.4,"Simu1","DIC",50,"cliver",0.000780002743483252
"3266",326.5,"Simu1","DIC",50,"cliver",0.000748289454660641
"3267",326.6,"Simu1","DIC",50,"cliver",0.000718572793472822
"3268",326.7,"Simu1","DIC",50,"cliver",0.000690717180814933
"3269",326.8,"Simu1","DIC",50,"cliver",0.000664561607089895
"3270",326.9,"Simu1","DIC",50,"cliver",0.000640013676712061
"3271",327,"Simu1","DIC",50,"cliver",0.000616893103402601
"3272",327.1,"Simu1","DIC",50,"cliver",0.00059520656577161
"3273",327.2,"Simu1","DIC",50,"cliver",0.000574651863833729
"3274",327.3,"Simu1","DIC",50,"cliver",0.000555703250770366
"3275",327.4,"Simu1","DIC",50,"cliver",0.000536830820601287
"3276",327.5,"Simu1","DIC",50,"cliver",0.000520074063638726
"3277",327.6,"Simu1","DIC",50,"cliver",0.000503862321777931
"3278",327.7,"Simu1","DIC",50,"cliver",0.000488539257773585
"3279",327.8,"Simu1","DIC",50,"cliver",0.000474047293820284
"3280",327.9,"Simu1","DIC",50,"cliver",0.000460331626043451
"3281",328,"Simu1","DIC",50,"cliver",0.000522851867337086
"3282",328.1,"Simu1","DIC",50,"cliver",0.238514875923106
"3283",328.2,"Simu1","DIC",50,"cliver",1.48490039847138
"3284",328.3,"Simu1","DIC",50,"cliver",3.1268461571859
"3285",328.4,"Simu1","DIC",50,"cliver",4.79220140470674
"3286",328.5,"Simu1","DIC",50,"cliver",6.35191268655385
"3287",328.6,"Simu1","DIC",50,"cliver",7.76658296330998
"3288",328.7,"Simu1","DIC",50,"cliver",9.02929772789837
"3289",328.8,"Simu1","DIC",50,"cliver",10.1445901858521
"3290",328.9,"Simu1","DIC",50,"cliver",11.1207319854808
"3291",329,"Simu1","DIC",50,"cliver",11.9669277522524
"3292",329.1,"Simu1","DIC",50,"cliver",12.6923168380711
"3293",329.2,"Simu1","DIC",50,"cliver",13.3056160685616
"3294",329.3,"Simu1","DIC",50,"cliver",13.8150368931737
"3295",329.4,"Simu1","DIC",50,"cliver",14.2282640689497
"3296",329.5,"Simu1","DIC",50,"cliver",14.5524849345816
"3297",329.6,"Simu1","DIC",50,"cliver",14.794372406184
"3298",329.7,"Simu1","DIC",50,"cliver",14.9602088430254
"3299",329.8,"Simu1","DIC",50,"cliver",15.0557726504347
"3300",329.9,"Simu1","DIC",50,"cliver",15.0864839292348
"3301",330,"Simu1","DIC",50,"cliver",15.0574020212045
"3302",330.1,"Simu1","DIC",50,"cliver",14.9732316612149
"3303",330.2,"Simu1","DIC",50,"cliver",14.8383468036699
"3304",330.3,"Simu1","DIC",50,"cliver",14.6568250255971
"3305",330.4,"Simu1","DIC",50,"cliver",14.4324597669887
"3306",330.5,"Simu1","DIC",50,"cliver",14.1687789686486
"3307",330.6,"Simu1","DIC",50,"cliver",13.8690640286638
"3308",330.7,"Simu1","DIC",50,"cliver",13.5363660873519
"3309",330.8,"Simu1","DIC",50,"cliver",13.173520931709
"3310",330.9,"Simu1","DIC",50,"cliver",12.7831656867282
"3311",331,"Simu1","DIC",50,"cliver",12.3677511041478
"3312",331.1,"Simu1","DIC",50,"cliver",11.9295518082943
"3313",331.2,"Simu1","DIC",50,"cliver",11.4706781394832
"3314",331.3,"Simu1","DIC",50,"cliver",10.9930885745596
"3315",331.4,"Simu1","DIC",50,"cliver",10.4986005887848
"3316",331.5,"Simu1","DIC",50,"cliver",9.98889977658089
"3317",331.6,"Simu1","DIC",50,"cliver",9.46554834353669
"3318",331.7,"Simu1","DIC",50,"cliver",8.92999358605773
"3319",331.8,"Simu1","DIC",50,"cliver",8.3835760957699
"3320",331.9,"Simu1","DIC",50,"cliver",7.8275373139243
"3321",332,"Simu1","DIC",50,"cliver",7.26302646889118
"3322",332.1,"Simu1","DIC",50,"cliver",6.69110716542911
"3323",332.2,"Simu1","DIC",50,"cliver",6.11276380050009
"3324",332.3,"Simu1","DIC",50,"cliver",5.52890785337123
"3325",332.4,"Simu1","DIC",50,"cliver",4.94038415747868
"3326",332.5,"Simu1","DIC",50,"cliver",4.34797748490632
"3327",332.6,"Simu1","DIC",50,"cliver",3.75242013514882
"3328",332.7,"Simu1","DIC",50,"cliver",3.15440198451463
"3329",332.8,"Simu1","DIC",50,"cliver",2.55458661532143
"3330",332.9,"Simu1","DIC",50,"cliver",1.95364198817549
"3331",333,"Simu1","DIC",50,"cliver",1.352325879562
"3332",333.1,"Simu1","DIC",50,"cliver",0.751821970508698
"3333",333.2,"Simu1","DIC",50,"cliver",0.157196748639107
"3334",333.3,"Simu1","DIC",50,"cliver",0.00132939626400236
"3335",333.4,"Simu1","DIC",50,"cliver",0.00125899716174044
"3336",333.5,"Simu1","DIC",50,"cliver",0.0011939822652033
"3337",333.6,"Simu1","DIC",50,"cliver",0.00113384002937396
"3338",333.7,"Simu1","DIC",50,"cliver",0.00107811459856099
"3339",333.8,"Simu1","DIC",50,"cliver",0.0010264033595601
"3340",333.9,"Simu1","DIC",50,"cliver",0.000978348909352803
"3341",334,"Simu1","DIC",50,"cliver",0.000933632708092853
"3342",334.1,"Simu1","DIC",50,"cliver",0.000891971419658533
"3343",334.2,"Simu1","DIC",50,"cliver",0.000853107894851227
"3344",334.3,"Simu1","DIC",50,"cliver",0.000816814831864102
"3345",334.4,"Simu1","DIC",50,"cliver",0.000782881582391283
"3346",334.5,"Simu1","DIC",50,"cliver",0.000751128377509029
"3347",334.6,"Simu1","DIC",50,"cliver",0.000721373485795919
"3348",334.7,"Simu1","DIC",50,"cliver",0.000693483548811426
"3349",334.8,"Simu1","DIC",50,"cliver",0.000667293186083578
"3350",334.9,"Simu1","DIC",50,"cliver",0.000642716144477161
"3351",335,"Simu1","DIC",50,"cliver",0.0006195613488794
"3352",335.1,"Simu1","DIC",50,"cliver",0.000597855813207992
"3353",335.2,"Simu1","DIC",50,"cliver",0.000577264844683223
"3354",335.3,"Simu1","DIC",50,"cliver",0.000558321490821502
"3355",335.4,"Simu1","DIC",50,"cliver",0.000539408588054238
"3356",335.5,"Simu1","DIC",50,"cliver",0.000522619252932534
"3357",335.6,"Simu1","DIC",50,"cliver",0.000506385074982481
"3358",335.7,"Simu1","DIC",50,"cliver",0.000491041633540549
"3359",335.8,"Simu1","DIC",50,"cliver",0.000476530139818836
"3360",335.9,"Simu1","DIC",50,"cliver",0.000462796374260076
"3361",336,"Simu1","DIC",50,"cliver",0.000525362381118775
"3362",336.1,"Simu1","DIC",50,"cliver",0.23867179695531
"3363",336.2,"Simu1","DIC",50,"cliver",1.48538920378746
"3364",336.3,"Simu1","DIC",50,"cliver",3.12766675659752
"3365",336.4,"Simu1","DIC",50,"cliver",4.793347839628
"3366",336.5,"Simu1","DIC",50,"cliver",6.35338003876141
"3367",336.6,"Simu1","DIC",50,"cliver",7.7683661647366
"3368",336.7,"Simu1","DIC",50,"cliver",9.03139189667312
"3369",336.8,"Simu1","DIC",50,"cliver",10.1469904765518
"3370",336.9,"Simu1","DIC",50,"cliver",11.1234335933623
"3371",337,"Simu1","DIC",50,"cliver",11.9699267095338
"3372",337.1,"Simu1","DIC",50,"cliver",12.6956047551766
"3373",337.2,"Simu1","DIC",50,"cliver",13.3091916493931
"3374",337.3,"Simu1","DIC",50,"cliver",13.8189000575594
"3375",337.4,"Simu1","DIC",50,"cliver",14.2324268889185
"3376",337.5,"Simu1","DIC",50,"cliver",14.5569184166657
"3377",337.6,"Simu1","DIC",50,"cliver",14.799078120193
"3378",337.7,"Simu1","DIC",50,"cliver",14.9651522724367
"3379",337.8,"Simu1","DIC",50,"cliver",15.0609715587107
"3380",337.9,"Simu1","DIC",50,"cliver",15.0919537236859
"3381",338,"Simu1","DIC",50,"cliver",15.0631337796011
"3382",338.1,"Simu1","DIC",50,"cliver",14.9792163678047
"3383",338.2,"Simu1","DIC",50,"cliver",14.8445841866487
"3384",338.3,"Simu1","DIC",50,"cliver",14.6633131904801
"3385",338.4,"Simu1","DIC",50,"cliver",14.4391945560759
"3386",338.5,"Simu1","DIC",50,"cliver",14.1757562151302
"3387",338.6,"Simu1","DIC",50,"cliver",13.8762790943404
"3388",338.7,"Simu1","DIC",50,"cliver",13.5438148800512
"3389",338.8,"Simu1","DIC",50,"cliver",13.1812024052062
"3390",338.9,"Simu1","DIC",50,"cliver",12.7910794984548
"3391",339,"Simu1","DIC",50,"cliver",12.3758948290389
"3392",339.1,"Simu1","DIC",50,"cliver",11.9379215928345
"3393",339.2,"Simu1","DIC",50,"cliver",11.4792706577206
"3394",339.3,"Simu1","DIC",50,"cliver",11.0019015552556
"3395",339.4,"Simu1","DIC",50,"cliver",10.5076320241362
"3396",339.5,"Simu1","DIC",50,"cliver",9.99814730715904
"3397",339.6,"Simu1","DIC",50,"cliver",9.47500939543654
"3398",339.7,"Simu1","DIC",50,"cliver",8.9396657340705
"3399",339.8,"Simu1","DIC",50,"cliver",8.3934571371804
"3400",339.9,"Simu1","DIC",50,"cliver",7.83762510687665
"3401",340,"Simu1","DIC",50,"cliver",7.27331882051872
"3402",340.1,"Simu1","DIC",50,"cliver",6.70160185929694
"3403",340.2,"Simu1","DIC",50,"cliver",6.12345865341245
"3404",340.3,"Simu1","DIC",50,"cliver",5.53980070723327
"3405",340.4,"Simu1","DIC",50,"cliver",4.95147281946378
"3406",340.5,"Simu1","DIC",50,"cliver",4.35925966143641
"3407",340.6,"Simu1","DIC",50,"cliver",3.76389335386666
"3408",340.7,"Simu1","DIC",50,"cliver",3.16606343593201
"3409",340.8,"Simu1","DIC",50,"cliver",2.56643276966137
"3410",340.9,"Simu1","DIC",50,"cliver",1.96566870776909
"3411",341,"Simu1","DIC",50,"cliver",1.36452308963927
"3412",341.1,"Simu1","DIC",50,"cliver",0.764161339899191
"3413",341.2,"Simu1","DIC",50,"cliver",0.169363901714964
"3414",341.3,"Simu1","DIC",50,"cliver",0.00133289073721212
"3415",341.4,"Simu1","DIC",50,"cliver",0.0012624042742027
"3416",341.5,"Simu1","DIC",50,"cliver",0.00119730855775181
"3417",341.6,"Simu1","DIC",50,"cliver",0.00113709177744945
"3418",341.7,"Simu1","DIC",50,"cliver",0.00108129774818631
"3419",341.8,"Simu1","DIC",50,"cliver",0.00102952184979506
"3420",341.9,"Simu1","DIC",50,"cliver",0.000981408385265554
"3421",342,"Simu1","DIC",50,"cliver",0.000936637112547195
"3422",342.1,"Simu1","DIC",50,"cliver",0.000894924097191605
"3423",342.2,"Simu1","DIC",50,"cliver",0.000856012888737582
"3424",342.3,"Simu1","DIC",50,"cliver",0.000819674423934287
"3425",342.4,"Simu1","DIC",50,"cliver",0.000785699925458575
"3426",342.5,"Simu1","DIC",50,"cliver",0.000753905674812645
"3427",342.6,"Simu1","DIC",50,"cliver",0.000724116614385935
"3428",342.7,"Simu1","DIC",50,"cliver",0.000696186891675888
"3429",342.8,"Simu1","DIC",50,"cliver",0.000669971122140705
"3430",342.9,"Simu1","DIC",50,"cliver",0.000645351300036492
"3431",343,"Simu1","DIC",50,"cliver",0.000622187705238882
"3432",343.1,"Simu1","DIC",50,"cliver",0.000600420628044967
"3433",343.2,"Simu1","DIC",50,"cliver",0.000579862767362306
"3434",343.3,"Simu1","DIC",50,"cliver",0.000560747450690574
"3435",343.4,"Simu1","DIC",50,"cliver",0.000542103481951946
"3436",343.5,"Simu1","DIC",50,"cliver",0.00052499013231242
"3437",343.6,"Simu1","DIC",50,"cliver",0.000509095235670905
"3438",343.7,"Simu1","DIC",50,"cliver",0.000493495344785992
"3439",343.8,"Simu1","DIC",50,"cliver",0.000478959167984368
"3440",343.9,"Simu1","DIC",50,"cliver",0.000465204944108726
"3441",344,"Simu1","DIC",50,"cliver",0.000527815451739456
"3442",344.1,"Simu1","DIC",50,"cliver",0.238823961724895
"3443",344.2,"Simu1","DIC",50,"cliver",1.48586215343732
"3444",344.3,"Simu1","DIC",50,"cliver",3.12845785499351
"3445",344.4,"Simu1","DIC",50,"cliver",4.79445250451299
"3446",344.5,"Simu1","DIC",50,"cliver",6.35479363040454
"3447",344.6,"Simu1","DIC",50,"cliver",7.77008411393188
"3448",344.7,"Simu1","DIC",50,"cliver",9.03340972984999
"3449",344.8,"Simu1","DIC",50,"cliver",10.1493038223608
"3450",344.9,"Simu1","DIC",50,"cliver",11.1260381894647
"3451",345,"Simu1","DIC",50,"cliver",11.9728183833073
"3452",345.1,"Simu1","DIC",50,"cliver",12.6987792738299
"3453",345.2,"Simu1","DIC",50,"cliver",13.3126444291742
"3454",345.3,"Simu1","DIC",50,"cliver",13.8226260068104
"3455",345.4,"Simu1","DIC",50,"cliver",14.2364069943546
"3456",345.5,"Simu1","DIC",50,"cliver",14.5611697921184
"3457",345.6,"Simu1","DIC",50,"cliver",14.8036040908742
"3458",345.7,"Simu1","DIC",50,"cliver",14.969951512865
"3459",345.8,"Simu1","DIC",50,"cliver",15.0660300066113
"3460",345.9,"Simu1","DIC",50,"cliver",15.097259618197
"3461",346,"Simu1","DIC",50,"cliver",15.0686901076527
"3462",346.1,"Simu1","DIC",50,"cliver",14.9850231190134
"3463",346.2,"Simu1","DIC",50,"cliver",14.8506363640721
"3464",346.3,"Simu1","DIC",50,"cliver",14.6696056376924
"3465",346.4,"Simu1","DIC",50,"cliver",14.4457234222236
"3466",346.5,"Simu1","DIC",50,"cliver",14.1825171628741
"3467",346.6,"Simu1","DIC",50,"cliver",13.8832702382689
"3468",346.7,"Simu1","DIC",50,"cliver",13.5510365842578
"3469",346.8,"Simu1","DIC",50,"cliver",13.1886535250447
"3470",346.9,"Simu1","DIC",50,"cliver",12.7987564162763
"3471",347,"Simu1","DIC",50,"cliver",12.3837936235767
"3472",347.1,"Simu1","DIC",50,"cliver",11.9460395907139
"3473",347.2,"Simu1","DIC",50,"cliver",11.4876059784115
"3474",347.3,"Simu1","DIC",50,"cliver",11.0104521071018
"3475",347.4,"Simu1","DIC",50,"cliver",10.5163952985086
"3476",347.5,"Simu1","DIC",50,"cliver",10.0071207916101
"3477",347.6,"Simu1","DIC",50,"cliver",9.48419084232793
"3478",347.7,"Simu1","DIC",50,"cliver",8.9490530561756
"3479",347.8,"Simu1","DIC",50,"cliver",8.40304822277835
"3480",347.9,"Simu1","DIC",50,"cliver",7.84741779176005
"3481",348,"Simu1","DIC",50,"cliver",7.28331096364391
"3482",348.1,"Simu1","DIC",50,"cliver",6.7117913805151
"3483",348.2,"Simu1","DIC",50,"cliver",6.13384349891717
"3484",348.3,"Simu1","DIC",50,"cliver",5.55037879935552
"3485",348.4,"Simu1","DIC",50,"cliver",4.96224202743883
"3486",348.5,"Simu1","DIC",50,"cliver",4.37021777156421
"3487",348.6,"Simu1","DIC",50,"cliver",3.77503799391157
"3488",348.7,"Simu1","DIC",50,"cliver",3.17739190325248
"3489",348.8,"Simu1","DIC",50,"cliver",2.57794164448523
"3490",348.9,"Simu1","DIC",50,"cliver",1.9773536011679
"3491",349,"Simu1","DIC",50,"cliver",1.37637503849038
"3492",349.1,"Simu1","DIC",50,"cliver",0.77615307981379
"3493",349.2,"Simu1","DIC",50,"cliver",0.181217893416504
"3494",349.3,"Simu1","DIC",50,"cliver",0.00133630202444685
"3495",349.4,"Simu1","DIC",50,"cliver",0.00126573147570936
"3496",349.5,"Simu1","DIC",50,"cliver",0.00120055248760366
"3497",349.6,"Simu1","DIC",50,"cliver",0.00114026296591334
"3498",349.7,"Simu1","DIC",50,"cliver",0.00108440158243203
"3499",349.8,"Simu1","DIC",50,"cliver",0.00103256270495848
"3500",349.9,"Simu1","DIC",50,"cliver",0.000984391414019539
"3501",350,"Simu1","DIC",50,"cliver",0.000939569232813886
"3502",350.1,"Simu1","DIC",50,"cliver",0.000897805692405734
"3503",350.2,"Simu1","DIC",50,"cliver",0.000858852775351902
"3504",350.3,"Simu1","DIC",50,"cliver",0.000822455367371041
"3505",350.4,"Simu1","DIC",50,"cliver",0.000788476396807014
"3506",350.5,"Simu1","DIC",50,"cliver",0.000756539861330376
"3507",350.6,"Simu1","DIC",50,"cliver",0.00072711297851399
"3508",350.7,"Simu1","DIC",50,"cliver",0.000698648548686249
"3509",350.8,"Simu1","DIC",50,"cliver",0.000672778409126235
"3510",350.9,"Simu1","DIC",50,"cliver",0.000647691725802519
"3511",351,"Simu1","DIC",50,"cliver",0.000625034283961985
"3512",351.1,"Simu1","DIC",50,"cliver",0.00060283825585733
"3513",351.2,"Simu1","DIC",50,"cliver",0.000582404744487081
"3514",351.3,"Simu1","DIC",50,"cliver",0.000562986914039572
"3515",351.4,"Simu1","DIC",50,"cliver",0.000544811859400147
"3516",351.5,"Simu1","DIC",50,"cliver",0.000527506162205363
"3517",351.6,"Simu1","DIC",50,"cliver",0.00051129605345351
"3518",351.7,"Simu1","DIC",50,"cliver",0.000495834929294371
"3519",351.8,"Simu1","DIC",50,"cliver",0.000481375724155014
"3520",351.9,"Simu1","DIC",50,"cliver",0.000467557141088195
"3521",352,"Simu1","DIC",50,"cliver",0.000530210225557866
"3522",352.1,"Simu1","DIC",50,"cliver",0.238972533598769
"3523",352.2,"Simu1","DIC",50,"cliver",1.48632391595496
"3524",352.3,"Simu1","DIC",50,"cliver",3.12923026800933
"3525",352.4,"Simu1","DIC",50,"cliver",4.79553109496514
"3526",352.5,"Simu1","DIC",50,"cliver",6.35617385824501
"3527",352.6,"Simu1","DIC",50,"cliver",7.77176150470505
"3528",352.7,"Simu1","DIC",50,"cliver",9.03537990185794
"3529",352.8,"Simu1","DIC",50,"cliver",10.151562494106
"3530",352.9,"Simu1","DIC",50,"cliver",11.1285811809017
"3531",353,"Simu1","DIC",50,"cliver",11.9756416162061
"3532",353.1,"Simu1","DIC",50,"cliver",12.7018787822183
"3533",353.2,"Simu1","DIC",50,"cliver",13.316016603822
"3534",353.3,"Simu1","DIC",50,"cliver",13.8262671071777
"3535",353.4,"Simu1","DIC",50,"cliver",14.2403137496859
"3536",353.5,"Simu1","DIC",50,"cliver",14.5653372975297
"3537",353.6,"Simu1","DIC",50,"cliver",14.8080263485127
"3538",353.7,"Simu1","DIC",50,"cliver",14.9746247122576
"3539",353.8,"Simu1","DIC",50,"cliver",15.0709586048908
"3540",353.9,"Simu1","DIC",50,"cliver",15.1024380071314
"3541",354,"Simu1","DIC",50,"cliver",15.0741116135759
"3542",354.1,"Simu1","DIC",50,"cliver",14.9906850485402
"3543",354.2,"Simu1","DIC",50,"cliver",14.8565370965599
"3544",354.3,"Simu1","DIC",50,"cliver",14.6757424349075
"3545",354.4,"Simu1","DIC",50,"cliver",14.4520941831752
"3546",354.5,"Simu1","DIC",50,"cliver",14.1891197645324
"3547",354.6,"Simu1","DIC",50,"cliver",13.8901006855246
"3548",354.7,"Simu1","DIC",50,"cliver",13.5580905019095
"3549",354.8,"Simu1","DIC",50,"cliver",13.1959281707498
"3550",354.9,"Simu1","DIC",50,"cliver",12.8062501520859
"3551",355,"Simu1","DIC",50,"cliver",12.3915044971383
"3552",355.1,"Simu1","DIC",50,"cliver",11.9539649836617
"3553",355.2,"Simu1","DIC",50,"cliver",11.4957431885436
"3554",355.3,"Simu1","DIC",50,"cliver",11.0187987796208
"3555",355.4,"Simu1","DIC",50,"cliver",10.5249493151248
"3556",355.5,"Simu1","DIC",50,"cliver",10.0158800063622
"3557",355.6,"Simu1","DIC",50,"cliver",9.49315302654432
"3558",355.7,"Simu1","DIC",50,"cliver",8.95821600702367
"3559",355.8,"Simu1","DIC",50,"cliver",8.4124098326967
"3560",355.9,"Simu1","DIC",50,"cliver",7.85697601693223
"3561",356,"Simu1","DIC",50,"cliver",7.2930637706141
"3562",356.1,"Simu1","DIC",50,"cliver",6.72173673174179
"3563",356.2,"Simu1","DIC",50,"cliver",6.14397936309413
"3564",356.3,"Simu1","DIC",50,"cliver",5.56070314693058
"3565",356.4,"Simu1","DIC",50,"cliver",4.9727527986004
"3566",356.5,"Simu1","DIC",50,"cliver",4.38091282427021
"3567",356.6,"Simu1","DIC",50,"cliver",3.7859150261946
"3568",356.7,"Simu1","DIC",50,"cliver",3.18844830766412
"3569",356.8,"Simu1","DIC",50,"cliver",2.58917418544668
"3570",356.9,"Simu1","DIC",50,"cliver",1.9887574541289
"3571",357,"Simu1","DIC",50,"cliver",1.38794154471253
"3572",357.1,"Simu1","DIC",50,"cliver",0.787857008379589
"3573",357.2,"Simu1","DIC",50,"cliver",0.192809792564425
"3574",357.3,"Simu1","DIC",50,"cliver",0.00133963319720336
"3575",357.4,"Simu1","DIC",50,"cliver",0.00126897666308128
"3576",357.5,"Simu1","DIC",50,"cliver",0.00120372515910652
"3577",357.6,"Simu1","DIC",50,"cliver",0.00114336450342063
"3578",357.7,"Simu1","DIC",50,"cliver",0.00108743764072659
"3579",357.8,"Simu1","DIC",50,"cliver",0.00103553827109699
"3580",357.9,"Simu1","DIC",50,"cliver",0.00098731065381744
"3581",358,"Simu1","DIC",50,"cliver",0.000942433107302564
"3582",358.1,"Simu1","DIC",50,"cliver",0.000900620855313661
"3583",358.2,"Simu1","DIC",50,"cliver",0.000861617275714275
"3584",358.3,"Simu1","DIC",50,"cliver",0.000825192044459368
"3585",358.4,"Simu1","DIC",50,"cliver",0.000791136867392835
"3586",358.5,"Simu1","DIC",50,"cliver",0.000759265917592409
"3587",358.6,"Simu1","DIC",50,"cliver",0.000729406575752078
"3588",358.7,"Simu1","DIC",50,"cliver",0.000701407631895278
"3589",358.8,"Simu1","DIC",50,"cliver",0.000675131623447953
"3590",358.9,"Simu1","DIC",50,"cliver",0.000650447225432473
"3591",359,"Simu1","DIC",50,"cliver",0.000627235489813123
"3592",359.1,"Simu1","DIC",50,"cliver",0.000605400244402788
"3593",359.2,"Simu1","DIC",50,"cliver",0.000584819748611743
"3594",359.3,"Simu1","DIC",50,"cliver",0.000565593223172213
"3595",359.4,"Simu1","DIC",50,"cliver",0.000547053024621631
"3596",359.5,"Simu1","DIC",50,"cliver",0.000529761838358029
"3597",359.6,"Simu1","DIC",50,"cliver",0.000513911818689737
"3598",359.7,"Simu1","DIC",50,"cliver",0.000498213056128489
"3599",359.8,"Simu1","DIC",50,"cliver",0.000483641334445389
"3600",359.9,"Simu1","DIC",50,"cliver",0.00046985438531218
"3601",360,"Simu1","DIC",50,"cliver",0.000532551824492133
"3602",360.1,"Simu1","DIC",50,"cliver",0.239117509800951
"3603",360.2,"Simu1","DIC",50,"cliver",1.48677422019688
"3604",360.3,"Simu1","DIC",50,"cliver",3.12998333614078
"3605",360.4,"Simu1","DIC",50,"cliver",4.79658255340295
"3606",360.5,"Simu1","DIC",50,"cliver",6.35751929318251
"3607",360.6,"Simu1","DIC",50,"cliver",7.77339657429498
"3608",360.7,"Simu1","DIC",50,"cliver",9.03730035658316
"3609",360.8,"Simu1","DIC",50,"cliver",10.1537641816173
"3610",360.9,"Simu1","DIC",50,"cliver",11.1310600504836
"3611",361,"Simu1","DIC",50,"cliver",11.9783937079122
"3612",361.1,"Simu1","DIC",50,"cliver",12.7048999284594
"3613",361.2,"Simu1","DIC",50,"cliver",13.3193028134143
"3614",361.3,"Simu1","DIC",50,"cliver",13.8298151932095
"3615",361.4,"Simu1","DIC",50,"cliver",14.2441201024086
"3616",361.5,"Simu1","DIC",50,"cliver",14.5693939702596
"3617",361.6,"Simu1","DIC",50,"cliver",14.8123394698138
"3618",361.7,"Simu1","DIC",50,"cliver",14.9791902544373
"3619",361.8,"Simu1","DIC",50,"cliver",15.0757640706341
"3620",361.9,"Simu1","DIC",50,"cliver",15.1074830909012
"3621",362,"Simu1","DIC",50,"cliver",15.0793960938443
"3622",362.1,"Simu1","DIC",50,"cliver",14.9962061671977
"3623",362.2,"Simu1","DIC",50,"cliver",14.8622921295934
"3624",362.3,"Simu1","DIC",50,"cliver",14.6817289016947
"3625",362.4,"Simu1","DIC",50,"cliver",14.458308840692
"3626",362.5,"Simu1","DIC",50,"cliver",14.1955607878905
"3627",362.6,"Simu1","DIC",50,"cliver",13.8967660064447
"3628",362.7,"Simu1","DIC",50,"cliver",13.5649756265938
"3629",362.8,"Simu1","DIC",50,"cliver",13.2030282815239
"3630",362.9,"Simu1","DIC",50,"cliver",12.8135625540706
"3631",363,"Simu1","DIC",50,"cliver",12.3990279172299
"3632",363.1,"Simu1","DIC",50,"cliver",11.9616977362391
"3633",363.2,"Simu1","DIC",50,"cliver",11.5036827275732
"3634",363.3,"Simu1","DIC",50,"cliver",11.0269424498266
"3635",363.4,"Simu1","DIC",50,"cliver",10.5332948908351
"3636",363.5,"Simu1","DIC",50,"cliver",10.0244255326188
"3637",363.6,"Simu1","DIC",50,"cliver",9.50189648361451
"3638",363.7,"Simu1","DIC",50,"cliver",8.96715525544211
"3639",363.8,"Simu1","DIC",50,"cliver",8.4215427586224
"3640",363.9,"Simu1","DIC",50,"cliver",7.86630061398002
"3641",364,"Simu1","DIC",50,"cliver",7.30257809294149
"3642",364.1,"Simu1","DIC",50,"cliver",6.7314388260134
"3643",364.2,"Simu1","DIC",50,"cliver",6.15386725397969
"3644",364.3,"Simu1","DIC",50,"cliver",5.57077485214821
"3645",364.4,"Simu1","DIC",50,"cliver",4.98300631801059
"3646",364.5,"Simu1","DIC",50,"cliver",4.39134608992249
"3647",364.6,"Simu1","DIC",50,"cliver",3.7965258209022
"3648",364.7,"Simu1","DIC",50,"cliver",3.1992341339834
"3649",364.8,"Simu1","DIC",50,"cliver",2.60013200435682
"3650",364.9,"Simu1","DIC",50,"cliver",1.99988164412601
"3651",365,"Simu1","DIC",50,"cliver",1.39922397504364
"3652",365.1,"Simu1","DIC",50,"cliver",0.79927432424813
"3653",365.2,"Simu1","DIC",50,"cliver",0.204138343777856
"3654",365.3,"Simu1","DIC",50,"cliver",0.00134289259884313
"3655",365.4,"Simu1","DIC",50,"cliver",0.00127214536178155
"3656",365.5,"Simu1","DIC",50,"cliver",0.00120681955726871
"3657",365.6,"Simu1","DIC",50,"cliver",0.00114639003595425
"3658",365.7,"Simu1","DIC",50,"cliver",0.00109039914854602
"3659",365.8,"Simu1","DIC",50,"cliver",0.00103843983328375
"3660",365.9,"Simu1","DIC",50,"cliver",0.000990163346469454
"3661",366,"Simu1","DIC",50,"cliver",0.00094523204339895
"3662",366.1,"Simu1","DIC",50,"cliver",0.000903371256663842
"3663",366.2,"Simu1","DIC",50,"cliver",0.000864320206030278
"3664",366.3,"Simu1","DIC",50,"cliver",0.000827854299271887
"3665",366.4,"Simu1","DIC",50,"cliver",0.000793759502135833
"3666",366.5,"Simu1","DIC",50,"cliver",0.000761852546730459
"3667",366.6,"Simu1","DIC",50,"cliver",0.000731959278139873
"3668",366.7,"Simu1","DIC",50,"cliver",0.000703928093305387
"3669",366.8,"Simu1","DIC",50,"cliver",0.000677622872052057
"3670",366.9,"Simu1","DIC",50,"cliver",0.000652896674965798
"3671",367,"Simu1","DIC",50,"cliver",0.000629691148412049
"3672",367.1,"Simu1","DIC",50,"cliver",0.000608071319519596
"3673",367.2,"Simu1","DIC",50,"cliver",0.000587090620179459
"3674",367.3,"Simu1","DIC",50,"cliver",0.000567772514452582
"3675",367.4,"Simu1","DIC",50,"cliver",0.000549498099915908
"3676",367.5,"Simu1","DIC",50,"cliver",0.000532021587660919
"3677",367.6,"Simu1","DIC",50,"cliver",0.000515975162526289
"3678",367.7,"Simu1","DIC",50,"cliver",0.000500619182850055
"3679",367.8,"Simu1","DIC",50,"cliver",0.000485918850397555
"3680",367.9,"Simu1","DIC",50,"cliver",0.000472098092280079
"3681",368,"Simu1","DIC",50,"cliver",0.000534836012367103
"3682",368.1,"Simu1","DIC",50,"cliver",0.239259061691701
"3683",368.2,"Simu1","DIC",50,"cliver",1.48721398469258
"3684",368.3,"Simu1","DIC",50,"cliver",3.13071890210631
"3685",368.4,"Simu1","DIC",50,"cliver",4.79760966604128
"3686",368.5,"Simu1","DIC",50,"cliver",6.35883363063627
"3687",368.6,"Simu1","DIC",50,"cliver",7.77499387607696
"3688",368.7,"Simu1","DIC",50,"cliver",9.03917645036455
"3689",368.8,"Simu1","DIC",50,"cliver",10.1559149887605
"3690",368.9,"Simu1","DIC",50,"cliver",11.1334817664426
"3691",369,"Simu1","DIC",50,"cliver",11.9810820604765
"3692",369.1,"Simu1","DIC",50,"cliver",12.7078520806748
"3693",369.2,"Simu1","DIC",50,"cliver",13.3225159104982
"3694",369.3,"Simu1","DIC",50,"cliver",13.8332818594633
"3695",369.4,"Simu1","DIC",50,"cliver",14.2478390012226
"3696",369.5,"Simu1","DIC",50,"cliver",14.5733615335661
"3697",369.6,"Simu1","DIC",50,"cliver",14.8165421283308
"3698",369.7,"Simu1","DIC",50,"cliver",14.983633420915
"3699",369.8,"Simu1","DIC",50,"cliver",15.0804519939763
"3700",369.9,"Simu1","DIC",50,"cliver",15.11240734745
"3701",370,"Simu1","DIC",50,"cliver",15.084552136578
"3702",370.1,"Simu1","DIC",50,"cliver",15.0015920525291
"3703",370.2,"Simu1","DIC",50,"cliver",14.8679049441494
"3704",370.3,"Simu1","DIC",50,"cliver",14.6875652707534
"3705",370.4,"Simu1","DIC",50,"cliver",14.4643653011773
"3706",370.5,"Simu1","DIC",50,"cliver",14.201832858878
"3707",370.6,"Simu1","DIC",50,"cliver",13.9032512114752
"3708",370.7,"Simu1","DIC",50,"cliver",13.5716747472361
"3709",370.8,"Simu1","DIC",50,"cliver",13.2099414121861
"3710",370.9,"Simu1","DIC",50,"cliver",12.820686800687
"3711",371,"Simu1","DIC",50,"cliver",12.4063592361116
"3712",371.1,"Simu1","DIC",50,"cliver",11.96923319416
"3713",371.2,"Simu1","DIC",50,"cliver",11.5114205391472
"3714",371.3,"Simu1","DIC",50,"cliver",11.0348808254096
"3715",371.4,"Simu1","DIC",50,"cliver",10.5414315299625
"3716",371.5,"Simu1","DIC",50,"cliver",10.0327579933429
"3717",371.6,"Simu1","DIC",50,"cliver",9.51042258244655
"3718",371.7,"Simu1","DIC",50,"cliver",8.975873034696
"3719",371.8,"Simu1","DIC",50,"cliver",8.43045026378141
"3720",371.9,"Simu1","DIC",50,"cliver",7.8753958152754
"3721",372,"Simu1","DIC",50,"cliver",7.31185896168001
"3722",372.1,"Simu1","DIC",50,"cliver",6.74090339797385
"3723",372.2,"Simu1","DIC",50,"cliver",6.16351360629164
"3724",372.3,"Simu1","DIC",50,"cliver",5.58060104444281
"3725",372.4,"Simu1","DIC",50,"cliver",4.99301035757359
"3726",372.5,"Simu1","DIC",50,"cliver",4.4015259085094
"3727",372.6,"Simu1","DIC",50,"cliver",3.80687921529583
"3728",372.7,"Simu1","DIC",50,"cliver",3.20975862217753
"3729",372.8,"Simu1","DIC",50,"cliver",2.61082451278365
"3730",372.9,"Simu1","DIC",50,"cliver",2.01073781927639
"3731",373,"Simu1","DIC",50,"cliver",1.41023566489164
"3732",373.1,"Simu1","DIC",50,"cliver",0.810418699352345
"3733",373.2,"Simu1","DIC",50,"cliver",0.215212344904834
"3734",373.3,"Simu1","DIC",50,"cliver",0.00134608940481243
"3735",373.4,"Simu1","DIC",50,"cliver",0.00127524717546133
"3736",373.5,"Simu1","DIC",50,"cliver",0.00120984130120311
"3737",373.6,"Simu1","DIC",50,"cliver",0.00114934868166281
"3738",373.7,"Simu1","DIC",50,"cliver",0.00109329427182824
"3739",373.8,"Simu1","DIC",50,"cliver",0.00104127959064931
"3740",373.9,"Simu1","DIC",50,"cliver",0.000992943140517518
"3741",374,"Simu1","DIC",50,"cliver",0.000947964405955721
"3742",374.1,"Simu1","DIC",50,"cliver",0.000906056310929246
"3743",374.2,"Simu1","DIC",50,"cliver",0.000866964186583739
"3744",374.3,"Simu1","DIC",50,"cliver",0.000830454951124434
"3745",374.4,"Simu1","DIC",50,"cliver",0.000796325604472775
"3746",374.5,"Simu1","DIC",50,"cliver",0.00076437554669051
"3747",374.6,"Simu1","DIC",50,"cliver",0.000734464014351403
"3748",374.7,"Simu1","DIC",50,"cliver",0.000706364876769032
"3749",374.8,"Simu1","DIC",50,"cliver",0.000680282584530673
"3750",374.9,"Simu1","DIC",50,"cliver",0.000655309659736069
"3751",375,"Simu1","DIC",50,"cliver",0.000631884396484726
"3752",375.1,"Simu1","DIC",50,"cliver",0.000610330845369902
"3753",375.2,"Simu1","DIC",50,"cliver",0.000589656568097769
"3754",375.3,"Simu1","DIC",50,"cliver",0.000569858248736411
"3755",375.4,"Simu1","DIC",50,"cliver",0.000551700332271498
"3756",375.5,"Simu1","DIC",50,"cliver",0.000534437357483628
"3757",375.6,"Simu1","DIC",50,"cliver",0.000518040649531255
"3758",375.7,"Simu1","DIC",50,"cliver",0.00050268075807368
"3759",375.8,"Simu1","DIC",50,"cliver",0.000488133570960248
"3760",375.9,"Simu1","DIC",50,"cliver",0.000474290261100096
"3761",376,"Simu1","DIC",50,"cliver",0.000537068564718091
"3762",376.1,"Simu1","DIC",50,"cliver",0.23939722967769
"3763",376.2,"Simu1","DIC",50,"cliver",1.48764297113083
"3764",376.3,"Simu1","DIC",50,"cliver",3.13143624235139
"3765",376.4,"Simu1","DIC",50,"cliver",4.7986111791698
"3766",376.5,"Simu1","DIC",50,"cliver",6.36011510858162
"3767",376.6,"Simu1","DIC",50,"cliver",7.77655118206585
"3768",376.7,"Simu1","DIC",50,"cliver",9.04100553518412
"3769",376.8,"Simu1","DIC",50,"cliver",10.1580118980239
"3770",376.9,"Simu1","DIC",50,"cliver",11.135842458392
"3771",377,"Simu1","DIC",50,"cliver",11.983703156392
"3772",377.1,"Simu1","DIC",50,"cliver",12.7107293217137
"3773",377.2,"Simu1","DIC",50,"cliver",13.32564543319
"3774",377.3,"Simu1","DIC",50,"cliver",13.8366700672949
"3775",377.4,"Simu1","DIC",50,"cliver",14.2514731958938
"3776",377.5,"Simu1","DIC",50,"cliver",14.577241832782
"3777",377.6,"Simu1","DIC",50,"cliver",14.8206635254942
"3778",377.7,"Simu1","DIC",50,"cliver",14.9879786749651
"3779",377.8,"Simu1","DIC",50,"cliver",15.0850153479225
"3780",377.9,"Simu1","DIC",50,"cliver",15.1172077196006
"3781",378,"Simu1","DIC",50,"cliver",15.0895878176798
"3782",378.1,"Simu1","DIC",50,"cliver",15.0068513130792
"3783",378.2,"Simu1","DIC",50,"cliver",14.8733827432939
"3784",378.3,"Simu1","DIC",50,"cliver",14.6932610168547
"3785",378.4,"Simu1","DIC",50,"cliver",14.470278618598
"3786",378.5,"Simu1","DIC",50,"cliver",14.2079632841287
"3787",378.6,"Simu1","DIC",50,"cliver",13.9095966433414
"3788",378.7,"Simu1","DIC",50,"cliver",13.5782298383123
"3789",378.8,"Simu1","DIC",50,"cliver",13.2167006801388
"3790",378.9,"Simu1","DIC",50,"cliver",12.8276477465536
"3791",379,"Simu1","DIC",50,"cliver",12.4135212060354
"3792",379.1,"Simu1","DIC",50,"cliver",11.9765948620341
"3793",379.2,"Simu1","DIC",50,"cliver",11.5189793517315
"3794",379.3,"Simu1","DIC",50,"cliver",11.0426340660777
"3795",379.4,"Simu1","DIC",50,"cliver",10.5493770635808
"3796",379.5,"Simu1","DIC",50,"cliver",10.0408940441702
"3797",379.6,"Simu1","DIC",50,"cliver",9.51874726656942
"3798",379.7,"Simu1","DIC",50,"cliver",8.98438428042698
"3799",379.8,"Simu1","DIC",50,"cliver",8.4391460156679
"3800",379.9,"Simu1","DIC",50,"cliver",7.88427415541898
"3801",380,"Simu1","DIC",50,"cliver",7.32091805016919
"3802",380.1,"Simu1","DIC",50,"cliver",6.75014137925894
"3803",380.2,"Simu1","DIC",50,"cliver",6.17292859045933
"3804",380.3,"Simu1","DIC",50,"cliver",5.59019113319377
"3805",380.4,"Simu1","DIC",50,"cliver",5.00277364171103
"3806",380.5,"Simu1","DIC",50,"cliver",4.41146041646769
"3807",380.6,"Simu1","DIC",50,"cliver",3.81698282722218
"3808",380.7,"Simu1","DIC",50,"cliver",3.22002893381857
"3809",380.8,"Simu1","DIC",50,"cliver",2.6212585487742
"3810",380.9,"Simu1","DIC",50,"cliver",2.02133150628387
"3811",381,"Simu1","DIC",50,"cliver",1.42098106168807
"3812",381.1,"Simu1","DIC",50,"cliver",0.821294367733575
"3813",381.2,"Simu1","DIC",50,"cliver",0.226033449259584
"3814",381.3,"Simu1","DIC",50,"cliver",0.00134917408125418
"3815",381.4,"Simu1","DIC",50,"cliver",0.00127827752575222
"3816",381.5,"Simu1","DIC",50,"cliver",0.00121280466816415
"3817",381.6,"Simu1","DIC",50,"cliver",0.00115224020483692
"3818",381.7,"Simu1","DIC",50,"cliver",0.00109612483347823
"3819",381.8,"Simu1","DIC",50,"cliver",0.00104405155050122
"3820",381.9,"Simu1","DIC",50,"cliver",0.000995661655597482
"3821",382,"Simu1","DIC",50,"cliver",0.000950633312055941
"3822",382.1,"Simu1","DIC",50,"cliver",0.000908680846746065
"3823",382.2,"Simu1","DIC",50,"cliver",0.000869545891339734
"3824",382.3,"Simu1","DIC",50,"cliver",0.000832998436237457
"3825",382.4,"Simu1","DIC",50,"cliver",0.000798827755077057
"3826",382.5,"Simu1","DIC",50,"cliver",0.000766850159379009
"3827",382.6,"Simu1","DIC",50,"cliver",0.000736887583171679
"3828",382.7,"Simu1","DIC",50,"cliver",0.000708796830901274
"3829",382.8,"Simu1","DIC",50,"cliver",0.000682425706525198
"3830",382.9,"Simu1","DIC",50,"cliver",0.000657665204571453
"3831",383,"Simu1","DIC",50,"cliver",0.000634358938179359
"3832",383.1,"Simu1","DIC",50,"cliver",0.000612474510569209
"3833",383.2,"Simu1","DIC",50,"cliver",0.000591772510929375
"3834",383.3,"Simu1","DIC",50,"cliver",0.000572595068938349
"3835",383.4,"Simu1","DIC",50,"cliver",0.000553718039085598
"3836",383.5,"Simu1","DIC",50,"cliver",0.000536701366636482
"3837",383.6,"Simu1","DIC",50,"cliver",0.000520348759983134
"3838",383.7,"Simu1","DIC",50,"cliver",0.000504890712432502
"3839",383.8,"Simu1","DIC",50,"cliver",0.000490270336036814
"3840",383.9,"Simu1","DIC",50,"cliver",0.000476432347967734
"3841",384,"Simu1","DIC",50,"cliver",0.000539251047931837
"3842",384.1,"Simu1","DIC",50,"cliver",0.239532142010187
"3843",384.2,"Simu1","DIC",50,"cliver",1.48806183086598
"3844",384.3,"Simu1","DIC",50,"cliver",3.13213671913657
"3845",384.4,"Simu1","DIC",50,"cliver",4.79958922110607
"3846",384.5,"Simu1","DIC",50,"cliver",6.36136660250424
"3847",384.6,"Simu1","DIC",50,"cliver",7.77807207515345
"3848",384.7,"Simu1","DIC",50,"cliver",9.0427918601351
"3849",384.8,"Simu1","DIC",50,"cliver",10.1600597807285
"3850",384.9,"Simu1","DIC",50,"cliver",11.1381481115132
"3851",385,"Simu1","DIC",50,"cliver",11.9862628903128
"3852",385.1,"Simu1","DIC",50,"cliver",12.7135412415583
"3853",385.2,"Simu1","DIC",50,"cliver",13.3287024907636
"3854",385.3,"Simu1","DIC",50,"cliver",13.8399631856243
"3855",385.4,"Simu1","DIC",50,"cliver",14.2550062071922
"3856",385.5,"Simu1","DIC",50,"cliver",14.5810082363173
"3857",385.6,"Simu1","DIC",50,"cliver",14.8246722801499
"3858",385.7,"Simu1","DIC",50,"cliver",14.9922321783988
"3859",385.8,"Simu1","DIC",50,"cliver",15.0895057199805
"3860",385.9,"Simu1","DIC",50,"cliver",15.1219155532315
"3861",386,"Simu1","DIC",50,"cliver",15.0945105693196
"3862",386.1,"Simu1","DIC",50,"cliver",15.0119938337817
"3863",386.2,"Simu1","DIC",50,"cliver",14.8787445572651
"3864",386.3,"Simu1","DIC",50,"cliver",14.6988379704077
"3865",386.4,"Simu1","DIC",50,"cliver",14.4760666077039
"3866",386.5,"Simu1","DIC",50,"cliver",14.2139594475403
"3867",386.6,"Simu1","DIC",50,"cliver",13.9157982009676
"3868",386.7,"Simu1","DIC",50,"cliver",13.5846339713223
"3869",386.8,"Simu1","DIC",50,"cliver",13.2233051989529
"3870",386.9,"Simu1","DIC",50,"cliver",12.8344506840755
"3871",387,"Simu1","DIC",50,"cliver",12.4205203657545
"3872",387.1,"Simu1","DIC",50,"cliver",11.9837878848279
"3873",387.2,"Simu1","DIC",50,"cliver",11.5263640002384
"3874",387.3,"Simu1","DIC",50,"cliver",11.0502083067278
"3875",387.4,"Simu1","DIC",50,"cliver",10.5571389397196
"3876",387.5,"Simu1","DIC",50,"cliver",10.0488415707142
"3877",387.6,"Simu1","DIC",50,"cliver",9.52687844951546
"3878",387.7,"Simu1","DIC",50,"cliver",8.99269717906461
"3879",387.8,"Simu1","DIC",50,"cliver",8.44763875503079
"3880",387.9,"Simu1","DIC",50,"cliver",7.89294489354937
"3881",388,"Simu1","DIC",50,"cliver",7.32976495202478
"3882",388.1,"Simu1","DIC",50,"cliver",6.75916261612206
"3883",388.2,"Simu1","DIC",50,"cliver",6.18212234354475
"3884",388.3,"Simu1","DIC",50,"cliver",5.59955558269985
"3885",388.4,"Simu1","DIC",50,"cliver",5.01230693776644
"3886",388.5,"Simu1","DIC",50,"cliver",4.42116063710552
"3887",388.6,"Simu1","DIC",50,"cliver",3.82684791232162
"3888",388.7,"Simu1","DIC",50,"cliver",3.230056557248
"3889",388.8,"Simu1","DIC",50,"cliver",2.63144583539816
"3890",388.9,"Simu1","DIC",50,"cliver",2.03167430036568
"3891",389,"Simu1","DIC",50,"cliver",1.43147197273441
"3892",389.1,"Simu1","DIC",50,"cliver",0.831912639208002
"3893",389.2,"Simu1","DIC",50,"cliver",0.236610550676393
"3894",389.3,"Simu1","DIC",50,"cliver",0.00135220878404345
"3895",389.4,"Simu1","DIC",50,"cliver",0.00128123473711112
"3896",389.5,"Simu1","DIC",50,"cliver",0.00121569166530035
"3897",389.6,"Simu1","DIC",50,"cliver",0.00115506238015096
"3898",389.7,"Simu1","DIC",50,"cliver",0.00109888713609111
"3899",389.8,"Simu1","DIC",50,"cliver",0.00104675819607448
"3900",389.9,"Simu1","DIC",50,"cliver",0.000998316863889154
"3901",390,"Simu1","DIC",50,"cliver",0.000953240627160647
"3902",390.1,"Simu1","DIC",50,"cliver",0.000911243442110003
"3903",390.2,"Simu1","DIC",50,"cliver",0.000872066856607692
"3904",390.3,"Simu1","DIC",50,"cliver",0.000835480298437743
"3905",390.4,"Simu1","DIC",50,"cliver",0.00080127325225726
"3906",390.5,"Simu1","DIC",50,"cliver",0.000769261092881018
"3907",390.6,"Simu1","DIC",50,"cliver",0.000739266831982869
"3908",390.7,"Simu1","DIC",50,"cliver",0.000711144859534399
"3909",390.8,"Simu1","DIC",50,"cliver",0.000684746663746707
"3910",390.9,"Simu1","DIC",50,"cliver",0.000659956944943654
"3911",391,"Simu1","DIC",50,"cliver",0.000636629161857341
"3912",391.1,"Simu1","DIC",50,"cliver",0.000614713621222966
"3913",391.2,"Simu1","DIC",50,"cliver",0.000594002192386237
"3914",391.3,"Simu1","DIC",50,"cliver",0.000574774278083823
"3915",391.4,"Simu1","DIC",50,"cliver",0.000555945340831962
"3916",391.5,"Simu1","DIC",50,"cliver",0.000538860534132479
"3917",391.6,"Simu1","DIC",50,"cliver",0.000522489831387498
"3918",391.7,"Simu1","DIC",50,"cliver",0.000507014170835402
"3919",391.8,"Simu1","DIC",50,"cliver",0.000492377065414092
"3920",391.9,"Simu1","DIC",50,"cliver",0.000478523264987402
"3921",392,"Simu1","DIC",50,"cliver",0.000541382969680962
"3922",392.1,"Simu1","DIC",50,"cliver",0.239663738358895
"3923",392.2,"Simu1","DIC",50,"cliver",1.48846823308362
"3924",392.3,"Simu1","DIC",50,"cliver",3.13281296840708
"3925",392.4,"Simu1","DIC",50,"cliver",4.8005322039592
"3926",392.5,"Simu1","DIC",50,"cliver",6.36257243090734
"3927",392.6,"Simu1","DIC",50,"cliver",7.77953699358648
"3928",392.7,"Simu1","DIC",50,"cliver",9.04451229175329
"3929",392.8,"Simu1","DIC",50,"cliver",10.1620321901035
"3930",392.9,"Simu1","DIC",50,"cliver",11.1403694456329
"3931",393,"Simu1","DIC",50,"cliver",11.9887290156165
"3932",393.1,"Simu1","DIC",50,"cliver",12.7162486817121
"3933",393.2,"Simu1","DIC",50,"cliver",13.3316492469865
"3934",393.3,"Simu1","DIC",50,"cliver",13.8431438188763
"3935",393.4,"Simu1","DIC",50,"cliver",14.2584205564887
"3936",393.5,"Simu1","DIC",50,"cliver",14.5846539974105
"3937",393.6,"Simu1","DIC",50,"cliver",14.8285327006973
"3938",393.7,"Simu1","DIC",50,"cliver",14.9963092406792
"3939",393.8,"Simu1","DIC",50,"cliver",15.0938109525921
"3940",393.9,"Simu1","DIC",50,"cliver",15.1264416948878
"3941",394,"Simu1","DIC",50,"cliver",15.0992509471102
"3942",394.1,"Simu1","DIC",50,"cliver",15.0169461318566
"3943",394.2,"Simu1","DIC",50,"cliver",14.8839066707785
"3944",394.3,"Simu1","DIC",50,"cliver",14.7042071202821
"3945",394.4,"Simu1","DIC",50,"cliver",14.4816406244742
"3946",394.5,"Simu1","DIC",50,"cliver",14.2197347549892
"3947",394.6,"Simu1","DIC",50,"cliver",13.9217714336421
"3948",394.7,"Simu1","DIC",50,"cliver",13.5908046649253
"3949",394.8,"Simu1","DIC",50,"cliver",13.2296737476462
"3950",394.9,"Simu1","DIC",50,"cliver",12.8410153654768
"3951",395,"Simu1","DIC",50,"cliver",12.4272777819939
"3952",395.1,"Simu1","DIC",50,"cliver",11.9907350357596
"3953",395.2,"Simu1","DIC",50,"cliver",11.5334989817147
"3954",395.3,"Simu1","DIC",50,"cliver",11.0575295372386
"3955",395.4,"Simu1","DIC",50,"cliver",10.5646444779674
"3956",395.5,"Simu1","DIC",50,"cliver",10.0565292220344
"3957",395.6,"Simu1","DIC",50,"cliver",9.53474614835363
"3958",395.7,"Simu1","DIC",50,"cliver",9.00074308351839
"3959",395.8,"Simu1","DIC",50,"cliver",8.45586108576101
"3960",395.9,"Simu1","DIC",50,"cliver",7.90134181632255
"3961",396,"Simu1","DIC",50,"cliver",7.33833460728296
"3962",396.1,"Simu1","DIC",50,"cliver",6.76790318399713
"3963",396.2,"Simu1","DIC",50,"cliver",6.19103204618438
"3964",396.3,"Simu1","DIC",50,"cliver",5.60863263636413
"3965",396.4,"Simu1","DIC",50,"cliver",5.02154951114255
"3966",396.5,"Simu1","DIC",50,"cliver",4.43056682199547
"3967",396.6,"Simu1","DIC",50,"cliver",3.83641566769394
"3968",396.7,"Simu1","DIC",50,"cliver",3.23978356998668
"3969",396.8,"Simu1","DIC",50,"cliver",2.64132918651207
"3970",396.9,"Simu1","DIC",50,"cliver",2.04171082376459
"3971",397,"Simu1","DIC",50,"cliver",1.44165467070078
"3972",397.1,"Simu1","DIC",50,"cliver",0.842220792947203
"3973",397.2,"Simu1","DIC",50,"cliver",0.246890753722687
"3974",397.3,"Simu1","DIC",50,"cliver",0.00135517213624081
"3975",397.4,"Simu1","DIC",50,"cliver",0.00128412191808091
"3976",397.5,"Simu1","DIC",50,"cliver",0.00121851041604487
"3977",397.6,"Simu1","DIC",50,"cliver",0.00115781776722374
"3978",397.7,"Simu1","DIC",50,"cliver",0.00110158425184577
"3979",397.8,"Simu1","DIC",50,"cliver",0.00104940041231741
"3980",397.9,"Simu1","DIC",50,"cliver",0.00100090911328121
"3981",398,"Simu1","DIC",50,"cliver",0.000955786220121141
"3982",398.1,"Simu1","DIC",50,"cliver",0.000913745109083472
"3983",398.2,"Simu1","DIC",50,"cliver",0.000874528156636489
"3984",398.3,"Simu1","DIC",50,"cliver",0.00083790298517679
"3985",398.4,"Simu1","DIC",50,"cliver",0.000803661145956319
"3986",398.5,"Simu1","DIC",50,"cliver",0.000771614016733598
"3987",398.6,"Simu1","DIC",50,"cliver",0.000741591015777546
"3988",398.7,"Simu1","DIC",50,"cliver",0.000713434939807912
"3989",398.8,"Simu1","DIC",50,"cliver",0.000687015745751228
"3990",398.9,"Simu1","DIC",50,"cliver",0.000662188794235816
"3991",399,"Simu1","DIC",50,"cliver",0.000638855008962123
"3992",399.1,"Simu1","DIC",50,"cliver",0.000616882189877871
"3993",399.2,"Simu1","DIC",50,"cliver",0.000596212360481391
"3994",399.3,"Simu1","DIC",50,"cliver",0.000576810557018357
"3995",399.4,"Simu1","DIC",50,"cliver",0.000558318787659888
"3996",399.5,"Simu1","DIC",50,"cliver",0.000540766677342149
"3997",399.6,"Simu1","DIC",50,"cliver",0.000524907194255073
"3998",399.7,"Simu1","DIC",50,"cliver",0.000509083291794971
"3999",399.8,"Simu1","DIC",50,"cliver",0.000494429104261022
"4000",399.9,"Simu1","DIC",50,"cliver",0.000480563973664459
"4001",400,"Simu1","DIC",50,"cliver",0.00054345945330617
"4002",400.1,"Simu1","DIC",50,"cliver",0.23979227364273
"4003",400.2,"Simu1","DIC",50,"cliver",1.48886922868025
"4004",400.3,"Simu1","DIC",50,"cliver",3.13348685138909
"4005",400.4,"Simu1","DIC",50,"cliver",4.80147425992763
"4006",400.5,"Simu1","DIC",50,"cliver",6.36377862727813
"4007",400.6,"Simu1","DIC",50,"cliver",7.78100328730381
"4008",400.7,"Simu1","DIC",50,"cliver",9.04623462462453
"4009",400.8,"Simu1","DIC",50,"cliver",10.1640066391952
"4010",400.9,"Simu1","DIC",50,"cliver",11.1425922048122
"4011",401,"Simu1","DIC",50,"cliver",11.9911963752431
"4012",401.1,"Simu1","DIC",50,"cliver",12.7189612950499
"4013",401.2,"Simu1","DIC",50,"cliver",13.3346012868578
"4014",401.3,"Simu1","DIC",50,"cliver",13.8463293080847
"4015",401.4,"Simu1","DIC",50,"cliver",14.2618358331452
"4016",401.5,"Simu1","DIC",50,"cliver",14.5882946736611
"4017",401.6,"Simu1","DIC",50,"cliver",14.8323998005668
"4018",401.7,"Simu1","DIC",50,"cliver",15.0003913981321
"4019",401.8,"Simu1","DIC",50,"cliver",15.0980935133267
"4020",401.9,"Simu1","DIC",50,"cliver",15.1309416300222
"4021",402,"Simu1","DIC",50,"cliver",15.1039727275344
"4022",402.1,"Simu1","DIC",50,"cliver",15.0218785619252
"4023",402.2,"Simu1","DIC",50,"cliver",14.8890434031974
"4024",402.3,"Simu1","DIC",50,"cliver",14.7095470296358
"4025",402.4,"Simu1","DIC",50,"cliver",14.4871825734996
"4026",402.5,"Simu1","DIC",50,"cliver",14.2254778902963
"4027",402.6,"Simu1","DIC",50,"cliver",13.9277148497535
"4028",402.7,"Simu1","DIC",50,"cliver",13.5969447022564
"4029",402.8,"Simu1","DIC",50,"cliver",13.2360049665192
"4030",402.9,"Simu1","DIC",50,"cliver",12.8475342905545
"4031",403,"Simu1","DIC",50,"cliver",12.4339833542933
"4032",403.1,"Simu1","DIC",50,"cliver",11.9976263426177
"4033",403.2,"Simu1","DIC",50,"cliver",11.5405739519767
"4034",403.3,"Simu1","DIC",50,"cliver",11.0647855529705
"4035",403.4,"Simu1","DIC",50,"cliver",10.5720793102318
"4036",403.5,"Simu1","DIC",50,"cliver",10.0641411175662
"4037",403.6,"Simu1","DIC",50,"cliver",9.54253339245797
"4038",403.7,"Simu1","DIC",50,"cliver",9.00870377568904
"4039",403.8,"Simu1","DIC",50,"cliver",8.46399326837462
"4040",403.9,"Simu1","DIC",50,"cliver",7.90964363891169
"4041",404,"Simu1","DIC",50,"cliver",7.34680432349263
"4042",404.1,"Simu1","DIC",50,"cliver",6.77653905959453
"4043",404.2,"Simu1","DIC",50,"cliver",6.19983231306593
"4044",404.3,"Simu1","DIC",50,"cliver",5.61759550752492
"4045",404.4,"Simu1","DIC",50,"cliver",5.03067318991019
"4046",404.5,"Simu1","DIC",50,"cliver",4.4398494654177
"4047",404.6,"Simu1","DIC",50,"cliver",3.84585531004462
"4048",404.7,"Simu1","DIC",50,"cliver",3.2493780052723
"4049",404.8,"Simu1","DIC",50,"cliver",2.65107575119925
"4050",404.9,"Simu1","DIC",50,"cliver",2.05160510776143
"4051",405,"Simu1","DIC",50,"cliver",1.4516895747455
"4052",405.1,"Simu1","DIC",50,"cliver",0.852378167664852
"4053",405.2,"Simu1","DIC",50,"cliver",0.257027489687734
"4054",405.3,"Simu1","DIC",50,"cliver",0.00135807355008772
"4055",405.4,"Simu1","DIC",50,"cliver",0.00128694790764888
"4056",405.5,"Simu1","DIC",50,"cliver",0.00122126902860275
"4057",405.6,"Simu1","DIC",50,"cliver",0.00116051416095331
"4058",405.7,"Simu1","DIC",50,"cliver",0.00110422337262127
"4059",405.8,"Simu1","DIC",50,"cliver",0.00105198624133678
"4060",405.9,"Simu1","DIC",50,"cliver",0.00100344564597018
"4061",406,"Simu1","DIC",50,"cliver",0.000958276878593837
"4062",406.1,"Simu1","DIC",50,"cliver",0.000916192779409504
"4063",406.2,"Simu1","DIC",50,"cliver",0.000876936003595415
"4064",406.3,"Simu1","DIC",50,"cliver",0.00084027319838954
"4065",406.4,"Simu1","DIC",50,"cliver",0.000805996768770988
"4066",406.5,"Simu1","DIC",50,"cliver",0.000773916068453879
"4067",406.6,"Simu1","DIC",50,"cliver",0.000743863498874756
"4068",406.7,"Simu1","DIC",50,"cliver",0.000715676503819962
"4069",406.8,"Simu1","DIC",50,"cliver",0.000689232434953664
"4070",406.9,"Simu1","DIC",50,"cliver",0.000664375441775359
"4071",407,"Simu1","DIC",50,"cliver",0.000641024734474214
"4072",407.1,"Simu1","DIC",50,"cliver",0.000619015773650758
"4073",407.2,"Simu1","DIC",50,"cliver",0.000598348859957086
"4074",407.3,"Simu1","DIC",50,"cliver",0.0005788544545318
"4075",407.4,"Simu1","DIC",50,"cliver",0.000560506938008529
"4076",407.5,"Simu1","DIC",50,"cliver",0.000542672502868879
"4077",407.6,"Simu1","DIC",50,"cliver",0.000526875107766874
"4078",407.7,"Simu1","DIC",50,"cliver",0.0005110558157919
"4079",407.8,"Simu1","DIC",50,"cliver",0.000496443556199257
"4080",407.9,"Simu1","DIC",50,"cliver",0.000482555869432103
"4081",408,"Simu1","DIC",50,"cliver",0.000545491111334924
"4082",408.1,"Simu1","DIC",50,"cliver",0.239917700995524
"4083",408.2,"Simu1","DIC",50,"cliver",1.4892583706818
"4084",408.3,"Simu1","DIC",50,"cliver",3.1341375031436
"4085",408.4,"Simu1","DIC",50,"cliver",4.80238265044751
"4086",408.5,"Simu1","DIC",50,"cliver",6.36494094713267
"4087",408.6,"Simu1","DIC",50,"cliver",7.78241578765888
"4088",408.7,"Simu1","DIC",50,"cliver",9.04789363561863
"4089",408.8,"Simu1","DIC",50,"cliver",10.1659085744568
"4090",408.9,"Simu1","DIC",50,"cliver",11.1447335495922
"4091",409,"Simu1","DIC",50,"cliver",11.9935737345818
"4092",409.1,"Simu1","DIC",50,"cliver",12.7215711477559
"4093",409.2,"Simu1","DIC",50,"cliver",13.3374407375321
"4094",409.3,"Simu1","DIC",50,"cliver",13.8493953330805
"4095",409.4,"Simu1","DIC",50,"cliver",14.2651239844726
"4096",409.5,"Simu1","DIC",50,"cliver",14.5918061261528
"4097",409.6,"Simu1","DIC",50,"cliver",14.8361264223675
"4098",409.7,"Simu1","DIC",50,"cliver",15.004332205756
"4099",409.8,"Simu1","DIC",50,"cliver",15.1022554834411
"4100",409.9,"Simu1","DIC",50,"cliver",15.1353147152253
"4101",410,"Simu1","DIC",50,"cliver",15.108545162136
"4102",410.1,"Simu1","DIC",50,"cliver",15.0266519483568
"4103",410.2,"Simu1","DIC",50,"cliver",14.8940186465697
"4104",410.3,"Simu1","DIC",50,"cliver",14.7147217240195
"4105",410.4,"Simu1","DIC",50,"cliver",14.4925531953924
"4106",410.5,"Simu1","DIC",50,"cliver",14.2310415071398
"4107",410.6,"Simu1","DIC",50,"cliver",13.9334681190569
"4108",410.7,"Simu1","DIC",50,"cliver",13.602885178586
"4109",410.8,"Simu1","DIC",50,"cliver",13.2421320054927
"4110",410.9,"Simu1","DIC",50,"cliver",12.8538470147148
"4111",411,"Simu1","DIC",50,"cliver",12.4404794327271
"4112",411.1,"Simu1","DIC",50,"cliver",12.0043029186463
"4113",411.2,"Simu1","DIC",50,"cliver",11.5474287573096
"4114",411.3,"Simu1","DIC",50,"cliver",11.0718169056392
"4115",411.4,"Simu1","DIC",50,"cliver",10.5792855336578
"4116",411.5,"Simu1","DIC",50,"cliver",10.0715202909744
"4117",411.6,"Simu1","DIC",50,"cliver",9.55008353745347
"4118",411.7,"Simu1","DIC",50,"cliver",9.01642305569506
"4119",411.8,"Simu1","DIC",50,"cliver",8.47187997120229
"4120",411.9,"Simu1","DIC",50,"cliver",7.91769606324657
"4121",412,"Simu1","DIC",50,"cliver",7.35502073596599
"4122",412.1,"Simu1","DIC",50,"cliver",6.78491772860458
"4123",412.2,"Simu1","DIC",50,"cliver",6.20837153616223
"4124",412.3,"Simu1","DIC",50,"cliver",5.62629359203485
"4125",412.4,"Simu1","DIC",50,"cliver",5.03952841095701
"4126",412.5,"Simu1","DIC",50,"cliver",4.44886002520406
"4127",412.6,"Simu1","DIC",50,"cliver",3.85501928365838
"4128",412.7,"Simu1","DIC",50,"cliver",3.25869322433647
"4129",412.8,"Simu1","DIC",50,"cliver",2.66053952890044
"4130",412.9,"Simu1","DIC",50,"cliver",2.06121395544639
"4131",413,"Simu1","DIC",50,"cliver",1.46143700656529
"4132",413.1,"Simu1","DIC",50,"cliver",0.862245614930675
"4133",413.2,"Simu1","DIC",50,"cliver",0.266884057275902
"4134",413.3,"Simu1","DIC",50,"cliver",0.00136090252184808
"4135",413.4,"Simu1","DIC",50,"cliver",0.00128970551117936
"4136",413.5,"Simu1","DIC",50,"cliver",0.00122396094676703
"4137",413.6,"Simu1","DIC",50,"cliver",0.00116314553453544
"4138",413.7,"Simu1","DIC",50,"cliver",0.00110679873115413
"4139",413.8,"Simu1","DIC",50,"cliver",0.00105450972245442
"4140",413.9,"Simu1","DIC",50,"cliver",0.00100592097537825
"4141",414,"Simu1","DIC",50,"cliver",0.000960707412252745
"4142",414.1,"Simu1","DIC",50,"cliver",0.000918581622249002
"4143",414.2,"Simu1","DIC",50,"cliver",0.000879285854843891
"4144",414.3,"Simu1","DIC",50,"cliver",0.000842586666850992
"4145",414.4,"Simu1","DIC",50,"cliver",0.000808276009269638
"4146",414.5,"Simu1","DIC",50,"cliver",0.000776163445613922
"4147",414.6,"Simu1","DIC",50,"cliver",0.000746080501974934
"4148",414.7,"Simu1","DIC",50,"cliver",0.000717865574375066
"4149",414.8,"Simu1","DIC",50,"cliver",0.000691394396425606
"4150",414.9,"Simu1","DIC",50,"cliver",0.000666513069716261
"4151",415,"Simu1","DIC",50,"cliver",0.000643137156685984
"4152",415.1,"Simu1","DIC",50,"cliver",0.000621108251737883
"4153",415.2,"Simu1","DIC",50,"cliver",0.000600415301051597
"4154",415.3,"Simu1","DIC",50,"cliver",0.000580917310828745
"4155",415.4,"Simu1","DIC",50,"cliver",0.000562514406635454
"4156",415.5,"Simu1","DIC",50,"cliver",0.000544708999285435
"4157",415.6,"Simu1","DIC",50,"cliver",0.000528910072823167
"4158",415.7,"Simu1","DIC",50,"cliver",0.000513044623113232
"4159",415.8,"Simu1","DIC",50,"cliver",0.000498406944013496
"4160",415.9,"Simu1","DIC",50,"cliver",0.000484532523196279
"4161",416,"Simu1","DIC",50,"cliver",0.000547476132036371
"4162",416.1,"Simu1","DIC",50,"cliver",0.240040306246091
"4163",416.2,"Simu1","DIC",50,"cliver",1.48963877553201
"4164",416.3,"Simu1","DIC",50,"cliver",3.13477358351804
"4165",416.4,"Simu1","DIC",50,"cliver",4.80327070986371
"4166",416.5,"Simu1","DIC",50,"cliver",6.36607723794831
"4167",416.6,"Simu1","DIC",50,"cliver",7.7837966179571
"4168",416.7,"Simu1","DIC",50,"cliver",9.04951539072335
"4169",416.8,"Simu1","DIC",50,"cliver",10.1677677196929
"4170",416.9,"Simu1","DIC",50,"cliver",11.1468266767463
"4171",417,"Simu1","DIC",50,"cliver",11.9958974212557
"4172",417.1,"Simu1","DIC",50,"cliver",12.7241169283541
"4173",417.2,"Simu1","DIC",50,"cliver",13.3402218163206
"4174",417.3,"Simu1","DIC",50,"cliver",13.8524000002594
"4175",417.4,"Simu1","DIC",50,"cliver",14.2683522890933
"4176",417.5,"Simu1","DIC",50,"cliver",14.5952371232031
"4177",417.6,"Simu1","DIC",50,"cliver",14.839777520342
"4178",417.7,"Simu1","DIC",50,"cliver",15.0082020021757
"4179",417.8,"Simu1","DIC",50,"cliver",15.1063236735381
"4180",417.9,"Simu1","DIC",50,"cliver",15.139565804296
"4181",418,"Simu1","DIC",50,"cliver",15.112984612118
"4182",418.1,"Simu1","DIC",50,"cliver",15.0312983686877
"4183",418.2,"Simu1","DIC",50,"cliver",14.8988709786647
"4184",418.3,"Simu1","DIC",50,"cliver",14.7197677772589
"4185",418.4,"Simu1","DIC",50,"cliver",14.4977876225048
"4186",418.5,"Simu1","DIC",50,"cliver",14.2364641373929
"4187",418.6,"Simu1","DIC",50,"cliver",13.939080031233
"4188",418.7,"Simu1","DIC",50,"cliver",13.608686461223
"4189",418.8,"Simu1","DIC",50,"cliver",13.2481202503334
"4190",418.9,"Simu1","DIC",50,"cliver",12.8600173214443
"4191",419,"Simu1","DIC",50,"cliver",12.4468265796801
"4192",419.1,"Simu1","DIC",50,"cliver",12.0108242778969
"4193",419.2,"Simu1","DIC",50,"cliver",11.5541237983495
"4194",419.3,"Simu1","DIC",50,"cliver",11.0786848161251
"4195",419.4,"Simu1","DIC",50,"cliver",10.586324298357
"4196",419.5,"Simu1","DIC",50,"cliver",10.0787275271456
"4197",419.6,"Simu1","DIC",50,"cliver",9.5574573330995
"4198",419.7,"Simu1","DIC",50,"cliver",9.02396189916106
"4199",419.8,"Simu1","DIC",50,"cliver",8.47958229871089
"4200",419.9,"Simu1","DIC",50,"cliver",7.92556011224987
"4201",420,"Simu1","DIC",50,"cliver",7.36304471503582
"4202",420.1,"Simu1","DIC",50,"cliver",6.79309995713003
"4203",420.2,"Simu1","DIC",50,"cliver",6.21671040669499
"4204",420.3,"Simu1","DIC",50,"cliver",5.63478747034065
"4205",420.4,"Simu1","DIC",50,"cliver",5.04817559409651
"4206",420.5,"Simu1","DIC",50,"cliver",4.45765874329307
"4207",420.6,"Simu1","DIC",50,"cliver",3.86396766549504
"4208",420.7,"Simu1","DIC",50,"cliver",3.26778917173209
"4209",420.8,"Simu1","DIC",50,"cliver",2.66978043724698
"4210",420.9,"Simu1","DIC",50,"cliver",2.07059679478346
"4211",421,"Simu1","DIC",50,"cliver",1.47095503010347
"4212",421.1,"Simu1","DIC",50,"cliver",0.871881531354172
"4213",421.2,"Simu1","DIC",50,"cliver",0.276516209627934
"4214",421.3,"Simu1","DIC",50,"cliver",0.0013636662644773
"4215",421.4,"Simu1","DIC",50,"cliver",0.00129239934483234
"4216",421.5,"Simu1","DIC",50,"cliver",0.0012265905737473
"4217",421.6,"Simu1","DIC",50,"cliver",0.00116571596994304
"4218",421.7,"Simu1","DIC",50,"cliver",0.00110931444665849
"4219",421.8,"Simu1","DIC",50,"cliver",0.00105697474676289
"4220",421.9,"Simu1","DIC",50,"cliver",0.00100833894628018
"4221",422,"Simu1","DIC",50,"cliver",0.000963081612660352
"4222",422.1,"Simu1","DIC",50,"cliver",0.000920915041561568
"4223",422.2,"Simu1","DIC",50,"cliver",0.000881581188141687
"4224",422.3,"Simu1","DIC",50,"cliver",0.000844846396083997
"4225",422.4,"Simu1","DIC",50,"cliver",0.000810502360766745
"4226",422.5,"Simu1","DIC",50,"cliver",0.000778358527129079
"4227",422.6,"Simu1","DIC",50,"cliver",0.000748246126942918
"4228",422.7,"Simu1","DIC",50,"cliver",0.000720003597291442
"4229",422.8,"Simu1","DIC",50,"cliver",0.000693506280846929
"4230",422.9,"Simu1","DIC",50,"cliver",0.000668600511751186
"4231",423,"Simu1","DIC",50,"cliver",0.000645201138231654
"4232",423.1,"Simu1","DIC",50,"cliver",0.000623150698114637
"4233",423.2,"Simu1","DIC",50,"cliver",0.000602436172716994
"4234",423.3,"Simu1","DIC",50,"cliver",0.000582921674517864
"4235",423.4,"Simu1","DIC",50,"cliver",0.000564493514877125
"4236",423.5,"Simu1","DIC",50,"cliver",0.000546676493237923
"4237",423.6,"Simu1","DIC",50,"cliver",0.000530870631034142
"4238",423.7,"Simu1","DIC",50,"cliver",0.000514975090029751
"4239",423.8,"Simu1","DIC",50,"cliver",0.000500318472752598
"4240",423.9,"Simu1","DIC",50,"cliver",0.000486411882905078
"4241",424,"Simu1","DIC",50,"cliver",0.000549414030776188
"4242",424.1,"Simu1","DIC",50,"cliver",0.24015988889966
"4243",424.2,"Simu1","DIC",50,"cliver",1.49000969590671
"4244",424.3,"Simu1","DIC",50,"cliver",3.13539375734505
"4245",424.4,"Simu1","DIC",50,"cliver",4.8041365397559
"4246",424.5,"Simu1","DIC",50,"cliver",6.36718508245546
"4247",424.6,"Simu1","DIC",50,"cliver",7.78514289133892
"4248",424.7,"Simu1","DIC",50,"cliver",9.05109658247675
"4249",424.8,"Simu1","DIC",50,"cliver",10.1695803964415
"4250",424.9,"Simu1","DIC",50,"cliver",11.1488672235758
"4251",425,"Simu1","DIC",50,"cliver",11.9981628259705
"4252",425.1,"Simu1","DIC",50,"cliver",12.7266038435302
"4253",425.2,"Simu1","DIC",50,"cliver",13.3429148024354
"4254",425.3,"Simu1","DIC",50,"cliver",13.8553077838888
"4255",425.4,"Simu1","DIC",50,"cliver",14.2714668443011
"4256",425.5,"Simu1","DIC",50,"cliver",14.5985721792377
"4257",425.6,"Simu1","DIC",50,"cliver",14.8433230675597
"4258",425.7,"Simu1","DIC",50,"cliver",15.0119544073093
"4259",425.8,"Simu1","DIC",50,"cliver",15.1102865346859
"4260",425.9,"Simu1","DIC",50,"cliver",15.1437410468237
"4261",426,"Simu1","DIC",50,"cliver",15.1173668968638
"4262",426.1,"Simu1","DIC",50,"cliver",15.0358688090056
"4263",426.2,"Simu1","DIC",50,"cliver",14.9036253315654
"4264",426.3,"Simu1","DIC",50,"cliver",14.7247117829711
"4265",426.4,"Simu1","DIC",50,"cliver",14.5029210794274
"4266",426.5,"Simu1","DIC",50,"cliver",14.2417827321243
"4267",426.6,"Simu1","DIC",50,"cliver",13.944577802007
"4268",426.7,"Simu1","DIC",50,"cliver",13.6143587450952
"4269",426.8,"Simu1","DIC",50,"cliver",13.2539652699365
"4270",426.9,"Simu1","DIC",50,"cliver",12.8660359743573
"4271",427,"Simu1","DIC",50,"cliver",12.4530200802277
"4272",427.1,"Simu1","DIC",50,"cliver",12.017191265524
"4273",427.2,"Simu1","DIC",50,"cliver",11.5606609413109
"4274",427.3,"Simu1","DIC",50,"cliver",11.0853892099712
"4275",427.4,"Simu1","DIC",50,"cliver",10.5931943238294
"4276",427.5,"Simu1","DIC",50,"cliver",10.0857619719779
"4277",427.6,"Simu1","DIC",50,"cliver",9.56465456788385
"4278",427.7,"Simu1","DIC",50,"cliver",9.031319972835
"4279",427.8,"Simu1","DIC",50,"cliver",8.48709938678596
"4280",427.9,"Simu1","DIC",50,"cliver",7.93323463958771
"4281",428,"Simu1","DIC",50,"cliver",7.37087516881559
"4282",428.1,"Simu1","DIC",50,"cliver",6.80108474016875
"4283",428.2,"Simu1","DIC",50,"cliver",6.22484786546376
"4284",428.3,"Simu1","DIC",50,"cliver",5.64307596956382
"4285",428.4,"Simu1","DIC",50,"cliver",5.05661351497749
"4286",428.5,"Simu1","DIC",50,"cliver",4.46624441411946
"4287",428.6,"Simu1","DIC",50,"cliver",3.87269928059063
"4288",428.7,"Simu1","DIC",50,"cliver",3.27666469303737
"4289",428.8,"Simu1","DIC",50,"cliver",2.67879738419365
"4290",428.9,"Simu1","DIC",50,"cliver",2.07975118674072
"4291",429,"Simu1","DIC",50,"cliver",1.48024104052921
"4292",429.1,"Simu1","DIC",50,"cliver",0.881282616598428
"4293",429.2,"Simu1","DIC",50,"cliver",0.285919984616334
"4294",429.3,"Simu1","DIC",50,"cliver",0.00136636487421131
"4295",429.4,"Simu1","DIC",50,"cliver",0.00129502970931819
"4296",429.5,"Simu1","DIC",50,"cliver",0.00122915827879993
"4297",429.6,"Simu1","DIC",50,"cliver",0.00116822587237251
"4298",429.7,"Simu1","DIC",50,"cliver",0.00111177099514333
"4299",429.8,"Simu1","DIC",50,"cliver",0.00105938182314844
"4300",429.9,"Simu1","DIC",50,"cliver",0.00101070011317103
"4301",430,"Simu1","DIC",50,"cliver",0.000965400076294939
"4302",430.1,"Simu1","DIC",50,"cliver",0.000923193624981563
"4303",430.2,"Simu1","DIC",50,"cliver",0.000883822643712555
"4304",430.3,"Simu1","DIC",50,"cliver",0.000847052999757268
"4305",430.4,"Simu1","DIC",50,"cliver",0.000812676541037586
"4306",430.5,"Simu1","DIC",50,"cliver",0.000780501908159327
"4307",430.6,"Simu1","DIC",50,"cliver",0.000750361239630174
"4308",430.7,"Simu1","DIC",50,"cliver",0.000722091098229421
"4309",430.8,"Simu1","DIC",50,"cliver",0.000695569068478894
"4310",430.9,"Simu1","DIC",50,"cliver",0.000670637987620553
"4311",431,"Simu1","DIC",50,"cliver",0.000647218288255127
"4312",431.1,"Simu1","DIC",50,"cliver",0.000625142325251554
"4313",431.2,"Simu1","DIC",50,"cliver",0.00060441524400715
"4314",431.3,"Simu1","DIC",50,"cliver",0.000584857127921331
"4315",431.4,"Simu1","DIC",50,"cliver",0.000566466090268726
"4316",431.5,"Simu1","DIC",50,"cliver",0.000548548121067712
"4317",431.6,"Simu1","DIC",50,"cliver",0.000532739388013521
"4318",431.7,"Simu1","DIC",50,"cliver",0.000516850345942429
"4319",431.8,"Simu1","DIC",50,"cliver",0.000502195074200181
"4320",431.9,"Simu1","DIC",50,"cliver",0.000488267560087119
"4321",432,"Simu1","DIC",50,"cliver",0.000551306519361857
"4322",432.1,"Simu1","DIC",50,"cliver",0.240276616294282
"4323",432.2,"Simu1","DIC",50,"cliver",1.49037169751002
"4324",432.3,"Simu1","DIC",50,"cliver",3.13599899846339
"4325",432.4,"Simu1","DIC",50,"cliver",4.80498150969175
"4326",432.5,"Simu1","DIC",50,"cliver",6.36826622777082
"4327",432.6,"Simu1","DIC",50,"cliver",7.7864567130789
"4328",432.7,"Simu1","DIC",50,"cliver",9.05263965506891
"4329",432.8,"Simu1","DIC",50,"cliver",10.1713493759398
"4330",432.9,"Simu1","DIC",50,"cliver",11.150859108247
"4331",433,"Simu1","DIC",50,"cliver",12.0003741700798
"4332",433.1,"Simu1","DIC",50,"cliver",12.7290316951535
"4333",433.2,"Simu1","DIC",50,"cliver",13.3455685526822
"4334",433.3,"Simu1","DIC",50,"cliver",13.8581726068057
"4335",433.4,"Simu1","DIC",50,"cliver",14.2745447815142
"4336",433.5,"Simu1","DIC",50,"cliver",14.6018441737366
"4337",433.6,"Simu1","DIC",50,"cliver",14.8467926031661
"4338",433.7,"Simu1","DIC",50,"cliver",15.0156218242735
"4339",433.8,"Simu1","DIC",50,"cliver",15.114151704879
"4340",433.9,"Simu1","DIC",50,"cliver",15.147798836116
"4341",434,"Simu1","DIC",50,"cliver",15.1216153491917
"4342",434.1,"Simu1","DIC",50,"cliver",15.0403051123553
"4343",434.2,"Simu1","DIC",50,"cliver",14.9082461756452
"4344",434.3,"Simu1","DIC",50,"cliver",14.7295145432505
"4345",434.4,"Simu1","DIC",50,"cliver",14.5079025358859
"4346",434.5,"Simu1","DIC",50,"cliver",14.2469396159253
"4347",434.6,"Simu1","DIC",50,"cliver",13.9499105654616
"4348",434.7,"Simu1","DIC",50,"cliver",13.6198691037031
"4349",434.8,"Simu1","DIC",50,"cliver",13.2596522801128
"4350",434.9,"Simu1","DIC",50,"cliver",12.871896082066
"4351",435,"Simu1","DIC",50,"cliver",12.4590499235331
"4352",435.1,"Simu1","DIC",50,"cliver",12.0233889992014
"4353",435.2,"Simu1","DIC",50,"cliver",11.567025344475
"4354",435.3,"Simu1","DIC",50,"cliver",11.0919186198373
"4355",435.4,"Simu1","DIC",50,"cliver",10.5998866517961
"4356",435.5,"Simu1","DIC",50,"cliver",10.0926152300935
"4357",435.6,"Simu1","DIC",50,"cliver",9.57166707707995
"4358",435.7,"Simu1","DIC",50,"cliver",9.03849016358929
"4359",435.8,"Simu1","DIC",50,"cliver",8.49442561041374
"4360",435.9,"Simu1","DIC",50,"cliver",7.94071519596123
"4361",436,"Simu1","DIC",50,"cliver",7.3785084013664
"4362",436.1,"Simu1","DIC",50,"cliver",6.80886906023211
"4363",436.2,"Simu1","DIC",50,"cliver",6.23278170210138
"4364",436.3,"Simu1","DIC",50,"cliver",5.65115772547983
"4365",436.4,"Simu1","DIC",50,"cliver",5.0648415563947
"4366",436.5,"Simu1","DIC",50,"cliver",4.47461706110577
"4367",436.6,"Simu1","DIC",50,"cliver",3.88121476010779
"4368",436.7,"Simu1","DIC",50,"cliver",3.2853210364307
"4369",436.8,"Simu1","DIC",50,"cliver",2.68759223653712
"4370",436.9,"Simu1","DIC",50,"cliver",2.08868195199822
"4371",437,"Simu1","DIC",50,"cliver",1.4892984111527
"4372",437.1,"Simu1","DIC",50,"cliver",0.890451883313792
"4373",437.2,"Simu1","DIC",50,"cliver",0.295100072020081
"4374",437.3,"Simu1","DIC",50,"cliver",0.00136900285209456
"4375",437.4,"Simu1","DIC",50,"cliver",0.00129760089318296
"4376",437.5,"Simu1","DIC",50,"cliver",0.0012316681039717
"4377",437.6,"Simu1","DIC",50,"cliver",0.00117067913271989
"4378",437.7,"Simu1","DIC",50,"cliver",0.00111417193757644
"4379",437.8,"Simu1","DIC",50,"cliver",0.00106173425869682
"4380",437.9,"Simu1","DIC",50,"cliver",0.0010130075629696
"4381",438,"Simu1","DIC",50,"cliver",0.00096766567171206
"4382",438.1,"Simu1","DIC",50,"cliver",0.000925420230859788
"4383",438.2,"Simu1","DIC",50,"cliver",0.000886012841302163
"4384",438.3,"Simu1","DIC",50,"cliver",0.000849209159660696
"4385",438.4,"Simu1","DIC",50,"cliver",0.000814800794681804
"4386",438.5,"Simu1","DIC",50,"cliver",0.000782596265119601
"4387",438.6,"Simu1","DIC",50,"cliver",0.000752427445581364
"4388",438.7,"Simu1","DIC",50,"cliver",0.00072413090860798
"4389",438.8,"Simu1","DIC",50,"cliver",0.000697583913829117
"4390",438.9,"Simu1","DIC",50,"cliver",0.000672629436288901
"4391",439,"Simu1","DIC",50,"cliver",0.000649187369684739
"4392",439.1,"Simu1","DIC",50,"cliver",0.000627090717412791
"4393",439.2,"Simu1","DIC",50,"cliver",0.000606343222574339
"4394",439.3,"Simu1","DIC",50,"cliver",0.000586768792216255
"4395",439.4,"Simu1","DIC",50,"cliver",0.000568354816207971
"4396",439.5,"Simu1","DIC",50,"cliver",0.000550423733182738
"4397",439.6,"Simu1","DIC",50,"cliver",0.0005346094233695
"4398",439.7,"Simu1","DIC",50,"cliver",0.000518694540302802
"4399",439.8,"Simu1","DIC",50,"cliver",0.000504023761311071
"4400",439.9,"Simu1","DIC",50,"cliver",0.000490082136253708
"4401",440,"Simu1","DIC",50,"cliver",0.000553155092876638
"4402",440.1,"Simu1","DIC",50,"cliver",0.240390585858457
"4403",440.2,"Simu1","DIC",50,"cliver",1.49072509062246
"4404",440.3,"Simu1","DIC",50,"cliver",3.13658983183496
"4405",440.4,"Simu1","DIC",50,"cliver",4.8058063561121
"4406",440.5,"Simu1","DIC",50,"cliver",6.3693216159034
"4407",440.6,"Simu1","DIC",50,"cliver",7.78773922414005
"4408",440.7,"Simu1","DIC",50,"cliver",9.05414594198606
"4409",440.8,"Simu1","DIC",50,"cliver",10.1730761649962
"4410",440.9,"Simu1","DIC",50,"cliver",11.1528030888315
"4411",441,"Simu1","DIC",50,"cliver",12.0025325588118
"4412",441.1,"Simu1","DIC",50,"cliver",12.7314015661606
"4413",441.2,"Simu1","DIC",50,"cliver",13.3481331797708
"4414",441.3,"Simu1","DIC",50,"cliver",13.8609416221616
"4415",441.4,"Simu1","DIC",50,"cliver",14.2775112408963
"4416",441.5,"Simu1","DIC",50,"cliver",14.605019980908
"4417",441.6,"Simu1","DIC",50,"cliver",14.8501698096596
"4418",441.7,"Simu1","DIC",50,"cliver",15.0191952296042
"4419",441.8,"Simu1","DIC",50,"cliver",15.1179156744528
"4420",441.9,"Simu1","DIC",50,"cliver",15.1517534582526
"4421",442,"Simu1","DIC",50,"cliver",15.1257576314526
"4422",442.1,"Simu1","DIC",50,"cliver",15.0446330502025
"4423",442.2,"Simu1","DIC",50,"cliver",14.9127585668418
"4424",442.3,"Simu1","DIC",50,"cliver",14.7342095819432
"4425",442.4,"Simu1","DIC",50,"cliver",14.5127789882155
"4426",442.5,"Simu1","DIC",50,"cliver",14.2519965728706
"4427",442.6,"Simu1","DIC",50,"cliver",13.9551434012181
"4428",442.7,"Simu1","DIC",50,"cliver",13.6252718534713
"4429",442.8,"Simu1","DIC",50,"cliver",13.2652216414948
"4430",442.9,"Simu1","DIC",50,"cliver",12.8776316131473
"4431",443,"Simu1","DIC",50,"cliver",12.4649512207731
"4432",443.1,"Simu1","DIC",50,"cliver",12.0294542092944
"4433",443.2,"Simu1","DIC",50,"cliver",11.5732519914131
"4434",443.3,"Simu1","DIC",50,"cliver",11.0983047252777
"4435",443.4,"Simu1","DIC",50,"cliver",10.6064307714727
"4436",443.5,"Simu1","DIC",50,"cliver",10.099315917098
"4437",443.6,"Simu1","DIC",50,"cliver",9.57852263817758
"4438",443.7,"Simu1","DIC",50,"cliver",9.04549884453743
"4439",443.8,"Simu1","DIC",50,"cliver",8.50158579138302
"4440",443.9,"Simu1","DIC",50,"cliver",7.94802536659496
"4441",444,"Simu1","DIC",50,"cliver",7.38596705446786
"4442",444.1,"Simu1","DIC",50,"cliver",6.8164746496821
"4443",444.2,"Simu1","DIC",50,"cliver",6.2405326752937
"4444",444.3,"Simu1","DIC",50,"cliver",5.65905254599098
"4445",444.4,"Simu1","DIC",50,"cliver",5.07287867840487
"4446",444.5,"Simu1","DIC",50,"cliver",4.48279487671757
"4447",444.6,"Simu1","DIC",50,"cliver",3.88953153595784
"4448",444.7,"Simu1","DIC",50,"cliver",3.29377480531363
"4449",444.8,"Simu1","DIC",50,"cliver",2.69618053214212
"4450",444.9,"Simu1","DIC",50,"cliver",2.09740079013739
"4451",445,"Simu1","DIC",50,"cliver",1.49814534638657
"4452",445.1,"Simu1","DIC",50,"cliver",0.89941076240274
"4453",445.2,"Simu1","DIC",50,"cliver",0.304069565633165
"4454",445.3,"Simu1","DIC",50,"cliver",0.00137157761077599
"4455",445.4,"Simu1","DIC",50,"cliver",0.00130011055510837
"4456",445.5,"Simu1","DIC",50,"cliver",0.00123411789218797
"4457",445.6,"Simu1","DIC",50,"cliver",0.00117307369792781
"4458",445.7,"Simu1","DIC",50,"cliver",0.00111651554022109
"4459",445.8,"Simu1","DIC",50,"cliver",0.00106403069176702
"4460",445.9,"Simu1","DIC",50,"cliver",0.00101526014361959
"4461",446,"Simu1","DIC",50,"cliver",0.000969877479097334
"4462",446.1,"Simu1","DIC",50,"cliver",0.000927593960404182
"4463",446.2,"Simu1","DIC",50,"cliver",0.000888151108154382
"4464",446.3,"Simu1","DIC",50,"cliver",0.000851314156130538
"4465",446.4,"Simu1","DIC",50,"cliver",0.00081687481674671
"4466",446.5,"Simu1","DIC",50,"cliver",0.000784640904271217
"4467",446.6,"Simu1","DIC",50,"cliver",0.000754445046892722
"4468",446.7,"Simu1","DIC",50,"cliver",0.000726122243153721
"4469",446.8,"Simu1","DIC",50,"cliver",0.000699551468633419
"4470",446.9,"Simu1","DIC",50,"cliver",0.000674573079006372
"4471",447,"Simu1","DIC",50,"cliver",0.00065111118249153
"4472",447.1,"Simu1","DIC",50,"cliver",0.000628990929374848
"4473",447.2,"Simu1","DIC",50,"cliver",0.000608230007990413
"4474",447.3,"Simu1","DIC",50,"cliver",0.000588616302756832
"4475",447.4,"Simu1","DIC",50,"cliver",0.000570231892334673
"4476",447.5,"Simu1","DIC",50,"cliver",0.000552219729745857
"4477",447.6,"Simu1","DIC",50,"cliver",0.000536385561818389
"4478",447.7,"Simu1","DIC",50,"cliver",0.000520489129745046
"4479",447.8,"Simu1","DIC",50,"cliver",0.000505808040047669
"4480",447.9,"Simu1","DIC",50,"cliver",0.000491854190045903
"4481",448,"Simu1","DIC",50,"cliver",0.000554959730387957
"4482",448.1,"Simu1","DIC",50,"cliver",0.240501794101368
"4483",448.2,"Simu1","DIC",50,"cliver",1.49106983750224
"4484",448.3,"Simu1","DIC",50,"cliver",3.13716616518117
"4485",448.4,"Simu1","DIC",50,"cliver",4.80661093087409
"4486",448.5,"Simu1","DIC",50,"cliver",6.37035105134102
"4487",448.6,"Simu1","DIC",50,"cliver",7.78899019268101
"4488",448.7,"Simu1","DIC",50,"cliver",9.05561518606774
"4489",448.8,"Simu1","DIC",50,"cliver",10.1747605009486
"4490",448.9,"Simu1","DIC",50,"cliver",11.1546993781918
"4491",449,"Simu1","DIC",50,"cliver",12.0046375755857
"4492",449.1,"Simu1","DIC",50,"cliver",12.7337117876322
"4493",449.2,"Simu1","DIC",50,"cliver",13.3506510780198
"4494",449.3,"Simu1","DIC",50,"cliver",13.8636567597491
"4495",449.4,"Simu1","DIC",50,"cliver",14.2804221091351
"4496",449.5,"Simu1","DIC",50,"cliver",14.6081282717123
"4497",449.6,"Simu1","DIC",50,"cliver",14.8534798386145
"4498",449.7,"Simu1","DIC",50,"cliver",15.0226898082103
"4499",449.8,"Simu1","DIC",50,"cliver",15.1216018872716
"4500",449.9,"Simu1","DIC",50,"cliver",15.1556295471729
"4501",450,"Simu1","DIC",50,"cliver",15.1298134713973
"4502",450.1,"Simu1","DIC",50,"cliver",15.0488638782966
"4503",450.2,"Simu1","DIC",50,"cliver",14.9171649702458
"4504",450.3,"Simu1","DIC",50,"cliver",14.7387884533032
"4505",450.4,"Simu1","DIC",50,"cliver",14.5175279647658
"4506",450.5,"Simu1","DIC",50,"cliver",14.256914996461
"4507",450.6,"Simu1","DIC",50,"cliver",13.9602323721575
"4508",450.7,"Simu1","DIC",50,"cliver",13.6305321414863
"4509",450.8,"Simu1","DIC",50,"cliver",13.2706515424467
"4510",450.9,"Simu1","DIC",50,"cliver",12.8832263941553
"4511",451,"Simu1","DIC",50,"cliver",12.4707059919909
"4512",451.1,"Simu1","DIC",50,"cliver",12.0353667131256
"4513",451.2,"Simu1","DIC",50,"cliver",11.5793219203379
"4514",451.3,"Simu1","DIC",50,"cliver",11.104531366052
"4515",451.4,"Simu1","DIC",50,"cliver",10.612812234389
"4516",451.5,"Simu1","DIC",50,"cliver",10.1058500197972
"4517",451.6,"Simu1","DIC",50,"cliver",9.5852076819398
"4518",451.7,"Simu1","DIC",50,"cliver",9.05233349462828
"4519",451.8,"Simu1","DIC",50,"cliver",8.50856863802079
"4520",451.9,"Simu1","DIC",50,"cliver",7.95515480836616
"4521",452,"Simu1","DIC",50,"cliver",7.39324147331885
"4522",452.1,"Simu1","DIC",50,"cliver",6.82389253805497
"4523",452.2,"Simu1","DIC",50,"cliver",6.24809258992338
"4524",452.3,"Simu1","DIC",50,"cliver",5.66675301263436
"4525",452.4,"Simu1","DIC",50,"cliver",5.08071815918196
"4526",452.5,"Simu1","DIC",50,"cliver",4.4907717784666
"4527",452.6,"Simu1","DIC",50,"cliver",3.89764418288562
"4528",452.7,"Simu1","DIC",50,"cliver",3.30202133397898
"4529",452.8,"Simu1","DIC",50,"cliver",2.70455867690968
"4530",452.9,"Simu1","DIC",50,"cliver",2.10590719869604
"4531",453,"Simu1","DIC",50,"cliver",1.50677446698438
"4532",453.1,"Simu1","DIC",50,"cliver",0.908148158667634
"4533",453.2,"Simu1","DIC",50,"cliver",0.312824181034935
"4534",453.3,"Simu1","DIC",50,"cliver",0.00137409299510619
"4535",453.4,"Simu1","DIC",50,"cliver",0.00130256232545516
"4536",453.5,"Simu1","DIC",50,"cliver",0.00123651115459021
"4537",453.6,"Simu1","DIC",50,"cliver",0.00117541301169225
"4538",453.7,"Simu1","DIC",50,"cliver",0.00111880499493996
"4539",453.8,"Simu1","DIC",50,"cliver",0.00106627395511748
"4540",453.9,"Simu1","DIC",50,"cliver",0.00101746052939943
"4541",454,"Simu1","DIC",50,"cliver",0.000972037979841776
"4542",454.1,"Simu1","DIC",50,"cliver",0.000929717287669626
"4543",454.2,"Simu1","DIC",50,"cliver",0.000890239733486635
"4544",454.3,"Simu1","DIC",50,"cliver",0.000853370322353479
"4545",454.4,"Simu1","DIC",50,"cliver",0.000818900585722184
"4546",454.5,"Simu1","DIC",50,"cliver",0.0007866381402368
"4547",454.6,"Simu1","DIC",50,"cliver",0.00075641550146144
"4548",454.7,"Simu1","DIC",50,"cliver",0.000728067455660577
"4549",454.8,"Simu1","DIC",50,"cliver",0.000701472963791743
"4550",454.9,"Simu1","DIC",50,"cliver",0.000676472107122729
"4551",455,"Simu1","DIC",50,"cliver",0.000652989170400869
"4552",455.1,"Simu1","DIC",50,"cliver",0.000630848690882755
"4553",455.2,"Simu1","DIC",50,"cliver",0.000610069245032791
"4554",455.3,"Simu1","DIC",50,"cliver",0.000590436768296368
"4555",455.4,"Simu1","DIC",50,"cliver",0.000572037736391403
"4556",455.5,"Simu1","DIC",50,"cliver",0.000554002917594359
"4557",455.6,"Simu1","DIC",50,"cliver",0.000538163551261551
"4558",455.7,"Simu1","DIC",50,"cliver",0.00052224577916772
"4559",455.8,"Simu1","DIC",50,"cliver",0.00050755185554779
"4560",455.9,"Simu1","DIC",50,"cliver",0.000493584349794739
"4561",456,"Simu1","DIC",50,"cliver",0.000556722516909543
"4562",456.1,"Simu1","DIC",50,"cliver",0.240610379141698
"4563",456.2,"Simu1","DIC",50,"cliver",1.49140641438872
"4564",456.3,"Simu1","DIC",50,"cliver",3.13772883826311
"4565",456.4,"Simu1","DIC",50,"cliver",4.80739643590527
"4566",456.5,"Simu1","DIC",50,"cliver",6.37135608452394
"4567",456.6,"Simu1","DIC",50,"cliver",7.79021150089395
"4568",456.7,"Simu1","DIC",50,"cliver",9.05704958448077
"4569",456.8,"Simu1","DIC",50,"cliver",10.1764048773158
"4570",456.9,"Simu1","DIC",50,"cliver",11.1565506486712
"4571",457,"Simu1","DIC",50,"cliver",12.0066928507744
"4572",457.1,"Simu1","DIC",50,"cliver",12.7359734867129
"4573",457.2,"Simu1","DIC",50,"cliver",13.3531132111363
"4574",457.3,"Simu1","DIC",50,"cliver",13.8663157340149
"4575",457.4,"Simu1","DIC",50,"cliver",14.2832753787414
"4576",457.5,"Simu1","DIC",50,"cliver",14.6111678245476
"4577",457.6,"Simu1","DIC",50,"cliver",14.8566855194894
"4578",457.7,"Simu1","DIC",50,"cliver",15.0260744503624
"4579",457.8,"Simu1","DIC",50,"cliver",15.1251621794611
"4580",457.9,"Simu1","DIC",50,"cliver",15.1593724710912
"4581",458,"Simu1","DIC",50,"cliver",15.1337401710765
"4582",458.1,"Simu1","DIC",50,"cliver",15.0529693218257
"4583",458.2,"Simu1","DIC",50,"cliver",14.9214440790876
"4584",458.3,"Simu1","DIC",50,"cliver",14.7432414068793
"4585",458.4,"Simu1","DIC",50,"cliver",14.5221537193499
"4586",458.5,"Simu1","DIC",50,"cliver",14.261710137413
"4587",458.6,"Simu1","DIC",50,"cliver",13.965192438271
"4588",458.7,"Simu1","DIC",50,"cliver",13.6356526414705
"4589",458.8,"Simu1","DIC",50,"cliver",13.2759301369402
"4590",458.9,"Simu1","DIC",50,"cliver",12.8886638513991
"4591",459,"Simu1","DIC",50,"cliver",12.4763035395519
"4592",459.1,"Simu1","DIC",50,"cliver",12.0411231172848
"4593",459.2,"Simu1","DIC",50,"cliver",11.5852339846698
"4594",459.3,"Simu1","DIC",50,"cliver",11.1105962830086
"4595",459.4,"Simu1","DIC",50,"cliver",10.6190284578037
"4596",459.5,"Simu1","DIC",50,"cliver",10.1122164251465
"4597",459.6,"Simu1","DIC",50,"cliver",9.59172274787595
"4598",459.7,"Simu1","DIC",50,"cliver",9.0589953747755
"4599",459.8,"Simu1","DIC",50,"cliver",8.51537559720697
"4600",459.9,"Simu1","DIC",50,"cliver",7.9621053577662
"4601",460,"Simu1","DIC",50,"cliver",7.4003341963524
"4602",460.1,"Simu1","DIC",50,"cliver",6.83112594284164
"4603",460.2,"Simu1","DIC",50,"cliver",6.25546512997283
"4604",460.3,"Simu1","DIC",50,"cliver",5.67426316008489
"4605",460.4,"Simu1","DIC",50,"cliver",5.08836440791667
"4606",460.5,"Simu1","DIC",50,"cliver",4.49855258033859
"4607",460.6,"Simu1","DIC",50,"cliver",3.90555787209155
"4608",460.7,"Simu1","DIC",50,"cliver",3.31006603724067
"4609",460.8,"Simu1","DIC",50,"cliver",2.71273211852884
"4610",460.9,"Simu1","DIC",50,"cliver",2.11420634265465
"4611",461,"Simu1","DIC",50,"cliver",1.51519390965479
"4612",461.1,"Simu1","DIC",50,"cliver",0.916674087724282
"4613",461.2,"Simu1","DIC",50,"cliver",0.321370978798861
"4614",461.3,"Simu1","DIC",50,"cliver",0.00137655190267831
"4615",461.4,"Simu1","DIC",50,"cliver",0.00130495896646041
"4616",461.5,"Simu1","DIC",50,"cliver",0.00123885046118221
"4617",461.6,"Simu1","DIC",50,"cliver",0.00117769945725391
"4618",461.7,"Simu1","DIC",50,"cliver",0.00112104259649874
"4619",461.8,"Simu1","DIC",50,"cliver",0.00106846633039094
"4620",461.9,"Simu1","DIC",50,"cliver",0.00101961089552941
"4621",462,"Simu1","DIC",50,"cliver",0.000974149278882263
"4622",462.1,"Simu1","DIC",50,"cliver",0.000931792151156825
"4623",462.2,"Simu1","DIC",50,"cliver",0.000892280617246445
"4624",462.3,"Simu1","DIC",50,"cliver",0.000855379389790866
"4625",462.4,"Simu1","DIC",50,"cliver",0.000820879925707073
"4626",462.5,"Simu1","DIC",50,"cliver",0.000788589465056037
"4627",462.6,"Simu1","DIC",50,"cliver",0.000758340730594113
"4628",462.7,"Simu1","DIC",50,"cliver",0.00072996782181602
"4629",462.8,"Simu1","DIC",50,"cliver",0.000703350235113508
"4630",462.9,"Simu1","DIC",50,"cliver",0.000678327092529618
"4631",463,"Simu1","DIC",50,"cliver",0.000654824098051948
"4632",463.1,"Simu1","DIC",50,"cliver",0.000632662900484572
"4633",463.2,"Simu1","DIC",50,"cliver",0.000611867072929057
"4634",463.3,"Simu1","DIC",50,"cliver",0.000592208704514464
"4635",463.4,"Simu1","DIC",50,"cliver",0.000573811722143826
"4636",463.5,"Simu1","DIC",50,"cliver",0.000555736648334352
"4637",463.6,"Simu1","DIC",50,"cliver",0.000539878998977889
"4638",463.7,"Simu1","DIC",50,"cliver",0.000523961044576443
"4639",463.8,"Simu1","DIC",50,"cliver",0.000509254784059766
"4640",463.9,"Simu1","DIC",50,"cliver",0.000495281615733427
"4641",464,"Simu1","DIC",50,"cliver",0.000558444368807366
"4642",464.1,"Simu1","DIC",50,"cliver",0.240716396334664
"4643",464.2,"Simu1","DIC",50,"cliver",1.49173498811988
"4644",464.3,"Simu1","DIC",50,"cliver",3.13827812282995
"4645",464.4,"Simu1","DIC",50,"cliver",4.8081632449453
"4646",464.5,"Simu1","DIC",50,"cliver",6.37233719040345
"4647",464.6,"Simu1","DIC",50,"cliver",7.7914037247766
"4648",464.7,"Simu1","DIC",50,"cliver",9.0584498142221
"4649",464.8,"Simu1","DIC",50,"cliver",10.1780100716755
"4650",464.9,"Simu1","DIC",50,"cliver",11.1583577697213
"4651",465,"Simu1","DIC",50,"cliver",12.0086989876278
"4652",465.1,"Simu1","DIC",50,"cliver",12.7381712546411
"4653",465.2,"Simu1","DIC",50,"cliver",13.3554985365236
"4654",465.3,"Simu1","DIC",50,"cliver",13.8688932482418
"4655",465.4,"Simu1","DIC",50,"cliver",14.2860415504758
"4656",465.5,"Simu1","DIC",50,"cliver",14.6141234453803
"4657",465.6,"Simu1","DIC",50,"cliver",14.8598246228954
"4658",465.7,"Simu1","DIC",50,"cliver",15.029393944257
"4659",465.8,"Simu1","DIC",50,"cliver",15.1286641158628
"4660",465.9,"Simu1","DIC",50,"cliver",15.1630505915753
"4661",466,"Simu1","DIC",50,"cliver",15.1375907405951
"4662",466.1,"Simu1","DIC",50,"cliver",15.0569914175163
"4663",466.2,"Simu1","DIC",50,"cliver",14.9256361112048
"4664",466.3,"Simu1","DIC",50,"cliver",14.7476013124251
"4665",466.4,"Simu1","DIC",50,"cliver",14.5266792475681
"4666",466.5,"Simu1","DIC",50,"cliver",14.2663987576408
"4667",466.6,"Simu1","DIC",50,"cliver",13.9700417465868
"4668",466.7,"Simu1","DIC",50,"cliver",13.6406610603708
"4669",466.8,"Simu1","DIC",50,"cliver",13.2810965029399
"4670",466.9,"Simu1","DIC",50,"cliver",12.8939865317458
"4671",467,"Simu1","DIC",50,"cliver",12.4817804556162
"4672",467.1,"Simu1","DIC",50,"cliver",12.0467522843937
"4673",467.2,"Simu1","DIC",50,"cliver",11.5910137390323
"4674",467.3,"Simu1","DIC",50,"cliver",11.1165250966025
"4675",467.4,"Simu1","DIC",50,"cliver",10.625104739982
"4676",467.5,"Simu1","DIC",50,"cliver",10.1184385306269
"4677",467.6,"Simu1","DIC",50,"cliver",9.59808907808685
"4678",467.7,"Simu1","DIC",50,"cliver",9.06550441272885
"4679",467.8,"Simu1","DIC",50,"cliver",8.52202586708744
"4680",467.9,"Simu1","DIC",50,"cliver",7.96889538702799
"4681",468,"Simu1","DIC",50,"cliver",7.40726251666026
"4682",468.1,"Simu1","DIC",50,"cliver",6.83819110461271
"4683",468.2,"Simu1","DIC",50,"cliver",6.26266570079248
"4684",468.3,"Simu1","DIC",50,"cliver",5.68159770621585
"4685",468.4,"Simu1","DIC",50,"cliver",5.09583147184025
"4686",468.5,"Simu1","DIC",50,"cliver",4.50615065586139
"4687",468.6,"Simu1","DIC",50,"cliver",3.91328536299161
"4688",468.7,"Simu1","DIC",50,"cliver",3.31792117584171
"4689",468.8,"Simu1","DIC",50,"cliver",2.72071280539063
"4690",468.9,"Simu1","DIC",50,"cliver",2.12230912482186
"4691",469,"Simu1","DIC",50,"cliver",1.52341346904128
"4692",469.1,"Simu1","DIC",50,"cliver",0.924997549092306
"4693",469.2,"Simu1","DIC",50,"cliver",0.32971838436525
"4694",469.3,"Simu1","DIC",50,"cliver",0.0013789526296696
"4695",469.4,"Simu1","DIC",50,"cliver",0.00130729884536109
"4696",469.5,"Simu1","DIC",50,"cliver",0.00124113429818336
"4697",469.6,"Simu1","DIC",50,"cliver",0.00117993173301485
"4698",469.7,"Simu1","DIC",50,"cliver",0.00112322703841497
"4699",469.8,"Simu1","DIC",50,"cliver",0.00107060666278113
"4700",469.9,"Simu1","DIC",50,"cliver",0.00102171017406447
"4701",470,"Simu1","DIC",50,"cliver",0.000976210370686017
"4702",470.1,"Simu1","DIC",50,"cliver",0.000933817961261699
"4703",470.2,"Simu1","DIC",50,"cliver",0.000894273084990545
"4704",470.3,"Simu1","DIC",50,"cliver",0.000857341163916538
"4705",470.4,"Simu1","DIC",50,"cliver",0.000822812099697234
"4706",470.5,"Simu1","DIC",50,"cliver",0.000790495311377456
"4707",470.6,"Simu1","DIC",50,"cliver",0.000760219299899903
"4708",470.7,"Simu1","DIC",50,"cliver",0.000731824587129677
"4709",470.8,"Simu1","DIC",50,"cliver",0.000705181501870627
"4710",470.9,"Simu1","DIC",50,"cliver",0.000680141969145858
"4711",471,"Simu1","DIC",50,"cliver",0.000656609802213548
"4712",471.1,"Simu1","DIC",50,"cliver",0.000634445142684638
"4713",471.2,"Simu1","DIC",50,"cliver",0.00061360154142016
"4714",471.3,"Simu1","DIC",50,"cliver",0.000594021356235355
"4715",471.4,"Simu1","DIC",50,"cliver",0.000575393419703662
"4716",471.5,"Simu1","DIC",50,"cliver",0.000557616667014464
"4717",471.6,"Simu1","DIC",50,"cliver",0.000541706678548679
"4718",471.7,"Simu1","DIC",50,"cliver",0.000525703024089311
"4719",471.8,"Simu1","DIC",50,"cliver",0.000510917337539509
"4720",471.9,"Simu1","DIC",50,"cliver",0.000496925938361784
"4721",472,"Simu1","DIC",50,"cliver",0.000560125696416028
"4722",472.1,"Simu1","DIC",50,"cliver",0.240819878427233
"4723",472.2,"Simu1","DIC",50,"cliver",1.49205564890412
"4724",472.3,"Simu1","DIC",50,"cliver",3.13881415672067
"4725",472.4,"Simu1","DIC",50,"cliver",4.80891154199566
"4726",472.5,"Simu1","DIC",50,"cliver",6.37329460189734
"4727",472.6,"Simu1","DIC",50,"cliver",7.79256715003049
"4728",472.7,"Simu1","DIC",50,"cliver",9.0598162176279
"4729",472.8,"Simu1","DIC",50,"cliver",10.1795764872451
"4730",472.9,"Simu1","DIC",50,"cliver",11.1601213670587
"4731",473,"Simu1","DIC",50,"cliver",12.0106569583083
"4732",473.1,"Simu1","DIC",50,"cliver",12.7403248828558
"4733",473.2,"Simu1","DIC",50,"cliver",13.3578420140915
"4734",473.3,"Simu1","DIC",50,"cliver",13.8714313665773
"4735",473.4,"Simu1","DIC",50,"cliver",14.2887637236411
"4736",473.5,"Simu1","DIC",50,"cliver",14.6170258192128
"4737",473.6,"Simu1","DIC",50,"cliver",14.8629118237479
"4738",473.7,"Simu1","DIC",50,"cliver",15.0326709045558
"4739",473.8,"Simu1","DIC",50,"cliver",15.1321147193233
"4740",473.9,"Simu1","DIC",50,"cliver",15.1666642001518
"4741",474,"Simu1","DIC",50,"cliver",15.1413720696555
"4742",474.1,"Simu1","DIC",50,"cliver",15.0609414899926
"4743",474.2,"Simu1","DIC",50,"cliver",14.9297509057763
"4744",474.3,"Simu1","DIC",50,"cliver",14.7518766685296
"4745",474.4,"Simu1","DIC",50,"cliver",14.5311112959729
"4746",474.5,"Simu1","DIC",50,"cliver",14.270984868769
"4747",474.6,"Simu1","DIC",50,"cliver",13.9747825822963
"4748",474.7,"Simu1","DIC",50,"cliver",13.6455582470455
"4749",474.8,"Simu1","DIC",50,"cliver",13.286148977626
"4750",474.9,"Simu1","DIC",50,"cliver",12.8991909884728
"4751",475,"Simu1","DIC",50,"cliver",12.4871339980586
"4752",475.1,"Simu1","DIC",50,"cliver",12.052253438577
"4753",475.2,"Simu1","DIC",50,"cliver",11.5966615184175
"4754",475.3,"Simu1","DIC",50,"cliver",11.1223180674491
"4755",475.4,"Simu1","DIC",50,"cliver",10.6310410868703
"4756",475.5,"Simu1","DIC",50,"cliver",10.1245165484086
"4757",475.6,"Simu1","DIC",50,"cliver",9.60430733730852
"4758",475.7,"Simu1","DIC",50,"cliver",9.07186157384341
"4759",475.8,"Simu1","DIC",50,"cliver",8.52852051592537
"4760",475.9,"Simu1","DIC",50,"cliver",7.97552605831586
"4761",476,"Simu1","DIC",50,"cliver",7.41402778173261
"4762",476.1,"Simu1","DIC",50,"cliver",6.84508959273099
"4763",476.2,"Simu1","DIC",50,"cliver",6.26969605535645
"4764",476.3,"Simu1","DIC",50,"cliver",5.68875854617358
"4765",476.4,"Simu1","DIC",50,"cliver",5.10312138283061
"4766",476.5,"Simu1","DIC",50,"cliver",4.51356818159237
"4767",476.6,"Simu1","DIC",50,"cliver",3.92082896334256
"4768",476.7,"Simu1","DIC",50,"cliver",3.32558913336324
"4769",476.8,"Simu1","DIC",50,"cliver",2.7285030399324
"4770",476.9,"Simu1","DIC",50,"cliver",2.1302197370078
"4771",477,"Simu1","DIC",50,"cliver",1.53143904865492
"4772",477.1,"Simu1","DIC",50,"cliver",0.93312497308948
"4773",477.2,"Simu1","DIC",50,"cliver",0.337872096570763
"4774",477.3,"Simu1","DIC",50,"cliver",0.0013812897192848
"4775",477.4,"Simu1","DIC",50,"cliver",0.00130957939605798
"4776",477.5,"Simu1","DIC",50,"cliver",0.00124336112639622
"4777",477.6,"Simu1","DIC",50,"cliver",0.00118210889811199
"4778",477.7,"Simu1","DIC",50,"cliver",0.00112535786871583
"4779",477.8,"Simu1","DIC",50,"cliver",0.00107269326154326
"4780",477.9,"Simu1","DIC",50,"cliver",0.00102376199354519
"4781",478,"Simu1","DIC",50,"cliver",0.000978223499038686
"4782",478.1,"Simu1","DIC",50,"cliver",0.000935798092553868
"4783",478.2,"Simu1","DIC",50,"cliver",0.000896216492363571
"4784",478.3,"Simu1","DIC",50,"cliver",0.000859257591844496
"4785",478.4,"Simu1","DIC",50,"cliver",0.00082469539110486
"4786",478.5,"Simu1","DIC",50,"cliver",0.000792359703642761
"4787",478.6,"Simu1","DIC",50,"cliver",0.00076204718292972
"4788",478.7,"Simu1","DIC",50,"cliver",0.000733651091282003
"4789",478.8,"Simu1","DIC",50,"cliver",0.000706946775506708
"4790",478.9,"Simu1","DIC",50,"cliver",0.000681950888201577
"4791",479,"Simu1","DIC",50,"cliver",0.00065827754810082
"4792",479.1,"Simu1","DIC",50,"cliver",0.000636371670360717
"4793",479.2,"Simu1","DIC",50,"cliver",0.000615287131539504
"4794",479.3,"Simu1","DIC",50,"cliver",0.000595539788159764
"4795",479.4,"Simu1","DIC",50,"cliver",0.000576915021318064
"4796",479.5,"Simu1","DIC",50,"cliver",0.000559694097767876
"4797",479.6,"Simu1","DIC",50,"cliver",0.000542982867916225
"4798",479.7,"Simu1","DIC",50,"cliver",0.000527236793764014
"4799",479.8,"Simu1","DIC",50,"cliver",0.000512422947811952
"4800",479.9,"Simu1","DIC",50,"cliver",0.000498537732279867
"4801",480,"Simu1","DIC",50,"cliver",0.000561766195948413
"4802",480.1,"Simu1","DIC",50,"cliver",0.240920809414724
"4803",480.2,"Simu1","DIC",50,"cliver",1.49236833883283
"4804",480.3,"Simu1","DIC",50,"cliver",3.13933683508094
"4805",480.4,"Simu1","DIC",50,"cliver",4.80964117967529
"4806",480.5,"Simu1","DIC",50,"cliver",6.3742281380262
"4807",480.6,"Simu1","DIC",50,"cliver",7.79370157181602
"4808",480.7,"Simu1","DIC",50,"cliver",9.06114857538262
"4809",480.8,"Simu1","DIC",50,"cliver",10.1811038979874
"4810",480.9,"Simu1","DIC",50,"cliver",11.1618409492926
"4811",481,"Simu1","DIC",50,"cliver",12.0125659720574
"4812",481.1,"Simu1","DIC",50,"cliver",12.7424167936396
"4813",481.2,"Simu1","DIC",50,"cliver",13.3601167131109
"4814",481.3,"Simu1","DIC",50,"cliver",13.8738798402843
"4815",481.4,"Simu1","DIC",50,"cliver",14.2913903843858
"4816",481.5,"Simu1","DIC",50,"cliver",14.6198293355917
"4817",481.6,"Simu1","DIC",50,"cliver",14.8658949864424
"4818",481.7,"Simu1","DIC",50,"cliver",15.035823859172
"4819",481.8,"Simu1","DIC",50,"cliver",15.1354367511747
"4820",481.9,"Simu1","DIC",50,"cliver",15.1701550815043
"4821",482,"Simu1","DIC",50,"cliver",15.1450291457849
"4822",482.1,"Simu1","DIC",50,"cliver",15.0647634451694
"4823",482.2,"Simu1","DIC",50,"cliver",14.9337367451093
"4824",482.3,"Simu1","DIC",50,"cliver",14.7560247635178
"4825",482.4,"Simu1","DIC",50,"cliver",14.5354209746359
"4826",482.5,"Simu1","DIC",50,"cliver",14.2754547574429
"4827",482.6,"Simu1","DIC",50,"cliver",13.9794077698758
"4828",482.7,"Simu1","DIC",50,"cliver",13.6503334425895
"4829",482.8,"Simu1","DIC",50,"cliver",13.2910719767282
"4830",482.9,"Simu1","DIC",50,"cliver",12.9042617620766
"4831",483,"Simu1","DIC",50,"cliver",12.4923519551745
"4832",483.1,"Simu1","DIC",50,"cliver",12.0576166367757
"4833",483.2,"Simu1","DIC",50,"cliver",11.6021677369342
"4834",483.3,"Simu1","DIC",50,"cliver",11.1279656692704
"4835",483.4,"Simu1","DIC",50,"cliver",10.6368288376394
"4836",483.5,"Simu1","DIC",50,"cliver",10.1304431093566
"4837",483.6,"Simu1","DIC",50,"cliver",9.61037115298426
"4838",483.7,"Simu1","DIC",50,"cliver",9.07806108472673
"4839",483.8,"Simu1","DIC",50,"cliver",8.53485429998606
"4840",483.9,"Simu1","DIC",50,"cliver",7.98199277663451
"4841",484,"Simu1","DIC",50,"cliver",7.42062608236857
"4842",484.1,"Simu1","DIC",50,"cliver",6.85181809180877
"4843",484.2,"Simu1","DIC",50,"cliver",6.27655337408822
"4844",484.3,"Simu1","DIC",50,"cliver",5.69574332473262
"4845",484.4,"Simu1","DIC",50,"cliver",5.11023225202367
"4846",484.5,"Simu1","DIC",50,"cliver",4.52080371882099
"4847",484.6,"Simu1","DIC",50,"cliver",3.92818764516989
"4848",484.7,"Simu1","DIC",50,"cliver",3.33306925517052
"4849",484.8,"Simu1","DIC",50,"cliver",2.73610252932506
"4850",484.9,"Simu1","DIC",50,"cliver",2.13793473184388
"4851",485,"Simu1","DIC",50,"cliver",1.5392650797115
"4852",485.1,"Simu1","DIC",50,"cliver",0.941050141357495
"4853",485.2,"Simu1","DIC",50,"cliver",0.345826034780881
"4854",485.3,"Simu1","DIC",50,"cliver",0.00138358608968412
"4855",485.4,"Simu1","DIC",50,"cliver",0.00131181427076262
"4856",485.5,"Simu1","DIC",50,"cliver",0.00124554185262344
"4857",485.6,"Simu1","DIC",50,"cliver",0.00118423979281757
"4858",485.7,"Simu1","DIC",50,"cliver",0.00112744321019306
"4859",485.8,"Simu1","DIC",50,"cliver",0.00107473761892169
"4860",485.9,"Simu1","DIC",50,"cliver",0.0010257621038923
"4861",486,"Simu1","DIC",50,"cliver",0.00098018877907039
"4862",486.1,"Simu1","DIC",50,"cliver",0.000937727781334343
"4863",486.2,"Simu1","DIC",50,"cliver",0.000898118964536266
"4864",486.3,"Simu1","DIC",50,"cliver",0.000861127122468079
"4865",486.4,"Simu1","DIC",50,"cliver",0.000826542130833341
"4866",486.5,"Simu1","DIC",50,"cliver",0.000794172527539392
"4867",486.6,"Simu1","DIC",50,"cliver",0.000763847502210587
"4868",486.7,"Simu1","DIC",50,"cliver",0.000735405686460994
"4869",486.8,"Simu1","DIC",50,"cliver",0.000708719645762214
"4870",486.9,"Simu1","DIC",50,"cliver",0.000683637392133087
"4871",487,"Simu1","DIC",50,"cliver",0.000660068684857297
"4872",487.1,"Simu1","DIC",50,"cliver",0.000637862724814225
"4873",487.2,"Simu1","DIC",50,"cliver",0.000616992531311848
"4874",487.3,"Simu1","DIC",50,"cliver",0.000597356986037738
"4875",487.4,"Simu1","DIC",50,"cliver",0.000578749727922495
"4876",487.5,"Simu1","DIC",50,"cliver",0.00056085004025449
"4877",487.6,"Simu1","DIC",50,"cliver",0.000544969295869348
"4878",487.7,"Simu1","DIC",50,"cliver",0.000528936495809964
"4879",487.8,"Simu1","DIC",50,"cliver",0.000514126627377124
"4880",487.9,"Simu1","DIC",50,"cliver",0.00050011253370917
"4881",488,"Simu1","DIC",50,"cliver",0.000563370698101665
"4882",488.1,"Simu1","DIC",50,"cliver",0.24101948230104
"4883",488.2,"Simu1","DIC",50,"cliver",1.49267400734808
"4884",488.3,"Simu1","DIC",50,"cliver",3.13984777423708
"4885",488.4,"Simu1","DIC",50,"cliver",4.8103544190449
"4886",488.5,"Simu1","DIC",50,"cliver",6.37514066905544
"4887",488.6,"Simu1","DIC",50,"cliver",7.79481043170058
"4888",488.7,"Simu1","DIC",50,"cliver",9.06245086368411
"4889",488.8,"Simu1","DIC",50,"cliver",10.1825967807868
"4890",488.9,"Simu1","DIC",50,"cliver",11.1635216585472
"4891",489,"Simu1","DIC",50,"cliver",12.014431825274
"4892",489.1,"Simu1","DIC",50,"cliver",12.7444650593927
"4893",489.2,"Simu1","DIC",50,"cliver",13.362344483701
"4894",489.3,"Simu1","DIC",50,"cliver",13.8762826468434
"4895",489.4,"Simu1","DIC",50,"cliver",14.2939701878768
"4896",489.5,"Simu1","DIC",50,"cliver",14.6225830133676
"4897",489.6,"Simu1","DIC",50,"cliver",14.8688092215922
"4898",489.7,"Simu1","DIC",50,"cliver",15.0388970748329
"4899",489.8,"Simu1","DIC",50,"cliver",15.1386780394325
"4900",489.9,"Simu1","DIC",50,"cliver",15.1735672885178
"4901",490,"Simu1","DIC",50,"cliver",15.1486034240919
"4902",490.1,"Simu1","DIC",50,"cliver",15.0684945807793
"4903",490.2,"Simu1","DIC",50,"cliver",14.9376235879444
"4904",490.3,"Simu1","DIC",50,"cliver",14.7600667427916
"4905",490.4,"Simu1","DIC",50,"cliver",14.5396166324724
"4906",490.5,"Simu1","DIC",50,"cliver",14.2798022835519
"4907",490.6,"Simu1","DIC",50,"cliver",13.9839057905882
"4908",490.7,"Simu1","DIC",50,"cliver",13.6549804974001
"4909",490.8,"Simu1","DIC",50,"cliver",13.295866386713
"4910",490.9,"Simu1","DIC",50,"cliver",12.9092017053326
"4911",491,"Simu1","DIC",50,"cliver",12.4974356811802
"4912",491.1,"Simu1","DIC",50,"cliver",12.0628425271152
"4913",491.2,"Simu1","DIC",50,"cliver",11.6075342188099
"4914",491.3,"Simu1","DIC",50,"cliver",11.1334711583925
"4915",491.4,"Simu1","DIC",50,"cliver",10.6424717669997
"4916",491.5,"Simu1","DIC",50,"cliver",10.136221967652
"4917",491.6,"Simu1","DIC",50,"cliver",9.61628447830689
"4918",491.7,"Simu1","DIC",50,"cliver",9.08410743808309
"4919",491.8,"Simu1","DIC",50,"cliver",8.54103225686944
"4920",491.9,"Simu1","DIC",50,"cliver",7.98830093569989
"4921",492,"Simu1","DIC",50,"cliver",7.42706306929939
"4922",492.1,"Simu1","DIC",50,"cliver",6.8583825514745
"4923",492.2,"Simu1","DIC",50,"cliver",6.2832439566752
"4924",492.3,"Simu1","DIC",50,"cliver",5.70255867522224
"4925",492.4,"Simu1","DIC",50,"cliver",5.1171709981578
"4926",492.5,"Simu1","DIC",50,"cliver",4.52786444828913
"4927",492.6,"Simu1","DIC",50,"cliver",3.93536886195084
"4928",492.7,"Simu1","DIC",50,"cliver",3.34036929769455
"4929",492.8,"Simu1","DIC",50,"cliver",2.74351940384822
"4930",492.9,"Simu1","DIC",50,"cliver",2.14546555060518
"4931",493,"Simu1","DIC",50,"cliver",1.54690487426288
"4932",493.1,"Simu1","DIC",50,"cliver",0.948787682775317
"4933",493.2,"Simu1","DIC",50,"cliver",0.353594409142992
"4934",493.3,"Simu1","DIC",50,"cliver",0.00138582635799006
"4935",493.4,"Simu1","DIC",50,"cliver",0.00131399507752629
"4936",493.5,"Simu1","DIC",50,"cliver",0.0012476706262061
"4937",493.6,"Simu1","DIC",50,"cliver",0.00118632015655927
"4938",493.7,"Simu1","DIC",50,"cliver",0.00112947888980828
"4939",493.8,"Simu1","DIC",50,"cliver",0.00107673331711639
"4940",493.9,"Simu1","DIC",50,"cliver",0.00102771931345333
"4941",494,"Simu1","DIC",50,"cliver",0.000982110434572264
"4942",494.1,"Simu1","DIC",50,"cliver",0.000939615839324137
"4943",494.2,"Simu1","DIC",50,"cliver",0.000899976085030612
"4944",494.3,"Simu1","DIC",50,"cliver",0.000862954930520396
"4945",494.4,"Simu1","DIC",50,"cliver",0.000828343424212363
"4946",494.5,"Simu1","DIC",50,"cliver",0.000795947332683982
"4947",494.6,"Simu1","DIC",50,"cliver",0.000765600331367369
"4948",494.7,"Simu1","DIC",50,"cliver",0.000737134681005657
"4949",494.8,"Simu1","DIC",50,"cliver",0.000710427187072349
"4950",494.9,"Simu1","DIC",50,"cliver",0.000685322817308686
"4951",495,"Simu1","DIC",50,"cliver",0.000661740189916595
"4952",495.1,"Simu1","DIC",50,"cliver",0.000639508617447552
"4953",495.2,"Simu1","DIC",50,"cliver",0.000618637099255981
"4954",495.3,"Simu1","DIC",50,"cliver",0.000598863239393929
"4955",495.4,"Simu1","DIC",50,"cliver",0.000580492668177792
"4956",495.5,"Simu1","DIC",50,"cliver",0.000562479211798233
"4957",495.6,"Simu1","DIC",50,"cliver",0.000546049658477677
"4958",495.7,"Simu1","DIC",50,"cliver",0.000530504044699563
"4959",495.8,"Simu1","DIC",50,"cliver",0.000515678955391831
"4960",495.9,"Simu1","DIC",50,"cliver",0.00050164987839933
"4961",496,"Simu1","DIC",50,"cliver",0.000564935511288852
"4962",496.1,"Simu1","DIC",50,"cliver",0.241115680794505
"4963",496.2,"Simu1","DIC",50,"cliver",1.49297196781829
"4964",496.3,"Simu1","DIC",50,"cliver",3.14034582273932
"4965",496.4,"Simu1","DIC",50,"cliver",4.81104967227451
"4966",496.5,"Simu1","DIC",50,"cliver",6.37603020738453
"4967",496.6,"Simu1","DIC",50,"cliver",7.79589137973259
"4968",496.7,"Simu1","DIC",50,"cliver",9.06372040610102
"4969",496.8,"Simu1","DIC",50,"cliver",10.1840521663751
"4970",496.9,"Simu1","DIC",50,"cliver",11.1651602019967
"4971",497,"Simu1","DIC",50,"cliver",12.0162509083617
"4972",497.1,"Simu1","DIC",50,"cliver",12.7464619970951
"4973",497.2,"Simu1","DIC",50,"cliver",13.3645171906284
"4974",497.3,"Simu1","DIC",50,"cliver",13.8786288425161
"4975",497.4,"Simu1","DIC",50,"cliver",14.2964915369776
"4976",497.5,"Simu1","DIC",50,"cliver",14.6252622418168
"4977",497.6,"Simu1","DIC",50,"cliver",14.8716609615883
"4978",497.7,"Simu1","DIC",50,"cliver",15.0419198264939
"4979",497.8,"Simu1","DIC",50,"cliver",15.1418646247145
"4980",497.9,"Simu1","DIC",50,"cliver",15.1769085819571
"4981",498,"Simu1","DIC",50,"cliver",15.1521014142862
"4982",498.1,"Simu1","DIC",50,"cliver",15.0721496399688
"4983",498.2,"Simu1","DIC",50,"cliver",14.9414328091895
"4984",498.3,"Simu1","DIC",50,"cliver",14.7640272177459
"4985",498.4,"Simu1","DIC",50,"cliver",14.5437261983109
"4986",498.5,"Simu1","DIC",50,"cliver",14.2840585104711
"4987",498.6,"Simu1","DIC",50,"cliver",13.9883068519316
"4988",498.7,"Simu1","DIC",50,"cliver",13.6595259136728
"4989",498.8,"Simu1","DIC",50,"cliver",13.3005553836391
"4990",498.9,"Simu1","DIC",50,"cliver",12.9140323859374
"4991",499,"Simu1","DIC",50,"cliver",12.5024058156322
"4992",499.1,"Simu1","DIC",50,"cliver",12.0679503776082
"4993",499.2,"Simu1","DIC",50,"cliver",11.6127784838277
"4994",499.3,"Simu1","DIC",50,"cliver",11.1388505188097
"4995",499.4,"Simu1","DIC",50,"cliver",10.6479847169619
"4996",499.5,"Simu1","DIC",50,"cliver",10.1418669698137
"4997",499.6,"Simu1","DIC",50,"cliver",9.62206011053874
"4998",499.7,"Simu1","DIC",50,"cliver",9.09001237222632
"4999",499.8,"Simu1","DIC",50,"cliver",8.547065172424
"5000",499.9,"Simu1","DIC",50,"cliver",7.9944604919369
"5001",500,"Simu1","DIC",50,"cliver",7.4333479342728
"5002",500.1,"Simu1","DIC",50,"cliver",6.86479142332282
"5003",500.2,"Simu1","DIC",50,"cliver",6.28977555125907
"5004",500.3,"Simu1","DIC",50,"cliver",5.7092117006197
"5005",500.4,"Simu1","DIC",50,"cliver",5.12394413590548
"5006",500.5,"Simu1","DIC",50,"cliver",4.53475633481377
"5007",500.6,"Simu1","DIC",50,"cliver",3.94237804829511
"5008",500.7,"Simu1","DIC",50,"cliver",3.34749416028585
"5009",500.8,"Simu1","DIC",50,"cliver",2.75075794580082
"5010",500.9,"Simu1","DIC",50,"cliver",2.15281537127694
"5011",501,"Simu1","DIC",50,"cliver",1.55436179169082
"5012",501.1,"Simu1","DIC",50,"cliver",0.956339546968396
"5013",501.2,"Simu1","DIC",50,"cliver",0.361178586144119
"5014",501.3,"Simu1","DIC",50,"cliver",0.00138800831316344
"5015",501.4,"Simu1","DIC",50,"cliver",0.00131612375123783
"5016",501.5,"Simu1","DIC",50,"cliver",0.00124974818111459
"5017",501.6,"Simu1","DIC",50,"cliver",0.00118835099012151
"5018",501.7,"Simu1","DIC",50,"cliver",0.00113146653696163
"5019",501.8,"Simu1","DIC",50,"cliver",0.00107867948120411
"5020",501.9,"Simu1","DIC",50,"cliver",0.00102962839703069
"5021",502,"Simu1","DIC",50,"cliver",0.00098398477412496
"5022",502.1,"Simu1","DIC",50,"cliver",0.000941458207206907
"5023",502.2,"Simu1","DIC",50,"cliver",0.000901788253760902
"5024",502.3,"Simu1","DIC",50,"cliver",0.000864739138725719
"5025",502.4,"Simu1","DIC",50,"cliver",0.000830100664556185
"5026",502.5,"Simu1","DIC",50,"cliver",0.000797680604186615
"5027",502.6,"Simu1","DIC",50,"cliver",0.000767308671487428
"5028",502.7,"Simu1","DIC",50,"cliver",0.000738821932912048
"5029",502.8,"Simu1","DIC",50,"cliver",0.000712094666977857
"5030",502.9,"Simu1","DIC",50,"cliver",0.000686971831054187
"5031",503,"Simu1","DIC",50,"cliver",0.000663367774315094
"5032",503.1,"Simu1","DIC",50,"cliver",0.000641123107088262
"5033",503.2,"Simu1","DIC",50,"cliver",0.000620226060543867
"5034",503.3,"Simu1","DIC",50,"cliver",0.000600540568775893
"5035",503.4,"Simu1","DIC",50,"cliver",0.000581945986032981
"5036",503.5,"Simu1","DIC",50,"cliver",0.000563944535641133
"5037",503.6,"Simu1","DIC",50,"cliver",0.000548075814154659
"5038",503.7,"Simu1","DIC",50,"cliver",0.000531994893059934
"5039",503.8,"Simu1","DIC",50,"cliver",0.000517187679643162
"5040",503.9,"Simu1","DIC",50,"cliver",0.000503150723133619
"5041",504,"Simu1","DIC",50,"cliver",0.00056646540981163
"5042",504.1,"Simu1","DIC",50,"cliver",0.241209695364767
"5043",504.2,"Simu1","DIC",50,"cliver",1.49326310966867
"5044",504.3,"Simu1","DIC",50,"cliver",3.14083243916478
"5045",504.4,"Simu1","DIC",50,"cliver",4.81172893230209
"5046",504.5,"Simu1","DIC",50,"cliver",6.37689924700303
"5047",504.6,"Simu1","DIC",50,"cliver",7.79694737939961
"5048",504.7,"Simu1","DIC",50,"cliver",9.06496060576371
"5049",504.8,"Simu1","DIC",50,"cliver",10.1854738693589
"5050",504.9,"Simu1","DIC",50,"cliver",11.1667607702099
"5051",505,"Simu1","DIC",50,"cliver",12.018027765554
"5052",505.1,"Simu1","DIC",50,"cliver",12.7484137478868
"5053",505.2,"Simu1","DIC",50,"cliver",13.3666395675519
"5054",505.3,"Simu1","DIC",50,"cliver",13.8809221009212
"5055",505.4,"Simu1","DIC",50,"cliver",14.2989449162131
"5056",505.5,"Simu1","DIC",50,"cliver",14.6278880146857
"5057",505.6,"Simu1","DIC",50,"cliver",14.8744526482546
"5058",505.7,"Simu1","DIC",50,"cliver",15.0448737165157
"5059",505.8,"Simu1","DIC",50,"cliver",15.1449718109728
"5060",505.9,"Simu1","DIC",50,"cliver",15.1801695631681
"5061",506,"Simu1","DIC",50,"cliver",15.1555161710309
"5062",506.1,"Simu1","DIC",50,"cliver",15.0757169645812
"5063",506.2,"Simu1","DIC",50,"cliver",14.9451512338821
"5064",506.3,"Simu1","DIC",50,"cliver",14.7678948226631
"5065",506.4,"Simu1","DIC",50,"cliver",14.5477411491171
"5066",506.5,"Simu1","DIC",50,"cliver",14.2882201063494
"5067",506.6,"Simu1","DIC",50,"cliver",13.9926135056195
"5068",506.7,"Simu1","DIC",50,"cliver",13.6639737827032
"5069",506.8,"Simu1","DIC",50,"cliver",13.3051408967957
"5070",506.9,"Simu1","DIC",50,"cliver",12.9187541494286
"5071",507,"Simu1","DIC",50,"cliver",12.5072634400481
"5072",507.1,"Simu1","DIC",50,"cliver",12.0729428165855
"5073",507.2,"Simu1","DIC",50,"cliver",11.6179039216437
"5074",507.3,"Simu1","DIC",50,"cliver",11.144107174237
"5075",507.4,"Simu1","DIC",50,"cliver",10.6533712325431
"5076",507.5,"Simu1","DIC",50,"cliver",10.1473821656605
"5077",507.6,"Simu1","DIC",50,"cliver",9.62770269039723
"5078",507.7,"Simu1","DIC",50,"cliver",9.09578093072638
"5079",507.8,"Simu1","DIC",50,"cliver",8.55295834558688
"5080",507.9,"Simu1","DIC",50,"cliver",8.00047701104345
"5081",508,"Simu1","DIC",50,"cliver",7.43948656735168
"5082",508.1,"Simu1","DIC",50,"cliver",6.87105091927706
"5083",508.2,"Simu1","DIC",50,"cliver",6.29615464160626
"5084",508.3,"Simu1","DIC",50,"cliver",5.71570911983786
"5085",508.4,"Simu1","DIC",50,"cliver",5.13055861463403
"5086",508.5,"Simu1","DIC",50,"cliver",4.54148656347123
"5087",508.6,"Simu1","DIC",50,"cliver",3.94922262459629
"5088",508.7,"Simu1","DIC",50,"cliver",3.35445150648043
"5089",508.8,"Simu1","DIC",50,"cliver",2.75782612237084
"5090",508.9,"Simu1","DIC",50,"cliver",2.15999216691034
"5091",509,"Simu1","DIC",50,"cliver",1.56164271005386
"5092",509.1,"Simu1","DIC",50,"cliver",0.963713737233835
"5093",509.2,"Simu1","DIC",50,"cliver",0.368586359090536
"5094",509.3,"Simu1","DIC",50,"cliver",0.0013901407516291
"5095",509.4,"Simu1","DIC",50,"cliver",0.00131820200435735
"5096",509.5,"Simu1","DIC",50,"cliver",0.00125177679809887
"5097",509.6,"Simu1","DIC",50,"cliver",0.00119033383848963
"5098",509.7,"Simu1","DIC",50,"cliver",0.0011334071018718
"5099",509.8,"Simu1","DIC",50,"cliver",0.001080581027768
"5100",509.9,"Simu1","DIC",50,"cliver",0.00103149349774409
"5101",510,"Simu1","DIC",50,"cliver",0.000985816033467117
"5102",510.1,"Simu1","DIC",50,"cliver",0.000943257651615901
"5103",510.2,"Simu1","DIC",50,"cliver",0.000903558334259079
"5104",510.3,"Simu1","DIC",50,"cliver",0.000866481377445182
"5105",510.4,"Simu1","DIC",50,"cliver",0.000831817534038089
"5106",510.5,"Simu1","DIC",50,"cliver",0.000799372458549216
"5107",510.6,"Simu1","DIC",50,"cliver",0.000768979165627909
"5108",510.7,"Simu1","DIC",50,"cliver",0.000740469350485581
"5109",510.8,"Simu1","DIC",50,"cliver",0.000713723485271356
"5110",510.9,"Simu1","DIC",50,"cliver",0.000688578256503705
"5111",511,"Simu1","DIC",50,"cliver",0.000664962484102185
"5112",511.1,"Simu1","DIC",50,"cliver",0.000642690106642561
"5113",511.2,"Simu1","DIC",50,"cliver",0.000621797436304346
"5114",511.3,"Simu1","DIC",50,"cliver",0.000602014770208046
"5115",511.4,"Simu1","DIC",50,"cliver",0.000583586351083905
"5116",511.5,"Simu1","DIC",50,"cliver",0.000565355193732034
"5117",511.6,"Simu1","DIC",50,"cliver",0.000549387998707128
"5118",511.7,"Simu1","DIC",50,"cliver",0.000533463834155918
"5119",511.8,"Simu1","DIC",50,"cliver",0.000518668986922521
"5120",511.9,"Simu1","DIC",50,"cliver",0.000504664623824182
"5121",512,"Simu1","DIC",50,"cliver",0.000567959399612477
"5122",512.1,"Simu1","DIC",50,"cliver",0.241301575551483
"5123",512.2,"Simu1","DIC",50,"cliver",1.49354769144399
"5124",512.3,"Simu1","DIC",50,"cliver",3.14130814514949
"5125",512.4,"Simu1","DIC",50,"cliver",4.81239299469836
"5126",512.5,"Simu1","DIC",50,"cliver",6.37774885192011
"5127",512.6,"Simu1","DIC",50,"cliver",7.79797975243524
"5128",512.7,"Simu1","DIC",50,"cliver",9.06617303019751
"5129",512.8,"Simu1","DIC",50,"cliver",10.1868636911531
"5130",512.9,"Simu1","DIC",50,"cliver",11.1683254140584
"5131",513,"Simu1","DIC",50,"cliver",12.0197646519452
"5132",513.1,"Simu1","DIC",50,"cliver",12.7503194160992
"5133",513.2,"Simu1","DIC",50,"cliver",13.3687156614434
"5134",513.3,"Simu1","DIC",50,"cliver",13.8831609228179
"5135",513.4,"Simu1","DIC",50,"cliver",14.3013483464025
"5136",513.5,"Simu1","DIC",50,"cliver",14.6304734129032
"5137",513.6,"Simu1","DIC",50,"cliver",14.877191085609
"5138",513.7,"Simu1","DIC",50,"cliver",15.04776315335
"5139",513.8,"Simu1","DIC",50,"cliver",15.1480138671337
"5140",513.9,"Simu1","DIC",50,"cliver",15.1833659312669
"5141",514,"Simu1","DIC",50,"cliver",15.1588616777861
"5142",514.1,"Simu1","DIC",50,"cliver",15.0792078850439
"5143",514.2,"Simu1","DIC",50,"cliver",14.9487860962442
"5144",514.3,"Simu1","DIC",50,"cliver",14.7716724593679
"5145",514.4,"Simu1","DIC",50,"cliver",14.5516600462057
"5146",514.5,"Simu1","DIC",50,"cliver",14.2922781627362
"5147",514.6,"Simu1","DIC",50,"cliver",13.9968089654247
"5148",514.7,"Simu1","DIC",50,"cliver",13.668306336574
"5149",514.8,"Simu1","DIC",50,"cliver",13.3096103640125
"5150",514.9,"Simu1","DIC",50,"cliver",12.9233590201295
"5151",515,"Simu1","DIC",50,"cliver",12.5120014564431
"5152",515.1,"Simu1","DIC",50,"cliver",12.077812114768
"5153",515.2,"Simu1","DIC",50,"cliver",11.6229032246811
"5154",515.3,"Simu1","DIC",50,"cliver",11.1492352907113
"5155",515.4,"Simu1","DIC",50,"cliver",10.6586267541692
"5156",515.5,"Simu1","DIC",50,"cliver",10.1527635944012
"5157",515.6,"Simu1","DIC",50,"cliver",9.6332086357343
"5158",515.7,"Simu1","DIC",50,"cliver",9.10141011945564
"5159",515.8,"Simu1","DIC",50,"cliver",8.55870952356405
"5160",515.9,"Simu1","DIC",50,"cliver",8.00634889704977
"5161",516,"Simu1","DIC",50,"cliver",7.44547788119816
"5162",516.1,"Simu1","DIC",50,"cliver",6.87716041240583
"5163",516.2,"Simu1","DIC",50,"cliver",6.30238108768043
"5164",516.3,"Simu1","DIC",50,"cliver",5.72205128680583
"5165",516.4,"Simu1","DIC",50,"cliver",5.13701524535771
"5166",516.5,"Simu1","DIC",50,"cliver",4.54805636201482
"5167",516.6,"Simu1","DIC",50,"cliver",3.95590422711736
"5168",516.7,"Simu1","DIC",50,"cliver",3.36124341781499
"5169",516.8,"Simu1","DIC",50,"cliver",2.76472660168664
"5170",516.9,"Simu1","DIC",50,"cliver",2.1669990508979
"5171",517,"Simu1","DIC",50,"cliver",1.56875128747075
"5172",517.1,"Simu1","DIC",50,"cliver",0.970913527281389
"5173",517.2,"Simu1","DIC",50,"cliver",0.375821066483978
"5174",517.3,"Simu1","DIC",50,"cliver",0.00139222136686213
"5175",517.4,"Simu1","DIC",50,"cliver",0.00132023168321036
"5176",517.5,"Simu1","DIC",50,"cliver",0.0012537650907914
"5177",517.6,"Simu1","DIC",50,"cliver",0.00119226985517876
"5178",517.7,"Simu1","DIC",50,"cliver",0.00113530105275977
"5179",517.8,"Simu1","DIC",50,"cliver",0.00108243677057301
"5180",517.9,"Simu1","DIC",50,"cliver",0.00103331369619041
"5181",518,"Simu1","DIC",50,"cliver",0.000987604522505028
"5182",518.1,"Simu1","DIC",50,"cliver",0.000945014813953437
"5183",518.2,"Simu1","DIC",50,"cliver",0.000905286547894764
"5184",518.3,"Simu1","DIC",50,"cliver",0.000868181590082475
"5185",518.4,"Simu1","DIC",50,"cliver",0.000833495203043151
"5186",518.5,"Simu1","DIC",50,"cliver",0.000801021155581276
"5187",518.6,"Simu1","DIC",50,"cliver",0.000770618693963568
"5188",518.7,"Simu1","DIC",50,"cliver",0.000742059078345029
"5189",518.8,"Simu1","DIC",50,"cliver",0.0007156537705881
"5190",518.9,"Simu1","DIC",50,"cliver",0.000690115380962655
"5191",519,"Simu1","DIC",50,"cliver",0.000666268532981859
"5192",519.1,"Simu1","DIC",50,"cliver",0.000644333920341037
"5193",519.2,"Simu1","DIC",50,"cliver",0.000623220698075642
"5194",519.3,"Simu1","DIC",50,"cliver",0.00060368767821448
"5195",519.4,"Simu1","DIC",50,"cliver",0.000585061265320437
"5196",519.5,"Simu1","DIC",50,"cliver",0.000567369483893357
"5197",519.6,"Simu1","DIC",50,"cliver",0.000550659695876666
"5198",519.7,"Simu1","DIC",50,"cliver",0.000534900244266955
"5199",519.8,"Simu1","DIC",50,"cliver",0.000520153913409867
"5200",519.9,"Simu1","DIC",50,"cliver",0.000506047324751355
"5201",520,"Simu1","DIC",50,"cliver",0.000569415315897068
"5202",520.1,"Simu1","DIC",50,"cliver",0.24139088100185
"5203",520.2,"Simu1","DIC",50,"cliver",1.49382408290392
"5204",520.3,"Simu1","DIC",50,"cliver",3.14177002173985
"5205",520.4,"Simu1","DIC",50,"cliver",4.81303768537696
"5206",520.5,"Simu1","DIC",50,"cliver",6.37857367090556
"5207",520.6,"Simu1","DIC",50,"cliver",7.79898205998989
"5208",520.7,"Simu1","DIC",50,"cliver",9.06735024244062
"5209",520.8,"Simu1","DIC",50,"cliver",10.1882132824367
"5210",520.9,"Simu1","DIC",50,"cliver",11.1698449839909
"5211",521,"Simu1","DIC",50,"cliver",12.0214521405387
"5212",521.1,"Simu1","DIC",50,"cliver",12.752172000365
"5213",521.2,"Simu1","DIC",50,"cliver",13.3707299476187
"5214",521.3,"Simu1","DIC",50,"cliver",13.8853388789025
"5215",521.4,"Simu1","DIC",50,"cliver",14.3036857287599
"5216",521.5,"Simu1","DIC",50,"cliver",14.632948491749
"5217",521.6,"Simu1","DIC",50,"cliver",14.8798230012644
"5218",521.7,"Simu1","DIC",50,"cliver",15.0505520889885
"5219",521.8,"Simu1","DIC",50,"cliver",15.150954226625
"5220",521.9,"Simu1","DIC",50,"cliver",15.186451005562
"5221",522,"Simu1","DIC",50,"cliver",15.1620929808055
"5222",522.1,"Simu1","DIC",50,"cliver",15.0825839226522
"5223",522.2,"Simu1","DIC",50,"cliver",14.9523034483905
"5224",522.3,"Simu1","DIC",50,"cliver",14.7753285230637
"5225",522.4,"Simu1","DIC",50,"cliver",14.5554534074341
"5226",522.5,"Simu1","DIC",50,"cliver",14.2962082176256
"5227",522.6,"Simu1","DIC",50,"cliver",14.0008763415924
"5228",522.7,"Simu1","DIC",50,"cliver",13.6725108252745
"5229",522.8,"Simu1","DIC",50,"cliver",13.3139497170339
"5230",522.9,"Simu1","DIC",50,"cliver",12.92783038274
"5231",523,"Simu1","DIC",50,"cliver",12.5166028762685
"5232",523.1,"Simu1","DIC",50,"cliver",12.0825424630986
"5233",523.2,"Simu1","DIC",50,"cliver",11.6277613570018
"5234",523.3,"Simu1","DIC",50,"cliver",11.1542197037309
"5235",523.4,"Simu1","DIC",50,"cliver",10.6637358518024
"5236",523.5,"Simu1","DIC",50,"cliver",10.1579959638852
"5237",523.6,"Simu1","DIC",50,"cliver",9.6385630218624
"5238",523.7,"Simu1","DIC",50,"cliver",9.10688526958636
"5239",523.8,"Simu1","DIC",50,"cliver",8.56430413338399
"5240",523.9,"Simu1","DIC",50,"cliver",8.01206166426341
"5241",524,"Simu1","DIC",50,"cliver",7.45130755219501
"5242",524.1,"Simu1","DIC",50,"cliver",6.88310576985442
"5243",524.2,"Simu1","DIC",50,"cliver",6.30844091584914
"5244",524.3,"Simu1","DIC",50,"cliver",5.7282243544528
"5245",524.4,"Simu1","DIC",50,"cliver",5.14330030309797
"5246",524.5,"Simu1","DIC",50,"cliver",4.55445212819404
"5247",524.6,"Simu1","DIC",50,"cliver",3.96240934505687
"5248",524.7,"Simu1","DIC",50,"cliver",3.36785637136958
"5249",524.8,"Simu1","DIC",50,"cliver",2.77144553780271
"5250",524.9,"Simu1","DIC",50,"cliver",2.17382130728016
"5251",525,"Simu1","DIC",50,"cliver",1.57567271805339
"5252",525.1,"Simu1","DIC",50,"cliver",0.977924286964754
"5253",525.2,"Simu1","DIC",50,"cliver",0.382867985104759
"5254",525.3,"Simu1","DIC",50,"cliver",0.00139430019367719
"5255",525.4,"Simu1","DIC",50,"cliver",0.00132221364937083
"5256",525.5,"Simu1","DIC",50,"cliver",0.00125569262559413
"5257",525.6,"Simu1","DIC",50,"cliver",0.00119416148280597
"5258",525.7,"Simu1","DIC",50,"cliver",0.00113715259538139
"5259",525.8,"Simu1","DIC",50,"cliver",0.00108424950371823
"5260",525.9,"Simu1","DIC",50,"cliver",0.00103509620700873
"5261",526,"Simu1","DIC",50,"cliver",0.000989351963073585
"5262",526.1,"Simu1","DIC",50,"cliver",0.000946734422742099
"5263",526.2,"Simu1","DIC",50,"cliver",0.000906973669618838
"5264",526.3,"Simu1","DIC",50,"cliver",0.000869846808148384
"5265",526.4,"Simu1","DIC",50,"cliver",0.00083512771709074
"5266",526.5,"Simu1","DIC",50,"cliver",0.000802644300617903
"5267",526.6,"Simu1","DIC",50,"cliver",0.000772193782123771
"5268",526.7,"Simu1","DIC",50,"cliver",0.000743666667856151
"5269",526.8,"Simu1","DIC",50,"cliver",0.000716840770702327
"5270",526.9,"Simu1","DIC",50,"cliver",0.00069172714590672
"5271",527,"Simu1","DIC",50,"cliver",0.00066794782220791
"5272",527.1,"Simu1","DIC",50,"cliver",0.000645922404861781
"5273",527.2,"Simu1","DIC",50,"cliver",0.000624763619917265
"5274",527.3,"Simu1","DIC",50,"cliver",0.000604921425497828
"5275",527.4,"Simu1","DIC",50,"cliver",0.000586202964294141
"5276",527.5,"Simu1","DIC",50,"cliver",0.000568881877912184
"5277",527.6,"Simu1","DIC",50,"cliver",0.000552114915113041
"5278",527.7,"Simu1","DIC",50,"cliver",0.000536293440526411
"5279",527.8,"Simu1","DIC",50,"cliver",0.00052140060093455
"5280",527.9,"Simu1","DIC",50,"cliver",0.000507445537771289
"5281",528,"Simu1","DIC",50,"cliver",0.000570839236880144
"5282",528.1,"Simu1","DIC",50,"cliver",0.241478421141689
"5283",528.2,"Simu1","DIC",50,"cliver",1.4940941037433
"5284",528.3,"Simu1","DIC",50,"cliver",3.14221881232247
"5285",528.4,"Simu1","DIC",50,"cliver",4.81366364027999
"5286",528.5,"Simu1","DIC",50,"cliver",6.37937415987874
"5287",528.6,"Simu1","DIC",50,"cliver",7.79995454469483
"5288",528.7,"Simu1","DIC",50,"cliver",9.06849229374085
"5289",528.8,"Simu1","DIC",50,"cliver",10.1895225077904
"5290",528.9,"Simu1","DIC",50,"cliver",11.1713188930209
"5291",529,"Simu1","DIC",50,"cliver",12.0230884477271
"5292",529.1,"Simu1","DIC",50,"cliver",12.7539688068156
"5293",529.2,"Simu1","DIC",50,"cliver",13.3726834280668
"5294",529.3,"Simu1","DIC",50,"cliver",13.8874474050781
"5295",529.4,"Simu1","DIC",50,"cliver",14.3059463054467
"5296",529.5,"Simu1","DIC",50,"cliver",14.6353599757709
"5297",529.6,"Simu1","DIC",50,"cliver",14.8823787884039
"5298",529.7,"Simu1","DIC",50,"cliver",15.0532472882679
"5299",529.8,"Simu1","DIC",50,"cliver",15.1537934638123
"5300",529.9,"Simu1","DIC",50,"cliver",15.1894435736176
"5301",530,"Simu1","DIC",50,"cliver",15.1652329663482
"5302",530.1,"Simu1","DIC",50,"cliver",15.0858654878789
"5303",530.2,"Simu1","DIC",50,"cliver",14.9557257911273
"5304",530.3,"Simu1","DIC",50,"cliver",14.7788914505145
"5305",530.4,"Simu1","DIC",50,"cliver",14.5591554047706
"5306",530.5,"Simu1","DIC",50,"cliver",14.3000471460674
"5307",530.6,"Simu1","DIC",50,"cliver",14.0048490967594
"5308",530.7,"Simu1","DIC",50,"cliver",13.6766134688625
"5309",530.8,"Simu1","DIC",50,"cliver",13.3181799148948
"5310",530.9,"Simu1","DIC",50,"cliver",12.9321877364758
"5311",531,"Simu1","DIC",50,"cliver",12.5210870985853
"5312",531.1,"Simu1","DIC",50,"cliver",12.0871522640767
"5313",531.2,"Simu1","DIC",50,"cliver",11.6324949187946
"5314",531.3,"Simu1","DIC",50,"cliver",11.1590754826657
"5315",531.4,"Simu1","DIC",50,"cliver",10.6687126944727
"5316",531.5,"Simu1","DIC",50,"cliver",10.1630927581965
"5317",531.6,"Simu1","DIC",50,"cliver",9.64377849775131
"5318",531.7,"Simu1","DIC",50,"cliver",9.1122180955753
"5319",531.8,"Simu1","DIC",50,"cliver",8.56975305737643
"5320",531.9,"Simu1","DIC",50,"cliver",8.01762552026699
"5321",532,"Simu1","DIC",50,"cliver",7.4569851878779
"5322",532.1,"Simu1","DIC",50,"cliver",6.8888960087596
"5323",532.2,"Simu1","DIC",50,"cliver",6.31434257302747
"5324",532.3,"Simu1","DIC",50,"cliver",5.73423625394336
"5325",532.4,"Simu1","DIC",50,"cliver",5.14942126436881
"5326",532.5,"Simu1","DIC",50,"cliver",4.56068093050981
"5327",532.6,"Simu1","DIC",50,"cliver",3.96874468253977
"5328",532.7,"Simu1","DIC",50,"cliver",3.37429678096065
"5329",532.8,"Simu1","DIC",50,"cliver",2.77798923602488
"5330",532.9,"Simu1","DIC",50,"cliver",2.18046558811108
"5331",533,"Simu1","DIC",50,"cliver",1.58241414773262
"5332",533.1,"Simu1","DIC",50,"cliver",0.984752942459643
"5333",533.2,"Simu1","DIC",50,"cliver",0.389733667228289
"5334",533.3,"Simu1","DIC",50,"cliver",0.00139624529093569
"5335",533.4,"Simu1","DIC",50,"cliver",0.00132415161083972
"5336",533.5,"Simu1","DIC",50,"cliver",0.00125758394822752
"5337",533.6,"Simu1","DIC",50,"cliver",0.00119600952945266
"5338",533.7,"Simu1","DIC",50,"cliver",0.00113896136196928
"5339",533.8,"Simu1","DIC",50,"cliver",0.001086022626463
"5340",533.9,"Simu1","DIC",50,"cliver",0.00103683068517273
"5341",534,"Simu1","DIC",50,"cliver",0.000991056065243957
"5342",534.1,"Simu1","DIC",50,"cliver",0.000948407201793209
"5343",534.2,"Simu1","DIC",50,"cliver",0.000908623355146021
"5344",534.3,"Simu1","DIC",50,"cliver",0.000871467400385339
"5345",534.4,"Simu1","DIC",50,"cliver",0.000836729437287828
"5346",534.5,"Simu1","DIC",50,"cliver",0.000804215030319133
"5347",534.6,"Simu1","DIC",50,"cliver",0.00077375623796353
"5348",534.7,"Simu1","DIC",50,"cliver",0.000745185200396137
"5349",534.8,"Simu1","DIC",50,"cliver",0.000718381499155386
"5350",534.9,"Simu1","DIC",50,"cliver",0.000693181957953782
"5351",535,"Simu1","DIC",50,"cliver",0.000669514111694354
"5352",535.1,"Simu1","DIC",50,"cliver",0.000647193812810308
"5353",535.2,"Simu1","DIC",50,"cliver",0.000626253453120332
"5354",535.3,"Simu1","DIC",50,"cliver",0.000606441403203259
"5355",535.4,"Simu1","DIC",50,"cliver",0.000587942853336748
"5356",535.5,"Simu1","DIC",50,"cliver",0.000569682981275652
"5357",535.6,"Simu1","DIC",50,"cliver",0.000553754941374622
"5358",535.7,"Simu1","DIC",50,"cliver",0.000537704651335022
"5359",535.8,"Simu1","DIC",50,"cliver",0.000522891197531387
"5360",535.9,"Simu1","DIC",50,"cliver",0.000508815535043375
"5361",536,"Simu1","DIC",50,"cliver",0.000572229463568348
"5362",536.1,"Simu1","DIC",50,"cliver",0.241563607107421
"5363",536.2,"Simu1","DIC",50,"cliver",1.49435874530047
"5364",536.3,"Simu1","DIC",50,"cliver",3.1426635983693
"5365",536.4,"Simu1","DIC",50,"cliver",4.81428498654962
"5366",536.5,"Simu1","DIC",50,"cliver",6.38016944214984
"5367",536.6,"Simu1","DIC",50,"cliver",7.80092112705067
"5368",536.7,"Simu1","DIC",50,"cliver",9.06962753986726
"5369",536.8,"Simu1","DIC",50,"cliver",10.1908238608844
"5370",536.9,"Simu1","DIC",50,"cliver",11.1727839448223
"5371",537,"Simu1","DIC",50,"cliver",12.0247144146657
"5372",537.1,"Simu1","DIC",50,"cliver",12.7557534677521
"5373",537.2,"Simu1","DIC",50,"cliver",13.3746263073039
"5374",537.3,"Simu1","DIC",50,"cliver",13.8895434110239
"5375",537.4,"Simu1","DIC",50,"cliver",14.3081941280708
"5376",537.5,"Simu1","DIC",50,"cliver",14.6377547087786
"5377",537.6,"Simu1","DIC",50,"cliver",14.8849263831601
"5378",537.7,"Simu1","DIC",50,"cliver",15.0559524313778
"5379",537.8,"Simu1","DIC",50,"cliver",15.1566450242036
"5380",537.9,"Simu1","DIC",50,"cliver",15.1924287483066
"5381",538,"Simu1","DIC",50,"cliver",15.1683544773471
"5382",538.1,"Simu1","DIC",50,"cliver",15.0891260029675
"5383",538.2,"Simu1","DIC",50,"cliver",14.9591241652834
"5384",538.3,"Simu1","DIC",50,"cliver",14.7824253810591
"5385",538.4,"Simu1","DIC",50,"cliver",14.5628229348382
"5386",538.5,"Simu1","DIC",50,"cliver",14.3038464810984
"5387",538.6,"Simu1","DIC",50,"cliver",14.0087790674024
"5388",538.7,"Simu1","DIC",50,"cliver",13.6806724163658
"5389",538.8,"Simu1","DIC",50,"cliver",13.3223651685684
"5390",538.9,"Simu1","DIC",50,"cliver",12.9364969399158
"5391",539,"Simu1","DIC",50,"cliver",12.5255190060989
"5392",539.1,"Simu1","DIC",50,"cliver",12.091706050893
"5393",539.2,"Simu1","DIC",50,"cliver",11.6371694089761
"5394",539.3,"Simu1","DIC",50,"cliver",11.1638691713852
"5395",539.4,"Simu1","DIC",50,"cliver",10.6736241452061
"5396",539.5,"Simu1","DIC",50,"cliver",10.1681207507104
"5397",539.6,"Simu1","DIC",50,"cliver",9.64892188833048
"5398",539.7,"Simu1","DIC",50,"cliver",9.11747568780476
"5399",539.8,"Simu1","DIC",50,"cliver",8.57512362030692
"5400",539.9,"Simu1","DIC",50,"cliver",8.02310785806674
"5401",540,"Simu1","DIC",50,"cliver",7.4625781548195
"5402",540.1,"Simu1","DIC",50,"cliver",6.89459847594992
"5403",540.2,"Simu1","DIC",50,"cliver",6.32015340138618
"5404",540.3,"Simu1","DIC",50,"cliver",5.74015429380268
"5405",540.4,"Simu1","DIC",50,"cliver",5.15544535647905
"5406",540.5,"Simu1","DIC",50,"cliver",4.56680988796404
"5407",540.6,"Simu1","DIC",50,"cliver",3.97497725096191
"5408",540.7,"Simu1","DIC",50,"cliver",3.38063157537968
"5409",540.8,"Simu1","DIC",50,"cliver",2.7844246330533
"5410",540.9,"Simu1","DIC",50,"cliver",2.18699891348454
"5411",541,"Simu1","DIC",50,"cliver",1.58904143834492
"5412",541.1,"Simu1","DIC",50,"cliver",0.991464916898927
"5413",541.2,"Simu1","DIC",50,"cliver",0.396482726892012
"5414",541.3,"Simu1","DIC",50,"cliver",0.00139815947749229
"5415",541.4,"Simu1","DIC",50,"cliver",0.00132604072618261
"5416",541.5,"Simu1","DIC",50,"cliver",0.00125942813326084
"5417",541.6,"Simu1","DIC",50,"cliver",0.00119781182222179
"5418",541.7,"Simu1","DIC",50,"cliver",0.00114072453759008
"5419",541.8,"Simu1","DIC",50,"cliver",0.00108775279651403
"5420",541.9,"Simu1","DIC",50,"cliver",0.00103852659103029
"5421",542,"Simu1","DIC",50,"cliver",0.000992721593233143
"5422",542.1,"Simu1","DIC",50,"cliver",0.000950043505838163
"5423",542.2,"Simu1","DIC",50,"cliver",0.000910233079517265
"5424",542.3,"Simu1","DIC",50,"cliver",0.000873051763680933
"5425",542.4,"Simu1","DIC",50,"cliver",0.000838290730645078
"5426",542.5,"Simu1","DIC",50,"cliver",0.000805753823482826
"5427",542.6,"Simu1","DIC",50,"cliver",0.000775274872136374
"5428",542.7,"Simu1","DIC",50,"cliver",0.000746685772404903
"5429",542.8,"Simu1","DIC",50,"cliver",0.00071986532538227
"5430",542.9,"Simu1","DIC",50,"cliver",0.000694643998037162
"5431",543,"Simu1","DIC",50,"cliver",0.000670957644288494
"5432",543.1,"Simu1","DIC",50,"cliver",0.000648626595650305
"5433",543.2,"Simu1","DIC",50,"cliver",0.000627661774949625
"5434",543.3,"Simu1","DIC",50,"cliver",0.0006077927744073
"5435",543.4,"Simu1","DIC",50,"cliver",0.00058917223788845
"5436",543.5,"Simu1","DIC",50,"cliver",0.000571210260805245
"5437",543.6,"Simu1","DIC",50,"cliver",0.000554954749580874
"5438",543.7,"Simu1","DIC",50,"cliver",0.000539235012676208
"5439",543.8,"Simu1","DIC",50,"cliver",0.000524109225402778
"5440",543.9,"Simu1","DIC",50,"cliver",0.000510141139244043
"5441",544,"Simu1","DIC",50,"cliver",0.000573586334795622
"5442",544.1,"Simu1","DIC",50,"cliver",0.241646845780418
"5443",544.2,"Simu1","DIC",50,"cliver",1.49461634416832
"5444",544.3,"Simu1","DIC",50,"cliver",3.14309409749152
"5445",544.4,"Simu1","DIC",50,"cliver",4.81488589047115
"5446",544.5,"Simu1","DIC",50,"cliver",6.380938227232
"5447",544.6,"Simu1","DIC",50,"cliver",7.80185530878242
"5448",544.7,"Simu1","DIC",50,"cliver",9.07072468577014
"5449",544.8,"Simu1","DIC",50,"cliver",10.1920815938325
"5450",544.9,"Simu1","DIC",50,"cliver",11.1741999415664
"5451",545,"Simu1","DIC",50,"cliver",12.0262864145172
"5452",545.1,"Simu1","DIC",50,"cliver",12.7574792311474
"5453",545.2,"Simu1","DIC",50,"cliver",13.376504029449
"5454",545.3,"Simu1","DIC",50,"cliver",13.8915702148181
"5455",545.4,"Simu1","DIC",50,"cliver",14.3103660950129
"5456",545.5,"Simu1","DIC",50,"cliver",14.6400732220815
"5457",545.6,"Simu1","DIC",50,"cliver",14.8873929549289
"5458",545.7,"Simu1","DIC",50,"cliver",15.0585567640827
"5459",545.8,"Simu1","DIC",50,"cliver",15.1593870993783
"5460",545.9,"Simu1","DIC",50,"cliver",15.1953109734535
"5461",546,"Simu1","DIC",50,"cliver",15.1713731760869
"5462",546.1,"Simu1","DIC",50,"cliver",15.0922782411195
"5463",546.2,"Simu1","DIC",50,"cliver",14.9624080666006
"5464",546.3,"Simu1","DIC",50,"cliver",14.7858393178333
"5465",546.4,"Simu1","DIC",50,"cliver",14.5663652611112
"5466",546.5,"Simu1","DIC",50,"cliver",14.3075153954731
"5467",546.6,"Simu1","DIC",50,"cliver",14.0125720716689
"5468",546.7,"Simu1","DIC",50,"cliver",13.6845888508162
"5469",546.8,"Simu1","DIC",50,"cliver",13.3264058778042
"5470",546.9,"Simu1","DIC",50,"cliver",12.9406615769863
"5471",547,"Simu1","DIC",50,"cliver",12.5298054389851
"5472",547.1,"Simu1","DIC",50,"cliver",12.0961119649165
"5473",547.2,"Simu1","DIC",50,"cliver",11.6416933738491
"5474",547.3,"Simu1","DIC",50,"cliver",11.1685102692021
"5475",547.4,"Simu1","DIC",50,"cliver",10.6783812685311
"5476",547.5,"Simu1","DIC",50,"cliver",10.1729924984882
"5477",547.6,"Simu1","DIC",50,"cliver",9.65390687252592
"5478",547.7,"Simu1","DIC",50,"cliver",9.12257270410828
"5479",547.8,"Simu1","DIC",50,"cliver",8.58033155756192
"5480",547.9,"Simu1","DIC",50,"cliver",8.02842557255415
"5481",548,"Simu1","DIC",50,"cliver",7.46800446277405
"5482",548.1,"Simu1","DIC",50,"cliver",6.90013221053147
"5483",548.2,"Simu1","DIC",50,"cliver",6.32579343406392
"5484",548.3,"Simu1","DIC",50,"cliver",5.7458995049212
"5485",548.4,"Simu1","DIC",50,"cliver",5.16129460092795
"5486",548.5,"Simu1","DIC",50,"cliver",4.57276197706222
"5487",548.6,"Simu1","DIC",50,"cliver",3.98103093058541
"5488",548.7,"Simu1","DIC",50,"cliver",3.38678546689026
"5489",548.8,"Simu1","DIC",50,"cliver",2.79067709996709
"5490",548.9,"Simu1","DIC",50,"cliver",2.19334855044477
"5491",549,"Simu1","DIC",50,"cliver",1.59548482014815
"5492",549.1,"Simu1","DIC",50,"cliver",0.997991976088628
"5493",549.2,"Simu1","DIC",50,"cliver",0.403047676141377
"5494",549.3,"Simu1","DIC",50,"cliver",0.00140008393550267
"5495",549.4,"Simu1","DIC",50,"cliver",0.00132789171888717
"5496",549.5,"Simu1","DIC",50,"cliver",0.00126123421122612
"5497",549.6,"Simu1","DIC",50,"cliver",0.00119957701286845
"5498",549.7,"Simu1","DIC",50,"cliver",0.00114245237077325
"5499",549.8,"Simu1","DIC",50,"cliver",0.00108944277348218
"5500",549.9,"Simu1","DIC",50,"cliver",0.00104018511125297
"5501",550,"Simu1","DIC",50,"cliver",0.000994349345438028
"5502",550.1,"Simu1","DIC",50,"cliver",0.000951643568718022
"5503",550.2,"Simu1","DIC",50,"cliver",0.000911806492054664
"5504",550.3,"Simu1","DIC",50,"cliver",0.000874600856467591
"5505",550.4,"Simu1","DIC",50,"cliver",0.000839816164351333
"5506",550.5,"Simu1","DIC",50,"cliver",0.000807258247560087
"5507",550.6,"Simu1","DIC",50,"cliver",0.00077675799408058
"5508",550.7,"Simu1","DIC",50,"cliver",0.000748148711811144
"5509",550.8,"Simu1","DIC",50,"cliver",0.000721308284465361
"5510",550.9,"Simu1","DIC",50,"cliver",0.000696075174737552
"5511",551,"Simu1","DIC",50,"cliver",0.000672373416607291
"5512",551.1,"Simu1","DIC",50,"cliver",0.000650024910280327
"5513",551.2,"Simu1","DIC",50,"cliver",0.000629050787622178
"5514",551.3,"Simu1","DIC",50,"cliver",0.000609233986624511
"5515",551.4,"Simu1","DIC",50,"cliver",0.000590660708883817
"5516",551.5,"Simu1","DIC",50,"cliver",0.000572421367505079
"5517",551.6,"Simu1","DIC",50,"cliver",0.000556529288284373
"5518",551.7,"Simu1","DIC",50,"cliver",0.000540374098893077
"5519",551.8,"Simu1","DIC",50,"cliver",0.000525544027090195
"5520",551.9,"Simu1","DIC",50,"cliver",0.000511447910388102
"5521",552,"Simu1","DIC",50,"cliver",0.000574913167116396
"5522",552.1,"Simu1","DIC",50,"cliver",0.241728219667058
"5523",552.2,"Simu1","DIC",50,"cliver",1.49486814598188
"5524",552.3,"Simu1","DIC",50,"cliver",3.14351489340892
"5525",552.4,"Simu1","DIC",50,"cliver",4.81547322848336
"5526",552.5,"Simu1","DIC",50,"cliver",6.38168962619041
"5527",552.6,"Simu1","DIC",50,"cliver",7.80276832597943
"5528",552.7,"Simu1","DIC",50,"cliver",9.07179693019638
"5529",552.8,"Simu1","DIC",50,"cliver",10.1933107295208
"5530",552.9,"Simu1","DIC",50,"cliver",11.1755836893061
"5531",553,"Simu1","DIC",50,"cliver",12.027822551441
"5532",553.1,"Simu1","DIC",50,"cliver",12.7591655885575
"5533",553.2,"Simu1","DIC",50,"cliver",13.3783378607684
"5534",553.3,"Simu1","DIC",50,"cliver",13.8935510198069
"5535",553.4,"Simu1","DIC",50,"cliver",14.3124925057143
"5536",553.5,"Simu1","DIC",50,"cliver",14.6423427045081
"5537",553.6,"Simu1","DIC",50,"cliver",14.8898011593432
"5538",553.7,"Simu1","DIC",50,"cliver",15.0611042302525
"5539",553.8,"Simu1","DIC",50,"cliver",15.1620731398827
"5540",553.9,"Simu1","DIC",50,"cliver",15.1981300959151
"5541",554,"Simu1","DIC",50,"cliver",15.1743252602913
"5542",554.1,"Simu1","DIC",50,"cliver",15.095363975764
"5543",554.2,"Simu1","DIC",50,"cliver",14.9656254903801
"5544",554.3,"Simu1","DIC",50,"cliver",14.7891858982855
"5545",554.4,"Simu1","DIC",50,"cliver",14.5698389565573
"5546",554.5,"Simu1","DIC",50,"cliver",14.3111146791762
"5547",554.6,"Simu1","DIC",50,"cliver",14.016294948192
"5548",554.7,"Simu1","DIC",50,"cliver",13.6884331753885
"5549",554.8,"Simu1","DIC",50,"cliver",13.330369828457
"5550",554.9,"Simu1","DIC",50,"cliver",12.9447439235317
"5551",555,"Simu1","DIC",50,"cliver",12.5340051282919
"5552",555.1,"Simu1","DIC",50,"cliver",12.1004277575409
"5553",555.2,"Simu1","DIC",50,"cliver",11.6461239032493
"5554",555.3,"Simu1","DIC",50,"cliver",11.1730542418846
"5555",555.4,"Simu1","DIC",50,"cliver",10.6830375057244
"5556",555.5,"Simu1","DIC",50,"cliver",10.1777598512736
"5557",555.6,"Simu1","DIC",50,"cliver",9.65878417123682
"5558",555.7,"Simu1","DIC",50,"cliver",9.12755878240077
"5559",555.8,"Simu1","DIC",50,"cliver",8.58542528442408
"5560",555.9,"Simu1","DIC",50,"cliver",8.03362584867489
"5561",556,"Simu1","DIC",50,"cliver",7.47331019975632
"5562",556.1,"Simu1","DIC",50,"cliver",6.90554232036621
"5563",556.2,"Simu1","DIC",50,"cliver",6.33130683243025
"5564",556.3,"Simu1","DIC",50,"cliver",5.7515151092939
"5565",556.4,"Simu1","DIC",50,"cliver",5.16701131639843
"5566",556.5,"Simu1","DIC",50,"cliver",4.57857867168335
"5567",556.6,"Simu1","DIC",50,"cliver",3.9869463980726
"5568",556.7,"Simu1","DIC",50,"cliver",3.39279835752398
"5569",556.8,"Simu1","DIC",50,"cliver",2.79678576501506
"5570",556.9,"Simu1","DIC",50,"cliver",2.19955005787587
"5571",557,"Simu1","DIC",50,"cliver",1.60177528343868
"5572",557.1,"Simu1","DIC",50,"cliver",1.0043637301232
"5573",557.2,"Simu1","DIC",50,"cliver",0.409457399580591
"5574",557.3,"Simu1","DIC",50,"cliver",0.00140193392694074
"5575",557.4,"Simu1","DIC",50,"cliver",0.00132969485760221
"5576",557.5,"Simu1","DIC",50,"cliver",0.00126299415273966
"5577",557.6,"Simu1","DIC",50,"cliver",0.00120129711412947
"5578",557.7,"Simu1","DIC",50,"cliver",0.00114413565135488
"5579",557.8,"Simu1","DIC",50,"cliver",0.00109109193675409
"5580",557.9,"Simu1","DIC",50,"cliver",0.00104180260929167
"5581",558,"Simu1","DIC",50,"cliver",0.000995937387280854
"5582",558.1,"Simu1","DIC",50,"cliver",0.000953204157512364
"5583",558.2,"Simu1","DIC",50,"cliver",0.000913341453675825
"5584",558.3,"Simu1","DIC",50,"cliver",0.000876111846528256
"5585",558.4,"Simu1","DIC",50,"cliver",0.000841304706038047
"5586",558.5,"Simu1","DIC",50,"cliver",0.000808725715384215
"5587",558.6,"Simu1","DIC",50,"cliver",0.00077820568480039
"5588",558.7,"Simu1","DIC",50,"cliver",0.000749577759323615
"5589",558.8,"Simu1","DIC",50,"cliver",0.000722719813044596
"5590",558.9,"Simu1","DIC",50,"cliver",0.000697470106149451
"5591",559,"Simu1","DIC",50,"cliver",0.000673752813046899
"5592",559.1,"Simu1","DIC",50,"cliver",0.000651389355019159
"5593",559.2,"Simu1","DIC",50,"cliver",0.000630401576380257
"5594",559.3,"Simu1","DIC",50,"cliver",0.000610570684397969
"5595",559.4,"Simu1","DIC",50,"cliver",0.000591987041311258
"5596",559.5,"Simu1","DIC",50,"cliver",0.000573730794645163
"5597",559.6,"Simu1","DIC",50,"cliver",0.000557833338524782
"5598",559.7,"Simu1","DIC",50,"cliver",0.000541664063076993
"5599",559.8,"Simu1","DIC",50,"cliver",0.000526824345962239
"5600",559.9,"Simu1","DIC",50,"cliver",0.00051271847853703
"5601",560,"Simu1","DIC",50,"cliver",0.000576207309752433
"5602",560.1,"Simu1","DIC",50,"cliver",0.241807561876386
"5603",560.2,"Simu1","DIC",50,"cliver",1.49511363381394
"5604",560.3,"Simu1","DIC",50,"cliver",3.14392513600778
"5605",560.4,"Simu1","DIC",50,"cliver",4.81604584459045
"5606",560.5,"Simu1","DIC",50,"cliver",6.38242220616986
"5607",560.6,"Simu1","DIC",50,"cliver",7.80365849719737
"5608",560.7,"Simu1","DIC",50,"cliver",9.07284236992733
"5609",560.8,"Simu1","DIC",50,"cliver",10.1945091677963
"5610",560.9,"Simu1","DIC",50,"cliver",11.176932912114
"5611",561,"Simu1","DIC",50,"cliver",12.0293204037521
"5612",561.1,"Simu1","DIC",50,"cliver",12.7608099522249
"5613",561.2,"Simu1","DIC",50,"cliver",13.3801260637903
"5614",561.3,"Simu1","DIC",50,"cliver",13.8954833113188
"5615",561.4,"Simu1","DIC",50,"cliver",14.314562872268
"5616",561.5,"Simu1","DIC",50,"cliver",14.6445533732439
"5617",561.6,"Simu1","DIC",50,"cliver",14.8921434967922
"5618",561.7,"Simu1","DIC",50,"cliver",15.0635796408409
"5619",561.8,"Simu1","DIC",50,"cliver",15.1646847876306
"5620",561.9,"Simu1","DIC",50,"cliver",15.2008731144271
"5621",562,"Simu1","DIC",50,"cliver",15.1771971917367
"5622",562.1,"Simu1","DIC",50,"cliver",15.0983631393318
"5623",562.2,"Simu1","DIC",50,"cliver",14.9687501265317
"5624",562.3,"Simu1","DIC",50,"cliver",14.7924341831208
"5625",562.4,"Simu1","DIC",50,"cliver",14.5732090263464
"5626",562.5,"Simu1","DIC",50,"cliver",14.3146035656689
"5627",562.6,"Simu1","DIC",50,"cliver",14.0199022682687
"5628",562.7,"Simu1","DIC",50,"cliver",13.692160567023
"5629",562.8,"Simu1","DIC",50,"cliver",13.3342173633812
"5630",562.9,"Simu1","DIC",50,"cliver",12.9487092691932
"5631",563,"Simu1","DIC",50,"cliver",12.5380856664796
"5632",563.1,"Simu1","DIC",50,"cliver",12.1046220347851
"5633",563.2,"Simu1","DIC",50,"cliver",11.6504311580352
"5634",563.3,"Simu1","DIC",50,"cliver",11.1774734612298
"5635",563.4,"Simu1","DIC",50,"cliver",10.687567269857
"5636",563.5,"Simu1","DIC",50,"cliver",10.1823987411934
"5637",563.6,"Simu1","DIC",50,"cliver",9.66353100654004
"5638",563.7,"Simu1","DIC",50,"cliver",9.1324125064608
"5639",563.8,"Simu1","DIC",50,"cliver",8.59038479454109
"5640",563.9,"Simu1","DIC",50,"cliver",8.03868998363322
"5641",564,"Simu1","DIC",50,"cliver",7.47847781834941
"5642",564.1,"Simu1","DIC",50,"cliver",6.9108123356884
"5643",564.2,"Simu1","DIC",50,"cliver",6.33667817960439
"5644",564.3,"Simu1","DIC",50,"cliver",5.75698670748169
"5645",564.4,"Simu1","DIC",50,"cliver",5.17258205857657
"5646",564.5,"Simu1","DIC",50,"cliver",4.58424742251721
"5647",564.6,"Simu1","DIC",50,"cliver",3.99271196857176
"5648",564.7,"Simu1","DIC",50,"cliver",3.39865944114431
"5649",564.8,"Simu1","DIC",50,"cliver",2.80274081564429
"5650",564.9,"Simu1","DIC",50,"cliver",2.20559759080581
"5651",565,"Simu1","DIC",50,"cliver",1.60791111693899
"5652",565.1,"Simu1","DIC",50,"cliver",1.01057959713857
"5653",565.2,"Simu1","DIC",50,"cliver",0.415712044167726
"5654",565.3,"Simu1","DIC",50,"cliver",0.00140374199251525
"5655",565.4,"Simu1","DIC",50,"cliver",0.00133145717869349
"5656",565.5,"Simu1","DIC",50,"cliver",0.00126471417572275
"5657",565.6,"Simu1","DIC",50,"cliver",0.00120297807926099
"5658",565.7,"Simu1","DIC",50,"cliver",0.00114578061935863
"5659",565.8,"Simu1","DIC",50,"cliver",0.00109270386278288
"5660",565.9,"Simu1","DIC",50,"cliver",0.00104338342141266
"5661",566,"Simu1","DIC",50,"cliver",0.000997489351931674
"5662",566.1,"Simu1","DIC",50,"cliver",0.000954729061616532
"5663",566.2,"Simu1","DIC",50,"cliver",0.000914841290749167
"5664",566.3,"Simu1","DIC",50,"cliver",0.000877588056303422
"5665",566.4,"Simu1","DIC",50,"cliver",0.000842759191501494
"5666",566.5,"Simu1","DIC",50,"cliver",0.000810159120523417
"5667",566.6,"Simu1","DIC",50,"cliver",0.00077962052796037
"5668",566.7,"Simu1","DIC",50,"cliver",0.000750973685564793
"5669",566.8,"Simu1","DIC",50,"cliver",0.0007240987080797
"5670",566.9,"Simu1","DIC",50,"cliver",0.000698831695860472
"5671",567,"Simu1","DIC",50,"cliver",0.000675101493897666
"5672",567.1,"Simu1","DIC",50,"cliver",0.000652719760548441
"5673",567.2,"Simu1","DIC",50,"cliver",0.000631725773431669
"5674",567.3,"Simu1","DIC",50,"cliver",0.000611831934596437
"5675",567.4,"Simu1","DIC",50,"cliver",0.000593341542570739
"5676",567.5,"Simu1","DIC",50,"cliver",0.000574997726371745
"5677",567.6,"Simu1","DIC",50,"cliver",0.000558923818914435
"5678",567.7,"Simu1","DIC",50,"cliver",0.000542964137087494
"5679",567.8,"Simu1","DIC",50,"cliver",0.000528083931696034
"5680",567.9,"Simu1","DIC",50,"cliver",0.000514016266342611
"5681",568,"Simu1","DIC",50,"cliver",0.000577471254908905
"5682",568.1,"Simu1","DIC",50,"cliver",0.241885027455938
"5683",568.2,"Simu1","DIC",50,"cliver",1.49535328222774
"5684",568.3,"Simu1","DIC",50,"cliver",3.14432560429281
"5685",568.4,"Simu1","DIC",50,"cliver",4.8166048052477
"5686",568.5,"Simu1","DIC",50,"cliver",6.38313730505498
"5687",568.6,"Simu1","DIC",50,"cliver",7.80452741680022
"5688",568.7,"Simu1","DIC",50,"cliver",9.07386284149349
"5689",568.8,"Simu1","DIC",50,"cliver",10.1956789747795
"5690",568.9,"Simu1","DIC",50,"cliver",11.1782498893635
"5691",569,"Simu1","DIC",50,"cliver",12.0307824344432
"5692",569.1,"Simu1","DIC",50,"cliver",12.7624149796174
"5693",569.2,"Simu1","DIC",50,"cliver",13.3818862274774
"5694",569.3,"Simu1","DIC",50,"cliver",13.8973806847838
"5695",569.4,"Simu1","DIC",50,"cliver",14.3165987749918
"5696",569.5,"Simu1","DIC",50,"cliver",14.6467239705255
"5697",569.6,"Simu1","DIC",50,"cliver",14.8944507722153
"5698",569.7,"Simu1","DIC",50,"cliver",15.0660195146999
"5699",569.8,"Simu1","DIC",50,"cliver",15.1672510202964
"5700",569.9,"Simu1","DIC",50,"cliver",15.2035667271697
"5701",570,"Simu1","DIC",50,"cliver",15.1800181590157
"5702",570.1,"Simu1","DIC",50,"cliver",15.1013092847501
"5703",570.2,"Simu1","DIC",50,"cliver",14.9718194911749
"5704",570.3,"Simu1","DIC",50,"cliver",14.7956250891983
"5705",570.4,"Simu1","DIC",50,"cliver",14.5765204383694
"5706",570.5,"Simu1","DIC",50,"cliver",14.3180345397033
"5707",570.6,"Simu1","DIC",50,"cliver",14.0234505651635
"5708",570.7,"Simu1","DIC",50,"cliver",13.6958236481082
"5709",570.8,"Simu1","DIC",50,"cliver",13.3379937760215
"5710",570.9,"Simu1","DIC",50,"cliver",12.9525983184077
"5711",571,"Simu1","DIC",50,"cliver",12.5420864609714
"5712",571.1,"Simu1","DIC",50,"cliver",12.1087332374819
"5713",571.2,"Simu1","DIC",50,"cliver",11.6546513655206
"5714",571.3,"Simu1","DIC",50,"cliver",11.1818014879027
"5715",571.4,"Simu1","DIC",50,"cliver",10.6920020748852
"5716",571.5,"Simu1","DIC",50,"cliver",10.1869392564586
"5717",571.6,"Simu1","DIC",50,"cliver",9.66817610314284
"5718",571.7,"Simu1","DIC",50,"cliver",9.13716106664053
"5719",571.8,"Simu1","DIC",50,"cliver",8.59523575606295
"5720",571.9,"Simu1","DIC",50,"cliver",8.0436423192076
"5721",572,"Simu1","DIC",50,"cliver",7.48353050179248
"5722",572.1,"Simu1","DIC",50,"cliver",6.91596433611071
"5723",572.2,"Simu1","DIC",50,"cliver",6.34192847056156
"5724",572.3,"Simu1","DIC",50,"cliver",5.76233426673354
"5725",572.4,"Simu1","DIC",50,"cliver",5.17802585195204
"5726",572.5,"Simu1","DIC",50,"cliver",4.58978637907099
"5727",572.6,"Simu1","DIC",50,"cliver",3.99834494650148
"5728",572.7,"Simu1","DIC",50,"cliver",3.4043851649922
"5729",572.8,"Simu1","DIC",50,"cliver",2.80855773442328
"5730",572.9,"Simu1","DIC",50,"cliver",2.21150301771476
"5731",573,"Simu1","DIC",50,"cliver",1.61390229548189
"5732",573.1,"Simu1","DIC",50,"cliver",1.01664830627071
"5733",573.2,"Simu1","DIC",50,"cliver",0.421819024360028
"5734",573.3,"Simu1","DIC",50,"cliver",0.00140550560713348
"5735",573.4,"Simu1","DIC",50,"cliver",0.00133317642853472
"5736",573.5,"Simu1","DIC",50,"cliver",0.00126639217604835
"5737",573.6,"Simu1","DIC",50,"cliver",0.0012046181043499
"5738",573.7,"Simu1","DIC",50,"cliver",0.00114738545891016
"5739",573.8,"Simu1","DIC",50,"cliver",0.00109427582421651
"5740",573.9,"Simu1","DIC",50,"cliver",0.00104492527819057
"5741",574,"Simu1","DIC",50,"cliver",0.000999003119861884
"5742",574.1,"Simu1","DIC",50,"cliver",0.000956216798601732
"5743",574.2,"Simu1","DIC",50,"cliver",0.000916304566622453
"5744",574.3,"Simu1","DIC",50,"cliver",0.00087902859733429
"5745",574.4,"Simu1","DIC",50,"cliver",0.000844178108956686
"5746",574.5,"Simu1","DIC",50,"cliver",0.000811558311954882
"5747",574.6,"Simu1","DIC",50,"cliver",0.000781000187609074
"5748",574.7,"Simu1","DIC",50,"cliver",0.000752336075318828
"5749",574.8,"Simu1","DIC",50,"cliver",0.000725444411112159
"5750",574.9,"Simu1","DIC",50,"cliver",0.00070016232017466
"5751",575,"Simu1","DIC",50,"cliver",0.000676415580251919
"5752",575.1,"Simu1","DIC",50,"cliver",0.000654022242433058
"5753",575.2,"Simu1","DIC",50,"cliver",0.000633009957004734
"5754",575.3,"Simu1","DIC",50,"cliver",0.000613144034760729
"5755",575.4,"Simu1","DIC",50,"cliver",0.000594557551942293
"5756",575.5,"Simu1","DIC",50,"cliver",0.000576248923983992
"5757",575.6,"Simu1","DIC",50,"cliver",0.000560331116863367
"5758",575.7,"Simu1","DIC",50,"cliver",0.000544151186155337
"5759",575.8,"Simu1","DIC",50,"cliver",0.00052929526248879
"5760",575.9,"Simu1","DIC",50,"cliver",0.000515171140083457
"5761",576,"Simu1","DIC",50,"cliver",0.000578705148849224
"5762",576.1,"Simu1","DIC",50,"cliver",0.241960631023878
"5763",576.2,"Simu1","DIC",50,"cliver",1.49558715969128
"5764",576.3,"Simu1","DIC",50,"cliver",3.1447164370438
"5765",576.4,"Simu1","DIC",50,"cliver",4.81715032625733
"5766",576.5,"Simu1","DIC",50,"cliver",6.38383521760205
"5767",576.6,"Simu1","DIC",50,"cliver",7.80537545867314
"5768",576.7,"Simu1","DIC",50,"cliver",9.07485879790509
"5769",576.8,"Simu1","DIC",50,"cliver",10.1968206813842
"5770",576.9,"Simu1","DIC",50,"cliver",11.1795352341968
"5771",577,"Simu1","DIC",50,"cliver",12.0322093598772
"5772",577.1,"Simu1","DIC",50,"cliver",12.7639814713365
"5773",577.2,"Simu1","DIC",50,"cliver",13.3835767377976
"5774",577.3,"Simu1","DIC",50,"cliver",13.8992083062524
"5775",577.4,"Simu1","DIC",50,"cliver",14.3185591922795
"5776",577.5,"Simu1","DIC",50,"cliver",14.6488268308282
"5777",577.6,"Simu1","DIC",50,"cliver",14.8966814618331
"5778",577.7,"Simu1","DIC",50,"cliver",15.0683786976591
"5779",577.8,"Simu1","DIC",50,"cliver",15.1697303848567
"5780",577.9,"Simu1","DIC",50,"cliver",15.2061610620934
"5781",578,"Simu1","DIC",50,"cliver",15.1827322360199
"5782",578.1,"Simu1","DIC",50,"cliver",15.1041555582333
"5783",578.2,"Simu1","DIC",50,"cliver",14.9747929180714
"5784",578.3,"Simu1","DIC",50,"cliver",14.7987176793837
"5785",578.4,"Simu1","DIC",50,"cliver",14.579729219585
"5786",578.5,"Simu1","DIC",50,"cliver",14.3213608704706
"5787",578.6,"Simu1","DIC",50,"cliver",14.026896369101
"5788",578.7,"Simu1","DIC",50,"cliver",13.699387941857
"5789",578.8,"Simu1","DIC",50,"cliver",13.3416733816539
"5790",578.9,"Simu1","DIC",50,"cliver",12.9563890531291
"5791",579,"Simu1","DIC",50,"cliver",12.5459850482722
"5792",579.1,"Simu1","DIC",50,"cliver",12.1127385106652
"5793",579.2,"Simu1","DIC",50,"cliver",11.6587633078226
"5794",579.3,"Simu1","DIC",50,"cliver",11.1860195984667
"5795",579.4,"Simu1","DIC",50,"cliver",10.6963250263149
"5796",579.5,"Simu1","DIC",50,"cliver",10.1913655792509
"5797",579.6,"Simu1","DIC",50,"cliver",9.67270467250129
"5798",579.7,"Simu1","DIC",50,"cliver",9.14179097945204
"5799",579.8,"Simu1","DIC",50,"cliver",8.59996604178364
"5800",579.9,"Simu1","DIC",50,"cliver",8.04847188333324
"5801",580,"Simu1","DIC",50,"cliver",7.48845824880351
"5802",580.1,"Simu1","DIC",50,"cliver",6.92098924601628
"5803",580.2,"Simu1","DIC",50,"cliver",6.34704956337454
"5804",580.3,"Simu1","DIC",50,"cliver",5.76755054168452
"5805",580.4,"Simu1","DIC",50,"cliver",5.18333626986765
"5806",580.5,"Simu1","DIC",50,"cliver",4.59518986902762
"5807",580.6,"Simu1","DIC",50,"cliver",4.00384038797814
"5808",580.7,"Simu1","DIC",50,"cliver",3.40997132141047
"5809",580.8,"Simu1","DIC",50,"cliver",2.81423311822461
"5810",580.9,"Simu1","DIC",50,"cliver",2.21726564198676
"5811",581,"Simu1","DIC",50,"cliver",1.61974884866694
"5812",581.1,"Simu1","DIC",50,"cliver",1.02257097413217
"5813",581.2,"Simu1","DIC",50,"cliver",0.427780334713022
"5814",581.3,"Simu1","DIC",50,"cliver",0.00140722823222759
"5815",581.4,"Simu1","DIC",50,"cliver",0.00133485600351465
"5816",581.5,"Simu1","DIC",50,"cliver",0.00126803143703839
"5817",581.6,"Simu1","DIC",50,"cliver",0.00120622019257312
"5818",581.7,"Simu1","DIC",50,"cliver",0.00114895319455819
"5819",581.8,"Simu1","DIC",50,"cliver",0.00109581174917428
"5820",581.9,"Simu1","DIC",50,"cliver",0.00104643166001705
"5821",582,"Simu1","DIC",50,"cliver",0.00100048202514643
"5822",582.1,"Simu1","DIC",50,"cliver",0.00095767008507777
"5823",582.2,"Simu1","DIC",50,"cliver",0.000917733950983053
"5824",582.3,"Simu1","DIC",50,"cliver",0.000880435611097215
"5825",582.4,"Simu1","DIC",50,"cliver",0.000845564200507072
"5826",582.5,"Simu1","DIC",50,"cliver",0.000812924718134467
"5827",582.6,"Simu1","DIC",50,"cliver",0.000782348199196926
"5828",582.7,"Simu1","DIC",50,"cliver",0.000753666641889608
"5829",582.8,"Simu1","DIC",50,"cliver",0.000726758682602508
"5830",582.9,"Simu1","DIC",50,"cliver",0.000701461003408669
"5831",583,"Simu1","DIC",50,"cliver",0.000677699984207018
"5832",583.1,"Simu1","DIC",50,"cliver",0.000655292348900452
"5833",583.2,"Simu1","DIC",50,"cliver",0.000634268007843683
"5834",583.3,"Simu1","DIC",50,"cliver",0.000614385821406047
"5835",583.4,"Simu1","DIC",50,"cliver",0.000595796489230756
"5836",583.5,"Simu1","DIC",50,"cliver",0.000577465061986744
"5837",583.6,"Simu1","DIC",50,"cliver",0.000561536420173948
"5838",583.7,"Simu1","DIC",50,"cliver",0.000545351792909576
"5839",583.8,"Simu1","DIC",50,"cliver",0.000530487151016872
"5840",583.9,"Simu1","DIC",50,"cliver",0.000516354140037561
"5841",584,"Simu1","DIC",50,"cliver",0.000579910644273855
"5842",584.1,"Simu1","DIC",50,"cliver",0.242034413181074
"5843",584.2,"Simu1","DIC",50,"cliver",1.49581530532686
"5844",584.3,"Simu1","DIC",50,"cliver",3.14509761919353
"5845",584.4,"Simu1","DIC",50,"cliver",4.81768232566178
"5846",584.5,"Simu1","DIC",50,"cliver",6.38451579890531
"5847",584.6,"Simu1","DIC",50,"cliver",7.80620242410543
"5848",584.7,"Simu1","DIC",50,"cliver",9.07582999663393
"5849",584.8,"Simu1","DIC",50,"cliver",10.1979340118585
"5850",584.9,"Simu1","DIC",50,"cliver",11.1807886449985
"5851",585,"Simu1","DIC",50,"cliver",12.0336008358646
"5852",585.1,"Simu1","DIC",50,"cliver",12.7655090875918
"5853",585.2,"Simu1","DIC",50,"cliver",13.3852371937333
"5854",585.3,"Simu1","DIC",50,"cliver",13.9010015973929
"5855",585.4,"Simu1","DIC",50,"cliver",14.3204852210636
"5856",585.5,"Simu1","DIC",50,"cliver",14.650867986653
"5857",585.6,"Simu1","DIC",50,"cliver",14.8988435767151
"5858",585.7,"Simu1","DIC",50,"cliver",15.0706661625649
"5859",585.8,"Simu1","DIC",50,"cliver",15.1721539936219
"5860",585.9,"Simu1","DIC",50,"cliver",15.2087181652524
"5861",586,"Simu1","DIC",50,"cliver",15.1854127424089
"5862",586.1,"Simu1","DIC",50,"cliver",15.106944873451
"5863",586.2,"Simu1","DIC",50,"cliver",14.9776938267649
"5864",586.3,"Simu1","DIC",50,"cliver",14.8017354238408
"5865",586.4,"Simu1","DIC",50,"cliver",14.5828632492264
"5866",586.5,"Simu1","DIC",50,"cliver",14.3246064158476
"5867",586.6,"Simu1","DIC",50,"cliver",14.0302494313641
"5868",586.7,"Simu1","DIC",50,"cliver",13.7028478976349
"5869",586.8,"Simu1","DIC",50,"cliver",13.3452409433047
"5870",586.9,"Simu1","DIC",50,"cliver",12.9600652988652
"5871",587,"Simu1","DIC",50,"cliver",12.5497703765271
"5872",587.1,"Simu1","DIC",50,"cliver",12.116631701501
"5873",587.2,"Simu1","DIC",50,"cliver",11.6627621512655
"5874",587.3,"Simu1","DIC",50,"cliver",11.1901222529363
"5875",587.4,"Simu1","DIC",50,"cliver",10.7005304108518
"5876",587.5,"Simu1","DIC",50,"cliver",10.195672844429
"5877",587.6,"Simu1","DIC",50,"cliver",9.67711274795185
"5878",587.7,"Simu1","DIC",50,"cliver",9.14629862857182
"5879",587.8,"Simu1","DIC",50,"cliver",8.60457210167031
"5880",587.9,"Simu1","DIC",50,"cliver",8.05317533136092
"5881",588,"Simu1","DIC",50,"cliver",7.49325810345533
"5882",588.1,"Simu1","DIC",50,"cliver",6.92588448699987
"5883",588.2,"Simu1","DIC",50,"cliver",6.35203914431566
"5884",588.3,"Simu1","DIC",50,"cliver",5.77263342923394
"5885",588.4,"Simu1","DIC",50,"cliver",5.18851144341066
"5886",588.5,"Simu1","DIC",50,"cliver",4.60045628474595
"5887",588.6,"Simu1","DIC",50,"cliver",4.00919693776838
"5888",588.7,"Simu1","DIC",50,"cliver",3.41541678757401
"5889",588.8,"Simu1","DIC",50,"cliver",2.81976608848084
"5890",588.9,"Simu1","DIC",50,"cliver",2.22288476544817
"5891",589,"Simu1","DIC",50,"cliver",1.62545065740154
"5892",589.1,"Simu1","DIC",50,"cliver",1.02834741520317
"5893",589.2,"Simu1","DIC",50,"cliver",0.433595970696768
"5894",589.3,"Simu1","DIC",50,"cliver",0.00140892894048334
"5895",589.4,"Simu1","DIC",50,"cliver",0.00133649871460818
"5896",589.5,"Simu1","DIC",50,"cliver",0.00126963322563179
"5897",589.6,"Simu1","DIC",50,"cliver",0.00120778542215819
"5898",589.7,"Simu1","DIC",50,"cliver",0.0011504843815307
"5899",589.8,"Simu1","DIC",50,"cliver",0.0010973133486205
"5900",589.9,"Simu1","DIC",50,"cliver",0.00104790400046623
"5901",590,"Simu1","DIC",50,"cliver",0.00100192744918435
"5902",590.1,"Simu1","DIC",50,"cliver",0.000959090193245118
"5903",590.2,"Simu1","DIC",50,"cliver",0.000919130501806845
"5904",590.3,"Simu1","DIC",50,"cliver",0.000881810209127608
"5905",590.4,"Simu1","DIC",50,"cliver",0.000846918452901683
"5906",590.5,"Simu1","DIC",50,"cliver",0.000814259499546011
"5907",590.6,"Simu1","DIC",50,"cliver",0.000783665473616562
"5908",590.7,"Simu1","DIC",50,"cliver",0.000754967725010209
"5909",590.8,"Simu1","DIC",50,"cliver",0.000728040470062497
"5910",590.9,"Simu1","DIC",50,"cliver",0.000702730427624617
"5911",591,"Simu1","DIC",50,"cliver",0.000678951687040866
"5912",591.1,"Simu1","DIC",50,"cliver",0.000656537715550861
"5913",591.2,"Simu1","DIC",50,"cliver",0.000635487793098204
"5914",591.3,"Simu1","DIC",50,"cliver",0.000615546953348364
"5915",591.4,"Simu1","DIC",50,"cliver",0.000597023282186413
"5916",591.5,"Simu1","DIC",50,"cliver",0.000578859912614925
"5917",591.6,"Simu1","DIC",50,"cliver",0.000562655722623249
"5918",591.7,"Simu1","DIC",50,"cliver",0.000546610602691632
"5919",591.8,"Simu1","DIC",50,"cliver",0.000531656195006761
"5920",591.9,"Simu1","DIC",50,"cliver",0.000517504381158041
"5921",592,"Simu1","DIC",50,"cliver",0.000581084156672137
"5922",592.1,"Simu1","DIC",50,"cliver",0.242106268219422
"5923",592.2,"Simu1","DIC",50,"cliver",1.49603752730274
"5924",592.3,"Simu1","DIC",50,"cliver",3.14546895855145
"5925",592.4,"Simu1","DIC",50,"cliver",4.81820064329456
"5926",592.5,"Simu1","DIC",50,"cliver",6.38517893117537
"5927",592.6,"Simu1","DIC",50,"cliver",7.80700824045034
"5928",592.7,"Simu1","DIC",50,"cliver",9.07677641055882
"5929",592.8,"Simu1","DIC",50,"cliver",10.1990189837545
"5930",592.9,"Simu1","DIC",50,"cliver",11.1820101822102
"5931",593,"Simu1","DIC",50,"cliver",12.0349570059707
"5932",593.1,"Simu1","DIC",50,"cliver",12.7669979629094
"5933",593.2,"Simu1","DIC",50,"cliver",13.3868582740047
"5934",593.3,"Simu1","DIC",50,"cliver",13.9027512925681
"5935",593.4,"Simu1","DIC",50,"cliver",14.3223599997315
"5936",593.5,"Simu1","DIC",50,"cliver",14.6528823688978
"5937",593.6,"Simu1","DIC",50,"cliver",14.9009880271041
"5938",593.7,"Simu1","DIC",50,"cliver",15.0729327857586
"5939",593.8,"Simu1","DIC",50,"cliver",15.1745283819878
"5940",593.9,"Simu1","DIC",50,"cliver",15.2111999537151
"5941",594,"Simu1","DIC",50,"cliver",15.1880096018917
"5942",594.1,"Simu1","DIC",50,"cliver",15.1096682062938
"5943",594.2,"Simu1","DIC",50,"cliver",14.9805375267047
"5944",594.3,"Simu1","DIC",50,"cliver",14.8046914408445
"5945",594.4,"Simu1","DIC",50,"cliver",14.5859295221799
"5946",594.5,"Simu1","DIC",50,"cliver",14.3277850667123
"5947",594.6,"Simu1","DIC",50,"cliver",14.0335417738296
"5948",594.7,"Simu1","DIC",50,"cliver",13.7062519342604
"5949",594.8,"Simu1","DIC",50,"cliver",13.348753356306
"5950",594.9,"Simu1","DIC",50,"cliver",12.9636824978898
"5951",595,"Simu1","DIC",50,"cliver",12.5534895812864
"5952",595.1,"Simu1","DIC",50,"cliver",12.1204518387109
"5953",595.2,"Simu1","DIC",50,"cliver",11.6666831322982
"5954",595.3,"Simu1","DIC",50,"cliver",11.1941436215428
"5955",595.4,"Simu1","DIC",50,"cliver",10.7046510063209
"5956",595.5,"Simu1","DIC",50,"cliver",10.1998913495202
"5957",595.6,"Simu1","DIC",50,"cliver",9.68142811858474
"5958",595.7,"Simu1","DIC",50,"cliver",9.15071001696018
"5959",595.8,"Simu1","DIC",50,"cliver",8.60907861491346
"5960",595.9,"Simu1","DIC",50,"cliver",8.05777597096617
"5961",596,"Simu1","DIC",50,"cliver",7.49795186247418
"5962",596.1,"Simu1","DIC",50,"cliver",6.93067041905423
"5963",596.2,"Simu1","DIC",50,"cliver",6.35691633807177
"5964",596.3,"Simu1","DIC",50,"cliver",5.77760095612717
"5965",596.4,"Simu1","DIC",50,"cliver",5.19356833873286
"5966",596.5,"Simu1","DIC",50,"cliver",4.60560154975199
"5967",596.6,"Simu1","DIC",50,"cliver",4.01442952059834
"5968",596.7,"Simu1","DIC",50,"cliver",3.42073551696712
"5969",596.8,"Simu1","DIC",50,"cliver",2.82516952983172
"5970",596.9,"Simu1","DIC",50,"cliver",2.2283703749742
"5971",597,"Simu1","DIC",50,"cliver",1.63101556045814
"5972",597.1,"Simu1","DIC",50,"cliver",1.03398486656355
"5973",597.2,"Simu1","DIC",50,"cliver",0.439271627334557
"5974",597.3,"Simu1","DIC",50,"cliver",0.0014105519932063
"5975",597.4,"Simu1","DIC",50,"cliver",0.00133809756030857
"5976",597.5,"Simu1","DIC",50,"cliver",0.00127119512874823
"5977",597.6,"Simu1","DIC",50,"cliver",0.00120931211082252
"5978",597.7,"Simu1","DIC",50,"cliver",0.00115197877646177
"5979",597.8,"Simu1","DIC",50,"cliver",0.00109877594299383
"5980",597.9,"Simu1","DIC",50,"cliver",0.00104933880669882
"5981",598,"Simu1","DIC",50,"cliver",0.00100333612333543
"5982",598.1,"Simu1","DIC",50,"cliver",0.000960474709873459
"5983",598.2,"Simu1","DIC",50,"cliver",0.00092049242805433
"5984",598.3,"Simu1","DIC",50,"cliver",0.0008831508874243
"5985",598.4,"Simu1","DIC",50,"cliver",0.000848239096448586
"5986",598.5,"Simu1","DIC",50,"cliver",0.000815561581886007
"5987",598.6,"Simu1","DIC",50,"cliver",0.000784949593857706
"5988",598.7,"Simu1","DIC",50,"cliver",0.000756234317155939
"5989",598.8,"Simu1","DIC",50,"cliver",0.000729294902913092
"5990",598.9,"Simu1","DIC",50,"cliver",0.000703967068902387
"5991",599,"Simu1","DIC",50,"cliver",0.000680178609993847
"5992",599.1,"Simu1","DIC",50,"cliver",0.000657743166942181
"5993",599.2,"Simu1","DIC",50,"cliver",0.000636695951069238
"5994",599.3,"Simu1","DIC",50,"cliver",0.000616779546478294
"5995",599.4,"Simu1","DIC",50,"cliver",0.000598190678614406
"5996",599.5,"Simu1","DIC",50,"cliver",0.000579811257497855
"5997",599.6,"Simu1","DIC",50,"cliver",0.000563851499710727
"5998",599.7,"Simu1","DIC",50,"cliver",0.000547674053992104
"5999",599.8,"Simu1","DIC",50,"cliver",0.000532788888809429
"6000",599.9,"Simu1","DIC",50,"cliver",0.000518631027943834
"6001",600,"Simu1","DIC",50,"cliver",0.000582233885285645
"6002",600.1,"Simu1","DIC",50,"cliver",0.242176717001944
"6003",600.2,"Simu1","DIC",50,"cliver",1.49625541990426
"6004",600.3,"Simu1","DIC",50,"cliver",3.14583306903648
"6005",600.4,"Simu1","DIC",50,"cliver",4.81870884692162
"6006",600.5,"Simu1","DIC",50,"cliver",6.38582907173787
"6007",600.6,"Simu1","DIC",50,"cliver",7.80779819325755
"6008",600.7,"Simu1","DIC",50,"cliver",9.07770409557866
"6009",600.8,"Simu1","DIC",50,"cliver",10.2000823692769
"6010",600.9,"Simu1","DIC",50,"cliver",11.1832072861886
"6011",601,"Simu1","DIC",50,"cliver",12.0362858845729
"6012",601.1,"Simu1","DIC",50,"cliver",12.7684567554446
"6013",601.2,"Simu1","DIC",50,"cliver",13.3884437613951
"6014",601.3,"Simu1","DIC",50,"cliver",13.904463434755
"6015",601.4,"Simu1","DIC",50,"cliver",14.3242002095162
"6016",601.5,"Simu1","DIC",50,"cliver",14.654830179087
"6017",601.6,"Simu1","DIC",50,"cliver",14.9030544869444
"6018",601.7,"Simu1","DIC",50,"cliver",15.075106853288
"6019",601.8,"Simu1","DIC",50,"cliver",15.1768178760275
"6020",601.9,"Simu1","DIC",50,"cliver",15.2136233937399
"6021",602,"Simu1","DIC",50,"cliver",15.1905608121575
"6022",602.1,"Simu1","DIC",50,"cliver",15.1123231606623
"6023",602.2,"Simu1","DIC",50,"cliver",14.9832961279294
"6024",602.3,"Simu1","DIC",50,"cliver",14.807560810365
"6025",602.4,"Simu1","DIC",50,"cliver",14.5889115252839
"6026",602.5,"Simu1","DIC",50,"cliver",14.3308772078246
"6027",602.6,"Simu1","DIC",50,"cliver",14.0367408022434
"6028",602.7,"Simu1","DIC",50,"cliver",13.7095545900578
"6029",602.8,"Simu1","DIC",50,"cliver",13.3521570622553
"6030",602.9,"Simu1","DIC",50,"cliver",12.9671878343867
"6031",603,"Simu1","DIC",50,"cliver",12.5570985606512
"6032",603.1,"Simu1","DIC",50,"cliver",12.124164352585
"6033",603.2,"Simu1","DIC",50,"cliver",11.6704967680032
"6034",603.3,"Simu1","DIC",50,"cliver",11.1980559966673
"6035",603.4,"Simu1","DIC",50,"cliver",10.7086609978049
"6036",603.5,"Simu1","DIC",50,"cliver",10.2039984282603
"6037",603.6,"Simu1","DIC",50,"cliver",9.68563142141673
"6038",603.7,"Simu1","DIC",50,"cliver",9.15500827852435
"6039",603.8,"Simu1","DIC",50,"cliver",8.61347060226506
"6040",603.9,"Simu1","DIC",50,"cliver",8.06226069462452
"6041",604,"Simu1","DIC",50,"cliver",7.50252843757143
"6042",604.1,"Simu1","DIC",50,"cliver",6.93533789550926
"6043",604.2,"Simu1","DIC",50,"cliver",6.3616736960684
"6044",604.3,"Simu1","DIC",50,"cliver",5.78244718477678
"6045",604.4,"Simu1","DIC",50,"cliver",5.19850246106854
"6046",604.5,"Simu1","DIC",50,"cliver",4.61062257740011
"6047",604.6,"Simu1","DIC",50,"cliver",4.01953639593489
"6048",604.7,"Simu1","DIC",50,"cliver",3.42592706472284
"6049",604.8,"Simu1","DIC",50,"cliver",2.83044437290504
"6050",604.9,"Simu1","DIC",50,"cliver",2.23372655983852
"6051",605,"Simu1","DIC",50,"cliver",1.63644998046084
"6052",605.1,"Simu1","DIC",50,"cliver",1.039490544869
"6053",605.2,"Simu1","DIC",50,"cliver",0.444816036999089
"6054",605.3,"Simu1","DIC",50,"cliver",0.00141215349769765
"6055",605.4,"Simu1","DIC",50,"cliver",0.0013396634194899
"6056",605.5,"Simu1","DIC",50,"cliver",0.00127272331761614
"6057",605.6,"Simu1","DIC",50,"cliver",0.00121080522353933
"6058",605.7,"Simu1","DIC",50,"cliver",0.00115343923962546
"6059",605.8,"Simu1","DIC",50,"cliver",0.00110020853910014
"6060",605.9,"Simu1","DIC",50,"cliver",0.00105074337549435
"6061",606,"Simu1","DIC",50,"cliver",0.00100471494613954
"6062",606.1,"Simu1","DIC",50,"cliver",0.000961829356213238
"6063",606.2,"Simu1","DIC",50,"cliver",0.000921824447109376
"6064",606.3,"Simu1","DIC",50,"cliver",0.000884462024208228
"6065",606.4,"Simu1","DIC",50,"cliver",0.000849530640622119
"6066",606.5,"Simu1","DIC",50,"cliver",0.000816834783607465
"6067",606.6,"Simu1","DIC",50,"cliver",0.000786205676275528
"6068",606.7,"Simu1","DIC",50,"cliver",0.000757475885735503
"6069",606.8,"Simu1","DIC",50,"cliver",0.000730516350598946
"6070",606.9,"Simu1","DIC",50,"cliver",0.000705178813081617
"6071",607,"Simu1","DIC",50,"cliver",0.000681369947640528
"6072",607.1,"Simu1","DIC",50,"cliver",0.000658934676402277
"6073",607.2,"Simu1","DIC",50,"cliver",0.000637851257437605
"6074",607.3,"Simu1","DIC",50,"cliver",0.000617894839662386
"6075",607.4,"Simu1","DIC",50,"cliver",0.000599323464465485
"6076",607.5,"Simu1","DIC",50,"cliver",0.000581201231770588
"6077",607.6,"Simu1","DIC",50,"cliver",0.000565335640329528
"6078",607.7,"Simu1","DIC",50,"cliver",0.000548875255383764
"6079",607.8,"Simu1","DIC",50,"cliver",0.000533901886637679
"6080",607.9,"Simu1","DIC",50,"cliver",0.00051973192249027
"6081",608,"Simu1","DIC",50,"cliver",0.00058335739044967
"6082",608.1,"Simu1","DIC",50,"cliver",0.242245271803944
"6083",608.2,"Simu1","DIC",50,"cliver",1.49646527009882
"6084",608.3,"Simu1","DIC",50,"cliver",3.14618030271161
"6085",608.4,"Simu1","DIC",50,"cliver",4.81919227444519
"6086",608.5,"Simu1","DIC",50,"cliver",6.38644673285766
"6087",608.6,"Simu1","DIC",50,"cliver",7.80854823286948
"6088",608.7,"Simu1","DIC",50,"cliver",9.07858479731867
"6089",608.8,"Simu1","DIC",50,"cliver",10.2010920418845
"6090",608.9,"Simu1","DIC",50,"cliver",11.1843442916922
"6091",609,"Simu1","DIC",50,"cliver",12.0375486854872
"6092",609.1,"Simu1","DIC",50,"cliver",12.7698448330903
"6093",609.2,"Simu1","DIC",50,"cliver",13.3899559229884
"6094",609.3,"Simu1","DIC",50,"cliver",13.9060967117456
"6095",609.4,"Simu1","DIC",50,"cliver",14.3259542882946
"6096",609.5,"Simu1","DIC",50,"cliver",14.6567075874324
"6097",609.6,"Simu1","DIC",50,"cliver",14.9050528010451
"6098",609.7,"Simu1","DIC",50,"cliver",15.0772334135752
"6099",609.8,"Simu1","DIC",50,"cliver",15.1790686318781
"6100",609.9,"Simu1","DIC",50,"cliver",15.215980304127
"6101",610,"Simu1","DIC",50,"cliver",15.1930187753584
"6102",610.1,"Simu1","DIC",50,"cliver",15.1148902313136
"6103",610.2,"Simu1","DIC",50,"cliver",14.9859743862793
"6104",610.3,"Simu1","DIC",50,"cliver",14.8103475132599
"6105",610.4,"Simu1","DIC",50,"cliver",14.5918033755669
"6106",610.5,"Simu1","DIC",50,"cliver",14.3338727904345
"6107",610.6,"Simu1","DIC",50,"cliver",14.0398376029426
"6108",610.7,"Simu1","DIC",50,"cliver",13.7127508885691
"6109",610.8,"Simu1","DIC",50,"cliver",13.3554530507095
"6110",610.9,"Simu1","DIC",50,"cliver",12.9705837716333
"6111",611,"Simu1","DIC",50,"cliver",12.5605933244001
"6112",611.1,"Simu1","DIC",50,"cliver",12.1277561510749
"6113",611.2,"Simu1","DIC",50,"cliver",11.6741842851884
"6114",611.3,"Simu1","DIC",50,"cliver",11.2018385079621
"6115",611.4,"Simu1","DIC",50,"cliver",10.7125378122882
"6116",611.5,"Simu1","DIC",50,"cliver",10.2079685871525
"6117",611.6,"Simu1","DIC",50,"cliver",9.68969385728169
"6118",611.7,"Simu1","DIC",50,"cliver",9.15916203492825
"6119",611.8,"Simu1","DIC",50,"cliver",8.61771483985644
"6120",611.9,"Simu1","DIC",50,"cliver",8.06659457735106
"6121",612,"Simu1","DIC",50,"cliver",7.50695108004389
"6122",612.1,"Simu1","DIC",50,"cliver",6.93984839663276
"6123",612.2,"Simu1","DIC",50,"cliver",6.36627117739122
"6124",612.3,"Simu1","DIC",50,"cliver",5.787130782736
"6125",612.4,"Simu1","DIC",50,"cliver",5.20327129457222
"6126",612.5,"Simu1","DIC",50,"cliver",4.61547572222355
"6127",612.6,"Simu1","DIC",50,"cliver",4.02447286212887
"6128",612.7,"Simu1","DIC",50,"cliver",3.43094574360843
"6129",612.8,"Simu1","DIC",50,"cliver",2.83554389514746
"6130",612.9,"Simu1","DIC",50,"cliver",2.23890549283409
"6131",613,"Simu1","DIC",50,"cliver",1.64170547694541
"6132",613.1,"Simu1","DIC",50,"cliver",1.04481572951135
"6133",613.2,"Simu1","DIC",50,"cliver",0.450180000311615
"6134",613.3,"Simu1","DIC",50,"cliver",0.00141371523870911
"6135",613.4,"Simu1","DIC",50,"cliver",0.0013411851177846
"6136",613.5,"Simu1","DIC",50,"cliver",0.0012742086296102
"6137",613.6,"Simu1","DIC",50,"cliver",0.00121225731597326
"6138",613.7,"Simu1","DIC",50,"cliver",0.00115486085304309
"6139",613.8,"Simu1","DIC",50,"cliver",0.00110159957561459
"6140",613.9,"Simu1","DIC",50,"cliver",0.00105210815122948
"6141",614,"Simu1","DIC",50,"cliver",0.00100605497837028
"6142",614.1,"Simu1","DIC",50,"cliver",0.000963146493873778
"6143",614.2,"Simu1","DIC",50,"cliver",0.0009231202887373
"6144",614.3,"Simu1","DIC",50,"cliver",0.00088573764820856
"6145",614.4,"Simu1","DIC",50,"cliver",0.00085078740411317
"6146",614.5,"Simu1","DIC",50,"cliver",0.000818073732835269
"6147",614.6,"Simu1","DIC",50,"cliver",0.000787427918018867
"6148",614.7,"Simu1","DIC",50,"cliver",0.00075868063336071
"6149",614.8,"Simu1","DIC",50,"cliver",0.000731711202335123
"6150",614.9,"Simu1","DIC",50,"cliver",0.000706354835689211
"6151",615,"Simu1","DIC",50,"cliver",0.00068253994901181
"6152",615.1,"Simu1","DIC",50,"cliver",0.000660078572033882
"6153",615.2,"Simu1","DIC",50,"cliver",0.000639008568969394
"6154",615.3,"Simu1","DIC",50,"cliver",0.000619063659896304
"6155",615.4,"Simu1","DIC",50,"cliver",0.000600466237537792
"6156",615.5,"Simu1","DIC",50,"cliver",0.000582051846097699
"6157",615.6,"Simu1","DIC",50,"cliver",0.000566066906079298
"6158",615.7,"Simu1","DIC",50,"cliver",0.000549884288779565
"6159",615.8,"Simu1","DIC",50,"cliver",0.000534979983519561
"6160",615.9,"Simu1","DIC",50,"cliver",0.00052080785208285
"6161",616,"Simu1","DIC",50,"cliver",0.000584449050149802
"6162",616.1,"Simu1","DIC",50,"cliver",0.242312273061263
"6163",616.2,"Simu1","DIC",50,"cliver",1.49667454920464
"6164",616.3,"Simu1","DIC",50,"cliver",3.1465334012357
"6165",616.4,"Simu1","DIC",50,"cliver",4.819686320807
"6166",616.5,"Simu1","DIC",50,"cliver",6.38707957532924
"6167",616.6,"Simu1","DIC",50,"cliver",7.80931767708168
"6168",616.7,"Simu1","DIC",50,"cliver",9.07948859504525
"6169",616.8,"Simu1","DIC",50,"cliver",10.2021280104523
"6170",616.9,"Simu1","DIC",50,"cliver",11.1855102868356
"6171",617,"Simu1","DIC",50,"cliver",12.0388425549353
"6172",617.1,"Simu1","DIC",50,"cliver",12.7712634925597
"6173",617.2,"Simu1","DIC",50,"cliver",13.3914970432177
"6174",617.3,"Simu1","DIC",50,"cliver",13.9077597442735
"6175",617.4,"Simu1","DIC",50,"cliver",14.3277435664471
"6176",617.5,"Simu1","DIC",50,"cliver",14.6586069708004
"6177",617.6,"Simu1","DIC",50,"cliver",14.9070657024629
"6178",617.7,"Simu1","DIC",50,"cliver",15.0793499725312
"6179",617.8,"Simu1","DIC",50,"cliver",15.1812861610096
"6180",617.9,"Simu1","DIC",50,"cliver",15.2183096064034
"6181",618,"Simu1","DIC",50,"cliver",15.1954696351008
"6182",618.1,"Simu1","DIC",50,"cliver",15.117454317881
"6183",618.2,"Simu1","DIC",50,"cliver",14.9886436455329
"6184",618.3,"Simu1","DIC",50,"cliver",14.8131206136857
"6185",618.4,"Simu1","DIC",50,"cliver",14.5946812373911
"6186",618.5,"Simu1","DIC",50,"cliver",14.3368548253928
"6187",618.6,"Simu1","DIC",50,"cliver",14.0429242243673
"6188",618.7,"Simu1","DIC",50,"cliver",13.7159420466554
"6189",618.8,"Simu1","DIC",50,"cliver",13.3587458356494
"6190",618.9,"Simu1","DIC",50,"cliver",12.9739746510406
"6191",619,"Simu1","DIC",50,"cliver",12.5640808276846
"6192",619.1,"Simu1","DIC",50,"cliver",12.131340254958
"6193",619.2,"Simu1","DIC",50,"cliver",11.6778645357602
"6194",619.3,"Simu1","DIC",50,"cliver",11.205613520056
"6195",619.4,"Simu1","DIC",50,"cliver",10.716406041382
"6196",619.5,"Simu1","DIC",50,"cliver",10.2119289189068
"6197",619.6,"Simu1","DIC",50,"cliver",9.69374545877828
"6198",619.7,"Simu1","DIC",50,"cliver",9.16330399123509
"6199",619.8,"Simu1","DIC",50,"cliver",8.62194608114408
"6200",619.9,"Simu1","DIC",50,"cliver",8.07091403524979
"6201",620,"Simu1","DIC",50,"cliver",7.51135778725214
"6202",620.1,"Simu1","DIC",50,"cliver",6.94434144453528
"6203",620.2,"Simu1","DIC",50,"cliver",6.37084964151463
"6204",620.3,"Simu1","DIC",50,"cliver",5.79179370734867
"6205",620.4,"Simu1","DIC",50,"cliver",5.20801771586397
"6206",620.5,"Simu1","DIC",50,"cliver",4.62030467171586
"6207",620.6,"Simu1","DIC",50,"cliver",4.02938333358042
"6208",620.7,"Simu1","DIC",50,"cliver",3.43593663846927
"6209",620.8,"Simu1","DIC",50,"cliver",2.84061394859615
"6210",620.9,"Simu1","DIC",50,"cliver",2.24405320244706
"6211",621,"Simu1","DIC",50,"cliver",1.64692733364333
"6212",621.1,"Simu1","DIC",50,"cliver",1.05010536043383
"6213",621.2,"Simu1","DIC",50,"cliver",0.455507326093638
"6214",621.3,"Simu1","DIC",50,"cliver",0.00141524852064903
"6215",621.4,"Simu1","DIC",50,"cliver",0.00134268095804321
"6216",621.5,"Simu1","DIC",50,"cliver",0.00127566851973811
"6217",621.6,"Simu1","DIC",50,"cliver",0.00121368375542812
"6218",621.7,"Simu1","DIC",50,"cliver",0.00115625634666567
"6219",621.8,"Simu1","DIC",50,"cliver",0.00110296720192583
"6220",621.9,"Simu1","DIC",50,"cliver",0.00105344912427957
"6221",622,"Simu1","DIC",50,"cliver",0.00100737130579663
"6222",622.1,"Simu1","DIC",50,"cliver",0.000964439719570434
"6223",622.2,"Simu1","DIC",50,"cliver",0.000924392050357417
"6224",622.3,"Simu1","DIC",50,"cliver",0.000886989297134535
"6225",622.4,"Simu1","DIC",50,"cliver",0.000852020432587938
"6226",622.5,"Simu1","DIC",50,"cliver",0.000819288911779134
"6227",622.6,"Simu1","DIC",50,"cliver",0.000788627028640844
"6228",622.7,"Simu1","DIC",50,"cliver",0.00075986424708729
"6229",622.8,"Simu1","DIC",50,"cliver",0.000732879013741196
"6230",622.9,"Simu1","DIC",50,"cliver",0.000707509490705657
"6231",623,"Simu1","DIC",50,"cliver",0.000683681011247999
"6232",623.1,"Simu1","DIC",50,"cliver",0.000661208787945965
"6233",623.2,"Simu1","DIC",50,"cliver",0.000640124666791356
"6234",623.3,"Simu1","DIC",50,"cliver",0.000620135679536545
"6235",623.4,"Simu1","DIC",50,"cliver",0.000601589856778752
"6236",623.5,"Simu1","DIC",50,"cliver",0.000583197143602917
"6237",623.6,"Simu1","DIC",50,"cliver",0.000566969911593579
"6238",623.7,"Simu1","DIC",50,"cliver",0.000551022212494377
"6239",623.8,"Simu1","DIC",50,"cliver",0.000536048565717147
"6240",623.9,"Simu1","DIC",50,"cliver",0.000521853497839345
"6241",624,"Simu1","DIC",50,"cliver",0.000585521015424695
"6242",624.1,"Simu1","DIC",50,"cliver",0.242377855097259
"6243",624.2,"Simu1","DIC",50,"cliver",1.49687727496138
"6244",624.3,"Simu1","DIC",50,"cliver",3.14687209781717
"6245",624.4,"Simu1","DIC",50,"cliver",4.82015900164886
"6246",624.5,"Simu1","DIC",50,"cliver",6.38768423284997
"6247",624.6,"Simu1","DIC",50,"cliver",7.81005233582904
"6248",624.7,"Simu1","DIC",50,"cliver",9.08035132188924
"6249",624.8,"Simu1","DIC",50,"cliver",10.2031169172594
"6250",624.9,"Simu1","DIC",50,"cliver",11.1866235310276
"6251",625,"Simu1","DIC",50,"cliver",12.0400783375409
"6252",625.1,"Simu1","DIC",50,"cliver",12.772620063085
"6253",625.2,"Simu1","DIC",50,"cliver",13.392972704811
"6254",625.3,"Simu1","DIC",50,"cliver",13.9093527779596
"6255",625.4,"Simu1","DIC",50,"cliver",14.329445071714
"6256",625.5,"Simu1","DIC",50,"cliver",14.6604303136463
"6257",625.6,"Simu1","DIC",50,"cliver",14.9090017226199
"6258",625.7,"Simu1","DIC",50,"cliver",15.0814080855937
"6259",625.8,"Simu1","DIC",50,"cliver",15.1834698220509
"6260",625.9,"Simu1","DIC",50,"cliver",15.2206014493571
"6261",626,"Simu1","DIC",50,"cliver",15.1978572615742
"6262",626.1,"Simu1","DIC",50,"cliver",15.1199429882051
"6263",626.2,"Simu1","DIC",50,"cliver",14.9912379284164
"6264",626.3,"Simu1","DIC",50,"cliver",14.8158185939373
"6265",626.4,"Simu1","DIC",50,"cliver",14.5974790748629
"6266",626.5,"Simu1","DIC",50,"cliver",14.339748498038
"6267",626.6,"Simu1","DIC",50,"cliver",14.0459117734381
"6268",626.7,"Simu1","DIC",50,"cliver",13.7190245874084
"6269",626.8,"Simu1","DIC",50,"cliver",13.3619259478966
"6270",626.9,"Simu1","DIC",50,"cliver",12.9772526326284
"6271",627,"Simu1","DIC",50,"cliver",12.5674542904646
"6272",627.1,"Simu1","DIC",50,"cliver",12.1348066719434
"6273",627.2,"Simu1","DIC",50,"cliver",11.6814227717279
"6274",627.3,"Simu1","DIC",50,"cliver",11.2092631877211
"6275",627.4,"Simu1","DIC",50,"cliver",10.7201464232361
"6276",627.5,"Simu1","DIC",50,"cliver",10.2157588246198
"6277",627.6,"Simu1","DIC",50,"cliver",9.69766370344903
"6278",627.7,"Simu1","DIC",50,"cliver",9.16730965885966
"6279",627.8,"Simu1","DIC",50,"cliver",8.62603838438274
"6280",627.9,"Simu1","DIC",50,"cliver",8.07509211952561
"6281",628,"Simu1","DIC",50,"cliver",7.51562071879275
"6282",628.1,"Simu1","DIC",50,"cliver",6.9486883022702
"6283",628.2,"Simu1","DIC",50,"cliver",6.37527955769491
"6284",628.3,"Simu1","DIC",50,"cliver",5.79630583117904
"6285",628.4,"Simu1","DIC",50,"cliver",5.21261116840164
"6286",628.5,"Simu1","DIC",50,"cliver",4.62497853156293
"6287",628.6,"Simu1","DIC",50,"cliver",4.0341366290381
"6288",628.7,"Simu1","DIC",50,"cliver",3.44076830512269
"6289",628.8,"Simu1","DIC",50,"cliver",2.84552271879785
"6290",628.9,"Simu1","DIC",50,"cliver",2.24903734661663
"6291",629,"Simu1","DIC",50,"cliver",1.65198410428567
"6292",629.1,"Simu1","DIC",50,"cliver",1.0552284008188
"6293",629.2,"Simu1","DIC",50,"cliver",0.460668040458501
"6294",629.3,"Simu1","DIC",50,"cliver",0.00141673868821066
"6295",629.4,"Simu1","DIC",50,"cliver",0.00134413745591787
"6296",629.5,"Simu1","DIC",50,"cliver",0.00127709000950451
"6297",629.6,"Simu1","DIC",50,"cliver",0.00121507294239351
"6298",629.7,"Simu1","DIC",50,"cliver",0.0011576156845023
"6299",629.8,"Simu1","DIC",50,"cliver",0.00110429890487783
"6300",629.9,"Simu1","DIC",50,"cliver",0.00105475516138719
"6301",630,"Simu1","DIC",50,"cliver",0.00100865347143649
"6302",630.1,"Simu1","DIC",50,"cliver",0.000965699637593627
"6303",630.2,"Simu1","DIC",50,"cliver",0.000925631198022428
"6304",630.3,"Simu1","DIC",50,"cliver",0.000888209020941224
"6305",630.4,"Simu1","DIC",50,"cliver",0.00085322196216069
"6306",630.5,"Simu1","DIC",50,"cliver",0.00082047336964134
"6307",630.6,"Simu1","DIC",50,"cliver",0.000789795451596207
"6308",630.7,"Simu1","DIC",50,"cliver",0.000761017583842811
"6309",630.8,"Simu1","DIC",50,"cliver",0.00073401811376903
"6310",630.9,"Simu1","DIC",50,"cliver",0.000708635194061884
"6311",631,"Simu1","DIC",50,"cliver",0.000684794042055884
"6312",631.1,"Simu1","DIC",50,"cliver",0.000662309856627962
"6313",631.2,"Simu1","DIC",50,"cliver",0.000641214381789193
"6314",631.3,"Simu1","DIC",50,"cliver",0.000621214290287809
"6315",631.4,"Simu1","DIC",50,"cliver",0.000602659211224599
"6316",631.5,"Simu1","DIC",50,"cliver",0.00058425603984405
"6317",631.6,"Simu1","DIC",50,"cliver",0.000568020108407539
"6318",631.7,"Simu1","DIC",50,"cliver",0.000552063413233
"6319",631.8,"Simu1","DIC",50,"cliver",0.00053708054034209
"6320",631.9,"Simu1","DIC",50,"cliver",0.000522878975848095
"6321",632,"Simu1","DIC",50,"cliver",0.000586564969843116
"6322",632.1,"Simu1","DIC",50,"cliver",0.242441698097374
"6323",632.2,"Simu1","DIC",50,"cliver",1.49707461732179
"6324",632.3,"Simu1","DIC",50,"cliver",3.14720181638015
"6325",632.4,"Simu1","DIC",50,"cliver",4.82061918055883
"6326",632.5,"Simu1","DIC",50,"cliver",6.38827293377472
"6327",632.6,"Simu1","DIC",50,"cliver",7.81076765036217
"6328",632.7,"Simu1","DIC",50,"cliver",9.08119138176758
"6329",632.8,"Simu1","DIC",50,"cliver",10.2040798970487
"6330",632.9,"Simu1","DIC",50,"cliver",11.1877076486039
"6331",633,"Simu1","DIC",50,"cliver",12.0412818560304
"6332",633.1,"Simu1","DIC",50,"cliver",12.7739412820862
"6333",633.2,"Simu1","DIC",50,"cliver",13.394409954392
"6334",633.3,"Simu1","DIC",50,"cliver",13.91090451122
"6335",633.4,"Simu1","DIC",50,"cliver",14.3311049039097
"6336",633.5,"Simu1","DIC",50,"cliver",14.6622013873422
"6337",633.6,"Simu1","DIC",50,"cliver",14.9108823569229
"6338",633.7,"Simu1","DIC",50,"cliver",15.0834020678294
"6339",633.8,"Simu1","DIC",50,"cliver",15.1855734337794
"6340",633.9,"Simu1","DIC",50,"cliver",15.2228243237972
"6341",634,"Simu1","DIC",50,"cliver",15.2001806581531
"6342",634.1,"Simu1","DIC",50,"cliver",15.122360471813
"6343",634.2,"Simu1","DIC",50,"cliver",14.9937428106854
"6344",634.3,"Simu1","DIC",50,"cliver",14.8184103209188
"6345",634.4,"Simu1","DIC",50,"cliver",14.6001646577872
"6346",634.5,"Simu1","DIC",50,"cliver",14.3425435476548
"6347",634.6,"Simu1","DIC",50,"cliver",14.0488127586953
"6348",634.7,"Simu1","DIC",50,"cliver",13.722023833814
"6349",634.8,"Simu1","DIC",50,"cliver",13.3650200481237
"6350",634.9,"Simu1","DIC",50,"cliver",12.9804415213458
"6351",635,"Simu1","DIC",50,"cliver",12.5707382911595
"6352",635.1,"Simu1","DIC",50,"cliver",12.1381848573992
"6353",635.2,"Simu1","DIC",50,"cliver",11.6848934130898
"6354",635.3,"Simu1","DIC",50,"cliver",11.2128234884006
"6355",635.4,"Simu1","DIC",50,"cliver",10.7237938001493
"6356",635.5,"Simu1","DIC",50,"cliver",10.219492220866
"6357",635.6,"Simu1","DIC",50,"cliver",9.70148311746152
"6358",635.7,"Simu1","DIC",50,"cliver",9.17121478612469
"6359",635.8,"Simu1","DIC",50,"cliver",8.630028208824
"6360",635.9,"Simu1","DIC",50,"cliver",8.07916545575507
"6361",636,"Simu1","DIC",50,"cliver",7.51977666391992
"6362",636.1,"Simu1","DIC",50,"cliver",6.95292615268102
"6363",636.2,"Simu1","DIC",50,"cliver",6.37959854604399
"6364",636.3,"Simu1","DIC",50,"cliver",5.80070506110205
"6365",636.4,"Simu1","DIC",50,"cliver",5.21708971481921
"6366",636.5,"Simu1","DIC",50,"cliver",4.62953550175465
"6367",636.6,"Simu1","DIC",50,"cliver",4.03877111110826
"6368",636.7,"Simu1","DIC",50,"cliver",3.4454792668401
"6369",636.8,"Simu1","DIC",50,"cliver",2.85030888915882
"6370",636.9,"Simu1","DIC",50,"cliver",2.25389662146703
"6371",637,"Simu1","DIC",50,"cliver",1.65691442429637
"6372",637.1,"Simu1","DIC",50,"cliver",1.06022339519089
"6373",637.2,"Simu1","DIC",50,"cliver",0.465700324660619
"6374",637.3,"Simu1","DIC",50,"cliver",0.00141818944013552
"6375",637.4,"Simu1","DIC",50,"cliver",0.00134555922056072
"6376",637.5,"Simu1","DIC",50,"cliver",0.00127847735736709
"6377",637.6,"Simu1","DIC",50,"cliver",0.00121642891050724
"6378",637.7,"Simu1","DIC",50,"cliver",0.00115894265283607
"6379",637.8,"Simu1","DIC",50,"cliver",0.00110559829179507
"6380",637.9,"Simu1","DIC",50,"cliver",0.00105602966232913
"6381",638,"Simu1","DIC",50,"cliver",0.001009904695418
"6382",638.1,"Simu1","DIC",50,"cliver",0.000966929276434765
"6383",638.2,"Simu1","DIC",50,"cliver",0.000926840612696254
"6384",638.3,"Simu1","DIC",50,"cliver",0.000889399533114357
"6385",638.4,"Simu1","DIC",50,"cliver",0.000854394613604481
"6386",638.5,"Simu1","DIC",50,"cliver",0.000821629536077832
"6387",638.6,"Simu1","DIC",50,"cliver",0.000790935624444129
"6388",638.7,"Simu1","DIC",50,"cliver",0.000762142850649315
"6389",638.8,"Simu1","DIC",50,"cliver",0.000735130697307319
"6390",638.9,"Simu1","DIC",50,"cliver",0.000709733819035214
"6391",639,"Simu1","DIC",50,"cliver",0.000685881280399096
"6392",639.1,"Simu1","DIC",50,"cliver",0.000663383187300912
"6393",639.2,"Simu1","DIC",50,"cliver",0.000642280507956199
"6394",639.3,"Simu1","DIC",50,"cliver",0.000622295059458891
"6395",639.4,"Simu1","DIC",50,"cliver",0.000603685266158511
"6396",639.5,"Simu1","DIC",50,"cliver",0.000585224308297945
"6397",639.6,"Simu1","DIC",50,"cliver",0.000569197302166706
"6398",639.7,"Simu1","DIC",50,"cliver",0.000553013354889813
"6399",639.8,"Simu1","DIC",50,"cliver",0.000538079244598255
"6400",639.9,"Simu1","DIC",50,"cliver",0.000523895674956897
"6401",640,"Simu1","DIC",50,"cliver",0.000587582299173546
"6402",640.1,"Simu1","DIC",50,"cliver",0.242503887195369
"6403",640.2,"Simu1","DIC",50,"cliver",1.49726684304947
"6404",640.3,"Simu1","DIC",50,"cliver",3.14752300396338
"6405",640.4,"Simu1","DIC",50,"cliver",4.82106747988161
"6406",640.5,"Simu1","DIC",50,"cliver",6.38884646955942
"6407",640.6,"Simu1","DIC",50,"cliver",7.81146457487675
"6408",640.7,"Simu1","DIC",50,"cliver",9.08200988531633
"6409",640.8,"Simu1","DIC",50,"cliver",10.2050182104883
"6410",640.9,"Simu1","DIC",50,"cliver",11.1887644261772
"6411",641,"Simu1","DIC",50,"cliver",12.0424550739911
"6412",641.1,"Simu1","DIC",50,"cliver",12.7752300449306
"6413",641.2,"Simu1","DIC",50,"cliver",13.3958116403422
"6414",641.3,"Simu1","DIC",50,"cliver",13.9124170576502
"6415",641.4,"Simu1","DIC",50,"cliver",14.3327323535156
"6416",641.5,"Simu1","DIC",50,"cliver",14.6639346996925
"6417",641.6,"Simu1","DIC",50,"cliver",14.9127162484742
"6418",641.7,"Simu1","DIC",50,"cliver",15.0853354285413
"6419",641.8,"Simu1","DIC",50,"cliver",15.1875955127924
"6420",641.9,"Simu1","DIC",50,"cliver",15.2249242969684
"6421",642,"Simu1","DIC",50,"cliver",15.2023768500274
"6422",642.1,"Simu1","DIC",50,"cliver",15.124677340624
"6423",642.2,"Simu1","DIC",50,"cliver",14.9961853089986
"6424",642.3,"Simu1","DIC",50,"cliver",14.8209680505966
"6425",642.4,"Simu1","DIC",50,"cliver",14.6028245224496
"6426",642.5,"Simu1","DIC",50,"cliver",14.345290046095
"6427",642.6,"Simu1","DIC",50,"cliver",14.0516492001762
"6428",642.7,"Simu1","DIC",50,"cliver",13.7249558951159
"6429",642.8,"Simu1","DIC",50,"cliver",13.3680475497928
"6430",642.9,"Simu1","DIC",50,"cliver",12.9835614538563
"6431",643,"Simu1","DIC",50,"cliver",12.5739480849623
"6432",643.1,"Simu1","DIC",50,"cliver",12.1414833071871
"6433",643.2,"Simu1","DIC",50,"cliver",11.6882787431552
"6434",643.3,"Simu1","DIC",50,"cliver",11.2162944480073
"6435",643.4,"Simu1","DIC",50,"cliver",10.7273503937087
"6436",643.5,"Simu1","DIC",50,"cliver",10.2231344925767
"6437",643.6,"Simu1","DIC",50,"cliver",9.70521010763913
"6438",643.7,"Simu1","DIC",50,"cliver",9.17502505484628
"6439",643.8,"Simu1","DIC",50,"cliver",8.6339206552959
"6440",643.9,"Simu1","DIC",50,"cliver",8.0831393918486
"6441",644,"Simu1","DIC",50,"cliver",7.5238314218562
"6442",644.1,"Simu1","DIC",50,"cliver",6.95706088185204
"6443",644.2,"Simu1","DIC",50,"cliver",6.38381232275925
"6444",644.3,"Simu1","DIC",50,"cliver",5.80499702708947
"6445",644.4,"Simu1","DIC",50,"cliver",5.22145906871843
"6446",644.5,"Simu1","DIC",50,"cliver",4.63398141043608
"6447",644.6,"Simu1","DIC",50,"cliver",4.04329265324074
"6448",644.7,"Simu1","DIC",50,"cliver",3.45007540887432
"6449",644.8,"Simu1","DIC",50,"cliver",2.85497840370997
"6450",644.9,"Simu1","DIC",50,"cliver",2.25863814112344
"6451",645,"Simu1","DIC",50,"cliver",1.66172518286232
"6452",645.1,"Simu1","DIC",50,"cliver",1.06509747595995
"6453",645.2,"Simu1","DIC",50,"cliver",0.47061149837903
"6454",645.3,"Simu1","DIC",50,"cliver",0.00141960830925029
"6455",645.4,"Simu1","DIC",50,"cliver",0.00134694685254121
"6456",645.5,"Simu1","DIC",50,"cliver",0.00127983164934515
"6457",645.6,"Simu1","DIC",50,"cliver",0.00121775245339414
"6458",645.7,"Simu1","DIC",50,"cliver",0.00116023776291203
"6459",645.8,"Simu1","DIC",50,"cliver",0.00110686709368
"6460",645.9,"Simu1","DIC",50,"cliver",0.00105727401510898
"6461",646,"Simu1","DIC",50,"cliver",0.00101112631189934
"6462",646.1,"Simu1","DIC",50,"cliver",0.000968129695646467
"6463",646.2,"Simu1","DIC",50,"cliver",0.000928021251928051
"6464",646.3,"Simu1","DIC",50,"cliver",0.000890561665503913
"6465",646.4,"Simu1","DIC",50,"cliver",0.000855539430220135
"6466",646.5,"Simu1","DIC",50,"cliver",0.000822758071836032
"6467",646.6,"Simu1","DIC",50,"cliver",0.000792048927245871
"6468",646.7,"Simu1","DIC",50,"cliver",0.000763241752115313
"6469",646.8,"Simu1","DIC",50,"cliver",0.000736216050341678
"6470",646.9,"Simu1","DIC",50,"cliver",0.000710806358110828
"6471",647,"Simu1","DIC",50,"cliver",0.000686941867042081
"6472",647.1,"Simu1","DIC",50,"cliver",0.000664432194483047
"6473",647.2,"Simu1","DIC",50,"cliver",0.000643319072662839
"6474",647.3,"Simu1","DIC",50,"cliver",0.000623320699480947
"6475",647.4,"Simu1","DIC",50,"cliver",0.000604707051853203
"6476",647.5,"Simu1","DIC",50,"cliver",0.000586232445422122
"6477",647.6,"Simu1","DIC",50,"cliver",0.000570189354721277
"6478",647.7,"Simu1","DIC",50,"cliver",0.00055400765299146
"6479",647.8,"Simu1","DIC",50,"cliver",0.000539063122440938
"6480",647.9,"Simu1","DIC",50,"cliver",0.000524877405988463
"6481",648,"Simu1","DIC",50,"cliver",0.000588576953285895
"6482",648.1,"Simu1","DIC",50,"cliver",0.242564684044137
"6483",648.2,"Simu1","DIC",50,"cliver",1.49745473279923
"6484",648.3,"Simu1","DIC",50,"cliver",3.14783691641165
"6485",648.4,"Simu1","DIC",50,"cliver",4.82150559223385
"6486",648.5,"Simu1","DIC",50,"cliver",6.38940693830387
"6487",648.6,"Simu1","DIC",50,"cliver",7.81214558509531
"6488",648.7,"Simu1","DIC",50,"cliver",9.08280966025473
"6489",648.8,"Simu1","DIC",50,"cliver",10.2059350140756
"6490",648.9,"Simu1","DIC",50,"cliver",11.1897965882282
"6491",649,"Simu1","DIC",50,"cliver",12.0436009389467
"6492",649.1,"Simu1","DIC",50,"cliver",12.776487676655
"6493",649.2,"Simu1","DIC",50,"cliver",13.3971818694957
"6494",649.3,"Simu1","DIC",50,"cliver",13.9138939574762
"6495",649.4,"Simu1","DIC",50,"cliver",14.3343139545665
"6496",649.5,"Simu1","DIC",50,"cliver",14.6656238651203
"6497",649.6,"Simu1","DIC",50,"cliver",14.914516038874
"6498",649.7,"Simu1","DIC",50,"cliver",15.0872280936166
"6499",649.8,"Simu1","DIC",50,"cliver",15.1895878584896
"6500",649.9,"Simu1","DIC",50,"cliver",15.2270329626042
"6501",650,"Simu1","DIC",50,"cliver",15.2046045807018
"6502",650.1,"Simu1","DIC",50,"cliver",15.126993541965
"6503",650.2,"Simu1","DIC",50,"cliver",14.9985840257345
"6504",650.3,"Simu1","DIC",50,"cliver",14.823458169512
"6505",650.4,"Simu1","DIC",50,"cliver",14.6054108608179
"6506",650.5,"Simu1","DIC",50,"cliver",14.3479715799125
"6507",650.6,"Simu1","DIC",50,"cliver",14.0544234933302
"6508",650.7,"Simu1","DIC",50,"cliver",13.7278188683156
"6509",650.8,"Simu1","DIC",50,"cliver",13.3709958895052
"6510",650.9,"Simu1","DIC",50,"cliver",12.9865941091271
"6511",651,"Simu1","DIC",50,"cliver",12.5770657199778
"6512",651.1,"Simu1","DIC",50,"cliver",12.1446863130822
"6513",651.2,"Simu1","DIC",50,"cliver",11.6915675314163
"6514",651.3,"Simu1","DIC",50,"cliver",11.2196694997818
"6515",651.4,"Simu1","DIC",50,"cliver",10.7308112468497
"6516",651.5,"Simu1","DIC",50,"cliver",10.2266796269592
"6517",651.6,"Simu1","DIC",50,"cliver",9.70883794937164
"6518",651.7,"Simu1","DIC",50,"cliver",9.17873460944927
"6519",651.8,"Simu1","DIC",50,"cliver",8.63771127229435
"6520",651.9,"Simu1","DIC",50,"cliver",8.08701031998446
"6521",652,"Simu1","DIC",50,"cliver",7.52778172412797
"6522",652.1,"Simu1","DIC",50,"cliver",6.96108961549893
"6523",652.2,"Simu1","DIC",50,"cliver",6.38791864889069
"6524",652.3,"Simu1","DIC",50,"cliver",5.80918015726348
"6525",652.4,"Simu1","DIC",50,"cliver",5.22571817770598
"6526",652.5,"Simu1","DIC",50,"cliver",4.63831561407197
"6527",652.6,"Simu1","DIC",50,"cliver",4.04770102180082
"6528",652.7,"Simu1","DIC",50,"cliver",3.45455694426008
"6529",652.8,"Simu1","DIC",50,"cliver",2.85953194630839
"6530",652.9,"Simu1","DIC",50,"cliver",2.26326190556376
"6531",653,"Simu1","DIC",50,"cliver",1.66641677930849
"6532",653.1,"Simu1","DIC",50,"cliver",1.06985110035962
"6533",653.2,"Simu1","DIC",50,"cliver",0.475401986841186
"6534",653.3,"Simu1","DIC",50,"cliver",0.00142100002155461
"6535",653.4,"Simu1","DIC",50,"cliver",0.00134830357617219
"6536",653.5,"Simu1","DIC",50,"cliver",0.00128115564351242
"6537",653.6,"Simu1","DIC",50,"cliver",0.00121904628313324
"6538",653.7,"Simu1","DIC",50,"cliver",0.00116150370905565
"6539",653.8,"Simu1","DIC",50,"cliver",0.00110810723897395
"6540",653.9,"Simu1","DIC",50,"cliver",0.00105849019098526
"6541",654,"Simu1","DIC",50,"cliver",0.00101232019821748
"6542",654.1,"Simu1","DIC",50,"cliver",0.000969302805495038
"6543",654.2,"Simu1","DIC",50,"cliver",0.000929174971022755
"6544",654.3,"Simu1","DIC",50,"cliver",0.000891697247076397
"6545",654.4,"Simu1","DIC",50,"cliver",0.000856658034128783
"6546",654.5,"Simu1","DIC",50,"cliver",0.000823860729326699
"6547",654.6,"Simu1","DIC",50,"cliver",0.000793136638307461
"6548",654.7,"Simu1","DIC",50,"cliver",0.000764315362717295
"6549",654.8,"Simu1","DIC",50,"cliver",0.000737276389526647
"6550",654.9,"Simu1","DIC",50,"cliver",0.000711854157825492
"6551",655,"Simu1","DIC",50,"cliver",0.000687977916332469
"6552",655.1,"Simu1","DIC",50,"cliver",0.000665456958449687
"6553",655.2,"Simu1","DIC",50,"cliver",0.000644333486781869
"6554",655.3,"Simu1","DIC",50,"cliver",0.000624323591250581
"6555",655.4,"Simu1","DIC",50,"cliver",0.000605703824198674
"6556",655.5,"Simu1","DIC",50,"cliver",0.000587216914467821
"6557",655.6,"Simu1","DIC",50,"cliver",0.000571163337254215
"6558",655.7,"Simu1","DIC",50,"cliver",0.00055497749133971
"6559",655.8,"Simu1","DIC",50,"cliver",0.000540025122851197
"6560",655.9,"Simu1","DIC",50,"cliver",0.000525833304733013
"6561",656,"Simu1","DIC",50,"cliver",0.000589548416793904
"6562",656.1,"Simu1","DIC",50,"cliver",0.242624050210403
"6563",656.2,"Simu1","DIC",50,"cliver",1.49763818568148
"6564",656.3,"Simu1","DIC",50,"cliver",3.14814341032134
"6565",656.4,"Simu1","DIC",50,"cliver",4.82193334577704
"6566",656.5,"Simu1","DIC",50,"cliver",6.38995414937472
"6567",656.6,"Simu1","DIC",50,"cliver",7.81281047949873
"6568",656.7,"Simu1","DIC",50,"cliver",9.08359050116733
"6569",656.8,"Simu1","DIC",50,"cliver",10.2068301044764
"6570",656.9,"Simu1","DIC",50,"cliver",11.190804306021
"6571",657,"Simu1","DIC",50,"cliver",12.0447196209998
"6572",657.1,"Simu1","DIC",50,"cliver",12.7777159327277
"6573",657.2,"Simu1","DIC",50,"cliver",13.3985160713138
"6574",657.3,"Simu1","DIC",50,"cliver",13.9153383228743
"6575",657.4,"Simu1","DIC",50,"cliver",14.3358652822698
"6576",657.5,"Simu1","DIC",50,"cliver",14.6672778446776
"6577",657.6,"Simu1","DIC",50,"cliver",14.916273576789
"6578",657.7,"Simu1","DIC",50,"cliver",15.0890961042782
"6579",657.8,"Simu1","DIC",50,"cliver",15.1915928273279
"6580",657.9,"Simu1","DIC",50,"cliver",15.2291294359508
"6581",658,"Simu1","DIC",50,"cliver",15.2067816318031
"6582",658.1,"Simu1","DIC",50,"cliver",15.1292499593428
"6583",658.2,"Simu1","DIC",50,"cliver",15.0009218865324
"6584",658.3,"Simu1","DIC",50,"cliver",14.8258852592143
"6585",658.4,"Simu1","DIC",50,"cliver",14.6079376358391
"6586",658.5,"Simu1","DIC",50,"cliver",14.3505918068983
"6587",658.6,"Simu1","DIC",50,"cliver",14.0571312045335
"6588",658.7,"Simu1","DIC",50,"cliver",13.7306142020063
"6589",658.8,"Simu1","DIC",50,"cliver",13.3738816254233
"6590",658.9,"Simu1","DIC",50,"cliver",12.9895706505733
"6591",659,"Simu1","DIC",50,"cliver",12.5801306882106
"6592",659.1,"Simu1","DIC",50,"cliver",12.1478368965401
"6593",659.2,"Simu1","DIC",50,"cliver",11.694801114566
"6594",659.3,"Simu1","DIC",50,"cliver",11.2229842558023
"6595",659.4,"Simu1","DIC",50,"cliver",10.7342065926385
"6596",659.5,"Simu1","DIC",50,"cliver",10.2301554883999
"6597",659.6,"Simu1","DIC",50,"cliver",9.712393831791
"6598",659.7,"Simu1","DIC",50,"cliver",9.18236953449654
"6599",659.8,"Simu1","DIC",50,"cliver",8.64142424841583
"6600",659.9,"Simu1","DIC",50,"cliver",8.09080058635876
"6601",660,"Simu1","DIC",50,"cliver",7.53164861840461
"6602",660.1,"Simu1","DIC",50,"cliver",6.96503239945332
"6603",660.2,"Simu1","DIC",50,"cliver",6.39193650685838
"6604",660.3,"Simu1","DIC",50,"cliver",5.81327228017639
"6605",660.4,"Simu1","DIC",50,"cliver",5.22988379194013
"6606",660.5,"Simu1","DIC",50,"cliver",4.64255393813179
"6607",660.6,"Simu1","DIC",50,"cliver",4.05201121331448
"6608",660.7,"Simu1","DIC",50,"cliver",3.45893806502505
"6609",660.8,"Simu1","DIC",50,"cliver",2.86398291162933
"6610",660.9,"Simu1","DIC",50,"cliver",2.26778165488482
"6611",661,"Simu1","DIC",50,"cliver",1.67100200478907
"6612",661.1,"Simu1","DIC",50,"cliver",1.07449405615055
"6613",661.2,"Simu1","DIC",50,"cliver",0.480082453299153
"6614",661.3,"Simu1","DIC",50,"cliver",0.00142236398943593
"6615",661.4,"Simu1","DIC",50,"cliver",0.00134962564138679
"6616",661.5,"Simu1","DIC",50,"cliver",0.00128244634394846
"6617",661.6,"Simu1","DIC",50,"cliver",0.00122030757709275
"6618",661.7,"Simu1","DIC",50,"cliver",0.00116273783873382
"6619",661.8,"Simu1","DIC",50,"cliver",0.00110931687130659
"6620",661.9,"Simu1","DIC",50,"cliver",0.00105967639412738
"6621",662,"Simu1","DIC",50,"cliver",0.00101348472927965
"6622",662.1,"Simu1","DIC",50,"cliver",0.000970447047632808
"6623",662.2,"Simu1","DIC",50,"cliver",0.000930300330602451
"6624",662.3,"Simu1","DIC",50,"cliver",0.000892804949487866
"6625",662.4,"Simu1","DIC",50,"cliver",0.000857749320183816
"6626",662.5,"Simu1","DIC",50,"cliver",0.000824936388616571
"6627",662.6,"Simu1","DIC",50,"cliver",0.000794198037344285
"6628",662.7,"Simu1","DIC",50,"cliver",0.000765363302384232
"6629",662.8,"Simu1","DIC",50,"cliver",0.000738310215106452
"6630",662.9,"Simu1","DIC",50,"cliver",0.000712876772021742
"6631",663,"Simu1","DIC",50,"cliver",0.000688987912591589
"6632",663.1,"Simu1","DIC",50,"cliver",0.000666458547148004
"6633",663.2,"Simu1","DIC",50,"cliver",0.000645320466931682
"6634",663.3,"Simu1","DIC",50,"cliver",0.000625278748623275
"6635",663.4,"Simu1","DIC",50,"cliver",0.000606688545411701
"6636",663.5,"Simu1","DIC",50,"cliver",0.000588244016878169
"6637",663.6,"Simu1","DIC",50,"cliver",0.000571978213620495
"6638",663.7,"Simu1","DIC",50,"cliver",0.000555986007545023
"6639",663.8,"Simu1","DIC",50,"cliver",0.000540972367759145
"6640",663.9,"Simu1","DIC",50,"cliver",0.000526740082418365
"6641",664,"Simu1","DIC",50,"cliver",0.000590498309405636
"6642",664.1,"Simu1","DIC",50,"cliver",0.242682097804694
"6643",664.2,"Simu1","DIC",50,"cliver",1.4978175392452
"6644",664.3,"Simu1","DIC",50,"cliver",3.1484430320099
"6645",664.4,"Simu1","DIC",50,"cliver",4.82235148077085
"6646",664.5,"Simu1","DIC",50,"cliver",6.39048902518018
"6647",664.6,"Simu1","DIC",50,"cliver",7.81346035211843
"6648",664.7,"Simu1","DIC",50,"cliver",9.08435366389639
"6649",664.8,"Simu1","DIC",50,"cliver",10.2077048903377
"6650",664.9,"Simu1","DIC",50,"cliver",11.1917890895226
"6651",665,"Simu1","DIC",50,"cliver",12.045812814798
"6652",665.1,"Simu1","DIC",50,"cliver",12.7789160166123
"6653",665.2,"Simu1","DIC",50,"cliver",13.3998214824506
"6654",665.3,"Simu1","DIC",50,"cliver",13.9167492470668
"6655",665.4,"Simu1","DIC",50,"cliver",14.3373779248995
"6656",665.5,"Simu1","DIC",50,"cliver",14.66889205779
"6657",665.6,"Simu1","DIC",50,"cliver",14.91798594366
"6658",665.7,"Simu1","DIC",50,"cliver",15.0909114264967
"6659",665.8,"Simu1","DIC",50,"cliver",15.1934808131467
"6660",665.9,"Simu1","DIC",50,"cliver",15.2311146364136
"6661",666,"Simu1","DIC",50,"cliver",15.2088672105865
"6662",666.1,"Simu1","DIC",50,"cliver",15.1314432544833
"6663",666.2,"Simu1","DIC",50,"cliver",15.0032221741173
"6664",666.3,"Simu1","DIC",50,"cliver",14.8282806537042
"6665",666.4,"Simu1","DIC",50,"cliver",14.6104123392297
"6666",666.5,"Simu1","DIC",50,"cliver",14.3531474254857
"6667",666.6,"Simu1","DIC",50,"cliver",14.0597717870121
"6668",666.7,"Simu1","DIC",50,"cliver",13.7333407260383
"6669",666.8,"Simu1","DIC",50,"cliver",13.3766925780657
"6670",666.9,"Simu1","DIC",50,"cliver",12.992464151281
"6671",667,"Simu1","DIC",50,"cliver",12.5831055955324
"6672",667.1,"Simu1","DIC",50,"cliver",12.1508929977756
"6673",667.2,"Simu1","DIC",50,"cliver",11.6979393706742
"6674",667.3,"Simu1","DIC",50,"cliver",11.2262052714326
"6675",667.4,"Simu1","DIC",50,"cliver",10.7375092926338
"6676",667.5,"Simu1","DIC",50,"cliver",10.2335379476509
"6677",667.6,"Simu1","DIC",50,"cliver",9.71585467523784
"6678",667.7,"Simu1","DIC",50,"cliver",9.18590813888162
"6679",667.8,"Simu1","DIC",50,"cliver",8.64504008309208
"6680",667.9,"Simu1","DIC",50,"cliver",8.09449281625287
"6681",668,"Simu1","DIC",50,"cliver",7.53541626423174
"6682",668.1,"Simu1","DIC",50,"cliver",6.96887459729141
"6683",668.2,"Simu1","DIC",50,"cliver",6.39585252348633
"6684",668.3,"Simu1","DIC",50,"cliver",5.81726138056143
"6685",668.4,"Simu1","DIC",50,"cliver",5.23394516774054
"6686",668.5,"Simu1","DIC",50,"cliver",4.64668673340372
"6687",668.6,"Simu1","DIC",50,"cliver",4.05621455035202
"6688",668.7,"Simu1","DIC",50,"cliver",3.46321100158751
"6689",668.8,"Simu1","DIC",50,"cliver",2.86832432588038
"6690",668.9,"Simu1","DIC",50,"cliver",2.27219001675739
"6691",669,"Simu1","DIC",50,"cliver",1.67547533349653
"6692",669.1,"Simu1","DIC",50,"cliver",1.07902647841832
"6693",669.2,"Simu1","DIC",50,"cliver",0.484650740178789
"6694",669.3,"Simu1","DIC",50,"cliver",0.00142368434117757
"6695",669.4,"Simu1","DIC",50,"cliver",0.00135091899798423
"6696",669.5,"Simu1","DIC",50,"cliver",0.00128370851699866
"6697",669.6,"Simu1","DIC",50,"cliver",0.00122154092137887
"6698",669.7,"Simu1","DIC",50,"cliver",0.00116394456960096
"6699",669.8,"Simu1","DIC",50,"cliver",0.00111049906975059
"6700",669.9,"Simu1","DIC",50,"cliver",0.00106083572468392
"6701",670,"Simu1","DIC",50,"cliver",0.00101462280627349
"6702",670.1,"Simu1","DIC",50,"cliver",0.000971565311652432
"6703",670.2,"Simu1","DIC",50,"cliver",0.000931400095020088
"6704",670.3,"Simu1","DIC",50,"cliver",0.000893887425839606
"6705",670.4,"Simu1","DIC",50,"cliver",0.000858815600425789
"6706",670.5,"Simu1","DIC",50,"cliver",0.000825987478890554
"6707",670.6,"Simu1","DIC",50,"cliver",0.000795234855570035
"6708",670.7,"Simu1","DIC",50,"cliver",0.000766386764544801
"6709",670.8,"Simu1","DIC",50,"cliver",0.000739320826415073
"6710",670.9,"Simu1","DIC",50,"cliver",0.00071387565427586
"6711",671,"Simu1","DIC",50,"cliver",0.000689975237685839
"6712",671.1,"Simu1","DIC",50,"cliver",0.000667435769415903
"6713",671.2,"Simu1","DIC",50,"cliver",0.00064628659349411
"6714",671.3,"Simu1","DIC",50,"cliver",0.000626234436428772
"6715",671.4,"Simu1","DIC",50,"cliver",0.000607636030005322
"6716",671.5,"Simu1","DIC",50,"cliver",0.000589193113886576
"6717",671.6,"Simu1","DIC",50,"cliver",0.000572904181518047
"6718",671.7,"Simu1","DIC",50,"cliver",0.000556913681834173
"6719",671.8,"Simu1","DIC",50,"cliver",0.000541889054780177
"6720",671.9,"Simu1","DIC",50,"cliver",0.000527648648240523
"6721",672,"Simu1","DIC",50,"cliver",0.000591422697812368
"6722",672.1,"Simu1","DIC",50,"cliver",0.242738548492318
"6723",672.2,"Simu1","DIC",50,"cliver",1.49799196276212
"6724",672.3,"Simu1","DIC",50,"cliver",3.14873445037347
"6725",672.4,"Simu1","DIC",50,"cliver",4.82275821472835
"6726",672.5,"Simu1","DIC",50,"cliver",6.39100937309534
"6727",672.6,"Simu1","DIC",50,"cliver",7.81409263750122
"6728",672.7,"Simu1","DIC",50,"cliver",9.08509624501474
"6729",672.8,"Simu1","DIC",50,"cliver",10.2085561625431
"6730",672.9,"Simu1","DIC",50,"cliver",11.1927471737526
"6731",673,"Simu1","DIC",50,"cliver",12.0468773535085
"6732",673.1,"Simu1","DIC",50,"cliver",12.7800837284233
"6733",673.2,"Simu1","DIC",50,"cliver",13.4010922425835
"6734",673.3,"Simu1","DIC",50,"cliver",13.9181183644828
"6735",673.4,"Simu1","DIC",50,"cliver",14.3388471671624
"6736",673.5,"Simu1","DIC",50,"cliver",14.6704589207963
"6737",673.6,"Simu1","DIC",50,"cliver",14.9196448651381
"6738",673.7,"Simu1","DIC",50,"cliver",15.0926600684919
"6739",673.8,"Simu1","DIC",50,"cliver",15.1953282731201
"6740",673.9,"Simu1","DIC",50,"cliver",15.233058182152
"6741",674,"Simu1","DIC",50,"cliver",15.2109019757209
"6742",674.1,"Simu1","DIC",50,"cliver",15.1335682975903
"6743",674.2,"Simu1","DIC",50,"cliver",15.0054377601794
"6744",674.3,"Simu1","DIC",50,"cliver",14.8305863578588
"6745",674.4,"Simu1","DIC",50,"cliver",14.612807970529
"6746",674.5,"Simu1","DIC",50,"cliver",14.3556320634242
"6747",674.6,"Simu1","DIC",50,"cliver",14.0623425737607
"6748",674.7,"Simu1","DIC",50,"cliver",13.735995228761
"6749",674.8,"Simu1","DIC",50,"cliver",13.379430123317
"6750",674.9,"Simu1","DIC",50,"cliver",12.9952847107966
"6751",675,"Simu1","DIC",50,"cliver",12.5860085191049
"6752",675.1,"Simu1","DIC",50,"cliver",12.1538770386455
"6753",675.2,"Simu1","DIC",50,"cliver",11.7010033511864
"6754",675.3,"Simu1","DIC",50,"cliver",11.229348357303
"6755",675.4,"Simu1","DIC",50,"cliver",10.7407307741874
"6756",675.5,"Simu1","DIC",50,"cliver",10.2368370115363
"6757",675.6,"Simu1","DIC",50,"cliver",9.71923042093765
"6758",675.7,"Simu1","DIC",50,"cliver",9.18935970087502
"6759",675.8,"Simu1","DIC",50,"cliver",8.64856667189969
"6760",675.9,"Simu1","DIC",50,"cliver",8.09809367121836
"6761",676,"Simu1","DIC",50,"cliver",7.5390906120197
"6762",676.1,"Simu1","DIC",50,"cliver",6.97262165540164
"6763",676.2,"Simu1","DIC",50,"cliver",6.399671519622
"6764",676.3,"Simu1","DIC",50,"cliver",5.82115155363802
"6765",676.4,"Simu1","DIC",50,"cliver",5.23790575078863
"6766",676.5,"Simu1","DIC",50,"cliver",4.65071693384064
"6767",676.6,"Simu1","DIC",50,"cliver",4.06031352995574
"6768",676.7,"Simu1","DIC",50,"cliver",3.46737784045252
"6769",676.8,"Simu1","DIC",50,"cliver",2.87255794113653
"6770",676.9,"Simu1","DIC",50,"cliver",2.27648897037905
"6771",677,"Simu1","DIC",50,"cliver",1.67983697272684
"6772",677.1,"Simu1","DIC",50,"cliver",1.08344593964893
"6773",677.2,"Simu1","DIC",50,"cliver",0.489105691110957
"6774",677.3,"Simu1","DIC",50,"cliver",0.00142498377835667
"6775",677.4,"Simu1","DIC",50,"cliver",0.00135218088622288
"6776",677.5,"Simu1","DIC",50,"cliver",0.00128494007416505
"6777",677.6,"Simu1","DIC",50,"cliver",0.00122274446004944
"6778",677.7,"Simu1","DIC",50,"cliver",0.00116512221046758
"6779",677.8,"Simu1","DIC",50,"cliver",0.0011116526950552
"6780",677.9,"Simu1","DIC",50,"cliver",0.00106196707368196
"6781",678,"Simu1","DIC",50,"cliver",0.00101573343266265
"6782",678.1,"Simu1","DIC",50,"cliver",0.000972656629864074
"6783",678.2,"Simu1","DIC",50,"cliver",0.000932473389031131
"6784",678.3,"Simu1","DIC",50,"cliver",0.000894943862711049
"6785",678.4,"Simu1","DIC",50,"cliver",0.000859856247213441
"6786",678.5,"Simu1","DIC",50,"cliver",0.000827013310801958
"6787",678.6,"Simu1","DIC",50,"cliver",0.000796246770683378
"6788",678.7,"Simu1","DIC",50,"cliver",0.000767385574730993
"6789",678.8,"Simu1","DIC",50,"cliver",0.000740307326340054
"6790",678.9,"Simu1","DIC",50,"cliver",0.000714850486437902
"6791",679,"Simu1","DIC",50,"cliver",0.000690939135339223
"6792",679.1,"Simu1","DIC",50,"cliver",0.000668389168443343
"6793",679.2,"Simu1","DIC",50,"cliver",0.000647230364210311
"6794",679.3,"Simu1","DIC",50,"cliver",0.000627168798660848
"6795",679.4,"Simu1","DIC",50,"cliver",0.000608562120269949
"6796",679.5,"Simu1","DIC",50,"cliver",0.000590107834443649
"6797",679.6,"Simu1","DIC",50,"cliver",0.0005738146117815
"6798",679.7,"Simu1","DIC",50,"cliver",0.000557814390996247
"6799",679.8,"Simu1","DIC",50,"cliver",0.000542782589716088
"6800",679.9,"Simu1","DIC",50,"cliver",0.000528537104267115
"6801",680,"Simu1","DIC",50,"cliver",0.000592326540530645
"6802",680.1,"Simu1","DIC",50,"cliver",0.242793745609005
"6803",680.2,"Simu1","DIC",50,"cliver",1.49816249100534
"6804",680.3,"Simu1","DIC",50,"cliver",3.1490193389916
"6805",680.4,"Simu1","DIC",50,"cliver",4.82315580900977
"6806",680.5,"Simu1","DIC",50,"cliver",6.39151799862809
"6807",680.6,"Simu1","DIC",50,"cliver",7.81471064567285
"6808",680.7,"Simu1","DIC",50,"cliver",9.08582202182386
"6809",680.8,"Simu1","DIC",50,"cliver",10.2093881308507
"6810",680.9,"Simu1","DIC",50,"cliver",11.1936845775213
"6811",681,"Simu1","DIC",50,"cliver",12.0479168366801
"6812",681.1,"Simu1","DIC",50,"cliver",12.7812270879596
"6813",681.2,"Simu1","DIC",50,"cliver",13.4023344613305
"6814",681.3,"Simu1","DIC",50,"cliver",13.9194756883535
"6815",681.4,"Simu1","DIC",50,"cliver",14.3403024628689
"6816",681.5,"Simu1","DIC",50,"cliver",14.6720070651181
"6817",681.6,"Simu1","DIC",50,"cliver",14.9212901834374
"6818",681.7,"Simu1","DIC",50,"cliver",15.0944053768244
"6819",681.8,"Simu1","DIC",50,"cliver",15.1971610744724
"6820",681.9,"Simu1","DIC",50,"cliver",15.2349784551908
"6821",682,"Simu1","DIC",50,"cliver",15.2129124984775
"6822",682.1,"Simu1","DIC",50,"cliver",15.1356682728248
"6823",682.2,"Simu1","DIC",50,"cliver",15.0076245897078
"6824",682.3,"Simu1","DIC",50,"cliver",14.8328581451911
"6825",682.4,"Simu1","DIC",50,"cliver",14.6151625705308
"6826",682.5,"Simu1","DIC",50,"cliver",14.3580683950247
"6827",682.6,"Simu1","DIC",50,"cliver",14.0648617182822
"6828",682.7,"Simu1","DIC",50,"cliver",13.738597738431
"6829",682.8,"Simu1","DIC",50,"cliver",13.3821146578993
"6830",682.9,"Simu1","DIC",50,"cliver",12.9980493262578
"6831",683,"Simu1","DIC",50,"cliver",12.5888520272134
"6832",683.1,"Simu1","DIC",50,"cliver",12.1567989303933
"6833",683.2,"Simu1","DIC",50,"cliver",11.7040030599877
"6834",683.3,"Simu1","DIC",50,"cliver",11.2324249786609
"6835",683.4,"Simu1","DIC",50,"cliver",10.7438833162687
"6836",683.5,"Simu1","DIC",50,"cliver",10.2400646379971
"6837",683.6,"Simu1","DIC",50,"cliver",9.72253242215378
"6838",683.7,"Simu1","DIC",50,"cliver",9.19273535682568
"6839",683.8,"Simu1","DIC",50,"cliver",8.65201520844392
"6840",683.9,"Simu1","DIC",50,"cliver",8.10161431064973
"6841",684,"Simu1","DIC",50,"cliver",7.54268261346981
"6842",684.1,"Simu1","DIC",50,"cliver",6.97628430413414
"6843",684.2,"Simu1","DIC",50,"cliver",6.40340409827974
"6844",684.3,"Simu1","DIC",50,"cliver",5.82495333112812
"6845",684.4,"Simu1","DIC",50,"cliver",5.24177598508617
"6846",684.5,"Simu1","DIC",50,"cliver",4.65465486718481
"6847",684.6,"Simu1","DIC",50,"cliver",4.06431836553426
"6848",684.7,"Simu1","DIC",50,"cliver",3.47144869858302
"6849",684.8,"Simu1","DIC",50,"cliver",2.87669377899118
"6850",684.9,"Simu1","DIC",50,"cliver",2.28068840046913
"6851",685,"Simu1","DIC",50,"cliver",1.68409735873617
"6852",685.1,"Simu1","DIC",50,"cliver",1.08776265552779
"6853",685.2,"Simu1","DIC",50,"cliver",0.493457272202687
"6854",685.3,"Simu1","DIC",50,"cliver",0.00142626629464684
"6855",685.4,"Simu1","DIC",50,"cliver",0.0013534121501003
"6856",685.5,"Simu1","DIC",50,"cliver",0.00128614177805863
"6857",685.6,"Simu1","DIC",50,"cliver",0.00122391882483161
"6858",685.7,"Simu1","DIC",50,"cliver",0.00116627132146702
"6859",685.8,"Simu1","DIC",50,"cliver",0.00111277847758366
"6860",685.9,"Simu1","DIC",50,"cliver",0.0010630711416979
"6861",686,"Simu1","DIC",50,"cliver",0.00101681731155063
"6862",686.1,"Simu1","DIC",50,"cliver",0.000973721690695005
"6863",686.2,"Simu1","DIC",50,"cliver",0.000933520878614634
"6864",686.3,"Simu1","DIC",50,"cliver",0.000895974927646759
"6865",686.4,"Simu1","DIC",50,"cliver",0.000860871922624682
"6866",686.5,"Simu1","DIC",50,"cliver",0.000828014552470985
"6867",686.6,"Simu1","DIC",50,"cliver",0.000797234446300764
"6868",686.7,"Simu1","DIC",50,"cliver",0.000768360537690179
"6869",686.8,"Simu1","DIC",50,"cliver",0.000741270132340247
"6870",686.9,"Simu1","DIC",50,"cliver",0.00071580208578089
"6871",687,"Simu1","DIC",50,"cliver",0.000691879828826439
"6872",687.1,"Simu1","DIC",50,"cliver",0.000669320098233589
"6873",687.2,"Simu1","DIC",50,"cliver",0.000648151034850163
"6874",687.3,"Simu1","DIC",50,"cliver",0.000628079898356211
"6875",687.4,"Simu1","DIC",50,"cliver",0.000609465015970541
"6876",687.5,"Simu1","DIC",50,"cliver",0.00059100912007583
"6877",687.6,"Simu1","DIC",50,"cliver",0.000574699088777378
"6878",687.7,"Simu1","DIC",50,"cliver",0.000558696716876759
"6879",687.8,"Simu1","DIC",50,"cliver",0.000543656133195012
"6880",687.9,"Simu1","DIC",50,"cliver",0.000529403598289058
"6881",688,"Simu1","DIC",50,"cliver",0.000593208979751318
"6882",688.1,"Simu1","DIC",50,"cliver",0.242847627539905
"6883",688.2,"Simu1","DIC",50,"cliver",1.49832894229862
"6884",688.3,"Simu1","DIC",50,"cliver",3.14929741048472
"6885",688.4,"Simu1","DIC",50,"cliver",4.82354388456038
"6886",688.5,"Simu1","DIC",50,"cliver",6.39201444342957
"6887",688.6,"Simu1","DIC",50,"cliver",7.81531385019156
"6888",688.7,"Simu1","DIC",50,"cliver",9.08653041043224
"6889",688.8,"Simu1","DIC",50,"cliver",10.2102001641014
"6890",688.9,"Simu1","DIC",50,"cliver",11.1945979688532
"6891",689,"Simu1","DIC",50,"cliver",12.0489319809189
"6892",689.1,"Simu1","DIC",50,"cliver",12.782339273305
"6893",689.2,"Simu1","DIC",50,"cliver",13.4035459148904
"6894",689.3,"Simu1","DIC",50,"cliver",13.9207673305381
"6895",689.4,"Simu1","DIC",50,"cliver",14.3416891930942
"6896",689.5,"Simu1","DIC",50,"cliver",14.6734950076044
"6897",689.6,"Simu1","DIC",50,"cliver",14.9228749802861
"6898",689.7,"Simu1","DIC",50,"cliver",15.0960735375952
"6899",689.8,"Simu1","DIC",50,"cliver",15.1989214607755
"6900",689.9,"Simu1","DIC",50,"cliver",15.2368343670608
"6901",690,"Simu1","DIC",50,"cliver",15.2148570893875
"6902",690.1,"Simu1","DIC",50,"cliver",15.1376981998257
"6903",690.2,"Simu1","DIC",50,"cliver",15.0097398396335
"6904",690.3,"Simu1","DIC",50,"cliver",14.8350589964721
"6905",690.4,"Simu1","DIC",50,"cliver",14.6174495956577
"6906",690.5,"Simu1","DIC",50,"cliver",14.3604416707994
"6907",690.6,"Simu1","DIC",50,"cliver",14.0673180993192
"6908",690.7,"Simu1","DIC",50,"cliver",13.7411333641106
"6909",690.8,"Simu1","DIC",50,"cliver",13.3847282124467
"6910",690.9,"Simu1","DIC",50,"cliver",13.00074132107
"6911",691,"Simu1","DIC",50,"cliver",12.5916224847564
"6912",691.1,"Simu1","DIC",50,"cliver",12.1596467109109
"6913",691.2,"Simu1","DIC",50,"cliver",11.7069267681851
"6914",691.3,"Simu1","DIC",50,"cliver",11.2354237028517
"6915",691.4,"Simu1","DIC",50,"cliver",10.7469564861924
"6916",691.5,"Simu1","DIC",50,"cliver",10.2432115941479
"6917",691.6,"Simu1","DIC",50,"cliver",9.72575231048706
"6918",691.7,"Simu1","DIC",50,"cliver",9.19602730448227
"6919",691.8,"Simu1","DIC",50,"cliver",8.65537844976735
"6920",691.9,"Simu1","DIC",50,"cliver",8.10504814818064
"6921",692,"Simu1","DIC",50,"cliver",7.54618633641914
"6922",692.1,"Simu1","DIC",50,"cliver",6.97985717138893
"6923",692.2,"Simu1","DIC",50,"cliver",6.40704536969081
"6924",692.3,"Simu1","DIC",50,"cliver",5.82866228444989
"6925",692.4,"Simu1","DIC",50,"cliver",5.2455518998237
"6926",692.5,"Simu1","DIC",50,"cliver",4.65849699795672
"6927",692.6,"Simu1","DIC",50,"cliver",4.06822592019496
"6928",692.7,"Simu1","DIC",50,"cliver",3.47542080795481
"6929",692.8,"Simu1","DIC",50,"cliver",2.88072942493517
"6930",692.9,"Simu1","DIC",50,"cliver",2.28478623311194
"6931",693,"Simu1","DIC",50,"cliver",1.68825605768892
"6932",693.1,"Simu1","DIC",50,"cliver",1.0919789633895
"6933",693.2,"Simu1","DIC",50,"cliver",0.497706677818231
"6934",693.3,"Simu1","DIC",50,"cliver",0.00142753018335819
"6935",693.4,"Simu1","DIC",50,"cliver",0.00135461479295953
"6936",693.5,"Simu1","DIC",50,"cliver",0.00128731566987981
"6937",693.6,"Simu1","DIC",50,"cliver",0.00122506595667515
"6938",693.7,"Simu1","DIC",50,"cliver",0.00116739374043782
"6939",693.8,"Simu1","DIC",50,"cliver",0.00111387811020147
"6940",693.9,"Simu1","DIC",50,"cliver",0.00106414951373067
"6941",694,"Simu1","DIC",50,"cliver",0.00101787592494251
"6942",694.1,"Simu1","DIC",50,"cliver",0.000974761890379423
"6943",694.2,"Simu1","DIC",50,"cliver",0.000934543881809913
"6944",694.3,"Simu1","DIC",50,"cliver",0.000896981869666388
"6945",694.4,"Simu1","DIC",50,"cliver",0.000861863806033392
"6946",694.5,"Simu1","DIC",50,"cliver",0.000828992328353719
"6947",694.6,"Simu1","DIC",50,"cliver",0.00079819894045126
"6948",694.7,"Simu1","DIC",50,"cliver",0.000769312669582465
"6949",694.8,"Simu1","DIC",50,"cliver",0.000742210218704958
"6950",694.9,"Simu1","DIC",50,"cliver",0.00071673138720048
"6951",695,"Simu1","DIC",50,"cliver",0.000692798195475596
"6952",695.1,"Simu1","DIC",50,"cliver",0.000670229420881332
"6953",695.2,"Simu1","DIC",50,"cliver",0.000649049397154476
"6954",695.3,"Simu1","DIC",50,"cliver",0.000628969019289148
"6955",695.4,"Simu1","DIC",50,"cliver",0.000610344767289073
"6956",695.5,"Simu1","DIC",50,"cliver",0.00059189765950175
"6957",695.6,"Simu1","DIC",50,"cliver",0.000575559905107232
"6958",695.7,"Simu1","DIC",50,"cliver",0.000559559671355265
"6959",695.8,"Simu1","DIC",50,"cliver",0.0005445073427616
"6960",695.9,"Simu1","DIC",50,"cliver",0.000530253841866999
"6961",696,"Simu1","DIC",50,"cliver",0.000594070307689152
"6962",696.1,"Simu1","DIC",50,"cliver",0.242900205438667
"6963",696.2,"Simu1","DIC",50,"cliver",1.49849134347879
"6964",696.3,"Simu1","DIC",50,"cliver",3.14956870439553
"6965",696.4,"Simu1","DIC",50,"cliver",4.82392249443835
"6966",696.5,"Simu1","DIC",50,"cliver",6.39249877594526
"6967",696.6,"Simu1","DIC",50,"cliver",7.81590233713819
"6968",696.7,"Simu1","DIC",50,"cliver",9.08722151668814
"6969",696.8,"Simu1","DIC",50,"cliver",10.2109923897046
"6970",696.9,"Simu1","DIC",50,"cliver",11.1954908394409
"6971",697,"Simu1","DIC",50,"cliver",12.0499219763469
"6972",697.1,"Simu1","DIC",50,"cliver",12.7834265054508
"6973",697.2,"Simu1","DIC",50,"cliver",13.404728260911
"6974",697.3,"Simu1","DIC",50,"cliver",13.9220459814614
"6975",697.4,"Simu1","DIC",50,"cliver",14.3430574719359
"6976",697.5,"Simu1","DIC",50,"cliver",14.6749461512136
"6977",697.6,"Simu1","DIC",50,"cliver",14.9244191776187
"6978",697.7,"Simu1","DIC",50,"cliver",15.0977116988834
"6979",697.8,"Simu1","DIC",50,"cliver",15.2006458660789
"6980",697.9,"Simu1","DIC",50,"cliver",15.2386405959391
"6981",698,"Simu1","DIC",50,"cliver",15.2167488384844
"6982",698.1,"Simu1","DIC",50,"cliver",15.1396751652715
"6983",698.2,"Simu1","DIC",50,"cliver",15.0117999868841
"6984",698.3,"Simu1","DIC",50,"cliver",14.837202073393
"6985",698.4,"Simu1","DIC",50,"cliver",14.6196757088732
"6986",698.5,"Simu1","DIC",50,"cliver",14.3627507364957
"6987",698.6,"Simu1","DIC",50,"cliver",14.0697107782958
"6988",698.7,"Simu1","DIC",50,"cliver",13.7436092836113
"6989",698.8,"Simu1","DIC",50,"cliver",13.3872835619493
"6990",698.9,"Simu1","DIC",50,"cliver",13.00337192
"6991",699,"Simu1","DIC",50,"cliver",12.5943270211639
"6992",699.1,"Simu1","DIC",50,"cliver",12.1624259031401
"6993",699.2,"Simu1","DIC",50,"cliver",11.7097807981849
"6994",699.3,"Simu1","DIC",50,"cliver",11.2383514679261
"6995",699.4,"Simu1","DIC",50,"cliver",10.7499566067503
"6996",699.5,"Simu1","DIC",50,"cliver",10.2462832265392
"6997",699.6,"Simu1","DIC",50,"cliver",9.7288949748014
"6998",699.7,"Simu1","DIC",50,"cliver",9.19924040437584
"6999",699.8,"Simu1","DIC",50,"cliver",8.65866116801248
"7000",699.9,"Simu1","DIC",50,"cliver",8.10839965071611
"7001",700,"Simu1","DIC",50,"cliver",7.54960590760124
"7002",700.1,"Simu1","DIC",50,"cliver",6.98334416185508
"7003",700.2,"Simu1","DIC",50,"cliver",6.41059910244756
"7004",700.3,"Simu1","DIC",50,"cliver",5.83228203772981
"7005",700.4,"Simu1","DIC",50,"cliver",5.24923694239051
"7006",700.5,"Simu1","DIC",50,"cliver",4.66224660024327
"7007",700.6,"Simu1","DIC",50,"cliver",4.07203932065068
"7008",700.7,"Simu1","DIC",50,"cliver",3.47929715456008
"7009",700.8,"Simu1","DIC",50,"cliver",2.8846676860882
"7010",700.9,"Simu1","DIC",50,"cliver",2.28878499043973
"7011",701,"Simu1","DIC",50,"cliver",1.69231325570118
"7012",701.1,"Simu1","DIC",50,"cliver",1.09608716308295
"7013",701.2,"Simu1","DIC",50,"cliver",0.501849918294075
"7014",701.3,"Simu1","DIC",50,"cliver",0.0014287683269315
"7015",701.4,"Simu1","DIC",50,"cliver",0.00135578907308256
"7016",701.5,"Simu1","DIC",50,"cliver",0.00128846140805396
"7017",701.6,"Simu1","DIC",50,"cliver",0.00122618559270202
"7018",701.7,"Simu1","DIC",50,"cliver",0.00116848926238812
"7019",701.8,"Simu1","DIC",50,"cliver",0.00111495134070143
"7020",701.9,"Simu1","DIC",50,"cliver",0.00106520203860597
"7021",702,"Simu1","DIC",50,"cliver",0.00101890919303791
"7022",702.1,"Simu1","DIC",50,"cliver",0.000975777204614124
"7023",702.2,"Simu1","DIC",50,"cliver",0.000935542432783465
"7024",702.3,"Simu1","DIC",50,"cliver",0.000897964740629344
"7025",702.4,"Simu1","DIC",50,"cliver",0.00086283199456467
"7026",702.5,"Simu1","DIC",50,"cliver",0.000829946735568053
"7027",702.6,"Simu1","DIC",50,"cliver",0.000799140411913096
"7028",702.7,"Simu1","DIC",50,"cliver",0.000770241942757317
"7029",702.8,"Simu1","DIC",50,"cliver",0.000743128044245917
"7030",702.9,"Simu1","DIC",50,"cliver",0.000717638352824254
"7031",703,"Simu1","DIC",50,"cliver",0.000693695010950471
"7032",703.1,"Simu1","DIC",50,"cliver",0.000671116440869739
"7033",703.2,"Simu1","DIC",50,"cliver",0.000649927504248419
"7034",703.3,"Simu1","DIC",50,"cliver",0.00062983812400126
"7035",703.4,"Simu1","DIC",50,"cliver",0.000611206894338659
"7036",703.5,"Simu1","DIC",50,"cliver",0.000592748304327931
"7037",703.6,"Simu1","DIC",50,"cliver",0.000576406729685476
"7038",703.7,"Simu1","DIC",50,"cliver",0.000560398150389862
"7039",703.8,"Simu1","DIC",50,"cliver",0.00054533971433249
"7040",703.9,"Simu1","DIC",50,"cliver",0.000531079527953679
"7041",704,"Simu1","DIC",50,"cliver",0.000594912177387416
"7042",704.1,"Simu1","DIC",50,"cliver",0.24295169170808
"7043",704.2,"Simu1","DIC",50,"cliver",1.49865045939601
"7044",704.3,"Simu1","DIC",50,"cliver",3.14983457814276
"7045",704.4,"Simu1","DIC",50,"cliver",4.82429357588674
"7046",704.5,"Simu1","DIC",50,"cliver",6.39297348295065
"7047",704.6,"Simu1","DIC",50,"cliver",7.81647910796103
"7048",704.7,"Simu1","DIC",50,"cliver",9.08789882173944
"7049",704.8,"Simu1","DIC",50,"cliver",10.211768734871
"7050",704.9,"Simu1","DIC",50,"cliver",11.1963643809053
"7051",705,"Simu1","DIC",50,"cliver",12.0508917822772
"7052",705.1,"Simu1","DIC",50,"cliver",12.7844928034298
"7053",705.2,"Simu1","DIC",50,"cliver",13.4058869581445
"7054",705.3,"Simu1","DIC",50,"cliver",13.9233171744321
"7055",705.4,"Simu1","DIC",50,"cliver",14.3444214902193
"7056",705.5,"Simu1","DIC",50,"cliver",14.6764053854943
"7057",705.6,"Simu1","DIC",50,"cliver",14.9259575307578
"7058",705.7,"Simu1","DIC",50,"cliver",15.0993278184131
"7059",705.8,"Simu1","DIC",50,"cliver",15.2023485480971
"7060",705.9,"Simu1","DIC",50,"cliver",15.2404340738959
"7061",706,"Simu1","DIC",50,"cliver",15.218625602915
"7062",706.1,"Simu1","DIC",50,"cliver",15.141632823333
"7063",706.2,"Simu1","DIC",50,"cliver",15.0138389982266
"7064",706.3,"Simu1","DIC",50,"cliver",14.8393211135256
"7065",706.4,"Simu1","DIC",50,"cliver",14.6218727623439
"7066",706.5,"Simu1","DIC",50,"cliver",14.3650238710346
"7067",706.6,"Simu1","DIC",50,"cliver",14.0720573973354
"7068",706.7,"Simu1","DIC",50,"cliver",13.7460278311341
"7069",706.8,"Simu1","DIC",50,"cliver",13.3897760065124
"7070",706.9,"Simu1","DIC",50,"cliver",13.0059407210021
"7071",707,"Simu1","DIC",50,"cliver",12.5969718229145
"7072",707.1,"Simu1","DIC",50,"cliver",12.1651443192252
"7073",707.2,"Simu1","DIC",50,"cliver",11.7125709892654
"7074",707.3,"Simu1","DIC",50,"cliver",11.2412129217894
"7075",707.4,"Simu1","DIC",50,"cliver",10.7528891372521
"7076",707.5,"Simu1","DIC",50,"cliver",10.2492861462562
"7077",707.6,"Simu1","DIC",50,"cliver",9.73196725639161
"7078",707.7,"Simu1","DIC",50,"cliver",9.20238116167903
"7079",707.8,"Simu1","DIC",50,"cliver",8.66186976387371
"7080",707.9,"Simu1","DIC",50,"cliver",8.11167549084359
"7081",708,"Simu1","DIC",50,"cliver",7.55294829906989
"7082",708.1,"Simu1","DIC",50,"cliver",6.98675235900454
"7083",708.2,"Simu1","DIC",50,"cliver",6.41407239508961
"7084",708.3,"Simu1","DIC",50,"cliver",5.83581975985231
"7085",708.4,"Simu1","DIC",50,"cliver",5.25283842247985
"7086",708.5,"Simu1","DIC",50,"cliver",4.66591112642241
"7087",708.6,"Simu1","DIC",50,"cliver",4.07576613422777
"7088",708.7,"Simu1","DIC",50,"cliver",3.48308543457709
"7089",708.8,"Simu1","DIC",50,"cliver",2.88851648745274
"7090",708.9,"Simu1","DIC",50,"cliver",2.2926931001249
"7091",709,"Simu1","DIC",50,"cliver",1.69627872016969
"7092",709.1,"Simu1","DIC",50,"cliver",1.10010787539775
"7093",709.2,"Simu1","DIC",50,"cliver",0.505902858052066
"7094",709.3,"Simu1","DIC",50,"cliver",0.00143000614771959
"7095",709.4,"Simu1","DIC",50,"cliver",0.00135693603198098
"7096",709.5,"Simu1","DIC",50,"cliver",0.00128958071597465
"7097",709.6,"Simu1","DIC",50,"cliver",0.00122727944035005
"7098",709.7,"Simu1","DIC",50,"cliver",0.00116955958151308
"7099",709.8,"Simu1","DIC",50,"cliver",0.00111599974863456
"7100",709.9,"Simu1","DIC",50,"cliver",0.00106623021094269
"7101",710,"Simu1","DIC",50,"cliver",0.00101991852659088
"7102",710.1,"Simu1","DIC",50,"cliver",0.000976768986952693
"7103",710.2,"Simu1","DIC",50,"cliver",0.000936517835379651
"7104",710.3,"Simu1","DIC",50,"cliver",0.00089892480745628
"7105",710.4,"Simu1","DIC",50,"cliver",0.000863777705833424
"7106",710.5,"Simu1","DIC",50,"cliver",0.000830878962161263
"7107",710.6,"Simu1","DIC",50,"cliver",0.000800059991354231
"7108",710.7,"Simu1","DIC",50,"cliver",0.000771149507931662
"7109",710.8,"Simu1","DIC",50,"cliver",0.000744024639259635
"7110",710.9,"Simu1","DIC",50,"cliver",0.000718524086465893
"7111",711,"Simu1","DIC",50,"cliver",0.000694571170574444
"7112",711.1,"Simu1","DIC",50,"cliver",0.000671982344047916
"7113",711.2,"Simu1","DIC",50,"cliver",0.000650785955480584
"7114",711.3,"Simu1","DIC",50,"cliver",0.000630688201637367
"7115",711.4,"Simu1","DIC",50,"cliver",0.000612050514339723
"7116",711.5,"Simu1","DIC",50,"cliver",0.000593567300410689
"7117",711.6,"Simu1","DIC",50,"cliver",0.000577238843727303
"7118",711.7,"Simu1","DIC",50,"cliver",0.000561213411189457
"7119",711.8,"Simu1","DIC",50,"cliver",0.000546152469838721
"7120",711.9,"Simu1","DIC",50,"cliver",0.000531880604483295
"7121",712,"Simu1","DIC",50,"cliver",0.000595732696224125
"7122",712.1,"Simu1","DIC",50,"cliver",0.243001655235826
"7123",712.2,"Simu1","DIC",50,"cliver",1.49880468911253
"7124",712.3,"Simu1","DIC",50,"cliver",3.15009216498663
"7125",712.4,"Simu1","DIC",50,"cliver",4.82465302941024
"7126",712.5,"Simu1","DIC",50,"cliver",6.39343330683634
"7127",712.6,"Simu1","DIC",50,"cliver",7.81703783238185
"7128",712.7,"Simu1","DIC",50,"cliver",9.08855500830808
"7129",712.8,"Simu1","DIC",50,"cliver",10.2125209775985
"7130",712.9,"Simu1","DIC",50,"cliver",11.1972117293164
"7131",713,"Simu1","DIC",50,"cliver",12.0518322875385
"7132",713.1,"Simu1","DIC",50,"cliver",12.7855250137244
"7133",713.2,"Simu1","DIC",50,"cliver",13.4070099352436
"7134",713.3,"Simu1","DIC",50,"cliver",13.9245074667746
"7135",713.4,"Simu1","DIC",50,"cliver",14.345699403068
"7136",713.5,"Simu1","DIC",50,"cliver",14.6777716836713
"7137",713.6,"Simu1","DIC",50,"cliver",14.927413208468
"7138",713.7,"Simu1","DIC",50,"cliver",15.1008774003767
"7139",713.8,"Simu1","DIC",50,"cliver",15.2039785311981
"7140",713.9,"Simu1","DIC",50,"cliver",15.2421383278447
"7141",714,"Simu1","DIC",50,"cliver",15.2204029353462
"7142",714.1,"Simu1","DIC",50,"cliver",15.1434795156792
"7143",714.2,"Simu1","DIC",50,"cliver",15.0157664604065
"7144",714.3,"Simu1","DIC",50,"cliver",14.8413402608794
"7145",714.4,"Simu1","DIC",50,"cliver",14.6239788094598
"7146",714.5,"Simu1","DIC",50,"cliver",14.3672094123049
"7147",714.6,"Simu1","DIC",50,"cliver",14.074320773544
"7148",714.7,"Simu1","DIC",50,"cliver",13.7483700347281
"7149",714.8,"Simu1","DIC",50,"cliver",13.3921964605455
"7150",714.9,"Simu1","DIC",50,"cliver",13.0084377635657
"7151",715,"Simu1","DIC",50,"cliver",12.5995438450132
"7152",715.1,"Simu1","DIC",50,"cliver",12.1677903110815
"7153",715.2,"Simu1","DIC",50,"cliver",11.7152899847532
"7154",715.3,"Simu1","DIC",50,"cliver",11.2440038909831
"7155",715.4,"Simu1","DIC",50,"cliver",10.7557497754968
"7156",715.5,"Simu1","DIC",50,"cliver",10.2522140501236
"7157",715.6,"Simu1","DIC",50,"cliver",9.73496134980536
"7158",715.7,"Simu1","DIC",50,"cliver",9.20544152928586
"7159",715.8,"Simu1","DIC",50,"cliver",8.66499637394123
"7160",715.9,"Simu1","DIC",50,"cliver",8.11486763785072
"7161",716,"Simu1","DIC",50,"cliver",7.55620502278942
"7162",716.1,"Simu1","DIC",50,"cliver",6.99007291867651
"7163",716.2,"Simu1","DIC",50,"cliver",6.41745626295656
"7164",716.3,"Simu1","DIC",50,"cliver",5.83926637887153
"7165",716.4,"Simu1","DIC",50,"cliver",5.25634710542061
"7166",716.5,"Simu1","DIC",50,"cliver",4.66948112757509
"7167",716.6,"Simu1","DIC",50,"cliver",4.07939671012507
"7168",716.7,"Simu1","DIC",50,"cliver",3.48677579004589
"7169",716.8,"Simu1","DIC",50,"cliver",2.89226562155961
"7170",716.9,"Simu1","DIC",50,"cliver",2.29649936669418
"7171",717,"Simu1","DIC",50,"cliver",1.7001401716726
"7172",717.1,"Simu1","DIC",50,"cliver",1.10402044825389
"7173",717.2,"Simu1","DIC",50,"cliver",0.509848239462382
"7174",717.3,"Simu1","DIC",50,"cliver",0.00143125744137822
"7175",717.4,"Simu1","DIC",50,"cliver",0.00135805425029679
"7176",717.5,"Simu1","DIC",50,"cliver",0.00129067158991087
"7177",717.6,"Simu1","DIC",50,"cliver",0.00122834569461132
"7178",717.7,"Simu1","DIC",50,"cliver",0.00117060313939834
"7179",717.8,"Simu1","DIC",50,"cliver",0.00111702156833622
"7180",717.9,"Simu1","DIC",50,"cliver",0.00106723247294838
"7181",718,"Simu1","DIC",50,"cliver",0.00102090249044583
"7182",718.1,"Simu1","DIC",50,"cliver",0.000977735952400941
"7183",718.2,"Simu1","DIC",50,"cliver",0.000937468915715346
"7184",718.3,"Simu1","DIC",50,"cliver",0.000899860981723536
"7185",718.4,"Simu1","DIC",50,"cliver",0.000864699884373523
"7186",718.5,"Simu1","DIC",50,"cliver",0.00083178807437561
"7187",718.6,"Simu1","DIC",50,"cliver",0.000800956682948165
"7188",718.7,"Simu1","DIC",50,"cliver",0.000772034205893633
"7189",718.8,"Simu1","DIC",50,"cliver",0.000744899735071551
"7190",718.9,"Simu1","DIC",50,"cliver",0.000719387621143344
"7191",719,"Simu1","DIC",50,"cliver",0.000695426743686893
"7192",719.1,"Simu1","DIC",50,"cliver",0.000672825208304498
"7193",719.2,"Simu1","DIC",50,"cliver",0.000651626518943505
"7194",719.3,"Simu1","DIC",50,"cliver",0.000631531690678639
"7195",719.4,"Simu1","DIC",50,"cliver",0.000612871281976312
"7196",719.5,"Simu1","DIC",50,"cliver",0.000594306646123463
"7197",719.6,"Simu1","DIC",50,"cliver",0.000578135510074873
"7198",719.7,"Simu1","DIC",50,"cliver",0.000561960248044231
"7199",719.8,"Simu1","DIC",50,"cliver",0.000546943216033303
"7200",719.9,"Simu1","DIC",50,"cliver",0.000532713221897553
"7201",720,"Simu1","DIC",50,"cliver",0.000596534848529614
