"","time","Simulation","Chemical","dose","variable","value"
"1",0,"Simu1","DIC",50,"cliver",0
"2",0.1,"Simu1","DIC",50,"cliver",0.210457207428875
"3",0.2,"Simu1","DIC",50,"cliver",1.41635735149005
"4",0.3,"Simu1","DIC",50,"cliver",2.9848847018299
"5",0.4,"Simu1","DIC",50,"cliver",4.51950698453454
"6",0.5,"Simu1","DIC",50,"cliver",5.89032193725516
"7",0.6,"Simu1","DIC",50,"cliver",7.06480392154801
"8",0.7,"Simu1","DIC",50,"cliver",8.0448194219824
"9",0.8,"Simu1","DIC",50,"cliver",8.84355367875849
"10",0.9,"Simu1","DIC",50,"cliver",9.47714585863058
"11",1,"Simu1","DIC",50,"cliver",9.9617270927948
"12",1.1,"Simu1","DIC",50,"cliver",10.3124342045971
"13",1.2,"Simu1","DIC",50,"cliver",10.5431417377586
"14",1.3,"Simu1","DIC",50,"cliver",10.6664488293886
"15",1.4,"Simu1","DIC",50,"cliver",10.6937516383744
"16",1.5,"Simu1","DIC",50,"cliver",10.6353399605922
"17",1.6,"Simu1","DIC",50,"cliver",10.5004964059439
"18",1.7,"Simu1","DIC",50,"cliver",10.2975902422119
"19",1.8,"Simu1","DIC",50,"cliver",10.0341638091837
"20",1.9,"Simu1","DIC",50,"cliver",9.71701201414806
"21",2,"Simu1","DIC",50,"cliver",9.35225379661326
"22",2.1,"Simu1","DIC",50,"cliver",8.94539716655372
"23",2.2,"Simu1","DIC",50,"cliver",8.50139788287577
"24",2.3,"Simu1","DIC",50,"cliver",8.02471354098225
"25",2.4,"Simu1","DIC",50,"cliver",7.51935217079106
"26",2.5,"Simu1","DIC",50,"cliver",6.98891580722447
"27",2.6,"Simu1","DIC",50,"cliver",6.43664021317396
"28",2.7,"Simu1","DIC",50,"cliver",5.86543138084287
"29",2.8,"Simu1","DIC",50,"cliver",5.27789900362361
"30",2.9,"Simu1","DIC",50,"cliver",4.67638733338267
"31",3,"Simu1","DIC",50,"cliver",4.06300426405014
"32",3.1,"Simu1","DIC",50,"cliver",3.43965025230921
"33",3.2,"Simu1","DIC",50,"cliver",2.80805035005345
"34",3.3,"Simu1","DIC",50,"cliver",2.16979843498294
"35",3.4,"Simu1","DIC",50,"cliver",1.52643263205384
"36",3.5,"Simu1","DIC",50,"cliver",0.879731600402822
"37",3.6,"Simu1","DIC",50,"cliver",0.233972462862595
"38",3.7,"Simu1","DIC",50,"cliver",0.000851010343833612
"39",3.8,"Simu1","DIC",50,"cliver",0.000773619068935906
"40",3.9,"Simu1","DIC",50,"cliver",0.000704734068632519
"41",4,"Simu1","DIC",50,"cliver",0.000643238866969146
"42",4.1,"Simu1","DIC",50,"cliver",0.000588193634011418
"43",4.2,"Simu1","DIC",50,"cliver",0.000538809468040307
"44",4.3,"Simu1","DIC",50,"cliver",0.000494378302602032
"45",4.4,"Simu1","DIC",50,"cliver",0.000454346590201805
"46",4.5,"Simu1","DIC",50,"cliver",0.000418217252413845
"47",4.6,"Simu1","DIC",50,"cliver",0.000385510108138423
"48",4.7,"Simu1","DIC",50,"cliver",0.000355882463079221
"49",4.8,"Simu1","DIC",50,"cliver",0.000328998816593383
"50",4.9,"Simu1","DIC",50,"cliver",0.000304565657915938
"51",5,"Simu1","DIC",50,"cliver",0.000282327283647479
"52",5.1,"Simu1","DIC",50,"cliver",0.000262059815422858
"53",5.2,"Simu1","DIC",50,"cliver",0.000243565160383178
"54",5.3,"Simu1","DIC",50,"cliver",0.000226667008446864
"55",5.4,"Simu1","DIC",50,"cliver",0.000211208031956183
"56",5.5,"Simu1","DIC",50,"cliver",0.000197049575033253
"57",5.6,"Simu1","DIC",50,"cliver",0.000184066777325812
"58",5.7,"Simu1","DIC",50,"cliver",0.000172150747383506
"59",5.8,"Simu1","DIC",50,"cliver",0.000161198838221111
"60",5.9,"Simu1","DIC",50,"cliver",0.000151124435701367
"61",6,"Simu1","DIC",50,"cliver",0.000141846110604588
"62",6.1,"Simu1","DIC",50,"cliver",0.000133292832020883
"63",6.2,"Simu1","DIC",50,"cliver",0.000125398715871565
"64",6.3,"Simu1","DIC",50,"cliver",0.00011810631836368
"65",6.4,"Simu1","DIC",50,"cliver",0.000111361885648899
"66",6.5,"Simu1","DIC",50,"cliver",0.000105118800226998
"67",6.6,"Simu1","DIC",50,"cliver",9.93327249196918e-05
"68",6.7,"Simu1","DIC",50,"cliver",9.39660457621195e-05
"69",6.8,"Simu1","DIC",50,"cliver",8.89816893260733e-05
"70",6.9,"Simu1","DIC",50,"cliver",8.43496639347257e-05
"71",7,"Simu1","DIC",50,"cliver",8.00382036182454e-05
"72",7.1,"Simu1","DIC",50,"cliver",7.60242563260513e-05
"73",7.2,"Simu1","DIC",50,"cliver",7.22793150634626e-05
"74",7.3,"Simu1","DIC",50,"cliver",6.87874323395499e-05
"75",7.4,"Simu1","DIC",50,"cliver",6.55206613167348e-05
"76",7.5,"Simu1","DIC",50,"cliver",6.24718383464582e-05
"77",7.6,"Simu1","DIC",50,"cliver",5.96091754848418e-05
"78",7.7,"Simu1","DIC",50,"cliver",5.69390652045355e-05
"79",7.8,"Simu1","DIC",50,"cliver",5.44224179706266e-05
"80",7.9,"Simu1","DIC",50,"cliver",5.20668303317257e-05
"81",8,"Simu1","DIC",50,"cliver",0.000123291177525005
"82",8.1,"Simu1","DIC",50,"cliver",0.269000103379021
"83",8.2,"Simu1","DIC",50,"cliver",1.64347843615914
"84",8.3,"Simu1","DIC",50,"cliver",3.39379737277283
"85",8.4,"Simu1","DIC",50,"cliver",5.10209868319501
"86",8.5,"Simu1","DIC",50,"cliver",6.63209832756033
"87",8.6,"Simu1","DIC",50,"cliver",7.95005702868757
"88",8.7,"Simu1","DIC",50,"cliver",9.0584119043322
"89",8.8,"Simu1","DIC",50,"cliver",9.97147800295581
"90",8.9,"Simu1","DIC",50,"cliver",10.706642320529
"91",9,"Simu1","DIC",50,"cliver",11.2812473242017
"92",9.1,"Simu1","DIC",50,"cliver",11.7115560154187
"93",9.2,"Simu1","DIC",50,"cliver",12.0124724640907
"94",9.3,"Simu1","DIC",50,"cliver",12.1975304736404
"95",9.4,"Simu1","DIC",50,"cliver",12.2789723784082
"96",9.5,"Simu1","DIC",50,"cliver",12.2678531660005
"97",9.6,"Simu1","DIC",50,"cliver",12.1741467584332
"98",9.7,"Simu1","DIC",50,"cliver",12.0068468203595
"99",9.8,"Simu1","DIC",50,"cliver",11.774059674274
"100",9.9,"Simu1","DIC",50,"cliver",11.4830886795774
"101",10,"Simu1","DIC",50,"cliver",11.1405116030323
"102",10.1,"Simu1","DIC",50,"cliver",10.7522505211832
"103",10.2,"Simu1","DIC",50,"cliver",10.3236349537586
"104",10.3,"Simu1","DIC",50,"cliver",9.85945865694998
"105",10.4,"Simu1","DIC",50,"cliver",9.364031641398
"106",10.5,"Simu1","DIC",50,"cliver",8.84122739481201
"107",10.6,"Simu1","DIC",50,"cliver",8.29452569600384
"108",10.7,"Simu1","DIC",50,"cliver",7.72705092720538
"109",10.8,"Simu1","DIC",50,"cliver",7.14160694415764
"110",10.9,"Simu1","DIC",50,"cliver",6.54070899483913
"111",11,"Simu1","DIC",50,"cliver",5.92661291193702
"112",11.1,"Simu1","DIC",50,"cliver",5.30134186654333
"113",11.2,"Simu1","DIC",50,"cliver",4.6667112661215
"114",11.3,"Simu1","DIC",50,"cliver",4.02435274903039
"115",11.4,"Simu1","DIC",50,"cliver",3.37573895418889
"116",11.5,"Simu1","DIC",50,"cliver",2.72221295797042
"117",11.6,"Simu1","DIC",50,"cliver",2.06503204676308
"118",11.7,"Simu1","DIC",50,"cliver",1.40546600247932
"119",11.8,"Simu1","DIC",50,"cliver",0.74519003353213
"120",11.9,"Simu1","DIC",50,"cliver",0.0917282670252817
"121",12,"Simu1","DIC",50,"cliver",0.000759255040442614
"122",12.1,"Simu1","DIC",50,"cliver",0.000696347856080981
"123",12.2,"Simu1","DIC",50,"cliver",0.000639883718313436
"124",12.3,"Simu1","DIC",50,"cliver",0.000589074037144473
"125",12.4,"Simu1","DIC",50,"cliver",0.000543250794903698
"126",12.5,"Simu1","DIC",50,"cliver",0.000501837173987519
"127",12.6,"Simu1","DIC",50,"cliver",0.000464319377854251
"128",12.7,"Simu1","DIC",50,"cliver",0.000430290587375583
"129",12.8,"Simu1","DIC",50,"cliver",0.000399365397844577
"130",12.9,"Simu1","DIC",50,"cliver",0.000371199706453809
"131",13,"Simu1","DIC",50,"cliver",0.00034551677506037
"132",13.1,"Simu1","DIC",50,"cliver",0.000322069218354804
"133",13.2,"Simu1","DIC",50,"cliver",0.000300618714401057
"134",13.3,"Simu1","DIC",50,"cliver",0.000280990326559976
"135",13.4,"Simu1","DIC",50,"cliver",0.000262971161666705
"136",13.5,"Simu1","DIC",50,"cliver",0.000246450522551885
"137",13.6,"Simu1","DIC",50,"cliver",0.000231223168090018
"138",13.7,"Simu1","DIC",50,"cliver",0.000217272551582891
"139",13.8,"Simu1","DIC",50,"cliver",0.000204315448368134
"140",13.9,"Simu1","DIC",50,"cliver",0.000192531518456144
"141",14,"Simu1","DIC",50,"cliver",0.000181346904988869
"142",14.1,"Simu1","DIC",50,"cliver",0.000171322743685685
"143",14.2,"Simu1","DIC",50,"cliver",0.00016190587078802
"144",14.3,"Simu1","DIC",50,"cliver",0.000153212808418685
"145",14.4,"Simu1","DIC",50,"cliver",0.000145085644984805
"146",14.5,"Simu1","DIC",50,"cliver",0.000137603544589687
"147",14.6,"Simu1","DIC",50,"cliver",0.000130526233508702
"148",14.7,"Simu1","DIC",50,"cliver",0.000124172842913261
"149",14.8,"Simu1","DIC",50,"cliver",0.000117889569039654
"150",14.9,"Simu1","DIC",50,"cliver",0.000112701227202212
"151",15,"Simu1","DIC",50,"cliver",0.000107288027012766
"152",15.1,"Simu1","DIC",50,"cliver",0.000101774836685373
"153",15.2,"Simu1","DIC",50,"cliver",9.78957193419619e-05
"154",15.3,"Simu1","DIC",50,"cliver",9.323112420566e-05
"155",15.4,"Simu1","DIC",50,"cliver",8.91692223389628e-05
"156",15.5,"Simu1","DIC",50,"cliver",8.52627255380857e-05
"157",15.6,"Simu1","DIC",50,"cliver",8.20562923322275e-05
"158",15.7,"Simu1","DIC",50,"cliver",7.82089304588591e-05
"159",15.8,"Simu1","DIC",50,"cliver",7.53376397874018e-05
"160",15.9,"Simu1","DIC",50,"cliver",7.23882340859715e-05
"161",16,"Simu1","DIC",50,"cliver",0.000143579585609871
"162",16.1,"Simu1","DIC",50,"cliver",0.270472295392587
"163",16.2,"Simu1","DIC",50,"cliver",1.64794100015014
"164",16.3,"Simu1","DIC",50,"cliver",3.40115084405529
"165",16.4,"Simu1","DIC",50,"cliver",5.11223218440457
"166",16.5,"Simu1","DIC",50,"cliver",6.64490537739031
"167",16.6,"Simu1","DIC",50,"cliver",7.96543587614203
"168",16.7,"Simu1","DIC",50,"cliver",9.07626521864697
"169",16.8,"Simu1","DIC",50,"cliver",9.99171272229205
"170",16.9,"Simu1","DIC",50,"cliver",10.7291696079011
"171",17,"Simu1","DIC",50,"cliver",11.3059823075925
"172",17.1,"Simu1","DIC",50,"cliver",11.7384176734265
"173",17.2,"Simu1","DIC",50,"cliver",12.0413834058925
"174",17.3,"Simu1","DIC",50,"cliver",12.2284167425631
"175",17.4,"Simu1","DIC",50,"cliver",12.3117633368144
"176",17.5,"Simu1","DIC",50,"cliver",12.302481290607
"177",17.6,"Simu1","DIC",50,"cliver",12.210547560489
"178",17.7,"Simu1","DIC",50,"cliver",12.0449585454786
"179",17.8,"Simu1","DIC",50,"cliver",11.8138232499641
"180",17.9,"Simu1","DIC",50,"cliver",11.5244478904539
"181",18,"Simu1","DIC",50,"cliver",11.183412835173
"182",18.1,"Simu1","DIC",50,"cliver",10.7966418878487
"183",18.2,"Simu1","DIC",50,"cliver",10.3694664267199
"184",18.3,"Simu1","DIC",50,"cliver",9.90668267904278
"185",18.4,"Simu1","DIC",50,"cliver",9.41260311770181
"186",18.5,"Simu1","DIC",50,"cliver",8.89110321566646
"187",18.6,"Simu1","DIC",50,"cliver",8.34566421175071
"188",18.7,"Simu1","DIC",50,"cliver",7.77941193115982
"189",18.8,"Simu1","DIC",50,"cliver",7.19515181349564
"190",18.9,"Simu1","DIC",50,"cliver",6.59540064236969
"191",19,"Simu1","DIC",50,"cliver",5.98241554879523
"192",19.1,"Simu1","DIC",50,"cliver",5.3582207389804
"193",19.2,"Simu1","DIC",50,"cliver",4.72463240037225
"194",19.3,"Simu1","DIC",50,"cliver",4.08328255632137
"195",19.4,"Simu1","DIC",50,"cliver",3.43564342467601
"196",19.5,"Simu1","DIC",50,"cliver",2.78305586072722
"197",19.6,"Simu1","DIC",50,"cliver",2.12677212806484
"198",19.7,"Simu1","DIC",50,"cliver",1.46804105241602
"199",19.8,"Simu1","DIC",50,"cliver",0.808444512241916
"200",19.9,"Simu1","DIC",50,"cliver",0.153439320103555
"201",20,"Simu1","DIC",50,"cliver",0.000772598839539776
"202",20.1,"Simu1","DIC",50,"cliver",0.000709200052242609
"203",20.2,"Simu1","DIC",50,"cliver",0.000652288706109515
"204",20.3,"Simu1","DIC",50,"cliver",0.000601071868992954
"205",20.4,"Simu1","DIC",50,"cliver",0.000554872886573343
"206",20.5,"Simu1","DIC",50,"cliver",0.00051311587837979
"207",20.6,"Simu1","DIC",50,"cliver",0.000475282736029953
"208",20.7,"Simu1","DIC",50,"cliver",0.000440955444556292
"209",20.8,"Simu1","DIC",50,"cliver",0.000409759031297456
"210",20.9,"Simu1","DIC",50,"cliver",0.000381337144390701
"211",21,"Simu1","DIC",50,"cliver",0.000355421145034462
"212",21.1,"Simu1","DIC",50,"cliver",0.000331744816625687
"213",21.2,"Simu1","DIC",50,"cliver",0.000310095683848855
"214",21.3,"Simu1","DIC",50,"cliver",0.000290258534998801
"215",21.4,"Simu1","DIC",50,"cliver",0.00027207689034015
"216",21.5,"Simu1","DIC",50,"cliver",0.000255351644605886
"217",21.6,"Simu1","DIC",50,"cliver",0.000240000621479727
"218",21.7,"Simu1","DIC",50,"cliver",0.000225833770448089
"219",21.8,"Simu1","DIC",50,"cliver",0.000212828141019326
"220",21.9,"Simu1","DIC",50,"cliver",0.000200748028006567
"221",22,"Simu1","DIC",50,"cliver",0.000189699589401985
"222",22.1,"Simu1","DIC",50,"cliver",0.000179143165819094
"223",22.2,"Simu1","DIC",50,"cliver",0.000170132549999346
"224",22.3,"Simu1","DIC",50,"cliver",0.000160949079202923
"225",22.4,"Simu1","DIC",50,"cliver",0.000152724953473521
"226",22.5,"Simu1","DIC",50,"cliver",0.000145472153702477
"227",22.6,"Simu1","DIC",50,"cliver",0.000137896373256302
"228",22.7,"Simu1","DIC",50,"cliver",0.000131595112585458
"229",22.8,"Simu1","DIC",50,"cliver",0.00012564800705654
"230",22.9,"Simu1","DIC",50,"cliver",0.000119204991264118
"231",23,"Simu1","DIC",50,"cliver",0.000114535046742659
"232",23.1,"Simu1","DIC",50,"cliver",0.00010930237323339
"233",23.2,"Simu1","DIC",50,"cliver",0.000104599716513305
"234",23.3,"Simu1","DIC",50,"cliver",0.00010020923650045
"235",23.4,"Simu1","DIC",50,"cliver",9.60922866224851e-05
"236",23.5,"Simu1","DIC",50,"cliver",9.2227723663348e-05
"237",23.6,"Simu1","DIC",50,"cliver",8.85966070720461e-05
"238",23.7,"Simu1","DIC",50,"cliver",8.51815245185132e-05
"239",23.8,"Simu1","DIC",50,"cliver",8.19666073396635e-05
"240",23.9,"Simu1","DIC",50,"cliver",7.89371220210119e-05
"241",24,"Simu1","DIC",50,"cliver",0.000150254551659451
"242",24.1,"Simu1","DIC",50,"cliver",0.270962272858521
"243",24.2,"Simu1","DIC",50,"cliver",1.64944106535173
"244",24.3,"Simu1","DIC",50,"cliver",3.40364511118614
"245",24.4,"Simu1","DIC",50,"cliver",5.11570304578062
"246",24.5,"Simu1","DIC",50,"cliver",6.64933528215269
"247",24.6,"Simu1","DIC",50,"cliver",7.97080752876246
"248",24.7,"Simu1","DIC",50,"cliver",9.08256166405389
"249",24.8,"Simu1","DIC",50,"cliver",9.99891756456662
"250",24.9,"Simu1","DIC",50,"cliver",10.7372669510553
"251",25,"Simu1","DIC",50,"cliver",11.3149567948936
"252",25.1,"Simu1","DIC",50,"cliver",11.7482544241094
"253",25.2,"Simu1","DIC",50,"cliver",12.0520679930977
"254",25.3,"Simu1","DIC",50,"cliver",12.2399352791385
"255",25.4,"Simu1","DIC",50,"cliver",12.3241023098732
"256",25.5,"Simu1","DIC",50,"cliver",12.315627660015
"257",25.6,"Simu1","DIC",50,"cliver",12.2244886552492
"258",25.7,"Simu1","DIC",50,"cliver",12.0596822453187
"259",25.8,"Simu1","DIC",50,"cliver",11.8293176126267
"260",25.9,"Simu1","DIC",50,"cliver",11.5407011359446
"261",26,"Simu1","DIC",50,"cliver",11.2004137340385
"262",26.1,"Simu1","DIC",50,"cliver",10.8143801577198
"263",26.2,"Simu1","DIC",50,"cliver",10.387932083138
"264",26.3,"Simu1","DIC",50,"cliver",9.92586526320984
"265",26.4,"Simu1","DIC",50,"cliver",9.43249222032687
"266",26.5,"Simu1","DIC",50,"cliver",8.91168902160645
"267",26.6,"Simu1","DIC",50,"cliver",8.36693749142751
"268",26.7,"Simu1","DIC",50,"cliver",7.8013636950081
"269",26.8,"Simu1","DIC",50,"cliver",7.21777312120453
"270",26.9,"Simu1","DIC",50,"cliver",6.6186826590104
"271",27,"Simu1","DIC",50,"cliver",6.00634962485145
"272",27.1,"Simu1","DIC",50,"cliver",5.38279835595545
"273",27.2,"Simu1","DIC",50,"cliver",4.74984501345166
"274",27.3,"Simu1","DIC",50,"cliver",4.10912139678589
"275",27.4,"Simu1","DIC",50,"cliver",3.46209919743622
"276",27.5,"Simu1","DIC",50,"cliver",2.81011807291695
"277",27.6,"Simu1","DIC",50,"cliver",2.15442732375372
"278",27.7,"Simu1","DIC",50,"cliver",1.49626702407335
"279",27.8,"Simu1","DIC",50,"cliver",0.837181984517368
"280",27.9,"Simu1","DIC",50,"cliver",0.182017671632442
"281",28,"Simu1","DIC",50,"cliver",0.000780413374436146
"282",28.1,"Simu1","DIC",50,"cliver",0.000716800812112943
"283",28.2,"Simu1","DIC",50,"cliver",0.000659696764992376
"284",28.3,"Simu1","DIC",50,"cliver",0.000608305507502402
"285",28.4,"Simu1","DIC",50,"cliver",0.000561947608164196
"286",28.5,"Simu1","DIC",50,"cliver",0.000520045880446333
"287",28.6,"Simu1","DIC",50,"cliver",0.000482080976574968
"288",28.7,"Simu1","DIC",50,"cliver",0.000447631142990329
"289",28.8,"Simu1","DIC",50,"cliver",0.000416322989672494
"290",28.9,"Simu1","DIC",50,"cliver",0.000387797931187173
"291",29,"Simu1","DIC",50,"cliver",0.000361786950822579
"292",29.1,"Simu1","DIC",50,"cliver",0.000338020933272008
"293",29.2,"Simu1","DIC",50,"cliver",0.000316290999291173
"294",29.3,"Simu1","DIC",50,"cliver",0.000296374631567289
"295",29.4,"Simu1","DIC",50,"cliver",0.000278125963084224
"296",29.5,"Simu1","DIC",50,"cliver",0.00026132770098036
"297",29.6,"Simu1","DIC",50,"cliver",0.000245922225004899
"298",29.7,"Simu1","DIC",50,"cliver",0.000231683897524112
"299",29.8,"Simu1","DIC",50,"cliver",0.000218643083407183
"300",29.9,"Simu1","DIC",50,"cliver",0.000206478930688603
"301",30,"Simu1","DIC",50,"cliver",0.00019543572520382
"302",30.1,"Simu1","DIC",50,"cliver",0.000184756634235401
"303",30.2,"Simu1","DIC",50,"cliver",0.000175771201710067
"304",30.3,"Simu1","DIC",50,"cliver",0.000166544489622675
"305",30.4,"Simu1","DIC",50,"cliver",0.000158199611348366
"306",30.5,"Simu1","DIC",50,"cliver",0.000151041417045017
"307",30.6,"Simu1","DIC",50,"cliver",0.000143398562412696
"308",30.7,"Simu1","DIC",50,"cliver",0.000136927883824807
"309",30.8,"Simu1","DIC",50,"cliver",0.000130987675746913
"310",30.9,"Simu1","DIC",50,"cliver",0.00012471146849502
"311",31,"Simu1","DIC",50,"cliver",0.000119739581825181
"312",31.1,"Simu1","DIC",50,"cliver",0.000114720032451722
"313",31.2,"Simu1","DIC",50,"cliver",0.00010969740814234
"314",31.3,"Simu1","DIC",50,"cliver",0.000105683485899565
"315",31.4,"Simu1","DIC",50,"cliver",0.000101254995498641
"316",31.5,"Simu1","DIC",50,"cliver",9.729636991117e-05
"317",31.6,"Simu1","DIC",50,"cliver",9.37948786599895e-05
"318",31.7,"Simu1","DIC",50,"cliver",9.03342636183527e-05
"319",31.8,"Simu1","DIC",50,"cliver",8.71058192356759e-05
"320",31.9,"Simu1","DIC",50,"cliver",8.40563496366081e-05
"321",32,"Simu1","DIC",50,"cliver",0.000155496234595803
"322",32.1,"Simu1","DIC",50,"cliver",0.271347994973858
"323",32.2,"Simu1","DIC",50,"cliver",1.65062285699077
"324",32.3,"Simu1","DIC",50,"cliver",3.40561583486999
"325",32.4,"Simu1","DIC",50,"cliver",5.11845180677776
"326",32.5,"Simu1","DIC",50,"cliver",6.65285114602165
"327",32.6,"Simu1","DIC",50,"cliver",7.9750797859309
"328",32.7,"Simu1","DIC",50,"cliver",9.08757987887676
"329",32.8,"Simu1","DIC",50,"cliver",10.0046715863944
"330",32.9,"Simu1","DIC",50,"cliver",10.7437469126315
"331",33,"Simu1","DIC",50,"cliver",11.3221531065934
"332",33.1,"Simu1","DIC",50,"cliver",11.756157766748
"333",33.2,"Simu1","DIC",50,"cliver",12.0606693095246
"334",33.3,"Simu1","DIC",50,"cliver",12.2492257664945
"335",33.4,"Simu1","DIC",50,"cliver",12.3340734099926
"336",33.5,"Simu1","DIC",50,"cliver",12.3262710509645
"337",33.6,"Simu1","DIC",50,"cliver",12.2357962425479
"338",33.7,"Simu1","DIC",50,"cliver",12.0716461532542
"339",33.8,"Simu1","DIC",50,"cliver",11.8419301782604
"340",33.9,"Simu1","DIC",50,"cliver",11.5539548914364
"341",34,"Simu1","DIC",50,"cliver",11.2143014037187
"342",34.1,"Simu1","DIC",50,"cliver",10.8288946531882
"343",34.2,"Simu1","DIC",50,"cliver",10.4030664916921
"344",34.3,"Simu1","DIC",50,"cliver",9.94161284364015
"345",34.4,"Simu1","DIC",50,"cliver",9.4488463816464
"346",34.5,"Simu1","DIC",50,"cliver",8.92864331675667
"347",34.6,"Simu1","DIC",50,"cliver",8.38448560697758
"348",34.7,"Simu1","DIC",50,"cliver",7.81949943810367
"349",34.8,"Simu1","DIC",50,"cliver",7.23649040212318
"350",34.9,"Simu1","DIC",50,"cliver",6.63797546799992
"351",35,"Simu1","DIC",50,"cliver",6.02621200045718
"352",35.1,"Simu1","DIC",50,"cliver",5.40322433763342
"353",35.2,"Simu1","DIC",50,"cliver",4.77082856455557
"354",35.3,"Simu1","DIC",50,"cliver",4.1306562687791
"355",35.4,"Simu1","DIC",50,"cliver",3.48417866734423
"356",35.5,"Simu1","DIC",50,"cliver",2.83273437164391
"357",35.6,"Simu1","DIC",50,"cliver",2.17757016918948
"358",35.7,"Simu1","DIC",50,"cliver",1.51991927254999
"359",35.8,"Simu1","DIC",50,"cliver",0.861297336860952
"360",35.9,"Simu1","DIC",50,"cliver",0.206131039932645
"361",36,"Simu1","DIC",50,"cliver",0.0007872618126496
"362",36.1,"Simu1","DIC",50,"cliver",0.000723472306644384
"363",36.2,"Simu1","DIC",50,"cliver",0.00066620843070703
"364",36.3,"Simu1","DIC",50,"cliver",0.000614672831222108
"365",36.4,"Simu1","DIC",50,"cliver",0.000568183757623905
"366",36.5,"Simu1","DIC",50,"cliver",0.000526162756718165
"367",36.6,"Simu1","DIC",50,"cliver",0.000488089397129776
"368",36.7,"Simu1","DIC",50,"cliver",0.000453539218523506
"369",36.8,"Simu1","DIC",50,"cliver",0.000422139587686986
"370",36.9,"Simu1","DIC",50,"cliver",0.000393530355607411
"371",37,"Simu1","DIC",50,"cliver",0.000367441862962524
"372",37.1,"Simu1","DIC",50,"cliver",0.00034360319881382
"373",37.2,"Simu1","DIC",50,"cliver",0.00032180746529806
"374",37.3,"Simu1","DIC",50,"cliver",0.000301827543463652
"375",37.4,"Simu1","DIC",50,"cliver",0.000283524002622364
"376",37.5,"Simu1","DIC",50,"cliver",0.000266668251079601
"377",37.6,"Simu1","DIC",50,"cliver",0.000251217465965432
"378",37.7,"Simu1","DIC",50,"cliver",0.000236924326384251
"379",37.8,"Simu1","DIC",50,"cliver",0.000223851622823949
"380",37.9,"Simu1","DIC",50,"cliver",0.000211626618834452
"381",38,"Simu1","DIC",50,"cliver",0.000200577424653355
"382",38.1,"Simu1","DIC",50,"cliver",0.0001899380005409
"383",38.2,"Simu1","DIC",50,"cliver",0.000180622950483063
"384",38.3,"Simu1","DIC",50,"cliver",0.000171556791408929
"385",38.4,"Simu1","DIC",50,"cliver",0.000163347542079097
"386",38.5,"Simu1","DIC",50,"cliver",0.00015566941230098
"387",38.6,"Simu1","DIC",50,"cliver",0.000148493078745353
"388",38.7,"Simu1","DIC",50,"cliver",0.000141867118326847
"389",38.8,"Simu1","DIC",50,"cliver",0.000135665404228992
"390",38.9,"Simu1","DIC",50,"cliver",0.000129885602619253
"391",39,"Simu1","DIC",50,"cliver",0.000124441988271345
"392",39.1,"Simu1","DIC",50,"cliver",0.000119427212491191
"393",39.2,"Simu1","DIC",50,"cliver",0.000114614784562908
"394",39.3,"Simu1","DIC",50,"cliver",0.000110325018305662
"395",39.4,"Simu1","DIC",50,"cliver",0.000105749741116731
"396",39.5,"Simu1","DIC",50,"cliver",0.000102309072004214
"397",39.6,"Simu1","DIC",50,"cliver",9.84380442615907e-05
"398",39.7,"Simu1","DIC",50,"cliver",9.49604510023508e-05
"399",39.8,"Simu1","DIC",50,"cliver",9.19474900824433e-05
"400",39.9,"Simu1","DIC",50,"cliver",8.87228895334594e-05
"401",40,"Simu1","DIC",50,"cliver",0.000160277533525265
"402",40.1,"Simu1","DIC",50,"cliver",0.271699909925421
"403",40.2,"Simu1","DIC",50,"cliver",1.65170324141136
"404",40.3,"Simu1","DIC",50,"cliver",3.40742047950173
"405",40.4,"Simu1","DIC",50,"cliver",5.12097255890326
"406",40.5,"Simu1","DIC",50,"cliver",6.65607848689314
"407",40.6,"Simu1","DIC",50,"cliver",7.97900336702128
"408",40.7,"Simu1","DIC",50,"cliver",9.0921898691707
"409",40.8,"Simu1","DIC",50,"cliver",10.0099583932046
"410",40.9,"Simu1","DIC",50,"cliver",10.7497011826747
"411",41,"Simu1","DIC",50,"cliver",11.3287662318845
"412",41.1,"Simu1","DIC",50,"cliver",11.7634212768495
"413",41.2,"Simu1","DIC",50,"cliver",12.0685749035606
"414",41.3,"Simu1","DIC",50,"cliver",12.2577652867518
"415",41.4,"Simu1","DIC",50,"cliver",12.3432390330421
"416",41.5,"Simu1","DIC",50,"cliver",12.3360551456861
"417",41.6,"Simu1","DIC",50,"cliver",12.246191286064
"418",41.7,"Simu1","DIC",50,"cliver",12.0826450908495
"419",41.8,"Simu1","DIC",50,"cliver",11.8535262637447
"420",41.9,"Simu1","DIC",50,"cliver",11.5661416241367
"421",42,"Simu1","DIC",50,"cliver",11.227072206094
"422",42.1,"Simu1","DIC",50,"cliver",10.8422428822746
"423",42.2,"Simu1","DIC",50,"cliver",10.4169857782929
"424",42.3,"Simu1","DIC",50,"cliver",9.95609721330867
"425",42.4,"Simu1","DIC",50,"cliver",9.46388984902643
"426",42.5,"Simu1","DIC",50,"cliver",8.94423991861593
"427",42.6,"Simu1","DIC",50,"cliver",8.40062953450668
"428",42.7,"Simu1","DIC",50,"cliver",7.83618511790753
"429",42.8,"Simu1","DIC",50,"cliver",7.25371238458507
"430",42.9,"Simu1","DIC",50,"cliver",6.65572831784961
"431",43,"Simu1","DIC",50,"cliver",6.04449032082931
"432",43.1,"Simu1","DIC",50,"cliver",5.42202277041191
"433",43.2,"Simu1","DIC",50,"cliver",4.7901417082675
"434",43.3,"Simu1","DIC",50,"cliver",4.15047852261344
"435",43.4,"Simu1","DIC",50,"cliver",3.50450397969273
"436",43.5,"Simu1","DIC",50,"cliver",2.85355572226367
"437",43.6,"Simu1","DIC",50,"cliver",2.1988778630433
"438",43.7,"Simu1","DIC",50,"cliver",1.54169856204133
"439",43.8,"Simu1","DIC",50,"cliver",0.883507594865428
"440",43.9,"Simu1","DIC",50,"cliver",0.22840370376729
"441",44,"Simu1","DIC",50,"cliver",0.000793604786446457
"442",44.1,"Simu1","DIC",50,"cliver",0.000729651881696828
"443",44.2,"Simu1","DIC",50,"cliver",0.000672241063126814
"444",44.3,"Simu1","DIC",50,"cliver",0.000620572583808655
"445",44.4,"Simu1","DIC",50,"cliver",0.000573963078761258
"446",44.5,"Simu1","DIC",50,"cliver",0.000531832617315184
"447",44.6,"Simu1","DIC",50,"cliver",0.000493658883790894
"448",44.7,"Simu1","DIC",50,"cliver",0.000459017333234034
"449",44.8,"Simu1","DIC",50,"cliver",0.000427534128190417
"450",44.9,"Simu1","DIC",50,"cliver",0.000398847498073219
"451",45,"Simu1","DIC",50,"cliver",0.000372687217256886
"452",45.1,"Simu1","DIC",50,"cliver",0.000348783009863819
"453",45.2,"Simu1","DIC",50,"cliver",0.000326925598391499
"454",45.3,"Simu1","DIC",50,"cliver",0.00030689012463998
"455",45.4,"Simu1","DIC",50,"cliver",0.000288532195241374
"456",45.5,"Simu1","DIC",50,"cliver",0.000271629407266665
"457",45.6,"Simu1","DIC",50,"cliver",0.000256129786359816
"458",45.7,"Simu1","DIC",50,"cliver",0.000241798469288863
"459",45.8,"Simu1","DIC",50,"cliver",0.000228678338317529
"460",45.9,"Simu1","DIC",50,"cliver",0.00021642733066699
"461",46,"Simu1","DIC",50,"cliver",0.000205322957092735
"462",46.1,"Simu1","DIC",50,"cliver",0.000194677141805301
"463",46.2,"Simu1","DIC",50,"cliver",0.000185304571079195
"464",46.3,"Simu1","DIC",50,"cliver",0.000176218216539716
"465",46.4,"Simu1","DIC",50,"cliver",0.000167986058533379
"466",46.5,"Simu1","DIC",50,"cliver",0.000160276409041029
"467",46.6,"Simu1","DIC",50,"cliver",0.000153078155340007
"468",46.7,"Simu1","DIC",50,"cliver",0.000146426766577626
"469",46.8,"Simu1","DIC",50,"cliver",0.000140202311945934
"470",46.9,"Simu1","DIC",50,"cliver",0.000134399370803648
"471",47,"Simu1","DIC",50,"cliver",0.000128938993983264
"472",47.1,"Simu1","DIC",50,"cliver",0.000123899757269584
"473",47.2,"Simu1","DIC",50,"cliver",0.00011907802311071
"474",47.3,"Simu1","DIC",50,"cliver",0.000114753261595672
"475",47.4,"Simu1","DIC",50,"cliver",0.000110348195698575
"476",47.5,"Simu1","DIC",50,"cliver",0.00010657741038025
"477",47.6,"Simu1","DIC",50,"cliver",0.000102882944424887
"478",47.7,"Simu1","DIC",50,"cliver",9.94142451684351e-05
"479",47.8,"Simu1","DIC",50,"cliver",9.61502966275375e-05
"480",47.9,"Simu1","DIC",50,"cliver",9.30688882343327e-05
"481",48,"Simu1","DIC",50,"cliver",0.000164732535814623
"482",48.1,"Simu1","DIC",50,"cliver",0.272026340415848
"483",48.2,"Simu1","DIC",50,"cliver",1.65269771141739
"484",48.3,"Simu1","DIC",50,"cliver",3.40907726992897
"485",48.4,"Simu1","DIC",50,"cliver",5.12328168489732
"486",48.5,"Simu1","DIC",50,"cliver",6.65903077885005
"487",48.6,"Simu1","DIC",50,"cliver",7.98259090049921
"488",48.7,"Simu1","DIC",50,"cliver",9.0964049545781
"489",48.8,"Simu1","DIC",50,"cliver",10.0147936489963
"490",48.9,"Simu1","DIC",50,"cliver",10.7551494425527
"491",49,"Simu1","DIC",50,"cliver",11.3348200459176
"492",49.1,"Simu1","DIC",50,"cliver",11.7700734834731
"493",49.2,"Simu1","DIC",50,"cliver",12.0758186293591
"494",49.3,"Simu1","DIC",50,"cliver",12.2655938770512
"495",49.4,"Simu1","DIC",50,"cliver",12.3516459470194
"496",49.5,"Simu1","DIC",50,"cliver",12.3450340126454
"497",49.6,"Simu1","DIC",50,"cliver",12.2557359912803
"498",49.7,"Simu1","DIC",50,"cliver",12.0927493559775
"499",49.8,"Simu1","DIC",50,"cliver",11.8641840660563
"500",49.9,"Simu1","DIC",50,"cliver",11.5773469414111
"501",50,"Simu1","DIC",50,"cliver",11.2388190375475
"502",50.1,"Simu1","DIC",50,"cliver",10.8545255981397
"503",50.2,"Simu1","DIC",50,"cliver",10.4297990854873
"504",50.3,"Simu1","DIC",50,"cliver",9.96943611020096
"505",50.4,"Simu1","DIC",50,"cliver",9.47774936823432
"506",50.5,"Simu1","DIC",50,"cliver",8.95861486597101
"507",50.6,"Simu1","DIC",50,"cliver",8.41551474679698
"508",50.7,"Simu1","DIC",50,"cliver",7.85157560011082
"509",50.8,"Simu1","DIC",50,"cliver",7.26960330704948
"510",50.9,"Simu1","DIC",50,"cliver",6.67211492078432
"511",51,"Simu1","DIC",50,"cliver",6.06136780144112
"512",51.1,"Simu1","DIC",50,"cliver",5.43938626790117
"513",51.2,"Simu1","DIC",50,"cliver",4.80798629907751
"514",51.3,"Simu1","DIC",50,"cliver",4.1687991306536
"515",51.4,"Simu1","DIC",50,"cliver",3.52329515513088
"516",51.5,"Simu1","DIC",50,"cliver",2.87281120737621
"517",51.6,"Simu1","DIC",50,"cliver",2.21858879111537
"518",51.7,"Simu1","DIC",50,"cliver",1.56185094127664
"519",51.8,"Simu1","DIC",50,"cliver",0.904066291012585
"520",51.9,"Simu1","DIC",50,"cliver",0.249068783063125
"521",52,"Simu1","DIC",50,"cliver",0.000799531729840731
"522",52.1,"Simu1","DIC",50,"cliver",0.00073542848071848
"523",52.2,"Simu1","DIC",50,"cliver",0.00067788085064451
"524",52.3,"Simu1","DIC",50,"cliver",0.000626088971403009
"525",52.4,"Simu1","DIC",50,"cliver",0.000579367312760746
"526",52.5,"Simu1","DIC",50,"cliver",0.000537134938279292
"527",52.6,"Simu1","DIC",50,"cliver",0.000498868859834157
"528",52.7,"Simu1","DIC",50,"cliver",0.00046414148962269
"529",52.8,"Simu1","DIC",50,"cliver",0.000432580288970979
"530",52.9,"Simu1","DIC",50,"cliver",0.000403822101524427
"531",53,"Simu1","DIC",50,"cliver",0.00037759597430054
"532",53.1,"Simu1","DIC",50,"cliver",0.000353629821582198
"533",53.2,"Simu1","DIC",50,"cliver",0.000331716781282038
"534",53.3,"Simu1","DIC",50,"cliver",0.000311626889857597
"535",53.4,"Simu1","DIC",50,"cliver",0.000293223187810112
"536",53.5,"Simu1","DIC",50,"cliver",0.000276270873668795
"537",53.6,"Simu1","DIC",50,"cliver",0.000260734222392607
"538",53.7,"Simu1","DIC",50,"cliver",0.000246354531992222
"539",53.8,"Simu1","DIC",50,"cliver",0.000233210636935493
"540",53.9,"Simu1","DIC",50,"cliver",0.000220903198072556
"541",54,"Simu1","DIC",50,"cliver",0.000209802549450786
"542",54.1,"Simu1","DIC",50,"cliver",0.000199074437372269
"543",54.2,"Simu1","DIC",50,"cliver",0.000189728099503812
"544",54.3,"Simu1","DIC",50,"cliver",0.000180582654678357
"545",54.4,"Simu1","DIC",50,"cliver",0.000172324091483044
"546",54.5,"Simu1","DIC",50,"cliver",0.000164607390829186
"547",54.6,"Simu1","DIC",50,"cliver",0.000157363146047127
"548",54.7,"Simu1","DIC",50,"cliver",0.000150704628344428
"549",54.8,"Simu1","DIC",50,"cliver",0.00014446358350835
"550",54.9,"Simu1","DIC",50,"cliver",0.000138641073761559
"551",55,"Simu1","DIC",50,"cliver",0.000133150199703876
"552",55.1,"Simu1","DIC",50,"cliver",0.000128101036875261
"553",55.2,"Simu1","DIC",50,"cliver",0.000123245066119845
"554",55.3,"Simu1","DIC",50,"cliver",0.000118937448724264
"555",55.4,"Simu1","DIC",50,"cliver",0.000114250584291885
"556",55.5,"Simu1","DIC",50,"cliver",0.000110922419408772
"557",55.6,"Simu1","DIC",50,"cliver",0.000106931570847157
"558",55.7,"Simu1","DIC",50,"cliver",0.000103296247368183
"559",55.8,"Simu1","DIC",50,"cliver",0.000100575694141618
"560",55.9,"Simu1","DIC",50,"cliver",9.71470875167899e-05
"561",56,"Simu1","DIC",50,"cliver",0.000168912029198218
"562",56.1,"Simu1","DIC",50,"cliver",0.272333114283425
"563",56.2,"Simu1","DIC",50,"cliver",1.65363533228672
"564",56.3,"Simu1","DIC",50,"cliver",3.41064058127757
"565",56.4,"Simu1","DIC",50,"cliver",5.12546237243348
"566",56.5,"Simu1","DIC",50,"cliver",6.66182073389521
"567",56.6,"Simu1","DIC",50,"cliver",7.9859821576776
"568",56.7,"Simu1","DIC",50,"cliver",9.10038974534521
"569",56.8,"Simu1","DIC",50,"cliver",10.0193644112652
"570",56.9,"Simu1","DIC",50,"cliver",10.760298816159
"571",57,"Simu1","DIC",50,"cliver",11.3405408567629
"572",57.1,"Simu1","DIC",50,"cliver",11.7763587788657
"573",57.2,"Simu1","DIC",50,"cliver",12.0826616373532
"574",57.3,"Simu1","DIC",50,"cliver",12.2729879841286
"575",57.4,"Simu1","DIC",50,"cliver",12.3595847535169
"576",57.5,"Simu1","DIC",50,"cliver",12.3535112570221
"577",57.6,"Simu1","DIC",50,"cliver",12.2647456148396
"578",57.7,"Simu1","DIC",50,"cliver",12.1022853858042
"579",57.8,"Simu1","DIC",50,"cliver",11.8742407173519
"580",57.9,"Simu1","DIC",50,"cliver",11.5879188106995
"581",58,"Simu1","DIC",50,"cliver",11.2499005969464
"582",58.1,"Simu1","DIC",50,"cliver",10.8661111394239
"583",58.2,"Simu1","DIC",50,"cliver",10.441883115742
"584",58.3,"Simu1","DIC",50,"cliver",9.98201360701675
"585",58.4,"Simu1","DIC",50,"cliver",9.49081563672271
"586",58.5,"Simu1","DIC",50,"cliver",8.97216530238857
"587",58.6,"Simu1","DIC",50,"cliver",8.42954460945772
"588",58.7,"Simu1","DIC",50,"cliver",7.86608010705267
"589",58.8,"Simu1","DIC",50,"cliver",7.28457778442418
"590",58.9,"Simu1","DIC",50,"cliver",6.68755481671242
"591",59,"Simu1","DIC",50,"cliver",6.0772686025091
"592",59.1,"Simu1","DIC",50,"cliver",5.45574342590319
"593",59.2,"Simu1","DIC",50,"cliver",4.82479518696224
"594",59.3,"Simu1","DIC",50,"cliver",4.18605496198464
"595",59.4,"Simu1","DIC",50,"cliver",3.54099278047176
"596",59.5,"Simu1","DIC",50,"cliver",2.89094464129519
"597",59.6,"Simu1","DIC",50,"cliver",2.23715113086489
"598",59.7,"Simu1","DIC",50,"cliver",1.58082924413263
"599",59.8,"Simu1","DIC",50,"cliver",0.923427458979527
"600",59.9,"Simu1","DIC",50,"cliver",0.268560811578462
"601",60,"Simu1","DIC",50,"cliver",0.00080511973673902
"602",60.1,"Simu1","DIC",50,"cliver",0.000740869051395154
"603",60.2,"Simu1","DIC",50,"cliver",0.000683193241594655
"604",60.3,"Simu1","DIC",50,"cliver",0.000631284773658147
"605",60.4,"Simu1","DIC",50,"cliver",0.000584461346463176
"606",60.5,"Simu1","DIC",50,"cliver",0.000542126751094162
"607",60.6,"Simu1","DIC",50,"cliver",0.000503776014546409
"608",60.7,"Simu1","DIC",50,"cliver",0.000468971287005494
"609",60.8,"Simu1","DIC",50,"cliver",0.000437327152931753
"610",60.9,"Simu1","DIC",50,"cliver",0.000408506316959197
"611",61,"Simu1","DIC",50,"cliver",0.000382219486879684
"612",61.1,"Simu1","DIC",50,"cliver",0.000358196390930837
"613",61.2,"Simu1","DIC",50,"cliver",0.000336240098537373
"614",61.3,"Simu1","DIC",50,"cliver",0.000316063974447045
"615",61.4,"Simu1","DIC",50,"cliver",0.000297715804923503
"616",61.5,"Simu1","DIC",50,"cliver",0.000280414954425136
"617",61.6,"Simu1","DIC",50,"cliver",0.000265061439767222
"618",61.7,"Simu1","DIC",50,"cliver",0.000250683819887257
"619",61.8,"Simu1","DIC",50,"cliver",0.00023743279791624
"620",61.9,"Simu1","DIC",50,"cliver",0.000225199974344663
"621",62,"Simu1","DIC",50,"cliver",0.000213894157879095
"622",62.1,"Simu1","DIC",50,"cliver",0.000203432999640718
"623",62.2,"Simu1","DIC",50,"cliver",0.000193741997500163
"624",62.3,"Simu1","DIC",50,"cliver",0.000184754874454623
"625",62.4,"Simu1","DIC",50,"cliver",0.000176411197891319
"626",62.5,"Simu1","DIC",50,"cliver",0.000168656560663178
"627",62.6,"Simu1","DIC",50,"cliver",0.000161441578909693
"628",62.7,"Simu1","DIC",50,"cliver",0.000154721437766671
"629",62.8,"Simu1","DIC",50,"cliver",0.000148455502497048
"630",62.9,"Simu1","DIC",50,"cliver",0.000142606946502062
"631",63,"Simu1","DIC",50,"cliver",0.000137142275489216
"632",63.1,"Simu1","DIC",50,"cliver",0.00013203104964849
"633",63.2,"Simu1","DIC",50,"cliver",0.000127245514603399
"634",63.3,"Simu1","DIC",50,"cliver",0.000122760340321867
"635",63.4,"Simu1","DIC",50,"cliver",0.000118552458769469
"636",63.5,"Simu1","DIC",50,"cliver",0.000114600788761294
"637",63.6,"Simu1","DIC",50,"cliver",0.000110886086828091
"638",63.7,"Simu1","DIC",50,"cliver",0.00010739082292353
"639",63.8,"Simu1","DIC",50,"cliver",0.000104098874788454
"640",63.9,"Simu1","DIC",50,"cliver",0.000100995452670269
"641",64,"Simu1","DIC",50,"cliver",0.000172857198316759
"642",64.1,"Simu1","DIC",50,"cliver",0.272622171348736
"643",64.2,"Simu1","DIC",50,"cliver",1.65451995009144
"644",64.3,"Simu1","DIC",50,"cliver",3.41211601389731
"645",64.4,"Simu1","DIC",50,"cliver",5.1275209171026
"646",64.5,"Simu1","DIC",50,"cliver",6.66445466089449
"647",64.6,"Simu1","DIC",50,"cliver",7.98918387709561
"648",64.7,"Simu1","DIC",50,"cliver",9.10415185850711
"649",64.8,"Simu1","DIC",50,"cliver",10.0236797151619
"650",64.9,"Simu1","DIC",50,"cliver",10.7651603075618
"651",65,"Simu1","DIC",50,"cliver",11.345941729497
"652",65.1,"Simu1","DIC",50,"cliver",11.7822924154703
"653",65.2,"Simu1","DIC",50,"cliver",12.089121607167
"654",65.3,"Simu1","DIC",50,"cliver",12.2799680362465
"655",65.4,"Simu1","DIC",50,"cliver",12.3670788085854
"656",65.5,"Simu1","DIC",50,"cliver",12.3615134038488
"657",65.6,"Simu1","DIC",50,"cliver",12.2732501023344
"658",65.7,"Simu1","DIC",50,"cliver",12.1112866156005
"659",65.8,"Simu1","DIC",50,"cliver",11.88373324404
"660",65.9,"Simu1","DIC",50,"cliver",11.597897330578
"661",66,"Simu1","DIC",50,"cliver",11.2603599281244
"662",66.1,"Simu1","DIC",50,"cliver",10.8770462390027
"663",66.2,"Simu1","DIC",50,"cliver",10.4532890675694
"664",66.3,"Simu1","DIC",50,"cliver",9.99388561034925
"665",66.4,"Simu1","DIC",50,"cliver",9.50314899750301
"666",66.5,"Simu1","DIC",50,"cliver",8.98495542755011
"667",66.6,"Simu1","DIC",50,"cliver",8.44278700020455
"668",66.7,"Simu1","DIC",50,"cliver",7.87977034870283
"669",66.8,"Simu1","DIC",50,"cliver",7.29871153309495
"670",66.9,"Simu1","DIC",50,"cliver",6.70212778279101
"671",67,"Simu1","DIC",50,"cliver",6.09227652825109
"672",67.1,"Simu1","DIC",50,"cliver",5.47118205151636
"673",67.2,"Simu1","DIC",50,"cliver",4.84066019523726
"674",67.3,"Simu1","DIC",50,"cliver",4.20234188120147
"675",67.4,"Simu1","DIC",50,"cliver",3.55769679756791
"676",67.5,"Simu1","DIC",50,"cliver",2.90806019558482
"677",67.6,"Simu1","DIC",50,"cliver",2.25467086632949
"678",67.7,"Simu1","DIC",50,"cliver",1.59874166636334
"679",67.8,"Simu1","DIC",50,"cliver",0.941702878579364
"680",67.9,"Simu1","DIC",50,"cliver",0.2869839955462
"681",68,"Simu1","DIC",50,"cliver",0.000810400951107573
"682",68.1,"Simu1","DIC",50,"cliver",0.000746021030109594
"683",68.2,"Simu1","DIC",50,"cliver",0.000688222829006151
"684",68.3,"Simu1","DIC",50,"cliver",0.000636204716612833
"685",68.4,"Simu1","DIC",50,"cliver",0.000589277831059257
"686",68.5,"Simu1","DIC",50,"cliver",0.000546859012161894
"687",68.6,"Simu1","DIC",50,"cliver",0.000508422969277693
"688",68.7,"Simu1","DIC",50,"cliver",0.000473539470413798
"689",68.8,"Simu1","DIC",50,"cliver",0.000441835961599235
"690",68.9,"Simu1","DIC",50,"cliver",0.000412946652011048
"691",69,"Simu1","DIC",50,"cliver",0.000386599267348154
"692",69.1,"Simu1","DIC",50,"cliver",0.000362521106775258
"693",69.2,"Simu1","DIC",50,"cliver",0.000340504719716026
"694",69.3,"Simu1","DIC",50,"cliver",0.000320318552897544
"695",69.4,"Simu1","DIC",50,"cliver",0.000301826287345598
"696",69.5,"Simu1","DIC",50,"cliver",0.000284790070064132
"697",69.6,"Simu1","DIC",50,"cliver",0.000269177095123673
"698",69.7,"Simu1","DIC",50,"cliver",0.000254723182112533
"699",69.8,"Simu1","DIC",50,"cliver",0.000241514427874352
"700",69.9,"Simu1","DIC",50,"cliver",0.000229138795588741
"701",70,"Simu1","DIC",50,"cliver",0.000217986595396885
"702",70.1,"Simu1","DIC",50,"cliver",0.000207373040189529
"703",70.2,"Simu1","DIC",50,"cliver",0.000197667196216264
"704",70.3,"Simu1","DIC",50,"cliver",0.000188656375518076
"705",70.4,"Simu1","DIC",50,"cliver",0.000180290207811004
"706",70.5,"Simu1","DIC",50,"cliver",0.000172514523681727
"707",70.6,"Simu1","DIC",50,"cliver",0.000165279370135369
"708",70.7,"Simu1","DIC",50,"cliver",0.000158539693509191
"709",70.8,"Simu1","DIC",50,"cliver",0.000152255011436237
"710",70.9,"Simu1","DIC",50,"cliver",0.000146389003486648
"711",71,"Simu1","DIC",50,"cliver",0.000140907335651793
"712",71.1,"Simu1","DIC",50,"cliver",0.000135781660784601
"713",71.2,"Simu1","DIC",50,"cliver",0.000130977329954475
"714",71.3,"Simu1","DIC",50,"cliver",0.000126488715836479
"715",71.4,"Simu1","DIC",50,"cliver",0.000122234990700059
"716",71.5,"Simu1","DIC",50,"cliver",0.000118365142280852
"717",71.6,"Simu1","DIC",50,"cliver",0.000114579698441701
"718",71.7,"Simu1","DIC",50,"cliver",0.000111059201729806
"719",71.8,"Simu1","DIC",50,"cliver",0.000107755862353477
"720",71.9,"Simu1","DIC",50,"cliver",0.000104642521396156
"721",72,"Simu1","DIC",50,"cliver",0.000176594915127827
"722",72.1,"Simu1","DIC",50,"cliver",0.272895746857774
"723",72.2,"Simu1","DIC",50,"cliver",1.65535677093721
"724",72.3,"Simu1","DIC",50,"cliver",3.41351151365623
"725",72.4,"Simu1","DIC",50,"cliver",5.12946785745459
"726",72.5,"Simu1","DIC",50,"cliver",6.66694577281218
"727",72.6,"Simu1","DIC",50,"cliver",7.99221203400546
"728",72.7,"Simu1","DIC",50,"cliver",9.10771011256621
"729",72.8,"Simu1","DIC",50,"cliver",10.0277613050405
"730",72.9,"Simu1","DIC",50,"cliver",10.7697586578693
"731",73,"Simu1","DIC",50,"cliver",11.3510504479108
"732",73.1,"Simu1","DIC",50,"cliver",11.7879052872851
"733",73.2,"Simu1","DIC",50,"cliver",12.095232590953
"734",73.3,"Simu1","DIC",50,"cliver",12.2865712581106
"735",73.4,"Simu1","DIC",50,"cliver",12.3741685559647
"736",73.5,"Simu1","DIC",50,"cliver",12.3690841204507
"737",73.6,"Simu1","DIC",50,"cliver",12.281296381375
"738",73.7,"Simu1","DIC",50,"cliver",12.1198031960101
"739",73.8,"Simu1","DIC",50,"cliver",11.8927150026198
"740",73.9,"Simu1","DIC",50,"cliver",11.607339277893
"741",74,"Simu1","DIC",50,"cliver",11.2702571988989
"742",74.1,"Simu1","DIC",50,"cliver",10.8873940909157
"743",74.2,"Simu1","DIC",50,"cliver",10.4640828738847
"744",74.3,"Simu1","DIC",50,"cliver",10.0051208534131
"745",74.4,"Simu1","DIC",50,"cliver",9.51482126212249
"746",74.5,"Simu1","DIC",50,"cliver",8.9970603940558
"747",74.6,"Simu1","DIC",50,"cliver",8.45532043661338
"748",74.7,"Simu1","DIC",50,"cliver",7.89272810135763
"749",74.8,"Simu1","DIC",50,"cliver",7.31208951503614
"750",74.9,"Simu1","DIC",50,"cliver",6.71592195854855
"751",75,"Simu1","DIC",50,"cliver",6.10648289259339
"752",75.1,"Simu1","DIC",50,"cliver",5.48579659758578
"753",75.2,"Simu1","DIC",50,"cliver",4.85567886319717
"754",75.3,"Simu1","DIC",50,"cliver",4.21776046869792
"755",75.4,"Simu1","DIC",50,"cliver",3.57351078854194
"756",75.5,"Simu1","DIC",50,"cliver",2.92426439278779
"757",75.6,"Simu1","DIC",50,"cliver",2.27125846638796
"758",75.7,"Simu1","DIC",50,"cliver",1.61570184612006
"759",75.8,"Simu1","DIC",50,"cliver",0.959008544700217
"760",75.9,"Simu1","DIC",50,"cliver",0.304448904314421
"761",76,"Simu1","DIC",50,"cliver",0.000815420047360891
"762",76.1,"Simu1","DIC",50,"cliver",0.000750911803914283
"763",76.2,"Simu1","DIC",50,"cliver",0.000692998037912457
"764",76.3,"Simu1","DIC",50,"cliver",0.000640875727253146
"765",76.4,"Simu1","DIC",50,"cliver",0.000593854200082365
"766",76.5,"Simu1","DIC",50,"cliver",0.000551349338633199
"767",76.6,"Simu1","DIC",50,"cliver",0.000512835371975064
"768",76.7,"Simu1","DIC",50,"cliver",0.000477879666532408
"769",76.8,"Simu1","DIC",50,"cliver",0.000446110299806082
"770",76.9,"Simu1","DIC",50,"cliver",0.000417160789741732
"771",77,"Simu1","DIC",50,"cliver",0.000390758004551519
"772",77.1,"Simu1","DIC",50,"cliver",0.000366627825783399
"773",77.2,"Simu1","DIC",50,"cliver",0.000344564574745364
"774",77.3,"Simu1","DIC",50,"cliver",0.000324332854278688
"775",77.4,"Simu1","DIC",50,"cliver",0.000305801953525957
"776",77.5,"Simu1","DIC",50,"cliver",0.000288724628096114
"777",77.6,"Simu1","DIC",50,"cliver",0.000273080020997474
"778",77.7,"Simu1","DIC",50,"cliver",0.000258586403438845
"779",77.8,"Simu1","DIC",50,"cliver",0.000245356498465233
"780",77.9,"Simu1","DIC",50,"cliver",0.000232935855544349
"781",78,"Simu1","DIC",50,"cliver",0.000221783222685748
"782",78.1,"Simu1","DIC",50,"cliver",0.000211126993888082
"783",78.2,"Simu1","DIC",50,"cliver",0.000201397094825975
"784",78.3,"Simu1","DIC",50,"cliver",0.000192363430703629
"785",78.4,"Simu1","DIC",50,"cliver",0.000183975732396616
"786",78.5,"Simu1","DIC",50,"cliver",0.000176179751904854
"787",78.6,"Simu1","DIC",50,"cliver",0.000168925399842793
"788",78.7,"Simu1","DIC",50,"cliver",0.000162167537386702
"789",78.8,"Simu1","DIC",50,"cliver",0.000155865622965077
"790",78.9,"Simu1","DIC",50,"cliver",0.000149983195349059
"791",79,"Simu1","DIC",50,"cliver",0.000144486077809038
"792",79.1,"Simu1","DIC",50,"cliver",0.000139345254772821
"793",79.2,"Simu1","DIC",50,"cliver",0.000134527792972964
"794",79.3,"Simu1","DIC",50,"cliver",0.000130022890623784
"795",79.4,"Simu1","DIC",50,"cliver",0.00012576459537335
"796",79.5,"Simu1","DIC",50,"cliver",0.000121858188952422
"797",79.6,"Simu1","DIC",50,"cliver",0.000118075977015897
"798",79.7,"Simu1","DIC",50,"cliver",0.000114547416963888
"799",79.8,"Simu1","DIC",50,"cliver",0.000111233271473901
"800",79.9,"Simu1","DIC",50,"cliver",0.000108108663030761
"801",80,"Simu1","DIC",50,"cliver",0.000180147623830184
"802",80.1,"Simu1","DIC",50,"cliver",0.273155491516473
"803",80.2,"Simu1","DIC",50,"cliver",1.65615085256156
"804",80.3,"Simu1","DIC",50,"cliver",3.41483551103652
"805",80.4,"Simu1","DIC",50,"cliver",5.13131495570634
"806",80.5,"Simu1","DIC",50,"cliver",6.66930913007518
"807",80.6,"Simu1","DIC",50,"cliver",7.9950849540803
"808",80.7,"Simu1","DIC",50,"cliver",9.11108606769205
"809",80.8,"Simu1","DIC",50,"cliver",10.0316339417174
"810",80.9,"Simu1","DIC",50,"cliver",10.7741217951456
"811",81,"Simu1","DIC",50,"cliver",11.3558980735122
"812",81.1,"Simu1","DIC",50,"cliver",11.793231555125
"813",81.2,"Simu1","DIC",50,"cliver",12.1010318146558
"814",81.3,"Simu1","DIC",50,"cliver",12.2928379064836
"815",81.4,"Simu1","DIC",50,"cliver",12.3808972489279
"816",81.5,"Simu1","DIC",50,"cliver",12.376269622435
"817",81.6,"Simu1","DIC",50,"cliver",12.288933598055
"818",81.7,"Simu1","DIC",50,"cliver",12.1278871650546
"819",81.8,"Simu1","DIC",50,"cliver",11.9012408924841
"820",81.9,"Simu1","DIC",50,"cliver",11.616302379509
"821",82,"Simu1","DIC",50,"cliver",11.2796529281189
"822",82.1,"Simu1","DIC",50,"cliver",10.8972179733362
"823",82.2,"Simu1","DIC",50,"cliver",10.474330542214
"824",82.3,"Simu1","DIC",50,"cliver",10.0157880427919
"825",82.4,"Simu1","DIC",50,"cliver",9.52590380445388
"826",82.5,"Simu1","DIC",50,"cliver",9.00855421105332
"827",82.6,"Simu1","DIC",50,"cliver",8.46722153204257
"828",82.7,"Simu1","DIC",50,"cliver",7.9050325523512
"829",82.8,"Simu1","DIC",50,"cliver",7.3247934614507
"830",82.9,"Simu1","DIC",50,"cliver",6.72902158878014
"831",83,"Simu1","DIC",50,"cliver",6.11997442358849
"832",83.1,"Simu1","DIC",50,"cliver",5.49967624500472
"833",83.2,"Simu1","DIC",50,"cliver",4.86994279361185
"834",83.3,"Simu1","DIC",50,"cliver",4.23240471667314
"835",83.4,"Simu1","DIC",50,"cliver",3.58853109931908
"836",83.5,"Simu1","DIC",50,"cliver",2.93965588912168
"837",83.6,"Simu1","DIC",50,"cliver",2.28701483070504
"838",83.7,"Simu1","DIC",50,"cliver",1.63181280832678
"839",83.8,"Simu1","DIC",50,"cliver",0.975449283657385
"840",83.9,"Simu1","DIC",50,"cliver",0.321056342062135
"841",84,"Simu1","DIC",50,"cliver",0.000820201928378749
"842",84.1,"Simu1","DIC",50,"cliver",0.000755570917928685
"843",84.2,"Simu1","DIC",50,"cliver",0.000697547153232586
"844",84.3,"Simu1","DIC",50,"cliver",0.000645325661317841
"845",84.4,"Simu1","DIC",50,"cliver",0.000598214057263932
"846",84.5,"Simu1","DIC",50,"cliver",0.000555627289976122
"847",84.6,"Simu1","DIC",50,"cliver",0.000517039149626902
"848",84.7,"Simu1","DIC",50,"cliver",0.00048201471658696
"849",84.8,"Simu1","DIC",50,"cliver",0.00045018271789912
"850",84.9,"Simu1","DIC",50,"cliver",0.000421175970722726
"851",85,"Simu1","DIC",50,"cliver",0.000394720456037959
"852",85.1,"Simu1","DIC",50,"cliver",0.000370540865762968
"853",85.2,"Simu1","DIC",50,"cliver",0.000348432963465767
"854",85.3,"Simu1","DIC",50,"cliver",0.000328158046431187
"855",85.4,"Simu1","DIC",50,"cliver",0.000309590185183543
"856",85.5,"Simu1","DIC",50,"cliver",0.000292474196642965
"857",85.6,"Simu1","DIC",50,"cliver",0.000276799023451826
"858",85.7,"Simu1","DIC",50,"cliver",0.000262268395183957
"859",85.8,"Simu1","DIC",50,"cliver",0.000249017228252541
"860",85.9,"Simu1","DIC",50,"cliver",0.000236555719948417
"861",86,"Simu1","DIC",50,"cliver",0.000225399540181841
"862",86.1,"Simu1","DIC",50,"cliver",0.000214709134595711
"863",86.2,"Simu1","DIC",50,"cliver",0.000204952245873246
"864",86.3,"Simu1","DIC",50,"cliver",0.000195896614059796
"865",86.4,"Simu1","DIC",50,"cliver",0.000187488570518426
"866",86.5,"Simu1","DIC",50,"cliver",0.000179673345455373
"867",86.6,"Simu1","DIC",50,"cliver",0.000172400802470823
"868",86.7,"Simu1","DIC",50,"cliver",0.00016562570562398
"869",86.8,"Simu1","DIC",50,"cliver",0.000159307488167135
"870",86.9,"Simu1","DIC",50,"cliver",0.00015340942442896
"871",87,"Simu1","DIC",50,"cliver",0.000147897886768015
"872",87.1,"Simu1","DIC",50,"cliver",0.000142742120632744
"873",87.2,"Simu1","DIC",50,"cliver",0.000137913943826712
"874",87.3,"Simu1","DIC",50,"cliver",0.000133388746740357
"875",87.4,"Simu1","DIC",50,"cliver",0.000129140118839235
"876",87.5,"Simu1","DIC",50,"cliver",0.000125158824646039
"877",87.6,"Simu1","DIC",50,"cliver",0.000121407828856204
"878",87.7,"Simu1","DIC",50,"cliver",0.00011787350879318
"879",87.8,"Simu1","DIC",50,"cliver",0.00011454908034196
"880",87.9,"Simu1","DIC",50,"cliver",0.00011141577023416
"881",88,"Simu1","DIC",50,"cliver",0.000183535908724595
"882",88.1,"Simu1","DIC",50,"cliver",0.273402446188956
"883",88.2,"Simu1","DIC",50,"cliver",1.65690823849281
"884",88.3,"Simu1","DIC",50,"cliver",3.41609643242184
"885",88.4,"Simu1","DIC",50,"cliver",5.133073698983
"886",88.5,"Simu1","DIC",50,"cliver",6.6715599647222
"887",88.6,"Simu1","DIC",50,"cliver",7.9978216198323
"888",88.7,"Simu1","DIC",50,"cliver",9.11430235395124
"889",88.8,"Simu1","DIC",50,"cliver",10.0353235811733
"890",88.9,"Simu1","DIC",50,"cliver",10.7782796606712
"891",89,"Simu1","DIC",50,"cliver",11.3605168016057
"892",89.1,"Simu1","DIC",50,"cliver",11.798302568141
"893",89.2,"Simu1","DIC",50,"cliver",12.1065545762452
"894",89.3,"Simu1","DIC",50,"cliver",12.2988064952881
"895",89.4,"Simu1","DIC",50,"cliver",12.3873043330035
"896",89.5,"Simu1","DIC",50,"cliver",12.3831096758093
"897",89.6,"Simu1","DIC",50,"cliver",12.296199979129
"898",89.7,"Simu1","DIC",50,"cliver",12.1355716251115
"899",89.8,"Simu1","DIC",50,"cliver",11.9093382823532
"900",89.9,"Simu1","DIC",50,"cliver",11.624821563314
"901",90,"Simu1","DIC",50,"cliver",11.2885927099674
"902",90.1,"Simu1","DIC",50,"cliver",10.9065687388351
"903",90.2,"Simu1","DIC",50,"cliver",10.484088788026
"904",90.3,"Simu1","DIC",50,"cliver",10.0259499868572
"905",90.4,"Simu1","DIC",50,"cliver",9.53646490569815
"906",90.5,"Simu1","DIC",50,"cliver",9.01950913358775
"907",90.6,"Simu1","DIC",50,"cliver",8.47856335019807
"908",90.7,"Simu1","DIC",50,"cliver",7.91675702004125
"909",90.8,"Simu1","DIC",50,"cliver",7.33689873151677
"910",90.9,"Simu1","DIC",50,"cliver",6.74150482108542
"911",91,"Simu1","DIC",50,"cliver",6.13283117619098
"912",91.1,"Simu1","DIC",50,"cliver",5.51290061721149
"913",91.2,"Simu1","DIC",50,"cliver",4.88353145772048
"914",91.3,"Simu1","DIC",50,"cliver",4.24635861335173
"915",91.4,"Simu1","DIC",50,"cliver",3.60284591017954
"916",91.5,"Simu1","DIC",50,"cliver",2.95432487656827
"917",91.6,"Simu1","DIC",50,"cliver",2.30203113832986
"918",91.7,"Simu1","DIC",50,"cliver",1.64716953009719
"919",91.8,"Simu1","DIC",50,"cliver",0.99112157881192
"920",91.9,"Simu1","DIC",50,"cliver",0.336901949614127
"921",92,"Simu1","DIC",50,"cliver",0.00082477192142268
"922",92.1,"Simu1","DIC",50,"cliver",0.000760021110745787
"923",92.2,"Simu1","DIC",50,"cliver",0.000701892358084148
"924",92.3,"Simu1","DIC",50,"cliver",0.000649576272922193
"925",92.4,"Simu1","DIC",50,"cliver",0.000602378650108493
"926",92.5,"Simu1","DIC",50,"cliver",0.000559713333012114
"927",92.6,"Simu1","DIC",50,"cliver",0.000521055027886394
"928",92.7,"Simu1","DIC",50,"cliver",0.00048596406861743
"929",92.8,"Simu1","DIC",50,"cliver",0.000454071981474851
"930",92.9,"Simu1","DIC",50,"cliver",0.000425011104971419
"931",93,"Simu1","DIC",50,"cliver",0.000398505911888893
"932",93.1,"Simu1","DIC",50,"cliver",0.000374278589953674
"933",93.2,"Simu1","DIC",50,"cliver",0.000352129008199103
"934",93.3,"Simu1","DIC",50,"cliver",0.000331810826166602
"935",93.4,"Simu1","DIC",50,"cliver",0.000313210667144019
"936",93.5,"Simu1","DIC",50,"cliver",0.000296055073879516
"937",93.6,"Simu1","DIC",50,"cliver",0.00028035481434337
"938",93.7,"Simu1","DIC",50,"cliver",0.000265781384149431
"939",93.8,"Simu1","DIC",50,"cliver",0.000252520925023082
"940",93.9,"Simu1","DIC",50,"cliver",0.000240003099867658
"941",94,"Simu1","DIC",50,"cliver",0.000228873337361025
"942",94.1,"Simu1","DIC",50,"cliver",0.000218116847613167
"943",94.2,"Simu1","DIC",50,"cliver",0.000208349661860757
"944",94.3,"Simu1","DIC",50,"cliver",0.000199272515268703
"945",94.4,"Simu1","DIC",50,"cliver",0.000190844970993044
"946",94.5,"Simu1","DIC",50,"cliver",0.000183011409009099
"947",94.6,"Simu1","DIC",50,"cliver",0.000175721549413982
"948",94.7,"Simu1","DIC",50,"cliver",0.000168930062362949
"949",94.8,"Simu1","DIC",50,"cliver",0.000162596331734851
"950",94.9,"Simu1","DIC",50,"cliver",0.000156683419776071
"951",95,"Simu1","DIC",50,"cliver",0.000151158089726468
"952",95.1,"Simu1","DIC",50,"cliver",0.000145988334641218
"953",95.2,"Simu1","DIC",50,"cliver",0.000141149327357926
"954",95.3,"Simu1","DIC",50,"cliver",0.000136606763407966
"955",95.4,"Simu1","DIC",50,"cliver",0.000132361654921301
"956",95.5,"Simu1","DIC",50,"cliver",0.000128326115727535
"957",95.6,"Simu1","DIC",50,"cliver",0.000124599926525864
"958",95.7,"Simu1","DIC",50,"cliver",0.000121052208250086
"959",95.8,"Simu1","DIC",50,"cliver",0.000117718012442888
"960",95.9,"Simu1","DIC",50,"cliver",0.000114575939400589
"961",96,"Simu1","DIC",50,"cliver",0.000186775102115504
"962",96.1,"Simu1","DIC",50,"cliver",0.273639320899887
"963",96.2,"Simu1","DIC",50,"cliver",1.65763185555228
"964",96.3,"Simu1","DIC",50,"cliver",3.41730663803532
"965",96.4,"Simu1","DIC",50,"cliver",5.1347629614439
"966",96.5,"Simu1","DIC",50,"cliver",6.67372094979167
"967",96.6,"Simu1","DIC",50,"cliver",8.00044800637005
"968",96.7,"Simu1","DIC",50,"cliver",9.11738803072448
"969",96.8,"Simu1","DIC",50,"cliver",10.0388627910635
"970",96.9,"Simu1","DIC",50,"cliver",10.7822658323267
"971",97,"Simu1","DIC",50,"cliver",11.3649459373726
"972",97.1,"Simu1","DIC",50,"cliver",11.8031722001915
"973",97.2,"Simu1","DIC",50,"cliver",12.1118545174472
"974",97.3,"Simu1","DIC",50,"cliver",12.3045322533601
"975",97.4,"Simu1","DIC",50,"cliver",12.3934531150381
"976",97.5,"Simu1","DIC",50,"cliver",12.3896771728214
"977",97.6,"Simu1","DIC",50,"cliver",12.3031832602639
"978",97.7,"Simu1","DIC",50,"cliver",12.1429696560023
"979",97.8,"Simu1","DIC",50,"cliver",11.9171471553177
"980",97.9,"Simu1","DIC",50,"cliver",11.6330235782836
"981",98,"Simu1","DIC",50,"cliver",11.2971804466849
"982",98.1,"Simu1","DIC",50,"cliver",10.9155435196199
"983",98.2,"Simu1","DIC",50,"cliver",10.4934460494205
"984",98.3,"Simu1","DIC",50,"cliver",10.0356855630998
"985",98.4,"Simu1","DIC",50,"cliver",9.54657551218426
"986",98.5,"Simu1","DIC",50,"cliver",9.02999245567961
"987",98.6,"Simu1","DIC",50,"cliver",8.4894188308765
"988",98.7,"Simu1","DIC",50,"cliver",7.92798159579411
"989",98.8,"Simu1","DIC",50,"cliver",7.34848707549307
"990",98.9,"Simu1","DIC",50,"cliver",6.75345269003908
"991",99,"Simu1","DIC",50,"cliver",6.1451359792541
"992",99.1,"Simu1","DIC",50,"cliver",5.52556122374949
"993",99.2,"Simu1","DIC",50,"cliver",4.89654408104163
"994",99.3,"Simu1","DIC",50,"cliver",4.25971496228188
"995",99.4,"Simu1","DIC",50,"cliver",3.61654242967492
"996",99.5,"Simu1","DIC",50,"cliver",2.96835931502062
"997",99.6,"Simu1","DIC",50,"cliver",2.31639818876623
"998",99.7,"Simu1","DIC",50,"cliver",1.66185787464479
"999",99.8,"Simu1","DIC",50,"cliver",1.00611137390558
"1000",99.9,"Simu1","DIC",50,"cliver",0.352062928704757
"1001",100,"Simu1","DIC",50,"cliver",0.000829144803973911
"1002",100.1,"Simu1","DIC",50,"cliver",0.000764281538246274
"1003",100.2,"Simu1","DIC",50,"cliver",0.000706052231282156
"1004",100.3,"Simu1","DIC",50,"cliver",0.000653645414703149
"1005",100.4,"Simu1","DIC",50,"cliver",0.000606365478642729
"1006",100.5,"Simu1","DIC",50,"cliver",0.000563625223877933
"1007",100.6,"Simu1","DIC",50,"cliver",0.000524899113148791
"1008",100.7,"Simu1","DIC",50,"cliver",0.000489745305714657
"1009",100.8,"Simu1","DIC",50,"cliver",0.000457795978569502
"1010",100.9,"Simu1","DIC",50,"cliver",0.000428682936644011
"1011",101,"Simu1","DIC",50,"cliver",0.000402129442017349
"1012",101.1,"Simu1","DIC",50,"cliver",0.00037785719658188
"1013",101.2,"Simu1","DIC",50,"cliver",0.000355666529631788
"1014",101.3,"Simu1","DIC",50,"cliver",0.000335309299004155
"1015",101.4,"Simu1","DIC",50,"cliver",0.00031667451955831
"1016",101.5,"Simu1","DIC",50,"cliver",0.000299485223056735
"1017",101.6,"Simu1","DIC",50,"cliver",0.000283755184557917
"1018",101.7,"Simu1","DIC",50,"cliver",0.000269150669671922
"1019",101.8,"Simu1","DIC",50,"cliver",0.000255866398032587
"1020",101.9,"Simu1","DIC",50,"cliver",0.000243318375878687
"1021",102,"Simu1","DIC",50,"cliver",0.000232173642555459
"1022",102.1,"Simu1","DIC",50,"cliver",0.000221397568322038
"1023",102.2,"Simu1","DIC",50,"cliver",0.000211602811554888
"1024",102.3,"Simu1","DIC",50,"cliver",0.000202504557493177
"1025",102.4,"Simu1","DIC",50,"cliver",0.000194058473242421
"1026",102.5,"Simu1","DIC",50,"cliver",0.000186207366583488
"1027",102.6,"Simu1","DIC",50,"cliver",0.000178900956442436
"1028",102.7,"Simu1","DIC",50,"cliver",0.000172093805812043
"1029",102.8,"Simu1","DIC",50,"cliver",0.000165745242062488
"1030",102.9,"Simu1","DIC",50,"cliver",0.000159818192370708
"1031",103,"Simu1","DIC",50,"cliver",0.000154279595071843
"1032",103.1,"Simu1","DIC",50,"cliver",0.000149096784560023
"1033",103.2,"Simu1","DIC",50,"cliver",0.000144246596104405
"1034",103.3,"Simu1","DIC",50,"cliver",0.000139689881704519
"1035",103.4,"Simu1","DIC",50,"cliver",0.000135441153683566
"1036",103.5,"Simu1","DIC",50,"cliver",0.000131374083455321
"1037",103.6,"Simu1","DIC",50,"cliver",0.000127651426018307
"1038",103.7,"Simu1","DIC",50,"cliver",0.000124096065058446
"1039",103.8,"Simu1","DIC",50,"cliver",0.000120752542869611
"1040",103.9,"Simu1","DIC",50,"cliver",0.000117601386140666
"1041",104,"Simu1","DIC",50,"cliver",0.000189877302600803
"1042",104.1,"Simu1","DIC",50,"cliver",0.273865164248074
"1043",104.2,"Simu1","DIC",50,"cliver",1.65832202445499
"1044",104.3,"Simu1","DIC",50,"cliver",3.41845359931106
"1045",104.4,"Simu1","DIC",50,"cliver",5.13636213055192
"1046",104.5,"Simu1","DIC",50,"cliver",6.67576749364572
"1047",104.6,"Simu1","DIC",50,"cliver",8.00293632717988
"1048",104.7,"Simu1","DIC",50,"cliver",9.12031287710118
"1049",104.8,"Simu1","DIC",50,"cliver",10.0422183524378
"1050",104.9,"Simu1","DIC",50,"cliver",10.7860471987293
"1051",105,"Simu1","DIC",50,"cliver",11.3691479813002
"1052",105.1,"Simu1","DIC",50,"cliver",11.8077883035394
"1053",105.2,"Simu1","DIC",50,"cliver",12.1168815455176
"1054",105.3,"Simu1","DIC",50,"cliver",12.3099657205043
"1055",105.4,"Simu1","DIC",50,"cliver",12.3992885793467
"1056",105.5,"Simu1","DIC",50,"cliver",12.3959105432943
"1057",105.6,"Simu1","DIC",50,"cliver",12.3098101954419
"1058",105.7,"Simu1","DIC",50,"cliver",12.1499871582715
"1059",105.8,"Simu1","DIC",50,"cliver",11.9245515722724
"1060",105.9,"Simu1","DIC",50,"cliver",11.6408107538147
"1061",106,"Simu1","DIC",50,"cliver",11.3053458693331
"1062",106.1,"Simu1","DIC",50,"cliver",10.9240809266056
"1063",106.2,"Simu1","DIC",50,"cliver",10.5023504650452
"1064",106.3,"Simu1","DIC",50,"cliver",10.0449549913423
"1065",106.4,"Simu1","DIC",50,"cliver",9.55620705822902
"1066",106.5,"Simu1","DIC",50,"cliver",9.03998205828434
"1067",106.6,"Simu1","DIC",50,"cliver",8.49976235617479
"1068",106.7,"Simu1","DIC",50,"cliver",7.9386757180525
"1069",106.8,"Simu1","DIC",50,"cliver",7.35952890848023
"1070",106.9,"Simu1","DIC",50,"cliver",6.76483916374555
"1071",107,"Simu1","DIC",50,"cliver",6.1568637512508
"1072",107.1,"Simu1","DIC",50,"cliver",5.53762693875828
"1073",107.2,"Simu1","DIC",50,"cliver",4.9089444853085
"1074",107.3,"Simu1","DIC",50,"cliver",4.27244674987171
"1075",107.4,"Simu1","DIC",50,"cliver",3.62960199114765
"1076",107.5,"Simu1","DIC",50,"cliver",2.98174243263844
"1077",107.6,"Simu1","DIC",50,"cliver",2.3300996830527
"1078",107.7,"Simu1","DIC",50,"cliver",1.67586937665173
"1079",107.8,"Simu1","DIC",50,"cliver",1.02041297441034
"1080",107.9,"Simu1","DIC",50,"cliver",0.366538971764441
"1081",108,"Simu1","DIC",50,"cliver",0.000833332999307056
"1082",108.1,"Simu1","DIC",50,"cliver",0.000768362537307751
"1083",108.2,"Simu1","DIC",50,"cliver",0.000710037088630942
"1084",108.3,"Simu1","DIC",50,"cliver",0.000657543479725431
"1085",108.4,"Simu1","DIC",50,"cliver",0.000610184865947058
"1086",108.5,"Simu1","DIC",50,"cliver",0.00056737300380155
"1087",108.6,"Simu1","DIC",50,"cliver",0.000528581901175455
"1088",108.7,"Simu1","DIC",50,"cliver",0.00049336823590904
"1089",108.8,"Simu1","DIC",50,"cliver",0.000461364148156542
"1090",108.9,"Simu1","DIC",50,"cliver",0.000432201083548705
"1091",109,"Simu1","DIC",50,"cliver",0.000405601438931665
"1092",109.1,"Simu1","DIC",50,"cliver",0.000381286281475521
"1093",109.2,"Simu1","DIC",50,"cliver",0.000359056355696738
"1094",109.3,"Simu1","DIC",50,"cliver",0.000338661856095806
"1095",109.4,"Simu1","DIC",50,"cliver",0.000319994055099023
"1096",109.5,"Simu1","DIC",50,"cliver",0.000302772283513234
"1097",109.6,"Simu1","DIC",50,"cliver",0.000287013993495367
"1098",109.7,"Simu1","DIC",50,"cliver",0.00027237945862268
"1099",109.8,"Simu1","DIC",50,"cliver",0.00025907310863779
"1100",109.9,"Simu1","DIC",50,"cliver",0.000246495169778212
"1101",110,"Simu1","DIC",50,"cliver",0.00023533803537826
"1102",110.1,"Simu1","DIC",50,"cliver",0.000224542070926721
"1103",110.2,"Simu1","DIC",50,"cliver",0.000214719982932283
"1104",110.3,"Simu1","DIC",50,"cliver",0.000205602535414781
"1105",110.4,"Simu1","DIC",50,"cliver",0.000197138693927656
"1106",110.5,"Simu1","DIC",50,"cliver",0.000189270861372045
"1107",110.6,"Simu1","DIC",50,"cliver",0.000181948644373427
"1108",110.7,"Simu1","DIC",50,"cliver",0.000175126535856724
"1109",110.8,"Simu1","DIC",50,"cliver",0.000168763801596797
"1110",110.9,"Simu1","DIC",50,"cliver",0.000162823299846983
"1111",111,"Simu1","DIC",50,"cliver",0.00015727194877544
"1112",111.1,"Simu1","DIC",50,"cliver",0.000152076958150643
"1113",111.2,"Simu1","DIC",50,"cliver",0.000147215328303086
"1114",111.3,"Simu1","DIC",50,"cliver",0.000142647316531943
"1115",111.4,"Simu1","DIC",50,"cliver",0.000138388876277296
"1116",111.5,"Simu1","DIC",50,"cliver",0.000134309679461724
"1117",111.6,"Simu1","DIC",50,"cliver",0.00013057857641267
"1118",111.7,"Simu1","DIC",50,"cliver",0.000127014461566735
"1119",111.8,"Simu1","DIC",50,"cliver",0.000123662148224511
"1120",111.9,"Simu1","DIC",50,"cliver",0.00012050253669906
"1121",112,"Simu1","DIC",50,"cliver",0.000192853084650613
"1122",112.1,"Simu1","DIC",50,"cliver",0.274082815762149
"1123",112.2,"Simu1","DIC",50,"cliver",1.65899111218954
"1124",112.3,"Simu1","DIC",50,"cliver",3.4195732461971
"1125",112.4,"Simu1","DIC",50,"cliver",5.13792739133456
"1126",112.5,"Simu1","DIC",50,"cliver",6.67777196217718
"1127",112.6,"Simu1","DIC",50,"cliver",8.00537362674197
"1128",112.7,"Simu1","DIC",50,"cliver",9.12317665612488
"1129",112.8,"Simu1","DIC",50,"cliver",10.0455025058293
"1130",112.9,"Simu1","DIC",50,"cliver",10.7897457524879
"1131",113,"Simu1","DIC",50,"cliver",11.3732555056349
"1132",113.1,"Simu1","DIC",50,"cliver",11.8123010815945
"1133",113.2,"Simu1","DIC",50,"cliver",12.1217925936199
"1134",113.3,"Simu1","DIC",50,"cliver",12.3152697683279
"1135",113.4,"Simu1","DIC",50,"cliver",12.4049805686598
"1136",113.5,"Simu1","DIC",50,"cliver",12.401985365984
"1137",113.6,"Simu1","DIC",50,"cliver",12.3162632261977
"1138",113.7,"Simu1","DIC",50,"cliver",12.1568128328024
"1139",113.8,"Simu1","DIC",50,"cliver",11.9317449602396
"1140",113.9,"Simu1","DIC",50,"cliver",11.6483674746756
"1141",114,"Simu1","DIC",50,"cliver",11.3132627944393
"1142",114.1,"Simu1","DIC",50,"cliver",10.9323571969906
"1143",114.2,"Simu1","DIC",50,"cliver",10.5109837184951
"1144",114.3,"Simu1","DIC",50,"cliver",10.0539395239611
"1145",114.4,"Simu1","DIC",50,"cliver",9.56553817870788
"1146",114.5,"Simu1","DIC",50,"cliver",9.04965677805692
"1147",114.6,"Simu1","DIC",50,"cliver",8.50977816305343
"1148",114.7,"Simu1","DIC",50,"cliver",7.94902934516154
"1149",114.8,"Simu1","DIC",50,"cliver",7.37021660827771
"1150",114.9,"Simu1","DIC",50,"cliver",6.77585743686901
"1151",115,"Simu1","DIC",50,"cliver",6.16820949642679
"1152",115.1,"Simu1","DIC",50,"cliver",5.5492971171481
"1153",115.2,"Simu1","DIC",50,"cliver",4.92093586768794
"1154",115.3,"Simu1","DIC",50,"cliver",4.28475592348862
"1155",115.4,"Simu1","DIC",50,"cliver",3.64222538405908
"1156",115.5,"Simu1","DIC",50,"cliver",2.99467610957299
"1157",115.6,"Simu1","DIC",50,"cliver",2.34333909269331
"1158",115.7,"Simu1","DIC",50,"cliver",1.6894039071219
"1159",115.8,"Simu1","DIC",50,"cliver",1.03422370595606
"1160",115.9,"Simu1","DIC",50,"cliver",0.380524895067918
"1161",116,"Simu1","DIC",50,"cliver",0.000837361976865487
"1162",116.1,"Simu1","DIC",50,"cliver",0.000772288170717029
"1163",116.2,"Simu1","DIC",50,"cliver",0.000713869684948274
"1164",116.3,"Simu1","DIC",50,"cliver",0.000661292108432087
"1165",116.4,"Simu1","DIC",50,"cliver",0.00061385740121345
"1166",116.5,"Simu1","DIC",50,"cliver",0.000570976593021646
"1167",116.6,"Simu1","DIC",50,"cliver",0.000532122260254912
"1168",116.7,"Simu1","DIC",50,"cliver",0.000496851038697238
"1169",116.8,"Simu1","DIC",50,"cliver",0.00046479460651345
"1170",116.9,"Simu1","DIC",50,"cliver",0.000435582841214654
"1171",117,"Simu1","DIC",50,"cliver",0.00040893817404062
"1172",117.1,"Simu1","DIC",50,"cliver",0.000384581847420388
"1173",117.2,"Simu1","DIC",50,"cliver",0.000362313445832272
"1174",117.3,"Simu1","DIC",50,"cliver",0.000341884324089452
"1175",117.4,"Simu1","DIC",50,"cliver",0.000323182800952373
"1176",117.5,"Simu1","DIC",50,"cliver",0.000305930956813402
"1177",117.6,"Simu1","DIC",50,"cliver",0.000290143233820952
"1178",117.7,"Simu1","DIC",50,"cliver",0.000275484260872562
"1179",117.8,"Simu1","DIC",50,"cliver",0.000262150161464116
"1180",117.9,"Simu1","DIC",50,"cliver",0.000249553561709042
"1181",118,"Simu1","DIC",50,"cliver",0.000238366550530694
"1182",118.1,"Simu1","DIC",50,"cliver",0.000227544544992518
"1183",118.2,"Simu1","DIC",50,"cliver",0.000217712830973367
"1184",118.3,"Simu1","DIC",50,"cliver",0.000208578299492411
"1185",118.4,"Simu1","DIC",50,"cliver",0.000200097379872778
"1186",118.5,"Simu1","DIC",50,"cliver",0.000192213442890342
"1187",118.6,"Simu1","DIC",50,"cliver",0.000184875982117746
"1188",118.7,"Simu1","DIC",50,"cliver",0.000178039446871649
"1189",118.8,"Simu1","DIC",50,"cliver",0.000171663040455193
"1190",118.9,"Simu1","DIC",50,"cliver",0.000165709612331348
"1191",119,"Simu1","DIC",50,"cliver",0.000160145895008127
"1192",119.1,"Simu1","DIC",50,"cliver",0.00015493941077548
"1193",119.2,"Simu1","DIC",50,"cliver",0.000150066104275533
"1194",119.3,"Simu1","DIC",50,"cliver",0.000145489053707313
"1195",119.4,"Simu1","DIC",50,"cliver",0.000141216087828904
"1196",119.5,"Simu1","DIC",50,"cliver",0.000137139852148745
"1197",119.6,"Simu1","DIC",50,"cliver",0.000133391612169668
"1198",119.7,"Simu1","DIC",50,"cliver",0.000129817284665072
"1199",119.8,"Simu1","DIC",50,"cliver",0.00012645657777905
"1200",119.9,"Simu1","DIC",50,"cliver",0.00012328898616704
"1201",120,"Simu1","DIC",50,"cliver",0.000195708242358891
"1202",120.1,"Simu1","DIC",50,"cliver",0.274289941386375
"1203",120.2,"Simu1","DIC",50,"cliver",1.65961918539544
"1204",120.3,"Simu1","DIC",50,"cliver",3.4206161285568
"1205",120.4,"Simu1","DIC",50,"cliver",5.13937894410215
"1206",120.5,"Simu1","DIC",50,"cliver",6.67962753756047
"1207",120.6,"Simu1","DIC",50,"cliver",8.00762851145845
"1208",120.7,"Simu1","DIC",50,"cliver",9.1258263483555
"1209",120.8,"Simu1","DIC",50,"cliver",10.0485436565622
"1210",120.9,"Simu1","DIC",50,"cliver",10.7931730077503
"1211",121,"Simu1","DIC",50,"cliver",11.3770647498516
"1212",121.1,"Simu1","DIC",50,"cliver",11.8164876442113
"1213",121.2,"Simu1","DIC",50,"cliver",12.12635415883
"1214",121.3,"Simu1","DIC",50,"cliver",12.3202019325286
"1215",121.4,"Simu1","DIC",50,"cliver",12.4102797531254
"1216",121.5,"Simu1","DIC",50,"cliver",12.4076480504795
"1217",121.6,"Simu1","DIC",50,"cliver",12.3222860527561
"1218",121.7,"Simu1","DIC",50,"cliver",12.1631930831067
"1219",121.8,"Simu1","DIC",50,"cliver",11.9384789749126
"1220",121.9,"Simu1","DIC",50,"cliver",11.6554528559052
"1221",122,"Simu1","DIC",50,"cliver",11.3206971363738
"1222",122.1,"Simu1","DIC",50,"cliver",10.9401371158123
"1223",122.2,"Simu1","DIC",50,"cliver",10.5191046708144
"1224",122.3,"Simu1","DIC",50,"cliver",10.0623968479147
"1225",122.4,"Simu1","DIC",50,"cliver",9.57432534085959
"1226",122.5,"Simu1","DIC",50,"cliver",9.05876961238974
"1227",122.6,"Simu1","DIC",50,"cliver",8.51921567403753
"1228",122.7,"Simu1","DIC",50,"cliver",7.95878961944147
"1229",122.8,"Simu1","DIC",50,"cliver",7.38029610993431
"1230",122.9,"Simu1","DIC",50,"cliver",6.78625256597852
"1231",123,"Simu1","DIC",50,"cliver",6.17891743076711
"1232",123.1,"Simu1","DIC",50,"cliver",5.56031542055256
"1233",123.2,"Simu1","DIC",50,"cliver",4.9322618343066
"1234",123.3,"Simu1","DIC",50,"cliver",4.29638643194772
"1235",123.4,"Simu1","DIC",50,"cliver",3.65415705667584
"1236",123.5,"Simu1","DIC",50,"cliver",3.00690521843227
"1237",123.6,"Simu1","DIC",50,"cliver",2.35586081269211
"1238",123.7,"Simu1","DIC",50,"cliver",1.70221263192829
"1239",123.8,"Simu1","DIC",50,"cliver",1.04730252880021
"1240",123.9,"Simu1","DIC",50,"cliver",0.393775769383361
"1241",124,"Simu1","DIC",50,"cliver",0.000841218626659628
"1242",124.1,"Simu1","DIC",50,"cliver",0.000776046546463806
"1243",124.2,"Simu1","DIC",50,"cliver",0.000717539804742723
"1244",124.3,"Simu1","DIC",50,"cliver",0.000664882673172254
"1245",124.4,"Simu1","DIC",50,"cliver",0.000617375765646689
"1246",124.5,"Simu1","DIC",50,"cliver",0.000574428937529689
"1247",124.6,"Simu1","DIC",50,"cliver",0.00053551541600046
"1248",124.7,"Simu1","DIC",50,"cliver",0.000500188897873054
"1249",124.8,"Simu1","DIC",50,"cliver",0.000468081653983773
"1250",124.9,"Simu1","DIC",50,"cliver",0.000438824448554619
"1251",125,"Simu1","DIC",50,"cliver",0.000412137711292162
"1252",125.1,"Simu1","DIC",50,"cliver",0.000387741825186184
"1253",125.2,"Simu1","DIC",50,"cliver",0.00036543768660792
"1254",125.3,"Simu1","DIC",50,"cliver",0.000344973371031872
"1255",125.4,"Simu1","DIC",50,"cliver",0.000326242572148416
"1256",125.5,"Simu1","DIC",50,"cliver",0.000308960846248831
"1257",125.6,"Simu1","DIC",50,"cliver",0.000293147883573913
"1258",125.7,"Simu1","DIC",50,"cliver",0.000278459188413961
"1259",125.8,"Simu1","DIC",50,"cliver",0.000265107445114909
"1260",125.9,"Simu1","DIC",50,"cliver",0.000252479264997929
"1261",126,"Simu1","DIC",50,"cliver",0.000241288444756306
"1262",126.1,"Simu1","DIC",50,"cliver",0.000230463602849103
"1263",126.2,"Simu1","DIC",50,"cliver",0.000220588335791138
"1264",126.3,"Simu1","DIC",50,"cliver",0.000211434489273136
"1265",126.4,"Simu1","DIC",50,"cliver",0.00020293730458117
"1266",126.5,"Simu1","DIC",50,"cliver",0.000195037988829143
"1267",126.6,"Simu1","DIC",50,"cliver",0.000187686050122763
"1268",126.7,"Simu1","DIC",50,"cliver",0.000180835821586921
"1269",126.8,"Simu1","DIC",50,"cliver",0.000174446456927194
"1270",126.9,"Simu1","DIC",50,"cliver",0.000168480639242489
"1271",127,"Simu1","DIC",50,"cliver",0.000162905390447465
"1272",127.1,"Simu1","DIC",50,"cliver",0.000157687310200247
"1273",127.2,"Simu1","DIC",50,"cliver",0.000152804753327532
"1274",127.3,"Simu1","DIC",50,"cliver",0.00014821393685556
"1275",127.4,"Simu1","DIC",50,"cliver",0.000143941717036502
"1276",127.5,"Simu1","DIC",50,"cliver",0.000139827136473882
"1277",127.6,"Simu1","DIC",50,"cliver",0.000136085829142931
"1278",127.7,"Simu1","DIC",50,"cliver",0.000132508961822701
"1279",127.8,"Simu1","DIC",50,"cliver",0.000129140071031529
"1280",127.9,"Simu1","DIC",50,"cliver",0.000125964405852833
"1281",128,"Simu1","DIC",50,"cliver",0.000198454380002915
"1282",128.1,"Simu1","DIC",50,"cliver",0.274489931083245
"1283",128.2,"Simu1","DIC",50,"cliver",1.66022808979824
"1284",128.3,"Simu1","DIC",50,"cliver",3.42163311630942
"1285",128.4,"Simu1","DIC",50,"cliver",5.14079819375821
"1286",128.5,"Simu1","DIC",50,"cliver",6.68144289685285
"1287",128.6,"Simu1","DIC",50,"cliver",8.00983489158628
"1288",128.7,"Simu1","DIC",50,"cliver",9.12841869061729
"1289",128.8,"Simu1","DIC",50,"cliver",10.0515166666912
"1290",128.9,"Simu1","DIC",50,"cliver",10.7965229380384
"1291",129,"Simu1","DIC",50,"cliver",11.3807868437145
"1292",129.1,"Simu1","DIC",50,"cliver",11.8205779962977
"1293",129.2,"Simu1","DIC",50,"cliver",12.1308068119118
"1294",129.3,"Simu1","DIC",50,"cliver",12.3250131762424
"1295",129.4,"Simu1","DIC",50,"cliver",12.4154452533017
"1296",129.5,"Simu1","DIC",50,"cliver",12.4131636079208
"1297",129.6,"Simu1","DIC",50,"cliver",12.3281474984975
"1298",129.7,"Simu1","DIC",50,"cliver",12.169395685889
"1299",129.8,"Simu1","DIC",50,"cliver",11.9450193702492
"1300",129.9,"Simu1","DIC",50,"cliver",11.6623265578707
"1301",130,"Simu1","DIC",50,"cliver",11.3278994336845
"1302",130.1,"Simu1","DIC",50,"cliver",10.9476643453052
"1303",130.2,"Simu1","DIC",50,"cliver",10.5269547588613
"1304",130.3,"Simu1","DIC",50,"cliver",10.0705682784171
"1305",130.4,"Simu1","DIC",50,"cliver",9.58281852264392
"1306",130.5,"Simu1","DIC",50,"cliver",9.06758234726509
"1307",130.6,"Simu1","DIC",50,"cliver",8.52834267544227
"1308",130.7,"Simu1","DIC",50,"cliver",7.96822679950623
"1309",130.8,"Simu1","DIC",50,"cliver",7.39004120272881
"1310",130.9,"Simu1","DIC",50,"cliver",6.79630340345108
"1311",131,"Simu1","DIC",50,"cliver",6.18927103680273
"1312",131.1,"Simu1","DIC",50,"cliver",5.5709684156817
"1313",131.2,"Simu1","DIC",50,"cliver",4.94321106262186
"1314",131.3,"Simu1","DIC",50,"cliver",4.30762897327417
"1315",131.4,"Simu1","DIC",50,"cliver",3.66568980831638
"1316",131.5,"Simu1","DIC",50,"cliver",3.01872448937592
"1317",131.6,"Simu1","DIC",50,"cliver",2.36796117188634
"1318",131.7,"Simu1","DIC",50,"cliver",1.71458740765598
"1319",131.8,"Simu1","DIC",50,"cliver",1.0599349721836
"1320",131.9,"Simu1","DIC",50,"cliver",0.406579985531153
"1321",132,"Simu1","DIC",50,"cliver",0.000844937398237638
"1322",132.1,"Simu1","DIC",50,"cliver",0.000779669340835162
"1323",132.2,"Simu1","DIC",50,"cliver",0.000721077008437484
"1324",132.3,"Simu1","DIC",50,"cliver",0.000668342564260506
"1325",132.4,"Simu1","DIC",50,"cliver",0.000620765316832619
"1326",132.5,"Simu1","DIC",50,"cliver",0.000577754574486255
"1327",132.6,"Simu1","DIC",50,"cliver",0.000538783880050428
"1328",132.7,"Simu1","DIC",50,"cliver",0.00050340382473589
"1329",132.8,"Simu1","DIC",50,"cliver",0.000471246463637194
"1330",132.9,"Simu1","DIC",50,"cliver",0.000441945955479672
"1331",133,"Simu1","DIC",50,"cliver",0.000415218215797255
"1332",133.1,"Simu1","DIC",50,"cliver",0.000390784440198526
"1333",133.2,"Simu1","DIC",50,"cliver",0.000368445017979959
"1334",133.3,"Simu1","DIC",50,"cliver",0.000347947214313684
"1335",133.4,"Simu1","DIC",50,"cliver",0.000329186214567048
"1336",133.5,"Simu1","DIC",50,"cliver",0.000311879344048549
"1337",133.6,"Simu1","DIC",50,"cliver",0.000296037702228064
"1338",133.7,"Simu1","DIC",50,"cliver",0.000281325876450976
"1339",133.8,"Simu1","DIC",50,"cliver",0.000267947484075204
"1340",133.9,"Simu1","DIC",50,"cliver",0.000255303756646434
"1341",134,"Simu1","DIC",50,"cliver",0.000244084739473616
"1342",134.1,"Simu1","DIC",50,"cliver",0.000233304253965856
"1343",134.2,"Simu1","DIC",50,"cliver",0.000223354173864781
"1344",134.3,"Simu1","DIC",50,"cliver",0.000214182521596072
"1345",134.4,"Simu1","DIC",50,"cliver",0.000205669720286489
"1346",134.5,"Simu1","DIC",50,"cliver",0.000197755494976645
"1347",134.6,"Simu1","DIC",50,"cliver",0.000190389568212786
"1348",134.7,"Simu1","DIC",50,"cliver",0.000183526126241271
"1349",134.8,"Simu1","DIC",50,"cliver",0.000177124260198275
"1350",134.9,"Simu1","DIC",50,"cliver",0.000171146418211714
"1351",135,"Simu1","DIC",50,"cliver",0.00016556013361751
"1352",135.1,"Simu1","DIC",50,"cliver",0.000160330541297874
"1353",135.2,"Simu1","DIC",50,"cliver",0.00015543988799157
"1354",135.3,"Simu1","DIC",50,"cliver",0.000150833505964738
"1355",135.4,"Simu1","DIC",50,"cliver",0.000146568220208726
"1356",135.5,"Simu1","DIC",50,"cliver",0.000142399555688171
"1357",135.6,"Simu1","DIC",50,"cliver",0.000138685425084434
"1358",135.7,"Simu1","DIC",50,"cliver",0.000135098144137124
"1359",135.8,"Simu1","DIC",50,"cliver",0.000131721191386958
"1360",135.9,"Simu1","DIC",50,"cliver",0.000128537549725771
"1361",136,"Simu1","DIC",50,"cliver",0.000201092199844539
"1362",136.1,"Simu1","DIC",50,"cliver",0.274682486655107
"1363",136.2,"Simu1","DIC",50,"cliver",1.6608208993682
"1364",136.3,"Simu1","DIC",50,"cliver",3.42262317799873
"1365",136.4,"Simu1","DIC",50,"cliver",5.14218176271288
"1366",136.5,"Simu1","DIC",50,"cliver",6.68321522524057
"1367",136.6,"Simu1","DIC",50,"cliver",8.01199034205719
"1368",136.7,"Simu1","DIC",50,"cliver",9.13095181498469
"1369",136.8,"Simu1","DIC",50,"cliver",10.0544219918794
"1370",136.9,"Simu1","DIC",50,"cliver",10.7997946329496
"1371",137,"Simu1","DIC",50,"cliver",11.3844203748629
"1372",137.1,"Simu1","DIC",50,"cliver",11.8245689333917
"1373",137.2,"Simu1","DIC",50,"cliver",12.1351504119817
"1374",137.3,"Simu1","DIC",50,"cliver",12.3297050761007
"1375",137.4,"Simu1","DIC",50,"cliver",12.4204812050379
"1376",137.5,"Simu1","DIC",50,"cliver",12.4185396987203
"1377",137.6,"Simu1","DIC",50,"cliver",12.3338598049082
"1378",137.7,"Simu1","DIC",50,"cliver",12.1754414814712
"1379",137.8,"Simu1","DIC",50,"cliver",11.951395096857
"1380",137.9,"Simu1","DIC",50,"cliver",11.6690281235222
"1381",138,"Simu1","DIC",50,"cliver",11.3349251211689
"1382",138.1,"Simu1","DIC",50,"cliver",10.955010646888
"1383",138.2,"Simu1","DIC",50,"cliver",10.5346173565249
"1384",138.3,"Simu1","DIC",50,"cliver",10.0785433414696
"1385",138.4,"Simu1","DIC",50,"cliver",9.59110004523085
"1386",138.5,"Simu1","DIC",50,"cliver",9.07616454912536
"1387",138.6,"Simu1","DIC",50,"cliver",8.53722335584901
"1388",138.7,"Simu1","DIC",50,"cliver",7.97740490430211
"1389",138.8,"Simu1","DIC",50,"cliver",7.39951435162385
"1390",138.9,"Simu1","DIC",50,"cliver",6.80606808394072
"1391",139,"Simu1","DIC",50,"cliver",6.19932399895619
"1392",139.1,"Simu1","DIC",50,"cliver",5.58130712235775
"1393",139.2,"Simu1","DIC",50,"cliver",4.95383311008187
"1394",139.3,"Simu1","DIC",50,"cliver",4.31853156428185
"1395",139.4,"Simu1","DIC",50,"cliver",3.67686973220018
"1396",139.5,"Simu1","DIC",50,"cliver",3.03017816853608
"1397",139.6,"Simu1","DIC",50,"cliver",2.37968428897828
"1398",139.7,"Simu1","DIC",50,"cliver",1.72657325700032
"1399",139.8,"Simu1","DIC",50,"cliver",1.07216799833327
"1400",139.9,"Simu1","DIC",50,"cliver",0.418980445810743
"1401",140,"Simu1","DIC",50,"cliver",0.000848516142735437
"1402",140.1,"Simu1","DIC",50,"cliver",0.000783156669156415
"1403",140.2,"Simu1","DIC",50,"cliver",0.000724481871436174
"1404",140.3,"Simu1","DIC",50,"cliver",0.000671672994393057
"1405",140.4,"Simu1","DIC",50,"cliver",0.000624028392171819
"1406",140.5,"Simu1","DIC",50,"cliver",0.000580956552247784
"1407",140.6,"Simu1","DIC",50,"cliver",0.000541929552730216
"1408",140.7,"Simu1","DIC",50,"cliver",0.000506498452232757
"1409",140.8,"Simu1","DIC",50,"cliver",0.000474295285711341
"1410",140.9,"Simu1","DIC",50,"cliver",0.000444951010214545
"1411",141,"Simu1","DIC",50,"cliver",0.000418183526630499
"1412",141.1,"Simu1","DIC",50,"cliver",0.000393712880958436
"1413",141.2,"Simu1","DIC",50,"cliver",0.000371339846200735
"1414",141.3,"Simu1","DIC",50,"cliver",0.000350810895984661
"1415",141.4,"Simu1","DIC",50,"cliver",0.000332021429078554
"1416",141.5,"Simu1","DIC",50,"cliver",0.000314684828146429
"1417",141.6,"Simu1","DIC",50,"cliver",0.000298820443977321
"1418",141.7,"Simu1","DIC",50,"cliver",0.000284082509170547
"1419",141.8,"Simu1","DIC",50,"cliver",0.000270687093412464
"1420",141.9,"Simu1","DIC",50,"cliver",0.000258014929786732
"1421",142,"Simu1","DIC",50,"cliver",0.000246788805968979
"1422",142.1,"Simu1","DIC",50,"cliver",0.000235998605882208
"1423",142.2,"Simu1","DIC",50,"cliver",0.000226015067561672
"1424",142.3,"Simu1","DIC",50,"cliver",0.000216827723887123
"1425",142.4,"Simu1","DIC",50,"cliver",0.00020829968165137
"1426",142.5,"Simu1","DIC",50,"cliver",0.000200371218986009
"1427",142.6,"Simu1","DIC",50,"cliver",0.000192991776039145
"1428",142.7,"Simu1","DIC",50,"cliver",0.000186115531858673
"1429",142.8,"Simu1","DIC",50,"cliver",0.00017970153377803
"1430",142.9,"Simu1","DIC",50,"cliver",0.000173712293466042
"1431",143,"Simu1","DIC",50,"cliver",0.000168114954757989
"1432",143.1,"Simu1","DIC",50,"cliver",0.000162875493315041
"1433",143.2,"Simu1","DIC",50,"cliver",0.000157973669209621
"1434",143.3,"Simu1","DIC",50,"cliver",0.00015336157709269
"1435",143.4,"Simu1","DIC",50,"cliver",0.000149077119157801
"1436",143.5,"Simu1","DIC",50,"cliver",0.000144928618163285
"1437",143.6,"Simu1","DIC",50,"cliver",0.000141175255248929
"1438",143.7,"Simu1","DIC",50,"cliver",0.000137590096105964
"1439",143.8,"Simu1","DIC",50,"cliver",0.000134205892656214
"1440",143.9,"Simu1","DIC",50,"cliver",0.00013101365272944
"1441",144,"Simu1","DIC",50,"cliver",0.000203632786878337
"1442",144.1,"Simu1","DIC",50,"cliver",0.274867060586059
"1443",144.2,"Simu1","DIC",50,"cliver",1.66138454385598
"1444",144.3,"Simu1","DIC",50,"cliver",3.4235621619253
"1445",144.4,"Simu1","DIC",50,"cliver",5.14349059807296
"1446",144.5,"Simu1","DIC",50,"cliver",6.68488918649396
"1447",144.6,"Simu1","DIC",50,"cliver",8.01402494945532
"1448",144.7,"Simu1","DIC",50,"cliver",9.13334230263896
"1449",144.8,"Simu1","DIC",50,"cliver",10.0571643983295
"1450",144.9,"Simu1","DIC",50,"cliver",10.802884755095
"1451",145,"Simu1","DIC",50,"cliver",11.3878534264609
"1452",145.1,"Simu1","DIC",50,"cliver",11.8283409871551
"1453",145.2,"Simu1","DIC",50,"cliver",12.1392575301836
"1454",145.3,"Simu1","DIC",50,"cliver",12.3341433480763
"1455",145.4,"Simu1","DIC",50,"cliver",12.4252469723723
"1456",145.5,"Simu1","DIC",50,"cliver",12.4236290612638
"1457",145.6,"Simu1","DIC",50,"cliver",12.3392698337088
"1458",145.7,"Simu1","DIC",50,"cliver",12.1811677197485
"1459",145.8,"Simu1","DIC",50,"cliver",11.957434285749
"1460",145.9,"Simu1","DIC",50,"cliver",11.6753793268699
"1461",146,"Simu1","DIC",50,"cliver",11.3415836014242
"1462",146.1,"Simu1","DIC",50,"cliver",10.961972985305
"1463",146.2,"Simu1","DIC",50,"cliver",10.5418801158362
"1464",146.3,"Simu1","DIC",50,"cliver",10.0861002265384
"1465",146.4,"Simu1","DIC",50,"cliver",9.59894836236752
"1466",146.5,"Simu1","DIC",50,"cliver",9.08430554038997
"1467",146.6,"Simu1","DIC",50,"cliver",8.5456560197026
"1468",146.7,"Simu1","DIC",50,"cliver",7.98612496280075
"1469",146.8,"Simu1","DIC",50,"cliver",7.40851764517854
"1470",146.9,"Simu1","DIC",50,"cliver",6.81535210006291
"1471",147,"Simu1","DIC",50,"cliver",6.20888688365354
"1472",147.1,"Simu1","DIC",50,"cliver",5.5911464753922
"1473",147.2,"Simu1","DIC",50,"cliver",4.9639459617815
"1474",147.3,"Simu1","DIC",50,"cliver",4.32891491351672
"1475",147.4,"Simu1","DIC",50,"cliver",3.68752068564596
"1476",147.5,"Simu1","DIC",50,"cliver",3.04109353996165
"1477",147.6,"Simu1","DIC",50,"cliver",2.39085985411754
"1478",147.7,"Simu1","DIC",50,"cliver",1.73800241746962
"1479",147.8,"Simu1","DIC",50,"cliver",1.08383623199045
"1480",147.9,"Simu1","DIC",50,"cliver",0.430815186250464
"1481",148,"Simu1","DIC",50,"cliver",0.000851959731587291
"1482",148.1,"Simu1","DIC",50,"cliver",0.000786511580612302
"1483",148.2,"Simu1","DIC",50,"cliver",0.00072775748048216
"1484",148.3,"Simu1","DIC",50,"cliver",0.000674877053685465
"1485",148.4,"Simu1","DIC",50,"cliver",0.000627167444205005
"1486",148.5,"Simu1","DIC",50,"cliver",0.000584036293821479
"1487",148.6,"Simu1","DIC",50,"cliver",0.000544956472776883
"1488",148.7,"Simu1","DIC",50,"cliver",0.000509475989266683
"1489",148.8,"Simu1","DIC",50,"cliver",0.000477226011103726
"1490",148.9,"Simu1","DIC",50,"cliver",0.000447841893425353
"1491",149,"Simu1","DIC",50,"cliver",0.000421036347737068
"1492",149.1,"Simu1","DIC",50,"cliver",0.000396530948228899
"1493",149.2,"Simu1","DIC",50,"cliver",0.000374124813867536
"1494",149.3,"Simu1","DIC",50,"cliver",0.000353565259902384
"1495",149.4,"Simu1","DIC",50,"cliver",0.000334746645072017
"1496",149.5,"Simu1","DIC",50,"cliver",0.00031738927861114
"1497",149.6,"Simu1","DIC",50,"cliver",0.000301495513896662
"1498",149.7,"Simu1","DIC",50,"cliver",0.000286739868670017
"1499",149.8,"Simu1","DIC",50,"cliver",0.000273313568068758
"1500",149.9,"Simu1","DIC",50,"cliver",0.000260636731443624
"1501",150,"Simu1","DIC",50,"cliver",0.000249368833428622
"1502",150.1,"Simu1","DIC",50,"cliver",0.00023845978522719
"1503",150.2,"Simu1","DIC",50,"cliver",0.000228575519819725
"1504",150.3,"Simu1","DIC",50,"cliver",0.000219372828075611
"1505",150.4,"Simu1","DIC",50,"cliver",0.000210830386312397
"1506",150.5,"Simu1","DIC",50,"cliver",0.000202888116073859
"1507",150.6,"Simu1","DIC",50,"cliver",0.000195495729458323
"1508",150.7,"Simu1","DIC",50,"cliver",0.000188607271349161
"1509",150.8,"Simu1","DIC",50,"cliver",0.000182181713184555
"1510",150.9,"Simu1","DIC",50,"cliver",0.000176181336108608
"1511",151,"Simu1","DIC",50,"cliver",0.000170573798705142
"1512",151.1,"Simu1","DIC",50,"cliver",0.000165323647523253
"1513",151.2,"Simu1","DIC",50,"cliver",0.000160414419192067
"1514",151.3,"Simu1","DIC",50,"cliver",0.000155787752312084
"1515",151.4,"Simu1","DIC",50,"cliver",0.000151510050246874
"1516",151.5,"Simu1","DIC",50,"cliver",0.0001473110006731
"1517",151.6,"Simu1","DIC",50,"cliver",0.000143586304980408
"1518",151.7,"Simu1","DIC",50,"cliver",0.000139988348142423
"1519",151.8,"Simu1","DIC",50,"cliver",0.000136597556832832
"1520",151.9,"Simu1","DIC",50,"cliver",0.000133399607824395
"1521",152,"Simu1","DIC",50,"cliver",0.00020607713346685
"1522",152.1,"Simu1","DIC",50,"cliver",0.275044229965714
"1523",152.2,"Simu1","DIC",50,"cliver",1.66192247398071
"1524",152.3,"Simu1","DIC",50,"cliver",3.42445706852271
"1525",152.4,"Simu1","DIC",50,"cliver",5.14473778916768
"1526",152.5,"Simu1","DIC",50,"cliver",6.68648444958368
"1527",152.6,"Simu1","DIC",50,"cliver",8.01596392299764
"1528",152.7,"Simu1","DIC",50,"cliver",9.13562101682491
"1529",152.8,"Simu1","DIC",50,"cliver",10.059778900641
"1530",152.9,"Simu1","DIC",50,"cliver",10.805831060062
"1531",153,"Simu1","DIC",50,"cliver",11.3911263558239
"1532",153.1,"Simu1","DIC",50,"cliver",11.831938495769
"1533",153.2,"Simu1","DIC",50,"cliver",12.1431759530701
"1534",153.3,"Simu1","DIC",50,"cliver",12.3383791572857
"1535",153.4,"Simu1","DIC",50,"cliver",12.4297967196267
"1536",153.5,"Simu1","DIC",50,"cliver",12.4284894590296
"1537",153.6,"Simu1","DIC",50,"cliver",12.3444373920643
"1538",153.7,"Simu1","DIC",50,"cliver",12.1866394807585
"1539",153.8,"Simu1","DIC",50,"cliver",11.963206443064
"1540",153.9,"Simu1","DIC",50,"cliver",11.6814490300432
"1541",154,"Simu1","DIC",50,"cliver",11.3479483826406
"1542",154.1,"Simu1","DIC",50,"cliver",10.9686291002114
"1543",154.2,"Simu1","DIC",50,"cliver",10.5488257808456
"1544",154.3,"Simu1","DIC",50,"cliver",10.0933336383542
"1545",154.4,"Simu1","DIC",50,"cliver",9.60646562782272
"1546",154.5,"Simu1","DIC",50,"cliver",9.09210303113856
"1547",154.6,"Simu1","DIC",50,"cliver",8.55373113062912
"1548",154.7,"Simu1","DIC",50,"cliver",7.99447569213867
"1549",154.8,"Simu1","DIC",50,"cliver",7.41714170074959
"1550",154.9,"Simu1","DIC",50,"cliver",6.82424667784451
"1551",155,"Simu1","DIC",50,"cliver",6.21804923407601
"1552",155.1,"Simu1","DIC",50,"cliver",5.6005741253905
"1553",155.2,"Simu1","DIC",50,"cliver",4.97363651187015
"1554",155.3,"Simu1","DIC",50,"cliver",4.33886578451827
"1555",155.4,"Simu1","DIC",50,"cliver",3.69772901323516
"1556",155.5,"Simu1","DIC",50,"cliver",3.05155604707682
"1557",155.6,"Simu1","DIC",50,"cliver",2.4015728793292
"1558",155.7,"Simu1","DIC",50,"cliver",1.74895651565643
"1559",155.8,"Simu1","DIC",50,"cliver",1.09502082910365
"1560",155.9,"Simu1","DIC",50,"cliver",0.442167894471257
"1561",156,"Simu1","DIC",50,"cliver",0.000855273081963293
"1562",156.1,"Simu1","DIC",50,"cliver",0.000789740313214036
"1563",156.2,"Simu1","DIC",50,"cliver",0.000730909948996349
"1564",156.3,"Simu1","DIC",50,"cliver",0.000677960655177349
"1565",156.4,"Simu1","DIC",50,"cliver",0.000630188755359286
"1566",156.5,"Simu1","DIC",50,"cliver",0.000587001335556155
"1567",156.6,"Simu1","DIC",50,"cliver",0.000547869035866333
"1568",156.7,"Simu1","DIC",50,"cliver",0.000512341323804819
"1569",156.8,"Simu1","DIC",50,"cliver",0.000480050036383116
"1570",156.9,"Simu1","DIC",50,"cliver",0.000450624759753828
"1571",157,"Simu1","DIC",50,"cliver",0.000423782393106328
"1572",157.1,"Simu1","DIC",50,"cliver",0.000399242625900599
"1573",157.2,"Simu1","DIC",50,"cliver",0.000376805718742528
"1574",157.3,"Simu1","DIC",50,"cliver",0.000356217655876864
"1575",157.4,"Simu1","DIC",50,"cliver",0.000337373372948578
"1576",157.5,"Simu1","DIC",50,"cliver",0.00031998558761979
"1577",157.6,"Simu1","DIC",50,"cliver",0.000304073697990315
"1578",157.7,"Simu1","DIC",50,"cliver",0.000289291230471641
"1579",157.8,"Simu1","DIC",50,"cliver",0.000275854548132895
"1580",157.9,"Simu1","DIC",50,"cliver",0.000263143147321269
"1581",158,"Simu1","DIC",50,"cliver",0.000251881286275357
"1582",158.1,"Simu1","DIC",50,"cliver",0.000241056223462602
"1583",158.2,"Simu1","DIC",50,"cliver",0.000231040764216326
"1584",158.3,"Simu1","DIC",50,"cliver",0.00022182318693943
"1585",158.4,"Simu1","DIC",50,"cliver",0.00021326662604474
"1586",158.5,"Simu1","DIC",50,"cliver",0.000205311258393298
"1587",158.6,"Simu1","DIC",50,"cliver",0.000197906393786846
"1588",158.7,"Simu1","DIC",50,"cliver",0.000191006100406238
"1589",158.8,"Simu1","DIC",50,"cliver",0.000184569326077183
"1590",158.9,"Simu1","DIC",50,"cliver",0.000178558490064601
"1591",159,"Simu1","DIC",50,"cliver",0.000172940653872988
"1592",159.1,"Simu1","DIC",50,"cliver",0.000167681719821817
"1593",159.2,"Simu1","DIC",50,"cliver",0.000162761345359217
"1594",159.3,"Simu1","DIC",50,"cliver",0.000158131705455355
"1595",159.4,"Simu1","DIC",50,"cliver",0.000153830083809415
"1596",159.5,"Simu1","DIC",50,"cliver",0.000149666727570067
"1597",159.6,"Simu1","DIC",50,"cliver",0.000145896874138429
"1598",159.7,"Simu1","DIC",50,"cliver",0.00014229731235223
"1599",159.8,"Simu1","DIC",50,"cliver",0.000138899053335067
"1600",159.9,"Simu1","DIC",50,"cliver",0.000135693273769674
"1601",160,"Simu1","DIC",50,"cliver",0.000208431175892326
"1602",160.1,"Simu1","DIC",50,"cliver",0.275214985548121
"1603",160.2,"Simu1","DIC",50,"cliver",1.66244268921401
"1604",160.3,"Simu1","DIC",50,"cliver",3.42532351575262
"1605",160.4,"Simu1","DIC",50,"cliver",5.1459453587058
"1606",160.5,"Simu1","DIC",50,"cliver",6.68802817720732
"1607",160.6,"Simu1","DIC",50,"cliver",8.01783996985309
"1608",160.7,"Simu1","DIC",50,"cliver",9.13782541667872
"1609",160.8,"Simu1","DIC",50,"cliver",10.0623073018572
"1610",160.9,"Simu1","DIC",50,"cliver",10.8086802433434
"1611",161,"Simu1","DIC",50,"cliver",11.3942940562892
"1612",161.1,"Simu1","DIC",50,"cliver",11.8354188406655
"1613",161.2,"Simu1","DIC",50,"cliver",12.1469654415975
"1614",161.3,"Simu1","DIC",50,"cliver",12.3424742420236
"1615",161.4,"Simu1","DIC",50,"cliver",12.4341937865608
"1616",161.5,"Simu1","DIC",50,"cliver",12.4331850780141
"1617",161.6,"Simu1","DIC",50,"cliver",12.3494277806625
"1618",161.7,"Simu1","DIC",50,"cliver",12.1919210933871
"1619",161.8,"Simu1","DIC",50,"cliver",11.9687763603505
"1620",161.9,"Simu1","DIC",50,"cliver",11.6873020261205
"1621",162,"Simu1","DIC",50,"cliver",11.3540809899681
"1622",162.1,"Simu1","DIC",50,"cliver",10.975039895597
"1623",162.2,"Simu1","DIC",50,"cliver",10.5555122178011
"1624",162.3,"Simu1","DIC",50,"cliver",10.1002954163245
"1625",162.4,"Simu1","DIC",50,"cliver",9.61370361119683
"1626",162.5,"Simu1","DIC",50,"cliver",9.09961436096608
"1627",162.6,"Simu1","DIC",50,"cliver",8.56151085959262
"1628",162.7,"Simu1","DIC",50,"cliver",8.00252039810216
"1629",162.8,"Simu1","DIC",50,"cliver",7.4254495124582
"1630",162.9,"Simu1","DIC",50,"cliver",6.83281590431135
"1631",163,"Simu1","DIC",50,"cliver",6.22687737576399
"1632",163.1,"Simu1","DIC",50,"cliver",5.60965826110837
"1633",163.2,"Simu1","DIC",50,"cliver",4.98297393352053
"1634",163.3,"Simu1","DIC",50,"cliver",4.34845403982697
"1635",163.4,"Simu1","DIC",50,"cliver",3.70756552008448
"1636",163.5,"Simu1","DIC",50,"cliver",3.06163773318301
"1637",163.6,"Simu1","DIC",50,"cliver",2.41189583890261
"1638",163.7,"Simu1","DIC",50,"cliver",1.75951781550076
"1639",163.8,"Simu1","DIC",50,"cliver",1.10580449093098
"1640",163.9,"Simu1","DIC",50,"cliver",0.453107564762744
"1641",164,"Simu1","DIC",50,"cliver",0.000858467607652258
"1642",164.1,"Simu1","DIC",50,"cliver",0.000792852823666821
"1643",164.2,"Simu1","DIC",50,"cliver",0.000733948809259712
"1644",164.3,"Simu1","DIC",50,"cliver",0.000680933011296675
"1645",164.4,"Simu1","DIC",50,"cliver",0.000633100797902945
"1646",164.5,"Simu1","DIC",50,"cliver",0.000589858555330647
"1647",164.6,"Simu1","DIC",50,"cliver",0.000550676558932518
"1648",164.7,"Simu1","DIC",50,"cliver",0.000515103080307488
"1649",164.8,"Simu1","DIC",50,"cliver",0.00048276958308262
"1650",164.9,"Simu1","DIC",50,"cliver",0.000453306254466143
"1651",165,"Simu1","DIC",50,"cliver",0.000426428574890095
"1652",165.1,"Simu1","DIC",50,"cliver",0.000401856082323703
"1653",165.2,"Simu1","DIC",50,"cliver",0.000379389021633822
"1654",165.3,"Simu1","DIC",50,"cliver",0.000358772544612543
"1655",165.4,"Simu1","DIC",50,"cliver",0.000339902661226459
"1656",165.5,"Simu1","DIC",50,"cliver",0.00032249101029938
"1657",165.6,"Simu1","DIC",50,"cliver",0.000306556504916428
"1658",165.7,"Simu1","DIC",50,"cliver",0.000291752378356576
"1659",165.8,"Simu1","DIC",50,"cliver",0.000278296639379417
"1660",165.9,"Simu1","DIC",50,"cliver",0.00026556589778793
"1661",166,"Simu1","DIC",50,"cliver",0.000254288985639993
"1662",166.1,"Simu1","DIC",50,"cliver",0.00024345780868903
"1663",166.2,"Simu1","DIC",50,"cliver",0.000233415888742107
"1664",166.3,"Simu1","DIC",50,"cliver",0.000224183764514003
"1665",166.4,"Simu1","DIC",50,"cliver",0.000215613694670147
"1666",166.5,"Simu1","DIC",50,"cliver",0.000207645583278733
"1667",166.6,"Simu1","DIC",50,"cliver",0.000200228696180037
"1668",166.7,"Simu1","DIC",50,"cliver",0.000193317034015666
"1669",166.8,"Simu1","DIC",50,"cliver",0.000186869496731911
"1670",166.9,"Simu1","DIC",50,"cliver",0.000180848428010863
"1671",167,"Simu1","DIC",50,"cliver",0.000175220940096757
"1672",167.1,"Simu1","DIC",50,"cliver",0.000169952674203689
"1673",167.2,"Simu1","DIC",50,"cliver",0.000165023863858678
"1674",167.3,"Simu1","DIC",50,"cliver",0.000160385010781568
"1675",167.4,"Simu1","DIC",50,"cliver",0.000156077806140728
"1676",167.5,"Simu1","DIC",50,"cliver",0.000151900414253778
"1677",167.6,"Simu1","DIC",50,"cliver",0.000148124048887237
"1678",167.7,"Simu1","DIC",50,"cliver",0.000144521553095004
"1679",167.8,"Simu1","DIC",50,"cliver",0.000141116612270097
"1680",167.9,"Simu1","DIC",50,"cliver",0.000137905295088931
"1681",168,"Simu1","DIC",50,"cliver",0.000210698094887312
"1682",168.1,"Simu1","DIC",50,"cliver",0.275378429149659
"1683",168.2,"Simu1","DIC",50,"cliver",1.66293915003212
"1684",168.3,"Simu1","DIC",50,"cliver",3.42614927101478
"1685",168.4,"Simu1","DIC",50,"cliver",5.14709700492254
"1686",168.5,"Simu1","DIC",50,"cliver",6.68950216330839
"1687",168.6,"Simu1","DIC",50,"cliver",8.01963220498226
"1688",168.7,"Simu1","DIC",50,"cliver",9.13993211994061
"1689",168.8,"Simu1","DIC",50,"cliver",10.0647253451244
"1690",168.9,"Simu1","DIC",50,"cliver",10.8114052773605
"1691",169,"Simu1","DIC",50,"cliver",11.3973219857727
"1692",169.1,"Simu1","DIC",50,"cliver",11.8387471137533
"1693",169.2,"Simu1","DIC",50,"cliver",12.1505908039592
"1694",169.3,"Simu1","DIC",50,"cliver",12.3463935592475
"1695",169.4,"Simu1","DIC",50,"cliver",12.4384039813387
"1696",169.5,"Simu1","DIC",50,"cliver",12.4376833638751
"1697",169.6,"Simu1","DIC",50,"cliver",12.3542113025924
"1698",169.7,"Simu1","DIC",50,"cliver",12.1969874994819
"1699",169.8,"Simu1","DIC",50,"cliver",11.9741245530553
"1700",169.9,"Simu1","DIC",50,"cliver",11.6929286708027
"1701",170,"Simu1","DIC",50,"cliver",11.3599830279168
"1702",170.1,"Simu1","DIC",50,"cliver",10.9812120383353
"1703",170.2,"Simu1","DIC",50,"cliver",10.5619489183891
"1704",170.3,"Simu1","DIC",50,"cliver",10.1069952587815
"1705",170.4,"Simu1","DIC",50,"cliver",9.62066625065409
"1706",170.5,"Simu1","DIC",50,"cliver",9.10683740797348
"1707",170.6,"Simu1","DIC",50,"cliver",8.56899083426174
"1708",170.7,"Simu1","DIC",50,"cliver",8.01025444709671
"1709",170.8,"Simu1","DIC",50,"cliver",7.43343565983286
"1710",170.9,"Simu1","DIC",50,"cliver",6.84105225572359
"1711",171,"Simu1","DIC",50,"cliver",6.23536164054012
"1712",171.1,"Simu1","DIC",50,"cliver",5.61838794562155
"1713",171.2,"Simu1","DIC",50,"cliver",4.99194664258576
"1714",171.3,"Simu1","DIC",50,"cliver",4.3576674616568
"1715",171.4,"Simu1","DIC",50,"cliver",3.71701719054755
"1716",171.5,"Simu1","DIC",50,"cliver",3.07132480269422
"1717",171.6,"Simu1","DIC",50,"cliver",2.42181481365725
"1718",171.7,"Simu1","DIC",50,"cliver",1.76966376576961
"1719",171.8,"Simu1","DIC",50,"cliver",1.11616422840703
"1720",171.9,"Simu1","DIC",50,"cliver",0.463623929643071
"1721",172,"Simu1","DIC",50,"cliver",0.000861542385437934
"1722",172.1,"Simu1","DIC",50,"cliver",0.000795848136780718
"1723",172.2,"Simu1","DIC",50,"cliver",0.000736873429459104
"1724",172.3,"Simu1","DIC",50,"cliver",0.000683793885540061
"1725",172.4,"Simu1","DIC",50,"cliver",0.000635903848537121
"1726",172.5,"Simu1","DIC",50,"cliver",0.000592608540222788
"1727",172.6,"Simu1","DIC",50,"cliver",0.000553379678299443
"1728",172.7,"Simu1","DIC",50,"cliver",0.000517762373255553
"1729",172.8,"Simu1","DIC",50,"cliver",0.000485386496269003
"1730",172.9,"Simu1","DIC",50,"cliver",0.000455888010249892
"1731",173,"Simu1","DIC",50,"cliver",0.000428976372198356
"1732",173.1,"Simu1","DIC",50,"cliver",0.00040437326674247
"1733",173.2,"Simu1","DIC",50,"cliver",0.000381876244446931
"1734",173.3,"Simu1","DIC",50,"cliver",0.000361232679906976
"1735",173.4,"Simu1","DIC",50,"cliver",0.000342335638468259
"1736",173.5,"Simu1","DIC",50,"cliver",0.000324908611683677
"1737",173.6,"Simu1","DIC",50,"cliver",0.000308944532072272
"1738",173.7,"Simu1","DIC",50,"cliver",0.000294128623482416
"1739",173.8,"Simu1","DIC",50,"cliver",0.000280638336856545
"1740",173.9,"Simu1","DIC",50,"cliver",0.000267914360203521
"1741",174,"Simu1","DIC",50,"cliver",0.000256582927614562
"1742",174.1,"Simu1","DIC",50,"cliver",0.000245452933528103
"1743",174.2,"Simu1","DIC",50,"cliver",0.000235702113525424
"1744",174.3,"Simu1","DIC",50,"cliver",0.000226457272346576
"1745",174.4,"Simu1","DIC",50,"cliver",0.000217874424659888
"1746",174.5,"Simu1","DIC",50,"cliver",0.000209893979461657
"1747",174.6,"Simu1","DIC",50,"cliver",0.000202465554550308
"1748",174.7,"Simu1","DIC",50,"cliver",0.000195543020753349
"1749",174.8,"Simu1","DIC",50,"cliver",0.000189085191535166
"1750",174.9,"Simu1","DIC",50,"cliver",0.000183054168474829
"1751",175,"Simu1","DIC",50,"cliver",0.00017741762975168
"1752",175.1,"Simu1","DIC",50,"cliver",0.000172139704324272
"1753",175.2,"Simu1","DIC",50,"cliver",0.000167204620729199
"1754",175.3,"Simu1","DIC",50,"cliver",0.000162551936598774
"1755",175.4,"Simu1","DIC",50,"cliver",0.000158252923257092
"1756",175.5,"Simu1","DIC",50,"cliver",0.00015402487407428
"1757",175.6,"Simu1","DIC",50,"cliver",0.000150277336432536
"1758",175.7,"Simu1","DIC",50,"cliver",0.000146664226667014
"1759",175.8,"Simu1","DIC",50,"cliver",0.000143253532361664
"1760",175.9,"Simu1","DIC",50,"cliver",0.000140036538193906
"1761",176,"Simu1","DIC",50,"cliver",0.000212880507700721
"1762",176.1,"Simu1","DIC",50,"cliver",0.275537157636043
"1763",176.2,"Simu1","DIC",50,"cliver",1.66342372427391
"1764",176.3,"Simu1","DIC",50,"cliver",3.42695738719656
"1765",176.4,"Simu1","DIC",50,"cliver",5.14822451940878
"1766",176.5,"Simu1","DIC",50,"cliver",6.69094489295386
"1767",176.6,"Simu1","DIC",50,"cliver",8.02138581635855
"1768",176.7,"Simu1","DIC",50,"cliver",9.14199245304513
"1769",176.8,"Simu1","DIC",50,"cliver",10.0670878388571
"1770",176.9,"Simu1","DIC",50,"cliver",10.8140666447393
"1771",177,"Simu1","DIC",50,"cliver",11.4002788337
"1772",177.1,"Simu1","DIC",50,"cliver",11.8419957393298
"1773",177.2,"Simu1","DIC",50,"cliver",12.1541275637478
"1774",177.3,"Simu1","DIC",50,"cliver",12.3502150217334
"1775",177.4,"Simu1","DIC",50,"cliver",12.4425068306992
"1776",177.5,"Simu1","DIC",50,"cliver",12.4420644353551
"1777",177.6,"Simu1","DIC",50,"cliver",12.3588672369321
"1778",177.7,"Simu1","DIC",50,"cliver",12.2019159738585
"1779",177.8,"Simu1","DIC",50,"cliver",11.9793211924516
"1780",177.9,"Simu1","DIC",50,"cliver",11.6983912199831
"1781",178,"Simu1","DIC",50,"cliver",11.3657078875012
"1782",178.1,"Simu1","DIC",50,"cliver",10.9871960343041
"1783",178.2,"Simu1","DIC",50,"cliver",10.5681915528331
"1784",178.3,"Simu1","DIC",50,"cliver",10.1134949532366
"1785",178.4,"Simu1","DIC",50,"cliver",9.62741914756539
"1786",178.5,"Simu1","DIC",50,"cliver",9.11384023742261
"1787",178.6,"Simu1","DIC",50,"cliver",8.57624142580732
"1788",178.7,"Simu1","DIC",50,"cliver",8.0177509419628
"1789",178.8,"Simu1","DIC",50,"cliver",7.44117580932397
"1790",178.9,"Simu1","DIC",50,"cliver",6.84903352799475
"1791",179,"Simu1","DIC",50,"cliver",6.24358161721934
"1792",179.1,"Simu1","DIC",50,"cliver",5.62684441426829
"1793",179.2,"Simu1","DIC",50,"cliver",5.00063740419598
"1794",179.3,"Simu1","DIC",50,"cliver",4.36659015910388
"1795",179.4,"Simu1","DIC",50,"cliver",3.72616925413156
"1796",179.5,"Simu1","DIC",50,"cliver",3.08070334042754
"1797",179.6,"Simu1","DIC",50,"cliver",2.43141569834754
"1798",179.7,"Simu1","DIC",50,"cliver",1.77948134639313
"1799",179.8,"Simu1","DIC",50,"cliver",1.12618759978782
"1800",179.9,"Simu1","DIC",50,"cliver",0.47379985942676
"1801",180,"Simu1","DIC",50,"cliver",0.000864509714599479
"1802",180.1,"Simu1","DIC",50,"cliver",0.000798739230009972
"1803",180.2,"Simu1","DIC",50,"cliver",0.000739696023330185
"1804",180.3,"Simu1","DIC",50,"cliver",0.000686554652155268
"1805",180.4,"Simu1","DIC",50,"cliver",0.000638608611281254
"1806",180.5,"Simu1","DIC",50,"cliver",0.000595262300112359
"1807",180.6,"Simu1","DIC",50,"cliver",0.000555987187542308
"1808",180.7,"Simu1","DIC",50,"cliver",0.000520327431817977
"1809",180.8,"Simu1","DIC",50,"cliver",0.000487912380122265
"1810",180.9,"Simu1","DIC",50,"cliver",0.000458378560451823
"1811",181,"Simu1","DIC",50,"cliver",0.000431433830581009
"1812",181.1,"Simu1","DIC",50,"cliver",0.000406800458237476
"1813",181.2,"Simu1","DIC",50,"cliver",0.00038427511713512
"1814",181.3,"Simu1","DIC",50,"cliver",0.000363605544425814
"1815",181.4,"Simu1","DIC",50,"cliver",0.000344683895886811
"1816",181.5,"Simu1","DIC",50,"cliver",0.000327235802747367
"1817",181.6,"Simu1","DIC",50,"cliver",0.000311249266068744
"1818",181.7,"Simu1","DIC",50,"cliver",0.000296415465298735
"1819",181.8,"Simu1","DIC",50,"cliver",0.000282903939426858
"1820",181.9,"Simu1","DIC",50,"cliver",0.000270167457905941
"1821",182,"Simu1","DIC",50,"cliver",0.000258803228800177
"1822",182.1,"Simu1","DIC",50,"cliver",0.000247648982183587
"1823",182.2,"Simu1","DIC",50,"cliver",0.000238098097915169
"1824",182.3,"Simu1","DIC",50,"cliver",0.000228927228054813
"1825",182.4,"Simu1","DIC",50,"cliver",0.00021941762482624
"1826",182.5,"Simu1","DIC",50,"cliver",0.000212053320604465
"1827",182.6,"Simu1","DIC",50,"cliver",0.000204620573807649
"1828",182.7,"Simu1","DIC",50,"cliver",0.00019770363713776
"1829",182.8,"Simu1","DIC",50,"cliver",0.000191242293730179
"1830",182.9,"Simu1","DIC",50,"cliver",0.000185185339383628
"1831",183,"Simu1","DIC",50,"cliver",0.000179535188778918
"1832",183.1,"Simu1","DIC",50,"cliver",0.000174249261837692
"1833",183.2,"Simu1","DIC",50,"cliver",0.000169300070915186
"1834",183.3,"Simu1","DIC",50,"cliver",0.000164657874162124
"1835",183.4,"Simu1","DIC",50,"cliver",0.000160300707760015
"1836",183.5,"Simu1","DIC",50,"cliver",0.000156206154582563
"1837",183.6,"Simu1","DIC",50,"cliver",0.000152355264518632
"1838",183.7,"Simu1","DIC",50,"cliver",0.000148729364370796
"1839",183.8,"Simu1","DIC",50,"cliver",0.000145312739832488
"1840",183.9,"Simu1","DIC",50,"cliver",0.000142089618840856
"1841",184,"Simu1","DIC",50,"cliver",0.000214985235976387
"1842",184.1,"Simu1","DIC",50,"cliver",0.275691029805425
"1843",184.2,"Simu1","DIC",50,"cliver",1.66389745846857
"1844",184.3,"Simu1","DIC",50,"cliver",3.42775067144629
"1845",184.4,"Simu1","DIC",50,"cliver",5.14933335972534
"1846",184.5,"Simu1","DIC",50,"cliver",6.69236452696647
"1847",184.6,"Simu1","DIC",50,"cliver",8.02311163332237
"1848",184.7,"Simu1","DIC",50,"cliver",9.14401978629459
"1849",184.8,"Simu1","DIC",50,"cliver",10.0694122107067
"1850",184.9,"Simu1","DIC",50,"cliver",10.8166838106708
"1851",185,"Simu1","DIC",50,"cliver",11.4031840841638
"1852",185.1,"Simu1","DIC",50,"cliver",11.845185616441
"1853",185.2,"Simu1","DIC",50,"cliver",12.1575981101933
"1854",185.3,"Simu1","DIC",50,"cliver",12.3539628750812
"1855",185.4,"Simu1","DIC",50,"cliver",12.4465280952746
"1856",185.5,"Simu1","DIC",50,"cliver",12.4463549241587
"1857",185.6,"Simu1","DIC",50,"cliver",12.3634237178331
"1858",185.7,"Simu1","DIC",50,"cliver",12.2067340310408
"1859",185.8,"Simu1","DIC",50,"cliver",11.9843973304892
"1860",185.9,"Simu1","DIC",50,"cliver",11.7037226753107
"1861",186,"Simu1","DIC",50,"cliver",11.3712929071581
"1862",186.1,"Simu1","DIC",50,"cliver",10.9930343450549
"1863",186.2,"Simu1","DIC",50,"cliver",10.5742807751916
"1864",186.3,"Simu1","DIC",50,"cliver",10.1198306265221
"1865",186.4,"Simu1","DIC",50,"cliver",9.63399834702806
"1866",186.5,"Simu1","DIC",50,"cliver",9.12066128476953
"1867",186.6,"Simu1","DIC",50,"cliver",8.58330245003377
"1868",186.7,"Simu1","DIC",50,"cliver",8.02504928715132
"1869",186.8,"Simu1","DIC",50,"cliver",7.4487086888007
"1870",186.9,"Simu1","DIC",50,"cliver",6.85679856656156
"1871",187,"Simu1","DIC",50,"cliver",6.25157673041944
"1872",187.1,"Simu1","DIC",50,"cliver",5.63506745425342
"1873",187.2,"Simu1","DIC",50,"cliver",5.00908604709537
"1874",187.3,"Simu1","DIC",50,"cliver",4.37526199938657
"1875",187.4,"Simu1","DIC",50,"cliver",3.73506182888383
"1876",187.5,"Simu1","DIC",50,"cliver",3.08981394760535
"1877",187.6,"Simu1","DIC",50,"cliver",2.44074144519586
"1878",187.7,"Simu1","DIC",50,"cliver",1.78901739377034
"1879",187.8,"Simu1","DIC",50,"cliver",1.13592197209626
"1880",187.9,"Simu1","DIC",50,"cliver",0.4836823131315
"1881",188,"Simu1","DIC",50,"cliver",0.000867375285548269
"1882",188.1,"Simu1","DIC",50,"cliver",0.000801531515925557
"1883",188.2,"Simu1","DIC",50,"cliver",0.000742421868733667
"1884",188.3,"Simu1","DIC",50,"cliver",0.000689220493997097
"1885",188.4,"Simu1","DIC",50,"cliver",0.000641220041784387
"1886",188.5,"Simu1","DIC",50,"cliver",0.000597824533692096
"1887",188.6,"Simu1","DIC",50,"cliver",0.000558504144215644
"1888",188.7,"Simu1","DIC",50,"cliver",0.000522803044387569
"1889",188.8,"Simu1","DIC",50,"cliver",0.000490350982502845
"1890",188.9,"Simu1","DIC",50,"cliver",0.000460781952510816
"1891",189,"Simu1","DIC",50,"cliver",0.000433805507658549
"1892",189.1,"Simu1","DIC",50,"cliver",0.000409142169488669
"1893",189.2,"Simu1","DIC",50,"cliver",0.000386590138226109
"1894",189.3,"Simu1","DIC",50,"cliver",0.000365894917725953
"1895",189.4,"Simu1","DIC",50,"cliver",0.00034695142131848
"1896",189.5,"Simu1","DIC",50,"cliver",0.000329477827980217
"1897",189.6,"Simu1","DIC",50,"cliver",0.000313474938460166
"1898",189.7,"Simu1","DIC",50,"cliver",0.000298617116465993
"1899",189.8,"Simu1","DIC",50,"cliver",0.000285096556515967
"1900",189.9,"Simu1","DIC",50,"cliver",0.000272329959852504
"1901",190,"Simu1","DIC",50,"cliver",0.000260981558999781
"1902",190.1,"Simu1","DIC",50,"cliver",0.000249878162446631
"1903",190.2,"Simu1","DIC",50,"cliver",0.000240034663071517
"1904",190.3,"Simu1","DIC",50,"cliver",0.000230763046801742
"1905",190.4,"Simu1","DIC",50,"cliver",0.000222155382169402
"1906",190.5,"Simu1","DIC",50,"cliver",0.000214151622584738
"1907",190.6,"Simu1","DIC",50,"cliver",0.000206701156250385
"1908",190.7,"Simu1","DIC",50,"cliver",0.00019975775993613
"1909",190.8,"Simu1","DIC",50,"cliver",0.000193280178304185
"1910",190.9,"Simu1","DIC",50,"cliver",0.000187230466364824
"1911",191,"Simu1","DIC",50,"cliver",0.000181576117727218
"1912",191.1,"Simu1","DIC",50,"cliver",0.000176281468983693
"1913",191.2,"Simu1","DIC",50,"cliver",0.000171329915322919
"1914",191.3,"Simu1","DIC",50,"cliver",0.000166663117723317
"1915",191.4,"Simu1","DIC",50,"cliver",0.000162346262949296
"1916",191.5,"Simu1","DIC",50,"cliver",0.000158113548589799
"1917",191.6,"Simu1","DIC",50,"cliver",0.000154351159604122
"1918",191.7,"Simu1","DIC",50,"cliver",0.000150720115374301
"1919",191.8,"Simu1","DIC",50,"cliver",0.000147297309499786
"1920",191.9,"Simu1","DIC",50,"cliver",0.000144068689320407
"1921",192,"Simu1","DIC",50,"cliver",0.000217015741164906
"1922",192.1,"Simu1","DIC",50,"cliver",0.275837253078526
"1923",192.2,"Simu1","DIC",50,"cliver",1.6643392802268
"1924",192.3,"Simu1","DIC",50,"cliver",3.42848439021973
"1925",192.4,"Simu1","DIC",50,"cliver",5.15035400300445
"1926",192.5,"Simu1","DIC",50,"cliver",6.69366835890974
"1927",192.6,"Simu1","DIC",50,"cliver",8.02469577908949
"1928",192.7,"Simu1","DIC",50,"cliver",9.14588142942967
"1929",192.8,"Simu1","DIC",50,"cliver",10.0715484757958
"1930",192.9,"Simu1","DIC",50,"cliver",10.819091965481
"1931",193,"Simu1","DIC",50,"cliver",11.40586208411
"1932",193.1,"Simu1","DIC",50,"cliver",11.8481293371835
"1933",193.2,"Simu1","DIC",50,"cliver",12.1608050126078
"1934",193.3,"Simu1","DIC",50,"cliver",12.3574297600475
"1935",193.4,"Simu1","DIC",50,"cliver",12.4502525825978
"1936",193.5,"Simu1","DIC",50,"cliver",12.4503347839123
"1937",193.6,"Simu1","DIC",50,"cliver",12.3676563927648
"1938",193.7,"Simu1","DIC",50,"cliver",12.2112168080026
"1939",193.8,"Simu1","DIC",50,"cliver",11.9891279469271
"1940",193.9,"Simu1","DIC",50,"cliver",11.7086987076269
"1941",194,"Simu1","DIC",50,"cliver",11.3765116115857
"1942",194.1,"Simu1","DIC",50,"cliver",10.9984932832532
"1943",194.2,"Simu1","DIC",50,"cliver",10.5799778759783
"1944",194.3,"Simu1","DIC",50,"cliver",10.1257638583325
"1945",194.4,"Simu1","DIC",50,"cliver",9.64016555463364
"1946",194.5,"Simu1","DIC",50,"cliver",9.12706027819806
"1947",194.6,"Simu1","DIC",50,"cliver",8.58993115488803
"1948",194.7,"Simu1","DIC",50,"cliver",8.03190573741601
"1949",194.8,"Simu1","DIC",50,"cliver",7.45579087238859
"1950",194.9,"Simu1","DIC",50,"cliver",6.86410440350902
"1951",195,"Simu1","DIC",50,"cliver",6.25910413774257
"1952",195.1,"Simu1","DIC",50,"cliver",5.64281438045666
"1953",195.2,"Simu1","DIC",50,"cliver",5.01705043361171
"1954",195.3,"Simu1","DIC",50,"cliver",4.38344170636594
"1955",195.4,"Simu1","DIC",50,"cliver",3.74345454419964
"1956",195.5,"Simu1","DIC",50,"cliver",3.09841700678668
"1957",195.6,"Simu1","DIC",50,"cliver",2.44955129520797
"1958",195.7,"Simu1","DIC",50,"cliver",1.79802874993153
"1959",195.8,"Simu1","DIC",50,"cliver",1.14512524177867
"1960",195.9,"Simu1","DIC",50,"cliver",0.493031920309456
"1961",196,"Simu1","DIC",50,"cliver",0.000870126462242846
"1962",196.1,"Simu1","DIC",50,"cliver",0.000804212842560775
"1963",196.2,"Simu1","DIC",50,"cliver",0.000745039843601584
"1964",196.3,"Simu1","DIC",50,"cliver",0.000691781297044817
"1965",196.4,"Simu1","DIC",50,"cliver",0.000643729068715922
"1966",196.5,"Simu1","DIC",50,"cliver",0.000600286322362804
"1967",196.6,"Simu1","DIC",50,"cliver",0.000560923260672388
"1968",196.7,"Simu1","DIC",50,"cliver",0.000525182935350719
"1969",196.8,"Simu1","DIC",50,"cliver",0.000492694384509559
"1970",196.9,"Simu1","DIC",50,"cliver",0.000463092724706948
"1971",197,"Simu1","DIC",50,"cliver",0.000436085784121027
"1972",197.1,"Simu1","DIC",50,"cliver",0.000411394578073145
"1973",197.2,"Simu1","DIC",50,"cliver",0.000388816198111042
"1974",197.3,"Simu1","DIC",50,"cliver",0.000368096969395513
"1975",197.4,"Simu1","DIC",50,"cliver",0.000349130313048779
"1976",197.5,"Simu1","DIC",50,"cliver",0.00033163835577336
"1977",197.6,"Simu1","DIC",50,"cliver",0.000315613514323306
"1978",197.7,"Simu1","DIC",50,"cliver",0.000300740516695165
"1979",197.8,"Simu1","DIC",50,"cliver",0.0002871978707964
"1980",197.9,"Simu1","DIC",50,"cliver",0.000274423505598315
"1981",198,"Simu1","DIC",50,"cliver",0.000263037192746424
"1982",198.1,"Simu1","DIC",50,"cliver",0.000251852710751364
"1983",198.2,"Simu1","DIC",50,"cliver",0.000242278281300234
"1984",198.3,"Simu1","DIC",50,"cliver",0.000233052253766472
"1985",198.4,"Simu1","DIC",50,"cliver",0.00022355926311865
"1986",198.5,"Simu1","DIC",50,"cliver",0.000216157846782399
"1987",198.6,"Simu1","DIC",50,"cliver",0.000208701677572249
"1988",198.7,"Simu1","DIC",50,"cliver",0.000201763960837776
"1989",198.8,"Simu1","DIC",50,"cliver",0.000195283246281457
"1990",198.9,"Simu1","DIC",50,"cliver",0.000189209167169336
"1991",199,"Simu1","DIC",50,"cliver",0.000183542021344851
"1992",199.1,"Simu1","DIC",50,"cliver",0.000178239969248193
"1993",199.2,"Simu1","DIC",50,"cliver",0.000173275289394917
"1994",199.3,"Simu1","DIC",50,"cliver",0.000168618419077051
"1995",199.4,"Simu1","DIC",50,"cliver",0.000164247223846645
"1996",199.5,"Simu1","DIC",50,"cliver",0.000160139318545139
"1997",199.6,"Simu1","DIC",50,"cliver",0.000156275653075976
"1998",199.7,"Simu1","DIC",50,"cliver",0.00015263755902747
"1999",199.8,"Simu1","DIC",50,"cliver",0.000149209261844258
"2000",199.9,"Simu1","DIC",50,"cliver",0.000145974956667259
"2001",200,"Simu1","DIC",50,"cliver",0.000218969195596905
"2002",200.1,"Simu1","DIC",50,"cliver",0.275978894664714
"2003",200.2,"Simu1","DIC",50,"cliver",1.66477340735972
"2004",200.3,"Simu1","DIC",50,"cliver",3.42921037381058
"2005",200.4,"Simu1","DIC",50,"cliver",5.1513700218818
"2006",200.5,"Simu1","DIC",50,"cliver",6.69497078547492
"2007",200.6,"Simu1","DIC",50,"cliver",8.02628012787507
"2008",200.7,"Simu1","DIC",50,"cliver",9.14774342914369
"2009",200.8,"Simu1","DIC",50,"cliver",10.073684418532
"2010",200.9,"Simu1","DIC",50,"cliver",10.8214978098979
"2011",201,"Simu1","DIC",50,"cliver",11.4085341975126
"2012",201.1,"Simu1","DIC",50,"cliver",11.8510642277618
"2013",201.2,"Simu1","DIC",50,"cliver",12.163999191335
"2014",201.3,"Simu1","DIC",50,"cliver",12.3608799594334
"2015",201.4,"Simu1","DIC",50,"cliver",12.4539555612472
"2016",201.5,"Simu1","DIC",50,"cliver",12.4542874595015
"2017",201.6,"Simu1","DIC",50,"cliver",12.3718557051501
"2018",201.7,"Simu1","DIC",50,"cliver",12.2156599798147
"2019",201.8,"Simu1","DIC",50,"cliver",11.9938120576119
"2020",201.9,"Simu1","DIC",50,"cliver",11.7136207500123
"2021",202,"Simu1","DIC",50,"cliver",11.3816695067188
"2022",202.1,"Simu1","DIC",50,"cliver",11.0038852368609
"2023",202.2,"Simu1","DIC",50,"cliver",10.5856015025501
"2024",202.3,"Simu1","DIC",50,"cliver",10.1316164172304
"2025",202.4,"Simu1","DIC",50,"cliver",9.64624452474725
"2026",202.5,"Simu1","DIC",50,"cliver",9.1333634069284
"2027",202.6,"Simu1","DIC",50,"cliver",8.5964561276405
"2028",202.7,"Simu1","DIC",50,"cliver",8.03865029575033
"2029",202.8,"Simu1","DIC",50,"cliver",7.46275288521445
"2030",202.9,"Simu1","DIC",50,"cliver",6.87128171128423
"2031",203,"Simu1","DIC",50,"cliver",6.26649455344802
"2032",203.1,"Simu1","DIC",50,"cliver",5.65041578581618
"2033",203.2,"Simu1","DIC",50,"cliver",5.02486064553275
"2034",203.3,"Simu1","DIC",50,"cliver",4.39145854630356
"2035",203.4,"Simu1","DIC",50,"cliver",3.7516758009787
"2036",203.5,"Simu1","DIC",50,"cliver",3.10684027775195
"2037",203.6,"Simu1","DIC",50,"cliver",2.4581737415394
"2038",203.7,"Simu1","DIC",50,"cliver",1.8068460191627
"2039",203.8,"Simu1","DIC",50,"cliver",1.15412661153288
"2040",203.9,"Simu1","DIC",50,"cliver",0.502173761642587
"2041",204,"Simu1","DIC",50,"cliver",0.000872785251475314
"2042",204.1,"Simu1","DIC",50,"cliver",0.000806804327496813
"2043",204.2,"Simu1","DIC",50,"cliver",0.000747569806455554
"2044",204.3,"Simu1","DIC",50,"cliver",0.000694255713640121
"2045",204.4,"Simu1","DIC",50,"cliver",0.000646153139975179
"2046",204.5,"Simu1","DIC",50,"cliver",0.00060266468628738
"2047",204.6,"Simu1","DIC",50,"cliver",0.00056325991195934
"2048",204.7,"Simu1","DIC",50,"cliver",0.000527481370064353
"2049",204.8,"Simu1","DIC",50,"cliver",0.00049495801570446
"2050",204.9,"Simu1","DIC",50,"cliver",0.00046532422645379
"2051",205,"Simu1","DIC",50,"cliver",0.00043828771664571
"2052",205.1,"Simu1","DIC",50,"cliver",0.000413569058785813
"2053",205.2,"Simu1","DIC",50,"cliver",0.000390965540442259
"2054",205.3,"Simu1","DIC",50,"cliver",0.000370222770474259
"2055",205.4,"Simu1","DIC",50,"cliver",0.000351234809644447
"2056",205.5,"Simu1","DIC",50,"cliver",0.000333721852645939
"2057",205.6,"Simu1","DIC",50,"cliver",0.000317679033127414
"2058",205.7,"Simu1","DIC",50,"cliver",0.000302787251271127
"2059",205.8,"Simu1","DIC",50,"cliver",0.000289230197507036
"2060",205.9,"Simu1","DIC",50,"cliver",0.000276437303878442
"2061",206,"Simu1","DIC",50,"cliver",0.000265040878278775
"2062",206.1,"Simu1","DIC",50,"cliver",0.000253839386603076
"2063",206.2,"Simu1","DIC",50,"cliver",0.000244258971991609
"2064",206.3,"Simu1","DIC",50,"cliver",0.000235002006533532
"2065",206.4,"Simu1","DIC",50,"cliver",0.000225515000246289
"2066",206.5,"Simu1","DIC",50,"cliver",0.000218100218833761
"2067",206.6,"Simu1","DIC",50,"cliver",0.000210632783731568
"2068",206.7,"Simu1","DIC",50,"cliver",0.000203685203613573
"2069",206.8,"Simu1","DIC",50,"cliver",0.00019719529038771
"2070",206.9,"Simu1","DIC",50,"cliver",0.000191113102143467
"2071",207,"Simu1","DIC",50,"cliver",0.00018543787687523
"2072",207.1,"Simu1","DIC",50,"cliver",0.000180128173604114
"2073",207.2,"Simu1","DIC",50,"cliver",0.000175156140840106
"2074",207.3,"Simu1","DIC",50,"cliver",0.000170492308790366
"2075",207.4,"Simu1","DIC",50,"cliver",0.000166114454158838
"2076",207.5,"Simu1","DIC",50,"cliver",0.000162000213109781
"2077",207.6,"Simu1","DIC",50,"cliver",0.0001581304839499
"2078",207.7,"Simu1","DIC",50,"cliver",0.00015448660282438
"2079",207.8,"Simu1","DIC",50,"cliver",0.000151052767705547
"2080",207.9,"Simu1","DIC",50,"cliver",0.000147813837498005
"2081",208,"Simu1","DIC",50,"cliver",0.000220856093966368
"2082",208.1,"Simu1","DIC",50,"cliver",0.276115172910161
"2083",208.2,"Simu1","DIC",50,"cliver",1.6651848672752
"2084",208.3,"Simu1","DIC",50,"cliver",3.42989592534451
"2085",208.4,"Simu1","DIC",50,"cliver",5.15232410150123
"2086",208.5,"Simu1","DIC",50,"cliver",6.69618921341119
"2087",208.6,"Simu1","DIC",50,"cliver",8.0277599674364
"2088",208.7,"Simu1","DIC",50,"cliver",9.14948187014399
"2089",208.8,"Simu1","DIC",50,"cliver",10.0756783601442
"2090",208.9,"Simu1","DIC",50,"cliver",10.8237446477985
"2091",209,"Simu1","DIC",50,"cliver",11.4110311506868
"2092",209.1,"Simu1","DIC",50,"cliver",11.8538085561595
"2093",209.2,"Simu1","DIC",50,"cliver",12.1669883072051
"2094",209.3,"Simu1","DIC",50,"cliver",12.3641112648219
"2095",209.4,"Simu1","DIC",50,"cliver",12.457426582129
"2096",209.5,"Simu1","DIC",50,"cliver",12.4579957238348
"2097",209.6,"Simu1","DIC",50,"cliver",12.3757988663385
"2098",209.7,"Simu1","DIC",50,"cliver",12.2198355789724
"2099",209.8,"Simu1","DIC",50,"cliver",11.9982178969701
"2100",209.9,"Simu1","DIC",50,"cliver",11.7182548287939
"2101",210,"Simu1","DIC",50,"cliver",11.386529032576
"2102",210.1,"Simu1","DIC",50,"cliver",11.0089673504807
"2103",210.2,"Simu1","DIC",50,"cliver",10.5909040661611
"2104",210.3,"Simu1","DIC",50,"cliver",10.1371376845758
"2105",210.4,"Simu1","DIC",50,"cliver",9.65198257737143
"2106",210.5,"Simu1","DIC",50,"cliver",9.13931616068667
"2107",210.6,"Simu1","DIC",50,"cliver",8.60262165895491
"2108",210.7,"Simu1","DIC",50,"cliver",8.04502673597216
"2109",210.8,"Simu1","DIC",50,"cliver",7.46933832324693
"2110",210.9,"Simu1","DIC",50,"cliver",6.87807431784531
"2111",211,"Simu1","DIC",50,"cliver",6.27349255704549
"2112",211.1,"Simu1","DIC",50,"cliver",5.65761735332231
"2113",211.2,"Simu1","DIC",50,"cliver",5.03226397469212
"2114",211.3,"Simu1","DIC",50,"cliver",4.39906172065567
"2115",211.4,"Simu1","DIC",50,"cliver",3.7594766896455
"2116",211.5,"Simu1","DIC",50,"cliver",3.11483642615749
"2117",211.6,"Simu1","DIC",50,"cliver",2.46636203885242
"2118",211.7,"Simu1","DIC",50,"cliver",1.81522191456083
"2119",211.8,"Simu1","DIC",50,"cliver",1.16267812752044
"2120",211.9,"Simu1","DIC",50,"cliver",0.510864983193021
"2121",212,"Simu1","DIC",50,"cliver",0.000875342852114972
"2122",212.1,"Simu1","DIC",50,"cliver",0.000809297951044791
"2123",212.2,"Simu1","DIC",50,"cliver",0.000750004355936319
"2124",212.3,"Simu1","DIC",50,"cliver",0.000696636949075756
"2125",212.4,"Simu1","DIC",50,"cliver",0.000648486128086827
"2126",212.5,"Simu1","DIC",50,"cliver",0.000604953401231592
"2127",212.6,"Simu1","DIC",50,"cliver",0.000565509053471291
"2128",212.7,"Simu1","DIC",50,"cliver",0.000529693995664937
"2129",212.8,"Simu1","DIC",50,"cliver",0.000497136502612683
"2130",212.9,"Simu1","DIC",50,"cliver",0.000467472838967529
"2131",213,"Simu1","DIC",50,"cliver",0.000440407227363215
"2132",213.1,"Simu1","DIC",50,"cliver",0.000415662849919646
"2133",213.2,"Simu1","DIC",50,"cliver",0.000393034620383449
"2134",213.3,"Simu1","DIC",50,"cliver",0.000372269576801328
"2135",213.4,"Simu1","DIC",50,"cliver",0.000353259643885527
"2136",213.5,"Simu1","DIC",50,"cliver",0.000335730434450853
"2137",213.6,"Simu1","DIC",50,"cliver",0.000319666190169643
"2138",213.7,"Simu1","DIC",50,"cliver",0.000304761509031147
"2139",213.8,"Simu1","DIC",50,"cliver",0.00029118177278741
"2140",213.9,"Simu1","DIC",50,"cliver",0.000278384888023065
"2141",214,"Simu1","DIC",50,"cliver",0.000266963197688898
"2142",214.1,"Simu1","DIC",50,"cliver",0.000255781098764305
"2143",214.2,"Simu1","DIC",50,"cliver",0.000246127247311475
"2144",214.3,"Simu1","DIC",50,"cliver",0.000236929964898751
"2145",214.4,"Simu1","DIC",50,"cliver",0.000227430469753918
"2146",214.5,"Simu1","DIC",50,"cliver",0.000219965581107646
"2147",214.6,"Simu1","DIC",50,"cliver",0.00021249269373579
"2148",214.7,"Simu1","DIC",50,"cliver",0.000205536213285547
"2149",214.8,"Simu1","DIC",50,"cliver",0.000199037981510077
"2150",214.9,"Simu1","DIC",50,"cliver",0.000192947127989157
"2151",215,"Simu1","DIC",50,"cliver",0.000187264265148492
"2152",215.1,"Simu1","DIC",50,"cliver",0.000181947085981978
"2153",215.2,"Simu1","DIC",50,"cliver",0.000176968070080947
"2154",215.3,"Simu1","DIC",50,"cliver",0.000172297513394568
"2155",215.4,"Simu1","DIC",50,"cliver",0.000167913312508457
"2156",215.5,"Simu1","DIC",50,"cliver",0.000163792972245957
"2157",215.6,"Simu1","DIC",50,"cliver",0.00015991745038905
"2158",215.7,"Simu1","DIC",50,"cliver",0.000156268017549055
"2159",215.8,"Simu1","DIC",50,"cliver",0.000152828852892084
"2160",215.9,"Simu1","DIC",50,"cliver",0.000149584167858135
"2161",216,"Simu1","DIC",50,"cliver",0.000222670592263424
"2162",216.1,"Simu1","DIC",50,"cliver",0.276246550552414
"2163",216.2,"Simu1","DIC",50,"cliver",1.66558862850068
"2164",216.3,"Simu1","DIC",50,"cliver",3.43056873043921
"2165",216.4,"Simu1","DIC",50,"cliver",5.15326457629037
"2166",216.5,"Simu1","DIC",50,"cliver",6.69739457143436
"2167",216.6,"Simu1","DIC",50,"cliver",8.02922631919748
"2168",216.7,"Simu1","DIC",50,"cliver",9.15120562173155
"2169",216.8,"Simu1","DIC",50,"cliver",10.0776554498558
"2170",216.9,"Simu1","DIC",50,"cliver",10.825971523694
"2171",217,"Simu1","DIC",50,"cliver",11.4135047539558
"2172",217.1,"Simu1","DIC",50,"cliver",11.856525742291
"2173",217.2,"Simu1","DIC",50,"cliver",12.1699459339813
"2174",217.3,"Simu1","DIC",50,"cliver",12.3673062676107
"2175",217.4,"Simu1","DIC",50,"cliver",12.4608560085415
"2176",217.5,"Simu1","DIC",50,"cliver",12.4616567516035
"2177",217.6,"Simu1","DIC",50,"cliver",12.3796889705445
"2178",217.7,"Simu1","DIC",50,"cliver",12.2239524761141
"2179",217.8,"Simu1","DIC",50,"cliver",12.0025610514971
"2180",217.9,"Simu1","DIC",50,"cliver",11.7228235172331
"2181",218,"Simu1","DIC",50,"cliver",11.3913201153735
"2182",218.1,"Simu1","DIC",50,"cliver",11.0139784415679
"2183",218.2,"Simu1","DIC",50,"cliver",10.5961304808785
"2184",218.3,"Simu1","DIC",50,"cliver",10.1425724837533
"2185",218.4,"Simu1","DIC",50,"cliver",9.65762312239161
"2186",218.5,"Simu1","DIC",50,"cliver",9.14516318183155
"2187",218.6,"Simu1","DIC",50,"cliver",8.60867460480186
"2188",218.7,"Simu1","DIC",50,"cliver",8.05128299512282
"2189",218.8,"Simu1","DIC",50,"cliver",7.47579498654306
"2190",218.9,"Simu1","DIC",50,"cliver",6.88472944076759
"2191",219,"Simu1","DIC",50,"cliver",6.28034479248058
"2192",219.1,"Simu1","DIC",50,"cliver",5.66466522553798
"2193",219.2,"Simu1","DIC",50,"cliver",5.03950560512435
"2194",219.3,"Simu1","DIC",50,"cliver",4.40649503998294
"2195",219.4,"Simu1","DIC",50,"cliver",3.76709976879464
"2196",219.5,"Simu1","DIC",50,"cliver",3.12264681183208
"2197",219.6,"Simu1","DIC",50,"cliver",2.47435587123551
"2198",219.7,"Simu1","DIC",50,"cliver",1.82339508145269
"2199",219.8,"Simu1","DIC",50,"cliver",1.17102594383986
"2200",219.9,"Simu1","DIC",50,"cliver",0.519344411606302
"2201",220,"Simu1","DIC",50,"cliver",0.000877809680012685
"2202",220.1,"Simu1","DIC",50,"cliver",0.000811704721593861
"2203",220.2,"Simu1","DIC",50,"cliver",0.000752354097156667
"2204",220.3,"Simu1","DIC",50,"cliver",0.000698935197920129
"2205",220.4,"Simu1","DIC",50,"cliver",0.000650737725940988
"2206",220.5,"Simu1","DIC",50,"cliver",0.000607162492572169
"2207",220.6,"Simu1","DIC",50,"cliver",0.000567679601605008
"2208",220.7,"Simu1","DIC",50,"cliver",0.000531829150432054
"2209",220.8,"Simu1","DIC",50,"cliver",0.000499239143522824
"2210",220.9,"Simu1","DIC",50,"cliver",0.000469545935496754
"2211",221,"Simu1","DIC",50,"cliver",0.000442452643979851
"2212",221.1,"Simu1","DIC",50,"cliver",0.000417683045807296
"2213",221.2,"Simu1","DIC",50,"cliver",0.000395031297486578
"2214",221.3,"Simu1","DIC",50,"cliver",0.000374245762341118
"2215",221.4,"Simu1","DIC",50,"cliver",0.00035521326227623
"2216",221.5,"Simu1","DIC",50,"cliver",0.000337646144332452
"2217",221.6,"Simu1","DIC",50,"cliver",0.000321616326489244
"2218",221.7,"Simu1","DIC",50,"cliver",0.000306601941155857
"2219",221.8,"Simu1","DIC",50,"cliver",0.00029320867762236
"2220",221.9,"Simu1","DIC",50,"cliver",0.000279901932609897
"2221",222,"Simu1","DIC",50,"cliver",0.000268576358172545
"2222",222.1,"Simu1","DIC",50,"cliver",0.000258103255102574
"2223",222.2,"Simu1","DIC",50,"cliver",0.000247787661746728
"2224",222.3,"Simu1","DIC",50,"cliver",0.000238473647912352
"2225",222.4,"Simu1","DIC",50,"cliver",0.000229822106157414
"2226",222.5,"Simu1","DIC",50,"cliver",0.000221776696229358
"2227",222.6,"Simu1","DIC",50,"cliver",0.000214286786267576
"2228",222.7,"Simu1","DIC",50,"cliver",0.000207306465039601
"2229",222.8,"Simu1","DIC",50,"cliver",0.000200793766433142
"2230",222.9,"Simu1","DIC",50,"cliver",0.000194711050802999
"2231",223,"Simu1","DIC",50,"cliver",0.000189024092888667
"2232",223.1,"Simu1","DIC",50,"cliver",0.000183701619766016
"2233",223.2,"Simu1","DIC",50,"cliver",0.000178715043641161
"2234",223.3,"Simu1","DIC",50,"cliver",0.00017403833814553
"2235",223.4,"Simu1","DIC",50,"cliver",0.000169647789461981
"2236",223.5,"Simu1","DIC",50,"cliver",0.000165521768970738
"2237",223.6,"Simu1","DIC",50,"cliver",0.000161640494659356
"2238",223.7,"Simu1","DIC",50,"cliver",0.000157985897889812
"2239",223.8,"Simu1","DIC",50,"cliver",0.000154541415504029
"2240",223.9,"Simu1","DIC",50,"cliver",0.000151291866685125
"2241",224,"Simu1","DIC",50,"cliver",0.000224421403052698
"2242",224.1,"Simu1","DIC",50,"cliver",0.276372853418767
"2243",224.2,"Simu1","DIC",50,"cliver",1.66596959791945
"2244",224.3,"Simu1","DIC",50,"cliver",3.43120345235448
"2245",224.4,"Simu1","DIC",50,"cliver",5.15414778406
"2246",224.5,"Simu1","DIC",50,"cliver",6.69852237119798
"2247",224.6,"Simu1","DIC",50,"cliver",8.03059605398924
"2248",224.7,"Simu1","DIC",50,"cliver",9.1528145044817
"2249",224.8,"Simu1","DIC",50,"cliver",10.0795013319518
"2250",224.9,"Simu1","DIC",50,"cliver",10.8280519174639
"2251",225,"Simu1","DIC",50,"cliver",11.4158168456602
"2252",225.1,"Simu1","DIC",50,"cliver",11.8590669675564
"2253",225.2,"Simu1","DIC",50,"cliver",12.1727138844881
"2254",225.3,"Simu1","DIC",50,"cliver",12.3702986108614
"2255",225.4,"Simu1","DIC",50,"cliver",12.4640704485666
"2256",225.5,"Simu1","DIC",50,"cliver",12.4650910053749
"2257",225.6,"Simu1","DIC",50,"cliver",12.3833405962025
"2258",225.7,"Simu1","DIC",50,"cliver",12.2278189219155
"2259",225.8,"Simu1","DIC",50,"cliver",12.006638147064
"2260",225.9,"Simu1","DIC",50,"cliver",11.7271074036456
"2261",226,"Simu1","DIC",50,"cliver",11.3958094664196
"2262",226.1,"Simu1","DIC",50,"cliver",11.0186712842481
"2263",226.2,"Simu1","DIC",50,"cliver",10.6010272466674
"2264",226.3,"Simu1","DIC",50,"cliver",10.1476759636306
"2265",226.4,"Simu1","DIC",50,"cliver",9.66293190471169
"2266",226.5,"Simu1","DIC",50,"cliver",9.15067257476558
"2267",226.6,"Simu1","DIC",50,"cliver",8.61438127870078
"2268",226.7,"Simu1","DIC",50,"cliver",8.05718575205157
"2269",226.8,"Simu1","DIC",50,"cliver",7.48189298942002
"2270",226.9,"Simu1","DIC",50,"cliver",6.89102093878379
"2271",227,"Simu1","DIC",50,"cliver",6.28682747028496
"2272",227.1,"Simu1","DIC",50,"cliver",5.67133690266645
"2273",227.2,"Simu1","DIC",50,"cliver",5.04636446897024
"2274",227.3,"Simu1","DIC",50,"cliver",4.41353936398779
"2275",227.4,"Simu1","DIC",50,"cliver",3.77432745217493
"2276",227.5,"Simu1","DIC",50,"cliver",3.13005577795382
"2277",227.6,"Simu1","DIC",50,"cliver",2.48194431916367
"2278",227.7,"Simu1","DIC",50,"cliver",1.8311588196992
"2279",227.8,"Simu1","DIC",50,"cliver",1.17895201503084
"2280",227.9,"Simu1","DIC",50,"cliver",0.527402435694572
"2281",228,"Simu1","DIC",50,"cliver",0.000880182756535736
"2282",228.1,"Simu1","DIC",50,"cliver",0.000814023661448971
"2283",228.2,"Simu1","DIC",50,"cliver",0.000754617923494128
"2284",228.3,"Simu1","DIC",50,"cliver",0.000701149272188539
"2285",228.4,"Simu1","DIC",50,"cliver",0.000652906954979953
"2286",228.5,"Simu1","DIC",50,"cliver",0.000609289951208403
"2287",228.6,"Simu1","DIC",50,"cliver",0.000569770605428813
"2288",228.7,"Simu1","DIC",50,"cliver",0.00053388638688067
"2289",228.8,"Simu1","DIC",50,"cliver",0.000501263818105299
"2290",228.9,"Simu1","DIC",50,"cliver",0.000471543818578472
"2291",229,"Simu1","DIC",50,"cliver",0.00044442156375359
"2292",229.1,"Simu1","DIC",50,"cliver",0.000419630941140742
"2293",229.2,"Simu1","DIC",50,"cliver",0.00039695184564535
"2294",229.3,"Simu1","DIC",50,"cliver",0.000376151636887263
"2295",229.4,"Simu1","DIC",50,"cliver",0.00035709161629169
"2296",229.5,"Simu1","DIC",50,"cliver",0.000339516527370007
"2297",229.6,"Simu1","DIC",50,"cliver",0.000323459035305482
"2298",229.7,"Simu1","DIC",50,"cliver",0.000308438503297743
"2299",229.8,"Simu1","DIC",50,"cliver",0.000295021473924133
"2300",229.9,"Simu1","DIC",50,"cliver",0.000281761961299467
"2301",230,"Simu1","DIC",50,"cliver",0.000270228746408428
"2302",230.1,"Simu1","DIC",50,"cliver",0.000260081711047162
"2303",230.2,"Simu1","DIC",50,"cliver",0.0002495552574412
"2304",230.3,"Simu1","DIC",50,"cliver",0.000240230644331537
"2305",230.4,"Simu1","DIC",50,"cliver",0.000231569005299007
"2306",230.5,"Simu1","DIC",50,"cliver",0.000223514086654748
"2307",230.6,"Simu1","DIC",50,"cliver",0.000216015194065986
"2308",230.7,"Simu1","DIC",50,"cliver",0.000209026378722321
"2309",230.8,"Simu1","DIC",50,"cliver",0.000202505632747688
"2310",230.9,"Simu1","DIC",50,"cliver",0.000196415286771269
"2311",231,"Simu1","DIC",50,"cliver",0.000190721088395186
"2312",231.1,"Simu1","DIC",50,"cliver",0.000185391737823617
"2313",231.2,"Simu1","DIC",50,"cliver",0.000180398621630435
"2314",231.3,"Simu1","DIC",50,"cliver",0.000175715689584246
"2315",231.4,"Simu1","DIC",50,"cliver",0.000171319206742963
"2316",231.5,"Simu1","DIC",50,"cliver",0.000167187525290766
"2317",231.6,"Simu1","DIC",50,"cliver",0.000163300845197766
"2318",231.7,"Simu1","DIC",50,"cliver",0.000159641081511657
"2319",231.8,"Simu1","DIC",50,"cliver",0.000156191656109383
"2320",231.9,"Simu1","DIC",50,"cliver",0.000152937375035456
"2321",232,"Simu1","DIC",50,"cliver",0.000226107963242651
"2322",232.1,"Simu1","DIC",50,"cliver",0.276494508278161
"2323",232.2,"Simu1","DIC",50,"cliver",1.6663409056048
"2324",232.3,"Simu1","DIC",50,"cliver",3.43181948231659
"2325",232.4,"Simu1","DIC",50,"cliver",5.15500555922416
"2326",232.5,"Simu1","DIC",50,"cliver",6.69961932976876
"2327",232.6,"Simu1","DIC",50,"cliver",8.03192946598267
"2328",232.7,"Simu1","DIC",50,"cliver",9.15438155631695
"2329",232.8,"Simu1","DIC",50,"cliver",10.0812992034239
"2330",232.9,"Simu1","DIC",50,"cliver",10.8300778894195
"2331",233,"Simu1","DIC",50,"cliver",11.4180682269042
"2332",233.1,"Simu1","DIC",50,"cliver",11.8615411377406
"2333",233.2,"Simu1","DIC",50,"cliver",12.1754083142871
"2334",233.3,"Simu1","DIC",50,"cliver",12.3732107980138
"2335",233.4,"Simu1","DIC",50,"cliver",12.4671979707429
"2336",233.5,"Simu1","DIC",50,"cliver",12.4684315016488
"2337",233.6,"Simu1","DIC",50,"cliver",12.3868917716513
"2338",233.7,"Simu1","DIC",50,"cliver",12.2315785185619
"2339",233.8,"Simu1","DIC",50,"cliver",12.0106039851367
"2340",233.9,"Simu1","DIC",50,"cliver",11.7312773816795
"2341",234,"Simu1","DIC",50,"cliver",11.4001815282148
"2342",234.1,"Simu1","DIC",50,"cliver",11.0232433345334
"2343",234.2,"Simu1","DIC",50,"cliver",10.6057972255097
"2344",234.3,"Simu1","DIC",50,"cliver",10.1526419270423
"2345",234.4,"Simu1","DIC",50,"cliver",9.66809200580359
"2346",234.5,"Simu1","DIC",50,"cliver",9.15602500130376
"2347",234.6,"Simu1","DIC",50,"cliver",8.61992424758502
"2348",234.7,"Simu1","DIC",50,"cliver",8.06291748458812
"2349",234.8,"Simu1","DIC",50,"cliver",7.48781172052384
"2350",234.9,"Simu1","DIC",50,"cliver",6.89712492755186
"2351",235,"Simu1","DIC",50,"cliver",6.29311499551046
"2352",235.1,"Simu1","DIC",50,"cliver",5.67780624571856
"2353",235.2,"Simu1","DIC",50,"cliver",5.05301389077218
"2354",235.3,"Simu1","DIC",50,"cliver",4.420367071774
"2355",235.4,"Simu1","DIC",50,"cliver",3.7813315358562
"2356",235.5,"Simu1","DIC",50,"cliver",3.13723406663795
"2357",235.6,"Simu1","DIC",50,"cliver",2.48929399424226
"2358",235.7,"Simu1","DIC",50,"cliver",1.83867566002579
"2359",235.8,"Simu1","DIC",50,"cliver",1.18663122143568
"2360",235.9,"Simu1","DIC",50,"cliver",0.535206744723978
"2361",236,"Simu1","DIC",50,"cliver",0.000882471523114532
"2362",236.1,"Simu1","DIC",50,"cliver",0.000816259316843011
"2363",236.2,"Simu1","DIC",50,"cliver",0.000756800561294726
"2364",236.3,"Simu1","DIC",50,"cliver",0.000703284040657429
"2365",236.4,"Simu1","DIC",50,"cliver",0.000654998237462423
"2366",236.5,"Simu1","DIC",50,"cliver",0.000611342119220808
"2367",236.6,"Simu1","DIC",50,"cliver",0.000571786561699498
"2368",236.7,"Simu1","DIC",50,"cliver",0.000535869207594552
"2369",236.8,"Simu1","DIC",50,"cliver",0.000503217090268941
"2370",236.9,"Simu1","DIC",50,"cliver",0.000473468764971333
"2371",237,"Simu1","DIC",50,"cliver",0.00044632203973178
"2372",237.1,"Simu1","DIC",50,"cliver",0.000421506299564671
"2373",237.2,"Simu1","DIC",50,"cliver",0.000398807753127636
"2374",237.3,"Simu1","DIC",50,"cliver",0.00037798359221485
"2375",237.4,"Simu1","DIC",50,"cliver",0.000358911094080128
"2376",237.5,"Simu1","DIC",50,"cliver",0.000341310061521875
"2377",237.6,"Simu1","DIC",50,"cliver",0.000325245266803404
"2378",237.7,"Simu1","DIC",50,"cliver",0.000310201945682948
"2379",237.8,"Simu1","DIC",50,"cliver",0.00029677913738622
"2380",237.9,"Simu1","DIC",50,"cliver",0.000283469461363778
"2381",238,"Simu1","DIC",50,"cliver",0.000272016079895914
"2382",238.1,"Simu1","DIC",50,"cliver",0.000261709416011759
"2383",238.2,"Simu1","DIC",50,"cliver",0.000251259574562048
"2384",238.3,"Simu1","DIC",50,"cliver",0.000241924587874038
"2385",238.4,"Simu1","DIC",50,"cliver",0.000233253238193805
"2386",238.5,"Simu1","DIC",50,"cliver",0.000225189143355639
"2387",238.6,"Simu1","DIC",50,"cliver",0.000217681582161022
"2388",238.7,"Simu1","DIC",50,"cliver",0.000210684560963483
"2389",238.8,"Simu1","DIC",50,"cliver",0.000204156047160273
"2390",238.9,"Simu1","DIC",50,"cliver",0.000198058340383428
"2391",239,"Simu1","DIC",50,"cliver",0.000192357156731316
"2392",239.1,"Simu1","DIC",50,"cliver",0.000187021168711357
"2393",239.2,"Simu1","DIC",50,"cliver",0.000182021738266631
"2394",239.3,"Simu1","DIC",50,"cliver",0.000177332794315825
"2395",239.4,"Simu1","DIC",50,"cliver",0.000172930581840506
"2396",239.5,"Simu1","DIC",50,"cliver",0.000168793434372371
"2397",239.6,"Simu1","DIC",50,"cliver",0.000164901534951346
"2398",239.7,"Simu1","DIC",50,"cliver",0.000161236782518279
"2399",239.8,"Simu1","DIC",50,"cliver",0.000157782583846756
"2400",239.9,"Simu1","DIC",50,"cliver",0.000154523729786704
"2401",240,"Simu1","DIC",50,"cliver",0.000227735169663735
"2402",240.1,"Simu1","DIC",50,"cliver",0.276612150559573
"2403",240.2,"Simu1","DIC",50,"cliver",1.66669806573106
"2404",240.3,"Simu1","DIC",50,"cliver",3.43241715412634
"2405",240.4,"Simu1","DIC",50,"cliver",5.15584050746073
"2406",240.5,"Simu1","DIC",50,"cliver",6.70068790315295
"2407",240.6,"Simu1","DIC",50,"cliver",8.03322830938618
"2408",240.7,"Simu1","DIC",50,"cliver",9.15590755083132
"2409",240.8,"Simu1","DIC",50,"cliver",10.0830493969277
"2410",240.9,"Simu1","DIC",50,"cliver",10.8320493873341
"2411",241,"Simu1","DIC",50,"cliver",11.420258263529
"2412",241.1,"Simu1","DIC",50,"cliver",11.8639470281556
"2413",241.2,"Simu1","DIC",50,"cliver",12.1780274309196
"2414",241.3,"Simu1","DIC",50,"cliver",12.3760406298863
"2415",241.4,"Simu1","DIC",50,"cliver",12.4702360649333
"2416",241.5,"Simu1","DIC",50,"cliver",12.4716754778651
"2417",241.6,"Simu1","DIC",50,"cliver",12.3903393115199
"2418",241.7,"Simu1","DIC",50,"cliver",12.2352273929675
"2419",241.8,"Simu1","DIC",50,"cliver",12.0144520026587
"2420",241.9,"Simu1","DIC",50,"cliver",11.7353223844573
"2421",242,"Simu1","DIC",50,"cliver",11.4044214230582
"2422",242.1,"Simu1","DIC",50,"cliver",11.0276761806451
"2423",242.2,"Simu1","DIC",50,"cliver",10.6104211469389
"2424",242.3,"Simu1","DIC",50,"cliver",10.1574550185149
"2425",242.4,"Simu1","DIC",50,"cliver",9.67309234821288
"2426",242.5,"Simu1","DIC",50,"cliver",9.16121072337591
"2427",242.6,"Simu1","DIC",50,"cliver",8.62529352708041
"2428",242.7,"Simu1","DIC",50,"cliver",8.06846856635675
"2429",242.8,"Simu1","DIC",50,"cliver",7.49354289549609
"2430",242.9,"Simu1","DIC",50,"cliver",6.903034508762
"2431",243,"Simu1","DIC",50,"cliver",6.29920130656031
"2432",243.1,"Simu1","DIC",50,"cliver",5.68406761461271
"2433",243.2,"Simu1","DIC",50,"cliver",5.05944863527616
"2434",243.3,"Simu1","DIC",50,"cliver",4.42697346849585
"2435",243.4,"Simu1","DIC",50,"cliver",3.78810776626843
"2436",243.5,"Simu1","DIC",50,"cliver",3.14417812107126
"2437",243.6,"Simu1","DIC",50,"cliver",2.49640349884512
"2438",243.7,"Simu1","DIC",50,"cliver",1.84594686905592
"2439",243.8,"Simu1","DIC",50,"cliver",1.19405334062613
"2440",243.9,"Simu1","DIC",50,"cliver",0.54275218279899
"2441",244,"Simu1","DIC",50,"cliver",0.000884687643089711
"2442",244.1,"Simu1","DIC",50,"cliver",0.000818416298286251
"2443",244.2,"Simu1","DIC",50,"cliver",0.000758906227405552
"2444",244.3,"Simu1","DIC",50,"cliver",0.000705343385503853
"2445",244.4,"Simu1","DIC",50,"cliver",0.000657015888337307
"2446",244.5,"Simu1","DIC",50,"cliver",0.00061332094659933
"2447",244.6,"Simu1","DIC",50,"cliver",0.000573731295128273
"2448",244.7,"Simu1","DIC",50,"cliver",0.000537782635972807
"2449",244.8,"Simu1","DIC",50,"cliver",0.000505100182521012
"2450",244.9,"Simu1","DIC",50,"cliver",0.000475326551559561
"2451",245,"Simu1","DIC",50,"cliver",0.000448153154229801
"2452",245.1,"Simu1","DIC",50,"cliver",0.000423317740282757
"2453",245.2,"Simu1","DIC",50,"cliver",0.000400593383260672
"2454",245.3,"Simu1","DIC",50,"cliver",0.000379757409261194
"2455",245.4,"Simu1","DIC",50,"cliver",0.000360653944068791
"2456",245.5,"Simu1","DIC",50,"cliver",0.00034305615113169
"2457",245.6,"Simu1","DIC",50,"cliver",0.000326945986316346
"2458",245.7,"Simu1","DIC",50,"cliver",0.000311931191882188
"2459",245.8,"Simu1","DIC",50,"cliver",0.000298434922475401
"2460",245.9,"Simu1","DIC",50,"cliver",0.000285230869156001
"2461",246,"Simu1","DIC",50,"cliver",0.000273533247849526
"2462",246.1,"Simu1","DIC",50,"cliver",0.00026355989326627
"2463",246.2,"Simu1","DIC",50,"cliver",0.000252902955802713
"2464",246.3,"Simu1","DIC",50,"cliver",0.000243558086829325
"2465",246.4,"Simu1","DIC",50,"cliver",0.000234877316023675
"2466",246.5,"Simu1","DIC",50,"cliver",0.000226804347645653
"2467",246.6,"Simu1","DIC",50,"cliver",0.000219288403368945
"2468",246.7,"Simu1","DIC",50,"cliver",0.000212283452639822
"2469",246.8,"Simu1","DIC",50,"cliver",0.000205747426144633
"2470",246.9,"Simu1","DIC",50,"cliver",0.000199642596391982
"2471",247,"Simu1","DIC",50,"cliver",0.000193934653683446
"2472",247.1,"Simu1","DIC",50,"cliver",0.000188592245087582
"2473",247.2,"Simu1","DIC",50,"cliver",0.00018358670842683
"2474",247.3,"Simu1","DIC",50,"cliver",0.000178891950659063
"2475",247.4,"Simu1","DIC",50,"cliver",0.000174484197161862
"2476",247.5,"Simu1","DIC",50,"cliver",0.00017034176361447
"2477",247.6,"Simu1","DIC",50,"cliver",0.000166444816341901
"2478",247.7,"Simu1","DIC",50,"cliver",0.000162775239019497
"2479",247.8,"Simu1","DIC",50,"cliver",0.000159316424377458
"2480",247.9,"Simu1","DIC",50,"cliver",0.00015605315058209
"2481",248,"Simu1","DIC",50,"cliver",0.00022930336690359
"2482",248.1,"Simu1","DIC",50,"cliver",0.276725317286733
"2483",248.2,"Simu1","DIC",50,"cliver",1.66704254433155
"2484",248.3,"Simu1","DIC",50,"cliver",3.43299106064468
"2485",248.4,"Simu1","DIC",50,"cliver",5.15664092823213
"2486",248.5,"Simu1","DIC",50,"cliver",6.70171189435755
"2487",248.6,"Simu1","DIC",50,"cliver",8.03447298561682
"2488",248.7,"Simu1","DIC",50,"cliver",9.15737010104505
"2489",248.8,"Simu1","DIC",50,"cliver",10.0847270858517
"2490",248.9,"Simu1","DIC",50,"cliver",10.833939555975
"2491",249,"Simu1","DIC",50,"cliver",11.4223583269019
"2492",249.1,"Simu1","DIC",50,"cliver",11.8662544743804
"2493",249.2,"Simu1","DIC",50,"cliver",12.1805398182
"2494",249.3,"Simu1","DIC",50,"cliver",12.3787555842772
"2495",249.4,"Simu1","DIC",50,"cliver",12.473151278683
"2496",249.5,"Simu1","DIC",50,"cliver",12.4747887063653
"2497",249.6,"Simu1","DIC",50,"cliver",12.3936483718718
"2498",249.7,"Simu1","DIC",50,"cliver",12.2387301591715
"2499",249.8,"Simu1","DIC",50,"cliver",12.0181464074143
"2500",249.9,"Simu1","DIC",50,"cliver",11.73920641622
"2501",250,"Simu1","DIC",50,"cliver",11.4084931214162
"2502",250.1,"Simu1","DIC",50,"cliver",11.0319336275782
"2503",250.2,"Simu1","DIC",50,"cliver",10.6148624705976
"2504",250.3,"Simu1","DIC",50,"cliver",10.1620783971441
"2505",250.4,"Simu1","DIC",50,"cliver",9.67789600596058
"2506",250.5,"Simu1","DIC",50,"cliver",9.16619292363163
"2507",250.6,"Simu1","DIC",50,"cliver",8.63045256764354
"2508",250.7,"Simu1","DIC",50,"cliver",8.0738027751383
"2509",250.8,"Simu1","DIC",50,"cliver",7.49905062807594
"2510",250.9,"Simu1","DIC",50,"cliver",6.90871414383145
"2511",251,"Simu1","DIC",50,"cliver",6.30505123787038
"2512",251.1,"Simu1","DIC",50,"cliver",5.6900862390589
"2513",251.2,"Simu1","DIC",50,"cliver",5.06563433505812
"2514",251.3,"Simu1","DIC",50,"cliver",4.43332458127417
"2515",251.4,"Simu1","DIC",50,"cliver",3.79462252970792
"2516",251.5,"Simu1","DIC",50,"cliver",3.15085455862707
"2517",251.6,"Simu1","DIC",50,"cliver",2.5032391492392
"2518",251.7,"Simu1","DIC",50,"cliver",1.85293828399745
"2519",251.8,"Simu1","DIC",50,"cliver",1.20119294970413
"2520",251.9,"Simu1","DIC",50,"cliver",0.550010497488752
"2521",252,"Simu1","DIC",50,"cliver",0.000886815688291718
"2522",252.1,"Simu1","DIC",50,"cliver",0.000820495506441526
"2523",252.2,"Simu1","DIC",50,"cliver",0.000760936089676303
"2524",252.3,"Simu1","DIC",50,"cliver",0.00070732869109494
"2525",252.4,"Simu1","DIC",50,"cliver",0.000658960419519548
"2526",252.5,"Simu1","DIC",50,"cliver",0.000615229885519109
"2527",252.6,"Simu1","DIC",50,"cliver",0.000575605711484598
"2528",252.7,"Simu1","DIC",50,"cliver",0.000539625651248036
"2529",252.8,"Simu1","DIC",50,"cliver",0.000506917119041113
"2530",252.9,"Simu1","DIC",50,"cliver",0.000477115221646146
"2531",253,"Simu1","DIC",50,"cliver",0.000449921619050421
"2532",253.1,"Simu1","DIC",50,"cliver",0.000425059107804562
"2533",253.2,"Simu1","DIC",50,"cliver",0.00040232169078831
"2534",253.3,"Simu1","DIC",50,"cliver",0.000381456588018313
"2535",253.4,"Simu1","DIC",50,"cliver",0.000362350776868941
"2536",253.5,"Simu1","DIC",50,"cliver",0.000344714357199509
"2537",253.6,"Simu1","DIC",50,"cliver",0.000328622146581582
"2538",253.7,"Simu1","DIC",50,"cliver",0.000313545039548253
"2539",253.8,"Simu1","DIC",50,"cliver",0.000300102576316535
"2540",253.9,"Simu1","DIC",50,"cliver",0.000286728729258176
"2541",254,"Simu1","DIC",50,"cliver",0.000275358384940212
"2542",254.1,"Simu1","DIC",50,"cliver",0.000264842729619383
"2543",254.2,"Simu1","DIC",50,"cliver",0.000254487125872568
"2544",254.3,"Simu1","DIC",50,"cliver",0.000245132468823614
"2545",254.4,"Simu1","DIC",50,"cliver",0.000236442674192332
"2546",254.5,"Simu1","DIC",50,"cliver",0.000228361156845361
"2547",254.6,"Simu1","DIC",50,"cliver",0.000220837136549174
"2548",254.7,"Simu1","DIC",50,"cliver",0.000213824537523212
"2549",254.8,"Simu1","DIC",50,"cliver",0.000207281275818028
"2550",254.9,"Simu1","DIC",50,"cliver",0.000201169592196116
"2551",255,"Simu1","DIC",50,"cliver",0.000195455144506019
"2552",255.1,"Simu1","DIC",50,"cliver",0.000190106553391017
"2553",255.2,"Simu1","DIC",50,"cliver",0.000185095134230828
"2554",255.3,"Simu1","DIC",50,"cliver",0.000180394775729796
"2555",255.4,"Simu1","DIC",50,"cliver",0.000175981684650616
"2556",255.5,"Simu1","DIC",50,"cliver",0.000171834159144376
"2557",255.6,"Simu1","DIC",50,"cliver",0.000167932349952742
"2558",255.7,"Simu1","DIC",50,"cliver",0.000164258125592855
"2559",255.8,"Simu1","DIC",50,"cliver",0.000160794864346767
"2560",255.9,"Simu1","DIC",50,"cliver",0.000157527329391228
"2561",256,"Simu1","DIC",50,"cliver",0.000230814867610369
"2562",256.1,"Simu1","DIC",50,"cliver",0.276834436965078
"2563",256.2,"Simu1","DIC",50,"cliver",1.66737582281769
"2564",256.3,"Simu1","DIC",50,"cliver",3.43354388606037
"2565",256.4,"Simu1","DIC",50,"cliver",5.15741063297894
"2566",256.5,"Simu1","DIC",50,"cliver",6.70269617384278
"2567",256.6,"Simu1","DIC",50,"cliver",8.03566934887262
"2568",256.7,"Simu1","DIC",50,"cliver",9.15877596740782
"2569",256.8,"Simu1","DIC",50,"cliver",10.0863398654003
"2570",256.9,"Simu1","DIC",50,"cliver",10.8357567585274
"2571",257,"Simu1","DIC",50,"cliver",11.4243774886506
"2572",257.1,"Simu1","DIC",50,"cliver",11.8684732007129
"2573",257.2,"Simu1","DIC",50,"cliver",12.1829558011671
"2574",257.3,"Simu1","DIC",50,"cliver",12.3813665470732
"2575",257.4,"Simu1","DIC",50,"cliver",12.475955016597
"2576",257.5,"Simu1","DIC",50,"cliver",12.4777830752242
"2577",257.6,"Simu1","DIC",50,"cliver",12.3968312877198
"2578",257.7,"Simu1","DIC",50,"cliver",12.2420995701487
"2579",257.8,"Simu1","DIC",50,"cliver",12.0217003409472
"2580",257.9,"Simu1","DIC",50,"cliver",11.7429429739902
"2581",258,"Simu1","DIC",50,"cliver",11.4124104508234
"2582",258.1,"Simu1","DIC",50,"cliver",11.0360298306238
"2583",258.2,"Simu1","DIC",50,"cliver",10.6191356828507
"2584",258.3,"Simu1","DIC",50,"cliver",10.1665268675718
"2585",258.4,"Simu1","DIC",50,"cliver",9.68251807672287
"2586",258.5,"Simu1","DIC",50,"cliver",9.170986967895
"2587",258.6,"Simu1","DIC",50,"cliver",8.6354169851694
"2588",258.7,"Simu1","DIC",50,"cliver",8.07893596770525
"2589",258.8,"Simu1","DIC",50,"cliver",7.50435100899465
"2590",258.9,"Simu1","DIC",50,"cliver",6.91418014907755
"2591",259,"Simu1","DIC",50,"cliver",6.31068132261503
"2592",259.1,"Simu1","DIC",50,"cliver",5.69587886209912
"2593",259.2,"Simu1","DIC",50,"cliver",5.07158793817605
"2594",259.3,"Simu1","DIC",50,"cliver",4.43943756022819
"2595",259.4,"Simu1","DIC",50,"cliver",3.80089317929651
"2596",259.5,"Simu1","DIC",50,"cliver",3.15728094961191
"2597",259.6,"Simu1","DIC",50,"cliver",2.50981880003432
"2598",259.7,"Simu1","DIC",50,"cliver",1.8596674826027
"2599",259.8,"Simu1","DIC",50,"cliver",1.20806789970778
"2600",259.9,"Simu1","DIC",50,"cliver",0.556999405518264
"2601",260,"Simu1","DIC",50,"cliver",0.00088889366198304
"2602",260.1,"Simu1","DIC",50,"cliver",0.000822499475904414
"2603",260.2,"Simu1","DIC",50,"cliver",0.00076289242964909
"2604",260.3,"Simu1","DIC",50,"cliver",0.000709242009420524
"2605",260.4,"Simu1","DIC",50,"cliver",0.000660835031132958
"2606",260.5,"Simu1","DIC",50,"cliver",0.000617068220555938
"2607",260.6,"Simu1","DIC",50,"cliver",0.000577412630787611
"2608",260.7,"Simu1","DIC",50,"cliver",0.000541403497184831
"2609",260.8,"Simu1","DIC",50,"cliver",0.000508666479017093
"2610",260.9,"Simu1","DIC",50,"cliver",0.000478841784447773
"2611",261,"Simu1","DIC",50,"cliver",0.000451622597585543
"2612",261.1,"Simu1","DIC",50,"cliver",0.000426742583139969
"2613",261.2,"Simu1","DIC",50,"cliver",0.000403980541545342
"2614",261.3,"Simu1","DIC",50,"cliver",0.000383104101851461
"2615",261.4,"Simu1","DIC",50,"cliver",0.000363972426436211
"2616",261.5,"Simu1","DIC",50,"cliver",0.00034633216054085
"2617",261.6,"Simu1","DIC",50,"cliver",0.000330211385864645
"2618",261.7,"Simu1","DIC",50,"cliver",0.000315133486172508
"2619",261.8,"Simu1","DIC",50,"cliver",0.000301668699490944
"2620",261.9,"Simu1","DIC",50,"cliver",0.000288347821296286
"2621",262,"Simu1","DIC",50,"cliver",0.000276745587978034
"2622",262.1,"Simu1","DIC",50,"cliver",0.000266606509996353
"2623",262.2,"Simu1","DIC",50,"cliver",0.000256014030134027
"2624",262.3,"Simu1","DIC",50,"cliver",0.000246650197550151
"2625",262.4,"Simu1","DIC",50,"cliver",0.00023795164869329
"2626",262.5,"Simu1","DIC",50,"cliver",0.000229861885846275
"2627",262.6,"Simu1","DIC",50,"cliver",0.000222330075975567
"2628",262.7,"Simu1","DIC",50,"cliver",0.000215310105799544
"2629",262.8,"Simu1","DIC",50,"cliver",0.000208759860804397
"2630",262.9,"Simu1","DIC",50,"cliver",0.000202641557535589
"2631",263,"Simu1","DIC",50,"cliver",0.000196920829074284
"2632",263.1,"Simu1","DIC",50,"cliver",0.00019156627171313
"2633",263.2,"Simu1","DIC",50,"cliver",0.000186549177936921
"2634",263.3,"Simu1","DIC",50,"cliver",0.000181843416430093
"2635",263.4,"Simu1","DIC",50,"cliver",0.00017742517584736
"2636",263.5,"Simu1","DIC",50,"cliver",0.000173272737809531
"2637",263.6,"Simu1","DIC",50,"cliver",0.000169366237613534
"2638",263.7,"Simu1","DIC",50,"cliver",0.000165687529495801
"2639",263.8,"Simu1","DIC",50,"cliver",0.000162219978520176
"2640",263.9,"Simu1","DIC",50,"cliver",0.000158948335545104
"2641",264,"Simu1","DIC",50,"cliver",0.000232271900088846
"2642",264.1,"Simu1","DIC",50,"cliver",0.276939506418876
"2643",264.2,"Simu1","DIC",50,"cliver",1.66769555506013
"2644",264.3,"Simu1","DIC",50,"cliver",3.4340765573631
"2645",264.4,"Simu1","DIC",50,"cliver",5.15815352781509
"2646",264.5,"Simu1","DIC",50,"cliver",6.70364656074841
"2647",264.6,"Simu1","DIC",50,"cliver",8.0368245503191
"2648",264.7,"Simu1","DIC",50,"cliver",9.1601333734042
"2649",264.8,"Simu1","DIC",50,"cliver",10.0878969365201
"2650",264.9,"Simu1","DIC",50,"cliver",10.8375110257695
"2651",265,"Simu1","DIC",50,"cliver",11.4263265521759
"2652",265.1,"Simu1","DIC",50,"cliver",11.8706147280679
"2653",265.2,"Simu1","DIC",50,"cliver",12.1852875253181
"2654",265.3,"Simu1","DIC",50,"cliver",12.3838862643097
"2655",265.4,"Simu1","DIC",50,"cliver",12.4786605843654
"2656",265.5,"Simu1","DIC",50,"cliver",12.4806724099575
"2657",265.6,"Simu1","DIC",50,"cliver",12.3999023626332
"2658",265.7,"Simu1","DIC",50,"cliver",12.2453504131337
"2659",265.8,"Simu1","DIC",50,"cliver",12.0251290322934
"2660",265.9,"Simu1","DIC",50,"cliver",11.7465476442892
"2661",266,"Simu1","DIC",50,"cliver",11.4161892786369
"2662",266.1,"Simu1","DIC",50,"cliver",11.0399810404862
"2663",266.2,"Simu1","DIC",50,"cliver",10.6232575430136
"2664",266.3,"Simu1","DIC",50,"cliver",10.1708176876775
"2665",266.4,"Simu1","DIC",50,"cliver",9.68697620535324
"2666",266.5,"Simu1","DIC",50,"cliver",9.17561078998859
"2667",266.6,"Simu1","DIC",50,"cliver",8.64020491919322
"2668",266.7,"Simu1","DIC",50,"cliver",8.08388646235177
"2669",266.8,"Simu1","DIC",50,"cliver",7.50946253911049
"2670",266.9,"Simu1","DIC",50,"cliver",6.91945121042294
"2671",267,"Simu1","DIC",50,"cliver",6.31611042473502
"2672",267.1,"Simu1","DIC",50,"cliver",5.70146451792796
"2673",267.2,"Simu1","DIC",50,"cliver",5.07732864773702
"2674",267.3,"Simu1","DIC",50,"cliver",4.44533178311121
"2675",267.4,"Simu1","DIC",50,"cliver",3.80693928413152
"2676",267.5,"Simu1","DIC",50,"cliver",3.16347711125798
"2677",267.6,"Simu1","DIC",50,"cliver",2.51616275996053
"2678",267.7,"Simu1","DIC",50,"cliver",1.86615594186256
"2679",267.8,"Simu1","DIC",50,"cliver",1.21469411534987
"2680",267.9,"Simu1","DIC",50,"cliver",0.563737074174148
"2681",268,"Simu1","DIC",50,"cliver",0.000890917405349999
"2682",268.1,"Simu1","DIC",50,"cliver",0.000824431893896929
"2683",268.2,"Simu1","DIC",50,"cliver",0.000764778899536716
"2684",268.3,"Simu1","DIC",50,"cliver",0.000711086986094164
"2685",268.4,"Simu1","DIC",50,"cliver",0.000662642470229821
"2686",268.5,"Simu1","DIC",50,"cliver",0.000618841354592167
"2687",268.6,"Simu1","DIC",50,"cliver",0.000579154763996927
"2688",268.7,"Simu1","DIC",50,"cliver",0.000543117209563407
"2689",268.8,"Simu1","DIC",50,"cliver",0.000510353860963216
"2690",268.9,"Simu1","DIC",50,"cliver",0.000480505494167289
"2691",269,"Simu1","DIC",50,"cliver",0.000453263857003013
"2692",269.1,"Simu1","DIC",50,"cliver",0.000428363952694754
"2693",269.2,"Simu1","DIC",50,"cliver",0.00040558218986823
"2694",269.3,"Simu1","DIC",50,"cliver",0.000384689624275809
"2695",269.4,"Simu1","DIC",50,"cliver",0.000365539429435256
"2696",269.5,"Simu1","DIC",50,"cliver",0.000347888066546296
"2697",269.6,"Simu1","DIC",50,"cliver",0.000331746042535449
"2698",269.7,"Simu1","DIC",50,"cliver",0.000316668222433586
"2699",269.8,"Simu1","DIC",50,"cliver",0.000303176024637091
"2700",269.9,"Simu1","DIC",50,"cliver",0.000289861701619731
"2701",270,"Simu1","DIC",50,"cliver",0.000278205606309005
"2702",270.1,"Simu1","DIC",50,"cliver",0.000268127524671849
"2703",270.2,"Simu1","DIC",50,"cliver",0.000257486051633335
"2704",270.3,"Simu1","DIC",50,"cliver",0.000248113286139753
"2705",270.4,"Simu1","DIC",50,"cliver",0.000239406302480363
"2706",270.5,"Simu1","DIC",50,"cliver",0.000231308584230545
"2707",270.6,"Simu1","DIC",50,"cliver",0.000223769258590765
"2708",270.7,"Simu1","DIC",50,"cliver",0.00021674217629542
"2709",270.8,"Simu1","DIC",50,"cliver",0.00021018519626654
"2710",270.9,"Simu1","DIC",50,"cliver",0.000204060509129956
"2711",271,"Simu1","DIC",50,"cliver",0.000198333722579794
"2712",271.1,"Simu1","DIC",50,"cliver",0.000192973409511046
"2713",271.2,"Simu1","DIC",50,"cliver",0.000187950840994889
"2714",271.3,"Simu1","DIC",50,"cliver",0.000183239866903658
"2715",271.4,"Simu1","DIC",50,"cliver",0.000178816658405328
"2716",271.5,"Simu1","DIC",50,"cliver",0.000174659481029704
"2717",271.6,"Simu1","DIC",50,"cliver",0.000170748455240328
"2718",271.7,"Simu1","DIC",50,"cliver",0.000167065421459035
"2719",271.8,"Simu1","DIC",50,"cliver",0.000163593731882941
"2720",271.9,"Simu1","DIC",50,"cliver",0.000160318125210986
"2721",272,"Simu1","DIC",50,"cliver",0.000233676411725515
"2722",272.1,"Simu1","DIC",50,"cliver",0.27704076761486
"2723",272.2,"Simu1","DIC",50,"cliver",1.66800375982398
"2724",272.3,"Simu1","DIC",50,"cliver",3.4345901012987
"2725",272.4,"Simu1","DIC",50,"cliver",5.1588698054452
"2726",272.5,"Simu1","DIC",50,"cliver",6.70456292928741
"2727",272.6,"Simu1","DIC",50,"cliver",8.03793841270242
"2728",272.7,"Simu1","DIC",50,"cliver",9.16144219655638
"2729",272.8,"Simu1","DIC",50,"cliver",10.0893982564991
"2730",272.9,"Simu1","DIC",50,"cliver",10.8392024479185
"2731",273,"Simu1","DIC",50,"cliver",11.428205750039
"2732",273.1,"Simu1","DIC",50,"cliver",11.8726794413949
"2733",273.2,"Simu1","DIC",50,"cliver",12.1875355582196
"2734",273.3,"Simu1","DIC",50,"cliver",12.3863154831274
"2735",273.4,"Simu1","DIC",50,"cliver",12.4812689153725
"2736",273.5,"Simu1","DIC",50,"cliver",12.4834578372937
"2737",273.6,"Simu1","DIC",50,"cliver",12.402862925799
"2738",273.7,"Simu1","DIC",50,"cliver",12.2484842056358
"2739",273.8,"Simu1","DIC",50,"cliver",12.028434198435
"2740",273.9,"Simu1","DIC",50,"cliver",11.7500223779179
"2741",274,"Simu1","DIC",50,"cliver",11.4198318193258
"2742",274.1,"Simu1","DIC",50,"cliver",11.0437896731861
"2743",274.2,"Simu1","DIC",50,"cliver",10.627230595328
"2744",274.3,"Simu1","DIC",50,"cliver",10.1749535275122
"2745",274.4,"Simu1","DIC",50,"cliver",9.69127323853366
"2746",274.5,"Simu1","DIC",50,"cliver",9.18006745776332
"2747",274.6,"Simu1","DIC",50,"cliver",8.64481969544225
"2748",274.7,"Simu1","DIC",50,"cliver",8.08865785033441
"2749",274.8,"Simu1","DIC",50,"cliver",7.51438906753634
"2750",274.9,"Simu1","DIC",50,"cliver",6.92453142842627
"2751",275,"Simu1","DIC",50,"cliver",6.32134289499984
"2752",275.1,"Simu1","DIC",50,"cliver",5.70684780664669
"2753",275.2,"Simu1","DIC",50,"cliver",5.08286130891762
"2754",275.3,"Simu1","DIC",50,"cliver",4.45101233213122
"2755",275.4,"Simu1","DIC",50,"cliver",3.81276614916731
"2756",275.5,"Simu1","DIC",50,"cliver",3.16944853433012
"2757",275.6,"Simu1","DIC",50,"cliver",2.52227656575284
"2758",275.7,"Simu1","DIC",50,"cliver",1.87240898151626
"2759",275.8,"Simu1","DIC",50,"cliver",1.22107995827304
"2760",275.9,"Simu1","DIC",50,"cliver",0.570230863862801
"2761",276,"Simu1","DIC",50,"cliver",0.000892911534308417
"2762",276.1,"Simu1","DIC",50,"cliver",0.000826295058074642
"2763",276.2,"Simu1","DIC",50,"cliver",0.000766597728766659
"2764",276.3,"Simu1","DIC",50,"cliver",0.000712865788486571
"2765",276.4,"Simu1","DIC",50,"cliver",0.000664385067831193
"2766",276.5,"Simu1","DIC",50,"cliver",0.000620550858766712
"2767",276.6,"Simu1","DIC",50,"cliver",0.000580834360932997
"2768",276.7,"Simu1","DIC",50,"cliver",0.000544769400040879
"2769",276.8,"Simu1","DIC",50,"cliver",0.000511980642467171
"2770",276.9,"Simu1","DIC",50,"cliver",0.000482109434220277
"2771",277,"Simu1","DIC",50,"cliver",0.000454846145554093
"2772",277.1,"Simu1","DIC",50,"cliver",0.000429927064469798
"2773",277.2,"Simu1","DIC",50,"cliver",0.000407126261221496
"2774",277.3,"Simu1","DIC",50,"cliver",0.000386218166883325
"2775",277.4,"Simu1","DIC",50,"cliver",0.000367050048427074
"2776",277.5,"Simu1","DIC",50,"cliver",0.000349388096356437
"2777",277.6,"Simu1","DIC",50,"cliver",0.000333225342611484
"2778",277.7,"Simu1","DIC",50,"cliver",0.000318148066079381
"2779",277.8,"Simu1","DIC",50,"cliver",0.000304619088854858
"2780",277.9,"Simu1","DIC",50,"cliver",0.000291334085880694
"2781",278,"Simu1","DIC",50,"cliver",0.000279611090110243
"2782",278.1,"Simu1","DIC",50,"cliver",0.000269595834082773
"2783",278.2,"Simu1","DIC",50,"cliver",0.00025890507743845
"2784",278.3,"Simu1","DIC",50,"cliver",0.000249523695681794
"2785",278.4,"Simu1","DIC",50,"cliver",0.00024080857489957
"2786",278.5,"Simu1","DIC",50,"cliver",0.000232703181779818
"2787",278.6,"Simu1","DIC",50,"cliver",0.000225156605290805
"2788",278.7,"Simu1","DIC",50,"cliver",0.000218122661989357
"2789",278.8,"Simu1","DIC",50,"cliver",0.000211559184546202
"2790",278.9,"Simu1","DIC",50,"cliver",0.000205428338525606
"2791",279,"Simu1","DIC",50,"cliver",0.000199695707304335
"2792",279.1,"Simu1","DIC",50,"cliver",0.000194329841313302
"2793",279.2,"Simu1","DIC",50,"cliver",0.000189301991017046
"2794",279.3,"Simu1","DIC",50,"cliver",0.000184585988067219
"2795",279.4,"Simu1","DIC",50,"cliver",0.000180157986748166
"2796",279.5,"Simu1","DIC",50,"cliver",0.000175996237065023
"2797",279.6,"Simu1","DIC",50,"cliver",0.000172080845155643
"2798",279.7,"Simu1","DIC",50,"cliver",0.000168393638132556
"2799",279.8,"Simu1","DIC",50,"cliver",0.000164917955812282
"2800",279.9,"Simu1","DIC",50,"cliver",0.000161638525254213
"2801",280,"Simu1","DIC",50,"cliver",0.00023502948635715
"2802",280.1,"Simu1","DIC",50,"cliver",0.277137909995235
"2803",280.2,"Simu1","DIC",50,"cliver",1.66829767333297
"2804",280.3,"Simu1","DIC",50,"cliver",3.43508184570446
"2805",280.4,"Simu1","DIC",50,"cliver",5.15955671726534
"2806",280.5,"Simu1","DIC",50,"cliver",6.70544204057426
"2807",280.6,"Simu1","DIC",50,"cliver",8.03900706707206
"2808",280.7,"Simu1","DIC",50,"cliver",9.16269795792395
"2809",280.8,"Simu1","DIC",50,"cliver",10.0908388288959
"2810",280.9,"Simu1","DIC",50,"cliver",10.840825564253
"2811",281,"Simu1","DIC",50,"cliver",11.4300092437586
"2812",281.1,"Simu1","DIC",50,"cliver",11.8746612002089
"2813",281.2,"Simu1","DIC",50,"cliver",12.1896935040609
"2814",281.3,"Simu1","DIC",50,"cliver",12.3886476242537
"2815",281.4,"Simu1","DIC",50,"cliver",12.4837733014101
"2816",281.5,"Simu1","DIC",50,"cliver",12.4861325676202
"2817",281.6,"Simu1","DIC",50,"cliver",12.4057061456552
"2818",281.7,"Simu1","DIC",50,"cliver",12.2514941317137
"2819",281.8,"Simu1","DIC",50,"cliver",12.0316090653399
"2820",281.9,"Simu1","DIC",50,"cliver",11.7533604389888
"2821",282,"Simu1","DIC",50,"cliver",11.423331375115
"2822",282.1,"Simu1","DIC",50,"cliver",11.0474491622037
"2823",282.2,"Simu1","DIC",50,"cliver",10.6310485060839
"2824",282.3,"Simu1","DIC",50,"cliver",10.1789283089838
"2825",282.4,"Simu1","DIC",50,"cliver",9.69540331744959
"2826",282.5,"Simu1","DIC",50,"cliver",9.18435129934068
"2827",282.6,"Simu1","DIC",50,"cliver",8.64925580378667
"2828",282.7,"Simu1","DIC",50,"cliver",8.09324478727722
"2829",282.8,"Simu1","DIC",50,"cliver",7.51912543367245
"2830",282.9,"Simu1","DIC",50,"cliver",6.92941584097905
"2831",283,"Simu1","DIC",50,"cliver",6.32637397770676
"2832",283.1,"Simu1","DIC",50,"cliver",5.71202418553085
"2833",283.2,"Simu1","DIC",50,"cliver",5.08818160116147
"2834",283.3,"Simu1","DIC",50,"cliver",4.45647512116913
"2835",283.4,"Simu1","DIC",50,"cliver",3.81836994098068
"2836",283.5,"Simu1","DIC",50,"cliver",3.17519168034022
"2837",283.6,"Simu1","DIC",50,"cliver",2.52815712510897
"2838",283.7,"Simu1","DIC",50,"cliver",1.8784239302964
"2839",283.8,"Simu1","DIC",50,"cliver",1.22722018468457
"2840",283.9,"Simu1","DIC",50,"cliver",0.576476779861976
"2841",284,"Simu1","DIC",50,"cliver",0.000895026363662842
"2842",284.1,"Simu1","DIC",50,"cliver",0.000828090807205963
"2843",284.2,"Simu1","DIC",50,"cliver",0.000768350796901415
"2844",284.3,"Simu1","DIC",50,"cliver",0.000714580334044533
"2845",284.4,"Simu1","DIC",50,"cliver",0.00066606446401359
"2846",284.5,"Simu1","DIC",50,"cliver",0.000622199072027646
"2847",284.6,"Simu1","DIC",50,"cliver",0.000582453140908062
"2848",284.7,"Simu1","DIC",50,"cliver",0.000546361257758867
"2849",284.8,"Simu1","DIC",50,"cliver",0.000513549277321347
"2850",284.9,"Simu1","DIC",50,"cliver",0.00048365460343091
"2851",285,"Simu1","DIC",50,"cliver",0.0004563724870474
"2852",285.1,"Simu1","DIC",50,"cliver",0.000431431804914606
"2853",285.2,"Simu1","DIC",50,"cliver",0.000408617465186223
"2854",285.3,"Simu1","DIC",50,"cliver",0.000387686624699568
"2855",285.4,"Simu1","DIC",50,"cliver",0.000368514399889577
"2856",285.5,"Simu1","DIC",50,"cliver",0.000350820338420335
"2857",285.6,"Simu1","DIC",50,"cliver",0.000334671998570597
"2858",285.7,"Simu1","DIC",50,"cliver",0.000319542751935543
"2859",285.8,"Simu1","DIC",50,"cliver",0.000306056828788559
"2860",285.9,"Simu1","DIC",50,"cliver",0.000292655422006822
"2861",286,"Simu1","DIC",50,"cliver",0.000281117606643723
"2862",286.1,"Simu1","DIC",50,"cliver",0.000270801504767192
"2863",286.2,"Simu1","DIC",50,"cliver",0.000260272886685489
"2864",286.3,"Simu1","DIC",50,"cliver",0.000250883081949494
"2865",286.4,"Simu1","DIC",50,"cliver",0.000242160128497552
"2866",286.5,"Simu1","DIC",50,"cliver",0.00023404734056448
"2867",286.6,"Simu1","DIC",50,"cliver",0.000226493778666116
"2868",286.7,"Simu1","DIC",50,"cliver",0.000219453217434021
"2869",286.8,"Simu1","DIC",50,"cliver",0.00021288347884426
"2870",286.9,"Simu1","DIC",50,"cliver",0.000206746702254262
"2871",287,"Simu1","DIC",50,"cliver",0.000201008443126796
"2872",287.1,"Simu1","DIC",50,"cliver",0.000195637228588511
"2873",287.2,"Simu1","DIC",50,"cliver",0.000190604289159251
"2874",287.3,"Simu1","DIC",50,"cliver",0.000185883440725353
"2875",287.4,"Simu1","DIC",50,"cliver",0.000181450821534374
"2876",287.5,"Simu1","DIC",50,"cliver",0.000177284666546449
"2877",287.6,"Simu1","DIC",50,"cliver",0.000173365068400463
"2878",287.7,"Simu1","DIC",50,"cliver",0.000169673841101253
"2879",287.8,"Simu1","DIC",50,"cliver",0.000166194311838258
"2880",287.9,"Simu1","DIC",50,"cliver",0.000162911195082653
"2881",288,"Simu1","DIC",50,"cliver",0.000236334460531686
"2882",288.1,"Simu1","DIC",50,"cliver",0.2772319820299
"2883",288.2,"Simu1","DIC",50,"cliver",1.66858493598076
"2884",288.3,"Simu1","DIC",50,"cliver",3.43555784938184
"2885",288.4,"Simu1","DIC",50,"cliver",5.16021918309665
"2886",288.5,"Simu1","DIC",50,"cliver",6.70628906334537
"2887",288.6,"Simu1","DIC",50,"cliver",8.0400365531675
"2888",288.7,"Simu1","DIC",50,"cliver",9.16390771673693
"2889",288.8,"Simu1","DIC",50,"cliver",10.0922266497497
"2890",288.9,"Simu1","DIC",50,"cliver",10.8423893253846
"2891",289,"Simu1","DIC",50,"cliver",11.4317468383549
"2892",289.1,"Simu1","DIC",50,"cliver",11.8765705803215
"2893",289.2,"Simu1","DIC",50,"cliver",12.1917726977109
"2894",289.3,"Simu1","DIC",50,"cliver",12.3908946803213
"2895",289.4,"Simu1","DIC",50,"cliver",12.4861863315229
"2896",289.5,"Simu1","DIC",50,"cliver",12.4887097344131
"2897",289.6,"Simu1","DIC",50,"cliver",12.4084456635387
"2898",289.7,"Simu1","DIC",50,"cliver",12.254394237287
"2899",289.8,"Simu1","DIC",50,"cliver",12.0346680682748
"2900",289.9,"Simu1","DIC",50,"cliver",11.7565767170225
"2901",290,"Simu1","DIC",50,"cliver",11.4267033432683
"2902",290.1,"Simu1","DIC",50,"cliver",11.0509751771148
"2903",290.2,"Simu1","DIC",50,"cliver",10.6347269506747
"2904",290.3,"Simu1","DIC",50,"cliver",10.1827576782276
"2905",290.4,"Simu1","DIC",50,"cliver",9.69938219704293
"2906",290.5,"Simu1","DIC",50,"cliver",9.18847830050738
"2907",290.6,"Simu1","DIC",50,"cliver",8.65352955787027
"2908",290.7,"Simu1","DIC",50,"cliver",8.09766392108109
"2909",290.8,"Simu1","DIC",50,"cliver",7.52368858129312
"2910",290.9,"Simu1","DIC",50,"cliver",6.93412165669425
"2911",291,"Simu1","DIC",50,"cliver",6.33122113336269
"2912",291.1,"Simu1","DIC",50,"cliver",5.71701135612644
"2913",291.2,"Simu1","DIC",50,"cliver",5.09330744676272
"2914",291.3,"Simu1","DIC",50,"cliver",4.46173826255529
"2915",291.4,"Simu1","DIC",50,"cliver",3.82376891304759
"2916",291.5,"Simu1","DIC",50,"cliver",3.18072482604946
"2917",291.6,"Simu1","DIC",50,"cliver",2.53382230884183
"2918",291.7,"Simu1","DIC",50,"cliver",1.8842182296655
"2919",291.8,"Simu1","DIC",50,"cliver",1.23314072910755
"2920",291.9,"Simu1","DIC",50,"cliver",0.582497553622135
"2921",292,"Simu1","DIC",50,"cliver",0.00089751310912591
"2922",292.1,"Simu1","DIC",50,"cliver",0.000829821847399264
"2923",292.2,"Simu1","DIC",50,"cliver",0.00077004063647731
"2924",292.3,"Simu1","DIC",50,"cliver",0.000716232912879431
"2925",292.4,"Simu1","DIC",50,"cliver",0.000667683667395629
"2926",292.5,"Simu1","DIC",50,"cliver",0.000623786845354191
"2927",292.6,"Simu1","DIC",50,"cliver",0.000584013709715189
"2928",292.7,"Simu1","DIC",50,"cliver",0.000547896876198439
"2929",292.8,"Simu1","DIC",50,"cliver",0.000515060052806302
"2930",292.9,"Simu1","DIC",50,"cliver",0.000485145541563328
"2931",293,"Simu1","DIC",50,"cliver",0.000457841361014826
"2932",293.1,"Simu1","DIC",50,"cliver",0.000432885882169264
"2933",293.2,"Simu1","DIC",50,"cliver",0.00041004919182984
"2934",293.3,"Simu1","DIC",50,"cliver",0.00038911145935614
"2935",293.4,"Simu1","DIC",50,"cliver",0.000369909801317197
"2936",293.5,"Simu1","DIC",50,"cliver",0.000352227159159385
"2937",293.6,"Simu1","DIC",50,"cliver",0.000336026277631754
"2938",293.7,"Simu1","DIC",50,"cliver",0.000320948070016414
"2939",293.8,"Simu1","DIC",50,"cliver",0.000307353007165095
"2940",293.9,"Simu1","DIC",50,"cliver",0.000294515913829694
"2941",294,"Simu1","DIC",50,"cliver",0.000282483834060564
"2942",294.1,"Simu1","DIC",50,"cliver",0.000271849587768213
"2943",294.2,"Simu1","DIC",50,"cliver",0.000261550553783117
"2944",294.3,"Simu1","DIC",50,"cliver",0.000252187071249323
"2945",294.4,"Simu1","DIC",50,"cliver",0.000243467496977606
"2946",294.5,"Simu1","DIC",50,"cliver",0.00023534534976909
"2947",294.6,"Simu1","DIC",50,"cliver",0.000227805652323617
"2948",294.7,"Simu1","DIC",50,"cliver",0.000220695942959787
"2949",294.8,"Simu1","DIC",50,"cliver",0.000214261395864779
"2950",294.9,"Simu1","DIC",50,"cliver",0.000207630443676121
"2951",295,"Simu1","DIC",50,"cliver",0.000202274771405794
"2952",295.1,"Simu1","DIC",50,"cliver",0.000196897440148066
"2953",295.2,"Simu1","DIC",50,"cliver",0.00019185997100166
"2954",295.3,"Simu1","DIC",50,"cliver",0.000187134476084822
"2955",295.4,"Simu1","DIC",50,"cliver",0.000182696988885485
"2956",295.5,"Simu1","DIC",50,"cliver",0.000178526662058576
"2957",295.6,"Simu1","DIC",50,"cliver",0.000174602929777937
"2958",295.7,"Simu1","DIC",50,"cliver",0.000170907987863473
"2959",295.8,"Simu1","DIC",50,"cliver",0.000167424413963325
"2960",295.9,"Simu1","DIC",50,"cliver",0.000164137829498133
"2961",296,"Simu1","DIC",50,"cliver",0.000237593555605475
"2962",296.1,"Simu1","DIC",50,"cliver",0.277322765710553
"2963",296.2,"Simu1","DIC",50,"cliver",1.66886121123768
"2964",296.3,"Simu1","DIC",50,"cliver",3.43601818941084
"2965",296.4,"Simu1","DIC",50,"cliver",5.16086122627701
"2966",296.5,"Simu1","DIC",50,"cliver",6.70711040662429
"2967",296.6,"Simu1","DIC",50,"cliver",8.04103483417316
"2968",296.7,"Simu1","DIC",50,"cliver",9.16508063288129
"2969",296.8,"Simu1","DIC",50,"cliver",10.0935719630693
"2970",296.9,"Simu1","DIC",50,"cliver",10.8439048631089
"2971",297,"Simu1","DIC",50,"cliver",11.4334304916192
"2972",297.1,"Simu1","DIC",50,"cliver",11.8784203025705
"2973",297.2,"Simu1","DIC",50,"cliver",12.1937865046883
"2974",297.3,"Simu1","DIC",50,"cliver",12.3930706391906
"2975",297.4,"Simu1","DIC",50,"cliver",12.4885225706258
"2976",297.5,"Simu1","DIC",50,"cliver",12.4912044336239
"2977",297.6,"Simu1","DIC",50,"cliver",12.4110970573221
"2978",297.7,"Simu1","DIC",50,"cliver",12.2572006103497
"2979",297.8,"Simu1","DIC",50,"cliver",12.0376277492051
"2980",297.9,"Simu1","DIC",50,"cliver",11.7596880806881
"2981",298,"Simu1","DIC",50,"cliver",11.4299648043697
"2982",298.1,"Simu1","DIC",50,"cliver",11.0543851920474
"2983",298.2,"Simu1","DIC",50,"cliver",10.6382840130991
"2984",298.3,"Simu1","DIC",50,"cliver",10.1864603198407
"2985",298.4,"Simu1","DIC",50,"cliver",9.7032289864081
"2986",298.5,"Simu1","DIC",50,"cliver",9.19246783939591
"2987",298.6,"Simu1","DIC",50,"cliver",8.65766047727499
"2988",298.7,"Simu1","DIC",50,"cliver",8.10193487816718
"2989",298.8,"Simu1","DIC",50,"cliver",7.5280982565296
"2990",298.9,"Simu1","DIC",50,"cliver",6.93866874969451
"2991",299,"Simu1","DIC",50,"cliver",6.3359043564977
"2992",299.1,"Simu1","DIC",50,"cliver",5.7218294252199
"2993",299.2,"Simu1","DIC",50,"cliver",5.09825906703036
"2994",299.3,"Simu1","DIC",50,"cliver",4.46682210508457
"2995",299.4,"Simu1","DIC",50,"cliver",3.82898357116976
"2996",299.5,"Simu1","DIC",50,"cliver",3.18606872534893
"2997",299.6,"Simu1","DIC",50,"cliver",2.53929349297342
"2998",299.7,"Simu1","DIC",50,"cliver",1.88981400186235
"2999",299.8,"Simu1","DIC",50,"cliver",1.23885542961351
"3000",299.9,"Simu1","DIC",50,"cliver",0.588310105251282
"3001",300,"Simu1","DIC",50,"cliver",0.000901430058362631
"3002",300.1,"Simu1","DIC",50,"cliver",0.000831491451688742
"3003",300.2,"Simu1","DIC",50,"cliver",0.00077167048772316
"3004",300.3,"Simu1","DIC",50,"cliver",0.000717826744708763
"3005",300.4,"Simu1","DIC",50,"cliver",0.000669245165938696
"3006",300.5,"Simu1","DIC",50,"cliver",0.000625318394326073
"3007",300.6,"Simu1","DIC",50,"cliver",0.000585518617057257
"3008",300.7,"Simu1","DIC",50,"cliver",0.000549377488956169
"3009",300.8,"Simu1","DIC",50,"cliver",0.000516517321000162
"3010",300.9,"Simu1","DIC",50,"cliver",0.000486582621625587
"3011",301,"Simu1","DIC",50,"cliver",0.000459258412662985
"3012",301.1,"Simu1","DIC",50,"cliver",0.000434286996499834
"3013",301.2,"Simu1","DIC",50,"cliver",0.000411431343171569
"3014",301.3,"Simu1","DIC",50,"cliver",0.000390482768262446
"3015",301.4,"Simu1","DIC",50,"cliver",0.000371259613657866
"3016",301.5,"Simu1","DIC",50,"cliver",0.000353577110155974
"3017",301.6,"Simu1","DIC",50,"cliver",0.000337339997158883
"3018",301.7,"Simu1","DIC",50,"cliver",0.000322295371308668
"3019",301.8,"Simu1","DIC",50,"cliver",0.000308603806314839
"3020",301.9,"Simu1","DIC",50,"cliver",0.000295860894363241
"3021",302,"Simu1","DIC",50,"cliver",0.000283732406046563
"3022",302.1,"Simu1","DIC",50,"cliver",0.000273144361450824
"3023",302.2,"Simu1","DIC",50,"cliver",0.000262814011643328
"3024",302.3,"Simu1","DIC",50,"cliver",0.000253450105488552
"3025",302.4,"Simu1","DIC",50,"cliver",0.000244723604718018
"3026",302.5,"Simu1","DIC",50,"cliver",0.000236595071106761
"3027",302.6,"Simu1","DIC",50,"cliver",0.000229051775357585
"3028",302.7,"Simu1","DIC",50,"cliver",0.000221926456306948
"3029",302.8,"Simu1","DIC",50,"cliver",0.000215511527050938
"3030",302.9,"Simu1","DIC",50,"cliver",0.000208757585175323
"3031",303,"Simu1","DIC",50,"cliver",0.000203493281690892
"3032",303.1,"Simu1","DIC",50,"cliver",0.000198111900532217
"3033",303.2,"Simu1","DIC",50,"cliver",0.00019306955829082
"3034",303.3,"Simu1","DIC",50,"cliver",0.000188339691370475
"3035",303.4,"Simu1","DIC",50,"cliver",0.000183898478967138
"3036",303.5,"Simu1","DIC",50,"cliver",0.000179724141037844
"3037",303.6,"Simu1","DIC",50,"cliver",0.000175796695794185
"3038",303.7,"Simu1","DIC",50,"cliver",0.00017209774799115
"3039",303.8,"Simu1","DIC",50,"cliver",0.000168610761745474
"3040",303.9,"Simu1","DIC",50,"cliver",0.000165320552646291
"3041",304,"Simu1","DIC",50,"cliver",0.000238805002087534
"3042",304.1,"Simu1","DIC",50,"cliver",0.277409764055937
"3043",304.2,"Simu1","DIC",50,"cliver",1.66912448348438
"3044",304.3,"Simu1","DIC",50,"cliver",3.43645910683321
"3045",304.4,"Simu1","DIC",50,"cliver",5.16147740320165
"3046",304.5,"Simu1","DIC",50,"cliver",6.70789909317501
"3047",304.6,"Simu1","DIC",50,"cliver",8.04199357153898
"3048",304.7,"Simu1","DIC",50,"cliver",9.16620717526191
"3049",304.8,"Simu1","DIC",50,"cliver",10.094864202051
"3050",304.9,"Simu1","DIC",50,"cliver",10.845360717656
"3051",305,"Simu1","DIC",50,"cliver",11.4350479797624
"3052",305.1,"Simu1","DIC",50,"cliver",11.8801974948529
"3053",305.2,"Simu1","DIC",50,"cliver",12.1957215017636
"3054",305.3,"Simu1","DIC",50,"cliver",12.3951616324567
"3055",305.4,"Simu1","DIC",50,"cliver",12.490767785247
"3056",305.5,"Simu1","DIC",50,"cliver",12.4936021441434
"3057",305.6,"Simu1","DIC",50,"cliver",12.4136455784868
"3058",305.7,"Simu1","DIC",50,"cliver",12.25989832479
"3059",305.8,"Simu1","DIC",50,"cliver",12.0404730584396
"3060",305.9,"Simu1","DIC",50,"cliver",11.762679401961
"3061",306,"Simu1","DIC",50,"cliver",11.4331006016811
"3062",306.1,"Simu1","DIC",50,"cliver",11.0576640626547
"3063",306.2,"Simu1","DIC",50,"cliver",10.641704603227
"3064",306.3,"Simu1","DIC",50,"cliver",10.1900212339479
"3065",306.4,"Simu1","DIC",50,"cliver",9.70692880306511
"3066",306.5,"Simu1","DIC",50,"cliver",9.19630517247443
"3067",306.6,"Simu1","DIC",50,"cliver",8.6616339775002
"3068",306.7,"Simu1","DIC",50,"cliver",8.10604325211166
"3069",306.8,"Simu1","DIC",50,"cliver",7.53234024778967
"3070",306.9,"Simu1","DIC",50,"cliver",6.9430431171122
"3071",307,"Simu1","DIC",50,"cliver",6.34040986486157
"3072",307.1,"Simu1","DIC",50,"cliver",5.72646484228076
"3073",307.2,"Simu1","DIC",50,"cliver",5.10302315416381
"3074",307.3,"Simu1","DIC",50,"cliver",4.47171359544811
"3075",307.4,"Simu1","DIC",50,"cliver",3.83400113215115
"3076",307.5,"Simu1","DIC",50,"cliver",3.19121089520019
"3077",307.6,"Simu1","DIC",50,"cliver",2.54455857838328
"3078",307.7,"Simu1","DIC",50,"cliver",1.89520048467663
"3079",307.8,"Simu1","DIC",50,"cliver",1.24435696044616
"3080",307.9,"Simu1","DIC",50,"cliver",0.593906376454769
"3081",308,"Simu1","DIC",50,"cliver",0.000909017239258167
"3082",308.1,"Simu1","DIC",50,"cliver",0.000833100697821006
"3083",308.2,"Simu1","DIC",50,"cliver",0.000773241414940512
"3084",308.3,"Simu1","DIC",50,"cliver",0.000719363054760769
"3085",308.4,"Simu1","DIC",50,"cliver",0.00067075014693878
"3086",308.5,"Simu1","DIC",50,"cliver",0.00062679483017528
"3087",308.6,"Simu1","DIC",50,"cliver",0.000586969129152963
"3088",308.7,"Simu1","DIC",50,"cliver",0.000550804248493725
"3089",308.8,"Simu1","DIC",50,"cliver",0.000517922224338578
"3090",308.9,"Simu1","DIC",50,"cliver",0.000487967614497822
"3091",309,"Simu1","DIC",50,"cliver",0.000460624894775854
"3092",309.1,"Simu1","DIC",50,"cliver",0.00043563658165517
"3093",309.2,"Simu1","DIC",50,"cliver",0.000412764941329019
"3094",309.3,"Simu1","DIC",50,"cliver",0.000391802159330529
"3095",309.4,"Simu1","DIC",50,"cliver",0.00037256479835369
"3096",309.5,"Simu1","DIC",50,"cliver",0.000354870889172954
"3097",309.6,"Simu1","DIC",50,"cliver",0.000338619850889804
"3098",309.7,"Simu1","DIC",50,"cliver",0.000323568363055032
"3099",309.8,"Simu1","DIC",50,"cliver",0.000309858722290505
"3100",309.9,"Simu1","DIC",50,"cliver",0.00029711882094432
"3101",310,"Simu1","DIC",50,"cliver",0.000284965484751577
"3102",310.1,"Simu1","DIC",50,"cliver",0.000274380060090925
"3103",310.2,"Simu1","DIC",50,"cliver",0.000264038666837537
"3104",310.3,"Simu1","DIC",50,"cliver",0.000254667424224089
"3105",310.4,"Simu1","DIC",50,"cliver",0.000245934288148009
"3106",310.5,"Simu1","DIC",50,"cliver",0.000237799324854253
"3107",310.6,"Simu1","DIC",50,"cliver",0.000230249876871031
"3108",310.7,"Simu1","DIC",50,"cliver",0.000223117691656964
"3109",310.8,"Simu1","DIC",50,"cliver",0.000216699914355772
"3110",310.9,"Simu1","DIC",50,"cliver",0.000209918901155235
"3111",311,"Simu1","DIC",50,"cliver",0.00020466847206246
"3112",311.1,"Simu1","DIC",50,"cliver",0.000199282903122241
"3113",311.2,"Simu1","DIC",50,"cliver",0.000194235972636499
"3114",311.3,"Simu1","DIC",50,"cliver",0.000189501754941215
"3115",311.4,"Simu1","DIC",50,"cliver",0.00018505639849716
"3116",311.5,"Simu1","DIC",50,"cliver",0.000180878102254674
"3117",311.6,"Simu1","DIC",50,"cliver",0.000176946877778064
"3118",311.7,"Simu1","DIC",50,"cliver",0.000173244308457776
"3119",311.8,"Simu1","DIC",50,"cliver",0.000169753878443174
"3120",311.9,"Simu1","DIC",50,"cliver",0.000166460287013995
"3121",312,"Simu1","DIC",50,"cliver",0.000239974443244046
"3122",312.1,"Simu1","DIC",50,"cliver",0.277494165456036
"3123",312.2,"Simu1","DIC",50,"cliver",1.66938134216804
"3124",312.3,"Simu1","DIC",50,"cliver",3.43688708576908
"3125",312.4,"Simu1","DIC",50,"cliver",5.16207429701577
"3126",312.5,"Simu1","DIC",50,"cliver",6.70866264548528
"3127",312.6,"Simu1","DIC",50,"cliver",8.04292156370792
"3128",312.7,"Simu1","DIC",50,"cliver",9.16729744662528
"3129",312.8,"Simu1","DIC",50,"cliver",10.0961146538648
"3130",312.9,"Simu1","DIC",50,"cliver",10.8467693139406
"3131",313,"Simu1","DIC",50,"cliver",11.4366127455338
"3132",313.1,"Simu1","DIC",50,"cliver",11.8819165148977
"3133",313.2,"Simu1","DIC",50,"cliver",12.1975929180308
"3134",313.3,"Simu1","DIC",50,"cliver",12.397183641926
"3135",313.4,"Simu1","DIC",50,"cliver",12.4929386381732
"3136",313.5,"Simu1","DIC",50,"cliver",12.4959201414846
"3137",313.6,"Simu1","DIC",50,"cliver",12.416109070349
"3138",313.7,"Simu1","DIC",50,"cliver",12.2625057068897
"3139",313.8,"Simu1","DIC",50,"cliver",12.0432227726109
"3140",313.9,"Simu1","DIC",50,"cliver",11.7655699336497
"3141",314,"Simu1","DIC",50,"cliver",11.4361304765719
"3142",314.1,"Simu1","DIC",50,"cliver",11.0608318408761
"3143",314.2,"Simu1","DIC",50,"cliver",10.6450088812132
"3144",314.3,"Simu1","DIC",50,"cliver",10.1934606463042
"3145",314.4,"Simu1","DIC",50,"cliver",9.71050201944244
"3146",314.5,"Simu1","DIC",50,"cliver",9.20001089298152
"3147",314.6,"Simu1","DIC",50,"cliver",8.66547092930148
"3148",314.7,"Simu1","DIC",50,"cliver",8.11001018624661
"3149",314.8,"Simu1","DIC",50,"cliver",7.53643593701535
"3150",314.9,"Simu1","DIC",50,"cliver",6.94726635233231
"3151",315,"Simu1","DIC",50,"cliver",6.34475944924202
"3152",315.1,"Simu1","DIC",50,"cliver",5.73093958264969
"3153",315.2,"Simu1","DIC",50,"cliver",5.107621848137
"3154",315.3,"Simu1","DIC",50,"cliver",4.47643501002951
"3155",315.4,"Simu1","DIC",50,"cliver",3.83884396438289
"3156",315.5,"Simu1","DIC",50,"cliver",3.19617369205692
"3157",315.6,"Simu1","DIC",50,"cliver",2.5496395498979
"3158",315.7,"Simu1","DIC",50,"cliver",1.90039588131852
"3159",315.8,"Simu1","DIC",50,"cliver",1.24965963854627
"3160",315.9,"Simu1","DIC",50,"cliver",0.599301413305815
"3161",316,"Simu1","DIC",50,"cliver",0.000926012405058973
"3162",316.1,"Simu1","DIC",50,"cliver",0.000834652436299821
"3163",316.2,"Simu1","DIC",50,"cliver",0.000774756179333615
"3164",316.3,"Simu1","DIC",50,"cliver",0.000720844390356787
"3165",316.4,"Simu1","DIC",50,"cliver",0.000672201292871613
"3166",316.5,"Simu1","DIC",50,"cliver",0.000628218354866864
"3167",316.6,"Simu1","DIC",50,"cliver",0.000588367700911934
"3168",316.7,"Simu1","DIC",50,"cliver",0.000552179967357387
"3169",316.8,"Simu1","DIC",50,"cliver",0.000519276696836903
"3170",316.9,"Simu1","DIC",50,"cliver",0.000489302964737289
"3171",317,"Simu1","DIC",50,"cliver",0.000461942233731855
"3172",317.1,"Simu1","DIC",50,"cliver",0.000436937929420975
"3173",317.2,"Simu1","DIC",50,"cliver",0.000414050375151225
"3174",317.3,"Simu1","DIC",50,"cliver",0.000393074676709805
"3175",317.4,"Simu1","DIC",50,"cliver",0.000373822203758395
"3176",317.5,"Simu1","DIC",50,"cliver",0.000356119801959586
"3177",317.6,"Simu1","DIC",50,"cliver",0.000339850696125609
"3178",317.7,"Simu1","DIC",50,"cliver",0.000324801324999342
"3179",317.8,"Simu1","DIC",50,"cliver",0.000311057366493052
"3180",317.9,"Simu1","DIC",50,"cliver",0.000298340109664831
"3181",318,"Simu1","DIC",50,"cliver",0.000286149906743455
"3182",318.1,"Simu1","DIC",50,"cliver",0.000275571872895796
"3183",318.2,"Simu1","DIC",50,"cliver",0.000265218053052978
"3184",318.3,"Simu1","DIC",50,"cliver",0.000255841505841439
"3185",318.4,"Simu1","DIC",50,"cliver",0.000247101296117084
"3186",318.5,"Simu1","DIC",50,"cliver",0.00023896018700154
"3187",318.6,"Simu1","DIC",50,"cliver",0.000231405299728826
"3188",318.7,"Simu1","DIC",50,"cliver",0.000224265166429597
"3189",318.8,"Simu1","DIC",50,"cliver",0.000217848451090373
"3190",318.9,"Simu1","DIC",50,"cliver",0.000211027939314918
"3191",319,"Simu1","DIC",50,"cliver",0.000205800808922013
"3192",319.1,"Simu1","DIC",50,"cliver",0.000200411718436677
"3193",319.2,"Simu1","DIC",50,"cliver",0.000195360344494176
"3194",319.3,"Simu1","DIC",50,"cliver",0.00019062192775902
"3195",319.4,"Simu1","DIC",50,"cliver",0.00018617257255263
"3196",319.5,"Simu1","DIC",50,"cliver",0.000181990455126643
"3197",319.6,"Simu1","DIC",50,"cliver",0.000178055582876652
"3198",319.7,"Simu1","DIC",50,"cliver",0.000174349516772222
"3199",319.8,"Simu1","DIC",50,"cliver",0.000170855765194354
"3200",319.9,"Simu1","DIC",50,"cliver",0.000167558920075906
"3201",320,"Simu1","DIC",50,"cliver",0.000241100543561385
"3202",320.1,"Simu1","DIC",50,"cliver",0.277575390489898
"3203",320.2,"Simu1","DIC",50,"cliver",1.66963192390488
"3204",320.3,"Simu1","DIC",50,"cliver",3.43730450210744
"3205",320.4,"Simu1","DIC",50,"cliver",5.1626584604577
"3206",320.5,"Simu1","DIC",50,"cliver",6.70941206147182
"3207",320.6,"Simu1","DIC",50,"cliver",8.04383361395447
"3208",320.7,"Simu1","DIC",50,"cliver",9.16836955825334
"3209",320.8,"Simu1","DIC",50,"cliver",10.0973447382161
"3210",320.9,"Simu1","DIC",50,"cliver",10.8481545567276
"3211",321,"Simu1","DIC",50,"cliver",11.4381511318326
"3212",321.1,"Simu1","DIC",50,"cliver",11.8836059378256
"3213",321.2,"Simu1","DIC",50,"cliver",12.1994312939263
"3214",321.3,"Simu1","DIC",50,"cliver",12.3991689860168
"3215",321.4,"Simu1","DIC",50,"cliver",12.4950689981118
"3216",321.5,"Simu1","DIC",50,"cliver",12.4981936725729
"3217",321.6,"Simu1","DIC",50,"cliver",12.4185239319422
"3218",321.7,"Simu1","DIC",50,"cliver",12.2650602725886
"3219",321.8,"Simu1","DIC",50,"cliver",12.0459154427993
"3220",321.9,"Simu1","DIC",50,"cliver",11.7683990773803
"3221",322,"Simu1","DIC",50,"cliver",11.4390955921367
"3222",322.1,"Simu1","DIC",50,"cliver",11.063933494834
"3223",322.2,"Simu1","DIC",50,"cliver",10.6482452871236
"3224",322.3,"Simu1","DIC",50,"cliver",10.1968299714703
"3225",322.4,"Simu1","DIC",50,"cliver",9.71400195200599
"3226",322.5,"Simu1","DIC",50,"cliver",9.20363919471431
"3227",322.6,"Simu1","DIC",50,"cliver",8.6692243124568
"3228",322.7,"Simu1","DIC",50,"cliver",8.11388774914817
"3229",322.8,"Simu1","DIC",50,"cliver",7.54043739872587
"3230",322.9,"Simu1","DIC",50,"cliver",6.95139045064652
"3231",323,"Simu1","DIC",50,"cliver",6.34900468565806
"3232",323.1,"Simu1","DIC",50,"cliver",5.73530483005968
"3233",323.2,"Simu1","DIC",50,"cliver",5.11210599180322
"3234",323.3,"Simu1","DIC",50,"cliver",4.48103675836766
"3235",323.4,"Simu1","DIC",50,"cliver",3.84356194991185
"3236",323.5,"Simu1","DIC",50,"cliver",3.20100652224108
"3237",323.6,"Simu1","DIC",50,"cliver",2.55458559243534
"3238",323.7,"Simu1","DIC",50,"cliver",1.9054537983472
"3239",323.8,"Simu1","DIC",50,"cliver",1.25482656516674
"3240",323.9,"Simu1","DIC",50,"cliver",0.60455523004026
"3241",324,"Simu1","DIC",50,"cliver",0.00096678820968918
"3242",324.1,"Simu1","DIC",50,"cliver",0.000836149151277238
"3243",324.2,"Simu1","DIC",50,"cliver",0.000776217253029773
"3244",324.3,"Simu1","DIC",50,"cliver",0.000722273292474688
"3245",324.4,"Simu1","DIC",50,"cliver",0.000673600992605343
"3246",324.5,"Simu1","DIC",50,"cliver",0.000629591587331
"3247",324.6,"Simu1","DIC",50,"cliver",0.000589716719991935
"3248",324.7,"Simu1","DIC",50,"cliver",0.000553506788639438
"3249",324.8,"Simu1","DIC",50,"cliver",0.000520583363282908
"3250",324.9,"Simu1","DIC",50,"cliver",0.000490590969183826
"3251",325,"Simu1","DIC",50,"cliver",0.000463213191498009
"3252",325.1,"Simu1","DIC",50,"cliver",0.0004381927361961
"3253",325.2,"Simu1","DIC",50,"cliver",0.000415290913152582
"3254",325.3,"Simu1","DIC",50,"cliver",0.000394300946799748
"3255",325.4,"Simu1","DIC",50,"cliver",0.000375037040343971
"3256",325.5,"Simu1","DIC",50,"cliver",0.00035732076843929
"3257",325.6,"Simu1","DIC",50,"cliver",0.000341044625451443
"3258",325.7,"Simu1","DIC",50,"cliver",0.000325977647160617
"3259",325.8,"Simu1","DIC",50,"cliver",0.000312238429611389
"3260",325.9,"Simu1","DIC",50,"cliver",0.000299498838365635
"3261",326,"Simu1","DIC",50,"cliver",0.000287302076930861
"3262",326.1,"Simu1","DIC",50,"cliver",0.000276719298859256
"3263",326.2,"Simu1","DIC",50,"cliver",0.000266358413984439
"3264",326.3,"Simu1","DIC",50,"cliver",0.000256972814749021
"3265",326.4,"Simu1","DIC",50,"cliver",0.00024822690399074
"3266",326.5,"Simu1","DIC",50,"cliver",0.000240079760113528
"3267",326.6,"Simu1","DIC",50,"cliver",0.000232518295773699
"3268",326.7,"Simu1","DIC",50,"cliver",0.000225374020311877
"3269",326.8,"Simu1","DIC",50,"cliver",0.000218948362105874
"3270",326.9,"Simu1","DIC",50,"cliver",0.000212123856817862
"3271",327,"Simu1","DIC",50,"cliver",0.000206893603013113
"3272",327.1,"Simu1","DIC",50,"cliver",0.000201500173529501
"3273",327.2,"Simu1","DIC",50,"cliver",0.000196444531322492
"3274",327.3,"Simu1","DIC",50,"cliver",0.000191702049213028
"3275",327.4,"Simu1","DIC",50,"cliver",0.00018724882254784
"3276",327.5,"Simu1","DIC",50,"cliver",0.00018306300775608
"3277",327.6,"Simu1","DIC",50,"cliver",0.000179124605727404
"3278",327.7,"Simu1","DIC",50,"cliver",0.000175415160203337
"3279",327.8,"Simu1","DIC",50,"cliver",0.000171918188720363
"3280",327.9,"Simu1","DIC",50,"cliver",0.000168619027234442
"3281",328,"Simu1","DIC",50,"cliver",0.000242188983231086
"3282",328.1,"Simu1","DIC",50,"cliver",0.277653420666467
"3283",328.2,"Simu1","DIC",50,"cliver",1.66986658942689
"3284",328.3,"Simu1","DIC",50,"cliver",3.4376928127219
"3285",328.4,"Simu1","DIC",50,"cliver",5.16319652968486
"3286",328.5,"Simu1","DIC",50,"cliver",6.71009778748911
"3287",328.6,"Simu1","DIC",50,"cliver",8.04466586428891
"3288",328.7,"Simu1","DIC",50,"cliver",9.16934709871194
"3289",328.8,"Simu1","DIC",50,"cliver",10.098465874155
"3290",328.9,"Simu1","DIC",50,"cliver",10.8494184513002
"3291",329,"Simu1","DIC",50,"cliver",11.4395562069232
"3292",329.1,"Simu1","DIC",50,"cliver",11.8851508075384
"3293",329.2,"Simu1","DIC",50,"cliver",12.201114668118
"3294",329.3,"Simu1","DIC",50,"cliver",12.4009895294775
"3295",329.4,"Simu1","DIC",50,"cliver",12.4970254489379
"3296",329.5,"Simu1","DIC",50,"cliver",12.500284747015
"3297",329.6,"Simu1","DIC",50,"cliver",12.4207484318064
"3298",329.7,"Simu1","DIC",50,"cliver",12.2674168440374
"3299",329.8,"Simu1","DIC",50,"cliver",12.0484028054092
"3300",329.9,"Simu1","DIC",50,"cliver",11.7710160810596
"3301",330,"Simu1","DIC",50,"cliver",11.4418400219899
"3302",330.1,"Simu1","DIC",50,"cliver",11.0668020445995
"3303",330.2,"Simu1","DIC",50,"cliver",10.6512370558723
"3304",330.3,"Simu1","DIC",50,"cliver",10.1999442385295
"3305",330.4,"Simu1","DIC",50,"cliver",9.71723858955558
"3306",330.5,"Simu1","DIC",50,"cliver",9.20699805029073
"3307",330.6,"Simu1","DIC",50,"cliver",8.67270632497249
"3308",330.7,"Simu1","DIC",50,"cliver",8.11749148711486
"3309",330.8,"Simu1","DIC",50,"cliver",7.54416083397602
"3310",330.9,"Simu1","DIC",50,"cliver",6.95523256953458
"3311",331,"Simu1","DIC",50,"cliver",6.35296473725681
"3312",331.1,"Simu1","DIC",50,"cliver",5.73938169802175
"3313",331.2,"Simu1","DIC",50,"cliver",5.11629852566503
"3314",331.3,"Simu1","DIC",50,"cliver",4.4853439221734
"3315",331.4,"Simu1","DIC",50,"cliver",3.84798264508738
"3316",331.5,"Simu1","DIC",50,"cliver",3.20553937095316
"3317",331.6,"Simu1","DIC",50,"cliver",2.55922872823985
"3318",331.7,"Simu1","DIC",50,"cliver",1.91020374561095
"3319",331.8,"Simu1","DIC",50,"cliver",1.25967962070934
"3320",331.9,"Simu1","DIC",50,"cliver",0.609494853592181
"3321",332,"Simu1","DIC",50,"cliver",0.00106059180749882
"3322",332.1,"Simu1","DIC",50,"cliver",0.000837589261535135
"3323",332.2,"Simu1","DIC",50,"cliver",0.000777623039300417
"3324",332.3,"Simu1","DIC",50,"cliver",0.000723648050345494
"3325",332.4,"Simu1","DIC",50,"cliver",0.00067494774099387
"3326",332.5,"Simu1","DIC",50,"cliver",0.000630912702960056
"3327",332.6,"Simu1","DIC",50,"cliver",0.000591014689430472
"3328",332.7,"Simu1","DIC",50,"cliver",0.000554783574869445
"3329",332.8,"Simu1","DIC",50,"cliver",0.000521840430467428
"3330",332.9,"Simu1","DIC",50,"cliver",0.000491830308294927
"3331",333,"Simu1","DIC",50,"cliver",0.000464435824840251
"3332",333.1,"Simu1","DIC",50,"cliver",0.000439400580352767
"3333",333.2,"Simu1","DIC",50,"cliver",0.000416483962400431
"3334",333.3,"Simu1","DIC",50,"cliver",0.00039548210666774
"3335",333.4,"Simu1","DIC",50,"cliver",0.000376204054419925
"3336",333.5,"Simu1","DIC",50,"cliver",0.000358480182918875
"3337",333.6,"Simu1","DIC",50,"cliver",0.000342186803033039
"3338",333.7,"Simu1","DIC",50,"cliver",0.000327122756171055
"3339",333.8,"Simu1","DIC",50,"cliver",0.000313349848655944
"3340",333.9,"Simu1","DIC",50,"cliver",0.000300633862950007
"3341",334,"Simu1","DIC",50,"cliver",0.000288400982832819
"3342",334.1,"Simu1","DIC",50,"cliver",0.000277825212268991
"3343",334.2,"Simu1","DIC",50,"cliver",0.000267453332783068
"3344",334.3,"Simu1","DIC",50,"cliver",0.000258062586305112
"3345",334.4,"Simu1","DIC",50,"cliver",0.000249310281243991
"3346",334.5,"Simu1","DIC",50,"cliver",0.000241157495273548
"3347",334.6,"Simu1","DIC",50,"cliver",0.000233590915392959
"3348",334.7,"Simu1","DIC",50,"cliver",0.000226439527633085
"3349",334.8,"Simu1","DIC",50,"cliver",0.000220014385961962
"3350",334.9,"Simu1","DIC",50,"cliver",0.000213154200855403
"3351",335,"Simu1","DIC",50,"cliver",0.000207945132835351
"3352",335.1,"Simu1","DIC",50,"cliver",0.000202548241950162
"3353",335.2,"Simu1","DIC",50,"cliver",0.000197488509136356
"3354",335.3,"Simu1","DIC",50,"cliver",0.000192742138818613
"3355",335.4,"Simu1","DIC",50,"cliver",0.000188285215239095
"3356",335.5,"Simu1","DIC",50,"cliver",0.000184095866914445
"3357",335.6,"Simu1","DIC",50,"cliver",0.000180154092608304
"3358",335.7,"Simu1","DIC",50,"cliver",0.000176441415100105
"3359",335.8,"Simu1","DIC",50,"cliver",0.000172941373073757
"3360",335.9,"Simu1","DIC",50,"cliver",0.000169639041536077
"3361",336,"Simu1","DIC",50,"cliver",0.000243233804958837
"3362",336.1,"Simu1","DIC",50,"cliver",0.277728456573769
"3363",336.2,"Simu1","DIC",50,"cliver",1.67009458219964
"3364",336.3,"Simu1","DIC",50,"cliver",3.43807248761516
"3365",336.4,"Simu1","DIC",50,"cliver",5.16372596716408
"3366",336.5,"Simu1","DIC",50,"cliver",6.71077507803959
"3367",336.6,"Simu1","DIC",50,"cliver",8.04548914116066
"3368",336.7,"Simu1","DIC",50,"cliver",9.1703145419066
"3369",336.8,"Simu1","DIC",50,"cliver",10.0995757107186
"3370",336.9,"Simu1","DIC",50,"cliver",10.8506689548403
"3371",337,"Simu1","DIC",50,"cliver",11.4409456968276
"3372",337.1,"Simu1","DIC",50,"cliver",11.8866776479877
"3373",337.2,"Simu1","DIC",50,"cliver",12.2027772669586
"3374",337.3,"Simu1","DIC",50,"cliver",12.4027863370064
"3375",337.4,"Simu1","DIC",50,"cliver",12.4989549566316
"3376",337.5,"Simu1","DIC",50,"cliver",12.5023454862141
"3377",337.6,"Simu1","DIC",50,"cliver",12.4229389723753
"3378",337.7,"Simu1","DIC",50,"cliver",12.2697357929993
"3379",337.8,"Simu1","DIC",50,"cliver",12.0508488055873
"3380",337.9,"Simu1","DIC",50,"cliver",11.7735878096714
"3381",338,"Simu1","DIC",50,"cliver",11.444536189259
"3382",338.1,"Simu1","DIC",50,"cliver",11.0696213923108
"3383",338.2,"Simu1","DIC",50,"cliver",10.6541783559121
"3384",338.3,"Simu1","DIC",50,"cliver",10.2030062913762
"3385",338.4,"Simu1","DIC",50,"cliver",9.72042022269044
"3386",338.5,"Simu1","DIC",50,"cliver",9.21029811645368
"3387",338.6,"Simu1","DIC",50,"cliver",8.67612370018914
"3388",338.7,"Simu1","DIC",50,"cliver",8.12102506840904
"3389",338.8,"Simu1","DIC",50,"cliver",7.54780953659884
"3390",338.9,"Simu1","DIC",50,"cliver",6.95899532338924
"3391",339,"Simu1","DIC",50,"cliver",6.35684048198087
"3392",339.1,"Simu1","DIC",50,"cliver",5.7433693758008
"3393",339.2,"Simu1","DIC",50,"cliver",5.1203970700267
"3394",339.3,"Simu1","DIC",50,"cliver",4.48955223917843
"3395",339.4,"Simu1","DIC",50,"cliver",3.85229957900498
"3396",339.5,"Simu1","DIC",50,"cliver",3.20996363502042
"3397",339.6,"Simu1","DIC",50,"cliver",2.56375874542539
"3398",339.7,"Simu1","DIC",50,"cliver",1.91483724711576
"3399",339.8,"Simu1","DIC",50,"cliver",1.26441213067183
"3400",339.9,"Simu1","DIC",50,"cliver",0.614310174852099
"3401",340,"Simu1","DIC",50,"cliver",0.00126976189250312
"3402",340.1,"Simu1","DIC",50,"cliver",0.000838978399556118
"3403",340.2,"Simu1","DIC",50,"cliver",0.000778979082938709
"3404",340.3,"Simu1","DIC",50,"cliver",0.000724974192252205
"3405",340.4,"Simu1","DIC",50,"cliver",0.000676246833412789
"3406",340.5,"Simu1","DIC",50,"cliver",0.00063218712977646
"3407",340.6,"Simu1","DIC",50,"cliver",0.000592266730348145
"3408",340.7,"Simu1","DIC",50,"cliver",0.000556015117493867
"3409",340.8,"Simu1","DIC",50,"cliver",0.000523053066450231
"3410",340.9,"Simu1","DIC",50,"cliver",0.000493025754555942
"3411",341,"Simu1","DIC",50,"cliver",0.000465615266838334
"3412",341.1,"Simu1","DIC",50,"cliver",0.000440565475488178
"3413",341.2,"Simu1","DIC",50,"cliver",0.000417634973297682
"3414",341.3,"Simu1","DIC",50,"cliver",0.000396620968021492
"3415",341.4,"Simu1","DIC",50,"cliver",0.00037733041856658
"3416",341.5,"Simu1","DIC",50,"cliver",0.000359597108552922
"3417",341.6,"Simu1","DIC",50,"cliver",0.000343290920442052
"3418",341.7,"Simu1","DIC",50,"cliver",0.000328222447156268
"3419",341.8,"Simu1","DIC",50,"cliver",0.000314430967700094
"3420",341.9,"Simu1","DIC",50,"cliver",0.000301721410343842
"3421",342,"Simu1","DIC",50,"cliver",0.000289464625252822
"3422",342.1,"Simu1","DIC",50,"cliver",0.000278890861733377
"3423",342.2,"Simu1","DIC",50,"cliver",0.000268510381549313
"3424",342.3,"Simu1","DIC",50,"cliver",0.000259113343833477
"3425",342.4,"Simu1","DIC",50,"cliver",0.000250355088621285
"3426",342.5,"Simu1","DIC",50,"cliver",0.000242196809823718
"3427",342.6,"Simu1","DIC",50,"cliver",0.00023462477545226
"3428",342.7,"Simu1","DIC",50,"cliver",0.000227467895624951
"3429",342.8,"Simu1","DIC",50,"cliver",0.000221039352210823
"3430",342.9,"Simu1","DIC",50,"cliver",0.000214158448559831
"3431",343,"Simu1","DIC",50,"cliver",0.00020895948911399
"3432",343.1,"Simu1","DIC",50,"cliver",0.000203558807386011
"3433",343.2,"Simu1","DIC",50,"cliver",0.000198495127779576
"3434",343.3,"Simu1","DIC",50,"cliver",0.000193744995833308
"3435",343.4,"Simu1","DIC",50,"cliver",0.000189284492727506
"3436",343.5,"Simu1","DIC",50,"cliver",0.000185091723915387
"3437",343.6,"Simu1","DIC",50,"cliver",0.000181146685089381
"3438",343.7,"Simu1","DIC",50,"cliver",0.000177430880732945
"3439",343.8,"Simu1","DIC",50,"cliver",0.000173927863435394
"3440",343.9,"Simu1","DIC",50,"cliver",0.000170622183264649
"3441",344,"Simu1","DIC",50,"cliver",0.000244242712785794
"3442",344.1,"Simu1","DIC",50,"cliver",0.277801047184398
"3443",344.2,"Simu1","DIC",50,"cliver",1.67031530701807
"3444",344.3,"Simu1","DIC",50,"cliver",3.43844018228228
"3445",344.4,"Simu1","DIC",50,"cliver",5.16423874966718
"3446",344.5,"Simu1","DIC",50,"cliver",6.71143104325514
"3447",344.6,"Simu1","DIC",50,"cliver",8.04628641861546
"3448",344.7,"Simu1","DIC",50,"cliver",9.17125130844504
"3449",344.8,"Simu1","DIC",50,"cliver",10.1006501936263
"3450",344.9,"Simu1","DIC",50,"cliver",10.8518794320086
"3451",345,"Simu1","DIC",50,"cliver",11.4422904958174
"3452",345.1,"Simu1","DIC",50,"cliver",11.8881551445413
"3453",345.2,"Simu1","DIC",50,"cliver",12.2043858813646
"3454",345.3,"Simu1","DIC",50,"cliver",12.4045245412259
"3455",345.4,"Simu1","DIC",50,"cliver",12.5008212607786
"3456",345.5,"Simu1","DIC",50,"cliver",12.5043384443384
"3457",345.6,"Simu1","DIC",50,"cliver",12.4250571757492
"3458",345.7,"Simu1","DIC",50,"cliver",12.2719778704094
"3459",345.8,"Simu1","DIC",50,"cliver",12.0532134264028
"3460",345.9,"Simu1","DIC",50,"cliver",11.7760736774185
"3461",346,"Simu1","DIC",50,"cliver",11.4471420450716
"3462",346.1,"Simu1","DIC",50,"cliver",11.072346008753
"3463",346.2,"Simu1","DIC",50,"cliver",10.6570205379728
"3464",346.3,"Simu1","DIC",50,"cliver",10.2059648719961
"3465",346.4,"Simu1","DIC",50,"cliver",9.72349406004016
"3466",346.5,"Simu1","DIC",50,"cliver",9.21348609342989
"3467",346.6,"Simu1","DIC",50,"cliver",8.679424723839
"3468",346.7,"Simu1","DIC",50,"cliver",8.12443806774891
"3469",346.8,"Simu1","DIC",50,"cliver",7.55133345915641
"3470",346.9,"Simu1","DIC",50,"cliver",6.96262913128138
"3471",347,"Simu1","DIC",50,"cliver",6.36058314734149
"3472",347.1,"Simu1","DIC",50,"cliver",5.74721987420049
"3473",347.2,"Simu1","DIC",50,"cliver",5.12435436981659
"3474",347.3,"Simu1","DIC",50,"cliver",4.49361528355758
"3475",347.4,"Simu1","DIC",50,"cliver",3.8564672540218
"3476",347.5,"Simu1","DIC",50,"cliver",3.21423470681809
"3477",347.6,"Simu1","DIC",50,"cliver",2.56813172197007
"3478",347.7,"Simu1","DIC",50,"cliver",1.91930984439808
"3479",347.8,"Simu1","DIC",50,"cliver",1.2689801213349
"3480",347.9,"Simu1","DIC",50,"cliver",0.618958124675954
"3481",348,"Simu1","DIC",50,"cliver",0.00169752228096662
"3482",348.1,"Simu1","DIC",50,"cliver",0.000840317990591602
"3483",348.2,"Simu1","DIC",50,"cliver",0.000780286730004203
"3484",348.3,"Simu1","DIC",50,"cliver",0.000726252960906034
"3485",348.4,"Simu1","DIC",50,"cliver",0.000677499524108141
"3486",348.5,"Simu1","DIC",50,"cliver",0.000633415962036273
"3487",348.6,"Simu1","DIC",50,"cliver",0.000593473990192007
"3488",348.7,"Simu1","DIC",50,"cliver",0.00055720264585615
"3489",348.8,"Simu1","DIC",50,"cliver",0.000524222236183954
"3490",348.9,"Simu1","DIC",50,"cliver",0.000494178379940749
"3491",349,"Simu1","DIC",50,"cliver",0.000466752355657557
"3492",349.1,"Simu1","DIC",50,"cliver",0.000441688732437585
"3493",349.2,"Simu1","DIC",50,"cliver",0.000418744506081936
"3494",349.3,"Simu1","DIC",50,"cliver",0.000397719300042314
"3495",349.4,"Simu1","DIC",50,"cliver",0.000378415743446785
"3496",349.5,"Simu1","DIC",50,"cliver",0.000360675024524623
"3497",349.6,"Simu1","DIC",50,"cliver",0.000344353318424979
"3498",349.7,"Simu1","DIC",50,"cliver",0.000329286561061966
"3499",349.8,"Simu1","DIC",50,"cliver",0.000315465525062135
"3500",349.9,"Simu1","DIC",50,"cliver",0.000302776225097778
"3501",350,"Simu1","DIC",50,"cliver",0.000290487466436455
"3502",350.1,"Simu1","DIC",50,"cliver",0.000279917725126214
"3503",350.2,"Simu1","DIC",50,"cliver",0.000269528769401979
"3504",350.3,"Simu1","DIC",50,"cliver",0.000260126661499264
"3505",350.4,"Simu1","DIC",50,"cliver",0.000251362189215277
"3506",350.5,"Simu1","DIC",50,"cliver",0.000243198659025365
"3507",350.6,"Simu1","DIC",50,"cliver",0.000235621651797148
"3508",350.7,"Simu1","DIC",50,"cliver",0.000228458743504062
"3509",350.8,"Simu1","DIC",50,"cliver",0.000222029191516397
"3510",350.9,"Simu1","DIC",50,"cliver",0.000215121233018097
"3511",351,"Simu1","DIC",50,"cliver",0.000209937250195347
"3512",351.1,"Simu1","DIC",50,"cliver",0.000204532934028408
"3513",351.2,"Simu1","DIC",50,"cliver",0.000199465450805108
"3514",351.3,"Simu1","DIC",50,"cliver",0.000194711685662392
"3515",351.4,"Simu1","DIC",50,"cliver",0.000190247726677977
"3516",351.5,"Simu1","DIC",50,"cliver",0.000186051655222281
"3517",351.6,"Simu1","DIC",50,"cliver",0.00018210346452922
"3518",351.7,"Simu1","DIC",50,"cliver",0.000178384641298982
"3519",351.8,"Simu1","DIC",50,"cliver",0.000174878751200085
"3520",351.9,"Simu1","DIC",50,"cliver",0.00017157023271997
"3521",352,"Simu1","DIC",50,"cliver",0.000245214123247204
"3522",352.1,"Simu1","DIC",50,"cliver",0.277871014769266
"3523",352.2,"Simu1","DIC",50,"cliver",1.6705283044883
"3524",352.3,"Simu1","DIC",50,"cliver",3.43879523403702
"3525",352.4,"Simu1","DIC",50,"cliver",5.16473407119196
"3526",352.5,"Simu1","DIC",50,"cliver",6.71206477406223
"3527",352.6,"Simu1","DIC",50,"cliver",8.04705671603751
"3528",352.7,"Simu1","DIC",50,"cliver",9.17215637253773
"3529",352.8,"Simu1","DIC",50,"cliver",10.1016882755872
"3530",352.9,"Simu1","DIC",50,"cliver",10.8530488350853
"3531",353,"Simu1","DIC",50,"cliver",11.4435895747676
"3532",353.1,"Simu1","DIC",50,"cliver",11.8895823038264
"3533",353.2,"Simu1","DIC",50,"cliver",12.2059395758557
"3534",353.3,"Simu1","DIC",50,"cliver",12.4062032657988
"3535",353.4,"Simu1","DIC",50,"cliver",12.5026235599606
"3536",353.5,"Simu1","DIC",50,"cliver",12.5062629034968
"3537",353.6,"Simu1","DIC",50,"cliver",12.4271024236923
"3538",353.7,"Simu1","DIC",50,"cliver",12.274142577441
"3539",353.8,"Simu1","DIC",50,"cliver",12.0554962956689
"3540",353.9,"Simu1","DIC",50,"cliver",11.7784734503377
"3541",354,"Simu1","DIC",50,"cliver",11.4496574922128
"3542",354.1,"Simu1","DIC",50,"cliver",11.0749759354108
"3543",354.2,"Simu1","DIC",50,"cliver",10.6597637774051
"3544",354.3,"Simu1","DIC",50,"cliver",10.2088202865819
"3545",354.4,"Simu1","DIC",50,"cliver",9.72646054158945
"3546",354.5,"Simu1","DIC",50,"cliver",9.21656256061047
"3547",354.6,"Simu1","DIC",50,"cliver",8.6826101170762
"3548",354.7,"Simu1","DIC",50,"cliver",8.12773134852212
"3549",354.8,"Simu1","DIC",50,"cliver",7.55473360812358
"3550",354.9,"Simu1","DIC",50,"cliver",6.96613514481033
"3551",355,"Simu1","DIC",50,"cliver",6.36419403198209
"3552",355.1,"Simu1","DIC",50,"cliver",5.7509346393626
"3553",355.2,"Simu1","DIC",50,"cliver",5.12817201726252
"3554",355.3,"Simu1","DIC",50,"cliver",4.49753478966642
"3555",355.4,"Simu1","DIC",50,"cliver",3.86048753637981
"3556",355.5,"Simu1","DIC",50,"cliver",3.21835455472221
"3557",355.6,"Simu1","DIC",50,"cliver",2.57234962878574
"3558",355.7,"Simu1","DIC",50,"cliver",1.92362385914636
"3559",355.8,"Simu1","DIC",50,"cliver",1.27338603072832
"3560",355.9,"Simu1","DIC",50,"cliver",0.62344123003724
"3561",356,"Simu1","DIC",50,"cliver",0.00247329758065234
"3562",356.1,"Simu1","DIC",50,"cliver",0.000841609632056238
"3563",356.2,"Simu1","DIC",50,"cliver",0.000781547549468824
"3564",356.3,"Simu1","DIC",50,"cliver",0.000727486198483486
"3565",356.4,"Simu1","DIC",50,"cliver",0.000678707060875606
"3566",356.5,"Simu1","DIC",50,"cliver",0.000634601377444626
"3567",356.6,"Simu1","DIC",50,"cliver",0.00059463789283412
"3568",356.7,"Simu1","DIC",50,"cliver",0.000558346525081547
"3569",356.8,"Simu1","DIC",50,"cliver",0.000525350304068363
"3570",356.9,"Simu1","DIC",50,"cliver",0.000495289282686075
"3571",357,"Simu1","DIC",50,"cliver",0.000467850425425236
"3572",357.1,"Simu1","DIC",50,"cliver",0.000442769066011644
"3573",357.2,"Simu1","DIC",50,"cliver",0.000419818126577982
"3574",357.3,"Simu1","DIC",50,"cliver",0.000398771389009883
"3575",357.4,"Simu1","DIC",50,"cliver",0.00037947400049372
"3576",357.5,"Simu1","DIC",50,"cliver",0.000361692808492192
"3577",357.6,"Simu1","DIC",50,"cliver",0.000345417030828065
"3578",357.7,"Simu1","DIC",50,"cliver",0.000330237598518712
"3579",357.8,"Simu1","DIC",50,"cliver",0.000316607457806988
"3580",357.9,"Simu1","DIC",50,"cliver",0.00030366964506036
"3581",358,"Simu1","DIC",50,"cliver",0.000291564323803195
"3582",358.1,"Simu1","DIC",50,"cliver",0.000280883189688324
"3583",358.2,"Simu1","DIC",50,"cliver",0.000270526853998884
"3584",358.3,"Simu1","DIC",50,"cliver",0.00026110384272292
"3585",358.4,"Simu1","DIC",50,"cliver",0.000252333494999427
"3586",358.5,"Simu1","DIC",50,"cliver",0.000244163254417586
"3587",358.6,"Simu1","DIC",50,"cliver",0.00023657618878266
"3588",358.7,"Simu1","DIC",50,"cliver",0.000229424489301509
"3589",358.8,"Simu1","DIC",50,"cliver",0.000222944850748787
"3590",358.9,"Simu1","DIC",50,"cliver",0.000216248072954582
"3591",359,"Simu1","DIC",50,"cliver",0.0002108851292437
"3592",359.1,"Simu1","DIC",50,"cliver",0.000205471680497498
"3593",359.2,"Simu1","DIC",50,"cliver",0.000200400625624541
"3594",359.3,"Simu1","DIC",50,"cliver",0.000195643374175245
"3595",359.4,"Simu1","DIC",50,"cliver",0.000191176057172517
"3596",359.5,"Simu1","DIC",50,"cliver",0.000186976819314444
"3597",359.6,"Simu1","DIC",50,"cliver",0.000183025596045665
"3598",359.7,"Simu1","DIC",50,"cliver",0.000179303929752904
"3599",359.8,"Simu1","DIC",50,"cliver",0.000175795185370502
"3600",359.9,"Simu1","DIC",50,"cliver",0.00017248427852904
"3601",360,"Simu1","DIC",50,"cliver",0.000246152004966168
"3602",360.1,"Simu1","DIC",50,"cliver",0.277938222519537
"3603",360.2,"Simu1","DIC",50,"cliver",1.67073214848111
"3604",360.3,"Simu1","DIC",50,"cliver",3.43913439219054
"3605",360.4,"Simu1","DIC",50,"cliver",5.16520677834284
"3606",360.5,"Simu1","DIC",50,"cliver",6.71266933578761
"3607",360.6,"Simu1","DIC",50,"cliver",8.04779149489227
"3608",360.7,"Simu1","DIC",50,"cliver",9.17301977723842
"3609",360.8,"Simu1","DIC",50,"cliver",10.1026787552058
"3610",360.9,"Simu1","DIC",50,"cliver",10.8541648775894
"3611",361,"Simu1","DIC",50,"cliver",11.4448297058719
"3612",361.1,"Simu1","DIC",50,"cliver",11.8909450866921
"3613",361.2,"Simu1","DIC",50,"cliver",12.2074236099761
"3614",361.3,"Simu1","DIC",50,"cliver",12.4078071860134
"3615",361.4,"Simu1","DIC",50,"cliver",12.5043460359559
"3616",361.5,"Simu1","DIC",50,"cliver",12.5081026384224
"3617",361.6,"Simu1","DIC",50,"cliver",12.429058153854
"3618",361.7,"Simu1","DIC",50,"cliver",12.2762130695565
"3619",361.8,"Simu1","DIC",50,"cliver",12.0576803480627
"3620",361.9,"Simu1","DIC",50,"cliver",11.7807698895465
"3621",362,"Simu1","DIC",50,"cliver",11.4520651742756
"3622",362.1,"Simu1","DIC",50,"cliver",11.0774937421085
"3623",362.2,"Simu1","DIC",50,"cliver",10.662390617589
"3624",362.3,"Simu1","DIC",50,"cliver",10.2115550948996
"3625",362.4,"Simu1","DIC",50,"cliver",9.72930227608213
"3626",362.5,"Simu1","DIC",50,"cliver",9.21951020065273
"3627",362.6,"Simu1","DIC",50,"cliver",8.68566266338809
"3628",362.7,"Simu1","DIC",50,"cliver",8.13088781950984
"3629",362.8,"Simu1","DIC",50,"cliver",7.5579930372628
"3630",362.9,"Simu1","DIC",50,"cliver",6.96949657786036
"3631",363,"Simu1","DIC",50,"cliver",6.36765652326413
"3632",363.1,"Simu1","DIC",50,"cliver",5.75449724560829
"3633",363.2,"Simu1","DIC",50,"cliver",5.13183378758239
"3634",363.3,"Simu1","DIC",50,"cliver",4.50129474897126
"3635",363.4,"Simu1","DIC",50,"cliver",3.86434465569787
"3636",363.5,"Simu1","DIC",50,"cliver",3.22230769209785
"3637",363.6,"Simu1","DIC",50,"cliver",2.57639739619808
"3638",363.7,"Simu1","DIC",50,"cliver",1.92776420169212
"3639",363.8,"Simu1","DIC",50,"cliver",1.27761505312581
"3640",363.9,"Simu1","DIC",50,"cliver",0.627744986750964
"3641",364,"Simu1","DIC",50,"cliver",0.00368468745455302
"3642",364.1,"Simu1","DIC",50,"cliver",0.000842853653213059
"3643",364.2,"Simu1","DIC",50,"cliver",0.000782761927794739
"3644",364.3,"Simu1","DIC",50,"cliver",0.000728673782169403
"3645",364.4,"Simu1","DIC",50,"cliver",0.000679870407428465
"3646",364.5,"Simu1","DIC",50,"cliver",0.000635742608504061
"3647",364.6,"Simu1","DIC",50,"cliver",0.000595759077256899
"3648",364.7,"Simu1","DIC",50,"cliver",0.000559449348194659
"3649",364.8,"Simu1","DIC",50,"cliver",0.000526436168074551
"3650",364.9,"Simu1","DIC",50,"cliver",0.00049635979887538
"3651",365,"Simu1","DIC",50,"cliver",0.000468906541951175
"3652",365.1,"Simu1","DIC",50,"cliver",0.000443812200031911
"3653",365.2,"Simu1","DIC",50,"cliver",0.000420848727920823
"3654",365.3,"Simu1","DIC",50,"cliver",0.00039979124275985
"3655",365.4,"Simu1","DIC",50,"cliver",0.000380482439877265
"3656",365.5,"Simu1","DIC",50,"cliver",0.000362693141413753
"3657",365.6,"Simu1","DIC",50,"cliver",0.000346405291699956
"3658",365.7,"Simu1","DIC",50,"cliver",0.00033122291216692
"3659",365.8,"Simu1","DIC",50,"cliver",0.000317574334703127
"3660",365.9,"Simu1","DIC",50,"cliver",0.000304642857971472
"3661",366,"Simu1","DIC",50,"cliver",0.000292515894926418
"3662",366.1,"Simu1","DIC",50,"cliver",0.000281839334574772
"3663",366.2,"Simu1","DIC",50,"cliver",0.00027147271702954
"3664",366.3,"Simu1","DIC",50,"cliver",0.000262044634649105
"3665",366.4,"Simu1","DIC",50,"cliver",0.000253269053120961
"3666",366.5,"Simu1","DIC",50,"cliver",0.000245093825001951
"3667",366.6,"Simu1","DIC",50,"cliver",0.000237502132136102
"3668",366.7,"Simu1","DIC",50,"cliver",0.000230344724713795
"3669",366.8,"Simu1","DIC",50,"cliver",0.000223863682488882
"3670",366.9,"Simu1","DIC",50,"cliver",0.0002171424952114
"3671",367,"Simu1","DIC",50,"cliver",0.000211793109794334
"3672",367.1,"Simu1","DIC",50,"cliver",0.000206376487730282
"3673",367.2,"Simu1","DIC",50,"cliver",0.000201301877892611
"3674",367.3,"Simu1","DIC",50,"cliver",0.000196541255490985
"3675",367.4,"Simu1","DIC",50,"cliver",0.000192070728261468
"3676",367.5,"Simu1","DIC",50,"cliver",0.000187868424016865
"3677",367.6,"Simu1","DIC",50,"cliver",0.000183914272760319
"3678",367.7,"Simu1","DIC",50,"cliver",0.00018018979882508
"3679",367.8,"Simu1","DIC",50,"cliver",0.000176678387655024
"3680",367.9,"Simu1","DIC",50,"cliver",0.000173364805147557
"3681",368,"Simu1","DIC",50,"cliver",0.000247053410549513
"3682",368.1,"Simu1","DIC",50,"cliver",0.27800276449072
"3683",368.2,"Simu1","DIC",50,"cliver",1.67092699593873
"3684",368.3,"Simu1","DIC",50,"cliver",3.43946131276702
"3685",368.4,"Simu1","DIC",50,"cliver",5.16566397272098
"3686",368.5,"Simu1","DIC",50,"cliver",6.71325464212311
"3687",368.6,"Simu1","DIC",50,"cliver",8.04850302915556
"3688",368.7,"Simu1","DIC",50,"cliver",9.17385585284949
"3689",368.8,"Simu1","DIC",50,"cliver",10.1036378076637
"3690",368.9,"Simu1","DIC",50,"cliver",10.8552453544459
"3691",369,"Simu1","DIC",50,"cliver",11.4460301389888
"3692",369.1,"Simu1","DIC",50,"cliver",11.892264045799
"3693",369.2,"Simu1","DIC",50,"cliver",12.208859680963
"3694",369.3,"Simu1","DIC",50,"cliver",12.4093590320145
"3695",369.4,"Simu1","DIC",50,"cliver",12.5060123406476
"3696",369.5,"Simu1","DIC",50,"cliver",12.5098821223096
"3697",369.6,"Simu1","DIC",50,"cliver",12.4309495653085
"3698",369.7,"Simu1","DIC",50,"cliver",12.278215213672
"3699",369.8,"Simu1","DIC",50,"cliver",12.0597920369206
"3700",369.9,"Simu1","DIC",50,"cliver",11.7829899396939
"3701",370,"Simu1","DIC",50,"cliver",11.4543924389429
"3702",370.1,"Simu1","DIC",50,"cliver",11.079927200009
"3703",370.2,"Simu1","DIC",50,"cliver",10.6649292873049
"3704",370.3,"Simu1","DIC",50,"cliver",10.2141979427615
"3705",370.4,"Simu1","DIC",50,"cliver",9.73204823303089
"3706",370.5,"Simu1","DIC",50,"cliver",9.22235822512244
"3707",370.6,"Simu1","DIC",50,"cliver",8.68861174401721
"3708",370.7,"Simu1","DIC",50,"cliver",8.13393699506462
"3709",370.8,"Simu1","DIC",50,"cliver",7.56114137811805
"3710",370.9,"Simu1","DIC",50,"cliver",6.97274316504347
"3711",371,"Simu1","DIC",50,"cliver",6.37100044083312
"3712",371.1,"Simu1","DIC",50,"cliver",5.75793758016558
"3713",371.2,"Simu1","DIC",50,"cliver",5.13536962259907
"3714",371.3,"Simu1","DIC",50,"cliver",4.50492514902568
"3715",371.4,"Simu1","DIC",50,"cliver",3.86806864018519
"3716",371.5,"Simu1","DIC",50,"cliver",3.22612419452358
"3717",371.6,"Simu1","DIC",50,"cliver",2.58030521143663
"3718",371.7,"Simu1","DIC",50,"cliver",1.93176236799468
"3719",371.8,"Simu1","DIC",50,"cliver",1.28169896782485
"3720",371.9,"Simu1","DIC",50,"cliver",0.631901019518739
"3721",372,"Simu1","DIC",50,"cliver",0.00533811435488831
"3722",372.1,"Simu1","DIC",50,"cliver",0.000844053195762016
"3723",372.2,"Simu1","DIC",50,"cliver",0.000783932864460019
"3724",372.3,"Simu1","DIC",50,"cliver",0.000729818821672223
"3725",372.4,"Simu1","DIC",50,"cliver",0.000680992110545893
"3726",372.5,"Simu1","DIC",50,"cliver",0.000636842859229548
"3727",372.6,"Simu1","DIC",50,"cliver",0.000596840049031217
"3728",372.7,"Simu1","DIC",50,"cliver",0.000560512714432711
"3729",372.8,"Simu1","DIC",50,"cliver",0.000527482948785677
"3730",372.9,"Simu1","DIC",50,"cliver",0.000497391943664333
"3731",373,"Simu1","DIC",50,"cliver",0.000469924496316501
"3732",373.1,"Simu1","DIC",50,"cliver",0.000444818146392562
"3733",373.2,"Simu1","DIC",50,"cliver",0.000421841794330643
"3734",373.3,"Simu1","DIC",50,"cliver",0.000400775210352046
"3735",373.4,"Simu1","DIC",50,"cliver",0.000381453195736648
"3736",373.5,"Simu1","DIC",50,"cliver",0.000363659941919168
"3737",373.6,"Simu1","DIC",50,"cliver",0.000347353424497328
"3738",373.7,"Simu1","DIC",50,"cliver",0.000332181270022339
"3739",373.8,"Simu1","DIC",50,"cliver",0.000318489987587036
"3740",373.9,"Simu1","DIC",50,"cliver",0.00030559501478109
"3741",374,"Simu1","DIC",50,"cliver",0.000293419997178821
"3742",374.1,"Simu1","DIC",50,"cliver",0.00028276598844197
"3743",374.2,"Simu1","DIC",50,"cliver",0.000272382370585902
"3744",374.3,"Simu1","DIC",50,"cliver",0.000262951294942094
"3745",374.4,"Simu1","DIC",50,"cliver",0.000254170882910042
"3746",374.5,"Simu1","DIC",50,"cliver",0.000245991082688349
"3747",374.6,"Simu1","DIC",50,"cliver",0.000238395440682336
"3748",374.7,"Simu1","DIC",50,"cliver",0.000231230537483923
"3749",374.8,"Simu1","DIC",50,"cliver",0.000224753625030125
"3750",374.9,"Simu1","DIC",50,"cliver",0.000217976265429163
"3751",375,"Simu1","DIC",50,"cliver",0.000212667352587369
"3752",375.1,"Simu1","DIC",50,"cliver",0.000207248658955555
"3753",375.2,"Simu1","DIC",50,"cliver",0.000202170585189962
"3754",375.3,"Simu1","DIC",50,"cliver",0.000197406710029288
"3755",375.4,"Simu1","DIC",50,"cliver",0.000192933088197658
"3756",375.5,"Simu1","DIC",50,"cliver",0.000188727820494288
"3757",375.6,"Simu1","DIC",50,"cliver",0.00018477084127887
"3758",375.7,"Simu1","DIC",50,"cliver",0.000181043644565468
"3759",375.8,"Simu1","DIC",50,"cliver",0.000177529674805531
"3760",375.9,"Simu1","DIC",50,"cliver",0.000174213471380448
"3761",376,"Simu1","DIC",50,"cliver",0.000247923972203734
"3762",376.1,"Simu1","DIC",50,"cliver",0.278065496985723
"3763",376.2,"Simu1","DIC",50,"cliver",1.67111878733053
"3764",376.3,"Simu1","DIC",50,"cliver",3.43977845020982
"3765",376.4,"Simu1","DIC",50,"cliver",5.16610504677244
"3766",376.5,"Simu1","DIC",50,"cliver",6.71381853697959
"3767",376.6,"Simu1","DIC",50,"cliver",8.04918839940575
"3768",376.7,"Simu1","DIC",50,"cliver",9.17466123068626
"3769",376.8,"Simu1","DIC",50,"cliver",10.1045616874866
"3770",376.9,"Simu1","DIC",50,"cliver",10.8562863031255
"3771",377,"Simu1","DIC",50,"cliver",11.4471867228058
"3772",377.1,"Simu1","DIC",50,"cliver",11.8935348740558
"3773",377.2,"Simu1","DIC",50,"cliver",12.2102434259085
"3774",377.3,"Simu1","DIC",50,"cliver",12.4108543654941
"3775",377.4,"Simu1","DIC",50,"cliver",12.507617987497
"3776",377.5,"Simu1","DIC",50,"cliver",12.5115968421851
"3777",377.6,"Simu1","DIC",50,"cliver",12.4327721577985
"3778",377.7,"Simu1","DIC",50,"cliver",12.2801444898274
"3779",377.8,"Simu1","DIC",50,"cliver",12.0618268624111
"3780",377.9,"Simu1","DIC",50,"cliver",11.7851292380972
"3781",378,"Simu1","DIC",50,"cliver",11.456635152996
"3782",378.1,"Simu1","DIC",50,"cliver",11.0822722063912
"3783",378.2,"Simu1","DIC",50,"cliver",10.6673754752428
"3784",378.3,"Simu1","DIC",50,"cliver",10.2167443009398
"3785",378.4,"Simu1","DIC",50,"cliver",9.7346938307454
"3786",378.5,"Simu1","DIC",50,"cliver",9.22510214899135
"3787",378.6,"Simu1","DIC",50,"cliver",8.69145309021362
"3788",378.7,"Simu1","DIC",50,"cliver",8.13687484761365
"3789",378.8,"Simu1","DIC",50,"cliver",7.5641748230497
"3790",378.9,"Simu1","DIC",50,"cliver",6.97587130414774
"3791",379,"Simu1","DIC",50,"cliver",6.37422238995308
"3792",379.1,"Simu1","DIC",50,"cliver",5.76125245751841
"3793",379.2,"Simu1","DIC",50,"cliver",5.1387765360247
"3794",379.3,"Simu1","DIC",50,"cliver",4.50842318036259
"3795",379.4,"Simu1","DIC",50,"cliver",3.87165681388311
"3796",379.5,"Simu1","DIC",50,"cliver",3.22980140221803
"3797",379.6,"Simu1","DIC",50,"cliver",2.58406998608088
"3798",379.7,"Simu1","DIC",50,"cliver",1.935611939789
"3799",379.8,"Simu1","DIC",50,"cliver",1.285630527049
"3800",379.9,"Simu1","DIC",50,"cliver",0.635902208315359
"3801",380,"Simu1","DIC",50,"cliver",0.0073534511009334
"3802",380.1,"Simu1","DIC",50,"cliver",0.000845209385058458
"3803",380.2,"Simu1","DIC",50,"cliver",0.000785061471492324
"3804",380.3,"Simu1","DIC",50,"cliver",0.000730922493457313
"3805",380.4,"Simu1","DIC",50,"cliver",0.000682073237426394
"3806",380.5,"Simu1","DIC",50,"cliver",0.000637903399116205
"3807",380.6,"Simu1","DIC",50,"cliver",0.000597881936839444
"3808",380.7,"Simu1","DIC",50,"cliver",0.000561537533205121
"3809",380.8,"Simu1","DIC",50,"cliver",0.000528491964432942
"3810",380.9,"Simu1","DIC",50,"cliver",0.000498386682896827
"3811",381,"Simu1","DIC",50,"cliver",0.000470905819726208
"3812",381.1,"Simu1","DIC",50,"cliver",0.000445787436087751
"3813",381.2,"Simu1","DIC",50,"cliver",0.000422799353064252
"3814",381.3,"Simu1","DIC",50,"cliver",0.000401722880912969
"3815",381.4,"Simu1","DIC",50,"cliver",0.000382390040537465
"3816",381.5,"Simu1","DIC",50,"cliver",0.000364589612466397
"3817",381.6,"Simu1","DIC",50,"cliver",0.000348271175124164
"3818",381.7,"Simu1","DIC",50,"cliver",0.00033309758599341
"3819",381.8,"Simu1","DIC",50,"cliver",0.000319386598816424
"3820",381.9,"Simu1","DIC",50,"cliver",0.000306501112556925
"3821",382,"Simu1","DIC",50,"cliver",0.000294302638357502
"3822",382.1,"Simu1","DIC",50,"cliver",0.000283654251225768
"3823",382.2,"Simu1","DIC",50,"cliver",0.000273261043306672
"3824",382.3,"Simu1","DIC",50,"cliver",0.000263825321530752
"3825",382.4,"Simu1","DIC",50,"cliver",0.000255040004201291
"3826",382.5,"Simu1","DIC",50,"cliver",0.000246855625494962
"3827",382.6,"Simu1","DIC",50,"cliver",0.000239255611079318
"3828",382.7,"Simu1","DIC",50,"cliver",0.000232085536880055
"3829",382.8,"Simu1","DIC",50,"cliver",0.000225607125674446
"3830",382.9,"Simu1","DIC",50,"cliver",0.000218805631627118
"3831",383,"Simu1","DIC",50,"cliver",0.00021351071233193
"3832",383.1,"Simu1","DIC",50,"cliver",0.000208089193991733
"3833",383.2,"Simu1","DIC",50,"cliver",0.00020300781042831
"3834",383.3,"Simu1","DIC",50,"cliver",0.000198240795681793
"3835",383.4,"Simu1","DIC",50,"cliver",0.000193764187913591
"3836",383.5,"Simu1","DIC",50,"cliver",0.000189556065806947
"3837",383.6,"Simu1","DIC",50,"cliver",0.000185596362293009
"3838",383.7,"Simu1","DIC",50,"cliver",0.000181866553391578
"3839",383.8,"Simu1","DIC",50,"cliver",0.000178350104538466
"3840",383.9,"Simu1","DIC",50,"cliver",0.000175032235452746
"3841",384,"Simu1","DIC",50,"cliver",0.00024876485655747
"3842",384.1,"Simu1","DIC",50,"cliver",0.278125852582722
"3843",384.2,"Simu1","DIC",50,"cliver",1.67130226193021
"3844",384.3,"Simu1","DIC",50,"cliver",3.44008388171076
"3845",384.4,"Simu1","DIC",50,"cliver",5.16653078982653
"3846",384.5,"Simu1","DIC",50,"cliver",6.71436299323303
"3847",384.6,"Simu1","DIC",50,"cliver",8.04985002094086
"3848",384.7,"Simu1","DIC",50,"cliver",9.17543851612032
"3849",384.8,"Simu1","DIC",50,"cliver",10.1054531775613
"3850",384.9,"Simu1","DIC",50,"cliver",10.8572905800666
"3851",385,"Simu1","DIC",50,"cliver",11.4483024087668
"3852",385.1,"Simu1","DIC",50,"cliver",11.8947606306435
"3853",385.2,"Simu1","DIC",50,"cliver",12.2115779502844
"3854",385.3,"Simu1","DIC",50,"cliver",12.4122963976005
"3855",385.4,"Simu1","DIC",50,"cliver",12.5091662976141
"3856",385.5,"Simu1","DIC",50,"cliver",12.5132502363221
"3857",385.6,"Simu1","DIC",50,"cliver",12.4345294725565
"3858",385.7,"Simu1","DIC",50,"cliver",12.282004589963
"3859",385.8,"Simu1","DIC",50,"cliver",12.0637886481677
"3860",385.9,"Simu1","DIC",50,"cliver",11.7871916358463
"3861",386,"Simu1","DIC",50,"cliver",11.4587971229647
"3862",386.1,"Simu1","DIC",50,"cliver",11.084532730451
"3863",386.2,"Simu1","DIC",50,"cliver",10.6697335624836
"3864",386.3,"Simu1","DIC",50,"cliver",10.21919898601
"3865",386.4,"Simu1","DIC",50,"cliver",9.73724417063555
"3866",386.5,"Simu1","DIC",50,"cliver",9.22774722019938
"3867",386.6,"Simu1","DIC",50,"cliver",8.69419199011948
"3868",386.7,"Simu1","DIC",50,"cliver",8.13970669051005
"3869",386.8,"Simu1","DIC",50,"cliver",7.56709873678434
"3870",386.9,"Simu1","DIC",50,"cliver",6.97888642794784
"3871",387,"Simu1","DIC",50,"cliver",6.37732787172343
"3872",387.1,"Simu1","DIC",50,"cliver",5.7644474485813
"3873",387.2,"Simu1","DIC",50,"cliver",5.14206018206684
"3874",387.3,"Simu1","DIC",50,"cliver",4.51179460679409
"3875",387.4,"Simu1","DIC",50,"cliver",3.87511510050751
"3876",387.5,"Simu1","DIC",50,"cliver",3.23334553427821
"3877",387.6,"Simu1","DIC",50,"cliver",2.58769876082553
"3878",387.7,"Simu1","DIC",50,"cliver",1.93932341605007
"3879",387.8,"Simu1","DIC",50,"cliver",1.28942134639855
"3880",387.9,"Simu1","DIC",50,"cliver",0.639760264818665
"3881",388,"Simu1","DIC",50,"cliver",0.0096283887480073
"3882",388.1,"Simu1","DIC",50,"cliver",0.000846323824070735
"3883",388.2,"Simu1","DIC",50,"cliver",0.000786149275866687
"3884",388.3,"Simu1","DIC",50,"cliver",0.000731986034091719
"3885",388.4,"Simu1","DIC",50,"cliver",0.00068311551094077
"3886",388.5,"Simu1","DIC",50,"cliver",0.000638925128644419
"3887",388.6,"Simu1","DIC",50,"cliver",0.000598886215906608
"3888",388.7,"Simu1","DIC",50,"cliver",0.000562526185168232
"3889",388.8,"Simu1","DIC",50,"cliver",0.000529463825896877
"3890",388.9,"Simu1","DIC",50,"cliver",0.000499345512196965
"3891",389,"Simu1","DIC",50,"cliver",0.000471850190562816
"3892",389.1,"Simu1","DIC",50,"cliver",0.000446723677399462
"3893",389.2,"Simu1","DIC",50,"cliver",0.000423719173710057
"3894",389.3,"Simu1","DIC",50,"cliver",0.000402641606905694
"3895",389.4,"Simu1","DIC",50,"cliver",0.000383283418219862
"3896",389.5,"Simu1","DIC",50,"cliver",0.000365502800275184
"3897",389.6,"Simu1","DIC",50,"cliver",0.000349123714694488
"3898",389.7,"Simu1","DIC",50,"cliver",0.000334041589765884
"3899",389.8,"Simu1","DIC",50,"cliver",0.000320132398564211
"3900",389.9,"Simu1","DIC",50,"cliver",0.000307507633521664
"3901",390,"Simu1","DIC",50,"cliver",0.000295084542539623
"3902",390.1,"Simu1","DIC",50,"cliver",0.000284516804458367
"3903",390.2,"Simu1","DIC",50,"cliver",0.000274097854793962
"3904",390.3,"Simu1","DIC",50,"cliver",0.000264667570987776
"3905",390.4,"Simu1","DIC",50,"cliver",0.000255876642760244
"3906",390.5,"Simu1","DIC",50,"cliver",0.000247689502224291
"3907",390.6,"Simu1","DIC",50,"cliver",0.000240088107812358
"3908",390.7,"Simu1","DIC",50,"cliver",0.000232904047684646
"3909",390.8,"Simu1","DIC",50,"cliver",0.000226453573026205
"3910",390.9,"Simu1","DIC",50,"cliver",0.000219483880501093
"3911",391,"Simu1","DIC",50,"cliver",0.00021432213561291
"3912",391.1,"Simu1","DIC",50,"cliver",0.000208899362643885
"3913",391.2,"Simu1","DIC",50,"cliver",0.000203814763739196
"3914",391.3,"Simu1","DIC",50,"cliver",0.000199044702063912
"3915",391.4,"Simu1","DIC",50,"cliver",0.000194565232531028
"3916",391.5,"Simu1","DIC",50,"cliver",0.000190354344935286
"3917",391.6,"Simu1","DIC",50,"cliver",0.000186392013510541
"3918",391.7,"Simu1","DIC",50,"cliver",0.00018265965504982
"3919",391.8,"Simu1","DIC",50,"cliver",0.000179140862653996
"3920",391.9,"Simu1","DIC",50,"cliver",0.000175819796899754
"3921",392,"Simu1","DIC",50,"cliver",0.000249572198005659
"3922",392.1,"Simu1","DIC",50,"cliver",0.278183786623226
"3923",392.2,"Simu1","DIC",50,"cliver",1.67147825006059
"3924",392.3,"Simu1","DIC",50,"cliver",3.44037696697109
"3925",392.4,"Simu1","DIC",50,"cliver",5.16693948868539
"3926",392.5,"Simu1","DIC",50,"cliver",6.71488581872158
"3927",392.6,"Simu1","DIC",50,"cliver",8.05048551632501
"3928",392.7,"Simu1","DIC",50,"cliver",9.17618526086613
"3929",392.8,"Simu1","DIC",50,"cliver",10.1063097885197
"3930",392.9,"Simu1","DIC",50,"cliver",10.8582557113547
"3931",393,"Simu1","DIC",50,"cliver",11.4493747511561
"3932",393.1,"Simu1","DIC",50,"cliver",11.8959389108433
"3933",393.2,"Simu1","DIC",50,"cliver",12.2128609320826
"3934",393.3,"Simu1","DIC",50,"cliver",12.4136828720976
"3935",393.4,"Simu1","DIC",50,"cliver",12.5106550940307
"3936",393.5,"Simu1","DIC",50,"cliver",12.5148402134825
"3937",393.6,"Simu1","DIC",50,"cliver",12.4362195228453
"3938",393.7,"Simu1","DIC",50,"cliver",12.2837936363097
"3939",393.8,"Simu1","DIC",50,"cliver",12.0656756382545
"3940",393.9,"Simu1","DIC",50,"cliver",11.7891755458054
"3941",394,"Simu1","DIC",50,"cliver",11.4608769511883
"3942",394.1,"Simu1","DIC",50,"cliver",11.0867075010742
"3943",394.2,"Simu1","DIC",50,"cliver",10.672002321634
"3944",394.3,"Simu1","DIC",50,"cliver",10.221560803427
"3945",394.4,"Simu1","DIC",50,"cliver",9.73969813939691
"3946",394.5,"Simu1","DIC",50,"cliver",9.23029245403064
"3947",394.6,"Simu1","DIC",50,"cliver",8.69682762045305
"3948",394.7,"Simu1","DIC",50,"cliver",8.14243186460357
"3949",394.8,"Simu1","DIC",50,"cliver",7.56991261624232
"3950",394.9,"Simu1","DIC",50,"cliver",6.98178818632701
"3951",395,"Simu1","DIC",50,"cliver",6.38031669053093
"3952",395.1,"Simu1","DIC",50,"cliver",5.76752251142401
"3953",395.2,"Simu1","DIC",50,"cliver",5.14522066598405
"3954",395.3,"Simu1","DIC",50,"cliver",4.51503966785481
"3955",395.4,"Simu1","DIC",50,"cliver",3.87844384702666
"3956",395.5,"Simu1","DIC",50,"cliver",3.23675697148331
"3957",395.6,"Simu1","DIC",50,"cliver",2.59119165896087
"3958",395.7,"Simu1","DIC",50,"cliver",1.9428961610445
"3959",395.8,"Simu1","DIC",50,"cliver",1.29307055520283
"3960",395.9,"Simu1","DIC",50,"cliver",0.643474416915751
"3961",396,"Simu1","DIC",50,"cliver",0.0120677584818336
"3962",396.1,"Simu1","DIC",50,"cliver",0.000847397905413272
"3963",396.2,"Simu1","DIC",50,"cliver",0.000787197766080257
"3964",396.3,"Simu1","DIC",50,"cliver",0.000733011574621056
"3965",396.4,"Simu1","DIC",50,"cliver",0.000684119631606436
"3966",396.5,"Simu1","DIC",50,"cliver",0.0006399108144683
"3967",396.6,"Simu1","DIC",50,"cliver",0.000599854049686799
"3968",396.7,"Simu1","DIC",50,"cliver",0.000563477308485772
"3969",396.8,"Simu1","DIC",50,"cliver",0.000530401816367663
"3970",396.9,"Simu1","DIC",50,"cliver",0.000500269490833934
"3971",397,"Simu1","DIC",50,"cliver",0.000472763236870452
"3972",397.1,"Simu1","DIC",50,"cliver",0.000447622057766631
"3973",397.2,"Simu1","DIC",50,"cliver",0.000424611775182621
"3974",397.3,"Simu1","DIC",50,"cliver",0.000403516556671342
"3975",397.4,"Simu1","DIC",50,"cliver",0.000384163246415455
"3976",397.5,"Simu1","DIC",50,"cliver",0.0003663491888936
"3977",397.6,"Simu1","DIC",50,"cliver",0.000350008244830494
"3978",397.7,"Simu1","DIC",50,"cliver",0.000334831844518409
"3979",397.8,"Simu1","DIC",50,"cliver",0.00032108367242789
"3980",397.9,"Simu1","DIC",50,"cliver",0.000308216366660209
"3981",398,"Simu1","DIC",50,"cliver",0.000295973307233255
"3982",398.1,"Simu1","DIC",50,"cliver",0.00028533482868228
"3983",398.2,"Simu1","DIC",50,"cliver",0.00027492423724818
"3984",398.3,"Simu1","DIC",50,"cliver",0.000265479577209727
"3985",398.4,"Simu1","DIC",50,"cliver",0.000256684911357055
"3986",398.5,"Simu1","DIC",50,"cliver",0.000248491891485093
"3987",398.6,"Simu1","DIC",50,"cliver",0.000240883475500512
"3988",398.7,"Simu1","DIC",50,"cliver",0.000233703983620751
"3989",398.8,"Simu1","DIC",50,"cliver",0.000227221863557751
"3990",398.9,"Simu1","DIC",50,"cliver",0.00022037757853007
"3991",399,"Simu1","DIC",50,"cliver",0.000215107176282241
"3992",399.1,"Simu1","DIC",50,"cliver",0.000209679977582617
"3993",399.2,"Simu1","DIC",50,"cliver",0.000204592344676673
"3994",399.3,"Simu1","DIC",50,"cliver",0.000199819382293871
"3995",399.4,"Simu1","DIC",50,"cliver",0.000195337120341235
"3996",399.5,"Simu1","DIC",50,"cliver",0.000191123592342975
"3997",399.6,"Simu1","DIC",50,"cliver",0.000187158730277263
"3998",399.7,"Simu1","DIC",50,"cliver",0.000183423976231056
"3999",399.8,"Simu1","DIC",50,"cliver",0.000179902832303901
"4000",399.9,"Simu1","DIC",50,"cliver",0.000176579775958379
"4001",400,"Simu1","DIC",50,"cliver",0.00025035152131804
"4002",400.1,"Simu1","DIC",50,"cliver",0.278239715178327
"4003",400.2,"Simu1","DIC",50,"cliver",1.67164816280002
"4004",400.3,"Simu1","DIC",50,"cliver",3.44065994345339
"4005",400.4,"Simu1","DIC",50,"cliver",5.16733408247482
"4006",400.5,"Simu1","DIC",50,"cliver",6.71539057463809
"4007",400.6,"Simu1","DIC",50,"cliver",8.05109900802056
"4008",400.7,"Simu1","DIC",50,"cliver",9.17690609822723
"4009",400.8,"Simu1","DIC",50,"cliver",10.1071366193003
"4010",400.9,"Simu1","DIC",50,"cliver",10.8591872211003
"4011",401,"Simu1","DIC",50,"cliver",11.4504096625011
"4012",401.1,"Simu1","DIC",50,"cliver",11.8970759825497
"4013",401.2,"Simu1","DIC",50,"cliver",12.2140989579565
"4014",401.3,"Simu1","DIC",50,"cliver",12.4150206798459
"4015",401.4,"Simu1","DIC",50,"cliver",12.5120915440913
"4016",401.5,"Simu1","DIC",50,"cliver",12.5163741978434
"4017",401.6,"Simu1","DIC",50,"cliver",12.4378499638624
"4018",401.7,"Simu1","DIC",50,"cliver",12.2855194855314
"4019",401.8,"Simu1","DIC",50,"cliver",12.0674958752482
"4020",401.9,"Simu1","DIC",50,"cliver",11.7910891769852
"4021",402,"Simu1","DIC",50,"cliver",11.4628830086452
"4022",402.1,"Simu1","DIC",50,"cliver",11.0888050414119
"4023",402.2,"Simu1","DIC",50,"cliver",10.6741904247856
"4024",402.3,"Simu1","DIC",50,"cliver",10.2238385714317
"4025",402.4,"Simu1","DIC",50,"cliver",9.74206469511831
"4026",402.5,"Simu1","DIC",50,"cliver",9.23274693979087
"4027",402.6,"Simu1","DIC",50,"cliver",8.69936919652843
"4028",402.7,"Simu1","DIC",50,"cliver",8.14505970748956
"4029",402.8,"Simu1","DIC",50,"cliver",7.57262591654953
"4030",402.9,"Simu1","DIC",50,"cliver",6.98458614609346
"4031",403,"Simu1","DIC",50,"cliver",6.38319851957978
"4032",403.1,"Simu1","DIC",50,"cliver",5.77048742209175
"4033",403.2,"Simu1","DIC",50,"cliver",5.14826786494084
"4034",403.3,"Simu1","DIC",50,"cliver",4.51816834244417
"4035",403.4,"Simu1","DIC",50,"cliver",3.88165314048685
"4036",403.5,"Simu1","DIC",50,"cliver",3.24004593329646
"4037",403.6,"Simu1","DIC",50,"cliver",2.59455913160368
"4038",403.7,"Simu1","DIC",50,"cliver",1.9463404972296
"4039",403.8,"Simu1","DIC",50,"cliver",1.29658856504232
"4040",403.9,"Simu1","DIC",50,"cliver",0.647055095602279
"4041",404,"Simu1","DIC",50,"cliver",0.0146046059331171
"4042",404.1,"Simu1","DIC",50,"cliver",0.000848433179221547
"4043",404.2,"Simu1","DIC",50,"cliver",0.000788208326052613
"4044",404.3,"Simu1","DIC",50,"cliver",0.000733999791572944
"4045",404.4,"Simu1","DIC",50,"cliver",0.00068508765066889
"4046",404.5,"Simu1","DIC",50,"cliver",0.000640860385815411
"4047",404.6,"Simu1","DIC",50,"cliver",0.000600786919871913
"4048",404.7,"Simu1","DIC",50,"cliver",0.000564394875807082
"4049",404.8,"Simu1","DIC",50,"cliver",0.00053130521664409
"4050",404.9,"Simu1","DIC",50,"cliver",0.000501160093117339
"4051",405,"Simu1","DIC",50,"cliver",0.000473641821489356
"4052",405.1,"Simu1","DIC",50,"cliver",0.00044848986569563
"4053",405.2,"Simu1","DIC",50,"cliver",0.000425469061290623
"4054",405.3,"Simu1","DIC",50,"cliver",0.000404364998040395
"4055",405.4,"Simu1","DIC",50,"cliver",0.000385001950283995
"4056",405.5,"Simu1","DIC",50,"cliver",0.000367181536444762
"4057",405.6,"Simu1","DIC",50,"cliver",0.000350829763249474
"4058",405.7,"Simu1","DIC",50,"cliver",0.000335652379304301
"4059",405.8,"Simu1","DIC",50,"cliver",0.000321885920458879
"4060",405.9,"Simu1","DIC",50,"cliver",0.000309028214701749
"4061",406,"Simu1","DIC",50,"cliver",0.000296763282567464
"4062",406.1,"Simu1","DIC",50,"cliver",0.000286129524368482
"4063",406.2,"Simu1","DIC",50,"cliver",0.000275710929730442
"4064",406.3,"Simu1","DIC",50,"cliver",0.00026626202881526
"4065",406.4,"Simu1","DIC",50,"cliver",0.000257462912877281
"4066",406.5,"Simu1","DIC",50,"cliver",0.000249265820947099
"4067",406.6,"Simu1","DIC",50,"cliver",0.000241653389667811
"4068",406.7,"Simu1","DIC",50,"cliver",0.000234469564849395
"4069",406.8,"Simu1","DIC",50,"cliver",0.000227985425162902
"4070",406.9,"Simu1","DIC",50,"cliver",0.000221121664017471
"4071",407,"Simu1","DIC",50,"cliver",0.000215862504680898
"4072",407.1,"Simu1","DIC",50,"cliver",0.000210432371353099
"4073",407.2,"Simu1","DIC",50,"cliver",0.000205341790352059
"4074",407.3,"Simu1","DIC",50,"cliver",0.000200566013158589
"4075",407.4,"Simu1","DIC",50,"cliver",0.000196081075563296
"4076",407.5,"Simu1","DIC",50,"cliver",0.000191864989067287
"4077",407.6,"Simu1","DIC",50,"cliver",0.000187897685978603
"4078",407.7,"Simu1","DIC",50,"cliver",0.000184160592228112
"4079",407.8,"Simu1","DIC",50,"cliver",0.000180637226308533
"4080",407.9,"Simu1","DIC",50,"cliver",0.000177311952817807
"4081",408,"Simu1","DIC",50,"cliver",0.000251100871602588
"4082",408.1,"Simu1","DIC",50,"cliver",0.278292888520879
"4083",408.2,"Simu1","DIC",50,"cliver",1.6718070702059
"4084",408.3,"Simu1","DIC",50,"cliver",3.44092523246352
"4085",408.4,"Simu1","DIC",50,"cliver",5.16770498860672
"4086",408.5,"Simu1","DIC",50,"cliver",6.7158655294652
"4087",408.6,"Simu1","DIC",50,"cliver",8.05167652830816
"4088",408.7,"Simu1","DIC",50,"cliver",9.17758494969073
"4089",408.8,"Simu1","DIC",50,"cliver",10.1079157093907
"4090",408.9,"Simu1","DIC",50,"cliver",10.8600654598422
"4091",409,"Simu1","DIC",50,"cliver",11.4513860281699
"4092",409.1,"Simu1","DIC",50,"cliver",11.8981494526091
"4093",409.2,"Simu1","DIC",50,"cliver",12.2152685044467
"4094",409.3,"Simu1","DIC",50,"cliver",12.4162853498312
"4095",409.4,"Simu1","DIC",50,"cliver",12.5134503565609
"4096",409.5,"Simu1","DIC",50,"cliver",12.5178262153814
"4097",409.6,"Simu1","DIC",50,"cliver",12.4393942325015
"4098",409.7,"Simu1","DIC",50,"cliver",12.2871551383082
"4099",409.8,"Simu1","DIC",50,"cliver",12.0692220246599
"4100",409.9,"Simu1","DIC",50,"cliver",11.7929047113199
"4101",410,"Simu1","DIC",50,"cliver",11.4647871182027
"4102",410.1,"Simu1","DIC",50,"cliver",11.0907972508611
"4103",410.2,"Simu1","DIC",50,"cliver",10.6762701502446
"4104",410.3,"Simu1","DIC",50,"cliver",10.2260049154189
"4105",410.4,"Simu1","DIC",50,"cliver",9.74431657234296
"4106",410.5,"Simu1","DIC",50,"cliver",9.23508328968106
"4107",410.6,"Simu1","DIC",50,"cliver",8.70178919930877
"4108",410.7,"Simu1","DIC",50,"cliver",8.14756268147756
"4109",410.8,"Simu1","DIC",50,"cliver",7.57521115953481
"4110",410.9,"Simu1","DIC",50,"cliver",6.98725290070524
"4111",411,"Simu1","DIC",50,"cliver",6.385946026575
"4112",411.1,"Simu1","DIC",50,"cliver",5.77331495192534
"4113",411.2,"Simu1","DIC",50,"cliver",5.15117469671234
"4114",411.3,"Simu1","DIC",50,"cliver",4.52115372931428
"4115",411.4,"Simu1","DIC",50,"cliver",3.88471629010018
"4116",411.5,"Simu1","DIC",50,"cliver",3.24318599457037
"4117",411.6,"Simu1","DIC",50,"cliver",2.59777519167083
"4118",411.7,"Simu1","DIC",50,"cliver",1.94963156756782
"4119",411.8,"Simu1","DIC",50,"cliver",1.29995097822423
"4120",411.9,"Simu1","DIC",50,"cliver",0.650478251414519
"4121",412,"Simu1","DIC",50,"cliver",0.0171678270635443
"4122",412.1,"Simu1","DIC",50,"cliver",0.000849429283884837
"4123",412.2,"Simu1","DIC",50,"cliver",0.000789180729125794
"4124",412.3,"Simu1","DIC",50,"cliver",0.000734950763102214
"4125",412.4,"Simu1","DIC",50,"cliver",0.000686019256171384
"4126",412.5,"Simu1","DIC",50,"cliver",0.000641774289733192
"4127",412.6,"Simu1","DIC",50,"cliver",0.000601684811116669
"4128",412.7,"Simu1","DIC",50,"cliver",0.000565278099304424
"4129",412.8,"Simu1","DIC",50,"cliver",0.000532174833234108
"4130",412.9,"Simu1","DIC",50,"cliver",0.000502017444228628
"4131",413,"Simu1","DIC",50,"cliver",0.000474487628503235
"4132",413.1,"Simu1","DIC",50,"cliver",0.000449325375229342
"4133",413.2,"Simu1","DIC",50,"cliver",0.000426294419542207
"4134",413.3,"Simu1","DIC",50,"cliver",0.000405181969141232
"4135",413.4,"Simu1","DIC",50,"cliver",0.000385809410278886
"4136",413.5,"Simu1","DIC",50,"cliver",0.000367983206938315
"4137",413.6,"Simu1","DIC",50,"cliver",0.000351620479636102
"4138",413.7,"Simu1","DIC",50,"cliver",0.000336443225541359
"4139",413.8,"Simu1","DIC",50,"cliver",0.000322657147649831
"4140",413.9,"Simu1","DIC",50,"cliver",0.000309811308995685
"4141",414,"Simu1","DIC",50,"cliver",0.000297523270216525
"4142",414.1,"Simu1","DIC",50,"cliver",0.00028689489889847
"4143",414.2,"Simu1","DIC",50,"cliver",0.000276468504711812
"4144",414.3,"Simu1","DIC",50,"cliver",0.000267015637631614
"4145",414.4,"Simu1","DIC",50,"cliver",0.000258212237047841
"4146",414.5,"Simu1","DIC",50,"cliver",0.000250011263294212
"4147",414.6,"Simu1","DIC",50,"cliver",0.000242394983363584
"4148",414.7,"Simu1","DIC",50,"cliver",0.00023520698996976
"4149",414.8,"Simu1","DIC",50,"cliver",0.000228721020963731
"4150",414.9,"Simu1","DIC",50,"cliver",0.000221837683865706
"4151",415,"Simu1","DIC",50,"cliver",0.000216590232553133
"4152",415.1,"Simu1","DIC",50,"cliver",0.000211157156841523
"4153",415.2,"Simu1","DIC",50,"cliver",0.00020606373527022
"4154",415.3,"Simu1","DIC",50,"cliver",0.000201285258462564
"4155",415.4,"Simu1","DIC",50,"cliver",0.000196797753950317
"4156",415.5,"Simu1","DIC",50,"cliver",0.000192579212328631
"4157",415.6,"Simu1","DIC",50,"cliver",0.000188609567123526
"4158",415.7,"Simu1","DIC",50,"cliver",0.000184870228275998
"4159",415.8,"Simu1","DIC",50,"cliver",0.000181344730540027
"4160",415.9,"Simu1","DIC",50,"cliver",0.00017801734281607
"4161",416,"Simu1","DIC",50,"cliver",0.000251824130339753
"4162",416.1,"Simu1","DIC",50,"cliver",0.278345146013235
"4163",416.2,"Simu1","DIC",50,"cliver",1.67196713273066
"4164",416.3,"Simu1","DIC",50,"cliver",3.44119350691485
"4165",416.4,"Simu1","DIC",50,"cliver",5.1680794080301
"4166",416.5,"Simu1","DIC",50,"cliver",6.71634444264742
"4167",416.6,"Simu1","DIC",50,"cliver",8.05225849794716
"4168",416.7,"Simu1","DIC",50,"cliver",9.17826851538045
"4169",416.8,"Simu1","DIC",50,"cliver",10.1086994179223
"4170",416.9,"Simu1","DIC",50,"cliver",10.8609478952087
"4171",417,"Simu1","DIC",50,"cliver",11.4523658163357
"4172",417.1,"Simu1","DIC",50,"cliver",11.8992252849283
"4173",417.2,"Simu1","DIC",50,"cliver",12.2164391184916
"4174",417.3,"Simu1","DIC",50,"cliver",12.4175495092728
"4175",417.4,"Simu1","DIC",50,"cliver",12.5148068977278
"4176",417.5,"Simu1","DIC",50,"cliver",12.5192739899947
"4177",417.6,"Simu1","DIC",50,"cliver",12.4409321594061
"4178",417.7,"Simu1","DIC",50,"cliver",12.2887821243154
"4179",417.8,"Simu1","DIC",50,"cliver",12.0709370276765
"4180",417.9,"Simu1","DIC",50,"cliver",11.7947069397141
"4181",418,"Simu1","DIC",50,"cliver",11.4666755325588
"4182",418.1,"Simu1","DIC",50,"cliver",11.0927706100433
"4183",418.2,"Simu1","DIC",50,"cliver",10.6783273771327
"4184",418.3,"Simu1","DIC",50,"cliver",10.2281452185589
"4185",418.4,"Simu1","DIC",50,"cliver",9.74653933370774
"4186",418.5,"Simu1","DIC",50,"cliver",9.23738790817214
"4187",418.6,"Simu1","DIC",50,"cliver",8.704174873813
"4188",418.7,"Simu1","DIC",50,"cliver",8.15002853116864
"4189",418.8,"Simu1","DIC",50,"cliver",7.57775636533274
"4190",418.9,"Simu1","DIC",50,"cliver",6.98987671865514
"4191",419,"Simu1","DIC",50,"cliver",6.38864772387377
"4192",419.1,"Simu1","DIC",50,"cliver",5.77609377020927
"4193",419.2,"Simu1","DIC",50,"cliver",5.15402986145332
"4194",419.3,"Simu1","DIC",50,"cliver",4.524084459139
"4195",419.4,"Simu1","DIC",50,"cliver",3.88772177210999
"4196",419.5,"Simu1","DIC",50,"cliver",3.24626531942973
"4197",419.6,"Simu1","DIC",50,"cliver",2.60092721389634
"4198",419.7,"Simu1","DIC",50,"cliver",1.95285515731272
"4199",419.8,"Simu1","DIC",50,"cliver",1.30324304402393
"4200",419.9,"Simu1","DIC",50,"cliver",0.653828519272608
"4201",420,"Simu1","DIC",50,"cliver",0.0197800371301286
"4202",420.1,"Simu1","DIC",50,"cliver",0.000850392526922519
"4203",420.2,"Simu1","DIC",50,"cliver",0.000790120892401025
"4204",420.3,"Simu1","DIC",50,"cliver",0.000735870063285013
"4205",420.4,"Simu1","DIC",50,"cliver",0.000686919692663259
"4206",420.5,"Simu1","DIC",50,"cliver",0.000642657505377223
"4207",420.6,"Simu1","DIC",50,"cliver",0.000602552422827487
"4208",420.7,"Simu1","DIC",50,"cliver",0.000566131419219436
"4209",420.8,"Simu1","DIC",50,"cliver",0.000533014933979693
"4210",420.9,"Simu1","DIC",50,"cliver",0.000502845580441056
"4211",421,"Simu1","DIC",50,"cliver",0.000475304561198402
"4212",421.1,"Simu1","DIC",50,"cliver",0.000450132217007104
"4213",421.2,"Simu1","DIC",50,"cliver",0.000427091478117898
"4214",421.3,"Simu1","DIC",50,"cliver",0.000405970699871523
"4215",421.4,"Simu1","DIC",50,"cliver",0.000386589162325591
"4216",421.5,"Simu1","DIC",50,"cliver",0.000368756824850498
"4217",421.6,"Simu1","DIC",50,"cliver",0.000352384339209915
"4218",421.7,"Simu1","DIC",50,"cliver",0.000337205517830982
"4219",421.8,"Simu1","DIC",50,"cliver",0.000323403579527815
"4220",421.9,"Simu1","DIC",50,"cliver",0.000310565425099389
"4221",422,"Simu1","DIC",50,"cliver",0.00029825806239411
"4222",422.1,"Simu1","DIC",50,"cliver",0.000287632961056651
"4223",422.2,"Simu1","DIC",50,"cliver",0.000277199811061008
"4224",422.3,"Simu1","DIC",50,"cliver",0.000267742808088021
"4225",422.4,"Simu1","DIC",50,"cliver",0.000258935215367106
"4226",422.5,"Simu1","DIC",50,"cliver",0.000250730442280546
"4227",422.6,"Simu1","DIC",50,"cliver",0.000243110324243216
"4228",422.7,"Simu1","DIC",50,"cliver",0.000235918577428728
"4229",422.8,"Simu1","DIC",50,"cliver",0.000229429981528948
"4230",422.9,"Simu1","DIC",50,"cliver",0.000222531724564312
"4231",423,"Simu1","DIC",50,"cliver",0.00021729234308191
"4232",423.1,"Simu1","DIC",50,"cliver",0.000211856248051112
"4233",423.2,"Simu1","DIC",50,"cliver",0.000206760063979319
"4234",423.3,"Simu1","DIC",50,"cliver",0.000201978959703646
"4235",423.4,"Simu1","DIC",50,"cliver",0.000197488957015699
"4236",423.5,"Simu1","DIC",50,"cliver",0.000193268026995739
"4237",423.6,"Simu1","DIC",50,"cliver",0.00018929610326508
"4238",423.7,"Simu1","DIC",50,"cliver",0.000185554581466905
"4239",423.8,"Simu1","DIC",50,"cliver",0.00018202700834457
"4240",423.9,"Simu1","DIC",50,"cliver",0.000178697582137795
"4241",424,"Simu1","DIC",50,"cliver",0.000252521661899804
"4242",424.1,"Simu1","DIC",50,"cliver",0.278395172526195
"4243",424.2,"Simu1","DIC",50,"cliver",1.67211906379588
"4244",424.3,"Simu1","DIC",50,"cliver",3.44144651505058
"4245",424.4,"Simu1","DIC",50,"cliver",5.16843219718532
"4246",424.5,"Simu1","DIC",50,"cliver",6.71679571546758
"4247",424.6,"Simu1","DIC",50,"cliver",8.05280698376746
"4248",424.7,"Simu1","DIC",50,"cliver",9.17891297558833
"4249",424.8,"Simu1","DIC",50,"cliver",10.109438647423
"4250",424.9,"Simu1","DIC",50,"cliver",10.8617807221661
"4251",425,"Simu1","DIC",50,"cliver",11.4532911017259
"4252",425.1,"Simu1","DIC",50,"cliver",11.9002419215186
"4253",425.2,"Simu1","DIC",50,"cliver",12.2175460300887
"4254",425.3,"Simu1","DIC",50,"cliver",12.4187456497321
"4255",425.4,"Simu1","DIC",50,"cliver",12.5160912498092
"4256",425.5,"Simu1","DIC",50,"cliver",12.5206455644813
"4257",425.6,"Simu1","DIC",50,"cliver",12.4423899938907
"4258",425.7,"Simu1","DIC",50,"cliver",12.2903252826671
"4259",425.8,"Simu1","DIC",50,"cliver",12.0725645982022
"4260",425.9,"Simu1","DIC",50,"cliver",11.7964180342189
"4261",426,"Simu1","DIC",50,"cliver",11.4684692857771
"4262",426.1,"Simu1","DIC",50,"cliver",11.0946461799502
"4263",426.2,"Simu1","DIC",50,"cliver",10.6802839426559
"4264",426.3,"Simu1","DIC",50,"cliver",10.2301819771698
"4265",426.4,"Simu1","DIC",50,"cliver",9.74865550058484
"4266",426.5,"Simu1","DIC",50,"cliver",9.23958271581053
"4267",426.6,"Simu1","DIC",50,"cliver",8.70644757102603
"4268",426.7,"Simu1","DIC",50,"cliver",8.15237838171367
"4269",426.8,"Simu1","DIC",50,"cliver",7.58018264565509
"4270",426.9,"Simu1","DIC",50,"cliver",6.99237871526973
"4271",427,"Simu1","DIC",50,"cliver",6.39122473018697
"4272",427.1,"Simu1","DIC",50,"cliver",5.77874508196005
"4273",427.2,"Simu1","DIC",50,"cliver",5.15675476947267
"4274",427.3,"Simu1","DIC",50,"cliver",4.52688223719449
"4275",427.4,"Simu1","DIC",50,"cliver",3.89059165497061
"4276",427.5,"Simu1","DIC",50,"cliver",3.24920645910455
"4277",427.6,"Simu1","DIC",50,"cliver",2.60393858015754
"4278",427.7,"Simu1","DIC",50,"cliver",1.955935259828
"4279",427.8,"Simu1","DIC",50,"cliver",1.30638907929052
"4280",427.9,"Simu1","DIC",50,"cliver",0.657030916142688
"4281",428,"Simu1","DIC",50,"cliver",0.0223588835459699
"4282",428.1,"Simu1","DIC",50,"cliver",0.000851319435561331
"4283",428.2,"Simu1","DIC",50,"cliver",0.000791025661552947
"4284",428.3,"Simu1","DIC",50,"cliver",0.00073675481622718
"4285",428.4,"Simu1","DIC",50,"cliver",0.00068778635396456
"4286",428.5,"Simu1","DIC",50,"cliver",0.000643507639383973
"4287",428.6,"Simu1","DIC",50,"cliver",0.000603387591491222
"4288",428.7,"Simu1","DIC",50,"cliver",0.00056695288480002
"4289",428.8,"Simu1","DIC",50,"cliver",0.000533823701855182
"4290",428.9,"Simu1","DIC",50,"cliver",0.000503642876823241
"4291",429,"Simu1","DIC",50,"cliver",0.000476091094957927
"4292",429.1,"Simu1","DIC",50,"cliver",0.000450909100897822
"4293",429.2,"Simu1","DIC",50,"cliver",0.000427858927646939
"4294",429.3,"Simu1","DIC",50,"cliver",0.000406730237255967
"4295",429.4,"Simu1","DIC",50,"cliver",0.000387339945870913
"4296",429.5,"Simu1","DIC",50,"cliver",0.00036950197265513
"4297",429.6,"Simu1","DIC",50,"cliver",0.000353119662281933
"4298",429.7,"Simu1","DIC",50,"cliver",0.000337940211891928
"4299",429.8,"Simu1","DIC",50,"cliver",0.000324121359083885
"4300",429.9,"Simu1","DIC",50,"cliver",0.000311292762918182
"4301",430,"Simu1","DIC",50,"cliver",0.000298965125181916
"4302",430.1,"Simu1","DIC",50,"cliver",0.000288343806184135
"4303",430.2,"Simu1","DIC",50,"cliver",0.00027790412449523
"4304",430.3,"Simu1","DIC",50,"cliver",0.000268443224306256
"4305",430.4,"Simu1","DIC",50,"cliver",0.000259631593323858
"4306",430.5,"Simu1","DIC",50,"cliver",0.000251423193936151
"4307",430.6,"Simu1","DIC",50,"cliver",0.000243799391016924
"4308",430.7,"Simu1","DIC",50,"cliver",0.000236604048773673
"4309",430.8,"Simu1","DIC",50,"cliver",0.000230112976708603
"4310",430.9,"Simu1","DIC",50,"cliver",0.000223199948337157
"4311",431,"Simu1","DIC",50,"cliver",0.000217968821292854
"4312",431.1,"Simu1","DIC",50,"cliver",0.000212529716768765
"4313",431.2,"Simu1","DIC",50,"cliver",0.000207430880335633
"4314",431.3,"Simu1","DIC",50,"cliver",0.000202647253831056
"4315",431.4,"Simu1","DIC",50,"cliver",0.00019815485321418
"4316",431.5,"Simu1","DIC",50,"cliver",0.00019393163032156
"4317",431.6,"Simu1","DIC",50,"cliver",0.00018995751932248
"4318",431.7,"Simu1","DIC",50,"cliver",0.000186213901885144
"4319",431.8,"Simu1","DIC",50,"cliver",0.000182684336420895
"4320",431.9,"Simu1","DIC",50,"cliver",0.000179352957171345
"4321",432,"Simu1","DIC",50,"cliver",0.000253195075819778
"4322",432.1,"Simu1","DIC",50,"cliver",0.27844366261137
"4323",432.2,"Simu1","DIC",50,"cliver",1.67226757509681
"4324",432.3,"Simu1","DIC",50,"cliver",3.44169142810658
"4325",432.4,"Simu1","DIC",50,"cliver",5.168772374586
"4326",432.5,"Simu1","DIC",50,"cliver",6.71723039361817
"4327",432.6,"Simu1","DIC",50,"cliver",8.05333518182292
"4328",432.7,"Simu1","DIC",50,"cliver",9.17953358609129
"4329",432.8,"Simu1","DIC",50,"cliver",10.1101505163106
"4330",432.9,"Simu1","DIC",50,"cliver",10.8625827576022
"4331",433,"Simu1","DIC",50,"cliver",11.4541822016294
"4332",433.1,"Simu1","DIC",50,"cliver",11.9012210169012
"4333",433.2,"Simu1","DIC",50,"cliver",12.2186121058431
"4334",433.3,"Simu1","DIC",50,"cliver",12.4198976813283
"4335",433.4,"Simu1","DIC",50,"cliver",12.5173282568951
"4336",433.5,"Simu1","DIC",50,"cliver",12.5219665932189
"4337",433.6,"Simu1","DIC",50,"cliver",12.4437941224413
"4338",433.7,"Simu1","DIC",50,"cliver",12.2918115931753
"4339",433.8,"Simu1","DIC",50,"cliver",12.0741322188897
"4340",433.9,"Simu1","DIC",50,"cliver",11.7980661404719
"4341",434,"Simu1","DIC",50,"cliver",11.4701970685781
"4342",434.1,"Simu1","DIC",50,"cliver",11.0964527629814
"4343",434.2,"Simu1","DIC",50,"cliver",10.6821684575299
"4344",434.3,"Simu1","DIC",50,"cliver",10.2321436448745
"4345",434.4,"Simu1","DIC",50,"cliver",9.75069361419562
"4346",434.5,"Simu1","DIC",50,"cliver",9.24169657993605
"4347",434.6,"Simu1","DIC",50,"cliver",8.70863649821919
"4348",434.7,"Simu1","DIC",50,"cliver",8.15464166996439
"4349",434.8,"Simu1","DIC",50,"cliver",7.582519590213
"4350",434.9,"Simu1","DIC",50,"cliver",6.99478862280549
"4351",435,"Simu1","DIC",50,"cliver",6.39370691945888
"4352",435.1,"Simu1","DIC",50,"cliver",5.7812988743964
"4353",435.2,"Simu1","DIC",50,"cliver",5.159379478429
"4354",435.3,"Simu1","DIC",50,"cliver",4.52957715591469
"4355",435.4,"Simu1","DIC",50,"cliver",3.89335603313591
"4356",435.5,"Simu1","DIC",50,"cliver",3.25203944530676
"4357",435.6,"Simu1","DIC",50,"cliver",2.60683905570069
"4358",435.7,"Simu1","DIC",50,"cliver",1.95890294482317
"4359",435.8,"Simu1","DIC",50,"cliver",1.3094169103817
"4360",435.9,"Simu1","DIC",50,"cliver",0.660113161417832
"4361",436,"Simu1","DIC",50,"cliver",0.0249058149406167
"4362",436.1,"Simu1","DIC",50,"cliver",0.00085221272875956
"4363",436.2,"Simu1","DIC",50,"cliver",0.000791897609151382
"4364",436.3,"Simu1","DIC",50,"cliver",0.000737607559858218
"4365",436.4,"Simu1","DIC",50,"cliver",0.000688621482423177
"4366",436.5,"Simu1","DIC",50,"cliver",0.000644327099398936
"4367",436.6,"Simu1","DIC",50,"cliver",0.000604192377131637
"4368",436.7,"Simu1","DIC",50,"cliver",0.000567744263057869
"4369",436.8,"Simu1","DIC",50,"cliver",0.000534603376623867
"4370",436.9,"Simu1","DIC",50,"cliver",0.000504411043746028
"4371",437,"Simu1","DIC",50,"cliver",0.000476849526241098
"4372",437.1,"Simu1","DIC",50,"cliver",0.000451657053994021
"4373",437.2,"Simu1","DIC",50,"cliver",0.000428599625542085
"4374",437.3,"Simu1","DIC",50,"cliver",0.000407460333422694
"4375",437.4,"Simu1","DIC",50,"cliver",0.000388066777720137
"4376",437.5,"Simu1","DIC",50,"cliver",0.000370214153826022
"4377",437.6,"Simu1","DIC",50,"cliver",0.000353839238724583
"4378",437.7,"Simu1","DIC",50,"cliver",0.000338627478535887
"4379",437.8,"Simu1","DIC",50,"cliver",0.000324853317146838
"4380",437.9,"Simu1","DIC",50,"cliver",0.000311960144088175
"4381",438,"Simu1","DIC",50,"cliver",0.000299670310151976
"4382",438.1,"Simu1","DIC",50,"cliver",0.00028902347380655
"4383",438.2,"Simu1","DIC",50,"cliver",0.000278587594885837
"4384",438.3,"Simu1","DIC",50,"cliver",0.000269118432154499
"4385",438.4,"Simu1","DIC",50,"cliver",0.000260302942016468
"4386",438.5,"Simu1","DIC",50,"cliver",0.000252090632711803
"4387",438.6,"Simu1","DIC",50,"cliver",0.000244462096165745
"4388",438.7,"Simu1","DIC",50,"cliver",0.000237266861700688
"4389",438.8,"Simu1","DIC",50,"cliver",0.00023076259395216
"4390",438.9,"Simu1","DIC",50,"cliver",0.000223885330316802
"4391",439,"Simu1","DIC",50,"cliver",0.000218620722017032
"4392",439.1,"Simu1","DIC",50,"cliver",0.000213178687884577
"4393",439.2,"Simu1","DIC",50,"cliver",0.000208077311910809
"4394",439.3,"Simu1","DIC",50,"cliver",0.000203291261180895
"4395",439.4,"Simu1","DIC",50,"cliver",0.000198796543277437
"4396",439.5,"Simu1","DIC",50,"cliver",0.000194571115031964
"4397",439.6,"Simu1","DIC",50,"cliver",0.000190594895857382
"4398",439.7,"Simu1","DIC",50,"cliver",0.000186849268144665
"4399",439.8,"Simu1","DIC",50,"cliver",0.00018331776702584
"4400",439.9,"Simu1","DIC",50,"cliver",0.000179984577994144
"4401",440,"Simu1","DIC",50,"cliver",0.000253841348436213
"4402",440.1,"Simu1","DIC",50,"cliver",0.278489790709321
"4403",440.2,"Simu1","DIC",50,"cliver",1.67240640539659
"4404",440.3,"Simu1","DIC",50,"cliver",3.44192500807807
"4405",440.4,"Simu1","DIC",50,"cliver",5.16909940078756
"4406",440.5,"Simu1","DIC",50,"cliver",6.71764917720767
"4407",440.6,"Simu1","DIC",50,"cliver",8.0538443010386
"4408",440.7,"Simu1","DIC",50,"cliver",9.18013180694802
"4409",440.8,"Simu1","DIC",50,"cliver",10.1108367146682
"4410",440.9,"Simu1","DIC",50,"cliver",10.8633558101947
"4411",441,"Simu1","DIC",50,"cliver",11.455041057264
"4412",441.1,"Simu1","DIC",50,"cliver",11.9021646516871
"4413",441.2,"Simu1","DIC",50,"cliver",12.2196395005209
"4414",441.3,"Simu1","DIC",50,"cliver",12.4210078827146
"4415",441.4,"Simu1","DIC",50,"cliver",12.5185203224577
"4416",441.5,"Simu1","DIC",50,"cliver",12.5232396067084
"4417",441.6,"Simu1","DIC",50,"cliver",12.4451471865764
"4418",441.7,"Simu1","DIC",50,"cliver",12.2932438553874
"4419",441.8,"Simu1","DIC",50,"cliver",12.0756428278438
"4420",441.9,"Simu1","DIC",50,"cliver",11.799654242971
"4421",442,"Simu1","DIC",50,"cliver",11.4718618388866
"4422",442.1,"Simu1","DIC",50,"cliver",11.0981934828717
"4423",442.2,"Simu1","DIC",50,"cliver",10.6839844399125
"4424",442.3,"Simu1","DIC",50,"cliver",10.2340341512264
"4425",442.4,"Simu1","DIC",50,"cliver",9.75265786953405
"4426",442.5,"Simu1","DIC",50,"cliver",9.24373383053319
"4427",442.6,"Simu1","DIC",50,"cliver",8.71074601241625
"4428",442.7,"Simu1","DIC",50,"cliver",8.15682275764797
"4429",442.8,"Simu1","DIC",50,"cliver",7.58477158774175
"4430",442.9,"Simu1","DIC",50,"cliver",6.99711087451314
"4431",443,"Simu1","DIC",50,"cliver",6.39609877083764
"4432",443.1,"Simu1","DIC",50,"cliver",5.78375967258346
"4433",443.2,"Simu1","DIC",50,"cliver",5.16190856923663
"4434",443.3,"Simu1","DIC",50,"cliver",4.53217387305402
"4435",443.4,"Simu1","DIC",50,"cliver",3.89601968026011
"4436",443.5,"Simu1","DIC",50,"cliver",3.25476927053645
"4437",443.6,"Simu1","DIC",50,"cliver",2.60963422828512
"4438",443.7,"Simu1","DIC",50,"cliver",1.96176097141254
"4439",443.8,"Simu1","DIC",50,"cliver",1.31233959221188
"4440",443.9,"Simu1","DIC",50,"cliver",0.663088323955893
"4441",444,"Simu1","DIC",50,"cliver",0.027410321695862
"4442",444.1,"Simu1","DIC",50,"cliver",0.000853073589785725
"4443",444.2,"Simu1","DIC",50,"cliver",0.000792737909877411
"4444",444.3,"Simu1","DIC",50,"cliver",0.00073842918004193
"4445",444.4,"Simu1","DIC",50,"cliver",0.000689426472109515
"4446",444.5,"Simu1","DIC",50,"cliver",0.000645116481240581
"4447",444.6,"Simu1","DIC",50,"cliver",0.000604968098772569
"4448",444.7,"Simu1","DIC",50,"cliver",0.000568507453794984
"4449",444.8,"Simu1","DIC",50,"cliver",0.000535354247001113
"4450",444.9,"Simu1","DIC",50,"cliver",0.000505151694654467
"4451",445,"Simu1","DIC",50,"cliver",0.000477579560810435
"4452",445.1,"Simu1","DIC",50,"cliver",0.000452379273787491
"4453",445.2,"Simu1","DIC",50,"cliver",0.000429311286150512
"4454",445.3,"Simu1","DIC",50,"cliver",0.000408167550166334
"4455",445.4,"Simu1","DIC",50,"cliver",0.000388760805148231
"4456",445.5,"Simu1","DIC",50,"cliver",0.000370911964413807
"4457",445.6,"Simu1","DIC",50,"cliver",0.000354511413980834
"4458",445.7,"Simu1","DIC",50,"cliver",0.000339330122236747
"4459",445.8,"Simu1","DIC",50,"cliver",0.000325480469747384
"4460",445.9,"Simu1","DIC",50,"cliver",0.000312668715437764
"4461",446,"Simu1","DIC",50,"cliver",0.000300303806203611
"4462",446.1,"Simu1","DIC",50,"cliver",0.000289688380073044
"4463",446.2,"Simu1","DIC",50,"cliver",0.00027923718223711
"4464",446.3,"Simu1","DIC",50,"cliver",0.000269768697072858
"4465",446.4,"Simu1","DIC",50,"cliver",0.000260949379215665
"4466",446.5,"Simu1","DIC",50,"cliver",0.000252734118474325
"4467",446.6,"Simu1","DIC",50,"cliver",0.000245103237237074
"4468",446.7,"Simu1","DIC",50,"cliver",0.000237901438629717
"4469",446.8,"Simu1","DIC",50,"cliver",0.000231404782016091
"4470",446.9,"Simu1","DIC",50,"cliver",0.000224467991135103
"4471",447,"Simu1","DIC",50,"cliver",0.000219249205590171
"4472",447.1,"Simu1","DIC",50,"cliver",0.000213804157169894
"4473",447.2,"Simu1","DIC",50,"cliver",0.000208700300935866
"4474",447.3,"Simu1","DIC",50,"cliver",0.000203911905929139
"4475",447.4,"Simu1","DIC",50,"cliver",0.000199414960977116
"4476",447.5,"Simu1","DIC",50,"cliver",0.000195187398494276
"4477",447.6,"Simu1","DIC",50,"cliver",0.000191209147625219
"4478",447.7,"Simu1","DIC",50,"cliver",0.000187461564885514
"4479",447.8,"Simu1","DIC",50,"cliver",0.00018392822656705
"4480",447.9,"Simu1","DIC",50,"cliver",0.000180593166092366
"4481",448,"Simu1","DIC",50,"cliver",0.000254466168264625
"4482",448.1,"Simu1","DIC",50,"cliver",0.278534829389386
"4483",448.2,"Simu1","DIC",50,"cliver",1.67254332430144
"4484",448.3,"Simu1","DIC",50,"cliver",3.44215315441161
"4485",448.4,"Simu1","DIC",50,"cliver",5.16941754681491
"4486",448.5,"Simu1","DIC",50,"cliver",6.7180560964269
"4487",448.6,"Simu1","DIC",50,"cliver",8.05433878736632
"4488",448.7,"Simu1","DIC",50,"cliver",9.18071268347811
"4489",448.8,"Simu1","DIC",50,"cliver",10.1115028402103
"4490",448.9,"Simu1","DIC",50,"cliver",10.8641060781684
"4491",449,"Simu1","DIC",50,"cliver",11.4558743967512
"4492",449.1,"Simu1","DIC",50,"cliver",11.9030800243077
"4493",449.2,"Simu1","DIC",50,"cliver",12.220635900947
"4494",449.3,"Simu1","DIC",50,"cliver",12.4220843373115
"4495",449.4,"Simu1","DIC",50,"cliver",12.519675886649
"4496",449.5,"Simu1","DIC",50,"cliver",12.52447336511
"4497",449.6,"Simu1","DIC",50,"cliver",12.4464582498991
"4498",449.7,"Simu1","DIC",50,"cliver",12.2946313641363
"4499",449.8,"Simu1","DIC",50,"cliver",12.0771059427589
"4500",449.9,"Simu1","DIC",50,"cliver",11.8011921451975
"4501",450,"Simu1","DIC",50,"cliver",11.4734737334259
"4502",450.1,"Simu1","DIC",50,"cliver",11.0998786102552
"4503",450.2,"Simu1","DIC",50,"cliver",10.6857420626045
"4504",450.3,"Simu1","DIC",50,"cliver",10.2358635396267
"4505",450.4,"Simu1","DIC",50,"cliver",9.7545583040659
"4506",450.5,"Simu1","DIC",50,"cliver",9.24570460823643
"4507",450.6,"Simu1","DIC",50,"cliver",8.71278644910548
"4508",450.7,"Simu1","DIC",50,"cliver",8.15893218783449
"4509",450.8,"Simu1","DIC",50,"cliver",7.58694935895643
"4510",450.9,"Simu1","DIC",50,"cliver",6.99935634289144
"4511",451,"Simu1","DIC",50,"cliver",6.39841129878796
"4512",451.1,"Simu1","DIC",50,"cliver",5.78613862574161
"4513",451.2,"Simu1","DIC",50,"cliver",5.16435331011051
"4514",451.3,"Simu1","DIC",50,"cliver",4.53468374984013
"4515",451.4,"Simu1","DIC",50,"cliver",3.89859400763056
"4516",451.5,"Simu1","DIC",50,"cliver",3.25740729289204
"4517",451.6,"Simu1","DIC",50,"cliver",2.61233503991907
"4518",451.7,"Simu1","DIC",50,"cliver",1.96452312415655
"4519",451.8,"Simu1","DIC",50,"cliver",1.31516063683711
"4520",451.9,"Simu1","DIC",50,"cliver",0.665959948338943
"4521",452,"Simu1","DIC",50,"cliver",0.0298694363085447
"4522",452.1,"Simu1","DIC",50,"cliver",0.000853901776154827
"4523",452.2,"Simu1","DIC",50,"cliver",0.000793543012216564
"4524",452.3,"Simu1","DIC",50,"cliver",0.000739219568569255
"4525",452.4,"Simu1","DIC",50,"cliver",0.000690202866707019
"4526",452.5,"Simu1","DIC",50,"cliver",0.000645877100523171
"4527",452.6,"Simu1","DIC",50,"cliver",0.000605711337039347
"4528",452.7,"Simu1","DIC",50,"cliver",0.000569245398087088
"4529",452.8,"Simu1","DIC",50,"cliver",0.000536076732860118
"4530",452.9,"Simu1","DIC",50,"cliver",0.000505858828523957
"4531",453,"Simu1","DIC",50,"cliver",0.000478288540460936
"4532",453.1,"Simu1","DIC",50,"cliver",0.000453004657692178
"4533",453.2,"Simu1","DIC",50,"cliver",0.000429993959054844
"4534",453.3,"Simu1","DIC",50,"cliver",0.000408841996904804
"4535",453.4,"Simu1","DIC",50,"cliver",0.000389445196252351
"4536",453.5,"Simu1","DIC",50,"cliver",0.000371572043041221
"4537",453.6,"Simu1","DIC",50,"cliver",0.000355167040096111
"4538",453.7,"Simu1","DIC",50,"cliver",0.000340007238624035
"4539",453.8,"Simu1","DIC",50,"cliver",0.000326065072745217
"4540",453.9,"Simu1","DIC",50,"cliver",0.000313131026149863
"4541",454,"Simu1","DIC",50,"cliver",0.000301239099582972
"4542",454.1,"Simu1","DIC",50,"cliver",0.00029012349226144
"4543",454.2,"Simu1","DIC",50,"cliver",0.000279966503237252
"4544",454.3,"Simu1","DIC",50,"cliver",0.000270324296332876
"4545",454.4,"Simu1","DIC",50,"cliver",0.000261695872846717
"4546",454.5,"Simu1","DIC",50,"cliver",0.000253351856820963
"4547",454.6,"Simu1","DIC",50,"cliver",0.000245886859357343
"4548",454.7,"Simu1","DIC",50,"cliver",0.0002385512848912
"4549",454.8,"Simu1","DIC",50,"cliver",0.00023187292244376
"4550",454.9,"Simu1","DIC",50,"cliver",0.000225529325883522
"4551",455,"Simu1","DIC",50,"cliver",0.000220000890767647
"4552",455.1,"Simu1","DIC",50,"cliver",0.000214406036220819
"4553",455.2,"Simu1","DIC",50,"cliver",0.000209301613051184
"4554",455.3,"Simu1","DIC",50,"cliver",0.000204511459117674
"4555",455.4,"Simu1","DIC",50,"cliver",0.000200011344319765
"4556",455.5,"Simu1","DIC",50,"cliver",0.000195780777367989
"4557",455.6,"Simu1","DIC",50,"cliver",0.000191800261323331
"4558",455.7,"Simu1","DIC",50,"cliver",0.000188051166906296
"4559",455.8,"Simu1","DIC",50,"cliver",0.000184516081531125
"4560",455.9,"Simu1","DIC",50,"cliver",0.000181179761855259
"4561",456,"Simu1","DIC",50,"cliver",0.000255067253991592
"4562",456.1,"Simu1","DIC",50,"cliver",0.278578015843575
"4563",456.2,"Simu1","DIC",50,"cliver",1.67267583946074
"4564",456.3,"Simu1","DIC",50,"cliver",3.44237152481352
"4565",456.4,"Simu1","DIC",50,"cliver",5.16972085223053
"4566",456.5,"Simu1","DIC",50,"cliver",6.71844373353048
"4567",456.6,"Simu1","DIC",50,"cliver",8.05480992124878
"4568",456.7,"Simu1","DIC",50,"cliver",9.18126634714413
"4569",456.8,"Simu1","DIC",50,"cliver",10.1121380142052
"4570",456.9,"Simu1","DIC",50,"cliver",10.8648218014039
"4571",457,"Simu1","DIC",50,"cliver",11.4566696927767
"4572",457.1,"Simu1","DIC",50,"cliver",11.9039539463923
"4573",457.2,"Simu1","DIC",50,"cliver",12.2215875494499
"4574",457.3,"Simu1","DIC",50,"cliver",12.423112805337
"4575",457.4,"Simu1","DIC",50,"cliver",12.5207803030661
"4576",457.5,"Simu1","DIC",50,"cliver",12.5256528832708
"4577",457.6,"Simu1","DIC",50,"cliver",12.4477120496476
"4578",457.7,"Simu1","DIC",50,"cliver",12.2959586220128
"4579",457.8,"Simu1","DIC",50,"cliver",12.0785058857851
"4580",457.9,"Simu1","DIC",50,"cliver",11.8026640468333
"4581",458,"Simu1","DIC",50,"cliver",11.4750168813863
"4582",458.1,"Simu1","DIC",50,"cliver",11.1014922089171
"4583",458.2,"Simu1","DIC",50,"cliver",10.6874253221244
"4584",458.3,"Simu1","DIC",50,"cliver",10.2376157665339
"4585",458.4,"Simu1","DIC",50,"cliver",9.7563788799848
"4586",458.5,"Simu1","DIC",50,"cliver",9.24759292356981
"4587",458.6,"Simu1","DIC",50,"cliver",8.71474189783712
"4588",458.7,"Simu1","DIC",50,"cliver",8.16095414402542
"4589",458.8,"Simu1","DIC",50,"cliver",7.58903719171988
"4590",458.9,"Simu1","DIC",50,"cliver",7.00150943246806
"4591",459,"Simu1","DIC",50,"cliver",6.40062903721797
"4592",459.1,"Simu1","DIC",50,"cliver",5.78842040723803
"4593",459.2,"Simu1","DIC",50,"cliver",5.16669852110137
"4594",459.3,"Simu1","DIC",50,"cliver",4.53709175870969
"4595",459.4,"Simu1","DIC",50,"cliver",3.90106414418928
"4596",459.5,"Simu1","DIC",50,"cliver",3.2599387967479
"4597",459.6,"Simu1","DIC",50,"cliver",2.61492690960045
"4598",459.7,"Simu1","DIC",50,"cliver",1.96717542462143
"4599",459.8,"Simu1","DIC",50,"cliver",1.31786648767215
"4600",459.9,"Simu1","DIC",50,"cliver",0.668714680903737
"4601",460,"Simu1","DIC",50,"cliver",0.0322626224861209
"4602",460.1,"Simu1","DIC",50,"cliver",0.000854703274336472
"4603",460.2,"Simu1","DIC",50,"cliver",0.000794328615888036
"4604",460.3,"Simu1","DIC",50,"cliver",0.0007399847481705
"4605",460.4,"Simu1","DIC",50,"cliver",0.000690950019323936
"4606",460.5,"Simu1","DIC",50,"cliver",0.000646611204643654
"4607",460.6,"Simu1","DIC",50,"cliver",0.000606436227611585
"4608",460.7,"Simu1","DIC",50,"cliver",0.00056995128722528
"4609",460.8,"Simu1","DIC",50,"cliver",0.000536776267155386
"4610",460.9,"Simu1","DIC",50,"cliver",0.000506553048511334
"4611",461,"Simu1","DIC",50,"cliver",0.000478962561795307
"4612",461.1,"Simu1","DIC",50,"cliver",0.000453744220117611
"4613",461.2,"Simu1","DIC",50,"cliver",0.000430661362517918
"4614",461.3,"Simu1","DIC",50,"cliver",0.00040950091462769
"4615",461.4,"Simu1","DIC",50,"cliver",0.000390083621361358
"4616",461.5,"Simu1","DIC",50,"cliver",0.000372216168104505
"4617",461.6,"Simu1","DIC",50,"cliver",0.000355814282030584
"4618",461.7,"Simu1","DIC",50,"cliver",0.00034060179942614
"4619",461.8,"Simu1","DIC",50,"cliver",0.000326780452927375
"4620",461.9,"Simu1","DIC",50,"cliver",0.000313918022117274
"4621",462,"Simu1","DIC",50,"cliver",0.000301562162961623
"4622",462.1,"Simu1","DIC",50,"cliver",0.000290935024358512
"4623",462.2,"Simu1","DIC",50,"cliver",0.000280480191834699
"4624",462.3,"Simu1","DIC",50,"cliver",0.00027099992392367
"4625",462.4,"Simu1","DIC",50,"cliver",0.00026217364526577
"4626",462.5,"Simu1","DIC",50,"cliver",0.000253951930871067
"4627",462.6,"Simu1","DIC",50,"cliver",0.000246312757688284
"4628",462.7,"Simu1","DIC",50,"cliver",0.000239109337364751
"4629",462.8,"Simu1","DIC",50,"cliver",0.000232594494672715
"4630",462.9,"Simu1","DIC",50,"cliver",0.000225674761583232
"4631",463,"Simu1","DIC",50,"cliver",0.000220438317636267
"4632",463.1,"Simu1","DIC",50,"cliver",0.000214987775164281
"4633",463.2,"Simu1","DIC",50,"cliver",0.000209879256677597
"4634",463.3,"Simu1","DIC",50,"cliver",0.000205086429414023
"4635",463.4,"Simu1","DIC",50,"cliver",0.000200585257924835
"4636",463.5,"Simu1","DIC",50,"cliver",0.000196353659963111
"4637",463.6,"Simu1","DIC",50,"cliver",0.000192371560596035
"4638",463.7,"Simu1","DIC",50,"cliver",0.00018862029093516
"4639",463.8,"Simu1","DIC",50,"cliver",0.000185083447646339
"4640",463.9,"Simu1","DIC",50,"cliver",0.000181744961061352
"4641",464,"Simu1","DIC",50,"cliver",0.000255647006176202
"4642",464.1,"Simu1","DIC",50,"cliver",0.278619734505921
"4643",464.2,"Simu1","DIC",50,"cliver",1.6727995253322
"4644",464.3,"Simu1","DIC",50,"cliver",3.4425781182791
"4645",464.4,"Simu1","DIC",50,"cliver",5.17000986102893
"4646",464.5,"Simu1","DIC",50,"cliver",6.71881378746039
"4647",464.6,"Simu1","DIC",50,"cliver",8.05525971388251
"4648",464.7,"Simu1","DIC",50,"cliver",9.18179481983503
"4649",464.8,"Simu1","DIC",50,"cliver",10.1127442507034
"4650",464.9,"Simu1","DIC",50,"cliver",10.8655048916506
"4651",465,"Simu1","DIC",50,"cliver",11.4574287965612
"4652",465.1,"Simu1","DIC",50,"cliver",11.9047882256358
"4653",465.2,"Simu1","DIC",50,"cliver",12.2224961646529
"4654",465.3,"Simu1","DIC",50,"cliver",12.4240949844064
"4655",465.4,"Simu1","DIC",50,"cliver",12.5218352533516
"4656",465.5,"Simu1","DIC",50,"cliver",12.5267798522752
"4657",465.6,"Simu1","DIC",50,"cliver",12.4489102717555
"4658",465.7,"Simu1","DIC",50,"cliver",12.2972274144451
"4659",465.8,"Simu1","DIC",50,"cliver",12.0798445461077
"4660",465.9,"Simu1","DIC",50,"cliver",11.8040716469647
"4661",466,"Simu1","DIC",50,"cliver",11.4764927752245
"4662",466.1,"Simu1","DIC",50,"cliver",11.1030361251604
"4663",466.2,"Simu1","DIC",50,"cliver",10.6890368193153
"4664",466.3,"Simu1","DIC",50,"cliver",10.2392941273721
"4665",466.4,"Simu1","DIC",50,"cliver",9.75812320948637
"4666",466.5,"Simu1","DIC",50,"cliver",9.24940233658689
"4667",466.6,"Simu1","DIC",50,"cliver",8.71661573505318
"4668",466.7,"Simu1","DIC",50,"cliver",8.16289188401051
"4669",466.8,"Simu1","DIC",50,"cliver",7.59103829833671
"4670",466.9,"Simu1","DIC",50,"cliver",7.00357331596422
"4671",467,"Simu1","DIC",50,"cliver",6.40275510316796
"4672",467.1,"Simu1","DIC",50,"cliver",5.79060808918748
"4673",467.2,"Simu1","DIC",50,"cliver",5.16894726350232
"4674",467.3,"Simu1","DIC",50,"cliver",4.53940098565054
"4675",467.4,"Simu1","DIC",50,"cliver",3.9034332425611
"4676",467.5,"Simu1","DIC",50,"cliver",3.26236710692259
"4677",467.6,"Simu1","DIC",50,"cliver",2.61741372212405
"4678",467.7,"Simu1","DIC",50,"cliver",1.96971812612879
"4679",467.8,"Simu1","DIC",50,"cliver",1.32046736300065
"4680",467.9,"Simu1","DIC",50,"cliver",0.67136282201106
"4681",468,"Simu1","DIC",50,"cliver",0.034586671514827
"4682",468.1,"Simu1","DIC",50,"cliver",0.000855473013578397
"4683",468.2,"Simu1","DIC",50,"cliver",0.00079508001365931
"4684",468.3,"Simu1","DIC",50,"cliver",0.000740719471635269
"4685",468.4,"Simu1","DIC",50,"cliver",0.000691669910649071
"4686",468.5,"Simu1","DIC",50,"cliver",0.000647317160347629
"4687",468.6,"Simu1","DIC",50,"cliver",0.000607129997923175
"4688",468.7,"Simu1","DIC",50,"cliver",0.000570633858527425
"4689",468.8,"Simu1","DIC",50,"cliver",0.000537447831213292
"4690",468.9,"Simu1","DIC",50,"cliver",0.000507215521418608
"4691",469,"Simu1","DIC",50,"cliver",0.000479615603736349
"4692",469.1,"Simu1","DIC",50,"cliver",0.000454390194898745
"4693",469.2,"Simu1","DIC",50,"cliver",0.000431297988119393
"4694",469.3,"Simu1","DIC",50,"cliver",0.000410133426119117
"4695",469.4,"Simu1","DIC",50,"cliver",0.00039070459236701
"4696",469.5,"Simu1","DIC",50,"cliver",0.000372840144909119
"4697",469.6,"Simu1","DIC",50,"cliver",0.000356415983368793
"4698",469.7,"Simu1","DIC",50,"cliver",0.000341229675684635
"4699",469.8,"Simu1","DIC",50,"cliver",0.000327342642638191
"4700",469.9,"Simu1","DIC",50,"cliver",0.000314548420903729
"4701",470,"Simu1","DIC",50,"cliver",0.000302137040482908
"4702",470.1,"Simu1","DIC",50,"cliver",0.00029152636029557
"4703",470.2,"Simu1","DIC",50,"cliver",0.000281061163348421
"4704",470.3,"Simu1","DIC",50,"cliver",0.000271581773205818
"4705",470.4,"Simu1","DIC",50,"cliver",0.000262751869448266
"4706",470.5,"Simu1","DIC",50,"cliver",0.000254527200954977
"4707",470.6,"Simu1","DIC",50,"cliver",0.00024688640775911
"4708",470.7,"Simu1","DIC",50,"cliver",0.000239676538344075
"4709",470.8,"Simu1","DIC",50,"cliver",0.000233170159718885
"4710",470.9,"Simu1","DIC",50,"cliver",0.000226210844283161
"4711",471,"Simu1","DIC",50,"cliver",0.000221000144774975
"4712",471.1,"Simu1","DIC",50,"cliver",0.000215547355998503
"4713",471.2,"Simu1","DIC",50,"cliver",0.000210436635007954
"4714",471.3,"Simu1","DIC",50,"cliver",0.00020564171700764
"4715",471.4,"Simu1","DIC",50,"cliver",0.000201138553105674
"4716",471.5,"Simu1","DIC",50,"cliver",0.000196905054051496
"4717",471.6,"Simu1","DIC",50,"cliver",0.000192921139019377
"4718",471.7,"Simu1","DIC",50,"cliver",0.000189168133381474
"4719",471.8,"Simu1","DIC",50,"cliver",0.000185629628825592
"4720",471.9,"Simu1","DIC",50,"cliver",0.000182289554284789
"4721",472,"Simu1","DIC",50,"cliver",0.000256205437168701
"4722",472.1,"Simu1","DIC",50,"cliver",0.278659745428491
"4723",472.2,"Simu1","DIC",50,"cliver",1.67292102284138
"4724",472.3,"Simu1","DIC",50,"cliver",3.44278044593285
"4725",472.4,"Simu1","DIC",50,"cliver",5.17029198953125
"4726",472.5,"Simu1","DIC",50,"cliver",6.719174678875
"4727",472.6,"Simu1","DIC",50,"cliver",8.05569835017709
"4728",472.7,"Simu1","DIC",50,"cliver",9.18231020860669
"4729",472.8,"Simu1","DIC",50,"cliver",10.1133354264026
"4730",472.9,"Simu1","DIC",50,"cliver",10.8661709156307
"4731",473,"Simu1","DIC",50,"cliver",11.4581687565282
"4732",473.1,"Simu1","DIC",50,"cliver",11.9056012350366
"4733",473.2,"Simu1","DIC",50,"cliver",12.2233813619025
"4734",473.3,"Simu1","DIC",50,"cliver",12.4250515319905
"4735",473.4,"Simu1","DIC",50,"cliver",12.5228623371471
"4736",473.5,"Simu1","DIC",50,"cliver",12.5278766805938
"4737",473.6,"Simu1","DIC",50,"cliver",12.4500760745885
"4738",473.7,"Simu1","DIC",50,"cliver",12.298461442443
"4739",473.8,"Simu1","DIC",50,"cliver",12.0811460700968
"4740",473.9,"Simu1","DIC",50,"cliver",11.8054399569293
"4741",474,"Simu1","DIC",50,"cliver",11.4779271788278
"4742",474.1,"Simu1","DIC",50,"cliver",11.1045359490856
"4743",474.2,"Simu1","DIC",50,"cliver",10.6906014047511
"4744",474.3,"Simu1","DIC",50,"cliver",10.2409228327799
"4745",474.4,"Simu1","DIC",50,"cliver",9.75981540859169
"4746",474.5,"Simu1","DIC",50,"cliver",9.25115741648995
"4747",474.6,"Simu1","DIC",50,"cliver",8.71843309517051
"4748",474.7,"Simu1","DIC",50,"cliver",8.16477093543151
"4749",474.8,"Simu1","DIC",50,"cliver",7.59297846255136
"4750",474.9,"Simu1","DIC",50,"cliver",7.00557402276834
"4751",475,"Simu1","DIC",50,"cliver",6.40481578789858
"4752",475.1,"Simu1","DIC",50,"cliver",5.79272818902144
"4753",475.2,"Simu1","DIC",50,"cliver",5.17112621180804
"4754",475.3,"Simu1","DIC",50,"cliver",4.54163820244269
"4755",475.4,"Simu1","DIC",50,"cliver",3.90572811712244
"4756",475.5,"Simu1","DIC",50,"cliver",3.2647189630826
"4757",475.6,"Simu1","DIC",50,"cliver",2.61982173915523
"4758",475.7,"Simu1","DIC",50,"cliver",1.97218114723761
"4759",475.8,"Simu1","DIC",50,"cliver",1.3229831963884
"4760",475.9,"Simu1","DIC",50,"cliver",0.673924138026634
"4761",476,"Simu1","DIC",50,"cliver",0.0368580635323631
"4762",476.1,"Simu1","DIC",50,"cliver",0.000856215618357367
"4763",476.2,"Simu1","DIC",50,"cliver",0.000795804866076923
"4764",476.3,"Simu1","DIC",50,"cliver",0.000741428276099801
"4765",476.4,"Simu1","DIC",50,"cliver",0.000692364207796327
"4766",476.5,"Simu1","DIC",50,"cliver",0.000647998210836164
"4767",476.6,"Simu1","DIC",50,"cliver",0.00060779903969585
"4768",476.7,"Simu1","DIC",50,"cliver",0.000571291913878724
"4769",476.8,"Simu1","DIC",50,"cliver",0.000538095711917792
"4770",476.9,"Simu1","DIC",50,"cliver",0.000507854188643695
"4771",477,"Simu1","DIC",50,"cliver",0.000480245659840458
"4772",477.1,"Simu1","DIC",50,"cliver",0.000455012489724044
"4773",477.2,"Simu1","DIC",50,"cliver",0.000431912753911135
"4774",477.3,"Simu1","DIC",50,"cliver",0.000410741788416533
"4775",477.4,"Simu1","DIC",50,"cliver",0.000391306029254303
"4776",477.5,"Simu1","DIC",50,"cliver",0.000373436902180577
"4777",477.6,"Simu1","DIC",50,"cliver",0.000357005140828118
"4778",477.7,"Simu1","DIC",50,"cliver",0.00034181783071125
"4779",477.8,"Simu1","DIC",50,"cliver",0.000327918141189056
"4780",477.9,"Simu1","DIC",50,"cliver",0.000315130800149785
"4781",478,"Simu1","DIC",50,"cliver",0.000302703974805876
"4782",478.1,"Simu1","DIC",50,"cliver",0.000292094870149689
"4783",478.2,"Simu1","DIC",50,"cliver",0.000281625556682198
"4784",478.3,"Simu1","DIC",50,"cliver",0.000272142787607597
"4785",478.4,"Simu1","DIC",50,"cliver",0.000263309581183132
"4786",478.5,"Simu1","DIC",50,"cliver",0.000255082011575725
"4787",478.6,"Simu1","DIC",50,"cliver",0.000247438125355453
"4788",478.7,"Simu1","DIC",50,"cliver",0.000240225849202621
"4789",478.8,"Simu1","DIC",50,"cliver",0.000233716262396809
"4790",478.9,"Simu1","DIC",50,"cliver",0.000226751057541472
"4791",479,"Simu1","DIC",50,"cliver",0.000221541733192337
"4792",479.1,"Simu1","DIC",50,"cliver",0.000216086722865398
"4793",479.2,"Simu1","DIC",50,"cliver",0.000210973876563023
"4794",479.3,"Simu1","DIC",50,"cliver",0.00020617693838455
"4795",479.4,"Simu1","DIC",50,"cliver",0.000201671848499615
"4796",479.5,"Simu1","DIC",50,"cliver",0.00019743651108794
"4797",479.6,"Simu1","DIC",50,"cliver",0.000193450841902983
"4798",479.7,"Simu1","DIC",50,"cliver",0.000189696157241322
"4799",479.8,"Simu1","DIC",50,"cliver",0.000186156052040279
"4800",479.9,"Simu1","DIC",50,"cliver",0.00018281442795834
"4801",480,"Simu1","DIC",50,"cliver",0.000256743992115692
"4802",480.1,"Simu1","DIC",50,"cliver",0.278696988224378
"4803",480.2,"Simu1","DIC",50,"cliver",1.67303503613628
"4804",480.3,"Simu1","DIC",50,"cliver",3.4429672852615
"4805",480.4,"Simu1","DIC",50,"cliver",5.17055154358387
"4806",480.5,"Simu1","DIC",50,"cliver",6.71950700202108
"4807",480.6,"Simu1","DIC",50,"cliver",8.05610290796043
"4808",480.7,"Simu1","DIC",50,"cliver",9.1827862809371
"4809",480.8,"Simu1","DIC",50,"cliver",10.1138820296005
"4810",480.9,"Simu1","DIC",50,"cliver",10.8667875566027
"4811",481,"Simu1","DIC",50,"cliver",11.4588550630242
"4812",481.1,"Simu1","DIC",50,"cliver",11.9063565971074
"4813",481.2,"Simu1","DIC",50,"cliver",12.224205109365
"4814",481.3,"Simu1","DIC",50,"cliver",12.4259430105731
"4815",481.4,"Simu1","DIC",50,"cliver",12.5238208724379
"4816",481.5,"Simu1","DIC",50,"cliver",12.5289016241509
"4817",481.6,"Simu1","DIC",50,"cliver",12.4511667414028
"4818",481.7,"Simu1","DIC",50,"cliver",12.2996172890777
"4819",481.8,"Simu1","DIC",50,"cliver",12.0823665071244
"4820",481.9,"Simu1","DIC",50,"cliver",11.8067245474133
"4821",482,"Simu1","DIC",50,"cliver",11.4792768309517
"4822",482.1,"Simu1","DIC",50,"cliver",11.1059513014261
"4823",482.2,"Simu1","DIC",50,"cliver",10.6920814940738
"4824",482.3,"Simu1","DIC",50,"cliver",10.2424664035944
"4825",482.4,"Simu1","DIC",50,"cliver",9.76142147925605
"4826",482.5,"Simu1","DIC",50,"cliver",9.25282539458206
"4827",482.6,"Simu1","DIC",50,"cliver",8.72016216264592
"4828",482.7,"Simu1","DIC",50,"cliver",8.16656025596096
"4829",482.8,"Simu1","DIC",50,"cliver",7.59482655022474
"4830",482.9,"Simu1","DIC",50,"cliver",7.00748005160588
"4831",483,"Simu1","DIC",50,"cliver",6.40677927433551
"4832",483.1,"Simu1","DIC",50,"cliver",5.79474854136248
"4833",483.2,"Simu1","DIC",50,"cliver",5.17320321234816
"4834",483.3,"Simu1","DIC",50,"cliver",4.54377166485943
"4835",483.4,"Simu1","DIC",50,"cliver",3.90791779505293
"4836",483.5,"Simu1","DIC",50,"cliver",3.26696397990905
"4837",483.6,"Simu1","DIC",50,"cliver",2.6221206944609
"4838",483.7,"Simu1","DIC",50,"cliver",1.97453304712564
"4839",483.8,"Simu1","DIC",50,"cliver",1.32538525913707
"4840",483.9,"Simu1","DIC",50,"cliver",0.676369913103076
"4841",484,"Simu1","DIC",50,"cliver",0.039047300281472
"4842",484.1,"Simu1","DIC",50,"cliver",0.00085692265762921
"4843",484.2,"Simu1","DIC",50,"cliver",0.000796495554237304
"4844",484.3,"Simu1","DIC",50,"cliver",0.000742104066955099
"4845",484.4,"Simu1","DIC",50,"cliver",0.00069302723621381
"4846",484.5,"Simu1","DIC",50,"cliver",0.000648648460251976
"4847",484.6,"Simu1","DIC",50,"cliver",0.000608438552499283
"4848",484.7,"Simu1","DIC",50,"cliver",0.000571922358918151
"4849",484.8,"Simu1","DIC",50,"cliver",0.000538715211973326
"4850",484.9,"Simu1","DIC",50,"cliver",0.000508465461135326
"4851",485,"Simu1","DIC",50,"cliver",0.000480847985462966
"4852",485.1,"Simu1","DIC",50,"cliver",0.000455610742962519
"4853",485.2,"Simu1","DIC",50,"cliver",0.000432499555440075
"4854",485.3,"Simu1","DIC",50,"cliver",0.000411330133157824
"4855",485.4,"Simu1","DIC",50,"cliver",0.000391874345611933
"4856",485.5,"Simu1","DIC",50,"cliver",0.000374025648746706
"4857",485.6,"Simu1","DIC",50,"cliver",0.000357540574648251
"4858",485.7,"Simu1","DIC",50,"cliver",0.000342440924931497
"4859",485.8,"Simu1","DIC",50,"cliver",0.000328356181803529
"4860",485.9,"Simu1","DIC",50,"cliver",0.000315886306792416
"4861",486,"Simu1","DIC",50,"cliver",0.00030321175693683
"4862",486.1,"Simu1","DIC",50,"cliver",0.00029264944874398
"4863",486.2,"Simu1","DIC",50,"cliver",0.000282125229119833
"4864",486.3,"Simu1","DIC",50,"cliver",0.000272801163567665
"4865",486.4,"Simu1","DIC",50,"cliver",0.000263592439245122
"4866",486.5,"Simu1","DIC",50,"cliver",0.000255628100659903
"4867",486.6,"Simu1","DIC",50,"cliver",0.000247802960974899
"4868",486.7,"Simu1","DIC",50,"cliver",0.000240852195296803
"4869",486.8,"Simu1","DIC",50,"cliver",0.000234108217252831
"4870",486.9,"Simu1","DIC",50,"cliver",0.000227883616208694
"4871",487,"Simu1","DIC",50,"cliver",0.000222052026730462
"4872",487.1,"Simu1","DIC",50,"cliver",0.000216481214871114
"4873",487.2,"Simu1","DIC",50,"cliver",0.000211695858659059
"4874",487.3,"Simu1","DIC",50,"cliver",0.000206692287750109
"4875",487.4,"Simu1","DIC",50,"cliver",0.000202184394442147
"4876",487.5,"Simu1","DIC",50,"cliver",0.000197947024818861
"4877",487.6,"Simu1","DIC",50,"cliver",0.000193959862914936
"4878",487.7,"Simu1","DIC",50,"cliver",0.000190204178228274
"4879",487.8,"Simu1","DIC",50,"cliver",0.000186662514219336
"4880",487.9,"Simu1","DIC",50,"cliver",0.000183320061543243
"4881",488,"Simu1","DIC",50,"cliver",0.000257262834427474
"4882",488.1,"Simu1","DIC",50,"cliver",0.278735159685867
"4883",488.2,"Simu1","DIC",50,"cliver",1.67315263631238
"4884",488.3,"Simu1","DIC",50,"cliver",3.4431652138024
"4885",488.4,"Simu1","DIC",50,"cliver",5.17082736021277
"4886",488.5,"Simu1","DIC",50,"cliver",6.71985902771241
"4887",488.6,"Simu1","DIC",50,"cliver",8.05653006707676
"4888",488.7,"Simu1","DIC",50,"cliver",9.18328751306299
"4889",488.8,"Simu1","DIC",50,"cliver",10.1144564703303
"4890",488.9,"Simu1","DIC",50,"cliver",10.8674339180315
"4891",489,"Simu1","DIC",50,"cliver",11.4595719382954
"4892",489.1,"Simu1","DIC",50,"cliver",11.9071428851473
"4893",489.2,"Simu1","DIC",50,"cliver",12.2250598390033
"4894",489.3,"Simu1","DIC",50,"cliver",12.4268651937258
"4895",489.4,"Simu1","DIC",50,"cliver",12.5248096260676
"4896",489.5,"Simu1","DIC",50,"cliver",12.5299560613803
"4897",489.6,"Simu1","DIC",50,"cliver",12.4522860853985
"4898",489.7,"Simu1","DIC",50,"cliver",12.3008005962673
"4899",489.8,"Simu1","DIC",50,"cliver",12.0836129556959
"4900",489.9,"Simu1","DIC",50,"cliver",11.8080334419954
"4901",490,"Simu1","DIC",50,"cliver",11.480645902306
"4902",490.1,"Simu1","DIC",50,"cliver",11.1073782223265
"4903",490.2,"Simu1","DIC",50,"cliver",10.6935657583512
"4904",490.3,"Simu1","DIC",50,"cliver",10.2440081163617
"4905",490.4,"Simu1","DIC",50,"cliver",9.76302069127027
"4906",490.5,"Simu1","DIC",50,"cliver",9.25448179754213
"4907",490.6,"Simu1","DIC",50,"cliver",8.72187548500723
"4908",490.7,"Simu1","DIC",50,"cliver",8.16833013947767
"4909",490.8,"Simu1","DIC",50,"cliver",7.59665332938028
"4910",490.9,"Simu1","DIC",50,"cliver",7.00936347774062
"4911",491,"Simu1","DIC",50,"cliver",6.4087187769812
"4912",491.1,"Simu1","DIC",50,"cliver",5.79674363536511
"4913",491.2,"Simu1","DIC",50,"cliver",5.17525301601618
"4914",491.3,"Simu1","DIC",50,"cliver",4.54587524598451
"4915",491.4,"Simu1","DIC",50,"cliver",3.91007422894914
"4916",491.5,"Simu1","DIC",50,"cliver",3.26917282897588
"4917",491.6,"Simu1","DIC",50,"cliver",2.62438167949765
"4918",491.7,"Simu1","DIC",50,"cliver",1.97684633772098
"4919",491.8,"Simu1","DIC",50,"cliver",1.327744989648
"4920",491.9,"Simu1","DIC",50,"cliver",0.678772041025959
"4921",492,"Simu1","DIC",50,"cliver",0.0412110929735821
"4922",492.1,"Simu1","DIC",50,"cliver",0.000857621250144784
"4923",492.2,"Simu1","DIC",50,"cliver",0.000797176894756957
"4924",492.3,"Simu1","DIC",50,"cliver",0.000742769984482593
"4925",492.4,"Simu1","DIC",50,"cliver",0.000693678259401175
"4926",492.5,"Simu1","DIC",50,"cliver",0.000649287391157403
"4927",492.6,"Simu1","DIC",50,"cliver",0.000609065292190764
"4928",492.7,"Simu1","DIC",50,"cliver",0.00057253711705886
"4929",492.8,"Simu1","DIC",50,"cliver",0.000539322138251552
"4930",492.9,"Simu1","DIC",50,"cliver",0.000509062852831716
"4931",493,"Simu1","DIC",50,"cliver",0.0004814385395168
"4932",493.1,"Simu1","DIC",50,"cliver",0.000456189557177375
"4933",493.2,"Simu1","DIC",50,"cliver",0.000433077236885022
"4934",493.3,"Simu1","DIC",50,"cliver",0.000411891404390768
"4935",493.4,"Simu1","DIC",50,"cliver",0.000392447336807866
"4936",493.5,"Simu1","DIC",50,"cliver",0.000374560735432851
"4937",493.6,"Simu1","DIC",50,"cliver",0.000358130393466673
"4938",493.7,"Simu1","DIC",50,"cliver",0.000342911326601085
"4939",493.8,"Simu1","DIC",50,"cliver",0.000329045306474022
"4940",493.9,"Simu1","DIC",50,"cliver",0.000316196663526621
"4941",494,"Simu1","DIC",50,"cliver",0.000303801647302629
"4942",494.1,"Simu1","DIC",50,"cliver",0.00029316943228266
"4943",494.2,"Simu1","DIC",50,"cliver",0.000282696356776196
"4944",494.3,"Simu1","DIC",50,"cliver",0.00027320457917957
"4945",494.4,"Simu1","DIC",50,"cliver",0.000264365412239813
"4946",494.5,"Simu1","DIC",50,"cliver",0.000256131694390224
"4947",494.6,"Simu1","DIC",50,"cliver",0.000248481724292918
"4948",494.7,"Simu1","DIC",50,"cliver",0.000241265732537997
"4949",494.8,"Simu1","DIC",50,"cliver",0.000234745869228862
"4950",494.9,"Simu1","DIC",50,"cliver",0.000227797084905363
"4951",495,"Simu1","DIC",50,"cliver",0.000222566616306007
"4952",495.1,"Simu1","DIC",50,"cliver",0.0002171073523707
"4953",495.2,"Simu1","DIC",50,"cliver",0.000211990491246918
"4954",495.3,"Simu1","DIC",50,"cliver",0.000207189726044584
"4955",495.4,"Simu1","DIC",50,"cliver",0.000202680988942875
"4956",495.5,"Simu1","DIC",50,"cliver",0.00019844217270672
"4957",495.6,"Simu1","DIC",50,"cliver",0.000194453180392748
"4958",495.7,"Simu1","DIC",50,"cliver",0.00019069532095893
"4959",495.8,"Simu1","DIC",50,"cliver",0.000187152174074124
"4960",495.9,"Simu1","DIC",50,"cliver",0.000183807649370374
"4961",496,"Simu1","DIC",50,"cliver",0.000257762090497929
"4962",496.1,"Simu1","DIC",50,"cliver",0.278771244490525
"4963",496.2,"Simu1","DIC",50,"cliver",1.67325953100283
"4964",496.3,"Simu1","DIC",50,"cliver",3.44334411898163
"4965",496.4,"Simu1","DIC",50,"cliver",5.17107795265059
"4966",496.5,"Simu1","DIC",50,"cliver",6.72018004167626
"4967",496.6,"Simu1","DIC",50,"cliver",8.05692027993338
"4968",496.7,"Simu1","DIC",50,"cliver",9.18374594435144
"4969",496.8,"Simu1","DIC",50,"cliver",10.1149822818222
"4970",496.9,"Simu1","DIC",50,"cliver",10.8680262789527
"4971",497,"Simu1","DIC",50,"cliver",11.4602300890739
"4972",497.1,"Simu1","DIC",50,"cliver",11.907866069444
"4973",497.2,"Simu1","DIC",50,"cliver",12.2258473000216
"4974",497.3,"Simu1","DIC",50,"cliver",12.4277162425488
"4975",497.4,"Simu1","DIC",50,"cliver",12.5257235536704
"4976",497.5,"Simu1","DIC",50,"cliver",12.5309321989466
"4977",497.6,"Simu1","DIC",50,"cliver",12.4533237507792
"4978",497.7,"Simu1","DIC",50,"cliver",12.3018991900875
"4979",497.8,"Simu1","DIC",50,"cliver",12.0847718585649
"4980",497.9,"Simu1","DIC",50,"cliver",11.8092518087882
"4981",498,"Simu1","DIC",50,"cliver",11.4819231667052
"4982",498.1,"Simu1","DIC",50,"cliver",11.108714196243
"4983",498.2,"Simu1","DIC",50,"cliver",10.6949600779258
"4984",498.3,"Simu1","DIC",50,"cliver",10.2454601445442
"4985",498.4,"Simu1","DIC",50,"cliver",9.7645296133864
"4986",498.5,"Simu1","DIC",50,"cliver",9.256046806736
"4987",498.6,"Simu1","DIC",50,"cliver",8.72349599831101
"4988",498.7,"Simu1","DIC",50,"cliver",8.17000571128394
"4989",498.8,"Simu1","DIC",50,"cliver",7.59838349945696
"4990",498.9,"Simu1","DIC",50,"cliver",7.01114773206177
"4991",499,"Simu1","DIC",50,"cliver",6.41055659651422
"4992",499.1,"Simu1","DIC",50,"cliver",5.79863452919697
"4993",499.2,"Simu1","DIC",50,"cliver",5.17719650526058
"4994",499.3,"Simu1","DIC",50,"cliver",4.54787083384695
"4995",499.4,"Simu1","DIC",50,"cliver",3.91212138602259
"4996",499.5,"Simu1","DIC",50,"cliver",3.27127098790298
"4997",499.6,"Simu1","DIC",50,"cliver",2.62653023894968
"4998",499.7,"Simu1","DIC",50,"cliver",1.97904289903744
"4999",499.8,"Simu1","DIC",50,"cliver",1.32999213537725
"5000",499.9,"Simu1","DIC",50,"cliver",0.681060098545948
"5001",500,"Simu1","DIC",50,"cliver",0.043283501760278
"5002",500.1,"Simu1","DIC",50,"cliver",0.000858285602070559
"5003",500.2,"Simu1","DIC",50,"cliver",0.000797825351710664
"5004",500.3,"Simu1","DIC",50,"cliver",0.000743404016227984
"5005",500.4,"Simu1","DIC",50,"cliver",0.00069429949913466
"5006",500.5,"Simu1","DIC",50,"cliver",0.000649896567966544
"5007",500.6,"Simu1","DIC",50,"cliver",0.000609663908620213
"5008",500.7,"Simu1","DIC",50,"cliver",0.000573126153835645
"5009",500.8,"Simu1","DIC",50,"cliver",0.000539901580096083
"5010",500.9,"Simu1","DIC",50,"cliver",0.000509634358849503
"5011",501,"Simu1","DIC",50,"cliver",0.000482001826893386
"5012",501.1,"Simu1","DIC",50,"cliver",0.000456747012427511
"5013",501.2,"Simu1","DIC",50,"cliver",0.000433626288264366
"5014",501.3,"Simu1","DIC",50,"cliver",0.000412437458316888
"5015",501.4,"Simu1","DIC",50,"cliver",0.000392982396398112
"5016",501.5,"Simu1","DIC",50,"cliver",0.000375100212023049
"5017",501.6,"Simu1","DIC",50,"cliver",0.000358647262026669
"5018",501.7,"Simu1","DIC",50,"cliver",0.000343457172434962
"5019",501.8,"Simu1","DIC",50,"cliver",0.000329522117942834
"5020",501.9,"Simu1","DIC",50,"cliver",0.000316754312571542
"5021",502,"Simu1","DIC",50,"cliver",0.000304284389788597
"5022",502.1,"Simu1","DIC",50,"cliver",0.000293678715123401
"5023",502.2,"Simu1","DIC",50,"cliver",0.000283198821211967
"5024",502.3,"Simu1","DIC",50,"cliver",0.000273706451379146
"5025",502.4,"Simu1","DIC",50,"cliver",0.00026486397981398
"5026",502.5,"Simu1","DIC",50,"cliver",0.000256628325769579
"5027",502.6,"Simu1","DIC",50,"cliver",0.000248975715646581
"5028",502.7,"Simu1","DIC",50,"cliver",0.00024175709150153
"5029",502.8,"Simu1","DIC",50,"cliver",0.000235237629065017
"5030",502.9,"Simu1","DIC",50,"cliver",0.000228261142554009
"5031",503,"Simu1","DIC",50,"cliver",0.000223051221895799
"5032",503.1,"Simu1","DIC",50,"cliver",0.000217589990744276
"5033",503.2,"Simu1","DIC",50,"cliver",0.000212471220879113
"5034",503.3,"Simu1","DIC",50,"cliver",0.000207668648632725
"5035",503.4,"Simu1","DIC",50,"cliver",0.000203158187693976
"5036",503.5,"Simu1","DIC",50,"cliver",0.000198917724202233
"5037",503.6,"Simu1","DIC",50,"cliver",0.00019492716284721
"5038",503.7,"Simu1","DIC",50,"cliver",0.000191167797079488
"5039",503.8,"Simu1","DIC",50,"cliver",0.000187623225197717
"5040",503.9,"Simu1","DIC",50,"cliver",0.000184277289649494
"5041",504,"Simu1","DIC",50,"cliver",0.000258244928920967
"5042",504.1,"Simu1","DIC",50,"cliver",0.278805491554585
"5043",504.2,"Simu1","DIC",50,"cliver",1.67336611315615
"5044",504.3,"Simu1","DIC",50,"cliver",3.44352065024976
"5045",504.4,"Simu1","DIC",50,"cliver",5.17132293224052
"5046",504.5,"Simu1","DIC",50,"cliver",6.72049290898452
"5047",504.6,"Simu1","DIC",50,"cliver",8.05730047003154
"5048",504.7,"Simu1","DIC",50,"cliver",9.18419269617539
"5049",504.8,"Simu1","DIC",50,"cliver",10.1154947394462
"5050",504.9,"Simu1","DIC",50,"cliver",10.8686036260381
"5051",505,"Simu1","DIC",50,"cliver",11.460871484226
"5052",505.1,"Simu1","DIC",50,"cliver",11.9085707131181
"5053",505.2,"Simu1","DIC",50,"cliver",12.2266144390052
"5054",505.3,"Simu1","DIC",50,"cliver",12.4285450915035
"5055",505.4,"Simu1","DIC",50,"cliver",12.5266133935628
"5056",505.5,"Simu1","DIC",50,"cliver",12.5318823078755
"5057",505.6,"Simu1","DIC",50,"cliver",12.4543334611302
"5058",505.7,"Simu1","DIC",50,"cliver",12.3029677891205
"5059",505.8,"Simu1","DIC",50,"cliver",12.0858986850286
"5060",505.9,"Simu1","DIC",50,"cliver",11.8104364620791
"5061",506,"Simu1","DIC",50,"cliver",11.4831649957546
"5062",506.1,"Simu1","DIC",50,"cliver",11.1100122033432
"5063",506.2,"Simu1","DIC",50,"cliver",10.6963134686473
"5064",506.3,"Simu1","DIC",50,"cliver",10.2468684264836
"5065",506.4,"Simu1","DIC",50,"cliver",9.76599250002346
"5066",506.5,"Simu1","DIC",50,"cliver",9.25756402897554
"5067",506.6,"Simu1","DIC",50,"cliver",8.72506708511957
"5068",506.7,"Simu1","DIC",50,"cliver",8.17163007394748
"5069",506.8,"Simu1","DIC",50,"cliver",7.60006058163757
"5070",506.9,"Simu1","DIC",50,"cliver",7.01287704601535
"5071",507,"Simu1","DIC",50,"cliver",6.41233766956792
"5072",507.1,"Simu1","DIC",50,"cliver",5.800466863745
"5073",507.2,"Simu1","DIC",50,"cliver",5.17907958465299
"5074",507.3,"Simu1","DIC",50,"cliver",4.54980413545313
"5075",507.4,"Simu1","DIC",50,"cliver",3.91410436487346
"5076",507.5,"Simu1","DIC",50,"cliver",3.27330301864612
"5077",507.6,"Simu1","DIC",50,"cliver",2.62861046340941
"5078",507.7,"Simu1","DIC",50,"cliver",1.98117155939467
"5079",507.8,"Simu1","DIC",50,"cliver",1.33216302433536
"5080",507.9,"Simu1","DIC",50,"cliver",0.68327027810015
"5081",508,"Simu1","DIC",50,"cliver",0.045300959240269
"5082",508.1,"Simu1","DIC",50,"cliver",0.000858926559128408
"5083",508.2,"Simu1","DIC",50,"cliver",0.000798450844637507
"5084",508.3,"Simu1","DIC",50,"cliver",0.000744015498255051
"5085",508.4,"Simu1","DIC",50,"cliver",0.000694898771135882
"5086",508.5,"Simu1","DIC",50,"cliver",0.000650484003618522
"5087",508.6,"Simu1","DIC",50,"cliver",0.000610241141764117
"5088",508.7,"Simu1","DIC",50,"cliver",0.000573694548533941
"5089",508.8,"Simu1","DIC",50,"cliver",0.000540460202847414
"5090",508.9,"Simu1","DIC",50,"cliver",0.000510185168059033
"5091",509,"Simu1","DIC",50,"cliver",0.000482544515337983
"5092",509.1,"Simu1","DIC",50,"cliver",0.00045728504772782
"5093",509.2,"Simu1","DIC",50,"cliver",0.00043415488446957
"5094",509.3,"Simu1","DIC",50,"cliver",0.00041296542244669
"5095",509.4,"Simu1","DIC",50,"cliver",0.000393495483177615
"5096",509.5,"Simu1","DIC",50,"cliver",0.000375625412029565
"5097",509.6,"Simu1","DIC",50,"cliver",0.000359135787754374
"5098",509.7,"Simu1","DIC",50,"cliver",0.000344002422687623
"5099",509.8,"Simu1","DIC",50,"cliver",0.000329943966209284
"5100",509.9,"Simu1","DIC",50,"cliver",0.000317395596030358
"5101",510,"Simu1","DIC",50,"cliver",0.000304740673870147
"5102",510.1,"Simu1","DIC",50,"cliver",0.000294188843677017
"5103",510.2,"Simu1","DIC",50,"cliver",0.000283639607133341
"5104",510.3,"Simu1","DIC",50,"cliver",0.000274315478962404
"5105",510.4,"Simu1","DIC",50,"cliver",0.000265082674350632
"5106",510.5,"Simu1","DIC",50,"cliver",0.00025713711420483
"5107",510.6,"Simu1","DIC",50,"cliver",0.000249250608836569
"5108",510.7,"Simu1","DIC",50,"cliver",0.000242381339975029
"5109",510.8,"Simu1","DIC",50,"cliver",0.000235572936775641
"5110",510.9,"Simu1","DIC",50,"cliver",0.000229362356767094
"5111",511,"Simu1","DIC",50,"cliver",0.000223548889582335
"5112",511.1,"Simu1","DIC",50,"cliver",0.000218042713813657
"5113",511.2,"Simu1","DIC",50,"cliver",0.000212965251260253
"5114",511.3,"Simu1","DIC",50,"cliver",0.000208171716118029
"5115",511.4,"Simu1","DIC",50,"cliver",0.000203631511777576
"5116",511.5,"Simu1","DIC",50,"cliver",0.000199367776460624
"5117",511.6,"Simu1","DIC",50,"cliver",0.000195380379911113
"5118",511.7,"Simu1","DIC",50,"cliver",0.000191627144823157
"5119",511.8,"Simu1","DIC",50,"cliver",0.000188074430864741
"5120",511.9,"Simu1","DIC",50,"cliver",0.000184730292772083
"5121",512,"Simu1","DIC",50,"cliver",0.000258707627381633
"5122",512.1,"Simu1","DIC",50,"cliver",0.278838719366691
"5123",512.2,"Simu1","DIC",50,"cliver",1.67346712903943
"5124",512.3,"Simu1","DIC",50,"cliver",3.44368898328284
"5125",512.4,"Simu1","DIC",50,"cliver",5.1715577381037
"5126",512.5,"Simu1","DIC",50,"cliver",6.72079331402955
"5127",512.6,"Simu1","DIC",50,"cliver",8.05766561051104
"5128",512.7,"Simu1","DIC",50,"cliver",9.18462172849179
"5129",512.8,"Simu1","DIC",50,"cliver",10.1159868431947
"5130",512.9,"Simu1","DIC",50,"cliver",10.8691580046108
"5131",513,"Simu1","DIC",50,"cliver",11.461487364474
"5132",513.1,"Simu1","DIC",50,"cliver",11.9092473447304
"5133",513.2,"Simu1","DIC",50,"cliver",12.2273510937677
"5134",513.3,"Simu1","DIC",50,"cliver",12.4293410625073
"5135",513.4,"Simu1","DIC",50,"cliver",12.5274679944055
"5136",513.5,"Simu1","DIC",50,"cliver",12.5327948718586
"5137",513.6,"Simu1","DIC",50,"cliver",12.4553033404666
"5138",513.7,"Simu1","DIC",50,"cliver",12.3039943541388
"5139",513.8,"Simu1","DIC",50,"cliver",12.0869813234226
"5140",513.9,"Simu1","DIC",50,"cliver",11.8115745781243
"5141",514,"Simu1","DIC",50,"cliver",11.4843580095781
"5142",514.1,"Simu1","DIC",50,"cliver",11.1112595501428
"5143",514.2,"Simu1","DIC",50,"cliver",10.6976145979381
"5144",514.3,"Simu1","DIC",50,"cliver",10.2482228013433
"5145",514.4,"Simu1","DIC",50,"cliver",9.767399596321
"5146",514.5,"Simu1","DIC",50,"cliver",9.25902333452401
"5147",514.6,"Simu1","DIC",50,"cliver",8.72657809872891
"5148",514.7,"Simu1","DIC",50,"cliver",8.17319230435312
"5149",514.8,"Simu1","DIC",50,"cliver",7.60167354625018
"5150",514.9,"Simu1","DIC",50,"cliver",7.01454026934275
"5151",515,"Simu1","DIC",50,"cliver",6.41405068106173
"5152",515.1,"Simu1","DIC",50,"cliver",5.80222919470344
"5153",515.2,"Simu1","DIC",50,"cliver",5.18089076345922
"5154",515.3,"Simu1","DIC",50,"cliver",4.55166367969269
"5155",515.4,"Simu1","DIC",50,"cliver",3.91601176712189
"5156",515.5,"Simu1","DIC",50,"cliver",3.27525771817811
"5157",515.6,"Simu1","DIC",50,"cliver",2.63061178230632
"5158",515.7,"Simu1","DIC",50,"cliver",1.9832185296509
"5159",515.8,"Simu1","DIC",50,"cliver",1.33425386242266
"5160",515.9,"Simu1","DIC",50,"cliver",0.685399064873042
"5161",516,"Simu1","DIC",50,"cliver",0.0472517883486629
"5162",516.1,"Simu1","DIC",50,"cliver",0.00085954396501937
"5163",516.2,"Simu1","DIC",50,"cliver",0.000799053474708851
"5164",516.3,"Simu1","DIC",50,"cliver",0.000744604781879604
"5165",516.4,"Simu1","DIC",50,"cliver",0.000695475953295739
"5166",516.5,"Simu1","DIC",50,"cliver",0.000651050195510029
"5167",516.6,"Simu1","DIC",50,"cliver",0.000610797313221409
"5168",516.7,"Simu1","DIC",50,"cliver",0.000574241528255015
"5169",516.8,"Simu1","DIC",50,"cliver",0.000540998795791597
"5170",516.9,"Simu1","DIC",50,"cliver",0.000510716059172093
"5171",517,"Simu1","DIC",50,"cliver",0.000483068302353327
"5172",517.1,"Simu1","DIC",50,"cliver",0.000457802210249984
"5173",517.2,"Simu1","DIC",50,"cliver",0.000434666023321753
"5174",517.3,"Simu1","DIC",50,"cliver",0.000413470827520234
"5175",517.4,"Simu1","DIC",50,"cliver",0.000393995843858547
"5176",517.5,"Simu1","DIC",50,"cliver",0.000376120573563717
"5177",517.6,"Simu1","DIC",50,"cliver",0.000359627036396629
"5178",517.7,"Simu1","DIC",50,"cliver",0.000344488246821437
"5179",517.8,"Simu1","DIC",50,"cliver",0.000330428168801818
"5180",517.9,"Simu1","DIC",50,"cliver",0.000317873003184207
"5181",518,"Simu1","DIC",50,"cliver",0.000305213920289115
"5182",518.1,"Simu1","DIC",50,"cliver",0.000294662017543683
"5183",518.2,"Simu1","DIC",50,"cliver",0.000284107201856049
"5184",518.3,"Simu1","DIC",50,"cliver",0.00027478082870169
"5185",518.4,"Simu1","DIC",50,"cliver",0.000265544926337696
"5186",518.5,"Simu1","DIC",50,"cliver",0.000257597382971427
"5187",518.6,"Simu1","DIC",50,"cliver",0.000249712258976887
"5188",518.7,"Simu1","DIC",50,"cliver",0.000242831041868323
"5189",518.8,"Simu1","DIC",50,"cliver",0.000236029775666233
"5190",518.9,"Simu1","DIC",50,"cliver",0.000229817032968642
"5191",519,"Simu1","DIC",50,"cliver",0.00022398853334394
"5192",519.1,"Simu1","DIC",50,"cliver",0.000218494492944595
"5193",519.2,"Simu1","DIC",50,"cliver",0.000213404356668694
"5194",519.3,"Simu1","DIC",50,"cliver",0.000208646418025581
"5195",519.4,"Simu1","DIC",50,"cliver",0.000204037588750605
"5196",519.5,"Simu1","DIC",50,"cliver",0.000199941079447419
"5197",519.6,"Simu1","DIC",50,"cliver",0.00019582528298289
"5198",519.7,"Simu1","DIC",50,"cliver",0.000192061623858398
"5199",519.8,"Simu1","DIC",50,"cliver",0.000188514854975453
"5200",519.9,"Simu1","DIC",50,"cliver",0.000185166638468676
"5201",520,"Simu1","DIC",50,"cliver",0.000259156207315829
"5202",520.1,"Simu1","DIC",50,"cliver",0.278870994263795
"5203",520.2,"Simu1","DIC",50,"cliver",1.67356802853808
"5204",520.3,"Simu1","DIC",50,"cliver",3.44385897307298
"5205",520.4,"Simu1","DIC",50,"cliver",5.17179703843155
"5206",520.5,"Simu1","DIC",50,"cliver",6.721101351329
"5207",520.6,"Simu1","DIC",50,"cliver",8.05804077798214
"5208",520.7,"Simu1","DIC",50,"cliver",9.18506259374203
"5209",520.8,"Simu1","DIC",50,"cliver",10.1164924271038
"5210",520.9,"Simu1","DIC",50,"cliver",10.8697271943387
"5211",521,"Simu1","DIC",50,"cliver",11.4621173007026
"5212",521.1,"Simu1","DIC",50,"cliver",11.9099365217933
"5213",521.2,"Simu1","DIC",50,"cliver",12.2281009388634
"5214",521.3,"Simu1","DIC",50,"cliver",12.4301502725499
"5215",521.4,"Simu1","DIC",50,"cliver",12.5283333659939
"5216",521.5,"Simu1","DIC",50,"cliver",12.5337109664644
"5217",521.6,"Simu1","DIC",50,"cliver",12.4562664212868
"5218",521.7,"Simu1","DIC",50,"cliver",12.3050028422989
"5219",521.8,"Simu1","DIC",50,"cliver",12.0880375704501
"5220",521.9,"Simu1","DIC",50,"cliver",11.8126819627818
"5221",522,"Simu1","DIC",50,"cliver",11.4855175029291
"5222",522.1,"Simu1","DIC",50,"cliver",11.1124683583532
"5223",522.2,"Simu1","DIC",50,"cliver",10.6988806668474
"5224",522.3,"Simu1","DIC",50,"cliver",10.2495481012133
"5225",522.4,"Simu1","DIC",50,"cliver",9.76877977834618
"5226",522.5,"Simu1","DIC",50,"cliver",9.26045870141057
"5227",522.6,"Simu1","DIC",50,"cliver",8.72806824783715
"5228",522.7,"Simu1","DIC",50,"cliver",8.17473642337161
"5229",522.8,"Simu1","DIC",50,"cliver",7.60326967531143
"5230",522.9,"Simu1","DIC",50,"cliver",7.01618493284045
"5231",523,"Simu1","DIC",50,"cliver",6.41574239919108
"5232",523.1,"Simu1","DIC",50,"cliver",5.80396887805833
"5233",523.2,"Simu1","DIC",50,"cliver",5.18267916598656
"5234",523.3,"Simu1","DIC",50,"cliver",4.55350009292758
"5235",523.4,"Simu1","DIC",50,"cliver",3.91789513108387
"5236",523.5,"Simu1","DIC",50,"cliver",3.27718654973324
"5237",523.6,"Simu1","DIC",50,"cliver",2.63258371560328
"5238",523.7,"Simu1","DIC",50,"cliver",1.98523120236055
"5239",523.8,"Simu1","DIC",50,"cliver",1.33631318946431
"5240",523.9,"Simu1","DIC",50,"cliver",0.687496492360527
"5241",524,"Simu1","DIC",50,"cliver",0.0491826621671966
"5242",524.1,"Simu1","DIC",50,"cliver",0.000860147093896308
"5243",524.2,"Simu1","DIC",50,"cliver",0.00079964154919782
"5244",524.3,"Simu1","DIC",50,"cliver",0.000745179262906404
"5245",524.4,"Simu1","DIC",50,"cliver",0.00069603823071129
"5246",524.5,"Simu1","DIC",50,"cliver",0.000651601245744811
"5247",524.6,"Simu1","DIC",50,"cliver",0.000611338250761062
"5248",524.7,"Simu1","DIC",50,"cliver",0.000574773330346213
"5249",524.8,"Simu1","DIC",50,"cliver",0.000541521899277601
"5250",524.9,"Simu1","DIC",50,"cliver",0.000511231411403321
"5251",525,"Simu1","DIC",50,"cliver",0.000483576394594844
"5252",525.1,"Simu1","DIC",50,"cliver",0.000458304033544309
"5253",525.2,"Simu1","DIC",50,"cliver",0.000435161211741247
"5254",525.3,"Simu1","DIC",50,"cliver",0.000413961223660056
"5255",525.4,"Simu1","DIC",50,"cliver",0.000394479389083805
"5256",525.5,"Simu1","DIC",50,"cliver",0.000376602198450888
"5257",525.6,"Simu1","DIC",50,"cliver",0.00036009854628623
"5258",525.7,"Simu1","DIC",50,"cliver",0.000344966294197157
"5259",525.8,"Simu1","DIC",50,"cliver",0.000330881021113164
"5260",525.9,"Simu1","DIC",50,"cliver",0.000318362113159941
"5261",526,"Simu1","DIC",50,"cliver",0.000305670896081644
"5262",526.1,"Simu1","DIC",50,"cliver",0.00029511495517384
"5263",526.2,"Simu1","DIC",50,"cliver",0.000284556287420631
"5264",526.3,"Simu1","DIC",50,"cliver",0.000275223706697104
"5265",526.4,"Simu1","DIC",50,"cliver",0.000265994998742114
"5266",526.5,"Simu1","DIC",50,"cliver",0.000258027538562606
"5267",526.6,"Simu1","DIC",50,"cliver",0.000250199896169146
"5268",526.7,"Simu1","DIC",50,"cliver",0.000243196085291336
"5269",526.8,"Simu1","DIC",50,"cliver",0.000236453552688544
"5270",526.9,"Simu1","DIC",50,"cliver",0.0002301868580283
"5271",527,"Simu1","DIC",50,"cliver",0.00022450006159315
"5272",527.1,"Simu1","DIC",50,"cliver",0.000218831700095254
"5273",527.2,"Simu1","DIC",50,"cliver",0.000213853638452816
"5274",527.3,"Simu1","DIC",50,"cliver",0.000209142505167295
"5275",527.4,"Simu1","DIC",50,"cliver",0.000204521310317362
"5276",527.5,"Simu1","DIC",50,"cliver",0.000200243976007878
"5277",527.6,"Simu1","DIC",50,"cliver",0.000196240887223867
"5278",527.7,"Simu1","DIC",50,"cliver",0.000192473999117658
"5279",527.8,"Simu1","DIC",50,"cliver",0.00018893502571773
"5280",527.9,"Simu1","DIC",50,"cliver",0.000185587243379425
"5281",528,"Simu1","DIC",50,"cliver",0.000259587671522689
"5282",528.1,"Simu1","DIC",50,"cliver",0.278901711787127
"5283",528.2,"Simu1","DIC",50,"cliver",1.67365820474863
"5284",528.3,"Simu1","DIC",50,"cliver",3.44400700806986
"5285",528.4,"Simu1","DIC",50,"cliver",5.17200105565168
"5286",528.5,"Simu1","DIC",50,"cliver",6.72136028798561
"5287",528.6,"Simu1","DIC",50,"cliver",8.0583546461269
"5288",528.7,"Simu1","DIC",50,"cliver",9.18543127408507
"5289",528.8,"Simu1","DIC",50,"cliver",10.116915389661
"5290",528.9,"Simu1","DIC",50,"cliver",10.8702040843806
"5291",529,"Simu1","DIC",50,"cliver",11.4626495506946
"5292",529.1,"Simu1","DIC",50,"cliver",11.9105242500892
"5293",529.2,"Simu1","DIC",50,"cliver",12.2287413694264
"5294",529.3,"Simu1","DIC",50,"cliver",12.4308433969391
"5295",529.4,"Simu1","DIC",50,"cliver",12.529081112059
"5296",529.5,"Simu1","DIC",50,"cliver",12.5345175320186
"5297",529.6,"Simu1","DIC",50,"cliver",12.4571343358244
"5298",529.7,"Simu1","DIC",50,"cliver",12.3059325099859
"5299",529.8,"Simu1","DIC",50,"cliver",12.0890254958223
"5300",529.9,"Simu1","DIC",50,"cliver",11.8137236531903
"5301",530,"Simu1","DIC",50,"cliver",11.4866109013589
"5302",530.1,"Simu1","DIC",50,"cliver",11.1136152001615
"5303",530.2,"Simu1","DIC",50,"cliver",10.7000719736213
"5304",530.3,"Simu1","DIC",50,"cliver",10.2507808947534
"5305",530.4,"Simu1","DIC",50,"cliver",9.77005742277706
"5306",530.5,"Simu1","DIC",50,"cliver",9.26177993106801
"5307",530.6,"Simu1","DIC",50,"cliver",8.72943252243628
"5308",530.7,"Simu1","DIC",50,"cliver",8.17614363042435
"5309",530.8,"Simu1","DIC",50,"cliver",7.604720865716
"5310",530.9,"Simu1","DIC",50,"cliver",7.01768268611758
"5311",531,"Simu1","DIC",50,"cliver",6.4172873079366
"5312",531.1,"Simu1","DIC",50,"cliver",5.80555914756154
"5313",531.2,"Simu1","DIC",50,"cliver",5.18431315234093
"5314",531.3,"Simu1","DIC",50,"cliver",4.55517759392975
"5315",531.4,"Simu1","DIC",50,"cliver",3.91961624847637
"5316",531.5,"Simu1","DIC",50,"cliver",3.27895170728248
"5317",531.6,"Simu1","DIC",50,"cliver",2.63439399725026
"5318",531.7,"Simu1","DIC",50,"cliver",1.98708713520825
"5319",531.8,"Simu1","DIC",50,"cliver",1.3382055161602
"5320",531.9,"Simu1","DIC",50,"cliver",0.689422664129794
"5321",532,"Simu1","DIC",50,"cliver",0.0509629582702015
"5322",532.1,"Simu1","DIC",50,"cliver",0.000860712251897155
"5323",532.2,"Simu1","DIC",50,"cliver",0.000800193759339634
"5324",532.3,"Simu1","DIC",50,"cliver",0.000745719762498147
"5325",532.4,"Simu1","DIC",50,"cliver",0.000696568195238629
"5326",532.5,"Simu1","DIC",50,"cliver",0.000652121483201408
"5327",532.6,"Simu1","DIC",50,"cliver",0.000611849693272525
"5328",532.7,"Simu1","DIC",50,"cliver",0.00057527684483194
"5329",532.8,"Simu1","DIC",50,"cliver",0.00054201780637166
"5330",532.9,"Simu1","DIC",50,"cliver",0.000511720494453881
"5331",533,"Simu1","DIC",50,"cliver",0.000484059112203501
"5332",533.1,"Simu1","DIC",50,"cliver",0.000458781283110512
"5333",533.2,"Simu1","DIC",50,"cliver",0.000435632573865183
"5334",533.3,"Simu1","DIC",50,"cliver",0.000414428433317517
"5335",533.4,"Simu1","DIC",50,"cliver",0.000394940367930915
"5336",533.5,"Simu1","DIC",50,"cliver",0.000377061782385444
"5337",533.6,"Simu1","DIC",50,"cliver",0.000360548538525538
"5338",533.7,"Simu1","DIC",50,"cliver",0.00034542329114915
"5339",533.8,"Simu1","DIC",50,"cliver",0.000331313167962152
"5340",533.9,"Simu1","DIC",50,"cliver",0.000318831358495458
"5341",534,"Simu1","DIC",50,"cliver",0.000306107569530965
"5342",534.1,"Simu1","DIC",50,"cliver",0.000295547010587356
"5343",534.2,"Simu1","DIC",50,"cliver",0.000284985235649621
"5344",534.3,"Simu1","DIC",50,"cliver",0.000275645159580905
"5345",534.4,"Simu1","DIC",50,"cliver",0.000266429618804291
"5346",534.5,"Simu1","DIC",50,"cliver",0.000258437946604543
"5347",534.6,"Simu1","DIC",50,"cliver",0.000250714185417638
"5348",534.7,"Simu1","DIC",50,"cliver",0.000243646735375622
"5349",534.8,"Simu1","DIC",50,"cliver",0.000236960431615229
"5350",534.9,"Simu1","DIC",50,"cliver",0.000230702812813841
"5351",535,"Simu1","DIC",50,"cliver",0.000224773199688968
"5352",535.1,"Simu1","DIC",50,"cliver",0.000219515978053084
"5353",535.2,"Simu1","DIC",50,"cliver",0.000214111961151433
"5354",535.3,"Simu1","DIC",50,"cliver",0.000209526519602215
"5355",535.4,"Simu1","DIC",50,"cliver",0.000204784584031565
"5356",535.5,"Simu1","DIC",50,"cliver",0.000200768780747725
"5357",535.6,"Simu1","DIC",50,"cliver",0.000196542464791896
"5358",535.7,"Simu1","DIC",50,"cliver",0.000193007916489429
"5359",535.8,"Simu1","DIC",50,"cliver",0.000189202028056113
"5360",535.9,"Simu1","DIC",50,"cliver",0.000185991501490638
"5361",536,"Simu1","DIC",50,"cliver",0.000260001345439698
"5362",536.1,"Simu1","DIC",50,"cliver",0.27893132284011
"5363",536.2,"Simu1","DIC",50,"cliver",1.67374808487186
"5364",536.3,"Simu1","DIC",50,"cliver",3.44415667899247
"5365",536.4,"Simu1","DIC",50,"cliver",5.17220976582866
"5366",536.5,"Simu1","DIC",50,"cliver",6.72162728197971
"5367",536.6,"Simu1","DIC",50,"cliver",8.05867918310466
"5368",536.7,"Simu1","DIC",50,"cliver",9.18581263132549
"5369",536.8,"Simu1","DIC",50,"cliver",10.1173528633339
"5370",536.9,"Simu1","DIC",50,"cliver",10.8706969895596
"5371",537,"Simu1","DIC",50,"cliver",11.4631972210606
"5372",537.1,"Simu1","DIC",50,"cliver",11.9111260373759
"5373",537.2,"Simu1","DIC",50,"cliver",12.2293966408281
"5374",537.3,"Simu1","DIC",50,"cliver",12.4315515432759
"5375",537.4,"Simu1","DIC",50,"cliver",12.5298415353902
"5376",537.5,"Simu1","DIC",50,"cliver",12.5353296524558
"5377",537.6,"Simu1","DIC",50,"cliver",12.4579975859142
"5378",537.7,"Simu1","DIC",50,"cliver",12.3068463360245
"5379",537.8,"Simu1","DIC",50,"cliver",12.089989361976
"5380",537.9,"Simu1","DIC",50,"cliver",11.814737036021
"5381",538,"Simu1","DIC",50,"cliver",11.4876732942675
"5382",538.1,"Simu1","DIC",50,"cliver",11.1147261083757
"5383",538.2,"Simu1","DIC",50,"cliver",10.701230916203
"5384",538.3,"Simu1","DIC",50,"cliver",10.2519874009884
"5385",538.4,"Simu1","DIC",50,"cliver",9.77131103043334
"5386",538.5,"Simu1","DIC",50,"cliver",9.26308018707544
"5387",538.6,"Simu1","DIC",50,"cliver",8.73077898362978
"5388",538.7,"Simu1","DIC",50,"cliver",8.17753586278756
"5389",538.8,"Simu1","DIC",50,"cliver",7.60615844257997
"5390",538.9,"Simu1","DIC",50,"cliver",7.01916518637693
"5391",539,"Simu1","DIC",50,"cliver",6.41881431443119
"5392",539.1,"Simu1","DIC",50,"cliver",5.80713024478472
"5393",539.2,"Simu1","DIC",50,"cliver",5.18592792242231
"5394",539.3,"Simu1","DIC",50,"cliver",4.55683560982579
"5395",539.4,"Simu1","DIC",50,"cliver",3.92131706229742
"5396",539.5,"Simu1","DIC",50,"cliver",3.28069482857993
"5397",539.6,"Simu1","DIC",50,"cliver",2.63617884892813
"5398",539.7,"Simu1","DIC",50,"cliver",1.9889129609868
"5399",539.8,"Simu1","DIC",50,"cliver",1.34007058239459
"5400",539.9,"Simu1","DIC",50,"cliver",0.691321765373937
"5401",540,"Simu1","DIC",50,"cliver",0.0527245778395206
"5402",540.1,"Simu1","DIC",50,"cliver",0.000861264312284246
"5403",540.2,"Simu1","DIC",50,"cliver",0.000800732634527988
"5404",540.3,"Simu1","DIC",50,"cliver",0.000746246750482354
"5405",540.4,"Simu1","DIC",50,"cliver",0.000697084262855112
"5406",540.5,"Simu1","DIC",50,"cliver",0.000652627846053828
"5407",540.6,"Simu1","DIC",50,"cliver",0.00061234706332244
"5408",540.7,"Simu1","DIC",50,"cliver",0.000575765786435301
"5409",540.8,"Simu1","DIC",50,"cliver",0.000542499561369012
"5410",540.9,"Simu1","DIC",50,"cliver",0.000512195347641424
"5411",541,"Simu1","DIC",50,"cliver",0.000484527732511253
"5412",541.1,"Simu1","DIC",50,"cliver",0.000459243480619179
"5413",541.2,"Simu1","DIC",50,"cliver",0.000436090124670203
"5414",541.3,"Simu1","DIC",50,"cliver",0.000414879632064388
"5415",541.4,"Simu1","DIC",50,"cliver",0.000395389350746906
"5416",541.5,"Simu1","DIC",50,"cliver",0.000377501887614352
"5417",541.6,"Simu1","DIC",50,"cliver",0.000360993145703425
"5418",541.7,"Simu1","DIC",50,"cliver",0.000345847558410909
"5419",541.8,"Simu1","DIC",50,"cliver",0.0003317666107593
"5420",541.9,"Simu1","DIC",50,"cliver",0.000319224028090721
"5421",542,"Simu1","DIC",50,"cliver",0.000306528914531487
"5422",542.1,"Simu1","DIC",50,"cliver",0.000295978503549422
"5423",542.2,"Simu1","DIC",50,"cliver",0.00028540547147715
"5424",542.3,"Simu1","DIC",50,"cliver",0.000276070895430097
"5425",542.4,"Simu1","DIC",50,"cliver",0.00026683484727444
"5426",542.5,"Simu1","DIC",50,"cliver",0.0002588682783291
"5427",542.6,"Simu1","DIC",50,"cliver",0.000251041557396918
"5428",542.7,"Simu1","DIC",50,"cliver",0.000244010721211052
"5429",542.8,"Simu1","DIC",50,"cliver",0.000237270734799656
"5430",542.9,"Simu1","DIC",50,"cliver",0.000230986179196802
"5431",543,"Simu1","DIC",50,"cliver",0.000225400914826412
"5432",543.1,"Simu1","DIC",50,"cliver",0.000219755587825938
"5433",543.2,"Simu1","DIC",50,"cliver",0.000214625559002631
"5434",543.3,"Simu1","DIC",50,"cliver",0.000209806542980868
"5435",543.4,"Simu1","DIC",50,"cliver",0.000205284941572054
"5436",543.5,"Simu1","DIC",50,"cliver",0.00020104610124975
"5437",543.6,"Simu1","DIC",50,"cliver",0.000197049912496835
"5438",543.7,"Simu1","DIC",50,"cliver",0.000193284633655034
"5439",543.8,"Simu1","DIC",50,"cliver",0.000189733314635102
"5440",543.9,"Simu1","DIC",50,"cliver",0.000186381840064866
"5441",544,"Simu1","DIC",50,"cliver",0.000260400794944085
"5442",544.1,"Simu1","DIC",50,"cliver",0.278959608533307
"5443",544.2,"Simu1","DIC",50,"cliver",1.6738326271813
"5444",544.3,"Simu1","DIC",50,"cliver",3.44429985329721
"5445",544.4,"Simu1","DIC",50,"cliver",5.17241072637695
"5446",544.5,"Simu1","DIC",50,"cliver",6.72188481511151
"5447",544.6,"Simu1","DIC",50,"cliver",8.05899233261217
"5448",544.7,"Simu1","DIC",50,"cliver",9.18618061479533
"5449",544.8,"Simu1","DIC",50,"cliver",10.1177749953999
"5450",544.9,"Simu1","DIC",50,"cliver",10.8711725724224
"5451",545,"Simu1","DIC",50,"cliver",11.4637256168595
"5452",545.1,"Simu1","DIC",50,"cliver",11.9117066229293
"5453",545.2,"Simu1","DIC",50,"cliver",12.2300287883927
"5454",545.3,"Simu1","DIC",50,"cliver",12.4322346736585
"5455",545.4,"Simu1","DIC",50,"cliver",12.5305750741586
"5456",545.5,"Simu1","DIC",50,"cliver",12.5361130393013
"5457",545.6,"Simu1","DIC",50,"cliver",12.45883027198
"5458",545.7,"Simu1","DIC",50,"cliver",12.307727810431
"5459",545.8,"Simu1","DIC",50,"cliver",12.0909191000111
"5460",545.9,"Simu1","DIC",50,"cliver",11.8157145015087
"5461",546,"Simu1","DIC",50,"cliver",11.4886979677783
"5462",546.1,"Simu1","DIC",50,"cliver",11.1157975784874
"5463",546.2,"Simu1","DIC",50,"cliver",10.7023487941875
"5464",546.3,"Simu1","DIC",50,"cliver",10.2531512342792
"5465",546.4,"Simu1","DIC",50,"cliver",9.77252032091205
"5466",546.5,"Simu1","DIC",50,"cliver",9.26433445238722
"5467",546.6,"Simu1","DIC",50,"cliver",8.73207775889667
"5468",546.7,"Simu1","DIC",50,"cliver",8.17887872135859
"5469",546.8,"Simu1","DIC",50,"cliver",7.60754498017823
"5470",546.9,"Simu1","DIC",50,"cliver",7.02059500263326
"5471",547,"Simu1","DIC",50,"cliver",6.42028700734816
"5472",547.1,"Simu1","DIC",50,"cliver",5.80864541320242
"5473",547.2,"Simu1","DIC",50,"cliver",5.18748516564032
"5474",547.3,"Simu1","DIC",50,"cliver",4.55843452090588
"5475",547.4,"Simu1","DIC",50,"cliver",3.92295721739151
"5476",547.5,"Simu1","DIC",50,"cliver",3.28237577515608
"5477",547.6,"Simu1","DIC",50,"cliver",2.63790010880233
"5478",547.7,"Simu1","DIC",50,"cliver",1.99067252245286
"5479",547.8,"Simu1","DIC",50,"cliver",1.34187131428076
"5480",547.9,"Simu1","DIC",50,"cliver",0.693155434379109
"5481",548,"Simu1","DIC",50,"cliver",0.0544282442415548
"5482",548.1,"Simu1","DIC",50,"cliver",0.000861796401586071
"5483",548.2,"Simu1","DIC",50,"cliver",0.000801252136877589
"5484",548.3,"Simu1","DIC",50,"cliver",0.000746754858937067
"5485",548.4,"Simu1","DIC",50,"cliver",0.000697581683139897
"5486",548.5,"Simu1","DIC",50,"cliver",0.000653116078136237
"5487",548.6,"Simu1","DIC",50,"cliver",0.000612826556632103
"5488",548.7,"Simu1","DIC",50,"cliver",0.000576236813429525
"5489",548.8,"Simu1","DIC",50,"cliver",0.000542964105387901
"5490",548.9,"Simu1","DIC",50,"cliver",0.000512653229639293
"5491",549,"Simu1","DIC",50,"cliver",0.000484980002850957
"5492",549.1,"Simu1","DIC",50,"cliver",0.000459688383836142
"5493",549.2,"Simu1","DIC",50,"cliver",0.000436532136435997
"5494",549.3,"Simu1","DIC",50,"cliver",0.000415312816227091
"5495",549.4,"Simu1","DIC",50,"cliver",0.000395825263640201
"5496",549.5,"Simu1","DIC",50,"cliver",0.000377920441256071
"5497",549.6,"Simu1","DIC",50,"cliver",0.00036143236264735
"5498",549.7,"Simu1","DIC",50,"cliver",0.000346236032772426
"5499",549.8,"Simu1","DIC",50,"cliver",0.000332243770217629
"5500",549.9,"Simu1","DIC",50,"cliver",0.000319518172597058
"5501",550,"Simu1","DIC",50,"cliver",0.000306966192181105
"5502",550.1,"Simu1","DIC",50,"cliver",0.000296362133361312
"5503",550.2,"Simu1","DIC",50,"cliver",0.000285867305143061
"5504",550.3,"Simu1","DIC",50,"cliver",0.000276357904288992
"5505",550.4,"Simu1","DIC",50,"cliver",0.000267499547211661
"5506",550.5,"Simu1","DIC",50,"cliver",0.000259250148018325
"5507",550.6,"Simu1","DIC",50,"cliver",0.000251582385479292
"5508",550.7,"Simu1","DIC",50,"cliver",0.000244354248730451
"5509",550.8,"Simu1","DIC",50,"cliver",0.000237814614268878
"5510",550.9,"Simu1","DIC",50,"cliver",0.000230838473139036
"5511",551,"Simu1","DIC",50,"cliver",0.000225610696756044
"5512",551.1,"Simu1","DIC",50,"cliver",0.000220138818277432
"5513",551.2,"Simu1","DIC",50,"cliver",0.000215010005817371
"5514",551.3,"Simu1","DIC",50,"cliver",0.000210197867766885
"5515",551.4,"Simu1","DIC",50,"cliver",0.000205678289213646
"5516",551.5,"Simu1","DIC",50,"cliver",0.000201429126210396
"5517",551.6,"Simu1","DIC",50,"cliver",0.000197430258618172
"5518",551.7,"Simu1","DIC",50,"cliver",0.000193662950645573
"5519",551.8,"Simu1","DIC",50,"cliver",0.000190110785614919
"5520",551.9,"Simu1","DIC",50,"cliver",0.000186757563866948
"5521",552,"Simu1","DIC",50,"cliver",0.000260788157189214
"5522",552.1,"Simu1","DIC",50,"cliver",0.278987522060516
"5523",552.2,"Simu1","DIC",50,"cliver",1.67391857613728
"5524",552.3,"Simu1","DIC",50,"cliver",3.44444050813823
"5525",552.4,"Simu1","DIC",50,"cliver",5.17260548584456
"5526",552.5,"Simu1","DIC",50,"cliver",6.72213344694711
"5527",552.6,"Simu1","DIC",50,"cliver",8.05929437847041
"5528",552.7,"Simu1","DIC",50,"cliver",9.18653547862811
"5529",552.8,"Simu1","DIC",50,"cliver",10.1181820208196
"5530",552.9,"Simu1","DIC",50,"cliver",10.8716311520102
"5531",553,"Simu1","DIC",50,"cliver",11.4642351190353
"5532",553.1,"Simu1","DIC",50,"cliver",11.9122664365561
"5533",553.2,"Simu1","DIC",50,"cliver",12.2306383430804
"5534",553.3,"Simu1","DIC",50,"cliver",12.4328933769
"5535",553.4,"Simu1","DIC",50,"cliver",12.5312823659721
"5536",553.5,"Simu1","DIC",50,"cliver",12.5368683743227
"5537",553.6,"Simu1","DIC",50,"cliver",12.459633126227
"5538",553.7,"Simu1","DIC",50,"cliver",12.3085776514442
"5539",553.8,"Simu1","DIC",50,"cliver",12.0918154333141
"5540",553.9,"Simu1","DIC",50,"cliver",11.8166568716043
"5541",554,"Simu1","DIC",50,"cliver",11.4896859244708
"5542",554.1,"Simu1","DIC",50,"cliver",11.1168305883137
"5543",554.2,"Simu1","DIC",50,"cliver",10.7034263222159
"5544",554.3,"Simu1","DIC",50,"cliver",10.2542728324038
"5545",554.4,"Simu1","DIC",50,"cliver",9.77368560939921
"5546",554.5,"Simu1","DIC",50,"cliver",9.26554305588775
"5547",554.6,"Simu1","DIC",50,"cliver",8.73332930178611
"5548",554.7,"Simu1","DIC",50,"cliver",8.18017280516157
"5549",554.8,"Simu1","DIC",50,"cliver",7.60888119807083
"5550",554.9,"Simu1","DIC",50,"cliver",7.02197295567827
"5551",555,"Simu1","DIC",50,"cliver",6.42170630622899
"5552",555.1,"Simu1","DIC",50,"cliver",5.81010567021726
"5553",555.2,"Simu1","DIC",50,"cliver",5.18898598697457
"5554",555.3,"Simu1","DIC",50,"cliver",4.5599754999854
"5555",555.4,"Simu1","DIC",50,"cliver",3.92453792091238
"5556",555.5,"Simu1","DIC",50,"cliver",3.28399570445244
"5557",555.6,"Simu1","DIC",50,"cliver",2.63955857852226
"5558",555.7,"Simu1","DIC",50,"cliver",1.99236982432543
"5559",555.8,"Simu1","DIC",50,"cliver",1.34360174596398
"5560",555.9,"Simu1","DIC",50,"cliver",0.694917454322532
"5561",556,"Simu1","DIC",50,"cliver",0.0560755844522761
"5562",556.1,"Simu1","DIC",50,"cliver",0.000862309358310597
"5563",556.2,"Simu1","DIC",50,"cliver",0.000801752661677438
"5564",556.3,"Simu1","DIC",50,"cliver",0.000747244158774526
"5565",556.4,"Simu1","DIC",50,"cliver",0.000698061290344216
"5566",556.5,"Simu1","DIC",50,"cliver",0.000653586171770299
"5567",556.6,"Simu1","DIC",50,"cliver",0.000613288469722616
"5568",556.7,"Simu1","DIC",50,"cliver",0.000576691834148727
"5569",556.8,"Simu1","DIC",50,"cliver",0.000543411139215925
"5570",556.9,"Simu1","DIC",50,"cliver",0.000513093912940481
"5571",557,"Simu1","DIC",50,"cliver",0.000485414162401273
"5572",557.1,"Simu1","DIC",50,"cliver",0.000460119174325563
"5573",557.2,"Simu1","DIC",50,"cliver",0.00043695493710377
"5574",557.3,"Simu1","DIC",50,"cliver",0.000415735892612894
"5575",557.4,"Simu1","DIC",50,"cliver",0.000396234937666463
"5576",557.5,"Simu1","DIC",50,"cliver",0.00037834261795928
"5577",557.6,"Simu1","DIC",50,"cliver",0.000361819818652532
"5578",557.7,"Simu1","DIC",50,"cliver",0.000346679438206022
"5579",557.8,"Simu1","DIC",50,"cliver",0.00033256734616854
"5580",557.9,"Simu1","DIC",50,"cliver",0.000320064674990889
"5581",558,"Simu1","DIC",50,"cliver",0.000307330362117036
"5582",558.1,"Simu1","DIC",50,"cliver",0.000296772855949166
"5583",558.2,"Simu1","DIC",50,"cliver",0.000286193875733915
"5584",558.3,"Simu1","DIC",50,"cliver",0.000276849652951074
"5585",558.4,"Simu1","DIC",50,"cliver",0.000267626150802647
"5586",558.5,"Simu1","DIC",50,"cliver",0.000259632320072885
"5587",558.6,"Simu1","DIC",50,"cliver",0.000251889310039706
"5588",558.7,"Simu1","DIC",50,"cliver",0.000244738882969336
"5589",558.8,"Simu1","DIC",50,"cliver",0.000238037551465903
"5590",558.9,"Simu1","DIC",50,"cliver",0.000231795079782619
"5591",559,"Simu1","DIC",50,"cliver",0.000226171595190326
"5592",559.1,"Simu1","DIC",50,"cliver",0.000220466124429701
"5593",559.2,"Simu1","DIC",50,"cliver",0.000215324546245795
"5594",559.3,"Simu1","DIC",50,"cliver",0.000210502876889936
"5595",559.4,"Simu1","DIC",50,"cliver",0.000206136793438295
"5596",559.5,"Simu1","DIC",50,"cliver",0.000201761602886725
"5597",559.6,"Simu1","DIC",50,"cliver",0.000197634069252511
"5598",559.7,"Simu1","DIC",50,"cliver",0.000194099365019613
"5599",559.8,"Simu1","DIC",50,"cliver",0.000190446979435777
"5600",559.9,"Simu1","DIC",50,"cliver",0.000187121139209908
"5601",560,"Simu1","DIC",50,"cliver",0.000261158336270476
"5602",560.1,"Simu1","DIC",50,"cliver",0.279014121752382
"5603",560.2,"Simu1","DIC",50,"cliver",1.67399955894297
"5604",560.3,"Simu1","DIC",50,"cliver",3.44457557961761
"5605",560.4,"Simu1","DIC",50,"cliver",5.17279398607161
"5606",560.5,"Simu1","DIC",50,"cliver",6.72237466276251
"5607",560.6,"Simu1","DIC",50,"cliver",8.05958759614989
"5608",560.7,"Simu1","DIC",50,"cliver",9.18687999914484
"5609",560.8,"Simu1","DIC",50,"cliver",10.1185771649905
"5610",560.9,"Simu1","DIC",50,"cliver",10.8720762616076
"5611",561,"Simu1","DIC",50,"cliver",11.464729556607
"5612",561.1,"Simu1","DIC",50,"cliver",11.9128095847269
"5613",561.2,"Simu1","DIC",50,"cliver",12.2312296038815
"5614",561.3,"Simu1","DIC",50,"cliver",12.4335321710119
"5615",561.4,"Simu1","DIC",50,"cliver",12.5319681318508
"5616",561.5,"Simu1","DIC",50,"cliver",12.5376005675085
"5617",561.6,"Simu1","DIC",50,"cliver",12.4604112184452
"5618",561.7,"Simu1","DIC",50,"cliver",12.309401130227
"5619",561.8,"Simu1","DIC",50,"cliver",12.0926838008209
"5620",561.9,"Simu1","DIC",50,"cliver",11.8175696443537
"5621",562,"Simu1","DIC",50,"cliver",11.4906426319666
"5622",562.1,"Simu1","DIC",50,"cliver",11.1178307730182
"5623",562.2,"Simu1","DIC",50,"cliver",10.7044695386509
"5624",562.3,"Simu1","DIC",50,"cliver",10.2553586465285
"5625",562.4,"Simu1","DIC",50,"cliver",9.77481359793421
"5626",562.5,"Simu1","DIC",50,"cliver",9.26671280556016
"5627",562.6,"Simu1","DIC",50,"cliver",8.73454040851759
"5628",562.7,"Simu1","DIC",50,"cliver",8.18142487318652
"5629",562.8,"Simu1","DIC",50,"cliver",7.61017383890675
"5630",562.9,"Simu1","DIC",50,"cliver",7.02330578682332
"5631",563,"Simu1","DIC",50,"cliver",6.4230789494117
"5632",563.1,"Simu1","DIC",50,"cliver",5.8115177489017
"5633",563.2,"Simu1","DIC",50,"cliver",5.19043712254574
"5634",563.3,"Simu1","DIC",50,"cliver",4.56146530543965
"5635",563.4,"Simu1","DIC",50,"cliver",3.92606598949022
"5636",563.5,"Simu1","DIC",50,"cliver",3.28556158700153
"5637",563.6,"Simu1","DIC",50,"cliver",2.64116173216334
"5638",563.7,"Simu1","DIC",50,"cliver",1.9940094721935
"5639",563.8,"Simu1","DIC",50,"cliver",1.34527649167095
"5640",563.9,"Simu1","DIC",50,"cliver",0.696622689622116
"5641",564,"Simu1","DIC",50,"cliver",0.0576712984150142
"5642",564.1,"Simu1","DIC",50,"cliver",0.00086280387391763
"5643",564.2,"Simu1","DIC",50,"cliver",0.000802235425550889
"5644",564.3,"Simu1","DIC",50,"cliver",0.000747716336524703
"5645",564.4,"Simu1","DIC",50,"cliver",0.000698523441138213
"5646",564.5,"Simu1","DIC",50,"cliver",0.000654039853874759
"5647",564.6,"Simu1","DIC",50,"cliver",0.000613733975541303
"5648",564.7,"Simu1","DIC",50,"cliver",0.000577129317244769
"5649",564.8,"Simu1","DIC",50,"cliver",0.000543842810185834
"5650",564.9,"Simu1","DIC",50,"cliver",0.000513519327971671
"5651",565,"Simu1","DIC",50,"cliver",0.000485834403284478
"5652",565.1,"Simu1","DIC",50,"cliver",0.000460532281014681
"5653",565.2,"Simu1","DIC",50,"cliver",0.000437365794054244
"5654",565.3,"Simu1","DIC",50,"cliver",0.000416137807792005
"5655",565.4,"Simu1","DIC",50,"cliver",0.000396640758839716
"5656",565.5,"Simu1","DIC",50,"cliver",0.000378729719232111
"5657",565.6,"Simu1","DIC",50,"cliver",0.000362231036938084
"5658",565.7,"Simu1","DIC",50,"cliver",0.000347033881531179
"5659",565.8,"Simu1","DIC",50,"cliver",0.000333023368089091
"5660",565.9,"Simu1","DIC",50,"cliver",0.000320319603940963
"5661",566,"Simu1","DIC",50,"cliver",0.000307728250222769
"5662",566.1,"Simu1","DIC",50,"cliver",0.000297131225868188
"5663",566.2,"Simu1","DIC",50,"cliver",0.000286634231233884
"5664",566.3,"Simu1","DIC",50,"cliver",0.000277118608556744
"5665",566.4,"Simu1","DIC",50,"cliver",0.000268255491090763
"5666",566.5,"Simu1","DIC",50,"cliver",0.000260002501015063
"5667",566.6,"Simu1","DIC",50,"cliver",0.000252329196301725
"5668",566.7,"Simu1","DIC",50,"cliver",0.00024510154386835
"5669",566.8,"Simu1","DIC",50,"cliver",0.000238547682044111
"5670",566.9,"Simu1","DIC",50,"cliver",0.000231595251301777
"5671",567,"Simu1","DIC",50,"cliver",0.00022634498403492
"5672",567.1,"Simu1","DIC",50,"cliver",0.00022086996536899
"5673",567.2,"Simu1","DIC",50,"cliver",0.000215738276944637
"5674",567.3,"Simu1","DIC",50,"cliver",0.000210923391666359
"5675",567.4,"Simu1","DIC",50,"cliver",0.000206401194632863
"5676",567.5,"Simu1","DIC",50,"cliver",0.000202149533232616
"5677",567.6,"Simu1","DIC",50,"cliver",0.000198148280377021
"5678",567.7,"Simu1","DIC",50,"cliver",0.000194378691623304
"5679",567.8,"Simu1","DIC",50,"cliver",0.000190824346720649
"5680",567.9,"Simu1","DIC",50,"cliver",0.000187469030539773
"5681",568,"Simu1","DIC",50,"cliver",0.000261517043849061
"5682",568.1,"Simu1","DIC",50,"cliver",0.279039397973481
"5683",568.2,"Simu1","DIC",50,"cliver",1.6740734719101
"5684",568.3,"Simu1","DIC",50,"cliver",3.44469930145645
"5685",568.4,"Simu1","DIC",50,"cliver",5.17296694422282
"5686",568.5,"Simu1","DIC",50,"cliver",6.72259599672323
"5687",568.6,"Simu1","DIC",50,"cliver",8.05985672672492
"5688",568.7,"Simu1","DIC",50,"cliver",9.1871964531678
"5689",568.8,"Simu1","DIC",50,"cliver",10.1189404981655
"5690",568.9,"Simu1","DIC",50,"cliver",10.8724860426436
"5691",569,"Simu1","DIC",50,"cliver",11.4651853674169
"5692",569.1,"Simu1","DIC",50,"cliver",11.9133110108826
"5693",569.2,"Simu1","DIC",50,"cliver",12.2317762247546
"5694",569.3,"Simu1","DIC",50,"cliver",12.4341235732679
"5695",569.4,"Simu1","DIC",50,"cliver",12.5326039050941
"5696",569.5,"Simu1","DIC",50,"cliver",12.5382802975011
"5697",569.6,"Simu1","DIC",50,"cliver",12.4611345105689
"5698",569.7,"Simu1","DIC",50,"cliver",12.3101675884998
"5699",569.8,"Simu1","DIC",50,"cliver",12.0934929489339
"5700",569.9,"Simu1","DIC",50,"cliver",11.8184211240671
"5701",570,"Simu1","DIC",50,"cliver",11.4915363037942
"5702",570.1,"Simu1","DIC",50,"cliver",11.1187662967468
"5703",570.2,"Simu1","DIC",50,"cliver",10.7054463524584
"5704",570.3,"Simu1","DIC",50,"cliver",10.2563762263166
"5705",570.4,"Simu1","DIC",50,"cliver",9.77587158490732
"5706",570.5,"Simu1","DIC",50,"cliver",9.26781091258362
"5707",570.6,"Simu1","DIC",50,"cliver",8.73567830526138
"5708",570.7,"Simu1","DIC",50,"cliver",8.18260218210517
"5709",570.8,"Simu1","DIC",50,"cliver",7.61139019095607
"5710",570.9,"Simu1","DIC",50,"cliver",7.02456084491916
"5711",571,"Simu1","DIC",50,"cliver",6.4243723874279
"5712",571.1,"Simu1","DIC",50,"cliver",5.81284922901026
"5713",571.2,"Simu1","DIC",50,"cliver",5.19180629453019
"5714",571.3,"Simu1","DIC",50,"cliver",4.56287181482234
"5715",571.4,"Simu1","DIC",50,"cliver",3.92750947704326
"5716",571.5,"Simu1","DIC",50,"cliver",3.28704168443891
"5717",571.6,"Simu1","DIC",50,"cliver",2.64267810023983
"5718",571.7,"Simu1","DIC",50,"cliver",1.9955599967159
"5719",571.8,"Simu1","DIC",50,"cliver",1.34686415751398
"5720",571.9,"Simu1","DIC",50,"cliver",0.698240055887159
"5721",572,"Simu1","DIC",50,"cliver",0.0591863400303834
"5722",572.1,"Simu1","DIC",50,"cliver",0.000863278691566262
"5723",572.2,"Simu1","DIC",50,"cliver",0.000802698879942286
"5724",572.3,"Simu1","DIC",50,"cliver",0.000748169517331308
"5725",572.4,"Simu1","DIC",50,"cliver",0.00069896755880022
"5726",572.5,"Simu1","DIC",50,"cliver",0.000654475364450214
"5727",572.6,"Simu1","DIC",50,"cliver",0.000614161913749956
"5728",572.7,"Simu1","DIC",50,"cliver",0.000577550609679375
"5729",572.8,"Simu1","DIC",50,"cliver",0.000544257152697843
"5730",572.9,"Simu1","DIC",50,"cliver",0.000513927835207646
"5731",573,"Simu1","DIC",50,"cliver",0.000486237121638848
"5732",573.1,"Simu1","DIC",50,"cliver",0.000460931082784313
"5733",573.2,"Simu1","DIC",50,"cliver",0.000437758373308866
"5734",573.3,"Simu1","DIC",50,"cliver",0.000416528723865689
"5735",573.4,"Simu1","DIC",50,"cliver",0.00039702286605926
"5736",573.5,"Simu1","DIC",50,"cliver",0.000379116873293405
"5737",573.6,"Simu1","DIC",50,"cliver",0.000362598353748311
"5738",573.7,"Simu1","DIC",50,"cliver",0.00034742935055634
"5739",573.8,"Simu1","DIC",50,"cliver",0.000333354397203063
"5740",573.9,"Simu1","DIC",50,"cliver",0.000320768447496283
"5741",574,"Simu1","DIC",50,"cliver",0.000308075009395311
"5742",574.1,"Simu1","DIC",50,"cliver",0.000297524267248817
"5743",574.2,"Simu1","DIC",50,"cliver",0.00028693376026722
"5744",574.3,"Simu1","DIC",50,"cliver",0.000277593380329966
"5745",574.4,"Simu1","DIC",50,"cliver",0.00026834298095161
"5746",574.5,"Simu1","DIC",50,"cliver",0.000260378616158111
"5747",574.6,"Simu1","DIC",50,"cliver",0.000252527601846092
"5748",574.7,"Simu1","DIC",50,"cliver",0.000245513481476475
"5749",574.8,"Simu1","DIC",50,"cliver",0.000238772620469134
"5750",574.9,"Simu1","DIC",50,"cliver",0.000232477580252743
"5751",575,"Simu1","DIC",50,"cliver",0.000226796332623871
"5752",575.1,"Simu1","DIC",50,"cliver",0.000221108967715974
"5753",575.2,"Simu1","DIC",50,"cliver",0.000216108402782541
"5754",575.3,"Simu1","DIC",50,"cliver",0.000211409709321022
"5755",575.4,"Simu1","DIC",50,"cliver",0.00020674279503418
"5756",575.5,"Simu1","DIC",50,"cliver",0.000202493943787809
"5757",575.6,"Simu1","DIC",50,"cliver",0.000198494381516516
"5758",575.7,"Simu1","DIC",50,"cliver",0.000194718093110986
"5759",575.8,"Simu1","DIC",50,"cliver",0.000191161074646783
"5760",575.9,"Simu1","DIC",50,"cliver",0.000187805504777473
"5761",576,"Simu1","DIC",50,"cliver",0.000261862469066038
"5762",576.1,"Simu1","DIC",50,"cliver",0.2790632784947
"5763",576.2,"Simu1","DIC",50,"cliver",1.67414689987024
"5764",576.3,"Simu1","DIC",50,"cliver",3.4448190491874
"5765",576.4,"Simu1","DIC",50,"cliver",5.17313348711529
"5766",576.5,"Simu1","DIC",50,"cliver",6.72280975726042
"5767",576.6,"Simu1","DIC",50,"cliver",8.0601170522158
"5768",576.7,"Simu1","DIC",50,"cliver",9.18750284456087
"5769",576.8,"Simu1","DIC",50,"cliver",10.1192924439439
"5770",576.9,"Simu1","DIC",50,"cliver",10.872882834995
"5771",577,"Simu1","DIC",50,"cliver",11.4656269453461
"5772",577.1,"Simu1","DIC",50,"cliver",11.9137969884549
"5773",577.2,"Simu1","DIC",50,"cliver",12.2323061319016
"5774",577.3,"Simu1","DIC",50,"cliver",12.4346969917081
"5775",577.4,"Simu1","DIC",50,"cliver",12.5332203634083
"5776",577.5,"Simu1","DIC",50,"cliver",12.5389393725008
"5777",577.6,"Simu1","DIC",50,"cliver",12.4618357016962
"5778",577.7,"Simu1","DIC",50,"cliver",12.3109105583587
"5779",577.8,"Simu1","DIC",50,"cliver",12.0942774410712
"5780",577.9,"Simu1","DIC",50,"cliver",11.8192466296936
"5781",578,"Simu1","DIC",50,"cliver",11.4924031098357
"5782",578.1,"Simu1","DIC",50,"cliver",11.119675785688
"5783",578.2,"Simu1","DIC",50,"cliver",10.7063985860462
"5784",578.3,"Simu1","DIC",50,"cliver",10.2573703630936
"5785",578.4,"Simu1","DIC",50,"cliver",9.77690384232721
"5786",578.5,"Simu1","DIC",50,"cliver",9.26887896465144
"5787",578.6,"Simu1","DIC",50,"cliver",8.73678354918317
"5788",578.7,"Simu1","DIC",50,"cliver",8.18374593511439
"5789",578.8,"Simu1","DIC",50,"cliver",7.6125718851804
"5790",578.9,"Simu1","DIC",50,"cliver",7.02577928419822
"5791",579,"Simu1","DIC",50,"cliver",6.42562705957168
"5792",579.1,"Simu1","DIC",50,"cliver",5.81414020290982
"5793",579.2,"Simu1","DIC",50,"cliver",5.19313352196202
"5794",579.3,"Simu1","DIC",50,"cliver",4.56423488923621
"5795",579.4,"Simu1","DIC",50,"cliver",3.9289078864956
"5796",579.5,"Simu1","DIC",50,"cliver",3.28847502425708
"5797",579.6,"Simu1","DIC",50,"cliver",2.64414599294515
"5798",579.7,"Simu1","DIC",50,"cliver",1.99706107416419
"5799",579.8,"Simu1","DIC",50,"cliver",1.34839778925108
"5800",579.9,"Simu1","DIC",50,"cliver",0.699801928385218
"5801",580,"Simu1","DIC",50,"cliver",0.0606549726131648
"5802",580.1,"Simu1","DIC",50,"cliver",0.000863735507278737
"5803",580.2,"Simu1","DIC",50,"cliver",0.000803145038572526
"5804",580.3,"Simu1","DIC",50,"cliver",0.00074860576096531
"5805",580.4,"Simu1","DIC",50,"cliver",0.000699395348609632
"5806",580.5,"Simu1","DIC",50,"cliver",0.000654894690180285
"5807",580.6,"Simu1","DIC",50,"cliver",0.000614573999275222
"5808",580.7,"Simu1","DIC",50,"cliver",0.000577956916107212
"5809",580.8,"Simu1","DIC",50,"cliver",0.000544656058522887
"5810",580.9,"Simu1","DIC",50,"cliver",0.000514321078147969
"5811",581,"Simu1","DIC",50,"cliver",0.000486624799586299
"5812",581.1,"Simu1","DIC",50,"cliver",0.000461315756684319
"5813",581.2,"Simu1","DIC",50,"cliver",0.000438135971118382
"5814",581.3,"Simu1","DIC",50,"cliver",0.000416906582763543
"5815",581.4,"Simu1","DIC",50,"cliver",0.000397388627976491
"5816",581.5,"Simu1","DIC",50,"cliver",0.000379494385456413
"5817",581.6,"Simu1","DIC",50,"cliver",0.000362943479418145
"5818",581.7,"Simu1","DIC",50,"cliver",0.000347827859755972
"5819",581.8,"Simu1","DIC",50,"cliver",0.000333638000167371
"5820",581.9,"Simu1","DIC",50,"cliver",0.000321247894450274
"5821",582,"Simu1","DIC",50,"cliver",0.000308439366184427
"5822",582.1,"Simu1","DIC",50,"cliver",0.000297834122225472
"5823",582.2,"Simu1","DIC",50,"cliver",0.000287275263807337
"5824",582.3,"Simu1","DIC",50,"cliver",0.000277893454704247
"5825",582.4,"Simu1","DIC",50,"cliver",0.000268769842722512
"5826",582.5,"Simu1","DIC",50,"cliver",0.000260814338761389
"5827",582.6,"Simu1","DIC",50,"cliver",0.000252966770207484
"5828",582.7,"Simu1","DIC",50,"cliver",0.000245835922075643
"5829",582.8,"Simu1","DIC",50,"cliver",0.000239169334452807
"5830",582.9,"Simu1","DIC",50,"cliver",0.00023285890421375
"5831",583,"Simu1","DIC",50,"cliver",0.000227068206938899
"5832",583.1,"Simu1","DIC",50,"cliver",0.000221567882442546
"5833",583.2,"Simu1","DIC",50,"cliver",0.000216417985613308
"5834",583.3,"Simu1","DIC",50,"cliver",0.000211644092527817
"5835",583.4,"Simu1","DIC",50,"cliver",0.000206886447475885
"5836",583.5,"Simu1","DIC",50,"cliver",0.000202746563364752
"5837",583.6,"Simu1","DIC",50,"cliver",0.000198813675698863
"5838",583.7,"Simu1","DIC",50,"cliver",0.000195041447226392
"5839",583.8,"Simu1","DIC",50,"cliver",0.000191487806918238
"5840",583.9,"Simu1","DIC",50,"cliver",0.000188129485018041
"5841",584,"Simu1","DIC",50,"cliver",0.000262194462610602
"5842",584.1,"Simu1","DIC",50,"cliver",0.279088136636943
"5843",584.2,"Simu1","DIC",50,"cliver",1.67422392912907
"5844",584.3,"Simu1","DIC",50,"cliver",3.44494895653064
"5845",584.4,"Simu1","DIC",50,"cliver",5.17331444268429
"5846",584.5,"Simu1","DIC",50,"cliver",6.7230403072757
"5847",584.6,"Simu1","DIC",50,"cliver",8.06039658777285
"5848",584.7,"Simu1","DIC",50,"cliver",9.1878305464843
"5849",584.8,"Simu1","DIC",50,"cliver",10.1196675239783
"5850",584.9,"Simu1","DIC",50,"cliver",10.8733047344161
"5851",585,"Simu1","DIC",50,"cliver",11.4660944906138
"5852",585.1,"Simu1","DIC",50,"cliver",11.9143093714463
"5853",585.2,"Simu1","DIC",50,"cliver",12.2328626756186
"5854",585.3,"Simu1","DIC",50,"cliver",12.4352970083399
"5855",585.4,"Simu1","DIC",50,"cliver",12.5338632505736
"5856",585.5,"Simu1","DIC",50,"cliver",12.5396245246619
"5857",585.6,"Simu1","DIC",50,"cliver",12.4625626060801
"5858",585.7,"Simu1","DIC",50,"cliver",12.3116785754884
"5859",585.8,"Simu1","DIC",50,"cliver",12.0950859698823
"5860",585.9,"Simu1","DIC",50,"cliver",11.8200952356235
"5861",586,"Simu1","DIC",50,"cliver",11.4932903806624
"5862",586.1,"Simu1","DIC",50,"cliver",11.1205994443002
"5863",586.2,"Simu1","DIC",50,"cliver",10.7073579290873
"5864",586.3,"Simu1","DIC",50,"cliver",10.2583655796887
"5865",586.4,"Simu1","DIC",50,"cliver",9.77793792177064
"5866",586.5,"Simu1","DIC",50,"cliver",9.26995339206666
"5867",586.6,"Simu1","DIC",50,"cliver",8.73789615331216
"5868",586.7,"Simu1","DIC",50,"cliver",8.18489469344488
"5869",586.8,"Simu1","DIC",50,"cliver",7.61375667000037
"5870",586.9,"Simu1","DIC",50,"cliver",7.02700057852395
"5871",587,"Simu1","DIC",50,"cliver",6.42688466150832
"5872",587.1,"Simu1","DIC",50,"cliver",5.81543334490023
"5873",587.2,"Simu1","DIC",50,"cliver",5.19446155947105
"5874",587.3,"Simu1","DIC",50,"cliver",4.56559751677361
"5875",587.4,"Simu1","DIC",50,"cliver",3.93030485504007
"5876",587.5,"Simu1","DIC",50,"cliver",3.28990587460972
"5877",587.6,"Simu1","DIC",50,"cliver",2.64560997161569
"5878",587.7,"Simu1","DIC",50,"cliver",1.99855964367947
"5879",587.8,"Simu1","DIC",50,"cliver",1.34992453883528
"5880",587.9,"Simu1","DIC",50,"cliver",0.701355914320761
"5881",588,"Simu1","DIC",50,"cliver",0.0621213362917291
"5882",588.1,"Simu1","DIC",50,"cliver",0.000864180895145772
"5883",588.2,"Simu1","DIC",50,"cliver",0.000803579410132714
"5884",588.3,"Simu1","DIC",50,"cliver",0.0007490304255732
"5885",588.4,"Simu1","DIC",50,"cliver",0.000699810914263968
"5886",588.5,"Simu1","DIC",50,"cliver",0.000655302420718647
"5887",588.6,"Simu1","DIC",50,"cliver",0.000614974362995438
"5888",588.7,"Simu1","DIC",50,"cliver",0.000578349940564722
"5889",588.8,"Simu1","DIC",50,"cliver",0.000545043678256637
"5890",588.9,"Simu1","DIC",50,"cliver",0.000514703143340369
"5891",589,"Simu1","DIC",50,"cliver",0.000487001800721127
"5892",589.1,"Simu1","DIC",50,"cliver",0.000461686920498012
"5893",589.2,"Simu1","DIC",50,"cliver",0.000438504109872014
"5894",589.3,"Simu1","DIC",50,"cliver",0.000417268176771771
"5895",589.4,"Simu1","DIC",50,"cliver",0.000397751007073993
"5896",589.5,"Simu1","DIC",50,"cliver",0.000379844617784474
"5897",589.6,"Simu1","DIC",50,"cliver",0.000363306760203254
"5898",589.7,"Simu1","DIC",50,"cliver",0.000348156100375584
"5899",589.8,"Simu1","DIC",50,"cliver",0.000334026911547577
"5900",589.9,"Simu1","DIC",50,"cliver",0.000321524727735518
"5901",590,"Simu1","DIC",50,"cliver",0.000308766877585403
"5902",590.1,"Simu1","DIC",50,"cliver",0.000298203760623101
"5903",590.2,"Simu1","DIC",50,"cliver",0.000287611158410884
"5904",590.3,"Simu1","DIC",50,"cliver",0.000278257524476649
"5905",590.4,"Simu1","DIC",50,"cliver",0.000269033958191037
"5906",590.5,"Simu1","DIC",50,"cliver",0.000261025194596355
"5907",590.6,"Simu1","DIC",50,"cliver",0.00025331784728027
"5908",590.7,"Simu1","DIC",50,"cliver",0.000246114899443847
"5909",590.8,"Simu1","DIC",50,"cliver",0.000239431094775723
"5910",590.9,"Simu1","DIC",50,"cliver",0.000233188136929659
"5911",591,"Simu1","DIC",50,"cliver",0.000227388249879585
"5912",591.1,"Simu1","DIC",50,"cliver",0.000221564854057544
"5913",591.2,"Simu1","DIC",50,"cliver",0.000216867189264084
"5914",591.3,"Simu1","DIC",50,"cliver",0.000211856427273877
"5915",591.4,"Simu1","DIC",50,"cliver",0.000207316041266496
"5916",591.5,"Simu1","DIC",50,"cliver",0.000203122932510386
"5917",591.6,"Simu1","DIC",50,"cliver",0.000198994762988755
"5918",591.7,"Simu1","DIC",50,"cliver",0.000195409239012997
"5919",591.8,"Simu1","DIC",50,"cliver",0.000191779358633446
"5920",591.9,"Simu1","DIC",50,"cliver",0.000188444203192287
"5921",592,"Simu1","DIC",50,"cliver",0.000262515393138131
"5922",592.1,"Simu1","DIC",50,"cliver",0.279111613904046
"5923",592.2,"Simu1","DIC",50,"cliver",1.67429640954702
"5924",592.3,"Simu1","DIC",50,"cliver",3.44507011006828
"5925",592.4,"Simu1","DIC",50,"cliver",5.17348517646629
"5926",592.5,"Simu1","DIC",50,"cliver",6.72326016603445
"5927",592.6,"Simu1","DIC",50,"cliver",8.06066438794406
"5928",592.7,"Simu1","DIC",50,"cliver",9.18814524628616
"5929",592.8,"Simu1","DIC",50,"cliver",10.1200293453122
"5930",592.9,"Simu1","DIC",50,"cliver",10.8737108204029
"5931",593,"Simu1","DIC",50,"cliver",11.4665449814803
"5932",593.1,"Simu1","DIC",50,"cliver",11.9148035508274
"5933",593.2,"Simu1","DIC",50,"cliver",12.2333997877718
"5934",593.3,"Simu1","DIC",50,"cliver",12.4358764000575
"5935",593.4,"Simu1","DIC",50,"cliver",12.5344842360055
"5936",593.5,"Simu1","DIC",50,"cliver",12.5402864934311
"5937",593.6,"Simu1","DIC",50,"cliver",12.4632649001901
"5938",593.7,"Simu1","DIC",50,"cliver",12.3124207681254
"5939",593.8,"Simu1","DIC",50,"cliver",12.0958675564075
"5940",593.9,"Simu1","DIC",50,"cliver",11.8209156620126
"5941",594,"Simu1","DIC",50,"cliver",11.4941507944017
"5942",594.1,"Simu1","DIC",50,"cliver",11.1215008421412
"5943",594.2,"Simu1","DIC",50,"cliver",10.7082998280309
"5944",594.3,"Simu1","DIC",50,"cliver",10.2593454641301
"5945",594.4,"Simu1","DIC",50,"cliver",9.77895204478672
"5946",594.5,"Simu1","DIC",50,"cliver",9.2710017369824
"5947",594.6,"Simu1","DIC",50,"cliver",8.73898033029235
"5948",594.7,"Simu1","DIC",50,"cliver",8.18601295153806
"5949",594.8,"Simu1","DIC",50,"cliver",7.61491075789102
"5950",594.9,"Simu1","DIC",50,"cliver",7.02818978411327
"5951",595,"Simu1","DIC",50,"cliver",6.4281082974836
"5952",595.1,"Simu1","DIC",50,"cliver",5.81669152543299
"5953",595.2,"Simu1","DIC",50,"cliver",5.19575402215635
"5954",595.3,"Simu1","DIC",50,"cliver",4.56692410552144
"5955",595.4,"Simu1","DIC",50,"cliver",3.9316638905377
"5956",595.5,"Simu1","DIC",50,"cliver",3.29129545602685
"5957",595.6,"Simu1","DIC",50,"cliver",2.64702996732716
"5958",595.7,"Simu1","DIC",50,"cliver",2.00000864260962
"5959",595.8,"Simu1","DIC",50,"cliver",1.35140668905908
"5960",595.9,"Simu1","DIC",50,"cliver",0.702863751010334
"5961",596,"Simu1","DIC",50,"cliver",0.0635407030682835
"5962",596.1,"Simu1","DIC",50,"cliver",0.000864607499218315
"5963",596.2,"Simu1","DIC",50,"cliver",0.000803996024433477
"5964",596.3,"Simu1","DIC",50,"cliver",0.000749437759713452
"5965",596.4,"Simu1","DIC",50,"cliver",0.000700210136225816
"5966",596.5,"Simu1","DIC",50,"cliver",0.000655693834722595
"5967",596.6,"Simu1","DIC",50,"cliver",0.000615358887122271
"5968",596.7,"Simu1","DIC",50,"cliver",0.000578728729886396
"5969",596.8,"Simu1","DIC",50,"cliver",0.000545415921634
"5970",596.9,"Simu1","DIC",50,"cliver",0.000515069980556098
"5971",597,"Simu1","DIC",50,"cliver",0.000487363570596821
"5972",597.1,"Simu1","DIC",50,"cliver",0.000462045138286899
"5973",597.2,"Simu1","DIC",50,"cliver",0.000438856712648139
"5974",597.3,"Simu1","DIC",50,"cliver",0.000417619259465994
"5975",597.4,"Simu1","DIC",50,"cliver",0.000398093935912296
"5976",597.5,"Simu1","DIC",50,"cliver",0.00038019261652213
"5977",597.6,"Simu1","DIC",50,"cliver",0.000363635522614404
"5978",597.7,"Simu1","DIC",50,"cliver",0.00034851334223995
"5979",597.8,"Simu1","DIC",50,"cliver",0.000334318891410227
"5980",597.9,"Simu1","DIC",50,"cliver",0.000321923808201541
"5981",598,"Simu1","DIC",50,"cliver",0.000309105021050732
"5982",598.1,"Simu1","DIC",50,"cliver",0.000298501110418425
"5983",598.2,"Simu1","DIC",50,"cliver",0.000287932574814002
"5984",598.3,"Simu1","DIC",50,"cliver",0.000278548133321116
"5985",598.4,"Simu1","DIC",50,"cliver",0.000269428290418567
"5986",598.5,"Simu1","DIC",50,"cliver",0.000261452973943481
"5987",598.6,"Simu1","DIC",50,"cliver",0.000253620100168079
"5988",598.7,"Simu1","DIC",50,"cliver",0.00024648281696204
"5989",598.8,"Simu1","DIC",50,"cliver",0.00023979274782881
"5990",598.9,"Simu1","DIC",50,"cliver",0.000233505964527942
"5991",599,"Simu1","DIC",50,"cliver",0.000227688932744297
"5992",599.1,"Simu1","DIC",50,"cliver",0.00022223820052443
"5993",599.2,"Simu1","DIC",50,"cliver",0.000217038517157431
"5994",599.3,"Simu1","DIC",50,"cliver",0.000212247351873954
"5995",599.4,"Simu1","DIC",50,"cliver",0.000207681128900304
"5996",599.5,"Simu1","DIC",50,"cliver",0.000203455024786219
"5997",599.6,"Simu1","DIC",50,"cliver",0.000199433049533152
"5998",599.7,"Simu1","DIC",50,"cliver",0.000195659718230707
"5999",599.8,"Simu1","DIC",50,"cliver",0.000192102791344257
"6000",599.9,"Simu1","DIC",50,"cliver",0.000188743365215383
"6001",600,"Simu1","DIC",50,"cliver",0.000262824311230147
"6002",600.1,"Simu1","DIC",50,"cliver",0.279133183830954
"6003",600.2,"Simu1","DIC",50,"cliver",1.67436061112349
"6004",600.3,"Simu1","DIC",50,"cliver",3.44517651729148
"6005",600.4,"Simu1","DIC",50,"cliver",5.17363171238779
"6006",600.5,"Simu1","DIC",50,"cliver",6.7234461125338
"6007",600.6,"Simu1","DIC",50,"cliver",8.06088977960388
"6008",600.7,"Simu1","DIC",50,"cliver",9.18841000550555
"6009",600.8,"Simu1","DIC",50,"cliver",10.1203321614491
"6010",600.9,"Simu1","DIC",50,"cliver",10.8740534920732
"6011",601,"Simu1","DIC",50,"cliver",11.4669263400791
"6012",601.1,"Simu1","DIC",50,"cliver",11.915223313444
"6013",601.2,"Simu1","DIC",50,"cliver",12.2338577391025
"6014",601.3,"Simu1","DIC",50,"cliver",12.4363722495726
"6015",601.4,"Simu1","DIC",50,"cliver",12.5350177521851
"6016",601.5,"Simu1","DIC",50,"cliver",12.5408573947001
"6017",601.6,"Simu1","DIC",50,"cliver",12.4638729770597
"6018",601.7,"Simu1","DIC",50,"cliver",12.3130656034536
"6019",601.8,"Simu1","DIC",50,"cliver",12.0965488334526
"6020",601.9,"Simu1","DIC",50,"cliver",11.8216331350606
"6021",602,"Simu1","DIC",50,"cliver",11.4949025369148
"6022",602.1,"Simu1","DIC",50,"cliver",11.122285098086
"6023",602.2,"Simu1","DIC",50,"cliver",10.7091163399394
"6024",602.3,"Simu1","DIC",50,"cliver",10.2601960249736
"6025",602.4,"Simu1","DIC",50,"cliver",9.77983969566178
"6026",602.5,"Simu1","DIC",50,"cliver",9.27192580445402
"6027",602.6,"Simu1","DIC",50,"cliver",8.73993852860474
"6028",602.7,"Simu1","DIC",50,"cliver",8.18700636919353
"6029",602.8,"Simu1","DIC",50,"cliver",7.61593699523423
"6030",602.9,"Simu1","DIC",50,"cliver",7.02924891163524
"6031",603,"Simu1","DIC",50,"cliver",6.42920036740099
"6032",603.1,"Simu1","DIC",50,"cliver",5.81781579088579
"6033",603.2,"Simu1","DIC",50,"cliver",5.19691010893853
"6034",603.3,"Simu1","DIC",50,"cliver",4.56811151868831
"6035",603.4,"Simu1","DIC",50,"cliver",3.93288362504284
"6036",603.5,"Simu1","DIC",50,"cliver",3.29254865750872
"6037",603.6,"Simu1","DIC",50,"cliver",2.6483158569339
"6038",603.7,"Simu1","DIC",50,"cliver",2.00132733816683
"6039",603.8,"Simu1","DIC",50,"cliver",1.35275168736301
"6040",603.9,"Simu1","DIC",50,"cliver",0.70423487027759
"6041",604,"Simu1","DIC",50,"cliver",0.0648415845156079
"6042",604.1,"Simu1","DIC",50,"cliver",0.000865017893062504
"6043",604.2,"Simu1","DIC",50,"cliver",0.000804396362292589
"6044",604.3,"Simu1","DIC",50,"cliver",0.000749829268007346
"6045",604.4,"Simu1","DIC",50,"cliver",0.000700593341709213
"6046",604.5,"Simu1","DIC",50,"cliver",0.000656069930805743
"6047",604.6,"Simu1","DIC",50,"cliver",0.000615728279397184
"6048",604.7,"Simu1","DIC",50,"cliver",0.000579091393122163
"6049",604.8,"Simu1","DIC",50,"cliver",0.000545773736610821
"6050",604.9,"Simu1","DIC",50,"cliver",0.000515422754731864
"6051",605,"Simu1","DIC",50,"cliver",0.000487711763631554
"6052",605.1,"Simu1","DIC",50,"cliver",0.00046238791821556
"6053",605.2,"Simu1","DIC",50,"cliver",0.000439196895349697
"6054",605.3,"Simu1","DIC",50,"cliver",0.000417953241860686
"6055",605.4,"Simu1","DIC",50,"cliver",0.000398429114418378
"6056",605.5,"Simu1","DIC",50,"cliver",0.000380515872708134
"6057",605.6,"Simu1","DIC",50,"cliver",0.000363972322598025
"6058",605.7,"Simu1","DIC",50,"cliver",0.000348815033366726
"6059",605.8,"Simu1","DIC",50,"cliver",0.00033468220391046
"6060",605.9,"Simu1","DIC",50,"cliver",0.000322173524594462
"6061",606,"Simu1","DIC",50,"cliver",0.000309408004444486
"6062",606.1,"Simu1","DIC",50,"cliver",0.000298844978538697
"6063",606.2,"Simu1","DIC",50,"cliver",0.000288244339900074
"6064",606.3,"Simu1","DIC",50,"cliver",0.000278887860439653
"6065",606.4,"Simu1","DIC",50,"cliver",0.000269662077705036
"6066",606.5,"Simu1","DIC",50,"cliver",0.000261650486380544
"6067",606.6,"Simu1","DIC",50,"cliver",0.000253951812313521
"6068",606.7,"Simu1","DIC",50,"cliver",0.000246730699270416
"6069",606.8,"Simu1","DIC",50,"cliver",0.000240049737823566
"6070",606.9,"Simu1","DIC",50,"cliver",0.000233813684113696
"6071",607,"Simu1","DIC",50,"cliver",0.000227971018673534
"6072",607.1,"Simu1","DIC",50,"cliver",0.000222421157082228
"6073",607.2,"Simu1","DIC",50,"cliver",0.00021745073858502
"6074",607.3,"Simu1","DIC",50,"cliver",0.000212062562290427
"6075",607.4,"Simu1","DIC",50,"cliver",0.000207984594670851
"6076",607.5,"Simu1","DIC",50,"cliver",0.000203732432428614
"6077",607.6,"Simu1","DIC",50,"cliver",0.000199725867669922
"6078",607.7,"Simu1","DIC",50,"cliver",0.000195951598133401
"6079",607.8,"Simu1","DIC",50,"cliver",0.000192392586067295
"6080",607.9,"Simu1","DIC",50,"cliver",0.000189033190816223
"6081",608,"Simu1","DIC",50,"cliver",0.000263119900398037
"6082",608.1,"Simu1","DIC",50,"cliver",0.27915442951432
"6083",608.2,"Simu1","DIC",50,"cliver",1.6744252996953
"6084",608.3,"Simu1","DIC",50,"cliver",3.445284418974
"6085",608.4,"Simu1","DIC",50,"cliver",5.17378230343596
"6086",608.5,"Simu1","DIC",50,"cliver",6.72363882558815
"6087",608.6,"Simu1","DIC",50,"cliver",8.06112404633843
"6088",608.7,"Simu1","DIC",50,"cliver",9.18868526905267
"6089",608.8,"Simu1","DIC",50,"cliver",10.1206478806695
"6090",608.9,"Simu1","DIC",50,"cliver",10.8744091424214
"6091",609,"Simu1","DIC",50,"cliver",11.4673214135197
"6092",609.1,"Simu1","DIC",50,"cliver",11.9156573179927
"6093",609.2,"Simu1","DIC",50,"cliver",12.2343302004363
"6094",609.3,"Simu1","DIC",50,"cliver",12.4368827017194
"6095",609.4,"Simu1","DIC",50,"cliver",12.5355657486807
"6096",609.5,"Simu1","DIC",50,"cliver",12.5414425006625
"6097",609.6,"Simu1","DIC",50,"cliver",12.4644947734974
"6098",609.7,"Simu1","DIC",50,"cliver",12.3137236852191
"6099",609.8,"Simu1","DIC",50,"cliver",12.0972428034399
"6100",609.9,"Simu1","DIC",50,"cliver",11.8223626090168
"6101",610,"Simu1","DIC",50,"cliver",11.495667137021
"6102",610.1,"Simu1","DIC",50,"cliver",11.1230844578041
"6103",610.2,"Simu1","DIC",50,"cliver",10.709950100605
"6104",610.3,"Simu1","DIC",50,"cliver",10.2610638381848
"6105",610.4,"Simu1","DIC",50,"cliver",9.78074122379431
"6106",610.5,"Simu1","DIC",50,"cliver",9.27286071873181
"6107",610.6,"Simu1","DIC",50,"cliver",8.74090650698651
"6108",610.7,"Simu1","DIC",50,"cliver",8.18800709553482
"6109",610.8,"Simu1","DIC",50,"cliver",7.61697015916582
"6110",610.9,"Simu1","DIC",50,"cliver",7.03031420792125
"6111",611,"Simu1","DIC",50,"cliver",6.43029749430016
"6112",611.1,"Simu1","DIC",50,"cliver",5.81894444775745
"6113",611.2,"Simu1","DIC",50,"cliver",5.19806999303314
"6114",611.3,"Simu1","DIC",50,"cliver",4.56930231996605
"6115",611.4,"Simu1","DIC",50,"cliver",3.93410501624413
"6116",611.5,"Simu1","DIC",50,"cliver",3.29380027291567
"6117",611.6,"Simu1","DIC",50,"cliver",2.64959723946175
"6118",611.7,"Simu1","DIC",50,"cliver",2.00263776945563
"6119",611.8,"Simu1","DIC",50,"cliver",1.35409021774305
"6120",611.9,"Simu1","DIC",50,"cliver",0.705597910077142
"6121",612,"Simu1","DIC",50,"cliver",0.0661327039368587
"6122",612.1,"Simu1","DIC",50,"cliver",0.000865413332905655
"6123",612.2,"Simu1","DIC",50,"cliver",0.000804782567167383
"6124",612.3,"Simu1","DIC",50,"cliver",0.000750206837653288
"6125",612.4,"Simu1","DIC",50,"cliver",0.000700963409914163
"6126",612.5,"Simu1","DIC",50,"cliver",0.000656432688022776
"6127",612.6,"Simu1","DIC",50,"cliver",0.000616084648437131
"6128",612.7,"Simu1","DIC",50,"cliver",0.000579442583325335
"6129",612.8,"Simu1","DIC",50,"cliver",0.00054611866344112
"6130",612.9,"Simu1","DIC",50,"cliver",0.000515762675845696
"6131",613,"Simu1","DIC",50,"cliver",0.000488046962263934
"6132",613.1,"Simu1","DIC",50,"cliver",0.000462720038857473
"6133",613.2,"Simu1","DIC",50,"cliver",0.000439523498526042
"6134",613.3,"Simu1","DIC",50,"cliver",0.000418278961639275
"6135",613.4,"Simu1","DIC",50,"cliver",0.000398746292033122
"6136",613.5,"Simu1","DIC",50,"cliver",0.000380839608952691
"6137",613.6,"Simu1","DIC",50,"cliver",0.00036427470833311
"6138",613.7,"Simu1","DIC",50,"cliver",0.000349150718869209
"6139",613.8,"Simu1","DIC",50,"cliver",0.000334943671866847
"6140",613.9,"Simu1","DIC",50,"cliver",0.000322556780634469
"6141",614,"Simu1","DIC",50,"cliver",0.000309726806797584
"6142",614.1,"Simu1","DIC",50,"cliver",0.000299112315113513
"6143",614.2,"Simu1","DIC",50,"cliver",0.000288544251285526
"6144",614.3,"Simu1","DIC",50,"cliver",0.000279150843062943
"6145",614.4,"Simu1","DIC",50,"cliver",0.000270044965921625
"6146",614.5,"Simu1","DIC",50,"cliver",0.000262035384642968
"6147",614.6,"Simu1","DIC",50,"cliver",0.000254230110812942
"6148",614.7,"Simu1","DIC",50,"cliver",0.000247076847139251
"6149",614.8,"Simu1","DIC",50,"cliver",0.000240402861185056
"6150",614.9,"Simu1","DIC",50,"cliver",0.000234156930080856
"6151",615,"Simu1","DIC",50,"cliver",0.000228275875137836
"6152",615.1,"Simu1","DIC",50,"cliver",0.000222539097050796
"6153",615.2,"Simu1","DIC",50,"cliver",0.000217623996064182
"6154",615.3,"Simu1","DIC",50,"cliver",0.000212802721478115
"6155",615.4,"Simu1","DIC",50,"cliver",0.00020827366736625
"6156",615.5,"Simu1","DIC",50,"cliver",0.000204015572852098
"6157",615.6,"Simu1","DIC",50,"cliver",0.000200008148901234
"6158",615.7,"Simu1","DIC",50,"cliver",0.000196232968352149
"6159",615.8,"Simu1","DIC",50,"cliver",0.000192673062883589
"6160",615.9,"Simu1","DIC",50,"cliver",0.000189313099404631
"6161",616,"Simu1","DIC",50,"cliver",0.000263408197154337
"6162",616.1,"Simu1","DIC",50,"cliver",0.279174937906301
"6163",616.2,"Simu1","DIC",50,"cliver",1.67448730068447
"6164",616.3,"Simu1","DIC",50,"cliver",3.44538744977737
"6165",616.4,"Simu1","DIC",50,"cliver",5.17392580990623
"6166",616.5,"Simu1","DIC",50,"cliver",6.72382229252692
"6167",616.6,"Simu1","DIC",50,"cliver",8.06134698146279
"6168",616.7,"Simu1","DIC",50,"cliver",9.18894719562288
"6169",616.8,"Simu1","DIC",50,"cliver",10.1209483342745
"6170",616.9,"Simu1","DIC",50,"cliver",10.8747476700252
"6171",617,"Simu1","DIC",50,"cliver",11.4676975730149
"6172",617.1,"Simu1","DIC",50,"cliver",11.9160706779617
"6173",617.2,"Simu1","DIC",50,"cliver",12.234780337745
"6174",617.3,"Simu1","DIC",50,"cliver",12.4373692099929
"6175",617.4,"Simu1","DIC",50,"cliver",12.5360882262917
"6176",617.5,"Simu1","DIC",50,"cliver",12.5420005577911
"6177",617.6,"Simu1","DIC",50,"cliver",12.4650880269561
"6178",617.7,"Simu1","DIC",50,"cliver",12.3143517596283
"6179",617.8,"Simu1","DIC",50,"cliver",12.0979053361771
"6180",617.9,"Simu1","DIC",50,"cliver",11.8230592445332
"6181",618,"Simu1","DIC",50,"cliver",11.4963975324128
"6182",618.1,"Simu1","DIC",50,"cliver",11.1238482770817
"6183",618.2,"Simu1","DIC",50,"cliver",10.7107470172234
"6184",618.3,"Simu1","DIC",50,"cliver",10.2618935317718
"6185",618.4,"Simu1","DIC",50,"cliver",9.78160337872056
"6186",618.5,"Simu1","DIC",50,"cliver",9.2737550250375
"6187",618.6,"Simu1","DIC",50,"cliver",8.74183266135605
"6188",618.7,"Simu1","DIC",50,"cliver",8.18896480084737
"6189",618.8,"Simu1","DIC",50,"cliver",7.61795912309418
"6190",618.9,"Simu1","DIC",50,"cliver",7.0313341416385
"6191",619,"Simu1","DIC",50,"cliver",6.431348111482
"6192",619.1,"Simu1","DIC",50,"cliver",5.82002546315949
"6193",619.2,"Simu1","DIC",50,"cliver",5.19918111984122
"6194",619.3,"Simu1","DIC",50,"cliver",4.57044326527063
"6195",619.4,"Simu1","DIC",50,"cliver",3.93527547349474
"6196",619.5,"Simu1","DIC",50,"cliver",3.29499990848285
"6197",619.6,"Simu1","DIC",50,"cliver",2.65082566751756
"6198",619.7,"Simu1","DIC",50,"cliver",2.00389451199396
"6199",619.8,"Simu1","DIC",50,"cliver",1.35537404758555
"6200",619.9,"Simu1","DIC",50,"cliver",0.706905372700087
"6201",620,"Simu1","DIC",50,"cliver",0.0673731815864725
"6202",620.1,"Simu1","DIC",50,"cliver",0.000865794490480225
"6203",620.2,"Simu1","DIC",50,"cliver",0.000805154550708288
"6204",620.3,"Simu1","DIC",50,"cliver",0.000750570589835834
"6205",620.4,"Simu1","DIC",50,"cliver",0.000701319634012416
"6206",620.5,"Simu1","DIC",50,"cliver",0.000656782198192653
"6207",620.6,"Simu1","DIC",50,"cliver",0.00061642796219583
"6208",620.7,"Simu1","DIC",50,"cliver",0.000579780024676689
"6209",620.8,"Simu1","DIC",50,"cliver",0.000546451180188766
"6210",620.9,"Simu1","DIC",50,"cliver",0.000516090436522143
"6211",621,"Simu1","DIC",50,"cliver",0.000488370350313702
"6212",621.1,"Simu1","DIC",50,"cliver",0.000463039096857358
"6213",621.2,"Simu1","DIC",50,"cliver",0.00043983919898439
"6214",621.3,"Simu1","DIC",50,"cliver",0.000418590527950475
"6215",621.4,"Simu1","DIC",50,"cliver",0.00039905589305294
"6216",621.5,"Simu1","DIC",50,"cliver",0.000381143835187229
"6217",621.6,"Simu1","DIC",50,"cliver",0.000364580670026665
"6218",621.7,"Simu1","DIC",50,"cliver",0.000349445177887972
"6219",621.8,"Simu1","DIC",50,"cliver",0.000335253453426024
"6220",621.9,"Simu1","DIC",50,"cliver",0.000322836885563424
"6221",622,"Simu1","DIC",50,"cliver",0.000310009845055862
"6222",622.1,"Simu1","DIC",50,"cliver",0.000299416641156632
"6223",622.2,"Simu1","DIC",50,"cliver",0.000288828351376032
"6224",622.3,"Simu1","DIC",50,"cliver",0.000279446396317134
"6225",622.4,"Simu1","DIC",50,"cliver",0.000270317553336024
"6226",622.5,"Simu1","DIC",50,"cliver",0.000262338843503709
"6227",622.6,"Simu1","DIC",50,"cliver",0.000254498369638268
"6228",622.7,"Simu1","DIC",50,"cliver",0.000247361791269807
"6229",622.8,"Simu1","DIC",50,"cliver",0.000240662068255627
"6230",622.9,"Simu1","DIC",50,"cliver",0.00023437653961782
"6231",623,"Simu1","DIC",50,"cliver",0.000228553211311721
"6232",623.1,"Simu1","DIC",50,"cliver",0.000223107060127611
"6233",623.2,"Simu1","DIC",50,"cliver",0.000217887455710825
"6234",623.3,"Simu1","DIC",50,"cliver",0.000213135697741343
"6235",623.4,"Simu1","DIC",50,"cliver",0.0002085418517188
"6236",623.5,"Simu1","DIC",50,"cliver",0.000204287879207176
"6237",623.6,"Simu1","DIC",50,"cliver",0.000200279474509193
"6238",623.7,"Simu1","DIC",50,"cliver",0.00019650343039461
"6239",623.8,"Simu1","DIC",50,"cliver",0.000192942734846978
"6240",623.9,"Simu1","DIC",50,"cliver",0.000189581725961723
"6241",624,"Simu1","DIC",50,"cliver",0.000263682363042146
"6242",624.1,"Simu1","DIC",50,"cliver",0.27919464491162
"6243",624.2,"Simu1","DIC",50,"cliver",1.67454722940232
"6244",624.3,"Simu1","DIC",50,"cliver",3.44548734416923
"6245",624.4,"Simu1","DIC",50,"cliver",5.17406517617141
"6246",624.5,"Simu1","DIC",50,"cliver",6.72400061318351
"6247",624.6,"Simu1","DIC",50,"cliver",8.06156374279392
"6248",624.7,"Simu1","DIC",50,"cliver",9.18920189526404
"6249",624.8,"Simu1","DIC",50,"cliver",10.1212404835483
"6250",624.9,"Simu1","DIC",50,"cliver",10.8750767944812
"6251",625,"Simu1","DIC",50,"cliver",11.4680632122856
"6252",625.1,"Simu1","DIC",50,"cliver",11.9164723855259
"6253",625.2,"Simu1","DIC",50,"cliver",12.2352176825917
"6254",625.3,"Simu1","DIC",50,"cliver",12.4378417674151
"6255",625.4,"Simu1","DIC",50,"cliver",12.5365955892775
"6256",625.5,"Simu1","DIC",50,"cliver",12.5425423291252
"6257",625.6,"Simu1","DIC",50,"cliver",12.4656638238052
"6258",625.7,"Simu1","DIC",50,"cliver",12.314961211187
"6259",625.8,"Simu1","DIC",50,"cliver",12.0985480785049
"6260",625.9,"Simu1","DIC",50,"cliver",11.8237349249533
"6261",626,"Simu1","DIC",50,"cliver",11.4971058039796
"6262",626.1,"Simu1","DIC",50,"cliver",11.1245888027721
"6263",626.2,"Simu1","DIC",50,"cliver",10.7115194668851
"6264",626.3,"Simu1","DIC",50,"cliver",10.2626975845045
"6265",626.4,"Simu1","DIC",50,"cliver",9.78243872341196
"6266",626.5,"Simu1","DIC",50,"cliver",9.27462135853947
"6267",626.6,"Simu1","DIC",50,"cliver",8.74272968651005
"6268",626.7,"Simu1","DIC",50,"cliver",8.18989222574164
"6269",626.8,"Simu1","DIC",50,"cliver",7.61891666099263
"6270",626.9,"Simu1","DIC",50,"cliver",7.03232151040778
"6271",627,"Simu1","DIC",50,"cliver",6.43236503208533
"6272",627.1,"Simu1","DIC",50,"cliver",5.82107165745483
"6273",627.2,"Simu1","DIC",50,"cliver",5.20025630762806
"6274",627.3,"Simu1","DIC",50,"cliver",4.5715471595117
"6275",627.4,"Simu1","DIC",50,"cliver",3.93640777114958
"6276",627.5,"Simu1","DIC",50,"cliver",3.29616027090489
"6277",627.6,"Simu1","DIC",50,"cliver",2.65201367166083
"6278",627.7,"Simu1","DIC",50,"cliver",2.00510949396836
"6279",627.8,"Simu1","DIC",50,"cliver",1.35661512783198
"6280",627.9,"Simu1","DIC",50,"cliver",0.70816924562008
"6281",628,"Simu1","DIC",50,"cliver",0.0685739205455455
"6282",628.1,"Simu1","DIC",50,"cliver",0.00086616212428336
"6283",628.2,"Simu1","DIC",50,"cliver",0.000805513231019304
"6284",628.3,"Simu1","DIC",50,"cliver",0.000750921355383679
"6285",628.4,"Simu1","DIC",50,"cliver",0.000701663062697559
"6286",628.5,"Simu1","DIC",50,"cliver",0.000657119192485916
"6287",628.6,"Simu1","DIC",50,"cliver",0.000616758965115058
"6288",628.7,"Simu1","DIC",50,"cliver",0.000580105209280505
"6289",628.8,"Simu1","DIC",50,"cliver",0.000546771780181311
"6290",628.9,"Simu1","DIC",50,"cliver",0.000516406471666818
"6291",629,"Simu1","DIC",50,"cliver",0.000488682218611613
"6292",629.1,"Simu1","DIC",50,"cliver",0.000463346508205282
"6293",629.2,"Simu1","DIC",50,"cliver",0.000440143739611701
"6294",629.3,"Simu1","DIC",50,"cliver",0.000418890433392191
"6295",629.4,"Simu1","DIC",50,"cliver",0.000399355106147458
"6296",629.5,"Simu1","DIC",50,"cliver",0.000381435625854134
"6297",629.6,"Simu1","DIC",50,"cliver",0.000364878368702454
"6298",629.7,"Simu1","DIC",50,"cliver",0.000349723538956678
"6299",629.8,"Simu1","DIC",50,"cliver",0.000335562918169186
"6300",629.9,"Simu1","DIC",50,"cliver",0.000323087587823079
"6301",630,"Simu1","DIC",50,"cliver",0.000310283276914864
"6302",630.1,"Simu1","DIC",50,"cliver",0.000299714569647868
"6303",630.2,"Simu1","DIC",50,"cliver",0.000289105277628236
"6304",630.3,"Simu1","DIC",50,"cliver",0.000279738486772038
"6305",630.4,"Simu1","DIC",50,"cliver",0.000270563562995969
"6306",630.5,"Simu1","DIC",50,"cliver",0.000262663382814337
"6307",630.6,"Simu1","DIC",50,"cliver",0.000254719348567455
"6308",630.7,"Simu1","DIC",50,"cliver",0.000247618728945469
"6309",630.8,"Simu1","DIC",50,"cliver",0.000240971533280837
"6310",630.9,"Simu1","DIC",50,"cliver",0.000234577456497645
"6311",631,"Simu1","DIC",50,"cliver",0.000228894089273862
"6312",631.1,"Simu1","DIC",50,"cliver",0.00022324409814867
"6313",631.2,"Simu1","DIC",50,"cliver",0.000218164575020394
"6314",631.3,"Simu1","DIC",50,"cliver",0.000213014572420309
"6315",631.4,"Simu1","DIC",50,"cliver",0.000208958334504689
"6316",631.5,"Simu1","DIC",50,"cliver",0.000204672379782855
"6317",631.6,"Simu1","DIC",50,"cliver",0.000200537491719298
"6318",631.7,"Simu1","DIC",50,"cliver",0.000196753897768595
"6319",631.8,"Simu1","DIC",50,"cliver",0.000193120825865834
"6320",631.9,"Simu1","DIC",50,"cliver",0.000189848864538835
"6321",632,"Simu1","DIC",50,"cliver",0.000263949162822925
"6322",632.1,"Simu1","DIC",50,"cliver",0.279213719941414
"6323",632.2,"Simu1","DIC",50,"cliver",1.6746051668037
"6324",632.3,"Simu1","DIC",50,"cliver",3.44558386238939
"6325",632.4,"Simu1","DIC",50,"cliver",5.17419978564786
"6326",632.5,"Simu1","DIC",50,"cliver",6.72417280727554
"6327",632.6,"Simu1","DIC",50,"cliver",8.06177302096783
"6328",632.7,"Simu1","DIC",50,"cliver",9.18944776898112
"6329",632.8,"Simu1","DIC",50,"cliver",10.1215224781999
"6330",632.9,"Simu1","DIC",50,"cliver",10.8753944495682
"6331",633,"Simu1","DIC",50,"cliver",11.4684160812157
"6332",633.1,"Simu1","DIC",50,"cliver",11.9168600349815
"6333",633.2,"Simu1","DIC",50,"cliver",12.2356396900293
"6334",633.3,"Simu1","DIC",50,"cliver",12.4382977293105
"6335",633.4,"Simu1","DIC",50,"cliver",12.5370851087065
"6336",633.5,"Simu1","DIC",50,"cliver",12.5430650227437
"6337",633.6,"Simu1","DIC",50,"cliver",12.4662193161796
"6338",633.7,"Simu1","DIC",50,"cliver",12.3155491365543
"6339",633.8,"Simu1","DIC",50,"cliver",12.0991680845666
"6340",633.9,"Simu1","DIC",50,"cliver",11.8243866679449
"6341",634,"Simu1","DIC",50,"cliver",11.4977889525969
"6342",634.1,"Simu1","DIC",50,"cliver",11.1253030338638
"6343",634.2,"Simu1","DIC",50,"cliver",10.7122644673836
"6344",634.3,"Simu1","DIC",50,"cliver",10.2634730480774
"6345",634.4,"Simu1","DIC",50,"cliver",9.7832443489585
"6346",634.5,"Simu1","DIC",50,"cliver",9.27545685103295
"6347",634.6,"Simu1","DIC",50,"cliver",8.74359475790265
"6348",634.7,"Simu1","DIC",50,"cliver",8.19078659447148
"6349",634.8,"Simu1","DIC",50,"cliver",7.61984005057305
"6350",634.9,"Simu1","DIC",50,"cliver",7.03327364814049
"6351",635,"Simu1","DIC",50,"cliver",6.4333456480807
"6352",635.1,"Simu1","DIC",50,"cliver",5.82208048327128
"6353",635.2,"Simu1","DIC",50,"cliver",5.20129307374821
"6354",635.3,"Simu1","DIC",50,"cliver",4.57261159105412
"6355",635.4,"Simu1","DIC",50,"cliver",3.93749958072925
"6356",635.5,"Simu1","DIC",50,"cliver",3.29727914585425
"6357",635.6,"Simu1","DIC",50,"cliver",2.65315924972016
"6358",635.7,"Simu1","DIC",50,"cliver",2.00628132155042
"6359",635.8,"Simu1","DIC",50,"cliver",1.35781207594468
"6360",635.9,"Simu1","DIC",50,"cliver",0.709388113468958
"6361",636,"Simu1","DIC",50,"cliver",0.0697333673584797
"6362",636.1,"Simu1","DIC",50,"cliver",0.00086651618593545
"6363",636.2,"Simu1","DIC",50,"cliver",0.000805858880548711
"6364",636.3,"Simu1","DIC",50,"cliver",0.000751259322562665
"6365",636.4,"Simu1","DIC",50,"cliver",0.000701994121986211
"6366",636.5,"Simu1","DIC",50,"cliver",0.000657443893590766
"6367",636.6,"Simu1","DIC",50,"cliver",0.000617077919144191
"6368",636.7,"Simu1","DIC",50,"cliver",0.000580418993650545
"6369",636.8,"Simu1","DIC",50,"cliver",0.000547080603297658
"6370",636.9,"Simu1","DIC",50,"cliver",0.000516710867400992
"6371",637,"Simu1","DIC",50,"cliver",0.000488982497655663
"6372",637.1,"Simu1","DIC",50,"cliver",0.000463643177303865
"6373",637.2,"Simu1","DIC",50,"cliver",0.000440436665583688
"6374",637.3,"Simu1","DIC",50,"cliver",0.000419180537629056
"6375",637.4,"Simu1","DIC",50,"cliver",0.000399641420047373
"6376",637.5,"Simu1","DIC",50,"cliver",0.000381720608511616
"6377",637.6,"Simu1","DIC",50,"cliver",0.000365157957468058
"6378",637.7,"Simu1","DIC",50,"cliver",0.000350006133559279
"6379",637.8,"Simu1","DIC",50,"cliver",0.000335832424165813
"6380",637.9,"Simu1","DIC",50,"cliver",0.000323374445367635
"6381",638,"Simu1","DIC",50,"cliver",0.000310556506528813
"6382",638.1,"Simu1","DIC",50,"cliver",0.000299980923744657
"6383",638.2,"Simu1","DIC",50,"cliver",0.00028937288132678
"6384",638.3,"Simu1","DIC",50,"cliver",0.000280000279156139
"6385",638.4,"Simu1","DIC",50,"cliver",0.000270840834269696
"6386",638.5,"Simu1","DIC",50,"cliver",0.000262906517598672
"6387",638.6,"Simu1","DIC",50,"cliver",0.000255002813051
"6388",638.7,"Simu1","DIC",50,"cliver",0.000247889966799212
"6389",638.8,"Simu1","DIC",50,"cliver",0.000241217966726004
"6390",638.9,"Simu1","DIC",50,"cliver",0.000234877782322159
"6391",639,"Simu1","DIC",50,"cliver",0.000229111172090681
"6392",639.1,"Simu1","DIC",50,"cliver",0.000223569047219932
"6393",639.2,"Simu1","DIC",50,"cliver",0.000218363052087919
"6394",639.3,"Simu1","DIC",50,"cliver",0.00021369886771567
"6395",639.4,"Simu1","DIC",50,"cliver",0.000208927853178393
"6396",639.5,"Simu1","DIC",50,"cliver",0.000204892209985829
"6397",639.6,"Simu1","DIC",50,"cliver",0.000200787320197578
"6398",639.7,"Simu1","DIC",50,"cliver",0.00019701597680652
"6399",639.8,"Simu1","DIC",50,"cliver",0.000193453612834831
"6400",639.9,"Simu1","DIC",50,"cliver",0.00019009138184679
"6401",640,"Simu1","DIC",50,"cliver",0.00026420588706009
"6402",640.1,"Simu1","DIC",50,"cliver",0.279230228741606
"6403",640.2,"Simu1","DIC",50,"cliver",1.67465312953318
"6404",640.3,"Simu1","DIC",50,"cliver",3.44566224056314
"6405",640.4,"Simu1","DIC",50,"cliver",5.17430997119431
"6406",640.5,"Simu1","DIC",50,"cliver",6.72431513229202
"6407",640.6,"Simu1","DIC",50,"cliver",8.0619471454654
"6408",640.7,"Simu1","DIC",50,"cliver",9.18965354592468
"6409",640.8,"Simu1","DIC",50,"cliver",10.121759770366
"6410",640.9,"Simu1","DIC",50,"cliver",10.8756627585601
"6411",641,"Simu1","DIC",50,"cliver",11.4687154030308
"6412",641.1,"Simu1","DIC",50,"cliver",11.9171909720408
"6413",641.2,"Simu1","DIC",50,"cliver",12.2360019379498
"6414",641.3,"Simu1","DIC",50,"cliver",12.4386912913189
"6415",641.4,"Simu1","DIC",50,"cliver",12.5375099152702
"6416",641.5,"Simu1","DIC",50,"cliver",12.5435211933498
"6417",641.6,"Simu1","DIC",50,"cliver",12.4667068901218
"6418",641.7,"Simu1","DIC",50,"cliver",12.3160689223122
"6419",641.8,"Simu1","DIC",50,"cliver",12.0997199488218
"6420",641.9,"Simu1","DIC",50,"cliver",11.8249704930598
"6421",642,"Simu1","DIC",50,"cliver",11.4984060735838
"6422",642.1,"Simu1","DIC",50,"cliver",11.1259534284992
"6423",642.2,"Simu1","DIC",50,"cliver",10.7129476691234
"6424",642.3,"Simu1","DIC",50,"cliver",10.2641872810059
"6425",642.4,"Simu1","DIC",50,"cliver",9.7839857372912
"6426",642.5,"Simu1","DIC",50,"cliver",9.27622317002574
"6427",642.6,"Simu1","DIC",50,"cliver",8.74438740236258
"6428",642.7,"Simu1","DIC",50,"cliver",8.1916071360112
"6429",642.8,"Simu1","DIC",50,"cliver",7.62068799980997
"6430",642.9,"Simu1","DIC",50,"cliver",7.03414799114409
"6431",643,"Simu1","DIC",50,"cliver",6.43424604120983
"6432",643.1,"Simu1","DIC",50,"cliver",5.82300716951163
"6433",643.2,"Simu1","DIC",50,"cliver",5.20224619619951
"6434",643.3,"Simu1","DIC",50,"cliver",4.57359093492492
"6435",643.4,"Simu1","DIC",50,"cliver",3.93850481052556
"6436",643.5,"Simu1","DIC",50,"cliver",3.29831005077948
"6437",643.6,"Simu1","DIC",50,"cliver",2.65421578974829
"6438",643.7,"Simu1","DIC",50,"cliver",2.00736124267356
"6439",643.8,"Simu1","DIC",50,"cliver",1.35891915765884
"6440",643.9,"Simu1","DIC",50,"cliver",0.710516475013807
"6441",644,"Simu1","DIC",50,"cliver",0.0708057823189122
"6442",644.1,"Simu1","DIC",50,"cliver",0.000866852252207489
"6443",644.2,"Simu1","DIC",50,"cliver",0.000806187104696053
"6444",644.3,"Simu1","DIC",50,"cliver",0.000751580588568446
"6445",644.4,"Simu1","DIC",50,"cliver",0.000702308990662943
"6446",644.5,"Simu1","DIC",50,"cliver",0.000657753063336142
"6447",644.6,"Simu1","DIC",50,"cliver",0.000617381821776633
"6448",644.7,"Simu1","DIC",50,"cliver",0.000580717919743686
"6449",644.8,"Simu1","DIC",50,"cliver",0.000547375311780595
"6450",644.9,"Simu1","DIC",50,"cliver",0.0005170015369654
"6451",645,"Simu1","DIC",50,"cliver",0.000489269473702561
"6452",645.1,"Simu1","DIC",50,"cliver",0.000463926385260021
"6453",645.2,"Simu1","DIC",50,"cliver",0.000440717088542411
"6454",645.3,"Simu1","DIC",50,"cliver",0.000419457272192531
"6455",645.4,"Simu1","DIC",50,"cliver",0.000399916740600501
"6456",645.5,"Simu1","DIC",50,"cliver",0.000381990856120933
"6457",645.6,"Simu1","DIC",50,"cliver",0.000365430552218135
"6458",645.7,"Simu1","DIC",50,"cliver",0.000350267250919093
"6459",645.8,"Simu1","DIC",50,"cliver",0.000336109773842739
"6460",645.9,"Simu1","DIC",50,"cliver",0.000323618289187249
"6461",646,"Simu1","DIC",50,"cliver",0.000310813966988181
"6462",646.1,"Simu1","DIC",50,"cliver",0.000300248226583941
"6463",646.2,"Simu1","DIC",50,"cliver",0.000289630503270197
"6464",646.3,"Simu1","DIC",50,"cliver",0.000280263813937904
"6465",646.4,"Simu1","DIC",50,"cliver",0.000271081050963054
"6466",646.5,"Simu1","DIC",50,"cliver",0.00026318652944114
"6467",646.6,"Simu1","DIC",50,"cliver",0.00025522796283661
"6468",646.7,"Simu1","DIC",50,"cliver",0.000248131081066491
"6469",646.8,"Simu1","DIC",50,"cliver",0.000241479634331937
"6470",646.9,"Simu1","DIC",50,"cliver",0.000235075926924885
"6471",647,"Simu1","DIC",50,"cliver",0.000229408716386624
"6472",647.1,"Simu1","DIC",50,"cliver",0.000223736558222578
"6473",647.2,"Simu1","DIC",50,"cliver",0.000218641301318273
"6474",647.3,"Simu1","DIC",50,"cliver",0.000213385009847332
"6475",647.4,"Simu1","DIC",50,"cliver",0.000209305654893178
"6476",647.5,"Simu1","DIC",50,"cliver",0.000205047304084224
"6477",647.6,"Simu1","DIC",50,"cliver",0.000201038530922937
"6478",647.7,"Simu1","DIC",50,"cliver",0.000197261006797512
"6479",647.8,"Simu1","DIC",50,"cliver",0.000193695294603214
"6480",647.9,"Simu1","DIC",50,"cliver",0.00019033157074562
"6481",648,"Simu1","DIC",50,"cliver",0.000264451034261671
"6482",648.1,"Simu1","DIC",50,"cliver",0.279249296854151
"6483",648.2,"Simu1","DIC",50,"cliver",1.6747116372505
"6484",648.3,"Simu1","DIC",50,"cliver",3.44576336849231
"6485",648.4,"Simu1","DIC",50,"cliver",5.17445127992189
"6486",648.5,"Simu1","DIC",50,"cliver",6.72449490544687
"6487",648.6,"Simu1","DIC",50,"cliver",8.06216461073472
"6488",648.7,"Simu1","DIC",50,"cliver",9.18990791888961
"6489",648.8,"Simu1","DIC",50,"cliver",10.1220503572164
"6490",648.9,"Simu1","DIC",50,"cliver",10.875989216849
"6491",649,"Simu1","DIC",50,"cliver",11.469076958011
"6492",649.1,"Simu1","DIC",50,"cliver",11.9175862597449
"6493",649.2,"Simu1","DIC",50,"cliver",12.2364304988834
"6494",649.3,"Simu1","DIC",50,"cliver",12.4391524092086
"6495",649.4,"Simu1","DIC",50,"cliver",12.5380029539217
"6496",649.5,"Simu1","DIC",50,"cliver",12.5440453439886
"6497",649.6,"Simu1","DIC",50,"cliver",12.4672614382574
"6498",649.7,"Simu1","DIC",50,"cliver",12.3166524240065
"6499",649.8,"Simu1","DIC",50,"cliver",12.1003318913404
"6500",649.9,"Simu1","DIC",50,"cliver",11.8256103396137
"6501",650,"Simu1","DIC",50,"cliver",11.4990718534263
"6502",650.1,"Simu1","DIC",50,"cliver",11.1266446357221
"6503",650.2,"Simu1","DIC",50,"cliver",10.7136642667395
"6504",650.3,"Simu1","DIC",50,"cliver",10.2649304818851
"6505",650.4,"Simu1","DIC",50,"cliver",9.78475881218768
"6506",650.5,"Simu1","DIC",50,"cliver",9.27702775634706
"6507",650.6,"Simu1","DIC",50,"cliver",8.74522153659588
"6508",650.7,"Simu1","DIC",50,"cliver",8.19246871679172
"6509",650.8,"Simu1","DIC",50,"cliver",7.62157701040224
"6510",650.9,"Simu1","DIC",50,"cliver",7.03506494464977
"6511",651,"Simu1","DIC",50,"cliver",6.43519077966898
"6512",651.1,"Simu1","DIC",50,"cliver",5.82397894921053
"6513",651.2,"Simu1","DIC",50,"cliver",5.20324437282576
"6514",651.3,"Simu1","DIC",50,"cliver",4.57461521333208
"6515",651.4,"Simu1","DIC",50,"cliver",3.939554993862
"6516",651.5,"Simu1","DIC",50,"cliver",3.29938577683219
"6517",651.6,"Simu1","DIC",50,"cliver",2.65531647127999
"6518",651.7,"Simu1","DIC",50,"cliver",2.0084870109931
"6519",651.8,"Simu1","DIC",50,"cliver",1.36006867660993
"6520",651.9,"Simu1","DIC",50,"cliver",0.711686468336277
"6521",652,"Simu1","DIC",50,"cliver",0.0719210797523296
"6522",652.1,"Simu1","DIC",50,"cliver",0.000867185524577303
"6523",652.2,"Simu1","DIC",50,"cliver",0.000806512223058908
"6524",652.3,"Simu1","DIC",50,"cliver",0.000751898308466126
"6525",652.4,"Simu1","DIC",50,"cliver",0.000702619695154753
"6526",652.5,"Simu1","DIC",50,"cliver",0.000658057835508379
"6527",652.6,"Simu1","DIC",50,"cliver",0.000617680948199635
"6528",652.7,"Simu1","DIC",50,"cliver",0.000581011395725101
"6529",652.8,"Simu1","DIC",50,"cliver",0.000547664734880517
"6530",652.9,"Simu1","DIC",50,"cliver",0.000517286752458288
"6531",653,"Simu1","DIC",50,"cliver",0.000489551069940698
"6532",653.1,"Simu1","DIC",50,"cliver",0.000464202915755053
"6533",653.2,"Simu1","DIC",50,"cliver",0.000440992120829134
"6534",653.3,"Simu1","DIC",50,"cliver",0.000419725940408374
"6535",653.4,"Simu1","DIC",50,"cliver",0.000400188468574826
"6536",653.5,"Simu1","DIC",50,"cliver",0.000382248940640511
"6537",653.6,"Simu1","DIC",50,"cliver",0.000365706680791822
"6538",653.7,"Simu1","DIC",50,"cliver",0.000350501349935683
"6539",653.8,"Simu1","DIC",50,"cliver",0.000336419751555875
"6540",653.9,"Simu1","DIC",50,"cliver",0.000323776371652419
"6541",654,"Simu1","DIC",50,"cliver",0.000311084838158348
"6542",654.1,"Simu1","DIC",50,"cliver",0.000300513211026177
"6543",654.2,"Simu1","DIC",50,"cliver",0.000289904681644126
"6544",654.3,"Simu1","DIC",50,"cliver",0.000280547719969923
"6545",654.4,"Simu1","DIC",50,"cliver",0.000271272654947309
"6546",654.5,"Simu1","DIC",50,"cliver",0.000263304266174755
"6547",654.6,"Simu1","DIC",50,"cliver",0.000255393317095177
"6548",654.7,"Simu1","DIC",50,"cliver",0.000248458949388114
"6549",654.8,"Simu1","DIC",50,"cliver",0.000241654546124422
"6550",654.9,"Simu1","DIC",50,"cliver",0.000235411355189892
"6551",655,"Simu1","DIC",50,"cliver",0.000229580471755164
"6552",655.1,"Simu1","DIC",50,"cliver",0.00022414036498898
"6553",655.2,"Simu1","DIC",50,"cliver",0.000218881709468699
"6554",655.3,"Simu1","DIC",50,"cliver",0.000214081598259841
"6555",655.4,"Simu1","DIC",50,"cliver",0.000209544900296325
"6556",655.5,"Simu1","DIC",50,"cliver",0.00020528255781832
"6557",655.6,"Simu1","DIC",50,"cliver",0.000201274445027153
"6558",655.7,"Simu1","DIC",50,"cliver",0.000197490731041417
"6559",655.8,"Simu1","DIC",50,"cliver",0.000193928069170645
"6560",655.9,"Simu1","DIC",50,"cliver",0.000190564217985782
"6561",656,"Simu1","DIC",50,"cliver",0.000264689525256609
"6562",656.1,"Simu1","DIC",50,"cliver",0.279266336732854
"6563",656.2,"Simu1","DIC",50,"cliver",1.67476335072217
"6564",656.3,"Simu1","DIC",50,"cliver",3.44584945240512
"6565",656.4,"Simu1","DIC",50,"cliver",5.17457130865585
"6566",656.5,"Simu1","DIC",50,"cliver",6.72464843337763
"6567",656.6,"Simu1","DIC",50,"cliver",8.062351200266
"6568",656.7,"Simu1","DIC",50,"cliver",9.19012714495393
"6569",656.8,"Simu1","DIC",50,"cliver",10.122301806191
"6570",656.9,"Simu1","DIC",50,"cliver",10.876272487271
"6571",657,"Simu1","DIC",50,"cliver",11.4693916594397
"6572",657.1,"Simu1","DIC",50,"cliver",11.9179320134843
"6573",657.2,"Simu1","DIC",50,"cliver",12.2368069367037
"6574",657.3,"Simu1","DIC",50,"cliver",12.4395591730169
"6575",657.4,"Simu1","DIC",50,"cliver",12.5384396960839
"6576",657.5,"Simu1","DIC",50,"cliver",12.5445117262108
"6577",657.6,"Simu1","DIC",50,"cliver",12.4677571321926
"6578",657.7,"Simu1","DIC",50,"cliver",12.3171771083486
"6579",657.8,"Simu1","DIC",50,"cliver",12.1008852557401
"6580",657.9,"Simu1","DIC",50,"cliver",11.8261920836812
"6581",658,"Simu1","DIC",50,"cliver",11.4996816839947
"6582",658.1,"Simu1","DIC",50,"cliver",11.1272822596687
"6583",658.2,"Simu1","DIC",50,"cliver",10.7143293971735
"6584",658.3,"Simu1","DIC",50,"cliver",10.2656228445943
"6585",658.4,"Simu1","DIC",50,"cliver",9.78547814358894
"6586",658.5,"Simu1","DIC",50,"cliver",9.2777737988547
"6587",658.6,"Simu1","DIC",50,"cliver",8.74599403648224
"6588",658.7,"Simu1","DIC",50,"cliver",8.19326742284929
"6589",658.8,"Simu1","DIC",50,"cliver",7.62240167530242
"6590",658.9,"Simu1","DIC",50,"cliver",7.03591532530541
"6591",659,"Simu1","DIC",50,"cliver",6.43606663586269
"6592",659.1,"Simu1","DIC",50,"cliver",5.82488004142987
"6593",659.2,"Simu1","DIC",50,"cliver",5.20417045977417
"6594",659.3,"Simu1","DIC",50,"cliver",4.57556604814987
"6595",659.4,"Simu1","DIC",50,"cliver",3.940530316851
"6596",659.5,"Simu1","DIC",50,"cliver",3.30038530021605
"6597",659.6,"Simu1","DIC",50,"cliver",2.65633984301912
"6598",659.7,"Simu1","DIC",50,"cliver",2.00953380930818
"6599",659.8,"Simu1","DIC",50,"cliver",1.36113803115672
"6600",659.9,"Simu1","DIC",50,"cliver",0.712775465892515
"6601",660,"Simu1","DIC",50,"cliver",0.0729606380276132
"6602",660.1,"Simu1","DIC",50,"cliver",0.000867502344696557
"6603",660.2,"Simu1","DIC",50,"cliver",0.000806821449310028
"6604",660.3,"Simu1","DIC",50,"cliver",0.000752200672092602
"6605",660.4,"Simu1","DIC",50,"cliver",0.000702915847788354
"6606",660.5,"Simu1","DIC",50,"cliver",0.000658348329129729
"6607",660.6,"Simu1","DIC",50,"cliver",0.000617966295508711
"6608",660.7,"Simu1","DIC",50,"cliver",0.000581292036145829
"6609",660.8,"Simu1","DIC",50,"cliver",0.000547941037683608
"6610",660.9,"Simu1","DIC",50,"cliver",0.000517559099724918
"6611",661,"Simu1","DIC",50,"cliver",0.000489819752398372
"6612",661.1,"Simu1","DIC",50,"cliver",0.000464468238707875
"6613",661.2,"Simu1","DIC",50,"cliver",0.000441254278883581
"6614",661.3,"Simu1","DIC",50,"cliver",0.000419985263196915
"6615",661.4,"Simu1","DIC",50,"cliver",0.000400444989737134
"6616",661.5,"Simu1","DIC",50,"cliver",0.000382503169915188
"6617",661.6,"Simu1","DIC",50,"cliver",0.000365958181128128
"6618",661.7,"Simu1","DIC",50,"cliver",0.000350751441861716
"6619",661.8,"Simu1","DIC",50,"cliver",0.000336666292788416
"6620",661.9,"Simu1","DIC",50,"cliver",0.000324024433145709
"6621",662,"Simu1","DIC",50,"cliver",0.000311327358032441
"6622",662.1,"Simu1","DIC",50,"cliver",0.000300755531892819
"6623",662.2,"Simu1","DIC",50,"cliver",0.000290144061602399
"6624",662.3,"Simu1","DIC",50,"cliver",0.000280785703938622
"6625",662.4,"Simu1","DIC",50,"cliver",0.000271510082819738
"6626",662.5,"Simu1","DIC",50,"cliver",0.00026353898423669
"6627",662.6,"Simu1","DIC",50,"cliver",0.000255634807417223
"6628",662.7,"Simu1","DIC",50,"cliver",0.000248681144284232
"6629",662.8,"Simu1","DIC",50,"cliver",0.000241891666325729
"6630",662.9,"Simu1","DIC",50,"cliver",0.000235636220981945
"6631",663,"Simu1","DIC",50,"cliver",0.000229789029486861
"6632",663.1,"Simu1","DIC",50,"cliver",0.000224347069522734
"6633",663.2,"Simu1","DIC",50,"cliver",0.000219069916668162
"6634",663.3,"Simu1","DIC",50,"cliver",0.000214721399396785
"6635",663.4,"Simu1","DIC",50,"cliver",0.00020976617567675
"6636",663.5,"Simu1","DIC",50,"cliver",0.000205509262934664
"6637",663.6,"Simu1","DIC",50,"cliver",0.000201496647730511
"6638",663.7,"Simu1","DIC",50,"cliver",0.000197716720618896
"6639",663.8,"Simu1","DIC",50,"cliver",0.000194152327541713
"6640",663.9,"Simu1","DIC",50,"cliver",0.000190787931550577
"6641",664,"Simu1","DIC",50,"cliver",0.000264919034042175
"6642",664.1,"Simu1","DIC",50,"cliver",0.279282392984388
"6643",664.2,"Simu1","DIC",50,"cliver",1.67481231889783
"6644",664.3,"Simu1","DIC",50,"cliver",3.44592738387048
"6645",664.4,"Simu1","DIC",50,"cliver",5.17467905671457
"6646",664.5,"Simu1","DIC",50,"cliver",6.72478669598992
"6647",664.6,"Simu1","DIC",50,"cliver",8.06251973969618
"6648",664.7,"Simu1","DIC",50,"cliver",9.19032565469076
"6649",664.8,"Simu1","DIC",50,"cliver",10.1225299360208
"6650",664.9,"Simu1","DIC",50,"cliver",10.8765297111705
"6651",665,"Simu1","DIC",50,"cliver",11.4696780315387
"6652",665.1,"Simu1","DIC",50,"cliver",11.9182460983617
"6653",665.2,"Simu1","DIC",50,"cliver",12.2371489348723
"6654",665.3,"Simu1","DIC",50,"cliver",12.4399306309863
"6655",665.4,"Simu1","DIC",50,"cliver",12.5388399295887
"6656",665.5,"Simu1","DIC",50,"cliver",12.5449407405489
"6657",665.6,"Simu1","DIC",50,"cliver",12.4682150479407
"6658",665.7,"Simu1","DIC",50,"cliver",12.3176638178353
"6659",665.8,"Simu1","DIC",50,"cliver",12.1014027363592
"6660",665.9,"Simu1","DIC",50,"cliver",11.8267402064142
"6661",666,"Simu1","DIC",50,"cliver",11.5002604112144
"6662",666.1,"Simu1","DIC",50,"cliver",11.1278907920749
"6663",666.2,"Simu1","DIC",50,"cliver",10.7149638937213
"6664",666.3,"Simu1","DIC",50,"cliver",10.2662796413173
"6665",666.4,"Simu1","DIC",50,"cliver",9.78615797808924
"6666",666.5,"Simu1","DIC",50,"cliver",9.27847890865164
"6667",666.6,"Simu1","DIC",50,"cliver",8.74672496086026
"6668",666.7,"Simu1","DIC",50,"cliver",8.19402307292462
"6669",666.8,"Simu1","DIC",50,"cliver",7.62318111707863
"6670",666.9,"Simu1","DIC",50,"cliver",7.03671854226651
"6671",667,"Simu1","DIC",50,"cliver",6.43689394149095
"6672",667.1,"Simu1","DIC",50,"cliver",5.82573142291948
"6673",667.2,"Simu1","DIC",50,"cliver",5.20504557848316
"6674",667.3,"Simu1","DIC",50,"cliver",4.57646457256915
"6675",667.4,"Simu1","DIC",50,"cliver",3.9414520690613
"6676",667.5,"Simu1","DIC",50,"cliver",3.30133014295575
"6677",667.6,"Simu1","DIC",50,"cliver",2.65730753852293
"6678",667.7,"Simu1","DIC",50,"cliver",2.01052385805861
"6679",667.8,"Simu1","DIC",50,"cliver",1.36214957909288
"6680",667.9,"Simu1","DIC",50,"cliver",0.713805972003252
"6681",668,"Simu1","DIC",50,"cliver",0.0739456764529913
"6682",668.1,"Simu1","DIC",50,"cliver",0.000867805300883576
"6683",668.2,"Simu1","DIC",50,"cliver",0.000807117140026731
"6684",668.3,"Simu1","DIC",50,"cliver",0.000752489858316988
"6685",668.4,"Simu1","DIC",50,"cliver",0.00070319943753168
"6686",668.5,"Simu1","DIC",50,"cliver",0.000658626412595951
"6687",668.6,"Simu1","DIC",50,"cliver",0.000618239590007225
"6688",668.7,"Simu1","DIC",50,"cliver",0.000581561398551038
"6689",668.8,"Simu1","DIC",50,"cliver",0.000548205742331058
"6690",668.9,"Simu1","DIC",50,"cliver",0.000517819999613986
"6691",669,"Simu1","DIC",50,"cliver",0.000490076885826675
"6692",669.1,"Simu1","DIC",50,"cliver",0.000464723516472711
"6693",669.2,"Simu1","DIC",50,"cliver",0.000441504832258347
"6694",669.3,"Simu1","DIC",50,"cliver",0.000420236145725956
"6695",669.4,"Simu1","DIC",50,"cliver",0.000400687704206193
"6696",669.5,"Simu1","DIC",50,"cliver",0.000382753870268587
"6697",669.6,"Simu1","DIC",50,"cliver",0.000366187249832846
"6698",669.7,"Simu1","DIC",50,"cliver",0.000351015971721035
"6699",669.8,"Simu1","DIC",50,"cliver",0.000336855102054681
"6700",669.9,"Simu1","DIC",50,"cliver",0.00032435484354741
"6701",670,"Simu1","DIC",50,"cliver",0.000311542405270386
"6702",670.1,"Simu1","DIC",50,"cliver",0.000300977254689449
"6703",670.2,"Simu1","DIC",50,"cliver",0.000290349875623573
"6704",670.3,"Simu1","DIC",50,"cliver",0.000280980632142788
"6705",670.4,"Simu1","DIC",50,"cliver",0.000271797560682725
"6706",670.5,"Simu1","DIC",50,"cliver",0.00026389021810145
"6707",670.6,"Simu1","DIC",50,"cliver",0.000255938550935329
"6708",670.7,"Simu1","DIC",50,"cliver",0.000248839270472429
"6709",670.8,"Simu1","DIC",50,"cliver",0.000242172157263489
"6710",670.9,"Simu1","DIC",50,"cliver",0.00023579021960782
"6711",671,"Simu1","DIC",50,"cliver",0.000230083455546904
"6712",671.1,"Simu1","DIC",50,"cliver",0.000224444958967389
"6713",671.2,"Simu1","DIC",50,"cliver",0.000219363264873344
"6714",671.3,"Simu1","DIC",50,"cliver",0.000214367773444735
"6715",671.4,"Simu1","DIC",50,"cliver",0.000209993924733928
"6716",671.5,"Simu1","DIC",50,"cliver",0.00020572668573408
"6717",671.6,"Simu1","DIC",50,"cliver",0.00020171321278598
"6718",671.7,"Simu1","DIC",50,"cliver",0.000197933940743757
"6719",671.8,"Simu1","DIC",50,"cliver",0.000194367769463366
"6720",671.9,"Simu1","DIC",50,"cliver",0.000191003328454338
"6721",672,"Simu1","DIC",50,"cliver",0.00026514133895253
"6722",672.1,"Simu1","DIC",50,"cliver",0.279298770210709
"6723",672.2,"Simu1","DIC",50,"cliver",1.67486292946482
"6724",672.3,"Simu1","DIC",50,"cliver",3.44601279508499
"6725",672.4,"Simu1","DIC",50,"cliver",5.17479768566223
"6726",672.5,"Simu1","DIC",50,"cliver",6.724937510924
"6727",672.6,"Simu1","DIC",50,"cliver",8.06270242210589
"6728",672.7,"Simu1","DIC",50,"cliver",9.19053981721856
"6729",672.8,"Simu1","DIC",50,"cliver",10.1227751767389
"6730",672.9,"Simu1","DIC",50,"cliver",10.8768058539719
"6731",673,"Simu1","DIC",50,"cliver",11.4699842983022
"6732",673.1,"Simu1","DIC",50,"cliver",11.9185832217554
"6733",673.2,"Simu1","DIC",50,"cliver",12.2375160523562
"6734",673.3,"Simu1","DIC",50,"cliver",12.4403255205772
"6735",673.4,"Simu1","DIC",50,"cliver",12.539262628468
"6736",673.5,"Simu1","DIC",50,"cliver",12.5453906152279
"6737",673.6,"Simu1","DIC",50,"cliver",12.4686913689183
"6738",673.7,"Simu1","DIC",50,"cliver",12.3181660785173
"6739",673.8,"Simu1","DIC",50,"cliver",12.1019283850279
"6740",673.9,"Simu1","DIC",50,"cliver",11.8272888347239
"6741",674,"Simu1","DIC",50,"cliver",11.5008315311867
"6742",674.1,"Simu1","DIC",50,"cliver",11.1284846050265
"6743",674.2,"Simu1","DIC",50,"cliver",10.7155836456718
"6744",674.3,"Simu1","DIC",50,"cliver",10.2669284802195
"6745",674.4,"Simu1","DIC",50,"cliver",9.78683471214883
"6746",674.5,"Simu1","DIC",50,"cliver",9.27918085100421
"6747",674.6,"Simu1","DIC",50,"cliver",8.74745112673954
"6748",674.7,"Simu1","DIC",50,"cliver",8.1947740880978
"6749",674.8,"Simu1","DIC",50,"cliver",7.62395744572803
"6750",674.9,"Simu1","DIC",50,"cliver",7.03751973850441
"6751",675,"Simu1","DIC",50,"cliver",6.43771923899411
"6752",675.1,"Simu1","DIC",50,"cliver",5.82658038408623
"6753",675.2,"Simu1","DIC",50,"cliver",5.20591808600844
"6754",675.3,"Simu1","DIC",50,"cliver",4.57736048887905
"6755",675.4,"Simu1","DIC",50,"cliver",3.9423710755241
"6756",675.5,"Simu1","DIC",50,"cliver",3.30227181639897
"6757",675.6,"Simu1","DIC",50,"cliver",2.65827138534068
"6758",675.7,"Simu1","DIC",50,"cliver",2.01151050263841
"6759",675.8,"Simu1","DIC",50,"cliver",1.36315389550488
"6760",675.9,"Simu1","DIC",50,"cliver",0.714828447447473
"6761",676,"Simu1","DIC",50,"cliver",0.0749262590629307
"6762",676.1,"Simu1","DIC",50,"cliver",0.000868101092560902
"6763",676.2,"Simu1","DIC",50,"cliver",0.000807405898127273
"6764",676.3,"Simu1","DIC",50,"cliver",0.000752772069282252
"6765",676.4,"Simu1","DIC",50,"cliver",0.000703476032892332
"6766",676.5,"Simu1","DIC",50,"cliver",0.000658897270551034
"6767",676.6,"Simu1","DIC",50,"cliver",0.000618505566987672
"6768",676.7,"Simu1","DIC",50,"cliver",0.000581824009807096
"6769",676.8,"Simu1","DIC",50,"cliver",0.00054846293621008
"6770",676.9,"Simu1","DIC",50,"cliver",0.000518073258837326
"6771",677,"Simu1","DIC",50,"cliver",0.000490326551571255
"6772",677.1,"Simu1","DIC",50,"cliver",0.000464971560848995
"6773",677.2,"Simu1","DIC",50,"cliver",0.00044174771123817
"6774",677.3,"Simu1","DIC",50,"cliver",0.000420480027477109
"6775",677.4,"Simu1","DIC",50,"cliver",0.000400921822559504
"6776",677.5,"Simu1","DIC",50,"cliver",0.000382999182076279
"6777",677.6,"Simu1","DIC",50,"cliver",0.000366404369490148
"6778",677.7,"Simu1","DIC",50,"cliver",0.00035128206729743
"6779",677.8,"Simu1","DIC",50,"cliver",0.000337017204680807
"6780",677.9,"Simu1","DIC",50,"cliver",0.000324684944202209
"6781",678,"Simu1","DIC",50,"cliver",0.00031180634317031
"6782",678.1,"Simu1","DIC",50,"cliver",0.000301028672150906
"6783",678.2,"Simu1","DIC",50,"cliver",0.000290702486116754
"6784",678.3,"Simu1","DIC",50,"cliver",0.000281126641065658
"6785",678.4,"Simu1","DIC",50,"cliver",0.00027222788737975
"6786",678.5,"Simu1","DIC",50,"cliver",0.000263949451338558
"6787",678.6,"Simu1","DIC",50,"cliver",0.000256239307796887
"6788",678.7,"Simu1","DIC",50,"cliver",0.000249050533475666
"6789",678.8,"Simu1","DIC",50,"cliver",0.000242340458447245
"6790",678.9,"Simu1","DIC",50,"cliver",0.000236070676014467
"6791",679,"Simu1","DIC",50,"cliver",0.00023020619030414
"6792",679.1,"Simu1","DIC",50,"cliver",0.000224715029980198
"6793",679.2,"Simu1","DIC",50,"cliver",0.000219567991084329
"6794",679.3,"Simu1","DIC",50,"cliver",0.000214738503432801
"6795",679.4,"Simu1","DIC",50,"cliver",0.000210202344064115
"6796",679.5,"Simu1","DIC",50,"cliver",0.000205937410424301
"6797",679.6,"Simu1","DIC",50,"cliver",0.000201923488473035
"6798",679.7,"Simu1","DIC",50,"cliver",0.000198142103374106
"6799",679.8,"Simu1","DIC",50,"cliver",0.000194576310503621
"6800",679.9,"Simu1","DIC",50,"cliver",0.000191210578997333
"6801",680,"Simu1","DIC",50,"cliver",0.000265352853944251
"6802",680.1,"Simu1","DIC",50,"cliver",0.279313875511153
"6803",680.2,"Simu1","DIC",50,"cliver",1.67490875180544
"6804",680.3,"Simu1","DIC",50,"cliver",3.44608909527888
"6805",680.4,"Simu1","DIC",50,"cliver",5.17490409047791
"6806",680.5,"Simu1","DIC",50,"cliver",6.72507364597386
"6807",680.6,"Simu1","DIC",50,"cliver",8.06286791990856
"6808",680.7,"Simu1","DIC",50,"cliver",9.19073431858162
"6809",680.8,"Simu1","DIC",50,"cliver",10.1229983310671
"6810",680.9,"Simu1","DIC",50,"cliver",10.87705731933
"6811",681,"Simu1","DIC",50,"cliver",11.4702637413298
"6812",681.1,"Simu1","DIC",50,"cliver",11.9188903176763
"6813",681.2,"Simu1","DIC",50,"cliver",12.2378504869202
"6814",681.3,"Simu1","DIC",50,"cliver",12.4406869811431
"6815",681.4,"Simu1","DIC",50,"cliver",12.5396508156742
"6816",681.5,"Simu1","DIC",50,"cliver",12.5458052353496
"6817",681.6,"Simu1","DIC",50,"cliver",12.4691321387318
"6818",681.7,"Simu1","DIC",50,"cliver",12.3186327231544
"6819",681.8,"Simu1","DIC",50,"cliver",12.1024206330563
"6820",681.9,"Simu1","DIC",50,"cliver",11.8278064227346
"6821",682,"Simu1","DIC",50,"cliver",11.5013741985027
"6822",682.1,"Simu1","DIC",50,"cliver",11.1290520980194
"6823",682.2,"Simu1","DIC",50,"cliver",10.7161757149006
"6824",682.3,"Simu1","DIC",50,"cliver",10.2675448830125
"6825",682.4,"Simu1","DIC",50,"cliver",9.78747521334207
"6826",682.5,"Simu1","DIC",50,"cliver",9.27984522128809
"6827",682.6,"Simu1","DIC",50,"cliver",8.74813914083056
"6828",682.7,"Simu1","DIC",50,"cliver",8.19548552417036
"6829",682.8,"Simu1","DIC",50,"cliver",7.62469208557468
"6830",682.9,"Simu1","DIC",50,"cliver",7.03827736724098
"6831",683,"Simu1","DIC",50,"cliver",6.43849964388105
"6832",683.1,"Simu1","DIC",50,"cliver",5.82738335276804
"6833",683.2,"Simu1","DIC",50,"cliver",5.20674340424121
"6834",683.3,"Simu1","DIC",50,"cliver",4.57820793688018
"6835",683.4,"Simu1","DIC",50,"cliver",3.94324042081473
"6836",683.5,"Simu1","DIC",50,"cliver",3.30316279818274
"6837",683.6,"Simu1","DIC",50,"cliver",2.65918367480559
"6838",683.7,"Simu1","DIC",50,"cliver",2.01244357189646
"6839",683.8,"Simu1","DIC",50,"cliver",1.36410710795353
"6840",683.9,"Simu1","DIC",50,"cliver",0.715799316133563
"6841",684,"Simu1","DIC",50,"cliver",0.0758558203407738
"6842",684.1,"Simu1","DIC",50,"cliver",0.000868384342269649
"6843",684.2,"Simu1","DIC",50,"cliver",0.000807682430433711
"6844",684.3,"Simu1","DIC",50,"cliver",0.000753042438745579
"6845",684.4,"Simu1","DIC",50,"cliver",0.000703740687717729
"6846",684.5,"Simu1","DIC",50,"cliver",0.000659157100083743
"6847",684.6,"Simu1","DIC",50,"cliver",0.00061876081287686
"6848",684.7,"Simu1","DIC",50,"cliver",0.000582074269485191
"6849",684.8,"Simu1","DIC",50,"cliver",0.000548710201123507
"6850",684.9,"Simu1","DIC",50,"cliver",0.000518317171134684
"6851",685,"Simu1","DIC",50,"cliver",0.000490567223047828
"6852",685.1,"Simu1","DIC",50,"cliver",0.000465208198467817
"6853",685.2,"Simu1","DIC",50,"cliver",0.000441982916353565
"6854",685.3,"Simu1","DIC",50,"cliver",0.000420710297414711
"6855",685.4,"Simu1","DIC",50,"cliver",0.000401154267164408
"6856",685.5,"Simu1","DIC",50,"cliver",0.000383220749542167
"6857",685.6,"Simu1","DIC",50,"cliver",0.000366640489810467
"6858",685.7,"Simu1","DIC",50,"cliver",0.000351483433474365
"6859",685.8,"Simu1","DIC",50,"cliver",0.000337282600924625
"6860",685.9,"Simu1","DIC",50,"cliver",0.000324842328681849
"6861",686,"Simu1","DIC",50,"cliver",0.000311992899060303
"6862",686.1,"Simu1","DIC",50,"cliver",0.000301403201532782
"6863",686.2,"Simu1","DIC",50,"cliver",0.000290787236615352
"6864",686.3,"Simu1","DIC",50,"cliver",0.000281400023190694
"6865",686.4,"Simu1","DIC",50,"cliver",0.000272269823414732
"6866",686.5,"Simu1","DIC",50,"cliver",0.00026425383179001
"6867",686.6,"Simu1","DIC",50,"cliver",0.000256432854302725
"6868",686.7,"Simu1","DIC",50,"cliver",0.000249273481247903
"6869",686.8,"Simu1","DIC",50,"cliver",0.000242590733234217
"6870",686.9,"Simu1","DIC",50,"cliver",0.000236332889429047
"6871",687,"Simu1","DIC",50,"cliver",0.000230452520316065
"6872",687.1,"Simu1","DIC",50,"cliver",0.000224651956964183
"6873",687.2,"Simu1","DIC",50,"cliver",0.000219771209020189
"6874",687.3,"Simu1","DIC",50,"cliver",0.000214942914053242
"6875",687.4,"Simu1","DIC",50,"cliver",0.000210406295788607
"6876",687.5,"Simu1","DIC",50,"cliver",0.000206139739334585
"6877",687.6,"Simu1","DIC",50,"cliver",0.000202125501550864
"6878",687.7,"Simu1","DIC",50,"cliver",0.000198343604612017
"6879",687.8,"Simu1","DIC",50,"cliver",0.000194777309634166
"6880",687.9,"Simu1","DIC",50,"cliver",0.000191411270691165
"6881",688,"Simu1","DIC",50,"cliver",0.000265557790416576
"6882",688.1,"Simu1","DIC",50,"cliver",0.27932801344825
"6883",688.2,"Simu1","DIC",50,"cliver",1.67494912763574
"6884",688.3,"Simu1","DIC",50,"cliver",3.44615703223745
"6885",688.4,"Simu1","DIC",50,"cliver",5.17499981887966
"6886",688.5,"Simu1","DIC",50,"cliver",6.72519657479385
"6887",688.6,"Simu1","DIC",50,"cliver",8.06301751891876
"6888",688.7,"Simu1","DIC",50,"cliver",9.19091028330716
"6889",688.8,"Simu1","DIC",50,"cliver",10.1232004755677
"6890",688.9,"Simu1","DIC",50,"cliver",10.8772854377567
"6891",689,"Simu1","DIC",50,"cliver",11.4705176736223
"6892",689.1,"Simu1","DIC",50,"cliver",11.9191698811892
"6893",689.2,"Simu1","DIC",50,"cliver",12.2381554722111
"6894",689.3,"Simu1","DIC",50,"cliver",12.4410172325221
"6895",689.4,"Simu1","DIC",50,"cliver",12.5400061293085
"6896",689.5,"Simu1","DIC",50,"cliver",12.5461854309982
"6897",689.6,"Simu1","DIC",50,"cliver",12.4695370005311
"6898",689.7,"Simu1","DIC",50,"cliver",12.31906210296
"6899",689.8,"Simu1","DIC",50,"cliver",12.1028743452415
"6900",689.9,"Simu1","DIC",50,"cliver",11.8282840398076
"6901",690,"Simu1","DIC",50,"cliver",11.5018755756446
"6902",690.1,"Simu1","DIC",50,"cliver",11.1295774166957
"6903",690.2,"Simu1","DIC",50,"cliver",10.716725022024
"6904",690.3,"Simu1","DIC",50,"cliver",10.2681179043796
"6905",690.4,"Simu1","DIC",50,"cliver",9.78807147497109
"6906",690.5,"Simu1","DIC",50,"cliver",9.28046425852182
"6907",690.6,"Simu1","DIC",50,"cliver",8.74878071580058
"6908",690.7,"Simu1","DIC",50,"cliver",8.19614952685485
"6909",690.8,"Simu1","DIC",50,"cliver",7.62537837741815
"6910",690.9,"Simu1","DIC",50,"cliver",7.03898574741112
"6911",691,"Simu1","DIC",50,"cliver",6.43922990424183
"6912",691.1,"Simu1","DIC",50,"cliver",5.82813531321708
"6913",691.2,"Simu1","DIC",50,"cliver",5.20751689778401
"6914",691.3,"Simu1","DIC",50,"cliver",4.57900278458827
"6915",691.4,"Simu1","DIC",50,"cliver",3.94405642884397
"6916",691.5,"Simu1","DIC",50,"cliver",3.30399977657769
"6917",691.6,"Simu1","DIC",50,"cliver",2.66004149964275
"6918",691.7,"Simu1","DIC",50,"cliver",2.0133205841786
"6919",691.8,"Simu1","DIC",50,"cliver",1.3650068067261
"6920",691.9,"Simu1","DIC",50,"cliver",0.716716316661091
"6921",692,"Simu1","DIC",50,"cliver",0.0767322092735743
"6922",692.1,"Simu1","DIC",50,"cliver",0.000868656164733708
"6923",692.2,"Simu1","DIC",50,"cliver",0.000807947553082716
"6924",692.3,"Simu1","DIC",50,"cliver",0.000753301803616875
"6925",692.4,"Simu1","DIC",50,"cliver",0.000703994607149269
"6926",692.5,"Simu1","DIC",50,"cliver",0.000659406395995746
"6927",692.6,"Simu1","DIC",50,"cliver",0.000619005704330581
"6928",692.7,"Simu1","DIC",50,"cliver",0.000582314741465947
"6929",692.8,"Simu1","DIC",50,"cliver",0.000548947551642176
"6930",692.9,"Simu1","DIC",50,"cliver",0.000518551165009414
"6931",693,"Simu1","DIC",50,"cliver",0.000490798249219923
"6932",693.1,"Simu1","DIC",50,"cliver",0.000465435597241745
"6933",693.2,"Simu1","DIC",50,"cliver",0.000442208752751672
"6934",693.3,"Simu1","DIC",50,"cliver",0.000420931852353362
"6935",693.4,"Simu1","DIC",50,"cliver",0.000401376977420351
"6936",693.5,"Simu1","DIC",50,"cliver",0.000383434957828379
"6937",693.6,"Simu1","DIC",50,"cliver",0.000366864825032858
"6938",693.7,"Simu1","DIC",50,"cliver",0.000351682365144642
"6939",693.8,"Simu1","DIC",50,"cliver",0.000337526561050587
"6940",693.9,"Simu1","DIC",50,"cliver",0.000325003771323468
"6941",694,"Simu1","DIC",50,"cliver",0.000312193445455353
"6942",694.1,"Simu1","DIC",50,"cliver",0.000301631217847295
"6943",694.2,"Simu1","DIC",50,"cliver",0.000290994091867414
"6944",694.3,"Simu1","DIC",50,"cliver",0.00028162473785508
"6945",694.4,"Simu1","DIC",50,"cliver",0.00027243050241193
"6946",694.5,"Simu1","DIC",50,"cliver",0.000264533677860272
"6947",694.6,"Simu1","DIC",50,"cliver",0.000256559007449911
"6948",694.7,"Simu1","DIC",50,"cliver",0.000249465990158966
"6949",694.8,"Simu1","DIC",50,"cliver",0.000242794310201281
"6950",694.9,"Simu1","DIC",50,"cliver",0.000236395222680088
"6951",695,"Simu1","DIC",50,"cliver",0.000230718891645171
"6952",695.1,"Simu1","DIC",50,"cliver",0.000225041926663579
"6953",695.2,"Simu1","DIC",50,"cliver",0.000219937862468118
"6954",695.3,"Simu1","DIC",50,"cliver",0.000214676965036969
"6955",695.4,"Simu1","DIC",50,"cliver",0.000210598269753431
"6956",695.5,"Simu1","DIC",50,"cliver",0.000206334918961984
"6957",695.6,"Simu1","DIC",50,"cliver",0.000202321967588069
"6958",695.7,"Simu1","DIC",50,"cliver",0.000198540370270046
"6959",695.8,"Simu1","DIC",50,"cliver",0.000194970640974636
"6960",695.9,"Simu1","DIC",50,"cliver",0.000191603155926091
"6961",696,"Simu1","DIC",50,"cliver",0.000265754892362945
"6962",696.1,"Simu1","DIC",50,"cliver",0.279342389842519
"6963",696.2,"Simu1","DIC",50,"cliver",1.67499374309024
"6964",696.3,"Simu1","DIC",50,"cliver",3.4462321239394
"6965",696.4,"Simu1","DIC",50,"cliver",5.17510435227599
"6966",696.5,"Simu1","DIC",50,"cliver",6.72533007712603
"6967",696.6,"Simu1","DIC",50,"cliver",8.06317969717788
"6968",696.7,"Simu1","DIC",50,"cliver",9.19110074217155
"6969",696.8,"Simu1","DIC",50,"cliver",10.1234187340097
"6970",696.9,"Simu1","DIC",50,"cliver",10.8775310633653
"6971",697,"Simu1","DIC",50,"cliver",11.4707902154823
"6972",697.1,"Simu1","DIC",50,"cliver",11.9194689373323
"6973",697.2,"Simu1","DIC",50,"cliver",12.2384806619233
"6974",697.3,"Simu1","DIC",50,"cliver",12.4413681507655
"6975",697.4,"Simu1","DIC",50,"cliver",12.5403824241973
"6976",697.5,"Simu1","DIC",50,"cliver",12.5465867373229
"6977",697.6,"Simu1","DIC",50,"cliver",12.4699630197636
"6978",697.7,"Simu1","DIC",50,"cliver",12.3195124579112
"6979",697.8,"Simu1","DIC",50,"cliver",12.103348648538
"6980",697.9,"Simu1","DIC",50,"cliver",11.8287822146847
"6981",698,"Simu1","DIC",50,"cliver",11.502397676095
"6982",698.1,"Simu1","DIC",50,"cliver",11.1301228633286
"6983",698.2,"Simu1","DIC",50,"cliver",10.7172930434721
"6984",698.3,"Simu1","DIC",50,"cliver",10.2687080824059
"6985",698.4,"Simu1","DIC",50,"cliver",9.78868383803788
"6986",698.5,"Simu1","DIC",50,"cliver",9.2810989485696
"6987",698.6,"Simu1","DIC",50,"cliver",8.74943759227466
"6988",698.7,"Simu1","DIC",50,"cliver",8.19682824790116
"6989",698.8,"Simu1","DIC",50,"cliver",7.62607863789354
"6990",698.9,"Simu1","DIC",50,"cliver",7.03970735299419
"6991",699,"Simu1","DIC",50,"cliver",6.43997268812159
"6992",699.1,"Simu1","DIC",50,"cliver",5.82889906548258
"6993",699.2,"Simu1","DIC",50,"cliver",5.20830137724159
"6994",699.3,"Simu1","DIC",50,"cliver",4.57980775533932
"6995",699.4,"Simu1","DIC",50,"cliver",3.94488166003534
"6996",699.5,"Simu1","DIC",50,"cliver",3.30484500027153
"6997",699.6,"Simu1","DIC",50,"cliver",2.66090631928323
"6998",699.7,"Simu1","DIC",50,"cliver",2.01420529933146
"6999",699.8,"Simu1","DIC",50,"cliver",1.36591071651461
"7000",699.9,"Simu1","DIC",50,"cliver",0.717636285786472
"7001",700,"Simu1","DIC",50,"cliver",0.077613928751197
"7002",700.1,"Simu1","DIC",50,"cliver",0.000868920026834107
"7003",700.2,"Simu1","DIC",50,"cliver",0.000808205194185903
"7004",700.3,"Simu1","DIC",50,"cliver",0.000753553743098093
"7005",700.4,"Simu1","DIC",50,"cliver",0.000704241186225148
"7006",700.5,"Simu1","DIC",50,"cliver",0.00065964835841419
"7007",700.6,"Simu1","DIC",50,"cliver",0.000619243337684801
"7008",700.7,"Simu1","DIC",50,"cliver",0.000582548087398256
"7009",700.8,"Simu1","DIC",50,"cliver",0.000549177647485943
"7010",700.9,"Simu1","DIC",50,"cliver",0.000518778044445837
"7011",701,"Simu1","DIC",50,"cliver",0.000491022289298055
"7012",701.1,"Simu1","DIC",50,"cliver",0.000465655878388632
"7013",701.2,"Simu1","DIC",50,"cliver",0.000442427613935067
"7014",701.3,"Simu1","DIC",50,"cliver",0.000421146202407554
"7015",701.4,"Simu1","DIC",50,"cliver",0.000401592913940711
"7016",701.5,"Simu1","DIC",50,"cliver",0.000383641765033262
"7017",701.6,"Simu1","DIC",50,"cliver",0.000367082879047525
"7018",701.7,"Simu1","DIC",50,"cliver",0.000351873127281361
"7019",701.8,"Simu1","DIC",50,"cliver",0.000337765675255622
"7020",701.9,"Simu1","DIC",50,"cliver",0.000325142805592637
"7021",702,"Simu1","DIC",50,"cliver",0.000312411965073301
"7022",702.1,"Simu1","DIC",50,"cliver",0.000301839657938524
"7023",702.2,"Simu1","DIC",50,"cliver",0.00029121412488819
"7024",702.3,"Simu1","DIC",50,"cliver",0.000281849009544735
"7025",702.4,"Simu1","DIC",50,"cliver",0.000272574867540392
"7026",702.5,"Simu1","DIC",50,"cliver",0.00026458705962842
"7027",702.6,"Simu1","DIC",50,"cliver",0.000256736754232596
"7028",702.7,"Simu1","DIC",50,"cliver",0.000249640518830421
"7029",702.8,"Simu1","DIC",50,"cliver",0.000242885161853835
"7030",702.9,"Simu1","DIC",50,"cliver",0.000236586288159303
"7031",703,"Simu1","DIC",50,"cliver",0.000230803420729165
"7032",703.1,"Simu1","DIC",50,"cliver",0.000225329430936656
"7033",703.2,"Simu1","DIC",50,"cliver",0.000220116298787361
"7034",703.3,"Simu1","DIC",50,"cliver",0.000215246138473962
"7035",703.4,"Simu1","DIC",50,"cliver",0.000210733321508741
"7036",703.5,"Simu1","DIC",50,"cliver",0.000206869804350618
"7037",703.6,"Simu1","DIC",50,"cliver",0.000202496959373035
"7038",703.7,"Simu1","DIC",50,"cliver",0.000198723904752023
"7039",703.8,"Simu1","DIC",50,"cliver",0.000195153764307975
"7040",703.9,"Simu1","DIC",50,"cliver",0.000191789315796907
"7041",704,"Simu1","DIC",50,"cliver",0.000265947019480068
"7042",704.1,"Simu1","DIC",50,"cliver",0.279356532974922
"7043",704.2,"Simu1","DIC",50,"cliver",1.67503831481951
"7044",704.3,"Simu1","DIC",50,"cliver",3.44630490281349
"7045",704.4,"Simu1","DIC",50,"cliver",5.17520501130073
"7046",704.5,"Simu1","DIC",50,"cliver",6.72545852052509
"7047",704.6,"Simu1","DIC",50,"cliver",8.06333560684426
"7048",704.7,"Simu1","DIC",50,"cliver",9.19128370659882
"7049",704.8,"Simu1","DIC",50,"cliver",10.1236283420615
"7050",704.9,"Simu1","DIC",50,"cliver",10.8777669087095
"7051",705,"Simu1","DIC",50,"cliver",11.47105189731
"7052",705.1,"Simu1","DIC",50,"cliver",11.9197560600747
"7053",705.2,"Simu1","DIC",50,"cliver",12.2387928638452
"7054",705.3,"Simu1","DIC",50,"cliver",12.441705076487
"7055",705.4,"Simu1","DIC",50,"cliver",12.5407437360051
"7056",705.5,"Simu1","DIC",50,"cliver",12.546972116123
"7057",705.6,"Simu1","DIC",50,"cliver",12.4703721380157
"7058",705.7,"Simu1","DIC",50,"cliver",12.319945022411
"7059",705.8,"Simu1","DIC",50,"cliver",12.1038044407534
"7060",705.9,"Simu1","DIC",50,"cliver",11.8292609682334
"7061",706,"Simu1","DIC",50,"cliver",11.502898736021
"7062",706.1,"Simu1","DIC",50,"cliver",11.1306459010551
"7063",706.2,"Simu1","DIC",50,"cliver",10.7178380778483
"7064",706.3,"Simu1","DIC",50,"cliver",10.2692751172216
"7065",706.4,"Simu1","DIC",50,"cliver",9.78927264494471
"7066",706.5,"Simu1","DIC",50,"cliver",9.28170919136309
"7067",706.6,"Simu1","DIC",50,"cliver",8.75006900563194
"7068",706.7,"Simu1","DIC",50,"cliver",8.19748065388201
"7069",706.8,"Simu1","DIC",50,"cliver",7.62675186197831
"7070",706.9,"Simu1","DIC",50,"cliver",7.04040118126442
"7071",707,"Simu1","DIC",50,"cliver",6.44068689309306
"7072",707.1,"Simu1","DIC",50,"cliver",5.82963343787238
"7073",707.2,"Simu1","DIC",50,"cliver",5.20905572327787
"7074",707.3,"Simu1","DIC",50,"cliver",4.58058187553982
"7075",707.4,"Simu1","DIC",50,"cliver",3.94567533566043
"7076",707.5,"Simu1","DIC",50,"cliver",3.30565798491285
"7077",707.6,"Simu1","DIC",50,"cliver",2.66173830172947
"7078",707.7,"Simu1","DIC",50,"cliver",2.01505652642246
"7079",707.8,"Simu1","DIC",50,"cliver",1.36677605977136
"7080",707.9,"Simu1","DIC",50,"cliver",0.718517281647673
"7081",708,"Simu1","DIC",50,"cliver",0.0784619878156459
"7082",708.1,"Simu1","DIC",50,"cliver",0.000869174130920381
"7083",708.2,"Simu1","DIC",50,"cliver",0.000808453225005387
"7084",708.3,"Simu1","DIC",50,"cliver",0.000753796155228669
"7085",708.4,"Simu1","DIC",50,"cliver",0.000704479055276353
"7086",708.5,"Simu1","DIC",50,"cliver",0.000659881143396091
"7087",708.6,"Simu1","DIC",50,"cliver",0.000619471992995282
"7088",708.7,"Simu1","DIC",50,"cliver",0.00058277445553574
"7089",708.8,"Simu1","DIC",50,"cliver",0.000549398741065966
"7090",708.9,"Simu1","DIC",50,"cliver",0.000518995651206662
"7091",709,"Simu1","DIC",50,"cliver",0.000491236547229667
"7092",709.1,"Simu1","DIC",50,"cliver",0.000465870099214681
"7093",709.2,"Simu1","DIC",50,"cliver",0.000442635645645705
"7094",709.3,"Simu1","DIC",50,"cliver",0.000421358162099203
"7095",709.4,"Simu1","DIC",50,"cliver",0.000401790826424575
"7096",709.5,"Simu1","DIC",50,"cliver",0.000383859757736097
"7097",709.6,"Simu1","DIC",50,"cliver",0.00036725695008781
"7098",709.7,"Simu1","DIC",50,"cliver",0.000352127470839301
"7099",709.8,"Simu1","DIC",50,"cliver",0.000337855308377626
"7100",709.9,"Simu1","DIC",50,"cliver",0.000325519929320268
"7101",710,"Simu1","DIC",50,"cliver",0.000312626771711391
"7102",710.1,"Simu1","DIC",50,"cliver",0.00030184848687345
"7103",710.2,"Simu1","DIC",50,"cliver",0.000291517338538616
"7104",710.3,"Simu1","DIC",50,"cliver",0.000281936472998588
"7105",710.4,"Simu1","DIC",50,"cliver",0.000273032959403321
"7106",710.5,"Simu1","DIC",50,"cliver",0.000264750064565682
"7107",710.6,"Simu1","DIC",50,"cliver",0.000257035696813187
"7108",710.7,"Simu1","DIC",50,"cliver",0.000249842925621173
"7109",710.8,"Simu1","DIC",50,"cliver",0.000243129061833647
"7110",710.9,"Simu1","DIC",50,"cliver",0.000236855688781638
"7111",711,"Simu1","DIC",50,"cliver",0.000230987796157324
"7112",711.1,"Simu1","DIC",50,"cliver",0.000225493398083155
"7113",711.2,"Simu1","DIC",50,"cliver",0.000220343279683445
"7114",711.3,"Simu1","DIC",50,"cliver",0.000215510859638566
"7115",711.4,"Simu1","DIC",50,"cliver",0.00021097190557932
"7116",711.5,"Simu1","DIC",50,"cliver",0.000206704305592275
"7117",711.6,"Simu1","DIC",50,"cliver",0.000202687837553063
"7118",711.7,"Simu1","DIC",50,"cliver",0.000198904018715046
"7119",711.8,"Simu1","DIC",50,"cliver",0.000195335897218569
"7120",711.9,"Simu1","DIC",50,"cliver",0.000191967935851608
"7121",712,"Simu1","DIC",50,"cliver",0.000266130048974822
"7122",712.1,"Simu1","DIC",50,"cliver",0.279369053780632
"7123",712.2,"Simu1","DIC",50,"cliver",1.67507528341297
"7124",712.3,"Simu1","DIC",50,"cliver",3.44636523473397
"7125",712.4,"Simu1","DIC",50,"cliver",5.17528953915489
"7126",712.5,"Simu1","DIC",50,"cliver",6.72556753400347
"7127",712.6,"Simu1","DIC",50,"cliver",8.06346870109562
"7128",712.7,"Simu1","DIC",50,"cliver",9.19144077987469
"7129",712.8,"Simu1","DIC",50,"cliver",10.1238086922923
"7130",712.9,"Simu1","DIC",50,"cliver",10.8779709446372
"7131",713,"Simu1","DIC",50,"cliver",11.4712818847482
"7132",713.1,"Simu1","DIC",50,"cliver",11.9200076116845
"7133",713.2,"Simu1","DIC",50,"cliver",12.2390672435584
"7134",713.3,"Simu1","DIC",50,"cliver",12.4420022554218
"7135",713.4,"Simu1","DIC",50,"cliver",12.5410637220439
"7136",713.5,"Simu1","DIC",50,"cliver",12.5473149051403
"7137",713.6,"Simu1","DIC",50,"cliver",12.4707380408074
"7138",713.7,"Simu1","DIC",50,"cliver",12.3203339595734
"7139",713.8,"Simu1","DIC",50,"cliver",12.1042184833239
"7140",713.9,"Simu1","DIC",50,"cliver",11.8297001762487
"7141",714,"Simu1","DIC",50,"cliver",11.5033628065003
"7142",714.1,"Simu1","DIC",50,"cliver",11.1311343414699
"7143",714.2,"Simu1","DIC",50,"cliver",10.7183472501486
"7144",714.3,"Simu1","DIC",50,"cliver",10.2698012582142
"7145",714.4,"Simu1","DIC",50,"cliver",9.78981643381804
"7146",714.5,"Simu1","DIC",50,"cliver",9.28227294138896
"7147",714.6,"Simu1","DIC",50,"cliver",8.75065332406223
"7148",714.7,"Simu1","DIC",50,"cliver",8.19808451988533
"7149",714.8,"Simu1","DIC",50,"cliver",7.62737437146693
"7150",714.9,"Simu1","DIC",50,"cliver",7.04104235886595
"7151",715,"Simu1","DIC",50,"cliver",6.44134711792643
"7152",715.1,"Simu1","DIC",50,"cliver",5.8303127670795
"7153",715.2,"Simu1","DIC",50,"cliver",5.20975387728872
"7154",715.3,"Simu1","DIC",50,"cliver",4.58129857585414
"7155",715.4,"Simu1","DIC",50,"cliver",3.94641046418885
"7156",715.5,"Simu1","DIC",50,"cliver",3.30641148381957
"7157",715.6,"Simu1","DIC",50,"cliver",2.66251007006691
"7158",715.7,"Simu1","DIC",50,"cliver",2.01584528803988
"7159",715.8,"Simu1","DIC",50,"cliver",1.36758552700555
"7160",715.9,"Simu1","DIC",50,"cliver",0.719341942763912
"7161",716,"Simu1","DIC",50,"cliver",0.0792512970733754
"7162",716.1,"Simu1","DIC",50,"cliver",0.000869415998306408
"7163",716.2,"Simu1","DIC",50,"cliver",0.000808689428773854
"7164",716.3,"Simu1","DIC",50,"cliver",0.000754027257113557
"7165",716.4,"Simu1","DIC",50,"cliver",0.000704705325414759
"7166",716.5,"Simu1","DIC",50,"cliver",0.000660103499551993
"7167",716.6,"Simu1","DIC",50,"cliver",0.000619690524369031
"7168",716.7,"Simu1","DIC",50,"cliver",0.000582988542917722
"7169",716.8,"Simu1","DIC",50,"cliver",0.000549610690425252
"7170",716.9,"Simu1","DIC",50,"cliver",0.000519204821438128
"7171",717,"Simu1","DIC",50,"cliver",0.00049144305700878
"7172",717.1,"Simu1","DIC",50,"cliver",0.000466072833579138
"7173",717.2,"Simu1","DIC",50,"cliver",0.000442837764183104
"7174",717.3,"Simu1","DIC",50,"cliver",0.000421555181349198
"7175",717.4,"Simu1","DIC",50,"cliver",0.000401991521424561
"7176",717.5,"Simu1","DIC",50,"cliver",0.000384047873614329
"7177",717.6,"Simu1","DIC",50,"cliver",0.000367463879594555
"7178",717.7,"Simu1","DIC",50,"cliver",0.000352292314150072
"7179",717.8,"Simu1","DIC",50,"cliver",0.000338099678412173
"7180",717.9,"Simu1","DIC",50,"cliver",0.000325630959470043
"7181",718,"Simu1","DIC",50,"cliver",0.000312778560189065
"7182",718.1,"Simu1","DIC",50,"cliver",0.000302201760452876
"7183",718.2,"Simu1","DIC",50,"cliver",0.000291565877617132
"7184",718.3,"Simu1","DIC",50,"cliver",0.000282183437339827
"7185",718.4,"Simu1","DIC",50,"cliver",0.000273040099424119
"7186",718.5,"Simu1","DIC",50,"cliver",0.00026502986275332
"7187",718.6,"Simu1","DIC",50,"cliver",0.000257194374382194
"7188",718.7,"Simu1","DIC",50,"cliver",0.000250039332063879
"7189",718.8,"Simu1","DIC",50,"cliver",0.000243350290778421
"7190",718.9,"Simu1","DIC",50,"cliver",0.000237065980627814
"7191",719,"Simu1","DIC",50,"cliver",0.000231222141832829
"7192",719.1,"Simu1","DIC",50,"cliver",0.000225460531410937
"7193",719.2,"Simu1","DIC",50,"cliver",0.000220445036115629
"7194",719.3,"Simu1","DIC",50,"cliver",0.00021568610898745
"7195",719.4,"Simu1","DIC",50,"cliver",0.000211145944595233
"7196",719.5,"Simu1","DIC",50,"cliver",0.000206880771876546
"7197",719.6,"Simu1","DIC",50,"cliver",0.00020286113627468
"7198",719.7,"Simu1","DIC",50,"cliver",0.000199077550485714
"7199",719.8,"Simu1","DIC",50,"cliver",0.000195508905476651
"7200",719.9,"Simu1","DIC",50,"cliver",0.00019214045820432
"7201",720,"Simu1","DIC",50,"cliver",0.000266305832274474
