"","time","Simulation","Chemical","dose","variable","value"
"1",0,"Simu1","DIC",50,"cliver",0
"2",0.1,"Simu1","DIC",50,"cliver",0.131544143922356
"3",0.2,"Simu1","DIC",50,"cliver",1.00248210734385
"4",0.3,"Simu1","DIC",50,"cliver",2.17215501761975
"5",0.4,"Simu1","DIC",50,"cliver",3.31484593483407
"6",0.5,"Simu1","DIC",50,"cliver",4.32317716772331
"7",0.6,"Simu1","DIC",50,"cliver",5.17024099431819
"8",0.7,"Simu1","DIC",50,"cliver",5.8575769057609
"9",0.8,"Simu1","DIC",50,"cliver",6.39608722808588
"10",0.9,"Simu1","DIC",50,"cliver",6.79911563991496
"11",1,"Simu1","DIC",50,"cliver",7.07999583430872
"12",1.1,"Simu1","DIC",50,"cliver",7.25123826239427
"13",1.2,"Simu1","DIC",50,"cliver",7.32430750732027
"14",1.3,"Simu1","DIC",50,"cliver",7.30961163554885
"15",1.4,"Simu1","DIC",50,"cliver",7.21656221511348
"16",1.5,"Simu1","DIC",50,"cliver",7.0536559261033
"17",1.6,"Simu1","DIC",50,"cliver",6.82855581150229
"18",1.7,"Simu1","DIC",50,"cliver",6.5481702443964
"19",1.8,"Simu1","DIC",50,"cliver",6.21872432944686
"20",1.9,"Simu1","DIC",50,"cliver",5.84582426522394
"21",2,"Simu1","DIC",50,"cliver",5.43451814218004
"22",2.1,"Simu1","DIC",50,"cliver",4.98935231249458
"23",2.2,"Simu1","DIC",50,"cliver",4.51441775142212
"24",2.3,"Simu1","DIC",50,"cliver",4.01340337006342
"25",2.4,"Simu1","DIC",50,"cliver",3.48963372874548
"26",2.5,"Simu1","DIC",50,"cliver",2.94610931333571
"27",2.6,"Simu1","DIC",50,"cliver",2.38555712453655
"28",2.7,"Simu1","DIC",50,"cliver",1.81049547098757
"29",2.8,"Simu1","DIC",50,"cliver",1.22335770487984
"30",2.9,"Simu1","DIC",50,"cliver",0.627018215919625
"31",3,"Simu1","DIC",50,"cliver",0.0350161069470546
"32",3.1,"Simu1","DIC",50,"cliver",0.00115367240796491
"33",3.2,"Simu1","DIC",50,"cliver",0.0010322044532396
"34",3.3,"Simu1","DIC",50,"cliver",0.000926032182517208
"35",3.4,"Simu1","DIC",50,"cliver",0.000832805729446886
"36",3.5,"Simu1","DIC",50,"cliver",0.000750663157616582
"37",3.6,"Simu1","DIC",50,"cliver",0.000677978651732142
"38",3.7,"Simu1","DIC",50,"cliver",0.000613456741362984
"39",3.8,"Simu1","DIC",50,"cliver",0.000556144140151678
"40",3.9,"Simu1","DIC",50,"cliver",0.000504915887847259
"41",4,"Simu1","DIC",50,"cliver",0.000459138122992822
"42",4.1,"Simu1","DIC",50,"cliver",0.000418244153932348
"43",4.2,"Simu1","DIC",50,"cliver",0.000381287973702866
"44",4.3,"Simu1","DIC",50,"cliver",0.000348343975659143
"45",4.4,"Simu1","DIC",50,"cliver",0.000318617759479429
"46",4.5,"Simu1","DIC",50,"cliver",0.000291483809628234
"47",4.6,"Simu1","DIC",50,"cliver",0.000267485974881273
"48",4.7,"Simu1","DIC",50,"cliver",0.00024536229252317
"49",4.8,"Simu1","DIC",50,"cliver",0.000225582474319429
"50",4.9,"Simu1","DIC",50,"cliver",0.000207624418752185
"51",5,"Simu1","DIC",50,"cliver",0.000191155901810701
"52",5.1,"Simu1","DIC",50,"cliver",0.000176381017675367
"53",5.2,"Simu1","DIC",50,"cliver",0.000162878404435786
"54",5.3,"Simu1","DIC",50,"cliver",0.000150558522117167
"55",5.4,"Simu1","DIC",50,"cliver",0.000139368302336638
"56",5.5,"Simu1","DIC",50,"cliver",0.000129048227337683
"57",5.6,"Simu1","DIC",50,"cliver",0.000119849643663464
"58",5.7,"Simu1","DIC",50,"cliver",0.000111333754906624
"59",5.8,"Simu1","DIC",50,"cliver",0.000103549961440768
"60",5.9,"Simu1","DIC",50,"cliver",9.64253984536493e-05
"61",6,"Simu1","DIC",50,"cliver",8.9899766380921e-05
"62",6.1,"Simu1","DIC",50,"cliver",8.39169800868108e-05
"63",6.2,"Simu1","DIC",50,"cliver",7.8427185077404e-05
"64",6.3,"Simu1","DIC",50,"cliver",7.33854578599671e-05
"65",6.4,"Simu1","DIC",50,"cliver",6.8751053544445e-05
"66",6.5,"Simu1","DIC",50,"cliver",6.44873093586162e-05
"67",6.6,"Simu1","DIC",50,"cliver",6.05609623022985e-05
"68",6.7,"Simu1","DIC",50,"cliver",5.6941999788956e-05
"69",6.8,"Simu1","DIC",50,"cliver",5.36032593058644e-05
"70",6.9,"Simu1","DIC",50,"cliver",5.05202018468251e-05
"71",7,"Simu1","DIC",50,"cliver",4.76705468156123e-05
"72",7.1,"Simu1","DIC",50,"cliver",4.50341077544929e-05
"73",7.2,"Simu1","DIC",50,"cliver",4.25925494046693e-05
"74",7.3,"Simu1","DIC",50,"cliver",4.03292650985519e-05
"75",7.4,"Simu1","DIC",50,"cliver",3.82291540634808e-05
"76",7.5,"Simu1","DIC",50,"cliver",3.62785165983789e-05
"77",7.6,"Simu1","DIC",50,"cliver",3.44648733933579e-05
"78",7.7,"Simu1","DIC",50,"cliver",3.27768998920458e-05
"79",7.8,"Simu1","DIC",50,"cliver",3.12042688063509e-05
"80",7.9,"Simu1","DIC",50,"cliver",2.973760497623e-05
"81",8,"Simu1","DIC",50,"cliver",8.85955211853399e-05
"82",8.1,"Simu1","DIC",50,"cliver",0.172688114589644
"83",8.2,"Simu1","DIC",50,"cliver",1.18050336640595
"84",8.3,"Simu1","DIC",50,"cliver",2.49886779313347
"85",8.4,"Simu1","DIC",50,"cliver",3.7836904332997
"86",8.5,"Simu1","DIC",50,"cliver",4.92224892215703
"87",8.6,"Simu1","DIC",50,"cliver",5.88661139753599
"88",8.7,"Simu1","DIC",50,"cliver",6.67878177560493
"89",8.8,"Simu1","DIC",50,"cliver",7.31059226508458
"90",8.9,"Simu1","DIC",50,"cliver",7.79641541025378
"91",9,"Simu1","DIC",50,"cliver",8.15058552326451
"92",9.1,"Simu1","DIC",50,"cliver",8.38654892365709
"93",9.2,"Simu1","DIC",50,"cliver",8.51660378598283
"94",9.3,"Simu1","DIC",50,"cliver",8.55193688992659
"95",9.4,"Simu1","DIC",50,"cliver",8.50266403959466
"96",9.5,"Simu1","DIC",50,"cliver",8.37790640057383
"97",9.6,"Simu1","DIC",50,"cliver",8.18589830948774
"98",9.7,"Simu1","DIC",50,"cliver",7.93406171846529
"99",9.8,"Simu1","DIC",50,"cliver",7.62908535083426
"100",9.9,"Simu1","DIC",50,"cliver",7.27699280855394
"101",10,"Simu1","DIC",50,"cliver",6.88320825628263
"102",10.1,"Simu1","DIC",50,"cliver",6.45261539705654
"103",10.2,"Simu1","DIC",50,"cliver",5.98960585036833
"104",10.3,"Simu1","DIC",50,"cliver",5.49813403570075
"105",10.4,"Simu1","DIC",50,"cliver",4.981760165136
"106",10.5,"Simu1","DIC",50,"cliver",4.44368445673766
"107",10.6,"Simu1","DIC",50,"cliver",3.88678588984036
"108",10.7,"Simu1","DIC",50,"cliver",3.31366202697252
"109",10.8,"Simu1","DIC",50,"cliver",2.7266681730889
"110",10.9,"Simu1","DIC",50,"cliver",2.12796552541929
"111",11,"Simu1","DIC",50,"cliver",1.5195983847901
"112",11.1,"Simu1","DIC",50,"cliver",0.903762261994428
"113",11.2,"Simu1","DIC",50,"cliver",0.284571111420738
"114",11.3,"Simu1","DIC",50,"cliver",0.0010556500190957
"115",11.4,"Simu1","DIC",50,"cliver",0.000950259110118502
"116",11.5,"Simu1","DIC",50,"cliver",0.00085754610209672
"117",11.6,"Simu1","DIC",50,"cliver",0.000775665801436875
"118",11.7,"Simu1","DIC",50,"cliver",0.00070310936547657
"119",11.8,"Simu1","DIC",50,"cliver",0.000638622120805428
"120",11.9,"Simu1","DIC",50,"cliver",0.000581091330170134
"121",12,"Simu1","DIC",50,"cliver",0.00052971600077501
"122",12.1,"Simu1","DIC",50,"cliver",0.000483702820099556
"123",12.2,"Simu1","DIC",50,"cliver",0.000442348003709211
"124",12.3,"Simu1","DIC",50,"cliver",0.000405199091677385
"125",12.4,"Simu1","DIC",50,"cliver",0.000371706671100072
"126",12.5,"Simu1","DIC",50,"cliver",0.00034148222467904
"127",12.6,"Simu1","DIC",50,"cliver",0.000314162886902418
"128",12.7,"Simu1","DIC",50,"cliver",0.000289434662054716
"129",12.8,"Simu1","DIC",50,"cliver",0.000267020336972194
"130",12.9,"Simu1","DIC",50,"cliver",0.000246669980935815
"131",13,"Simu1","DIC",50,"cliver",0.000228177468746988
"132",13.1,"Simu1","DIC",50,"cliver",0.000211346360912234
"133",13.2,"Simu1","DIC",50,"cliver",0.000196027861360501
"134",13.3,"Simu1","DIC",50,"cliver",0.000181895999783373
"135",13.4,"Simu1","DIC",50,"cliver",0.000169398144444499
"136",13.5,"Simu1","DIC",50,"cliver",0.000157586538765963
"137",13.6,"Simu1","DIC",50,"cliver",0.000146988087189429
"138",13.7,"Simu1","DIC",50,"cliver",0.000137162962623571
"139",13.8,"Simu1","DIC",50,"cliver",0.000128276866859063
"140",13.9,"Simu1","DIC",50,"cliver",0.000119995702190472
"141",14,"Simu1","DIC",50,"cliver",0.000112516484680383
"142",14.1,"Simu1","DIC",50,"cliver",0.000105504099901213
"143",14.2,"Simu1","DIC",50,"cliver",9.92129979566197e-05
"144",14.3,"Simu1","DIC",50,"cliver",9.32225168656155e-05
"145",14.4,"Simu1","DIC",50,"cliver",8.79399077527721e-05
"146",14.5,"Simu1","DIC",50,"cliver",8.2772157736223e-05
"147",14.6,"Simu1","DIC",50,"cliver",7.82447940382455e-05
"148",14.7,"Simu1","DIC",50,"cliver",7.39503178248651e-05
"149",14.8,"Simu1","DIC",50,"cliver",7.00051301282431e-05
"150",14.9,"Simu1","DIC",50,"cliver",6.63319078115863e-05
"151",15,"Simu1","DIC",50,"cliver",6.29422041617505e-05
"152",15.1,"Simu1","DIC",50,"cliver",5.97638172356922e-05
"153",15.2,"Simu1","DIC",50,"cliver",5.68618738913152e-05
"154",15.3,"Simu1","DIC",50,"cliver",5.40902874899896e-05
"155",15.4,"Simu1","DIC",50,"cliver",5.15643149052471e-05
"156",15.5,"Simu1","DIC",50,"cliver",4.91933572062107e-05
"157",15.6,"Simu1","DIC",50,"cliver",4.70010792307865e-05
"158",15.7,"Simu1","DIC",50,"cliver",4.4896882122413e-05
"159",15.8,"Simu1","DIC",50,"cliver",4.29960388050345e-05
"160",15.9,"Simu1","DIC",50,"cliver",4.11557136161241e-05
"161",16,"Simu1","DIC",50,"cliver",9.99400399032834e-05
"162",16.1,"Simu1","DIC",50,"cliver",0.173402253587793
"163",16.2,"Simu1","DIC",50,"cliver",1.18290621472344
"164",16.3,"Simu1","DIC",50,"cliver",2.50291078820866
"165",16.4,"Simu1","DIC",50,"cliver",3.78931241072409
"166",16.5,"Simu1","DIC",50,"cliver",4.92938899429626
"167",16.6,"Simu1","DIC",50,"cliver",5.89521172186216
"168",16.7,"Simu1","DIC",50,"cliver",6.68878660330355
"169",16.8,"Simu1","DIC",50,"cliver",7.32194864895667
"170",16.9,"Simu1","DIC",50,"cliver",7.80907324054851
"171",17,"Simu1","DIC",50,"cliver",8.16449677885701
"172",17.1,"Simu1","DIC",50,"cliver",8.40166072477585
"173",17.2,"Simu1","DIC",50,"cliver",8.53288083131804
"174",17.3,"Simu1","DIC",50,"cliver",8.56933813569442
"175",17.4,"Simu1","DIC",50,"cliver",8.52114444022238
"176",17.5,"Simu1","DIC",50,"cliver",8.39742879348935
"177",17.6,"Simu1","DIC",50,"cliver",8.20642564407208
"178",17.7,"Simu1","DIC",50,"cliver",7.9555584457423
"179",17.8,"Simu1","DIC",50,"cliver",7.65151680090888
"180",17.9,"Simu1","DIC",50,"cliver",7.3003265318651
"181",18,"Simu1","DIC",50,"cliver",6.90741372212928
"182",18.1,"Simu1","DIC",50,"cliver",6.47766311518917
"183",18.2,"Simu1","DIC",50,"cliver",6.01547052377915
"184",18.3,"Simu1","DIC",50,"cliver",5.52479054176094
"185",18.4,"Simu1","DIC",50,"cliver",5.00918055045766
"186",18.5,"Simu1","DIC",50,"cliver",4.47184098134041
"187",18.6,"Simu1","DIC",50,"cliver",3.91565330617773
"188",18.7,"Simu1","DIC",50,"cliver",3.34321630496471
"189",18.8,"Simu1","DIC",50,"cliver",2.7568842339204
"190",18.9,"Simu1","DIC",50,"cliver",2.15881419316124
"191",19,"Simu1","DIC",50,"cliver",1.55104667314619
"192",19.1,"Simu1","DIC",50,"cliver",0.935741728989738
"193",19.2,"Simu1","DIC",50,"cliver",0.316722083932886
"194",19.3,"Simu1","DIC",50,"cliver",0.00106456407828755
"195",19.4,"Simu1","DIC",50,"cliver",0.000958712936449193
"196",19.5,"Simu1","DIC",50,"cliver",0.000865596031544784
"197",19.6,"Simu1","DIC",50,"cliver",0.00078335878363406
"198",19.7,"Simu1","DIC",50,"cliver",0.000710480329962905
"199",19.8,"Simu1","DIC",50,"cliver",0.000645708202583414
"200",19.9,"Simu1","DIC",50,"cliver",0.000587923301235718
"201",20,"Simu1","DIC",50,"cliver",0.000536304419735103
"202",20.1,"Simu1","DIC",50,"cliver",0.000490087237839699
"203",20.2,"Simu1","DIC",50,"cliver",0.000448518972186799
"204",20.3,"Simu1","DIC",50,"cliver",0.00041122059448188
"205",20.4,"Simu1","DIC",50,"cliver",0.000377574973233213
"206",20.5,"Simu1","DIC",50,"cliver",0.000347088092219043
"207",20.6,"Simu1","DIC",50,"cliver",0.000319773872161733
"208",20.7,"Simu1","DIC",50,"cliver",0.000294858207098673
"209",20.8,"Simu1","DIC",50,"cliver",0.000272267282803115
"210",20.9,"Simu1","DIC",50,"cliver",0.00025193288886513
"211",21,"Simu1","DIC",50,"cliver",0.000233155711193858
"212",21.1,"Simu1","DIC",50,"cliver",0.000216346169595508
"213",21.2,"Simu1","DIC",50,"cliver",0.000200955880353029
"214",21.3,"Simu1","DIC",50,"cliver",0.000186793508195627
"215",21.4,"Simu1","DIC",50,"cliver",0.000173989395809389
"216",21.5,"Simu1","DIC",50,"cliver",0.000162260688290978
"217",21.6,"Simu1","DIC",50,"cliver",0.000151492123701823
"218",21.7,"Simu1","DIC",50,"cliver",0.000141661676918197
"219",21.8,"Simu1","DIC",50,"cliver",0.000132562257044353
"220",21.9,"Simu1","DIC",50,"cliver",0.000124524437299862
"221",22,"Simu1","DIC",50,"cliver",0.000116543143416034
"222",22.1,"Simu1","DIC",50,"cliver",0.000109760397544178
"223",22.2,"Simu1","DIC",50,"cliver",0.000103319993719763
"224",22.3,"Simu1","DIC",50,"cliver",9.73861034226935e-05
"225",22.4,"Simu1","DIC",50,"cliver",9.19124857852614e-05
"226",22.5,"Simu1","DIC",50,"cliver",8.68588023331836e-05
"227",22.6,"Simu1","DIC",50,"cliver",8.21880039982353e-05
"228",22.7,"Simu1","DIC",50,"cliver",7.78665047838612e-05
"229",22.8,"Simu1","DIC",50,"cliver",7.38642895796473e-05
"230",22.9,"Simu1","DIC",50,"cliver",7.01540606005018e-05
"231",23,"Simu1","DIC",50,"cliver",6.67110332040722e-05
"232",23.1,"Simu1","DIC",50,"cliver",6.35126364898655e-05
"233",23.2,"Simu1","DIC",50,"cliver",6.05383663077494e-05
"234",23.3,"Simu1","DIC",50,"cliver",5.77696357138121e-05
"235",23.4,"Simu1","DIC",50,"cliver",5.51895544108814e-05
"236",23.5,"Simu1","DIC",50,"cliver",5.27827576776837e-05
"237",23.6,"Simu1","DIC",50,"cliver",5.05352651288152e-05
"238",23.7,"Simu1","DIC",50,"cliver",4.84343350697808e-05
"239",23.8,"Simu1","DIC",50,"cliver",4.64683324428165e-05
"240",23.9,"Simu1","DIC",50,"cliver",4.46267800065167e-05
"241",24,"Simu1","DIC",50,"cliver",0.000103460860967852
"242",24.1,"Simu1","DIC",50,"cliver",0.173626159341566
"243",24.2,"Simu1","DIC",50,"cliver",1.1836664526431
"244",24.3,"Simu1","DIC",50,"cliver",2.50420412280221
"245",24.4,"Simu1","DIC",50,"cliver",3.7911283608392
"246",24.5,"Simu1","DIC",50,"cliver",4.93171829657786
"247",24.6,"Simu1","DIC",50,"cliver",5.89804482159417
"248",24.7,"Simu1","DIC",50,"cliver",6.69211442426832
"249",24.8,"Simu1","DIC",50,"cliver",7.32576220562408
"250",24.9,"Simu1","DIC",50,"cliver",7.81336409527651
"251",25,"Simu1","DIC",50,"cliver",8.16925579262776
"252",25.1,"Simu1","DIC",50,"cliver",8.40687977395033
"253",25.2,"Simu1","DIC",50,"cliver",8.53855317324299
"254",25.3,"Simu1","DIC",50,"cliver",8.57545594791812
"255",25.4,"Simu1","DIC",50,"cliver",8.5277005409945
"256",25.5,"Simu1","DIC",50,"cliver",8.4044161834227
"257",25.6,"Simu1","DIC",50,"cliver",8.21383754797625
"258",25.7,"Simu1","DIC",50,"cliver",7.96338893270881
"259",25.8,"Simu1","DIC",50,"cliver",7.65975959871698
"260",25.9,"Simu1","DIC",50,"cliver",7.3089749726924
"261",26,"Simu1","DIC",50,"cliver",6.91646299262674
"262",26.1,"Simu1","DIC",50,"cliver",6.48710674399458
"263",26.2,"Simu1","DIC",50,"cliver",6.02530237114556
"264",26.3,"Simu1","DIC",50,"cliver",5.53500382733021
"265",26.4,"Simu1","DIC",50,"cliver",5.01976680770991
"266",26.5,"Simu1","DIC",50,"cliver",4.48279301508638
"267",26.6,"Simu1","DIC",50,"cliver",3.92696639109712
"268",26.7,"Simu1","DIC",50,"cliver",3.35488602752947
"269",26.8,"Simu1","DIC",50,"cliver",2.76890408820006
"270",26.9,"Simu1","DIC",50,"cliver",2.17117701355106
"271",27,"Simu1","DIC",50,"cliver",1.56374051086864
"272",27.1,"Simu1","DIC",50,"cliver",0.948745346815576
"273",27.2,"Simu1","DIC",50,"cliver",0.329911402712138
"274",27.3,"Simu1","DIC",50,"cliver",0.00106911989257012
"275",27.4,"Simu1","DIC",50,"cliver",0.0009630824212589
"276",27.5,"Simu1","DIC",50,"cliver",0.000869802586949992
"277",27.6,"Simu1","DIC",50,"cliver",0.000787421713931782
"278",27.7,"Simu1","DIC",50,"cliver",0.0007144170113582
"279",27.8,"Simu1","DIC",50,"cliver",0.000649532080184454
"280",27.9,"Simu1","DIC",50,"cliver",0.000591644469665449
"281",28,"Simu1","DIC",50,"cliver",0.000539937414992987
"282",28.1,"Simu1","DIC",50,"cliver",0.000493636875149499
"283",28.2,"Simu1","DIC",50,"cliver",0.00045201234172805
"284",28.3,"Simu1","DIC",50,"cliver",0.000414612246322451
"285",28.4,"Simu1","DIC",50,"cliver",0.000380895037153045
"286",28.5,"Simu1","DIC",50,"cliver",0.000350462350377122
"287",28.6,"Simu1","DIC",50,"cliver",0.000322949562652538
"288",28.7,"Simu1","DIC",50,"cliver",0.000298042111459034
"289",28.8,"Simu1","DIC",50,"cliver",0.000275461199167061
"290",28.9,"Simu1","DIC",50,"cliver",0.000254956599691913
"291",29,"Simu1","DIC",50,"cliver",0.000236318526965609
"292",29.1,"Simu1","DIC",50,"cliver",0.000219351004863403
"293",29.2,"Simu1","DIC",50,"cliver",0.000203907011373282
"294",29.3,"Simu1","DIC",50,"cliver",0.000189764433055561
"295",29.4,"Simu1","DIC",50,"cliver",0.000176958238194294
"296",29.5,"Simu1","DIC",50,"cliver",0.000165151082442259
"297",29.6,"Simu1","DIC",50,"cliver",0.000154408458989236
"298",29.7,"Simu1","DIC",50,"cliver",0.000144523591593239
"299",29.8,"Simu1","DIC",50,"cliver",0.000135503100338321
"300",29.9,"Simu1","DIC",50,"cliver",0.000127177886470606
"301",30,"Simu1","DIC",50,"cliver",0.000119576229026497
"302",30.1,"Simu1","DIC",50,"cliver",0.000112531599680388
"303",30.2,"Simu1","DIC",50,"cliver",0.000106110019816616
"304",30.3,"Simu1","DIC",50,"cliver",0.000100113737195325
"305",30.4,"Simu1","DIC",50,"cliver",9.46813313513899e-05
"306",30.5,"Simu1","DIC",50,"cliver",8.95363700973683e-05
"307",30.6,"Simu1","DIC",50,"cliver",8.49761437010218e-05
"308",30.7,"Simu1","DIC",50,"cliver",8.05369035034812e-05
"309",30.8,"Simu1","DIC",50,"cliver",7.66071346180837e-05
"310",30.9,"Simu1","DIC",50,"cliver",7.27174349933756e-05
"311",31,"Simu1","DIC",50,"cliver",6.95046342215958e-05
"312",31.1,"Simu1","DIC",50,"cliver",6.61495782651073e-05
"313",31.2,"Simu1","DIC",50,"cliver",6.31666753372212e-05
"314",31.3,"Simu1","DIC",50,"cliver",6.03880344286898e-05
"315",31.4,"Simu1","DIC",50,"cliver",5.77963225450024e-05
"316",31.5,"Simu1","DIC",50,"cliver",5.53791702740379e-05
"317",31.6,"Simu1","DIC",50,"cliver",5.31215998174823e-05
"318",31.7,"Simu1","DIC",50,"cliver",5.10107406868868e-05
"319",31.8,"Simu1","DIC",50,"cliver",4.90349909476659e-05
"320",31.9,"Simu1","DIC",50,"cliver",4.71839008673559e-05
"321",32,"Simu1","DIC",50,"cliver",0.000106068609442967
"322",32.1,"Simu1","DIC",50,"cliver",0.173792511541203
"323",32.2,"Simu1","DIC",50,"cliver",1.18422896733213
"324",32.3,"Simu1","DIC",50,"cliver",2.50515840276669
"325",32.4,"Simu1","DIC",50,"cliver",3.79246980387267
"326",32.5,"Simu1","DIC",50,"cliver",4.93344154824898
"327",32.6,"Simu1","DIC",50,"cliver",5.90014500409256
"328",32.7,"Simu1","DIC",50,"cliver",6.6945868625756
"329",32.8,"Simu1","DIC",50,"cliver",7.32860229415394
"330",32.9,"Simu1","DIC",50,"cliver",7.81656684485644
"331",33,"Simu1","DIC",50,"cliver",8.17281743830645
"332",33.1,"Simu1","DIC",50,"cliver",8.41079523436498
"333",33.2,"Simu1","DIC",50,"cliver",8.54281660385569
"334",33.3,"Simu1","DIC",50,"cliver",8.58006543880592
"335",33.4,"Simu1","DIC",50,"cliver",8.53265156945498
"336",33.5,"Simu1","DIC",50,"cliver",8.40970465576253
"337",33.6,"Simu1","DIC",50,"cliver",8.21945964745087
"338",33.7,"Simu1","DIC",50,"cliver",7.96934035152343
"339",33.8,"Simu1","DIC",50,"cliver",7.66603599370325
"340",33.9,"Simu1","DIC",50,"cliver",7.31557447024242
"341",34,"Simu1","DIC",50,"cliver",6.92338137426389
"342",34.1,"Simu1","DIC",50,"cliver",6.49433971380658
"343",34.2,"Simu1","DIC",50,"cliver",6.03284639816254
"344",34.3,"Simu1","DIC",50,"cliver",5.54285410267311
"345",34.4,"Simu1","DIC",50,"cliver",5.02791941664309
"346",34.5,"Simu1","DIC",50,"cliver",4.49124626240268
"347",34.6,"Simu1","DIC",50,"cliver",3.93571784505971
"348",34.7,"Simu1","DIC",50,"cliver",3.363931115081
"349",34.8,"Simu1","DIC",50,"cliver",2.77823822122899
"350",34.9,"Simu1","DIC",50,"cliver",2.1807947362317
"351",35,"Simu1","DIC",50,"cliver",1.57363595470869
"352",35.1,"Simu1","DIC",50,"cliver",0.958900131669654
"353",35.2,"Simu1","DIC",50,"cliver",0.340227151513418
"354",35.3,"Simu1","DIC",50,"cliver",0.0010728622055838
"355",35.4,"Simu1","DIC",50,"cliver",0.000966678481806535
"356",35.5,"Simu1","DIC",50,"cliver",0.000873271493538461
"357",35.6,"Simu1","DIC",50,"cliver",0.000790779910942349
"358",35.7,"Simu1","DIC",50,"cliver",0.000717674673796589
"359",35.8,"Simu1","DIC",50,"cliver",0.000652702604512869
"360",35.9,"Simu1","DIC",50,"cliver",0.000594742158052811
"361",36,"Simu1","DIC",50,"cliver",0.000542957521902299
"362",36.1,"Simu1","DIC",50,"cliver",0.000496600110067031
"363",36.2,"Simu1","DIC",50,"cliver",0.000454904648353704
"364",36.3,"Simu1","DIC",50,"cliver",0.000417473985569409
"365",36.4,"Simu1","DIC",50,"cliver",0.000383729976946485
"366",36.5,"Simu1","DIC",50,"cliver",0.000353154973765973
"367",36.6,"Simu1","DIC",50,"cliver",0.000325725559485586
"368",36.7,"Simu1","DIC",50,"cliver",0.00030075826685119
"369",36.8,"Simu1","DIC",50,"cliver",0.000278046868718
"370",36.9,"Simu1","DIC",50,"cliver",0.000257639037735491
"371",37,"Simu1","DIC",50,"cliver",0.00023886383255188
"372",37.1,"Simu1","DIC",50,"cliver",0.000221945523731476
"373",37.2,"Simu1","DIC",50,"cliver",0.00020648625293852
"374",37.3,"Simu1","DIC",50,"cliver",0.000192300657266649
"375",37.4,"Simu1","DIC",50,"cliver",0.000179451361654652
"376",37.5,"Simu1","DIC",50,"cliver",0.000167658441713197
"377",37.6,"Simu1","DIC",50,"cliver",0.000156860352822976
"378",37.7,"Simu1","DIC",50,"cliver",0.000146990063606008
"379",37.8,"Simu1","DIC",50,"cliver",0.000137839000810525
"380",37.9,"Simu1","DIC",50,"cliver",0.000129807655584409
"381",38,"Simu1","DIC",50,"cliver",0.000121978595673436
"382",38.1,"Simu1","DIC",50,"cliver",0.00011480865731854
"383",38.2,"Simu1","DIC",50,"cliver",0.000108620999944163
"384",38.3,"Simu1","DIC",50,"cliver",0.000102527075007194
"385",38.4,"Simu1","DIC",50,"cliver",9.69447685263617e-05
"386",38.5,"Simu1","DIC",50,"cliver",9.19255048694541e-05
"387",38.6,"Simu1","DIC",50,"cliver",8.72598269777973e-05
"388",38.7,"Simu1","DIC",50,"cliver",8.2860142075622e-05
"389",38.8,"Simu1","DIC",50,"cliver",7.88600644943007e-05
"390",38.9,"Simu1","DIC",50,"cliver",7.51191642346219e-05
"391",39,"Simu1","DIC",50,"cliver",7.16774629510911e-05
"392",39.1,"Simu1","DIC",50,"cliver",6.84794778829504e-05
"393",39.2,"Simu1","DIC",50,"cliver",6.5434336871502e-05
"394",39.3,"Simu1","DIC",50,"cliver",6.2667559724443e-05
"395",39.4,"Simu1","DIC",50,"cliver",6.00657172962921e-05
"396",39.5,"Simu1","DIC",50,"cliver",5.7641740215038e-05
"397",39.6,"Simu1","DIC",50,"cliver",5.53764648383119e-05
"398",39.7,"Simu1","DIC",50,"cliver",5.32595063643699e-05
"399",39.8,"Simu1","DIC",50,"cliver",5.12773704877863e-05
"400",39.9,"Simu1","DIC",50,"cliver",4.9420304954211e-05
"401",40,"Simu1","DIC",50,"cliver",0.000108349923277933
"402",40.1,"Simu1","DIC",50,"cliver",0.173939634182427
"403",40.2,"Simu1","DIC",50,"cliver",1.18473241509842
"404",40.3,"Simu1","DIC",50,"cliver",2.50601867876357
"405",40.4,"Simu1","DIC",50,"cliver",3.7936822162526
"406",40.5,"Simu1","DIC",50,"cliver",4.93500110035539
"407",40.6,"Simu1","DIC",50,"cliver",5.90204661442965
"408",40.7,"Simu1","DIC",50,"cliver",6.69682545034281
"409",40.8,"Simu1","DIC",50,"cliver",7.33117295890067
"410",40.9,"Simu1","DIC",50,"cliver",7.81946611425855
"411",41,"Simu1","DIC",50,"cliver",8.17603988520095
"412",41.1,"Simu1","DIC",50,"cliver",8.41433620485292
"413",41.2,"Simu1","DIC",50,"cliver",8.54667189909659
"414",41.3,"Simu1","DIC",50,"cliver",8.58422934039048
"415",41.4,"Simu1","DIC",50,"cliver",8.53712126808489
"416",41.5,"Simu1","DIC",50,"cliver",8.41447728693049
"417",41.6,"Simu1","DIC",50,"cliver",8.22453010228156
"418",41.7,"Simu1","DIC",50,"cliver",7.97470502701181
"419",41.8,"Simu1","DIC",50,"cliver",7.67169231189238
"420",41.9,"Simu1","DIC",50,"cliver",7.32151868808089
"421",42,"Simu1","DIC",50,"cliver",6.92960959142531
"422",42.1,"Simu1","DIC",50,"cliver",6.50084852645554
"423",42.2,"Simu1","DIC",50,"cliver",6.03963201860348
"424",42.3,"Simu1","DIC",50,"cliver",5.54991195912517
"425",42.4,"Simu1","DIC",50,"cliver",5.03524807925709
"426",42.5,"Simu1","DIC",50,"cliver",4.49884442416448
"427",42.6,"Simu1","DIC",50,"cliver",3.94358188947595
"428",42.7,"Simu1","DIC",50,"cliver",3.37205680705259
"429",42.8,"Simu1","DIC",50,"cliver",2.78662171585833
"430",42.9,"Simu1","DIC",50,"cliver",2.18943234002171
"431",43,"Simu1","DIC",50,"cliver",1.58251821337402
"432",43.1,"Simu1","DIC",50,"cliver",0.96801552812677
"433",43.2,"Simu1","DIC",50,"cliver",0.34949845334911
"434",43.3,"Simu1","DIC",50,"cliver",0.00107621759684933
"435",43.4,"Simu1","DIC",50,"cliver",0.000969903903977915
"436",43.5,"Simu1","DIC",50,"cliver",0.000876383487079315
"437",43.6,"Simu1","DIC",50,"cliver",0.000793792051445044
"438",43.7,"Simu1","DIC",50,"cliver",0.000720599797658236
"439",43.8,"Simu1","DIC",50,"cliver",0.000655550173618702
"440",43.9,"Simu1","DIC",50,"cliver",0.000597518104023168
"441",44,"Simu1","DIC",50,"cliver",0.000545674514784358
"442",44.1,"Simu1","DIC",50,"cliver",0.000499260221321659
"443",44.2,"Simu1","DIC",50,"cliver",0.000457529664225407
"444",44.3,"Simu1","DIC",50,"cliver",0.000420028754090612
"445",44.4,"Simu1","DIC",50,"cliver",0.000386225245082973
"446",44.5,"Simu1","DIC",50,"cliver",0.000355713280163743
"447",44.6,"Simu1","DIC",50,"cliver",0.000328127023435086
"448",44.7,"Simu1","DIC",50,"cliver",0.000303153217139315
"449",44.8,"Simu1","DIC",50,"cliver",0.000280509533065265
"450",44.9,"Simu1","DIC",50,"cliver",0.000259952330060666
"451",45,"Simu1","DIC",50,"cliver",0.000241255595110488
"452",45.1,"Simu1","DIC",50,"cliver",0.000224254309810279
"453",45.2,"Simu1","DIC",50,"cliver",0.000208732997235878
"454",45.3,"Simu1","DIC",50,"cliver",0.0001946806365324
"455",45.4,"Simu1","DIC",50,"cliver",0.000181658667983817
"456",45.5,"Simu1","DIC",50,"cliver",0.000169927134230717
"457",45.6,"Simu1","DIC",50,"cliver",0.000159091158807188
"458",45.7,"Simu1","DIC",50,"cliver",0.00014921504947841
"459",45.8,"Simu1","DIC",50,"cliver",0.000140114821518251
"460",45.9,"Simu1","DIC",50,"cliver",0.000131814463264281
"461",46,"Simu1","DIC",50,"cliver",0.000124131918640836
"462",46.1,"Simu1","DIC",50,"cliver",0.000117126999007155
"463",46.2,"Simu1","DIC",50,"cliver",0.000110602695851149
"464",46.3,"Simu1","DIC",50,"cliver",0.000104683314649158
"465",46.4,"Simu1","DIC",50,"cliver",9.91034164826265e-05
"466",46.5,"Simu1","DIC",50,"cliver",9.410600483418e-05
"467",46.6,"Simu1","DIC",50,"cliver",8.92771266140414e-05
"468",46.7,"Simu1","DIC",50,"cliver",8.50952466169073e-05
"469",46.8,"Simu1","DIC",50,"cliver",8.0822531887641e-05
"470",46.9,"Simu1","DIC",50,"cliver",7.72293161322825e-05
"471",47,"Simu1","DIC",50,"cliver",7.37512907134666e-05
"472",47.1,"Simu1","DIC",50,"cliver",7.0525058835541e-05
"473",47.2,"Simu1","DIC",50,"cliver",6.7525402149745e-05
"474",47.3,"Simu1","DIC",50,"cliver",6.47317963803271e-05
"475",47.4,"Simu1","DIC",50,"cliver",6.21276120977189e-05
"476",47.5,"Simu1","DIC",50,"cliver",5.96973941931376e-05
"477",47.6,"Simu1","DIC",50,"cliver",5.74271127130266e-05
"478",47.7,"Simu1","DIC",50,"cliver",5.53041323875014e-05
"479",47.8,"Simu1","DIC",50,"cliver",5.33168795515329e-05
"480",47.9,"Simu1","DIC",50,"cliver",5.14546285106287e-05
"481",48,"Simu1","DIC",50,"cliver",0.000110426285226009
"482",48.1,"Simu1","DIC",50,"cliver",0.174072097454657
"483",48.2,"Simu1","DIC",50,"cliver",1.18518415480411
"484",48.3,"Simu1","DIC",50,"cliver",2.50678963549668
"485",48.4,"Simu1","DIC",50,"cliver",3.79476834079241
"486",48.5,"Simu1","DIC",50,"cliver",4.93639827890577
"487",48.6,"Simu1","DIC",50,"cliver",5.90375076832618
"488",48.7,"Simu1","DIC",50,"cliver",6.69883255366904
"489",48.8,"Simu1","DIC",50,"cliver",7.33347912024592
"490",48.9,"Simu1","DIC",50,"cliver",7.82206631584141
"491",49,"Simu1","DIC",50,"cliver",8.17893127940918
"492",49.1,"Simu1","DIC",50,"cliver",8.41751640305436
"493",49.2,"Simu1","DIC",50,"cliver",8.55013774180398
"494",49.3,"Simu1","DIC",50,"cliver",8.5879768091701
"495",49.4,"Simu1","DIC",50,"cliver",8.54114602796593
"496",49.5,"Simu1","DIC",50,"cliver",8.41877490277068
"497",49.6,"Simu1","DIC",50,"cliver",8.22909838277212
"498",49.7,"Simu1","DIC",50,"cliver",7.97954023042114
"499",49.8,"Simu1","DIC",50,"cliver",7.67679064321943
"500",49.9,"Simu1","DIC",50,"cliver",7.32687615775281
"501",50,"Simu1","DIC",50,"cliver",6.93522322312809
"502",50.1,"Simu1","DIC",50,"cliver",6.50671661907922
"503",50.2,"Simu1","DIC",50,"cliver",6.04575248664457
"504",50.3,"Simu1","DIC",50,"cliver",5.55628575641804
"505",50.4,"Simu1","DIC",50,"cliver",5.04187378356222
"506",50.5,"Simu1","DIC",50,"cliver",4.50571737197762
"507",50.6,"Simu1","DIC",50,"cliver",3.95069769662965
"508",50.7,"Simu1","DIC",50,"cliver",3.37941233272713
"509",50.8,"Simu1","DIC",50,"cliver",2.7942135798839
"510",50.9,"Simu1","DIC",50,"cliver",2.19725340725851
"511",51,"Simu1","DIC",50,"cliver",1.59056654416865
"512",51.1,"Simu1","DIC",50,"cliver",0.97628035916679
"513",51.2,"Simu1","DIC",50,"cliver",0.357906762706892
"514",51.3,"Simu1","DIC",50,"cliver",0.00107929636988399
"515",51.4,"Simu1","DIC",50,"cliver",0.000972863819588031
"516",51.5,"Simu1","DIC",50,"cliver",0.000879239918465003
"517",51.6,"Simu1","DIC",50,"cliver",0.000796557844571033
"518",51.7,"Simu1","DIC",50,"cliver",0.000723285463998141
"519",51.8,"Simu1","DIC",50,"cliver",0.000658165141929982
"520",51.9,"Simu1","DIC",50,"cliver",0.000600070309961675
"521",52,"Simu1","DIC",50,"cliver",0.000548169757074476
"522",52.1,"Simu1","DIC",50,"cliver",0.000501705680683284
"523",52.2,"Simu1","DIC",50,"cliver",0.000459929527078904
"524",52.3,"Simu1","DIC",50,"cliver",0.000422387048246533
"525",52.4,"Simu1","DIC",50,"cliver",0.000388546463357594
"526",52.5,"Simu1","DIC",50,"cliver",0.00035800070431452
"527",52.6,"Simu1","DIC",50,"cliver",0.00033038349647306
"528",52.7,"Simu1","DIC",50,"cliver",0.00030538157728932
"529",52.8,"Simu1","DIC",50,"cliver",0.000282711829138078
"530",52.9,"Simu1","DIC",50,"cliver",0.000262131500836014
"531",53,"Simu1","DIC",50,"cliver",0.000243411844650468
"532",53.1,"Simu1","DIC",50,"cliver",0.000226392824132492
"533",53.2,"Simu1","DIC",50,"cliver",0.000210847413581103
"534",53.3,"Simu1","DIC",50,"cliver",0.000196795696625397
"535",53.4,"Simu1","DIC",50,"cliver",0.000183733262063507
"536",53.5,"Simu1","DIC",50,"cliver",0.000171990338403781
"537",53.6,"Simu1","DIC",50,"cliver",0.000161136588487295
"538",53.7,"Simu1","DIC",50,"cliver",0.000151267558581055
"539",53.8,"Simu1","DIC",50,"cliver",0.000142138268440142
"540",53.9,"Simu1","DIC",50,"cliver",0.000133842188466927
"541",54,"Simu1","DIC",50,"cliver",0.000126131191283295
"542",54.1,"Simu1","DIC",50,"cliver",0.000119138664692333
"543",54.2,"Simu1","DIC",50,"cliver",0.000112578029443754
"544",54.3,"Simu1","DIC",50,"cliver",0.000106683118521925
"545",54.4,"Simu1","DIC",50,"cliver",0.000101051428924683
"546",54.5,"Simu1","DIC",50,"cliver",9.6104187084433e-05
"547",54.6,"Simu1","DIC",50,"cliver",9.11895483743495e-05
"548",54.7,"Simu1","DIC",50,"cliver",8.70726739278229e-05
"549",54.8,"Simu1","DIC",50,"cliver",8.28340225440554e-05
"550",54.9,"Simu1","DIC",50,"cliver",7.91644493905159e-05
"551",55,"Simu1","DIC",50,"cliver",7.56908119686867e-05
"552",55.1,"Simu1","DIC",50,"cliver",7.24469425062981e-05
"553",55.2,"Simu1","DIC",50,"cliver",6.9505781393632e-05
"554",55.3,"Simu1","DIC",50,"cliver",6.66334455807327e-05
"555",55.4,"Simu1","DIC",50,"cliver",6.40395078264618e-05
"556",55.5,"Simu1","DIC",50,"cliver",6.15988708203494e-05
"557",55.6,"Simu1","DIC",50,"cliver",5.93263997699084e-05
"558",55.7,"Simu1","DIC",50,"cliver",5.7197518280674e-05
"559",55.8,"Simu1","DIC",50,"cliver",5.52065204950306e-05
"560",55.9,"Simu1","DIC",50,"cliver",5.33398407974191e-05
"561",56,"Simu1","DIC",50,"cliver",0.000112349725296572
"562",56.1,"Simu1","DIC",50,"cliver",0.174195989531921
"563",56.2,"Simu1","DIC",50,"cliver",1.18560584564774
"564",56.3,"Simu1","DIC",50,"cliver",2.5075081033726
"565",56.4,"Simu1","DIC",50,"cliver",3.79578036814118
"566",56.5,"Simu1","DIC",50,"cliver",4.93769981035249
"567",56.6,"Simu1","DIC",50,"cliver",5.90533782380515
"568",56.7,"Simu1","DIC",50,"cliver",6.70070129589571
"569",56.8,"Simu1","DIC",50,"cliver",7.33562594614113
"570",56.9,"Simu1","DIC",50,"cliver",7.82448766746154
"571",57,"Simu1","DIC",50,"cliver",8.18162459607758
"572",57.1,"Simu1","DIC",50,"cliver",8.42047879320055
"573",57.2,"Simu1","DIC",50,"cliver",8.55336270554406
"574",57.3,"Simu1","DIC",50,"cliver",8.5914624680009
"575",57.4,"Simu1","DIC",50,"cliver",8.54489023320937
"576",57.5,"Simu1","DIC",50,"cliver",8.42277445630912
"577",57.6,"Simu1","DIC",50,"cliver",8.23335078531303
"578",57.7,"Simu1","DIC",50,"cliver",7.98404342597031
"579",57.8,"Simu1","DIC",50,"cliver",7.68154179431509
"580",57.9,"Simu1","DIC",50,"cliver",7.33187294399722
"581",58,"Simu1","DIC",50,"cliver",6.94046361967373
"582",58.1,"Simu1","DIC",50,"cliver",6.51219856083447
"583",58.2,"Simu1","DIC",50,"cliver",6.0514724572273
"584",58.3,"Simu1","DIC",50,"cliver",5.56224030055799
"585",58.4,"Simu1","DIC",50,"cliver",5.04805772154337
"586",58.5,"Simu1","DIC",50,"cliver",4.51212630233692
"587",58.6,"Simu1","DIC",50,"cliver",3.95733053337489
"588",58.7,"Simu1","DIC",50,"cliver",3.3862685146061
"589",58.8,"Simu1","DIC",50,"cliver",2.80129102997621
"590",58.9,"Simu1","DIC",50,"cliver",2.20455123377408
"591",59,"Simu1","DIC",50,"cliver",1.5980762034197
"592",59.1,"Simu1","DIC",50,"cliver",0.983986200854474
"593",59.2,"Simu1","DIC",50,"cliver",0.365747765595532
"594",59.3,"Simu1","DIC",50,"cliver",0.00108215953516235
"595",59.4,"Simu1","DIC",50,"cliver",0.000975617425275965
"596",59.5,"Simu1","DIC",50,"cliver",0.000881898464729654
"597",59.6,"Simu1","DIC",50,"cliver",0.000799133467480103
"598",59.7,"Simu1","DIC",50,"cliver",0.000725786884423679
"599",59.8,"Simu1","DIC",50,"cliver",0.000660601470065526
"600",59.9,"Simu1","DIC",50,"cliver",0.000602451059018182
"601",60,"Simu1","DIC",50,"cliver",0.000550495598569439
"602",60.1,"Simu1","DIC",50,"cliver",0.000503986987965859
"603",60.2,"Simu1","DIC",50,"cliver",0.000462153014467945
"604",60.3,"Simu1","DIC",50,"cliver",0.000424598201063897
"605",60.4,"Simu1","DIC",50,"cliver",0.00039074512955974
"606",60.5,"Simu1","DIC",50,"cliver",0.000360059596670153
"607",60.6,"Simu1","DIC",50,"cliver",0.000332543588768696
"608",60.7,"Simu1","DIC",50,"cliver",0.000307495442606702
"609",60.8,"Simu1","DIC",50,"cliver",0.000284693589944512
"610",60.9,"Simu1","DIC",50,"cliver",0.00026423449484908
"611",61,"Simu1","DIC",50,"cliver",0.000245368180440749
"612",61.1,"Simu1","DIC",50,"cliver",0.000228396688367707
"613",61.2,"Simu1","DIC",50,"cliver",0.000212906228758729
"614",61.3,"Simu1","DIC",50,"cliver",0.000198633345646152
"615",61.4,"Simu1","DIC",50,"cliver",0.00018575725336519
"616",61.5,"Simu1","DIC",50,"cliver",0.000173916723092801
"617",61.6,"Simu1","DIC",50,"cliver",0.000163070104686082
"618",61.7,"Simu1","DIC",50,"cliver",0.000153160571471963
"619",61.8,"Simu1","DIC",50,"cliver",0.000143986978010442
"620",61.9,"Simu1","DIC",50,"cliver",0.000135862100798338
"621",62,"Simu1","DIC",50,"cliver",0.000128178437596872
"622",62.1,"Simu1","DIC",50,"cliver",0.000120979256278221
"623",62.2,"Simu1","DIC",50,"cliver",0.000114481020709637
"624",62.3,"Simu1","DIC",50,"cliver",0.000108490688127464
"625",62.4,"Simu1","DIC",50,"cliver",0.000102964569783604
"626",62.5,"Simu1","DIC",50,"cliver",9.78602876144593e-05
"627",62.6,"Simu1","DIC",50,"cliver",9.31413196557465e-05
"628",62.7,"Simu1","DIC",50,"cliver",8.87741967999557e-05
"629",62.8,"Simu1","DIC",50,"cliver",8.47284977978883e-05
"630",62.9,"Simu1","DIC",50,"cliver",8.09766751858749e-05
"631",63,"Simu1","DIC",50,"cliver",7.74937395252361e-05
"632",63.1,"Simu1","DIC",50,"cliver",7.42570438894362e-05
"633",63.2,"Simu1","DIC",50,"cliver",7.12460256928068e-05
"634",63.3,"Simu1","DIC",50,"cliver",6.84419935079614e-05
"635",63.4,"Simu1","DIC",50,"cliver",6.58279442513211e-05
"636",63.5,"Simu1","DIC",50,"cliver",6.33884132214093e-05
"637",63.6,"Simu1","DIC",50,"cliver",6.11093266404199e-05
"638",63.7,"Simu1","DIC",50,"cliver",5.89778669088577e-05
"639",63.8,"Simu1","DIC",50,"cliver",5.69823493660022e-05
"640",63.9,"Simu1","DIC",50,"cliver",5.51121682497908e-05
"641",64,"Simu1","DIC",50,"cliver",0.000114158646265996
"642",64.1,"Simu1","DIC",50,"cliver",0.174310951285376
"643",64.2,"Simu1","DIC",50,"cliver",1.18599516358376
"644",64.3,"Simu1","DIC",50,"cliver",2.50817045136122
"645",64.4,"Simu1","DIC",50,"cliver",3.79671235615628
"646",64.5,"Simu1","DIC",50,"cliver",4.93889832287514
"647",64.6,"Simu1","DIC",50,"cliver",5.90679983202807
"648",64.7,"Simu1","DIC",50,"cliver",6.70242384477475
"649",64.8,"Simu1","DIC",50,"cliver",7.33760620105637
"650",64.9,"Simu1","DIC",50,"cliver",7.82672238778286
"651",65,"Simu1","DIC",50,"cliver",8.18411060904196
"652",65.1,"Simu1","DIC",50,"cliver",8.42322051917828
"653",65.2,"Simu1","DIC",50,"cliver",8.55635666194489
"654",65.3,"Simu1","DIC",50,"cliver",8.59469709940332
"655",65.4,"Simu1","DIC",50,"cliver",8.54835749292891
"656",65.5,"Simu1","DIC",50,"cliver",8.42647782050594
"657",65.6,"Simu1","DIC",50,"cliver",8.23729292719326
"658",65.7,"Simu1","DIC",50,"cliver",7.98821771128433
"659",65.8,"Simu1","DIC",50,"cliver",7.68594769117779
"660",65.9,"Simu1","DIC",50,"cliver",7.33650809937325
"661",66,"Simu1","DIC",50,"cliver",6.94532480801417
"662",66.1,"Simu1","DIC",50,"cliver",6.51728058799175
"663",66.2,"Simu1","DIC",50,"cliver",6.05677209840957
"664",66.3,"Simu1","DIC",50,"cliver",5.5677572464078
"665",66.4,"Simu1","DIC",50,"cliver",5.05379423517166
"666",66.5,"Simu1","DIC",50,"cliver",4.5180818744222
"667",66.6,"Simu1","DIC",50,"cliver",3.96350068651783
"668",66.7,"Simu1","DIC",50,"cliver",3.39264904518912
"669",66.8,"Simu1","DIC",50,"cliver",2.80787962502
"670",66.9,"Simu1","DIC",50,"cliver",2.21134534742048
"671",67,"Simu1","DIC",50,"cliver",1.60507200466317
"672",67.1,"Simu1","DIC",50,"cliver",0.991170990421508
"673",67.2,"Simu1","DIC",50,"cliver",0.373060219448292
"674",67.3,"Simu1","DIC",50,"cliver",0.00108486596231015
"675",67.4,"Simu1","DIC",50,"cliver",0.000978220296146844
"676",67.5,"Simu1","DIC",50,"cliver",0.00088441141381852
"677",67.6,"Simu1","DIC",50,"cliver",0.000801567878550653
"678",67.7,"Simu1","DIC",50,"cliver",0.000728151463943327
"679",67.8,"Simu1","DIC",50,"cliver",0.000662904508575387
"680",67.9,"Simu1","DIC",50,"cliver",0.000604700915526917
"681",68,"Simu1","DIC",50,"cliver",0.000552694752921875
"682",68.1,"Simu1","DIC",50,"cliver",0.000506143255673211
"683",68.2,"Simu1","DIC",50,"cliver",0.000464271901604123
"684",68.3,"Simu1","DIC",50,"cliver",0.000426676216587554
"685",68.4,"Simu1","DIC",50,"cliver",0.000392793825927793
"686",68.5,"Simu1","DIC",50,"cliver",0.000362085648496945
"687",68.6,"Simu1","DIC",50,"cliver",0.000334530991859168
"688",68.7,"Simu1","DIC",50,"cliver",0.000309467901647511
"689",68.8,"Simu1","DIC",50,"cliver",0.000286634546992696
"690",68.9,"Simu1","DIC",50,"cliver",0.000266149638250137
"691",69,"Simu1","DIC",50,"cliver",0.00024729179029295
"692",69.1,"Simu1","DIC",50,"cliver",0.000230284224959213
"693",69.2,"Simu1","DIC",50,"cliver",0.000214767738584268
"694",69.3,"Simu1","DIC",50,"cliver",0.000200502127417454
"695",69.4,"Simu1","DIC",50,"cliver",0.00018759966811801
"696",69.5,"Simu1","DIC",50,"cliver",0.000175743168807878
"697",69.6,"Simu1","DIC",50,"cliver",0.000164893318197415
"698",69.7,"Simu1","DIC",50,"cliver",0.000154974183271965
"699",69.8,"Simu1","DIC",50,"cliver",0.000145760608844269
"700",69.9,"Simu1","DIC",50,"cliver",0.000137723977410889
"701",70,"Simu1","DIC",50,"cliver",0.0001298619131747
"702",70.1,"Simu1","DIC",50,"cliver",0.000122696211143554
"703",70.2,"Simu1","DIC",50,"cliver",0.000116228075770888
"704",70.3,"Simu1","DIC",50,"cliver",0.000110282458406159
"705",70.4,"Simu1","DIC",50,"cliver",0.000104771949805266
"706",70.5,"Simu1","DIC",50,"cliver",9.94557506090233e-05
"707",70.6,"Simu1","DIC",50,"cliver",9.48978375177668e-05
"708",70.7,"Simu1","DIC",50,"cliver",9.05386746104429e-05
"709",70.8,"Simu1","DIC",50,"cliver",8.64159416696266e-05
"710",70.9,"Simu1","DIC",50,"cliver",8.26724514063162e-05
"711",71,"Simu1","DIC",50,"cliver",7.91710793771305e-05
"712",71.1,"Simu1","DIC",50,"cliver",7.59681018249289e-05
"713",71.2,"Simu1","DIC",50,"cliver",7.2956801725244e-05
"714",71.3,"Simu1","DIC",50,"cliver",7.01446724539659e-05
"715",71.4,"Simu1","DIC",50,"cliver",6.7528923952867e-05
"716",71.5,"Simu1","DIC",50,"cliver",6.50859176978093e-05
"717",71.6,"Simu1","DIC",50,"cliver",6.28035007326273e-05
"718",71.7,"Simu1","DIC",50,"cliver",6.06645133842115e-05
"719",71.8,"Simu1","DIC",50,"cliver",5.86706012894134e-05
"720",71.9,"Simu1","DIC",50,"cliver",5.67932655743824e-05
"721",72,"Simu1","DIC",50,"cliver",0.000115875830135761
"722",72.1,"Simu1","DIC",50,"cliver",0.174420834926364
"723",72.2,"Simu1","DIC",50,"cliver",1.1863706758443
"724",72.3,"Simu1","DIC",50,"cliver",2.50881308494683
"725",72.4,"Simu1","DIC",50,"cliver",3.79761810500582
"726",72.5,"Simu1","DIC",50,"cliver",4.94006392674451
"727",72.6,"Simu1","DIC",50,"cliver",5.90822177166469
"728",72.7,"Simu1","DIC",50,"cliver",6.70409864168464
"729",72.8,"Simu1","DIC",50,"cliver",7.33953042242039
"730",72.9,"Simu1","DIC",50,"cliver",7.82889314149453
"731",73,"Simu1","DIC",50,"cliver",8.18652494694939
"732",73.1,"Simu1","DIC",50,"cliver",8.42586937344341
"733",73.2,"Simu1","DIC",50,"cliver",8.55924549288121
"734",73.3,"Simu1","DIC",50,"cliver",8.59782060928243
"735",73.4,"Simu1","DIC",50,"cliver",8.55171633708097
"736",73.5,"Simu1","DIC",50,"cliver",8.43006847101613
"737",73.6,"Simu1","DIC",50,"cliver",8.24110739395766
"738",73.7,"Simu1","DIC",50,"cliver",7.99225607564781
"739",73.8,"Simu1","DIC",50,"cliver",7.69020689223678
"740",73.9,"Simu1","DIC",50,"cliver",7.34098493843267
"741",74,"Simu1","DIC",50,"cliver",6.9500162700164
"742",74.1,"Simu1","DIC",50,"cliver",6.52218473572314
"743",74.2,"Simu1","DIC",50,"cliver",6.06188912178993
"744",74.3,"Simu1","DIC",50,"cliver",5.5730851567491
"745",74.4,"Simu1","DIC",50,"cliver",5.05932920166652
"746",74.5,"Simu1","DIC",50,"cliver",4.52382122707259
"747",74.6,"Simu1","DIC",50,"cliver",3.96944274172486
"748",74.7,"Simu1","DIC",50,"cliver",3.39879192473041
"749",74.8,"Simu1","DIC",50,"cliver",2.81422064426775
"750",74.9,"Simu1","DIC",50,"cliver",2.21788103244396
"751",75,"Simu1","DIC",50,"cliver",1.61179771075531
"752",75.1,"Simu1","DIC",50,"cliver",0.998076287544004
"753",75.2,"Simu1","DIC",50,"cliver",0.3800915955143
"754",75.3,"Simu1","DIC",50,"cliver",0.00108744785967372
"755",75.4,"Simu1","DIC",50,"cliver",0.000980703485866179
"756",75.5,"Simu1","DIC",50,"cliver",0.000886808797063571
"757",75.6,"Simu1","DIC",50,"cliver",0.000803890197838917
"758",75.7,"Simu1","DIC",50,"cliver",0.000730407406299595
"759",75.8,"Simu1","DIC",50,"cliver",0.000665101835530091
"760",75.9,"Simu1","DIC",50,"cliver",0.000606846715439612
"761",76,"Simu1","DIC",50,"cliver",0.000554793237012809
"762",76.1,"Simu1","DIC",50,"cliver",0.000508200479999807
"763",76.2,"Simu1","DIC",50,"cliver",0.00046629223994864
"764",76.3,"Simu1","DIC",50,"cliver",0.000428660806640928
"765",76.4,"Simu1","DIC",50,"cliver",0.000394749313135004
"766",76.5,"Simu1","DIC",50,"cliver",0.000364014490370074
"767",76.6,"Simu1","DIC",50,"cliver",0.000336431164184355
"768",76.7,"Simu1","DIC",50,"cliver",0.000311348834057412
"769",76.8,"Simu1","DIC",50,"cliver",0.000288490034082555
"770",76.9,"Simu1","DIC",50,"cliver",0.000267988943526109
"771",77,"Simu1","DIC",50,"cliver",0.000249116344798916
"772",77.1,"Simu1","DIC",50,"cliver",0.000232086990528792
"773",77.2,"Simu1","DIC",50,"cliver",0.000216556257576974
"774",77.3,"Simu1","DIC",50,"cliver",0.000202278831468367
"775",77.4,"Simu1","DIC",50,"cliver",0.000189363076397403
"776",77.5,"Simu1","DIC",50,"cliver",0.000177492386933612
"777",77.6,"Simu1","DIC",50,"cliver",0.00016663391317809
"778",77.7,"Simu1","DIC",50,"cliver",0.000156704008008214
"779",77.8,"Simu1","DIC",50,"cliver",0.000147484153994907
"780",77.9,"Simu1","DIC",50,"cliver",0.000139421573381687
"781",78,"Simu1","DIC",50,"cliver",0.000131550955498951
"782",78.1,"Simu1","DIC",50,"cliver",0.00012429900964549
"783",78.2,"Simu1","DIC",50,"cliver",0.000118086596009679
"784",78.3,"Simu1","DIC",50,"cliver",0.000111960157820502
"785",78.4,"Simu1","DIC",50,"cliver",0.000106340271691054
"786",78.5,"Simu1","DIC",50,"cliver",0.000101256928921188
"787",78.6,"Simu1","DIC",50,"cliver",9.65672347508952e-05
"788",78.7,"Simu1","DIC",50,"cliver",9.22234126926705e-05
"789",78.8,"Simu1","DIC",50,"cliver",8.78269256979523e-05
"790",78.9,"Simu1","DIC",50,"cliver",8.44278023802452e-05
"791",79,"Simu1","DIC",50,"cliver",8.08279438503316e-05
"792",79.1,"Simu1","DIC",50,"cliver",7.76251670299469e-05
"793",79.2,"Simu1","DIC",50,"cliver",7.45778736973718e-05
"794",79.3,"Simu1","DIC",50,"cliver",7.17636658657036e-05
"795",79.4,"Simu1","DIC",50,"cliver",6.91454049520806e-05
"796",79.5,"Simu1","DIC",50,"cliver",6.67091705841754e-05
"797",79.6,"Simu1","DIC",50,"cliver",6.44041347595709e-05
"798",79.7,"Simu1","DIC",50,"cliver",6.22910071564315e-05
"799",79.8,"Simu1","DIC",50,"cliver",6.02769097101685e-05
"800",79.9,"Simu1","DIC",50,"cliver",5.8403825670892e-05
"801",80,"Simu1","DIC",50,"cliver",0.000117519706959524
"802",80.1,"Simu1","DIC",50,"cliver",0.174525770695629
"803",80.2,"Simu1","DIC",50,"cliver",1.18672697673105
"804",80.3,"Simu1","DIC",50,"cliver",2.5094199592714
"805",80.4,"Simu1","DIC",50,"cliver",3.79847252287592
"806",80.5,"Simu1","DIC",50,"cliver",4.94116284514978
"807",80.6,"Simu1","DIC",50,"cliver",5.90956217831483
"808",80.7,"Simu1","DIC",50,"cliver",6.7056776043083
"809",80.8,"Simu1","DIC",50,"cliver",7.3413451878443
"810",80.9,"Simu1","DIC",50,"cliver",7.83094051682612
"811",81,"Simu1","DIC",50,"cliver",8.18880154648433
"812",81.1,"Simu1","DIC",50,"cliver",8.42837112930793
"813",81.2,"Simu1","DIC",50,"cliver",8.56196534075555
"814",81.3,"Simu1","DIC",50,"cliver",8.60076606101202
"815",81.4,"Simu1","DIC",50,"cliver",8.55488602330444
"816",81.5,"Simu1","DIC",50,"cliver",8.43345500732138
"817",81.6,"Simu1","DIC",50,"cliver",8.24470826673265
"818",81.7,"Simu1","DIC",50,"cliver",7.99606988543199
"819",81.8,"Simu1","DIC",50,"cliver",7.69423009011981
"820",81.9,"Simu1","DIC",50,"cliver",7.34521557902996
"821",82,"Simu1","DIC",50,"cliver",6.95445328423649
"822",82.1,"Simu1","DIC",50,"cliver",6.52682817419308
"823",82.2,"Simu1","DIC",50,"cliver",6.06673634094423
"824",82.3,"Simu1","DIC",50,"cliver",5.57813291000643
"825",82.4,"Simu1","DIC",50,"cliver",5.06457543940513
"826",82.5,"Simu1","DIC",50,"cliver",4.5292643369529
"827",82.6,"Simu1","DIC",50,"cliver",3.97508065239355
"828",82.7,"Simu1","DIC",50,"cliver",3.40462211426185
"829",82.8,"Simu1","DIC",50,"cliver",2.82024043535332
"830",82.9,"Simu1","DIC",50,"cliver",2.22408666274775
"831",83,"Simu1","DIC",50,"cliver",1.61818523395055
"832",83.1,"Simu1","DIC",50,"cliver",1.00463608074683
"833",83.2,"Simu1","DIC",50,"cliver",0.386774519531802
"834",83.3,"Simu1","DIC",50,"cliver",0.00108991996095491
"835",83.4,"Simu1","DIC",50,"cliver",0.000983081589722492
"836",83.5,"Simu1","DIC",50,"cliver",0.000889104870552294
"837",83.6,"Simu1","DIC",50,"cliver",0.000806114086485859
"838",83.7,"Simu1","DIC",50,"cliver",0.000732568571769403
"839",83.8,"Simu1","DIC",50,"cliver",0.000667207429189988
"840",83.9,"Simu1","DIC",50,"cliver",0.000608900181092349
"841",84,"Simu1","DIC",50,"cliver",0.000556804834145242
"842",84.1,"Simu1","DIC",50,"cliver",0.000510171948261477
"843",84.2,"Simu1","DIC",50,"cliver",0.000468242371250809
"844",84.3,"Simu1","DIC",50,"cliver",0.000430557453446279
"845",84.4,"Simu1","DIC",50,"cliver",0.000396591741016387
"846",84.5,"Simu1","DIC",50,"cliver",0.000365931865536321
"847",84.6,"Simu1","DIC",50,"cliver",0.000338209939914075
"848",84.7,"Simu1","DIC",50,"cliver",0.000313113403951644
"849",84.8,"Simu1","DIC",50,"cliver",0.000290355153145127
"850",84.9,"Simu1","DIC",50,"cliver",0.000269698742312368
"851",85,"Simu1","DIC",50,"cliver",0.000250899057471069
"852",85.1,"Simu1","DIC",50,"cliver",0.000233827632605856
"853",85.2,"Simu1","DIC",50,"cliver",0.00021818543202004
"854",85.3,"Simu1","DIC",50,"cliver",0.000204177128616566
"855",85.4,"Simu1","DIC",50,"cliver",0.000190941462801436
"856",85.5,"Simu1","DIC",50,"cliver",0.000179210155495064
"857",85.6,"Simu1","DIC",50,"cliver",0.000168275890236349
"858",85.7,"Simu1","DIC",50,"cliver",0.000158402014805942
"859",85.8,"Simu1","DIC",50,"cliver",0.000149190277209812
"860",85.9,"Simu1","DIC",50,"cliver",0.000140899917422151
"861",86,"Simu1","DIC",50,"cliver",0.000133106731065149
"862",86.1,"Simu1","DIC",50,"cliver",0.000126139649413166
"863",86.2,"Simu1","DIC",50,"cliver",0.000119476259436168
"864",86.3,"Simu1","DIC",50,"cliver",0.000113643569977586
"865",86.4,"Simu1","DIC",50,"cliver",0.000107866272724053
"866",86.5,"Simu1","DIC",50,"cliver",0.000103034583008126
"867",86.6,"Simu1","DIC",50,"cliver",9.80825785452848e-05
"868",86.7,"Simu1","DIC",50,"cliver",9.37589528334062e-05
"869",86.8,"Simu1","DIC",50,"cliver",8.96926565962498e-05
"870",86.9,"Simu1","DIC",50,"cliver",8.59179636878521e-05
"871",87,"Simu1","DIC",50,"cliver",8.23813469311283e-05
"872",87.1,"Simu1","DIC",50,"cliver",7.92109631547411e-05
"873",87.2,"Simu1","DIC",50,"cliver",7.6062384937218e-05
"874",87.3,"Simu1","DIC",50,"cliver",7.33575231178935e-05
"875",87.4,"Simu1","DIC",50,"cliver",7.07082497856231e-05
"876",87.5,"Simu1","DIC",50,"cliver",6.82639745830225e-05
"877",87.6,"Simu1","DIC",50,"cliver",6.59716047916421e-05
"878",87.7,"Simu1","DIC",50,"cliver",6.38314523977852e-05
"879",87.8,"Simu1","DIC",50,"cliver",6.18255152461935e-05
"880",87.9,"Simu1","DIC",50,"cliver",5.99460584693905e-05
"881",88,"Simu1","DIC",50,"cliver",0.000119095060908126
"882",88.1,"Simu1","DIC",50,"cliver",0.174626259284528
"883",88.2,"Simu1","DIC",50,"cliver",1.18706548625041
"884",88.3,"Simu1","DIC",50,"cliver",2.50999327820478
"885",88.4,"Simu1","DIC",50,"cliver",3.79927859446906
"886",88.5,"Simu1","DIC",50,"cliver",4.94219884086371
"887",88.6,"Simu1","DIC",50,"cliver",5.9108256837532
"888",88.7,"Simu1","DIC",50,"cliver",6.70716631027302
"889",88.8,"Simu1","DIC",50,"cliver",7.34305670017111
"890",88.9,"Simu1","DIC",50,"cliver",7.83287336109551
"891",89,"Simu1","DIC",50,"cliver",8.19095203796503
"892",89.1,"Simu1","DIC",50,"cliver",8.43073651935895
"893",89.2,"Simu1","DIC",50,"cliver",8.56454369280626
"894",89.3,"Simu1","DIC",50,"cliver",8.60355735997915
"895",89.4,"Simu1","DIC",50,"cliver",8.5578860032457
"896",89.5,"Simu1","DIC",50,"cliver",8.43666458401564
"897",89.6,"Simu1","DIC",50,"cliver",8.2481238484755
"898",89.7,"Simu1","DIC",50,"cliver",7.99969019434505
"899",89.8,"Simu1","DIC",50,"cliver",7.6980534563716
"900",89.9,"Simu1","DIC",50,"cliver",7.34924158536935
"901",90,"Simu1","DIC",50,"cliver",6.95867970022256
"902",90.1,"Simu1","DIC",50,"cliver",6.53125308942029
"903",90.2,"Simu1","DIC",50,"cliver",6.07135715994449
"904",90.3,"Simu1","DIC",50,"cliver",5.5829449602066
"905",90.4,"Simu1","DIC",50,"cliver",5.06957434014358
"906",90.5,"Simu1","DIC",50,"cliver",4.53444928612231
"907",90.6,"Simu1","DIC",50,"cliver",3.98045186839222
"908",90.7,"Simu1","DIC",50,"cliver",3.41017814145927
"909",90.8,"Simu1","DIC",50,"cliver",2.82597832095467
"910",90.9,"Simu1","DIC",50,"cliver",2.23000329016122
"911",91,"Simu1","DIC",50,"cliver",1.62427703563378
"912",91.1,"Simu1","DIC",50,"cliver",1.01089372634996
"913",91.2,"Simu1","DIC",50,"cliver",0.393151917685796
"914",91.3,"Simu1","DIC",50,"cliver",0.00109229099145428
"915",91.4,"Simu1","DIC",50,"cliver",0.000985362691832384
"916",91.5,"Simu1","DIC",50,"cliver",0.000891307928867023
"917",91.6,"Simu1","DIC",50,"cliver",0.000808249056935807
"918",91.7,"Simu1","DIC",50,"cliver",0.000734642874646876
"919",91.8,"Simu1","DIC",50,"cliver",0.000669228296238225
"920",91.9,"Simu1","DIC",50,"cliver",0.000610875361530093
"921",92,"Simu1","DIC",50,"cliver",0.000558735615890634
"922",92.1,"Simu1","DIC",50,"cliver",0.000512065698713412
"923",92.2,"Simu1","DIC",50,"cliver",0.000470103429617544
"924",92.3,"Simu1","DIC",50,"cliver",0.000432385666951736
"925",92.4,"Simu1","DIC",50,"cliver",0.000398392869973504
"926",92.5,"Simu1","DIC",50,"cliver",0.000367707962240822
"927",92.6,"Simu1","DIC",50,"cliver",0.000339962824296707
"928",92.7,"Simu1","DIC",50,"cliver",0.000314845598949956
"929",92.8,"Simu1","DIC",50,"cliver",0.00029206724596461
"930",92.9,"Simu1","DIC",50,"cliver",0.000271395589271372
"931",93,"Simu1","DIC",50,"cliver",0.00025257574355608
"932",93.1,"Simu1","DIC",50,"cliver",0.000235498845526266
"933",93.2,"Simu1","DIC",50,"cliver",0.00021982155747981
"934",93.3,"Simu1","DIC",50,"cliver",0.000205853740734273
"935",93.4,"Simu1","DIC",50,"cliver",0.000192551365633339
"936",93.5,"Simu1","DIC",50,"cliver",0.000180833126683226
"937",93.6,"Simu1","DIC",50,"cliver",0.000169873299180801
"938",93.7,"Simu1","DIC",50,"cliver",0.000160009794104764
"939",93.8,"Simu1","DIC",50,"cliver",0.000150768034358847
"940",93.9,"Simu1","DIC",50,"cliver",0.000142490849333424
"941",94,"Simu1","DIC",50,"cliver",0.000134665930520836
"942",94.1,"Simu1","DIC",50,"cliver",0.000127722044350352
"943",94.2,"Simu1","DIC",50,"cliver",0.000121014488377845
"944",94.3,"Simu1","DIC",50,"cliver",0.000115223391025435
"945",94.4,"Simu1","DIC",50,"cliver",0.000109398960246879
"946",94.5,"Simu1","DIC",50,"cliver",0.000104473607687736
"947",94.6,"Simu1","DIC",50,"cliver",9.9669394615252e-05
"948",94.7,"Simu1","DIC",50,"cliver",9.52830180467704e-05
"949",94.8,"Simu1","DIC",50,"cliver",9.12216122906644e-05
"950",94.9,"Simu1","DIC",50,"cliver",8.74806885325156e-05
"951",95,"Simu1","DIC",50,"cliver",8.39225867719715e-05
"952",95.1,"Simu1","DIC",50,"cliver",8.07542677786361e-05
"953",95.2,"Simu1","DIC",50,"cliver",7.75306725894393e-05
"954",95.3,"Simu1","DIC",50,"cliver",7.4862937836967e-05
"955",95.4,"Simu1","DIC",50,"cliver",7.22125912937079e-05
"956",95.5,"Simu1","DIC",50,"cliver",6.97644816659965e-05
"957",95.6,"Simu1","DIC",50,"cliver",6.74681612331345e-05
"958",95.7,"Simu1","DIC",50,"cliver",6.53254590411607e-05
"959",95.8,"Simu1","DIC",50,"cliver",6.33166299513647e-05
"960",95.9,"Simu1","DIC",50,"cliver",6.14346541728661e-05
"961",96,"Simu1","DIC",50,"cliver",0.000120614762102801
"962",96.1,"Simu1","DIC",50,"cliver",0.17472293395837
"963",96.2,"Simu1","DIC",50,"cliver",1.1873936281937
"964",96.3,"Simu1","DIC",50,"cliver",2.51055226149917
"965",96.4,"Simu1","DIC",50,"cliver",3.800065734332
"966",96.5,"Simu1","DIC",50,"cliver",4.9432114155801
"967",96.6,"Simu1","DIC",50,"cliver",5.91206102373449
"968",96.7,"Simu1","DIC",50,"cliver",6.70862180222651
"969",96.8,"Simu1","DIC",50,"cliver",7.34472973455526
"970",96.9,"Simu1","DIC",50,"cliver",7.83476090311217
"971",97,"Simu1","DIC",50,"cliver",8.1930530914982
"972",97.1,"Simu1","DIC",50,"cliver",8.43304905001667
"973",97.2,"Simu1","DIC",50,"cliver",8.56706520540222
"974",97.3,"Simu1","DIC",50,"cliver",8.60628346864713
"975",97.4,"Simu1","DIC",50,"cliver",8.5608166469069
"976",97.5,"Simu1","DIC",50,"cliver",8.43979461108783
"977",97.6,"Simu1","DIC",50,"cliver",8.251452673671
"978",97.7,"Simu1","DIC",50,"cliver",8.00321492020417
"979",97.8,"Simu1","DIC",50,"cliver",7.70177185598124
"980",97.9,"Simu1","DIC",50,"cliver",7.35315033825192
"981",98,"Simu1","DIC",50,"cliver",6.96277709816269
"982",98.1,"Simu1","DIC",50,"cliver",6.5355371463026
"983",98.2,"Simu1","DIC",50,"cliver",6.07582683636392
"984",98.3,"Simu1","DIC",50,"cliver",5.58760125004845
"985",98.4,"Simu1","DIC",50,"cliver",5.07441783868054
"986",98.5,"Simu1","DIC",50,"cliver",4.53947729273048
"987",98.6,"Simu1","DIC",50,"cliver",3.98566057704602
"988",98.7,"Simu1","DIC",50,"cliver",3.4155645943966
"989",98.8,"Simu1","DIC",50,"cliver",2.83154014482537
"990",98.9,"Simu1","DIC",50,"cliver",2.23573598320633
"991",99,"Simu1","DIC",50,"cliver",1.6301768230821
"992",99.1,"Simu1","DIC",50,"cliver",1.0169567458537
"993",99.2,"Simu1","DIC",50,"cliver",0.399336552341753
"994",99.3,"Simu1","DIC",50,"cliver",0.00109459047430136
"995",99.4,"Simu1","DIC",50,"cliver",0.000987574214867487
"996",99.5,"Simu1","DIC",50,"cliver",0.000893443025391269
"997",99.6,"Simu1","DIC",50,"cliver",0.000810317380464563
"998",99.7,"Simu1","DIC",50,"cliver",0.000736652049513687
"999",99.8,"Simu1","DIC",50,"cliver",0.00067118524771101
"1000",99.9,"Simu1","DIC",50,"cliver",0.000612786922798295
"1001",100,"Simu1","DIC",50,"cliver",0.000560604711524916
"1002",100.1,"Simu1","DIC",50,"cliver",0.00051389815066339
"1003",100.2,"Simu1","DIC",50,"cliver",0.000471903382770225
"1004",100.3,"Simu1","DIC",50,"cliver",0.000434154511184705
"1005",100.4,"Simu1","DIC",50,"cliver",0.00040013496104511
"1006",100.5,"Simu1","DIC",50,"cliver",0.000369425559506076
"1007",100.6,"Simu1","DIC",50,"cliver",0.00034165788576606
"1008",100.7,"Simu1","DIC",50,"cliver",0.000316520418378293
"1009",100.8,"Simu1","DIC",50,"cliver",0.000293722831066802
"1010",100.9,"Simu1","DIC",50,"cliver",0.000273035491539133
"1011",101,"Simu1","DIC",50,"cliver",0.00025419748837077
"1012",101.1,"Simu1","DIC",50,"cliver",0.000237111911446183
"1013",101.2,"Simu1","DIC",50,"cliver",0.000221408219418587
"1014",101.3,"Simu1","DIC",50,"cliver",0.000207459848846877
"1015",101.4,"Simu1","DIC",50,"cliver",0.000194134125648397
"1016",101.5,"Simu1","DIC",50,"cliver",0.000182299834202884
"1017",101.6,"Simu1","DIC",50,"cliver",0.000171530937768241
"1018",101.7,"Simu1","DIC",50,"cliver",0.000161459418167568
"1019",101.8,"Simu1","DIC",50,"cliver",0.000152373716566254
"1020",101.9,"Simu1","DIC",50,"cliver",0.000143916753054405
"1021",102,"Simu1","DIC",50,"cliver",0.00013635165539727
"1022",102.1,"Simu1","DIC",50,"cliver",0.000128988601712869
"1023",102.2,"Simu1","DIC",50,"cliver",0.000122963717936638
"1024",102.3,"Simu1","DIC",50,"cliver",0.000116769670740435
"1025",102.4,"Simu1","DIC",50,"cliver",0.000110496994579785
"1026",102.5,"Simu1","DIC",50,"cliver",0.000105947109213837
"1027",102.6,"Simu1","DIC",50,"cliver",0.000101157276667987
"1028",102.7,"Simu1","DIC",50,"cliver",9.67638724793655e-05
"1029",102.8,"Simu1","DIC",50,"cliver",9.26933883596216e-05
"1030",102.9,"Simu1","DIC",50,"cliver",8.89187800974191e-05
"1031",103,"Simu1","DIC",50,"cliver",8.5413225320148e-05
"1032",103.1,"Simu1","DIC",50,"cliver",8.21554635632815e-05
"1033",103.2,"Simu1","DIC",50,"cliver",7.91245422117757e-05
"1034",103.3,"Simu1","DIC",50,"cliver",7.63008993754694e-05
"1035",103.4,"Simu1","DIC",50,"cliver",7.36703150870256e-05
"1036",103.5,"Simu1","DIC",50,"cliver",7.12090741670374e-05
"1037",103.6,"Simu1","DIC",50,"cliver",6.89247053178903e-05
"1038",103.7,"Simu1","DIC",50,"cliver",6.67451546299621e-05
"1039",103.8,"Simu1","DIC",50,"cliver",6.47430363077639e-05
"1040",103.9,"Simu1","DIC",50,"cliver",6.27788306158427e-05
"1041",104,"Simu1","DIC",50,"cliver",0.000122084153603186
"1042",104.1,"Simu1","DIC",50,"cliver",0.174817408281
"1043",104.2,"Simu1","DIC",50,"cliver",1.18771819154455
"1044",104.3,"Simu1","DIC",50,"cliver",2.51110941387638
"1045",104.4,"Simu1","DIC",50,"cliver",3.80085197515383
"1046",104.5,"Simu1","DIC",50,"cliver",4.94422338774073
"1047",104.6,"Simu1","DIC",50,"cliver",5.91329599098893
"1048",104.7,"Simu1","DIC",50,"cliver",6.71007640228571
"1049",104.8,"Simu1","DIC",50,"cliver",7.34640065538712
"1050",104.9,"Simu1","DIC",50,"cliver",7.83664523760733
"1051",105,"Simu1","DIC",50,"cliver",8.19514775535442
"1052",105.1,"Simu1","DIC",50,"cliver",8.43535087812814
"1053",105.2,"Simu1","DIC",50,"cliver",8.56957144493081
"1054",105.3,"Simu1","DIC",50,"cliver",8.60899153019848
"1055",105.4,"Simu1","DIC",50,"cliver",8.56372399226812
"1056",105.5,"Simu1","DIC",50,"cliver",8.44289880802392
"1057",105.6,"Simu1","DIC",50,"cliver",8.25475138141133
"1058",105.7,"Simu1","DIC",50,"cliver",8.00670601027944
"1059",105.8,"Simu1","DIC",50,"cliver",7.70545311626921
"1060",105.9,"Simu1","DIC",50,"cliver",7.35701946042909
"1061",106,"Simu1","DIC",50,"cliver",6.96683174671215
"1062",106.1,"Simu1","DIC",50,"cliver",6.53977504333326
"1063",106.2,"Simu1","DIC",50,"cliver",6.0802457969165
"1064",106.3,"Simu1","DIC",50,"cliver",5.59219941511957
"1065",106.4,"Simu1","DIC",50,"cliver",5.0791936897694
"1066",106.5,"Simu1","DIC",50,"cliver",4.54442905508043
"1067",106.6,"Simu1","DIC",50,"cliver",3.99078627821458
"1068",106.7,"Simu1","DIC",50,"cliver",3.42086261033367
"1069",106.8,"Simu1","DIC",50,"cliver",2.83700907692215
"1070",106.9,"Simu1","DIC",50,"cliver",2.24137595688727
"1071",107,"Simu1","DIC",50,"cliver",1.6359825779786
"1072",107.1,"Simu1","DIC",50,"cliver",1.02291478738862
"1073",107.2,"Simu1","DIC",50,"cliver",0.40540322592508
"1074",107.3,"Simu1","DIC",50,"cliver",0.00109681505138463
"1075",107.4,"Simu1","DIC",50,"cliver",0.000989713828459254
"1076",107.5,"Simu1","DIC",50,"cliver",0.000895508867347676
"1077",107.6,"Simu1","DIC",50,"cliver",0.000812318953918949
"1078",107.7,"Simu1","DIC",50,"cliver",0.000738596257651756
"1079",107.8,"Simu1","DIC",50,"cliver",0.000673078725813464
"1080",107.9,"Simu1","DIC",50,"cliver",0.000614638381747445
"1081",108,"Simu1","DIC",50,"cliver",0.000562413371997118
"1082",108.1,"Simu1","DIC",50,"cliver",0.000515671219169283
"1083",108.2,"Simu1","DIC",50,"cliver",0.000473630646545542
"1084",108.3,"Simu1","DIC",50,"cliver",0.000435867364466102
"1085",108.4,"Simu1","DIC",50,"cliver",0.000401852953877989
"1086",108.5,"Simu1","DIC",50,"cliver",0.00037102434573551
"1087",108.6,"Simu1","DIC",50,"cliver",0.000343335092292473
"1088",108.7,"Simu1","DIC",50,"cliver",0.000318182783779864
"1089",108.8,"Simu1","DIC",50,"cliver",0.0002952379646555
"1090",108.9,"Simu1","DIC",50,"cliver",0.000274672737686749
"1091",109,"Simu1","DIC",50,"cliver",0.000255751075603573
"1092",109.1,"Simu1","DIC",50,"cliver",0.000238641829179193
"1093",109.2,"Simu1","DIC",50,"cliver",0.000223056974469306
"1094",109.3,"Simu1","DIC",50,"cliver",0.000208743491103548
"1095",109.4,"Simu1","DIC",50,"cliver",0.000195774517749491
"1096",109.5,"Simu1","DIC",50,"cliver",0.000183856573765109
"1097",109.6,"Simu1","DIC",50,"cliver",0.000172967754489644
"1098",109.7,"Simu1","DIC",50,"cliver",0.000162997008586605
"1099",109.8,"Simu1","DIC",50,"cliver",0.000153762881271405
"1100",109.9,"Simu1","DIC",50,"cliver",0.000145587524676578
"1101",110,"Simu1","DIC",50,"cliver",0.000137764788735874
"1102",110.1,"Simu1","DIC",50,"cliver",0.000130502115817833
"1103",110.2,"Simu1","DIC",50,"cliver",0.000124173712296744
"1104",110.3,"Simu1","DIC",50,"cliver",0.000118077021934816
"1105",110.4,"Simu1","DIC",50,"cliver",0.000112347904354047
"1106",110.5,"Simu1","DIC",50,"cliver",0.000107447008329611
"1107",110.6,"Simu1","DIC",50,"cliver",0.000102651293956313
"1108",110.7,"Simu1","DIC",50,"cliver",9.82246995315364e-05
"1109",110.8,"Simu1","DIC",50,"cliver",9.42364762817827e-05
"1110",110.9,"Simu1","DIC",50,"cliver",9.03111127788502e-05
"1111",111,"Simu1","DIC",50,"cliver",8.67586748777272e-05
"1112",111.1,"Simu1","DIC",50,"cliver",8.36702996584489e-05
"1113",111.2,"Simu1","DIC",50,"cliver",8.05161342101455e-05
"1114",111.3,"Simu1","DIC",50,"cliver",7.77180952244551e-05
"1115",111.4,"Simu1","DIC",50,"cliver",7.50772505668163e-05
"1116",111.5,"Simu1","DIC",50,"cliver",7.26165697622556e-05
"1117",111.6,"Simu1","DIC",50,"cliver",7.02714392715929e-05
"1118",111.7,"Simu1","DIC",50,"cliver",6.81608099988302e-05
"1119",111.8,"Simu1","DIC",50,"cliver",6.61030124728672e-05
"1120",111.9,"Simu1","DIC",50,"cliver",6.43266973214717e-05
"1121",112,"Simu1","DIC",50,"cliver",0.000123505887884199
"1122",112.1,"Simu1","DIC",50,"cliver",0.174907584593092
"1123",112.2,"Simu1","DIC",50,"cliver",1.18802103897328
"1124",112.3,"Simu1","DIC",50,"cliver",2.5116215755921
"1125",112.4,"Simu1","DIC",50,"cliver",3.8015717352359
"1126",112.5,"Simu1","DIC",50,"cliver",4.94514868735372
"1127",112.6,"Simu1","DIC",50,"cliver",5.91442421689117
"1128",112.7,"Simu1","DIC",50,"cliver",6.71140568464816
"1129",112.8,"Simu1","DIC",50,"cliver",7.34792919692478
"1130",112.9,"Simu1","DIC",50,"cliver",7.83837099403719
"1131",113,"Simu1","DIC",50,"cliver",8.1970689719887
"1132",113.1,"Simu1","DIC",50,"cliver",8.43746600878289
"1133",113.2,"Simu1","DIC",50,"cliver",8.57187866572816
"1134",113.3,"Simu1","DIC",50,"cliver",8.61148897473798
"1135",113.4,"Simu1","DIC",50,"cliver",8.56640985993314
"1136",113.5,"Simu1","DIC",50,"cliver",8.44577130571546
"1137",113.6,"Simu1","DIC",50,"cliver",8.25780873035307
"1138",113.7,"Simu1","DIC",50,"cliver",8.00994632550277
"1139",113.8,"Simu1","DIC",50,"cliver",7.70887469656845
"1140",113.9,"Simu1","DIC",50,"cliver",7.36062078656747
"1141",114,"Simu1","DIC",50,"cliver",6.97061140750288
"1142",114.1,"Simu1","DIC",50,"cliver",6.5437316472272
"1143",114.2,"Simu1","DIC",50,"cliver",6.08437792182016
"1144",114.3,"Simu1","DIC",50,"cliver",5.59650535941301
"1145",114.4,"Simu1","DIC",50,"cliver",5.08367142995841
"1146",114.5,"Simu1","DIC",50,"cliver",4.54907682727428
"1147",114.6,"Simu1","DIC",50,"cliver",3.99560243290772
"1148",114.7,"Simu1","DIC",50,"cliver",3.42584496643194
"1149",114.8,"Simu1","DIC",50,"cliver",2.84215481816859
"1150",114.9,"Simu1","DIC",50,"cliver",2.24667974984033
"1151",115,"Simu1","DIC",50,"cliver",1.64144201185161
"1152",115.1,"Simu1","DIC",50,"cliver",1.02852673056088
"1153",115.2,"Simu1","DIC",50,"cliver",0.411131445005647
"1154",115.3,"Simu1","DIC",50,"cliver",0.00109896134913187
"1155",115.4,"Simu1","DIC",50,"cliver",0.000991778906020096
"1156",115.5,"Simu1","DIC",50,"cliver",0.000897502990148764
"1157",115.6,"Simu1","DIC",50,"cliver",0.000814250418880586
"1158",115.7,"Simu1","DIC",50,"cliver",0.000740473777882643
"1159",115.8,"Simu1","DIC",50,"cliver",0.000674908719815628
"1160",115.9,"Simu1","DIC",50,"cliver",0.000616421032628762
"1161",116,"Simu1","DIC",50,"cliver",0.000564161921768246
"1162",116.1,"Simu1","DIC",50,"cliver",0.000517385804383359
"1163",116.2,"Simu1","DIC",50,"cliver",0.000475326169523653
"1164",116.3,"Simu1","DIC",50,"cliver",0.000437522096333294
"1165",116.4,"Simu1","DIC",50,"cliver",0.000403450599356471
"1166",116.5,"Simu1","DIC",50,"cliver",0.000372694479383546
"1167",116.6,"Simu1","DIC",50,"cliver",0.000344884600019728
"1168",116.7,"Simu1","DIC",50,"cliver",0.000319708407950869
"1169",116.8,"Simu1","DIC",50,"cliver",0.000296876347302414
"1170",116.9,"Simu1","DIC",50,"cliver",0.000276154984531238
"1171",117,"Simu1","DIC",50,"cliver",0.000257290381236328
"1172",117.1,"Simu1","DIC",50,"cliver",0.000240170501419185
"1173",117.2,"Simu1","DIC",50,"cliver",0.000224458060169527
"1174",117.3,"Simu1","DIC",50,"cliver",0.000210450539129034
"1175",117.4,"Simu1","DIC",50,"cliver",0.000197116574347082
"1176",117.5,"Simu1","DIC",50,"cliver",0.00018536948335556
"1177",117.6,"Simu1","DIC",50,"cliver",0.000174381723391667
"1178",117.7,"Simu1","DIC",50,"cliver",0.000164490878604733
"1179",117.8,"Simu1","DIC",50,"cliver",0.000155225660936155
"1180",117.9,"Simu1","DIC",50,"cliver",0.000146925178964871
"1181",118,"Simu1","DIC",50,"cliver",0.000139080036005547
"1182",118.1,"Simu1","DIC",50,"cliver",0.000132115099591062
"1183",118.2,"Simu1","DIC",50,"cliver",0.000125390407400225
"1184",118.3,"Simu1","DIC",50,"cliver",0.000119580228521704
"1185",118.4,"Simu1","DIC",50,"cliver",0.000113743052710477
"1186",118.5,"Simu1","DIC",50,"cliver",0.000108801331485572
"1187",118.6,"Simu1","DIC",50,"cliver",0.000103979536951395
"1188",118.7,"Simu1","DIC",50,"cliver",9.95823107666697e-05
"1189",118.8,"Simu1","DIC",50,"cliver",9.55059927933237e-05
"1190",118.9,"Simu1","DIC",50,"cliver",9.17492069672796e-05
"1191",119,"Simu1","DIC",50,"cliver",8.81859748499952e-05
"1192",119.1,"Simu1","DIC",50,"cliver",8.4997852750468e-05
"1193",119.2,"Simu1","DIC",50,"cliver",8.17842037915851e-05
"1194",119.3,"Simu1","DIC",50,"cliver",7.90925157517608e-05
"1195",119.4,"Simu1","DIC",50,"cliver",7.64328518861298e-05
"1196",119.5,"Simu1","DIC",50,"cliver",7.39756845610542e-05
"1197",119.6,"Simu1","DIC",50,"cliver",7.16709746118923e-05
"1198",119.7,"Simu1","DIC",50,"cliver",6.9519930665188e-05
"1199",119.8,"Simu1","DIC",50,"cliver",6.75032368415384e-05
"1200",119.9,"Simu1","DIC",50,"cliver",6.56136965490201e-05
"1201",120,"Simu1","DIC",50,"cliver",0.000124883282438944
"1202",120.1,"Simu1","DIC",50,"cliver",0.174996459141133
"1203",120.2,"Simu1","DIC",50,"cliver",1.18832533381646
"1204",120.3,"Simu1","DIC",50,"cliver",2.51214210476149
"1205",120.4,"Simu1","DIC",50,"cliver",3.80230599796072
"1206",120.5,"Simu1","DIC",50,"cliver",4.9460937400622
"1207",120.6,"Simu1","DIC",50,"cliver",5.91557699136873
"1208",120.7,"Simu1","DIC",50,"cliver",6.71276318519306
"1209",120.8,"Simu1","DIC",50,"cliver",7.34948846575904
"1210",120.9,"Simu1","DIC",50,"cliver",7.84012933290446
"1211",121,"Simu1","DIC",50,"cliver",8.19902346475095
"1212",121.1,"Simu1","DIC",50,"cliver",8.43961425168099
"1213",121.2,"Simu1","DIC",50,"cliver",8.5742180940773
"1214",121.3,"Simu1","DIC",50,"cliver",8.61401730251974
"1215",121.4,"Simu1","DIC",50,"cliver",8.56912488348609
"1216",121.5,"Simu1","DIC",50,"cliver",8.44867090711818
"1217",121.6,"Simu1","DIC",50,"cliver",8.26089129264879
"1218",121.7,"Simu1","DIC",50,"cliver",8.01321018255764
"1219",121.8,"Simu1","DIC",50,"cliver",7.71231777701185
"1220",121.9,"Simu1","DIC",50,"cliver",7.36424260707372
"1221",122,"Simu1","DIC",50,"cliver",6.97440992445354
"1222",122.1,"Simu1","DIC",50,"cliver",6.54770476189678
"1223",122.2,"Simu1","DIC",50,"cliver",6.08852308836344
"1224",122.3,"Simu1","DIC",50,"cliver",5.60081796350711
"1225",122.4,"Simu1","DIC",50,"cliver",5.08814712785979
"1226",122.5,"Simu1","DIC",50,"cliver",4.553714650051
"1227",122.6,"Simu1","DIC",50,"cliver",4.00040255630975
"1228",122.7,"Simu1","DIC",50,"cliver",3.43080651459507
"1229",122.8,"Simu1","DIC",50,"cliver",2.84727588045931
"1230",122.9,"Simu1","DIC",50,"cliver",2.25195963458881
"1231",123,"Simu1","DIC",50,"cliver",1.64687680865707
"1232",123.1,"Simu1","DIC",50,"cliver",1.03410381583247
"1233",123.2,"Simu1","DIC",50,"cliver",0.416811517520881
"1234",123.3,"Simu1","DIC",50,"cliver",0.00110104487791554
"1235",123.4,"Simu1","DIC",50,"cliver",0.000993783008294401
"1236",123.5,"Simu1","DIC",50,"cliver",0.000899438366873565
"1237",123.6,"Simu1","DIC",50,"cliver",0.000816126257216999
"1238",123.7,"Simu1","DIC",50,"cliver",0.000742295708457708
"1239",123.8,"Simu1","DIC",50,"cliver",0.000676682877824876
"1240",123.9,"Simu1","DIC",50,"cliver",0.000618158505315049
"1241",124,"Simu1","DIC",50,"cliver",0.000565857063746819
"1242",124.1,"Simu1","DIC",50,"cliver",0.000519047597297669
"1243",124.2,"Simu1","DIC",50,"cliver",0.00047694657325421
"1244",124.3,"Simu1","DIC",50,"cliver",0.000439126397216909
"1245",124.4,"Simu1","DIC",50,"cliver",0.000405064697052059
"1246",124.5,"Simu1","DIC",50,"cliver",0.00037419030179042
"1247",124.6,"Simu1","DIC",50,"cliver",0.000346458871407631
"1248",124.7,"Simu1","DIC",50,"cliver",0.000321273285680702
"1249",124.8,"Simu1","DIC",50,"cliver",0.000298288593579922
"1250",124.9,"Simu1","DIC",50,"cliver",0.000277696705653615
"1251",125,"Simu1","DIC",50,"cliver",0.000258745566727513
"1252",125.1,"Simu1","DIC",50,"cliver",0.000241607242411891
"1253",125.2,"Simu1","DIC",50,"cliver",0.00022600421157849
"1254",125.3,"Simu1","DIC",50,"cliver",0.000211662089745487
"1255",125.4,"Simu1","DIC",50,"cliver",0.000198676322014733
"1256",125.5,"Simu1","DIC",50,"cliver",0.000186737309896792
"1257",125.6,"Simu1","DIC",50,"cliver",0.00017583115508321
"1258",125.7,"Simu1","DIC",50,"cliver",0.000165844389953284
"1259",125.8,"Simu1","DIC",50,"cliver",0.000156586548432816
"1260",125.9,"Simu1","DIC",50,"cliver",0.000148419331178184
"1261",126,"Simu1","DIC",50,"cliver",0.000140574063417279
"1262",126.1,"Simu1","DIC",50,"cliver",0.000133280929519106
"1263",126.2,"Simu1","DIC",50,"cliver",0.000126963147998334
"1264",126.3,"Simu1","DIC",50,"cliver",0.000120858346271382
"1265",126.4,"Simu1","DIC",50,"cliver",0.000115183315175918
"1266",126.5,"Simu1","DIC",50,"cliver",0.000110083950501905
"1267",126.6,"Simu1","DIC",50,"cliver",0.000105353174647904
"1268",126.7,"Simu1","DIC",50,"cliver",0.000100942606971284
"1269",126.8,"Simu1","DIC",50,"cliver",9.69458126298943e-05
"1270",126.9,"Simu1","DIC",50,"cliver",9.31984159088821e-05
"1271",127,"Simu1","DIC",50,"cliver",8.95020953364272e-05
"1272",127.1,"Simu1","DIC",50,"cliver",8.62720420627515e-05
"1273",127.2,"Simu1","DIC",50,"cliver",8.32298350491873e-05
"1274",127.3,"Simu1","DIC",50,"cliver",8.04082792760698e-05
"1275",127.4,"Simu1","DIC",50,"cliver",7.77784691319255e-05
"1276",127.5,"Simu1","DIC",50,"cliver",7.53155164915802e-05
"1277",127.6,"Simu1","DIC",50,"cliver",7.3005809968639e-05
"1278",127.7,"Simu1","DIC",50,"cliver",7.08288278929145e-05
"1279",127.8,"Simu1","DIC",50,"cliver",6.88136042818169e-05
"1280",127.9,"Simu1","DIC",50,"cliver",6.69213150953406e-05
"1281",128,"Simu1","DIC",50,"cliver",0.000126220519847521
"1282",128.1,"Simu1","DIC",50,"cliver",0.175081389659673
"1283",128.2,"Simu1","DIC",50,"cliver",1.18861193053424
"1284",128.3,"Simu1","DIC",50,"cliver",2.51262896501041
"1285",128.4,"Simu1","DIC",50,"cliver",3.80299065351685
"1286",128.5,"Simu1","DIC",50,"cliver",4.94697388722208
"1287",128.6,"Simu1","DIC",50,"cliver",5.91665049574831
"1288",128.7,"Simu1","DIC",50,"cliver",6.7140279551503
"1289",128.8,"Simu1","DIC",50,"cliver",7.35094250553618
"1290",128.9,"Simu1","DIC",50,"cliver",7.84177054083048
"1291",129,"Simu1","DIC",50,"cliver",8.20085008192552
"1292",129.1,"Simu1","DIC",50,"cliver",8.44162414583354
"1293",129.2,"Simu1","DIC",50,"cliver",8.57640942819849
"1294",129.3,"Simu1","DIC",50,"cliver",8.61638808693847
"1295",129.4,"Simu1","DIC",50,"cliver",8.57167316701986
"1296",129.5,"Simu1","DIC",50,"cliver",8.45139476866235
"1297",129.6,"Simu1","DIC",50,"cliver",8.26378841935848
"1298",129.7,"Simu1","DIC",50,"cliver",8.01627841612597
"1299",129.8,"Simu1","DIC",50,"cliver",7.71555546341082
"1300",129.9,"Simu1","DIC",50,"cliver",7.36764659382276
"1301",130,"Simu1","DIC",50,"cliver",6.97797870227081
"1302",130.1,"Simu1","DIC",50,"cliver",6.55143695227096
"1303",130.2,"Simu1","DIC",50,"cliver",6.09241782309941
"1304",130.3,"Simu1","DIC",50,"cliver",5.60487649122907
"1305",130.4,"Simu1","DIC",50,"cliver",5.09237045125317
"1306",130.5,"Simu1","DIC",50,"cliver",4.55810039552189
"1307",130.6,"Simu1","DIC",50,"cliver",4.00494713839695
"1308",130.7,"Simu1","DIC",50,"cliver",3.43550723329608
"1309",130.8,"Simu1","DIC",50,"cliver",2.8521306952561
"1310",130.9,"Simu1","DIC",50,"cliver",2.2569643751981
"1311",131,"Simu1","DIC",50,"cliver",1.6520281992088
"1312",131.1,"Simu1","DIC",50,"cliver",1.03939921650377
"1313",131.2,"Simu1","DIC",50,"cliver",0.422218290749254
"1314",131.3,"Simu1","DIC",50,"cliver",0.00110306938215811
"1315",131.4,"Simu1","DIC",50,"cliver",0.000995730542360254
"1316",131.5,"Simu1","DIC",50,"cliver",0.000901318533048039
"1317",131.6,"Simu1","DIC",50,"cliver",0.000817946951256838
"1318",131.7,"Simu1","DIC",50,"cliver",0.000744065126203754
"1319",131.8,"Simu1","DIC",50,"cliver",0.000678407218882206
"1320",131.9,"Simu1","DIC",50,"cliver",0.000619837954720463
"1321",132,"Simu1","DIC",50,"cliver",0.000567503958624947
"1322",132.1,"Simu1","DIC",50,"cliver",0.000520662640590404
"1323",132.2,"Simu1","DIC",50,"cliver",0.000478544445748804
"1324",132.3,"Simu1","DIC",50,"cliver",0.00044068568825818
"1325",132.4,"Simu1","DIC",50,"cliver",0.000406566275162541
"1326",132.5,"Simu1","DIC",50,"cliver",0.000375766490796771
"1327",132.6,"Simu1","DIC",50,"cliver",0.000347916582415204
"1328",132.7,"Simu1","DIC",50,"cliver",0.000322704290651892
"1329",132.8,"Simu1","DIC",50,"cliver",0.000299838389024417
"1330",132.9,"Simu1","DIC",50,"cliver",0.000279088250758008
"1331",133,"Simu1","DIC",50,"cliver",0.000260192860514838
"1332",133.1,"Simu1","DIC",50,"cliver",0.000243053996661111
"1333",133.2,"Simu1","DIC",50,"cliver",0.000227302754878069
"1334",133.3,"Simu1","DIC",50,"cliver",0.000213311868344394
"1335",133.4,"Simu1","DIC",50,"cliver",0.000199935998457733
"1336",133.5,"Simu1","DIC",50,"cliver",0.00018806860794479
"1337",133.6,"Simu1","DIC",50,"cliver",0.000177263710986097
"1338",133.7,"Simu1","DIC",50,"cliver",0.000167158360210822
"1339",133.8,"Simu1","DIC",50,"cliver",0.000158045200726162
"1340",133.9,"Simu1","DIC",50,"cliver",0.00014954805272738
"1341",134,"Simu1","DIC",50,"cliver",0.00014197960594018
"1342",134.1,"Simu1","DIC",50,"cliver",0.000134530698921413
"1343",134.2,"Simu1","DIC",50,"cliver",0.000128163838669998
"1344",134.3,"Simu1","DIC",50,"cliver",0.000122293784435191
"1345",134.4,"Simu1","DIC",50,"cliver",0.000116411677132489
"1346",134.5,"Simu1","DIC",50,"cliver",0.000111468679222803
"1347",134.6,"Simu1","DIC",50,"cliver",0.000106635692121063
"1348",134.7,"Simu1","DIC",50,"cliver",0.000102169433198014
"1349",134.8,"Simu1","DIC",50,"cliver",9.82088646897225e-05
"1350",134.9,"Simu1","DIC",50,"cliver",9.43125368223103e-05
"1351",135,"Simu1","DIC",50,"cliver",9.08933502221267e-05
"1352",135.1,"Simu1","DIC",50,"cliver",8.74523992353362e-05
"1353",135.2,"Simu1","DIC",50,"cliver",8.45630680179136e-05
"1354",135.3,"Simu1","DIC",50,"cliver",8.16743274893243e-05
"1355",135.4,"Simu1","DIC",50,"cliver",7.90371196421635e-05
"1356",135.5,"Simu1","DIC",50,"cliver",7.65696379141992e-05
"1357",135.6,"Simu1","DIC",50,"cliver",7.42618680233243e-05
"1358",135.7,"Simu1","DIC",50,"cliver",7.21066706450217e-05
"1359",135.8,"Simu1","DIC",50,"cliver",7.00817870125871e-05
"1360",135.9,"Simu1","DIC",50,"cliver",6.81930791742774e-05
"1361",136,"Simu1","DIC",50,"cliver",0.000127514767230947
"1362",136.1,"Simu1","DIC",50,"cliver",0.175164121921881
"1363",136.2,"Simu1","DIC",50,"cliver",1.18889588214437
"1364",136.3,"Simu1","DIC",50,"cliver",2.5131164921735
"1365",136.4,"Simu1","DIC",50,"cliver",3.80367866094374
"1366",136.5,"Simu1","DIC",50,"cliver",4.94785985481678
"1367",136.6,"Simu1","DIC",50,"cliver",5.91773158551723
"1368",136.7,"Simu1","DIC",50,"cliver",6.71530134653848
"1369",136.8,"Simu1","DIC",50,"cliver",7.35240626884324
"1370",136.9,"Simu1","DIC",50,"cliver",7.84342148427259
"1371",137,"Simu1","DIC",50,"cliver",8.20268533826467
"1372",137.1,"Simu1","DIC",50,"cliver",8.44364045244076
"1373",137.2,"Simu1","DIC",50,"cliver",8.57860554988404
"1374",137.3,"Simu1","DIC",50,"cliver",8.61876157123855
"1375",137.4,"Simu1","DIC",50,"cliver",8.5742220334207
"1376",137.5,"Simu1","DIC",50,"cliver",8.4541171166063
"1377",137.6,"Simu1","DIC",50,"cliver",8.26668242081495
"1378",137.7,"Simu1","DIC",50,"cliver",8.0193431004104
"1379",137.8,"Simu1","DIC",50,"cliver",7.71878919616462
"1380",137.9,"Simu1","DIC",50,"cliver",7.37104712740631
"1381",138,"Simu1","DIC",50,"cliver",6.98154536590155
"1382",138.1,"Simu1","DIC",50,"cliver",6.55516773361436
"1383",138.2,"Simu1","DIC",50,"cliver",6.0963107995038
"1384",138.3,"Simu1","DIC",50,"cliver",5.60892890847919
"1385",138.4,"Simu1","DIC",50,"cliver",5.09657801231088
"1386",138.5,"Simu1","DIC",50,"cliver",4.56245982889642
"1387",138.6,"Simu1","DIC",50,"cliver",4.00945777173038
"1388",138.7,"Simu1","DIC",50,"cliver",3.44016919271685
"1389",138.8,"Simu1","DIC",50,"cliver",2.85694271416721
"1390",138.9,"Simu1","DIC",50,"cliver",2.26192644664988
"1391",139,"Simu1","DIC",50,"cliver",1.65713447365621
"1392",139.1,"Simu1","DIC",50,"cliver",1.04463918735639
"1393",139.2,"Simu1","DIC",50,"cliver",0.427560552996163
"1394",139.3,"Simu1","DIC",50,"cliver",0.00110502954487317
"1395",139.4,"Simu1","DIC",50,"cliver",0.000997616052114446
"1396",139.5,"Simu1","DIC",50,"cliver",0.000903139417783953
"1397",139.6,"Simu1","DIC",50,"cliver",0.000819711561644847
"1398",139.7,"Simu1","DIC",50,"cliver",0.000745779432124939
"1399",139.8,"Simu1","DIC",50,"cliver",0.000680076971119038
"1400",139.9,"Simu1","DIC",50,"cliver",0.000621471131590706
"1401",140,"Simu1","DIC",50,"cliver",0.000569099450222648
"1402",140.1,"Simu1","DIC",50,"cliver",0.000522226780270541
"1403",140.2,"Simu1","DIC",50,"cliver",0.000480082569903424
"1404",140.3,"Simu1","DIC",50,"cliver",0.000442195479569638
"1405",140.4,"Simu1","DIC",50,"cliver",0.000408054450226425
"1406",140.5,"Simu1","DIC",50,"cliver",0.000377234034720001
"1407",140.6,"Simu1","DIC",50,"cliver",0.000349364850824329
"1408",140.7,"Simu1","DIC",50,"cliver",0.000324135551812128
"1409",140.8,"Simu1","DIC",50,"cliver",0.0003012525424474
"1410",140.9,"Simu1","DIC",50,"cliver",0.000280490844226599
"1411",141,"Simu1","DIC",50,"cliver",0.000261576934890225
"1412",141.1,"Simu1","DIC",50,"cliver",0.000244437933907978
"1413",141.2,"Simu1","DIC",50,"cliver",0.000228647629753758
"1414",141.3,"Simu1","DIC",50,"cliver",0.000214709213236566
"1415",141.4,"Simu1","DIC",50,"cliver",0.000201233752765923
"1416",141.5,"Simu1","DIC",50,"cliver",0.000189306147629973
"1417",141.6,"Simu1","DIC",50,"cliver",0.000178687340293272
"1418",141.7,"Simu1","DIC",50,"cliver",0.000168366164517415
"1419",141.8,"Simu1","DIC",50,"cliver",0.000159396050134933
"1420",141.9,"Simu1","DIC",50,"cliver",0.000151031102035495
"1421",142,"Simu1","DIC",50,"cliver",0.000142984395349414
"1422",142.1,"Simu1","DIC",50,"cliver",0.000136135978512913
"1423",142.2,"Simu1","DIC",50,"cliver",0.000129475076599176
"1424",142.3,"Simu1","DIC",50,"cliver",0.000123764212596964
"1425",142.4,"Simu1","DIC",50,"cliver",0.000117848451003518
"1426",142.5,"Simu1","DIC",50,"cliver",0.000112486612364045
"1427",142.6,"Simu1","DIC",50,"cliver",0.000108124445462305
"1428",142.7,"Simu1","DIC",50,"cliver",0.000103349063018126
"1429",142.8,"Simu1","DIC",50,"cliver",9.94284646280795e-05
"1430",142.9,"Simu1","DIC",50,"cliver",9.57576836452216e-05
"1431",143,"Simu1","DIC",50,"cliver",9.1959579889023e-05
"1432",143.1,"Simu1","DIC",50,"cliver",8.88594065935827e-05
"1433",143.2,"Simu1","DIC",50,"cliver",8.57619570884083e-05
"1434",143.3,"Simu1","DIC",50,"cliver",8.29272870162292e-05
"1435",143.4,"Simu1","DIC",50,"cliver",8.02810508466019e-05
"1436",143.5,"Simu1","DIC",50,"cliver",7.78088391716532e-05
"1437",143.6,"Simu1","DIC",50,"cliver",7.55029486526377e-05
"1438",143.7,"Simu1","DIC",50,"cliver",7.33372962273806e-05
"1439",143.8,"Simu1","DIC",50,"cliver",7.1322742629506e-05
"1440",143.9,"Simu1","DIC",50,"cliver",6.94110048156199e-05
"1441",144,"Simu1","DIC",50,"cliver",0.000128771929541759
"1442",144.1,"Simu1","DIC",50,"cliver",0.175244309811435
"1443",144.2,"Simu1","DIC",50,"cliver",1.18916811833917
"1444",144.3,"Simu1","DIC",50,"cliver",2.51358040618175
"1445",144.4,"Simu1","DIC",50,"cliver",3.80433199898761
"1446",144.5,"Simu1","DIC",50,"cliver",4.94870027721143
"1447",144.6,"Simu1","DIC",50,"cliver",5.91875678159583
"1448",144.7,"Simu1","DIC",50,"cliver",6.71650905619026
"1449",144.8,"Simu1","DIC",50,"cliver",7.35379369075447
"1450",144.9,"Simu1","DIC",50,"cliver",7.84498742773998
"1451",145,"Simu1","DIC",50,"cliver",8.20442705213591
"1452",145.1,"Simu1","DIC",50,"cliver",8.44555562294723
"1453",145.2,"Simu1","DIC",50,"cliver",8.58069147348722
"1454",145.3,"Simu1","DIC",50,"cliver",8.62101564899269
"1455",145.4,"Simu1","DIC",50,"cliver",8.57664579142492
"1456",145.5,"Simu1","DIC",50,"cliver",8.45670716189923
"1457",145.6,"Simu1","DIC",50,"cliver",8.26943738329472
"1458",145.7,"Simu1","DIC",50,"cliver",8.02226098197662
"1459",145.8,"Simu1","DIC",50,"cliver",7.72186848149133
"1460",145.9,"Simu1","DIC",50,"cliver",7.3742861881647
"1461",146,"Simu1","DIC",50,"cliver",6.98494108882018
"1462",146.1,"Simu1","DIC",50,"cliver",6.5587167040465
"1463",146.2,"Simu1","DIC",50,"cliver",6.10001005402064
"1464",146.3,"Simu1","DIC",50,"cliver",5.61277933251521
"1465",146.4,"Simu1","DIC",50,"cliver",5.1005819823466
"1466",146.5,"Simu1","DIC",50,"cliver",4.56661722017922
"1467",146.6,"Simu1","DIC",50,"cliver",4.01376526017342
"1468",146.7,"Simu1","DIC",50,"cliver",3.4446235091411
"1469",146.8,"Simu1","DIC",50,"cliver",2.86154243752043
"1470",146.9,"Simu1","DIC",50,"cliver",2.26666977236026
"1471",147,"Simu1","DIC",50,"cliver",1.6620194686378
"1472",147.1,"Simu1","DIC",50,"cliver",1.04965761739531
"1473",147.2,"Simu1","DIC",50,"cliver",0.432676412644503
"1474",147.3,"Simu1","DIC",50,"cliver",0.00110693719504793
"1475",147.4,"Simu1","DIC",50,"cliver",0.000999450450365035
"1476",147.5,"Simu1","DIC",50,"cliver",0.000904910417945857
"1477",147.6,"Simu1","DIC",50,"cliver",0.000821427346082381
"1478",147.7,"Simu1","DIC",50,"cliver",0.000747446035311546
"1479",147.8,"Simu1","DIC",50,"cliver",0.000681700026776632
"1480",147.9,"Simu1","DIC",50,"cliver",0.000623057798498003
"1481",148,"Simu1","DIC",50,"cliver",0.000570649857188279
"1482",148.1,"Simu1","DIC",50,"cliver",0.000523746406358909
"1483",148.2,"Simu1","DIC",50,"cliver",0.000481576113950641
"1484",148.3,"Simu1","DIC",50,"cliver",0.000443661213426717
"1485",148.4,"Simu1","DIC",50,"cliver",0.000409499724635085
"1486",148.5,"Simu1","DIC",50,"cliver",0.000378659025581088
"1487",148.6,"Simu1","DIC",50,"cliver",0.000350771155311473
"1488",148.7,"Simu1","DIC",50,"cliver",0.000325525072086643
"1489",148.8,"Simu1","DIC",50,"cliver",0.00030262593066588
"1490",148.9,"Simu1","DIC",50,"cliver",0.000281851662078916
"1491",149,"Simu1","DIC",50,"cliver",0.000262922138465499
"1492",149.1,"Simu1","DIC",50,"cliver",0.000245777501435728
"1493",149.2,"Simu1","DIC",50,"cliver",0.000229961793037828
"1494",149.3,"Simu1","DIC",50,"cliver",0.000216041591982455
"1495",149.4,"Simu1","DIC",50,"cliver",0.000202697121146393
"1496",149.5,"Simu1","DIC",50,"cliver",0.000190749898323588
"1497",149.6,"Simu1","DIC",50,"cliver",0.000179816321109984
"1498",149.7,"Simu1","DIC",50,"cliver",0.000169799648613641
"1499",149.8,"Simu1","DIC",50,"cliver",0.000160611800509159
"1500",149.9,"Simu1","DIC",50,"cliver",0.000152176479373571
"1501",150,"Simu1","DIC",50,"cliver",0.000144423814080899
"1502",150.1,"Simu1","DIC",50,"cliver",0.000137291289768499
"1503",150.2,"Simu1","DIC",50,"cliver",0.000130722643019042
"1504",150.3,"Simu1","DIC",50,"cliver",0.000124667179110626
"1505",150.4,"Simu1","DIC",50,"cliver",0.000119079125128766
"1506",150.5,"Simu1","DIC",50,"cliver",0.000113917170068997
"1507",150.6,"Simu1","DIC",50,"cliver",0.000109143916811741
"1508",150.7,"Simu1","DIC",50,"cliver",0.000104725507485738
"1509",150.8,"Simu1","DIC",50,"cliver",0.000100631285213456
"1510",150.9,"Simu1","DIC",50,"cliver",9.68334851438465e-05
"1511",151,"Simu1","DIC",50,"cliver",9.3306978020858e-05
"1512",151.1,"Simu1","DIC",50,"cliver",9.00289425126299e-05
"1513",151.2,"Simu1","DIC",50,"cliver",8.69786136336349e-05
"1514",151.3,"Simu1","DIC",50,"cliver",8.41371488131448e-05
"1515",151.4,"Simu1","DIC",50,"cliver",8.14874219096134e-05
"1516",151.5,"Simu1","DIC",50,"cliver",7.90138384598831e-05
"1517",151.6,"Simu1","DIC",50,"cliver",7.67022170563681e-05
"1518",151.7,"Simu1","DIC",50,"cliver",7.45396314130369e-05
"1519",151.8,"Simu1","DIC",50,"cliver",7.25142915760339e-05
"1520",151.9,"Simu1","DIC",50,"cliver",7.06154639362382e-05
"1521",152,"Simu1","DIC",50,"cliver",0.00012999117897246
"1522",152.1,"Simu1","DIC",50,"cliver",0.175322187257439
"1523",152.2,"Simu1","DIC",50,"cliver",1.18943291854035
"1524",152.3,"Simu1","DIC",50,"cliver",2.51403203325024
"1525",152.4,"Simu1","DIC",50,"cliver",3.80496828974131
"1526",152.5,"Simu1","DIC",50,"cliver",4.94951891725673
"1527",152.6,"Simu1","DIC",50,"cliver",5.91975544012009
"1528",152.7,"Simu1","DIC",50,"cliver",6.71768548847392
"1529",152.8,"Simu1","DIC",50,"cliver",7.35514569039723
"1530",152.9,"Simu1","DIC",50,"cliver",7.84651225485714
"1531",153,"Simu1","DIC",50,"cliver",8.2061235338401
"1532",153.1,"Simu1","DIC",50,"cliver",8.44742284682174
"1533",153.2,"Simu1","DIC",50,"cliver",8.58272704455174
"1534",153.3,"Simu1","DIC",50,"cliver",8.6232186981683
"1535",153.4,"Simu1","DIC",50,"cliver",8.57901091404906
"1536",153.5,"Simu1","DIC",50,"cliver",8.45923426086735
"1537",153.6,"Simu1","DIC",50,"cliver",8.27212406398214
"1538",153.7,"Simu1","DIC",50,"cliver",8.02510609354747
"1539",153.8,"Simu1","DIC",50,"cliver",7.72487016037088
"1540",153.9,"Simu1","DIC",50,"cliver",7.37744287560558
"1541",154,"Simu1","DIC",50,"cliver",6.98825060957119
"1542",154.1,"Simu1","DIC",50,"cliver",6.56217734654944
"1543",154.2,"Simu1","DIC",50,"cliver",6.1036211392539
"1544",154.3,"Simu1","DIC",50,"cliver",5.61653948657896
"1545",154.4,"Simu1","DIC",50,"cliver",5.10448917404762
"1546",154.5,"Simu1","DIC",50,"cliver",4.57066966528802
"1547",154.6,"Simu1","DIC",50,"cliver",4.01796162557237
"1548",154.7,"Simu1","DIC",50,"cliver",3.44896244562261
"1549",154.8,"Simu1","DIC",50,"cliver",2.86602223491192
"1550",154.9,"Simu1","DIC",50,"cliver",2.27128784971
"1551",155,"Simu1","DIC",50,"cliver",1.66677290687464
"1552",155.1,"Simu1","DIC",50,"cliver",1.05453970960247
"1553",155.2,"Simu1","DIC",50,"cliver",0.437657191657132
"1554",155.3,"Simu1","DIC",50,"cliver",0.00110878578457027
"1555",155.4,"Simu1","DIC",50,"cliver",0.00100122893599573
"1556",155.5,"Simu1","DIC",50,"cliver",0.000906627664793743
"1557",155.6,"Simu1","DIC",50,"cliver",0.000823090751012827
"1558",155.7,"Simu1","DIC",50,"cliver",0.000749062444785586
"1559",155.8,"Simu1","DIC",50,"cliver",0.000683275050742168
"1560",155.9,"Simu1","DIC",50,"cliver",0.000624594015042326
"1561",156,"Simu1","DIC",50,"cliver",0.000572154402708854
"1562",156.1,"Simu1","DIC",50,"cliver",0.000525221842214699
"1563",156.2,"Simu1","DIC",50,"cliver",0.000483023498293003
"1564",156.3,"Simu1","DIC",50,"cliver",0.000445086863142195
"1565",156.4,"Simu1","DIC",50,"cliver",0.000410901974423054
"1566",156.5,"Simu1","DIC",50,"cliver",0.000380041545982531
"1567",156.6,"Simu1","DIC",50,"cliver",0.000352135829378485
"1568",156.7,"Simu1","DIC",50,"cliver",0.000326873438001489
"1569",156.8,"Simu1","DIC",50,"cliver",0.000303959805844864
"1570",156.9,"Simu1","DIC",50,"cliver",0.000283171031074412
"1571",157,"Simu1","DIC",50,"cliver",0.00026423031924394
"1572",157.1,"Simu1","DIC",50,"cliver",0.000247070867359073
"1573",157.2,"Simu1","DIC",50,"cliver",0.00023125221522368
"1574",157.3,"Simu1","DIC",50,"cliver",0.000217311345907749
"1575",157.4,"Simu1","DIC",50,"cliver",0.000203963138844321
"1576",157.5,"Simu1","DIC",50,"cliver",0.000192007711490549
"1577",157.6,"Simu1","DIC",50,"cliver",0.000181066521770448
"1578",157.7,"Simu1","DIC",50,"cliver",0.000171042628238908
"1579",157.8,"Simu1","DIC",50,"cliver",0.000161848060963632
"1580",157.9,"Simu1","DIC",50,"cliver",0.00015340647880835
"1581",158,"Simu1","DIC",50,"cliver",0.000145647969928626
"1582",158.1,"Simu1","DIC",50,"cliver",0.000138509985323788
"1583",158.2,"Simu1","DIC",50,"cliver",0.000131936228713089
"1584",158.3,"Simu1","DIC",50,"cliver",0.000125875970077961
"1585",158.4,"Simu1","DIC",50,"cliver",0.000120283410659987
"1586",158.5,"Simu1","DIC",50,"cliver",0.000115117217849064
"1587",158.6,"Simu1","DIC",50,"cliver",0.000110339975549666
"1588",158.7,"Simu1","DIC",50,"cliver",0.000105917805593105
"1589",158.8,"Simu1","DIC",50,"cliver",0.000101820032935576
"1590",158.9,"Simu1","DIC",50,"cliver",9.80188745231617e-05
"1591",159,"Simu1","DIC",50,"cliver",9.44891845967793e-05
"1592",159.1,"Simu1","DIC",50,"cliver",9.12081320299767e-05
"1593",159.2,"Simu1","DIC",50,"cliver",8.81549391964593e-05
"1594",159.3,"Simu1","DIC",50,"cliver",8.531075024195e-05
"1595",159.4,"Simu1","DIC",50,"cliver",8.2658430963817e-05
"1596",159.5,"Simu1","DIC",50,"cliver",8.01823762713547e-05
"1597",159.6,"Simu1","DIC",50,"cliver",7.78683955376727e-05
"1598",159.7,"Simu1","DIC",50,"cliver",7.57035568632039e-05
"1599",159.8,"Simu1","DIC",50,"cliver",7.36760612928336e-05
"1600",159.9,"Simu1","DIC",50,"cliver",7.17751692706831e-05
"1601",160,"Simu1","DIC",50,"cliver",0.000131176309077284
"1602",160.1,"Simu1","DIC",50,"cliver",0.175397897446596
"1603",160.2,"Simu1","DIC",50,"cliver",1.189688257922
"1604",160.3,"Simu1","DIC",50,"cliver",2.51446467279375
"1605",160.4,"Simu1","DIC",50,"cliver",3.80557695970818
"1606",160.5,"Simu1","DIC",50,"cliver",4.95030121054084
"1607",160.6,"Simu1","DIC",50,"cliver",5.92070951266796
"1608",160.7,"Simu1","DIC",50,"cliver",6.71880939425318
"1609",160.8,"Simu1","DIC",50,"cliver",7.35643729690543
"1610",160.9,"Simu1","DIC",50,"cliver",7.84796995826873
"1611",161,"Simu1","DIC",50,"cliver",8.20774541111397
"1612",161.1,"Simu1","DIC",50,"cliver",8.44920582000809
"1613",161.2,"Simu1","DIC",50,"cliver",8.58466962510693
"1614",161.3,"Simu1","DIC",50,"cliver",8.62532000973691
"1615",161.4,"Simu1","DIC",50,"cliver",8.58127052422583
"1616",161.5,"Simu1","DIC",50,"cliver",8.46164978495739
"1617",161.6,"Simu1","DIC",50,"cliver",8.27469434433123
"1618",161.7,"Simu1","DIC",50,"cliver",8.0278290490228
"1619",161.8,"Simu1","DIC",50,"cliver",7.7277440665702
"1620",161.9,"Simu1","DIC",50,"cliver",7.3804661968144
"1621",162,"Simu1","DIC",50,"cliver",6.99142142659964
"1622",162.1,"Simu1","DIC",50,"cliver",6.56549493877435
"1623",162.2,"Simu1","DIC",50,"cliver",6.10708563107492
"1624",162.3,"Simu1","DIC",50,"cliver",5.62014886212452
"1625",162.4,"Simu1","DIC",50,"cliver",5.10824129142497
"1626",162.5,"Simu1","DIC",50,"cliver",4.57456294596858
"1627",162.6,"Simu1","DIC",50,"cliver",4.02199499140127
"1628",162.7,"Simu1","DIC",50,"cliver",3.45313457711284
"1629",162.8,"Simu1","DIC",50,"cliver",2.87033127996906
"1630",162.9,"Simu1","DIC",50,"cliver",2.27573184170252
"1631",163,"Simu1","DIC",50,"cliver",1.67134879791534
"1632",163.1,"Simu1","DIC",50,"cliver",1.05924117927886
"1633",163.2,"Simu1","DIC",50,"cliver",0.442455478731177
"1634",163.3,"Simu1","DIC",50,"cliver",0.00111057965867464
"1635",163.4,"Simu1","DIC",50,"cliver",0.00100295429908195
"1636",163.5,"Simu1","DIC",50,"cliver",0.000908293599369473
"1637",163.6,"Simu1","DIC",50,"cliver",0.000824705142143887
"1638",163.7,"Simu1","DIC",50,"cliver",0.000750630570084572
"1639",163.8,"Simu1","DIC",50,"cliver",0.000684801987622377
"1640",163.9,"Simu1","DIC",50,"cliver",0.000626088441278997
"1641",164,"Simu1","DIC",50,"cliver",0.000573613496754446
"1642",164.1,"Simu1","DIC",50,"cliver",0.000526651546481089
"1643",164.2,"Simu1","DIC",50,"cliver",0.000484415276546032
"1644",164.3,"Simu1","DIC",50,"cliver",0.000446463620268398
"1645",164.4,"Simu1","DIC",50,"cliver",0.00041229618289886
"1646",164.5,"Simu1","DIC",50,"cliver",0.000381322713189259
"1647",164.6,"Simu1","DIC",50,"cliver",0.000353489639565407
"1648",164.7,"Simu1","DIC",50,"cliver",0.000328230462620731
"1649",164.8,"Simu1","DIC",50,"cliver",0.00030515968514738
"1650",164.9,"Simu1","DIC",50,"cliver",0.000284501827430865
"1651",165,"Simu1","DIC",50,"cliver",0.000265494380266414
"1652",165.1,"Simu1","DIC",50,"cliver",0.000248282187840232
"1653",165.2,"Simu1","DIC",50,"cliver",0.000232632270193303
"1654",165.3,"Simu1","DIC",50,"cliver",0.000218238491858225
"1655",165.4,"Simu1","DIC",50,"cliver",0.000205206541429555
"1656",165.5,"Simu1","DIC",50,"cliver",0.000193221233607749
"1657",165.6,"Simu1","DIC",50,"cliver",0.000182280442350659
"1658",165.7,"Simu1","DIC",50,"cliver",0.000172253694581827
"1659",165.8,"Simu1","DIC",50,"cliver",0.000162959775655971
"1660",165.9,"Simu1","DIC",50,"cliver",0.000154754000777361
"1661",166,"Simu1","DIC",50,"cliver",0.000146900131265674
"1662",166.1,"Simu1","DIC",50,"cliver",0.000139563658593204
"1663",166.2,"Simu1","DIC",50,"cliver",0.000133209399509776
"1664",166.3,"Simu1","DIC",50,"cliver",0.000127099736928013
"1665",166.4,"Simu1","DIC",50,"cliver",0.000121397847226205
"1666",166.5,"Simu1","DIC",50,"cliver",0.00011626203354818
"1667",166.6,"Simu1","DIC",50,"cliver",0.000111527693072723
"1668",166.7,"Simu1","DIC",50,"cliver",0.000107090949110466
"1669",166.8,"Simu1","DIC",50,"cliver",0.000102950075473784
"1670",166.9,"Simu1","DIC",50,"cliver",9.91668182185394e-05
"1671",167,"Simu1","DIC",50,"cliver",9.55568535657337e-05
"1672",167.1,"Simu1","DIC",50,"cliver",9.21650217464144e-05
"1673",167.2,"Simu1","DIC",50,"cliver",8.96466312053347e-05
"1674",167.3,"Simu1","DIC",50,"cliver",8.62437174125077e-05
"1675",167.4,"Simu1","DIC",50,"cliver",8.33985744815924e-05
"1676",167.5,"Simu1","DIC",50,"cliver",8.13177064093962e-05
"1677",167.6,"Simu1","DIC",50,"cliver",7.89999259725853e-05
"1678",167.7,"Simu1","DIC",50,"cliver",7.68325975781669e-05
"1679",167.8,"Simu1","DIC",50,"cliver",7.48043948139571e-05
"1680",167.9,"Simu1","DIC",50,"cliver",7.29005962459553e-05
"1681",168,"Simu1","DIC",50,"cliver",0.000132326977586833
"1682",168.1,"Simu1","DIC",50,"cliver",0.175471869236666
"1683",168.2,"Simu1","DIC",50,"cliver",1.1899403398626
"1684",168.3,"Simu1","DIC",50,"cliver",2.51489496087155
"1685",168.4,"Simu1","DIC",50,"cliver",3.80618327718835
"1686",168.5,"Simu1","DIC",50,"cliver",4.95108127847991
"1687",168.6,"Simu1","DIC",50,"cliver",5.92166095014472
"1688",168.7,"Simu1","DIC",50,"cliver",6.71992984842709
"1689",168.8,"Simu1","DIC",50,"cliver",7.35772461532225
"1690",168.9,"Simu1","DIC",50,"cliver",7.8494219999944
"1691",169,"Simu1","DIC",50,"cliver",8.20936011484411
"1692",169.1,"Simu1","DIC",50,"cliver",8.45098241924933
"1693",169.2,"Simu1","DIC",50,"cliver",8.58660595530641
"1694",169.3,"Simu1","DIC",50,"cliver",8.62741317136669
"1695",169.4,"Simu1","DIC",50,"cliver",8.58351739052772
"1696",169.5,"Simu1","DIC",50,"cliver",8.4640489846292
"1697",169.6,"Simu1","DIC",50,"cliver",8.27724372308733
"1698",169.7,"Simu1","DIC",50,"cliver",8.03052616599626
"1699",169.8,"Simu1","DIC",50,"cliver",7.73058726006391
"1700",169.9,"Simu1","DIC",50,"cliver",7.38345421738236
"1701",170,"Simu1","DIC",50,"cliver",6.99455412195101
"1702",170.1,"Simu1","DIC",50,"cliver",6.56877232394472
"1703",170.2,"Simu1","DIC",50,"cliver",6.11050545804487
"1704",170.3,"Simu1","DIC",50,"cliver",5.62370879553074
"1705",170.4,"Simu1","DIC",50,"cliver",5.11193987560781
"1706",170.5,"Simu1","DIC",50,"cliver",4.57839946325565
"1707",170.6,"Simu1","DIC",50,"cliver",4.02596815408684
"1708",170.7,"Simu1","DIC",50,"cliver",3.45724215200465
"1709",170.8,"Simu1","DIC",50,"cliver",2.87457100053637
"1710",170.9,"Simu1","DIC",50,"cliver",2.28009998680149
"1711",171,"Simu1","DIC",50,"cliver",1.67584220715163
"1712",171.1,"Simu1","DIC",50,"cliver",1.06385813387007
"1713",171.2,"Simu1","DIC",50,"cliver",0.447170669761385
"1714",171.3,"Simu1","DIC",50,"cliver",0.00111232667187274
"1715",171.4,"Simu1","DIC",50,"cliver",0.00100463466896832
"1716",171.5,"Simu1","DIC",50,"cliver",0.00090991579383214
"1717",171.6,"Simu1","DIC",50,"cliver",0.000826276380398643
"1718",171.7,"Simu1","DIC",50,"cliver",0.000752156977711465
"1719",171.8,"Simu1","DIC",50,"cliver",0.000686288838422638
"1720",171.9,"Simu1","DIC",50,"cliver",0.000627539809286454
"1721",172,"Simu1","DIC",50,"cliver",0.00057503352081177
"1722",172.1,"Simu1","DIC",50,"cliver",0.000528043700809265
"1723",172.2,"Simu1","DIC",50,"cliver",0.000485796741036726
"1724",172.3,"Simu1","DIC",50,"cliver",0.000447809443041075
"1725",172.4,"Simu1","DIC",50,"cliver",0.000413585910932228
"1726",172.5,"Simu1","DIC",50,"cliver",0.000382687827242889
"1727",172.6,"Simu1","DIC",50,"cliver",0.000354747496030174
"1728",172.7,"Simu1","DIC",50,"cliver",0.000329453925244998
"1729",172.8,"Simu1","DIC",50,"cliver",0.000306510546770789
"1730",172.9,"Simu1","DIC",50,"cliver",0.000285698029574998
"1731",173,"Simu1","DIC",50,"cliver",0.000266729109122562
"1732",173.1,"Simu1","DIC",50,"cliver",0.00024955746408963
"1733",173.2,"Simu1","DIC",50,"cliver",0.000233695680266195
"1734",173.3,"Simu1","DIC",50,"cliver",0.000219734237945636
"1735",173.4,"Simu1","DIC",50,"cliver",0.000206226424827759
"1736",173.5,"Simu1","DIC",50,"cliver",0.000194388847849513
"1737",173.6,"Simu1","DIC",50,"cliver",0.000183554854996021
"1738",173.7,"Simu1","DIC",50,"cliver",0.000173363635389591
"1739",173.8,"Simu1","DIC",50,"cliver",0.000164251466575718
"1740",173.9,"Simu1","DIC",50,"cliver",0.000155755606151456
"1741",174,"Simu1","DIC",50,"cliver",0.000147969110090611
"1742",174.1,"Simu1","DIC",50,"cliver",0.000140862298756998
"1743",174.2,"Simu1","DIC",50,"cliver",0.000134251310356416
"1744",174.3,"Simu1","DIC",50,"cliver",0.000128171188325918
"1745",174.4,"Simu1","DIC",50,"cliver",0.000122577556686306
"1746",174.5,"Simu1","DIC",50,"cliver",0.000117411203051954
"1747",174.6,"Simu1","DIC",50,"cliver",0.000112634600535711
"1748",174.7,"Simu1","DIC",50,"cliver",0.000108193785913111
"1749",174.8,"Simu1","DIC",50,"cliver",0.000104105829509799
"1750",174.9,"Simu1","DIC",50,"cliver",0.000100260634775273
"1751",175,"Simu1","DIC",50,"cliver",9.66192631120631e-05
"1752",175.1,"Simu1","DIC",50,"cliver",9.35963920952688e-05
"1753",175.2,"Simu1","DIC",50,"cliver",9.03451806355544e-05
"1754",175.3,"Simu1","DIC",50,"cliver",8.75823357974701e-05
"1755",175.4,"Simu1","DIC",50,"cliver",8.48979301584001e-05
"1756",175.5,"Simu1","DIC",50,"cliver",8.24176411539919e-05
"1757",175.6,"Simu1","DIC",50,"cliver",8.00993328665885e-05
"1758",175.7,"Simu1","DIC",50,"cliver",7.79276509153054e-05
"1759",175.8,"Simu1","DIC",50,"cliver",7.5903305494638e-05
"1760",175.9,"Simu1","DIC",50,"cliver",7.39916511748199e-05
"1761",176,"Simu1","DIC",50,"cliver",0.000133443389386401
"1762",176.1,"Simu1","DIC",50,"cliver",0.175541970451724
"1763",176.2,"Simu1","DIC",50,"cliver",1.19017525056514
"1764",176.3,"Simu1","DIC",50,"cliver",2.51529289450415
"1765",176.4,"Simu1","DIC",50,"cliver",3.80674224973444
"1766",176.5,"Simu1","DIC",50,"cliver",4.95179971439864
"1767",176.6,"Simu1","DIC",50,"cliver",5.92253728213225
"1768",176.7,"Simu1","DIC",50,"cliver",6.72096272058359
"1769",176.8,"Simu1","DIC",50,"cliver",7.35891257852743
"1770",176.9,"Simu1","DIC",50,"cliver",7.85076363738049
"1771",177,"Simu1","DIC",50,"cliver",8.21085418434547
"1772",177.1,"Simu1","DIC",50,"cliver",8.45262757453074
"1773",177.2,"Simu1","DIC",50,"cliver",8.58840082488983
"1774",177.3,"Simu1","DIC",50,"cliver",8.62935639537562
"1775",177.4,"Simu1","DIC",50,"cliver",8.58560762237582
"1776",177.5,"Simu1","DIC",50,"cliver",8.46628488711842
"1777",177.6,"Simu1","DIC",50,"cliver",8.27962398291813
"1778",177.7,"Simu1","DIC",50,"cliver",8.03304946546041
"1779",177.8,"Simu1","DIC",50,"cliver",7.73325228293847
"1780",177.9,"Simu1","DIC",50,"cliver",7.38625968747648
"1781",178,"Simu1","DIC",50,"cliver",6.99749877865741
"1782",178.1,"Simu1","DIC",50,"cliver",6.5718549080431
"1783",178.2,"Simu1","DIC",50,"cliver",6.11372470936688
"1784",178.3,"Simu1","DIC",50,"cliver",5.62706347703088
"1785",178.4,"Simu1","DIC",50,"cliver",5.11542876266291
"1786",178.5,"Simu1","DIC",50,"cliver",4.58202124953467
"1787",178.6,"Simu1","DIC",50,"cliver",4.029721568616
"1788",178.7,"Simu1","DIC",50,"cliver",3.46112583812434
"1789",178.8,"Simu1","DIC",50,"cliver",2.87858310034153
"1790",178.9,"Simu1","DIC",50,"cliver",2.28423781509308
"1791",179,"Simu1","DIC",50,"cliver",1.68010395018725
"1792",179.1,"Simu1","DIC",50,"cliver",1.06823865647947
"1793",179.2,"Simu1","DIC",50,"cliver",0.45164378885467
"1794",179.3,"Simu1","DIC",50,"cliver",0.00111401485243785
"1795",179.4,"Simu1","DIC",50,"cliver",0.00100625899144487
"1796",179.5,"Simu1","DIC",50,"cliver",0.000911484310282861
"1797",179.6,"Simu1","DIC",50,"cliver",0.000827795974878956
"1798",179.7,"Simu1","DIC",50,"cliver",0.000753633589861871
"1799",179.8,"Simu1","DIC",50,"cliver",0.000687727559504586
"1800",179.9,"Simu1","DIC",50,"cliver",0.000628944206822916
"1801",180,"Simu1","DIC",50,"cliver",0.000576408075343237
"1802",180.1,"Simu1","DIC",50,"cliver",0.000529391620714492
"1803",180.2,"Simu1","DIC",50,"cliver",0.000487119893508622
"1804",180.3,"Simu1","DIC",50,"cliver",0.000449111220861826
"1805",180.4,"Simu1","DIC",50,"cliver",0.000414867487691019
"1806",180.5,"Simu1","DIC",50,"cliver",0.000383951477899024
"1807",180.6,"Simu1","DIC",50,"cliver",0.000355994823056804
"1808",180.7,"Simu1","DIC",50,"cliver",0.000330686442126175
"1809",180.8,"Simu1","DIC",50,"cliver",0.000307729527110929
"1810",180.9,"Simu1","DIC",50,"cliver",0.000286904540469877
"1811",181,"Simu1","DIC",50,"cliver",0.000267924170002882
"1812",181.1,"Simu1","DIC",50,"cliver",0.00025074202324731
"1813",181.2,"Simu1","DIC",50,"cliver",0.000234870667699891
"1814",181.3,"Simu1","DIC",50,"cliver",0.000220901268515544
"1815",181.4,"Simu1","DIC",50,"cliver",0.000207381726924404
"1816",181.5,"Simu1","DIC",50,"cliver",0.000195542173510664
"1817",181.6,"Simu1","DIC",50,"cliver",0.000184694086076063
"1818",181.7,"Simu1","DIC",50,"cliver",0.000174501453607955
"1819",181.8,"Simu1","DIC",50,"cliver",0.000165383099200566
"1820",181.9,"Simu1","DIC",50,"cliver",0.000156879609247774
"1821",182,"Simu1","DIC",50,"cliver",0.000149088902584906
"1822",182.1,"Simu1","DIC",50,"cliver",0.000141976671206892
"1823",182.2,"Simu1","DIC",50,"cliver",0.000135361161490033
"1824",182.3,"Simu1","DIC",50,"cliver",0.000129276626677033
"1825",182.4,"Simu1","DIC",50,"cliver",0.000123679343397217
"1826",182.5,"Simu1","DIC",50,"cliver",0.000118508363314361
"1827",182.6,"Simu1","DIC",50,"cliver",0.00011372942452616
"1828",182.7,"Simu1","DIC",50,"cliver",0.000109282561397602
"1829",182.8,"Simu1","DIC",50,"cliver",0.000105196453863068
"1830",182.9,"Simu1","DIC",50,"cliver",0.000101338399515342
"1831",183,"Simu1","DIC",50,"cliver",9.77041250243403e-05
"1832",183.1,"Simu1","DIC",50,"cliver",9.46903539403707e-05
"1833",183.2,"Simu1","DIC",50,"cliver",9.1411689681064e-05
"1834",183.3,"Simu1","DIC",50,"cliver",8.86568488308758e-05
"1835",183.4,"Simu1","DIC",50,"cliver",8.59684843186366e-05
"1836",183.5,"Simu1","DIC",50,"cliver",8.34864966913878e-05
"1837",183.6,"Simu1","DIC",50,"cliver",8.11658567342227e-05
"1838",183.7,"Simu1","DIC",50,"cliver",7.89890357363604e-05
"1839",183.8,"Simu1","DIC",50,"cliver",7.69697295170557e-05
"1840",183.9,"Simu1","DIC",50,"cliver",7.50546102869411e-05
"1841",184,"Simu1","DIC",50,"cliver",0.000134525231938261
"1842",184.1,"Simu1","DIC",50,"cliver",0.175611168045739
"1843",184.2,"Simu1","DIC",50,"cliver",1.19041347387046
"1844",184.3,"Simu1","DIC",50,"cliver",2.51570283033202
"1845",184.4,"Simu1","DIC",50,"cliver",3.80732121497442
"1846",184.5,"Simu1","DIC",50,"cliver",4.9525455686453
"1847",184.6,"Simu1","DIC",50,"cliver",5.92344744129499
"1848",184.7,"Simu1","DIC",50,"cliver",6.72203475077808
"1849",184.8,"Simu1","DIC",50,"cliver",7.36014420833579
"1850",184.9,"Simu1","DIC",50,"cliver",7.85215241520437
"1851",185,"Simu1","DIC",50,"cliver",8.212397825702
"1852",185.1,"Simu1","DIC",50,"cliver",8.4543220173914
"1853",185.2,"Simu1","DIC",50,"cliver",8.59024557318336
"1854",185.3,"Simu1","DIC",50,"cliver",8.63135025479829
"1855",185.4,"Simu1","DIC",50,"cliver",8.5877484619882
"1856",185.5,"Simu1","DIC",50,"cliver",8.46857113882428
"1857",185.6,"Simu1","DIC",50,"cliver",8.28205425737968
"1858",185.7,"Simu1","DIC",50,"cliver",8.03562226538038
"1859",185.8,"Simu1","DIC",50,"cliver",7.73596786834484
"1860",185.9,"Simu1","DIC",50,"cliver",7.38911676173282
"1861",186,"Simu1","DIC",50,"cliver",7.00049504579342
"1862",186.1,"Simu1","DIC",50,"cliver",6.57498860811448
"1863",186.2,"Simu1","DIC",50,"cliver",6.11699159957192
"1864",186.3,"Simu1","DIC",50,"cliver",5.63045880761715
"1865",186.4,"Simu1","DIC",50,"cliver",5.11895186754995
"1866",186.5,"Simu1","DIC",50,"cliver",4.58567302035743
"1867",186.6,"Simu1","DIC",50,"cliver",4.03350137585605
"1868",186.7,"Simu1","DIC",50,"cliver",3.46503199904584
"1869",186.8,"Simu1","DIC",50,"cliver",2.88261399868009
"1870",186.9,"Simu1","DIC",50,"cliver",2.28839399769056
"1871",187,"Simu1","DIC",50,"cliver",1.68438258857249
"1872",187.1,"Simu1","DIC",50,"cliver",1.07262869954162
"1873",187.2,"Simu1","DIC",50,"cliver",0.456118156404048
"1874",187.3,"Simu1","DIC",50,"cliver",0.00111565823612947
"1875",187.4,"Simu1","DIC",50,"cliver",0.00100784014064221
"1876",187.5,"Simu1","DIC",50,"cliver",0.000913011037171041
"1877",187.6,"Simu1","DIC",50,"cliver",0.000829275156320753
"1878",187.7,"Simu1","DIC",50,"cliver",0.000755070700318732
"1879",187.8,"Simu1","DIC",50,"cliver",0.000689127393943139
"1880",187.9,"Simu1","DIC",50,"cliver",0.00063031186683049
"1881",188,"Simu1","DIC",50,"cliver",0.000577745494748063
"1882",188.1,"Simu1","DIC",50,"cliver",0.000530702585683801
"1883",188.2,"Simu1","DIC",50,"cliver",0.000488407821574829
"1884",188.3,"Simu1","DIC",50,"cliver",0.00045037667475042
"1885",188.4,"Simu1","DIC",50,"cliver",0.000416114301272393
"1886",188.5,"Simu1","DIC",50,"cliver",0.000385180801396056
"1887",188.6,"Simu1","DIC",50,"cliver",0.000357208137031037
"1888",188.7,"Simu1","DIC",50,"cliver",0.000331885264265778
"1889",188.8,"Simu1","DIC",50,"cliver",0.00030891476887173
"1890",188.9,"Simu1","DIC",50,"cliver",0.000288078278285897
"1891",189,"Simu1","DIC",50,"cliver",0.000269085637024708
"1892",189.1,"Simu1","DIC",50,"cliver",0.000251895875079275
"1893",189.2,"Simu1","DIC",50,"cliver",0.000236008997533416
"1894",189.3,"Simu1","DIC",50,"cliver",0.000222043816008306
"1895",189.4,"Simu1","DIC",50,"cliver",0.000208505829386798
"1896",189.5,"Simu1","DIC",50,"cliver",0.000196655327316807
"1897",189.6,"Simu1","DIC",50,"cliver",0.000185814361309137
"1898",189.7,"Simu1","DIC",50,"cliver",0.000175602952477627
"1899",189.8,"Simu1","DIC",50,"cliver",0.000166480702922117
"1900",189.9,"Simu1","DIC",50,"cliver",0.000157973722608478
"1901",190,"Simu1","DIC",50,"cliver",0.000150177057498515
"1902",190.1,"Simu1","DIC",50,"cliver",0.00014306007447225
"1903",190.2,"Simu1","DIC",50,"cliver",0.000136439819208308
"1904",190.3,"Simu1","DIC",50,"cliver",0.000130351129019401
"1905",190.4,"Simu1","DIC",50,"cliver",0.000124749181933025
"1906",190.5,"Simu1","DIC",50,"cliver",0.000119575691910649
"1907",190.6,"Simu1","DIC",50,"cliver",0.000114791199159395
"1908",190.7,"Simu1","DIC",50,"cliver",0.000110344981386802
"1909",190.8,"Simu1","DIC",50,"cliver",0.000106248102914912
"1910",190.9,"Simu1","DIC",50,"cliver",0.000102401591306996
"1911",191,"Simu1","DIC",50,"cliver",9.87986985122304e-05
"1912",191.1,"Simu1","DIC",50,"cliver",9.58001035627535e-05
"1913",191.2,"Simu1","DIC",50,"cliver",9.24796485038949e-05
"1914",191.3,"Simu1","DIC",50,"cliver",8.96725846827424e-05
"1915",191.4,"Simu1","DIC",50,"cliver",8.7011537018872e-05
"1916",191.5,"Simu1","DIC",50,"cliver",8.45258406213115e-05
"1917",191.6,"Simu1","DIC",50,"cliver",8.22014870556326e-05
"1918",191.7,"Simu1","DIC",50,"cliver",8.00306035734432e-05
"1919",191.8,"Simu1","DIC",50,"cliver",7.79871248972428e-05
"1920",191.9,"Simu1","DIC",50,"cliver",7.61014192575582e-05
"1921",192,"Simu1","DIC",50,"cliver",0.000135579174935784
"1922",192.1,"Simu1","DIC",50,"cliver",0.175678023399933
"1923",192.2,"Simu1","DIC",50,"cliver",1.19063674827215
"1924",192.3,"Simu1","DIC",50,"cliver",2.51607920394319
"1925",192.4,"Simu1","DIC",50,"cliver",3.80784955625939
"1926",192.5,"Simu1","DIC",50,"cliver",4.95322405856985
"1927",192.6,"Simu1","DIC",50,"cliver",5.9242747529633
"1928",192.7,"Simu1","DIC",50,"cliver",6.72300949270894
"1929",192.8,"Simu1","DIC",50,"cliver",7.36126492065215
"1930",192.9,"Simu1","DIC",50,"cliver",7.85341792047956
"1931",193,"Simu1","DIC",50,"cliver",8.21380687031228
"1932",193.1,"Simu1","DIC",50,"cliver",8.45587522181156
"1933",193.2,"Simu1","DIC",50,"cliver",8.59194008462539
"1934",193.3,"Simu1","DIC",50,"cliver",8.63318400785572
"1935",193.4,"Simu1","DIC",50,"cliver",8.5897204138491
"1936",193.5,"Simu1","DIC",50,"cliver",8.47067976645634
"1937",193.6,"Simu1","DIC",50,"cliver",8.28429793780305
"1938",193.7,"Simu1","DIC",50,"cliver",8.03799955892553
"1939",193.8,"Simu1","DIC",50,"cliver",7.73847564904649
"1940",193.9,"Simu1","DIC",50,"cliver",7.39175352609455
"1941",194,"Simu1","DIC",50,"cliver",7.00326035044539
"1942",194.1,"Simu1","DIC",50,"cliver",6.57788152860194
"1943",194.2,"Simu1","DIC",50,"cliver",6.12001373995655
"1944",194.3,"Simu1","DIC",50,"cliver",5.63361231371672
"1945",194.4,"Simu1","DIC",50,"cliver",5.12223482049178
"1946",194.5,"Simu1","DIC",50,"cliver",4.58908193785344
"1947",194.6,"Simu1","DIC",50,"cliver",4.03703424689686
"1948",194.7,"Simu1","DIC",50,"cliver",3.46868774054697
"1949",194.8,"Simu1","DIC",50,"cliver",2.886391176912
"1950",194.9,"Simu1","DIC",50,"cliver",2.29228834109356
"1951",195,"Simu1","DIC",50,"cliver",1.68839148077585
"1952",195.1,"Simu1","DIC",50,"cliver",1.0767519102157
"1953",195.2,"Simu1","DIC",50,"cliver",0.460334060766637
"1954",195.3,"Simu1","DIC",50,"cliver",0.00111725358985624
"1955",195.4,"Simu1","DIC",50,"cliver",0.0010093749409964
"1956",195.5,"Simu1","DIC",50,"cliver",0.000914492832597318
"1957",195.6,"Simu1","DIC",50,"cliver",0.000830710347607071
"1958",195.7,"Simu1","DIC",50,"cliver",0.000756465189357509
"1959",195.8,"Simu1","DIC",50,"cliver",0.00069048616033783
"1960",195.9,"Simu1","DIC",50,"cliver",0.000631636951410825
"1961",196,"Simu1","DIC",50,"cliver",0.00057904316444071
"1962",196.1,"Simu1","DIC",50,"cliver",0.000531975369805078
"1963",196.2,"Simu1","DIC",50,"cliver",0.000489656135591816
"1964",196.3,"Simu1","DIC",50,"cliver",0.000451606091824898
"1965",196.4,"Simu1","DIC",50,"cliver",0.000417323596332749
"1966",196.5,"Simu1","DIC",50,"cliver",0.000386373058918901
"1967",196.6,"Simu1","DIC",50,"cliver",0.000358384965144735
"1968",196.7,"Simu1","DIC",50,"cliver",0.000333048037823313
"1969",196.8,"Simu1","DIC",50,"cliver",0.000310065034607722
"1970",196.9,"Simu1","DIC",50,"cliver",0.000289216047882148
"1971",197,"Simu1","DIC",50,"cliver",0.000270213641307843
"1972",197.1,"Simu1","DIC",50,"cliver",0.00025301126551712
"1973",197.2,"Simu1","DIC",50,"cliver",0.000237121461672313
"1974",197.3,"Simu1","DIC",50,"cliver",0.00022313635226612
"1975",197.4,"Simu1","DIC",50,"cliver",0.000209595792603184
"1976",197.5,"Simu1","DIC",50,"cliver",0.000197749985350417
"1977",197.6,"Simu1","DIC",50,"cliver",0.000186877370466067
"1978",197.7,"Simu1","DIC",50,"cliver",0.000176677963361099
"1979",197.8,"Simu1","DIC",50,"cliver",0.000167549655523642
"1980",197.9,"Simu1","DIC",50,"cliver",0.000159032456065187
"1981",198,"Simu1","DIC",50,"cliver",0.000151233371322646
"1982",198.1,"Simu1","DIC",50,"cliver",0.000144110550148309
"1983",198.2,"Simu1","DIC",50,"cliver",0.000137486460923934
"1984",198.3,"Simu1","DIC",50,"cliver",0.00013139346516179
"1985",198.4,"Simu1","DIC",50,"cliver",0.000125788961677369
"1986",198.5,"Simu1","DIC",50,"cliver",0.000120609263551524
"1987",198.6,"Simu1","DIC",50,"cliver",0.000115825420162758
"1988",198.7,"Simu1","DIC",50,"cliver",0.000111367706293879
"1989",198.8,"Simu1","DIC",50,"cliver",0.000107283649206798
"1990",198.9,"Simu1","DIC",50,"cliver",0.000103403714859515
"1991",199,"Simu1","DIC",50,"cliver",9.97749123904979e-05
"1992",199.1,"Simu1","DIC",50,"cliver",9.67918608780491e-05
"1993",199.2,"Simu1","DIC",50,"cliver",9.34501749427621e-05
"1994",199.3,"Simu1","DIC",50,"cliver",9.07169160718327e-05
"1995",199.4,"Simu1","DIC",50,"cliver",8.80201250838537e-05
"1996",199.5,"Simu1","DIC",50,"cliver",8.55325032992634e-05
"1997",199.6,"Simu1","DIC",50,"cliver",8.32076525552625e-05
"1998",199.7,"Simu1","DIC",50,"cliver",8.10255214937063e-05
"1999",199.8,"Simu1","DIC",50,"cliver",7.90070339442564e-05
"2000",199.9,"Simu1","DIC",50,"cliver",7.70880233862715e-05
"2001",200,"Simu1","DIC",50,"cliver",0.000136599763909612
"2002",200.1,"Simu1","DIC",50,"cliver",0.175742937068777
"2003",200.2,"Simu1","DIC",50,"cliver",1.19085686525494
"2004",200.3,"Simu1","DIC",50,"cliver",2.51645422305311
"2005",200.4,"Simu1","DIC",50,"cliver",3.80837768017473
"2006",200.5,"Simu1","DIC",50,"cliver",4.95390343310259
"2007",200.6,"Simu1","DIC",50,"cliver",5.92510352492717
"2008",200.7,"Simu1","DIC",50,"cliver",6.72398592439785
"2009",200.8,"Simu1","DIC",50,"cliver",7.36238732034239
"2010",200.9,"Simu1","DIC",50,"cliver",7.8546842244845
"2011",201,"Simu1","DIC",50,"cliver",8.21521552780114
"2012",201.1,"Simu1","DIC",50,"cliver",8.45742479007308
"2013",201.2,"Simu1","DIC",50,"cliver",8.59362893360383
"2014",201.3,"Simu1","DIC",50,"cliver",8.63501072256138
"2015",201.4,"Simu1","DIC",50,"cliver",8.591683624847
"2016",201.5,"Simu1","DIC",50,"cliver",8.47277810387507
"2017",201.6,"Simu1","DIC",50,"cliver",8.28653057681274
"2018",201.7,"Simu1","DIC",50,"cliver",8.04036548170382
"2019",201.8,"Simu1","DIC",50,"cliver",7.74097362303268
"2020",201.9,"Simu1","DIC",50,"cliver",7.39438363252512
"2021",202,"Simu1","DIC",50,"cliver",7.00602105033414
"2022",202.1,"Simu1","DIC",50,"cliver",6.5807715253802
"2023",202.2,"Simu1","DIC",50,"cliver",6.12303078093234
"2024",202.3,"Simu1","DIC",50,"cliver",5.636752109854
"2025",202.4,"Simu1","DIC",50,"cliver",5.12549386267604
"2026",202.5,"Simu1","DIC",50,"cliver",4.59245998495242
"2027",202.6,"Simu1","DIC",50,"cliver",4.04053197143176
"2028",202.7,"Simu1","DIC",50,"cliver",3.47230469564464
"2029",202.8,"Simu1","DIC",50,"cliver",2.89012597511657
"2030",202.9,"Simu1","DIC",50,"cliver",2.29614148033616
"2031",203,"Simu1","DIC",50,"cliver",1.69236077763041
"2032",203.1,"Simu1","DIC",50,"cliver",1.08082531942413
"2033",203.2,"Simu1","DIC",50,"cliver",0.464492067523341
"2034",203.3,"Simu1","DIC",50,"cliver",0.00111879687832962
"2035",203.4,"Simu1","DIC",50,"cliver",0.00101086028182608
"2036",203.5,"Simu1","DIC",50,"cliver",0.000915927420768483
"2037",203.6,"Simu1","DIC",50,"cliver",0.000832100390212355
"2038",203.7,"Simu1","DIC",50,"cliver",0.000757816140057039
"2039",203.8,"Simu1","DIC",50,"cliver",0.000691802659058181
"2040",203.9,"Simu1","DIC",50,"cliver",0.00063292195436204
"2041",204,"Simu1","DIC",50,"cliver",0.000580301196122203
"2042",204.1,"Simu1","DIC",50,"cliver",0.000533209179141697
"2043",204.2,"Simu1","DIC",50,"cliver",0.000490867167092412
"2044",204.3,"Simu1","DIC",50,"cliver",0.000452798051314271
"2045",204.4,"Simu1","DIC",50,"cliver",0.000418496835854992
"2046",204.5,"Simu1","DIC",50,"cliver",0.000387529930235443
"2047",204.6,"Simu1","DIC",50,"cliver",0.000359526958243412
"2048",204.7,"Simu1","DIC",50,"cliver",0.000334176494023931
"2049",204.8,"Simu1","DIC",50,"cliver",0.000311181228205654
"2050",204.9,"Simu1","DIC",50,"cliver",0.000290320639125353
"2051",205,"Simu1","DIC",50,"cliver",0.000271308151926085
"2052",205.1,"Simu1","DIC",50,"cliver",0.000254095291899506
"2053",205.2,"Simu1","DIC",50,"cliver",0.000238198789428462
"2054",205.3,"Simu1","DIC",50,"cliver",0.000224202080228564
"2055",205.4,"Simu1","DIC",50,"cliver",0.000210654742487807
"2056",205.5,"Simu1","DIC",50,"cliver",0.000198807536189704
"2057",205.6,"Simu1","DIC",50,"cliver",0.000187917642719233
"2058",205.7,"Simu1","DIC",50,"cliver",0.000177718701132524
"2059",205.8,"Simu1","DIC",50,"cliver",0.000168586000618071
"2060",205.9,"Simu1","DIC",50,"cliver",0.000160061534442315
"2061",206,"Simu1","DIC",50,"cliver",0.000152258924781796
"2062",206.1,"Simu1","DIC",50,"cliver",0.000145130774904171
"2063",206.2,"Simu1","DIC",50,"cliver",0.000138502811305322
"2064",206.3,"Simu1","DIC",50,"cliver",0.00013240575216163
"2065",206.4,"Simu1","DIC",50,"cliver",0.000126798054276098
"2066",206.5,"Simu1","DIC",50,"cliver",0.000121613672688336
"2067",206.6,"Simu1","DIC",50,"cliver",0.000116828318652735
"2068",206.7,"Simu1","DIC",50,"cliver",0.000112363785375406
"2069",206.8,"Simu1","DIC",50,"cliver",0.000108283887910392
"2070",206.9,"Simu1","DIC",50,"cliver",0.000104387419866095
"2071",207,"Simu1","DIC",50,"cliver",0.000100774311372217
"2072",207.1,"Simu1","DIC",50,"cliver",9.77785363438137e-05
"2073",207.2,"Simu1","DIC",50,"cliver",9.44347776968608e-05
"2074",207.3,"Simu1","DIC",50,"cliver",9.16992352166342e-05
"2075",207.4,"Simu1","DIC",50,"cliver",8.90011105387633e-05
"2076",207.5,"Simu1","DIC",50,"cliver",8.65111695185997e-05
"2077",207.6,"Simu1","DIC",50,"cliver",8.41843553500786e-05
"2078",207.7,"Simu1","DIC",50,"cliver",8.20005283484492e-05
"2079",207.8,"Simu1","DIC",50,"cliver",7.99798341984248e-05
"2080",207.9,"Simu1","DIC",50,"cliver",7.80592584542764e-05
"2081",208,"Simu1","DIC",50,"cliver",0.000137592517276639
"2082",208.1,"Simu1","DIC",50,"cliver",0.175806472968508
"2083",208.2,"Simu1","DIC",50,"cliver",1.19107544497329
"2084",208.3,"Simu1","DIC",50,"cliver",2.51683032077949
"2085",208.4,"Simu1","DIC",50,"cliver",3.80890870377224
"2086",208.5,"Simu1","DIC",50,"cliver",4.95458736687074
"2087",208.6,"Simu1","DIC",50,"cliver",5.92593803207545
"2088",208.7,"Simu1","DIC",50,"cliver",6.72496862621552
"2089",208.8,"Simu1","DIC",50,"cliver",7.36351659626555
"2090",208.9,"Simu1","DIC",50,"cliver",7.85595799947954
"2091",209,"Simu1","DIC",50,"cliver",8.21663086155314
"2092",209.1,"Simu1","DIC",50,"cliver",8.45897945092007
"2093",209.2,"Simu1","DIC",50,"cliver",8.59531905623255
"2094",209.3,"Simu1","DIC",50,"cliver",8.63683685648079
"2095",209.4,"Simu1","DIC",50,"cliver",8.59364316967196
"2096",209.5,"Simu1","DIC",50,"cliver",8.47486652754768
"2097",209.6,"Simu1","DIC",50,"cliver",8.28875278798595
"2098",209.7,"Simu1","DIC",50,"cliver",8.04271735105355
"2099",209.8,"Simu1","DIC",50,"cliver",7.74345304558036
"2100",209.9,"Simu1","DIC",50,"cliver",7.39698870847266
"2101",210,"Simu1","DIC",50,"cliver",7.00875007644465
"2102",210.1,"Simu1","DIC",50,"cliver",6.58362299100884
"2103",210.2,"Simu1","DIC",50,"cliver",6.12600103601902
"2104",210.3,"Simu1","DIC",50,"cliver",5.63984185425963
"2105",210.4,"Simu1","DIC",50,"cliver",5.12870609952082
"2106",210.5,"Simu1","DIC",50,"cliver",4.59579359165803
"2107",210.6,"Simu1","DIC",50,"cliver",4.0439833547884
"2108",210.7,"Simu1","DIC",50,"cliver",3.47587128306129
"2109",210.8,"Simu1","DIC",50,"cliver",2.89380684412949
"2110",210.9,"Simu1","DIC",50,"cliver",2.29993556540733
"2111",211,"Simu1","DIC",50,"cliver",1.69626434243228
"2112",211.1,"Simu1","DIC",50,"cliver",1.0848349325223
"2113",211.2,"Simu1","DIC",50,"cliver",0.468580447208812
"2114",211.3,"Simu1","DIC",50,"cliver",0.00112030866544928
"2115",211.4,"Simu1","DIC",50,"cliver",0.00101231439329626
"2116",211.5,"Simu1","DIC",50,"cliver",0.000917330759183782
"2117",211.6,"Simu1","DIC",50,"cliver",0.000833460043387575
"2118",211.7,"Simu1","DIC",50,"cliver",0.000759136293037574
"2119",211.8,"Simu1","DIC",50,"cliver",0.000693087185448766
"2120",211.9,"Simu1","DIC",50,"cliver",0.000634180398178136
"2121",212,"Simu1","DIC",50,"cliver",0.000581528448595134
"2122",212.1,"Simu1","DIC",50,"cliver",0.000534410265448765
"2123",212.2,"Simu1","DIC",50,"cliver",0.000492050354273104
"2124",212.3,"Simu1","DIC",50,"cliver",0.000453955867860996
"2125",212.4,"Simu1","DIC",50,"cliver",0.000419640414055172
"2126",212.5,"Simu1","DIC",50,"cliver",0.000388657359977151
"2127",212.6,"Simu1","DIC",50,"cliver",0.000360639394274317
"2128",212.7,"Simu1","DIC",50,"cliver",0.000335275439111131
"2129",212.8,"Simu1","DIC",50,"cliver",0.00031226658443386
"2130",212.9,"Simu1","DIC",50,"cliver",0.000291397321056598
"2131",213,"Simu1","DIC",50,"cliver",0.000272370429553669
"2132",213.1,"Simu1","DIC",50,"cliver",0.000255158140878126
"2133",213.2,"Simu1","DIC",50,"cliver",0.000239229621667776
"2134",213.3,"Simu1","DIC",50,"cliver",0.000224886238602798
"2135",213.4,"Simu1","DIC",50,"cliver",0.000211844579251118
"2136",213.5,"Simu1","DIC",50,"cliver",0.000199844520450626
"2137",213.6,"Simu1","DIC",50,"cliver",0.000188856262245711
"2138",213.7,"Simu1","DIC",50,"cliver",0.000178787592278469
"2139",213.8,"Simu1","DIC",50,"cliver",0.00016955170176373
"2140",213.9,"Simu1","DIC",50,"cliver",0.00016107082657019
"2141",214,"Simu1","DIC",50,"cliver",0.000153275623339314
"2142",214.1,"Simu1","DIC",50,"cliver",0.000146103519976144
"2143",214.2,"Simu1","DIC",50,"cliver",0.000139497932566975
"2144",214.3,"Simu1","DIC",50,"cliver",0.000133407794520891
"2145",214.4,"Simu1","DIC",50,"cliver",0.000127787120617786
"2146",214.5,"Simu1","DIC",50,"cliver",0.000122594434596185
"2147",214.6,"Simu1","DIC",50,"cliver",0.000117792215628521
"2148",214.7,"Simu1","DIC",50,"cliver",0.000113346530688288
"2149",214.8,"Simu1","DIC",50,"cliver",0.000109226620093257
"2150",214.9,"Simu1","DIC",50,"cliver",0.000105404558076133
"2151",215,"Simu1","DIC",50,"cliver",0.00010185506633403
"2152",215.1,"Simu1","DIC",50,"cliver",9.85551971367369e-05
"2153",215.2,"Simu1","DIC",50,"cliver",9.54841133057442e-05
"2154",215.3,"Simu1","DIC",50,"cliver",9.2622954177729e-05
"2155",215.4,"Simu1","DIC",50,"cliver",8.99544998141251e-05
"2156",215.5,"Simu1","DIC",50,"cliver",8.7463021533817e-05
"2157",215.6,"Simu1","DIC",50,"cliver",8.51343347265058e-05
"2158",215.7,"Simu1","DIC",50,"cliver",8.29554725984349e-05
"2159",215.8,"Simu1","DIC",50,"cliver",8.09145201944173e-05
"2160",215.9,"Simu1","DIC",50,"cliver",7.9000768591071e-05
"2161",216,"Simu1","DIC",50,"cliver",0.000138556198633156
"2162",216.1,"Simu1","DIC",50,"cliver",0.175867783379981
"2163",216.2,"Simu1","DIC",50,"cliver",1.19128328335734
"2164",216.3,"Simu1","DIC",50,"cliver",2.5171843836359
"2165",216.4,"Simu1","DIC",50,"cliver",3.80940727411036
"2166",216.5,"Simu1","DIC",50,"cliver",4.9552283322801
"2167",216.6,"Simu1","DIC",50,"cliver",5.92672024371863
"2168",216.7,"Simu1","DIC",50,"cliver",6.72589031087396
"2169",216.8,"Simu1","DIC",50,"cliver",7.36457530655266
"2170",216.9,"Simu1","DIC",50,"cliver",7.85715248387923
"2171",217,"Simu1","DIC",50,"cliver",8.21796020025964
"2172",217.1,"Simu1","DIC",50,"cliver",8.46044186305659
"2173",217.2,"Simu1","DIC",50,"cliver",8.59691503427685
"2174",217.3,"Simu1","DIC",50,"cliver",8.63856247087674
"2175",217.4,"Simu1","DIC",50,"cliver",8.59549770933459
"2176",217.5,"Simu1","DIC",50,"cliver",8.47685136682931
"2177",217.6,"Simu1","DIC",50,"cliver",8.29085946728769
"2178",217.7,"Simu1","DIC",50,"cliver",8.04494689278425
"2179",217.8,"Simu1","DIC",50,"cliver",7.74580458605125
"2180",217.9,"Simu1","DIC",50,"cliver",7.39945986452506
"2181",218,"Simu1","DIC",50,"cliver",7.01133994152368
"2182",218.1,"Simu1","DIC",50,"cliver",6.58633026087894
"2183",218.2,"Simu1","DIC",50,"cliver",6.12882756709464
"2184",218.3,"Simu1","DIC",50,"cliver",5.64278754656865
"2185",218.4,"Simu1","DIC",50,"cliver",5.13176817691388
"2186",218.5,"Simu1","DIC",50,"cliver",4.59896985605445
"2187",218.6,"Simu1","DIC",50,"cliver",4.04727295070986
"2188",218.7,"Simu1","DIC",50,"cliver",3.47927369269579
"2189",218.8,"Simu1","DIC",50,"cliver",2.89732082726472
"2190",218.9,"Simu1","DIC",50,"cliver",2.30355931429209
"2191",219,"Simu1","DIC",50,"cliver",1.69999594329725
"2192",219.1,"Simu1","DIC",50,"cliver",1.08866860928796
"2193",219.2,"Simu1","DIC",50,"cliver",0.472495196483926
"2194",219.3,"Simu1","DIC",50,"cliver",0.00112177053353447
"2195",219.4,"Simu1","DIC",50,"cliver",0.0010137213249392
"2196",219.5,"Simu1","DIC",50,"cliver",0.000918689062810598
"2197",219.6,"Simu1","DIC",50,"cliver",0.0008347758946978
"2198",219.7,"Simu1","DIC",50,"cliver",0.000760414529447778
"2199",219.8,"Simu1","DIC",50,"cliver",0.000694331827546787
"2200",219.9,"Simu1","DIC",50,"cliver",0.00063539704768397
"2201",220,"Simu1","DIC",50,"cliver",0.000582717645070637
"2202",220.1,"Simu1","DIC",50,"cliver",0.000535575229413438
"2203",220.2,"Simu1","DIC",50,"cliver",0.000493182651785705
"2204",220.3,"Simu1","DIC",50,"cliver",0.000455073649001075
"2205",220.4,"Simu1","DIC",50,"cliver",0.000420784305498275
"2206",220.5,"Simu1","DIC",50,"cliver",0.00038969995559017
"2207",220.6,"Simu1","DIC",50,"cliver",0.00036173684059825
"2208",220.7,"Simu1","DIC",50,"cliver",0.000336389256277681
"2209",220.8,"Simu1","DIC",50,"cliver",0.000313234258643747
"2210",220.9,"Simu1","DIC",50,"cliver",0.000292480927606169
"2211",221,"Simu1","DIC",50,"cliver",0.000273429325228175
"2212",221.1,"Simu1","DIC",50,"cliver",0.000256116247329633
"2213",221.2,"Simu1","DIC",50,"cliver",0.000240396360829619
"2214",221.3,"Simu1","DIC",50,"cliver",0.000225967823759677
"2215",221.4,"Simu1","DIC",50,"cliver",0.000212862588730697
"2216",221.5,"Simu1","DIC",50,"cliver",0.000200860131148521
"2217",221.6,"Simu1","DIC",50,"cliver",0.000189910835853797
"2218",221.7,"Simu1","DIC",50,"cliver",0.000179617756603979
"2219",221.8,"Simu1","DIC",50,"cliver",0.000170608865782954
"2220",221.9,"Simu1","DIC",50,"cliver",0.000162054422814799
"2221",222,"Simu1","DIC",50,"cliver",0.000154182085824696
"2222",222.1,"Simu1","DIC",50,"cliver",0.000147175649521313
"2223",222.2,"Simu1","DIC",50,"cliver",0.000140445459730782
"2224",222.3,"Simu1","DIC",50,"cliver",0.000134286242763529
"2225",222.4,"Simu1","DIC",50,"cliver",0.000128851830220017
"2226",222.5,"Simu1","DIC",50,"cliver",0.000123521537908912
"2227",222.6,"Simu1","DIC",50,"cliver",0.000118640539307117
"2228",222.7,"Simu1","DIC",50,"cliver",0.000114404452080118
"2229",222.8,"Simu1","DIC",50,"cliver",0.000110156158462523
"2230",222.9,"Simu1","DIC",50,"cliver",0.000106257289623675
"2231",223,"Simu1","DIC",50,"cliver",0.000102986185784444
"2232",223.1,"Simu1","DIC",50,"cliver",9.94405097279645e-05
"2233",223.2,"Simu1","DIC",50,"cliver",9.6257366929448e-05
"2234",223.3,"Simu1","DIC",50,"cliver",9.36823144766015e-05
"2235",223.4,"Simu1","DIC",50,"cliver",9.06896629405472e-05
"2236",223.5,"Simu1","DIC",50,"cliver",8.83675769621229e-05
"2237",223.6,"Simu1","DIC",50,"cliver",8.61788762991406e-05
"2238",223.7,"Simu1","DIC",50,"cliver",8.3679004830953e-05
"2239",223.8,"Simu1","DIC",50,"cliver",8.18438062610032e-05
"2240",223.9,"Simu1","DIC",50,"cliver",7.9916779716593e-05
"2241",224,"Simu1","DIC",50,"cliver",0.0001394926147629
"2242",224.1,"Simu1","DIC",50,"cliver",0.175927326889856
"2243",224.2,"Simu1","DIC",50,"cliver",1.19148508044768
"2244",224.3,"Simu1","DIC",50,"cliver",2.51752814260691
"2245",224.4,"Simu1","DIC",50,"cliver",3.80989134246278
"2246",224.5,"Simu1","DIC",50,"cliver",4.95585122229342
"2247",224.6,"Simu1","DIC",50,"cliver",5.9274797253322
"2248",224.7,"Simu1","DIC",50,"cliver",6.72678474153946
"2249",224.8,"Simu1","DIC",50,"cliver",7.36560332965869
"2250",224.9,"Simu1","DIC",50,"cliver",7.85831241903026
"2251",225,"Simu1","DIC",50,"cliver",8.21925014571961
"2252",225.1,"Simu1","DIC",50,"cliver",8.46186001209295
"2253",225.2,"Simu1","DIC",50,"cliver",8.59846077196413
"2254",225.3,"Simu1","DIC",50,"cliver",8.64023438637338
"2255",225.4,"Simu1","DIC",50,"cliver",8.59729458897106
"2256",225.5,"Simu1","DIC",50,"cliver",8.47877212131357
"2257",225.6,"Simu1","DIC",50,"cliver",8.29290275804761
"2258",225.7,"Simu1","DIC",50,"cliver",8.04711250493962
"2259",225.8,"Simu1","DIC",50,"cliver",7.74809166540989
"2260",225.9,"Simu1","DIC",50,"cliver",7.40186707580635
"2261",226,"Simu1","DIC",50,"cliver",7.01386539331551
"2262",226.1,"Simu1","DIC",50,"cliver",6.58897078925038
"2263",226.2,"Simu1","DIC",50,"cliver",6.13158123265874
"2264",226.3,"Simu1","DIC",50,"cliver",5.64565467243446
"2265",226.4,"Simu1","DIC",50,"cliver",5.13474809773087
"2266",226.5,"Simu1","DIC",50,"cliver",4.60206088384028
"2267",226.6,"Simu1","DIC",50,"cliver",4.05047333012097
"2268",226.7,"Simu1","DIC",50,"cliver",3.48258226139524
"2269",226.8,"Simu1","DIC",50,"cliver",2.90073655787849
"2270",226.9,"Simu1","DIC",50,"cliver",2.30708026089744
"2271",227,"Simu1","DIC",50,"cliver",1.70361944255591
"2272",227.1,"Simu1","DIC",50,"cliver",1.09239066331155
"2273",227.2,"Simu1","DIC",50,"cliver",0.476295801980568
"2274",227.3,"Simu1","DIC",50,"cliver",0.00112318777148189
"2275",227.4,"Simu1","DIC",50,"cliver",0.00101508495971061
"2276",227.5,"Simu1","DIC",50,"cliver",0.000920005723568282
"2277",227.6,"Simu1","DIC",50,"cliver",0.000836051208719526
"2278",227.7,"Simu1","DIC",50,"cliver",0.000761653870470928
"2279",227.8,"Simu1","DIC",50,"cliver",0.000695540048189901
"2280",227.9,"Simu1","DIC",50,"cliver",0.00063657398909414
"2281",228,"Simu1","DIC",50,"cliver",0.000583871238295774
"2282",228.1,"Simu1","DIC",50,"cliver",0.00053670782176869
"2283",228.2,"Simu1","DIC",50,"cliver",0.000494304957317329
"2284",228.3,"Simu1","DIC",50,"cliver",0.000456174165582092
"2285",228.4,"Simu1","DIC",50,"cliver",0.000421823917011828
"2286",228.5,"Simu1","DIC",50,"cliver",0.000390810160182327
"2287",228.6,"Simu1","DIC",50,"cliver",0.000362764213526153
"2288",228.7,"Simu1","DIC",50,"cliver",0.000337374939483408
"2289",228.8,"Simu1","DIC",50,"cliver",0.000314342921079419
"2290",228.9,"Simu1","DIC",50,"cliver",0.000293452259920135
"2291",229,"Simu1","DIC",50,"cliver",0.000274405633075985
"2292",229.1,"Simu1","DIC",50,"cliver",0.000257175423087784
"2293",229.2,"Simu1","DIC",50,"cliver",0.000241230306234207
"2294",229.3,"Simu1","DIC",50,"cliver",0.000226878470276583
"2295",229.4,"Simu1","DIC",50,"cliver",0.000213815918258263
"2296",229.5,"Simu1","DIC",50,"cliver",0.000201802876590722
"2297",229.6,"Simu1","DIC",50,"cliver",0.000190802519696727
"2298",229.7,"Simu1","DIC",50,"cliver",0.000180722579251574
"2299",229.8,"Simu1","DIC",50,"cliver",0.000171476202220842
"2300",229.9,"Simu1","DIC",50,"cliver",0.000162985559399426
"2301",230,"Simu1","DIC",50,"cliver",0.000155181248085932
"2302",230.1,"Simu1","DIC",50,"cliver",0.000148000629887444
"2303",230.2,"Simu1","DIC",50,"cliver",0.000141387064539061
"2304",230.3,"Simu1","DIC",50,"cliver",0.000135289443503869
"2305",230.4,"Simu1","DIC",50,"cliver",0.000129661743015081
"2306",230.5,"Simu1","DIC",50,"cliver",0.000124462449546065
"2307",230.6,"Simu1","DIC",50,"cliver",0.000119654008090442
"2308",230.7,"Simu1","DIC",50,"cliver",0.000115202455798064
"2309",230.8,"Simu1","DIC",50,"cliver",0.000111077002880935
"2310",230.9,"Simu1","DIC",50,"cliver",0.000107249699148831
"2311",231,"Simu1","DIC",50,"cliver",0.000103695243354917
"2312",231.1,"Simu1","DIC",50,"cliver",0.000100390665427627
"2313",231.2,"Simu1","DIC",50,"cliver",9.7315112172212e-05
"2314",231.3,"Simu1","DIC",50,"cliver",9.44497054354836e-05
"2315",231.4,"Simu1","DIC",50,"cliver",9.17772047007651e-05
"2316",231.5,"Simu1","DIC",50,"cliver",8.928187022861e-05
"2317",231.6,"Simu1","DIC",50,"cliver",8.69495062520057e-05
"2318",231.7,"Simu1","DIC",50,"cliver",8.47671268210604e-05
"2319",231.8,"Simu1","DIC",50,"cliver",8.27228126266083e-05
"2320",231.9,"Simu1","DIC",50,"cliver",8.08063255565218e-05
"2321",232,"Simu1","DIC",50,"cliver",0.000140400642845649
"2322",232.1,"Simu1","DIC",50,"cliver",0.175985047710911
"2323",232.2,"Simu1","DIC",50,"cliver",1.19168067106496
"2324",232.3,"Simu1","DIC",50,"cliver",2.51786132333779
"2325",232.4,"Simu1","DIC",50,"cliver",3.81036050086617
"2326",232.5,"Simu1","DIC",50,"cliver",4.95645468878645
"2327",232.6,"Simu1","DIC",50,"cliver",5.92821585994569
"2328",232.7,"Simu1","DIC",50,"cliver",6.72765193240172
"2329",232.8,"Simu1","DIC",50,"cliver",7.36659994771398
"2330",232.9,"Simu1","DIC",50,"cliver",7.85943767081444
"2331",233,"Simu1","DIC",50,"cliver",8.22050238896367
"2332",233.1,"Simu1","DIC",50,"cliver",8.46323664020387
"2333",233.2,"Simu1","DIC",50,"cliver",8.59996001354716
"2334",233.3,"Simu1","DIC",50,"cliver",8.6418528271385
"2335",233.4,"Simu1","DIC",50,"cliver",8.59903301953938
"2336",233.5,"Simu1","DIC",50,"cliver",8.48063158846121
"2337",233.6,"Simu1","DIC",50,"cliver",8.29488038476555
"2338",233.7,"Simu1","DIC",50,"cliver",8.04920687351737
"2339",233.8,"Simu1","DIC",50,"cliver",7.75030189560252
"2340",233.9,"Simu1","DIC",50,"cliver",7.40419299040176
"2341",234,"Simu1","DIC",50,"cliver",7.01630713071317
"2342",234.1,"Simu1","DIC",50,"cliver",6.59152850223542
"2343",234.2,"Simu1","DIC",50,"cliver",6.13425401479329
"2344",234.3,"Simu1","DIC",50,"cliver",5.648436548352
"2345",234.4,"Simu1","DIC",50,"cliver",5.13763532579289
"2346",234.5,"Simu1","DIC",50,"cliver",4.60505452239951
"2347",234.6,"Simu1","DIC",50,"cliver",4.05357470599695
"2348",234.7,"Simu1","DIC",50,"cliver",3.48579015102833
"2349",234.8,"Simu1","DIC",50,"cliver",2.90404863466666
"2350",234.9,"Simu1","DIC",50,"cliver",2.31049503216634
"2351",235,"Simu1","DIC",50,"cliver",1.70713533373589
"2352",235.1,"Simu1","DIC",50,"cliver",1.09600259115859
"2353",235.2,"Simu1","DIC",50,"cliver",0.479984551674095
"2354",235.3,"Simu1","DIC",50,"cliver",0.00112456341713901
"2355",235.4,"Simu1","DIC",50,"cliver",0.00101640978591465
"2356",235.5,"Simu1","DIC",50,"cliver",0.000921284901602973
"2357",235.6,"Simu1","DIC",50,"cliver",0.000837290716785743
"2358",235.7,"Simu1","DIC",50,"cliver",0.000762857871643237
"2359",235.8,"Simu1","DIC",50,"cliver",0.000696711761392476
"2360",235.9,"Simu1","DIC",50,"cliver",0.000637721739564441
"2361",236,"Simu1","DIC",50,"cliver",0.00058499147720787
"2362",236.1,"Simu1","DIC",50,"cliver",0.000537803910312905
"2363",236.2,"Simu1","DIC",50,"cliver",0.000495372390604341
"2364",236.3,"Simu1","DIC",50,"cliver",0.00045722458561844
"2365",236.4,"Simu1","DIC",50,"cliver",0.000422905437904499
"2366",236.5,"Simu1","DIC",50,"cliver",0.000391792323418191
"2367",236.6,"Simu1","DIC",50,"cliver",0.000363797004616157
"2368",236.7,"Simu1","DIC",50,"cliver",0.000338426839718676
"2369",236.8,"Simu1","DIC",50,"cliver",0.000315251949818693
"2370",236.9,"Simu1","DIC",50,"cliver",0.000294473795845596
"2371",237,"Simu1","DIC",50,"cliver",0.000275409012139966
"2372",237.1,"Simu1","DIC",50,"cliver",0.000258073402073544
"2373",237.2,"Simu1","DIC",50,"cliver",0.000242336395590169
"2374",237.3,"Simu1","DIC",50,"cliver",0.000227898069658088
"2375",237.4,"Simu1","DIC",50,"cliver",0.000214775002912422
"2376",237.5,"Simu1","DIC",50,"cliver",0.000202761680014696
"2377",237.6,"Simu1","DIC",50,"cliver",0.00019181279765608
"2378",237.7,"Simu1","DIC",50,"cliver",0.000181474037897551
"2379",237.8,"Simu1","DIC",50,"cliver",0.000172473258032003
"2380",237.9,"Simu1","DIC",50,"cliver",0.000163945340972609
"2381",238,"Simu1","DIC",50,"cliver",0.000156011674677382
"2382",238.1,"Simu1","DIC",50,"cliver",0.00014911597424431
"2383",238.2,"Simu1","DIC",50,"cliver",0.000142258719039597
"2384",238.3,"Simu1","DIC",50,"cliver",0.000136001074228809
"2385",238.4,"Simu1","DIC",50,"cliver",0.000130557174165002
"2386",238.5,"Simu1","DIC",50,"cliver",0.00012543464249025
"2387",238.6,"Simu1","DIC",50,"cliver",0.000120407095670528
"2388",238.7,"Simu1","DIC",50,"cliver",0.000116128500435404
"2389",238.8,"Simu1","DIC",50,"cliver",0.00011212479716754
"2390",238.9,"Simu1","DIC",50,"cliver",0.000108128329917808
"2391",239,"Simu1","DIC",50,"cliver",0.000104502102247145
"2392",239.1,"Simu1","DIC",50,"cliver",0.000101395606924001
"2393",239.2,"Simu1","DIC",50,"cliver",9.81921668845774e-05
"2394",239.3,"Simu1","DIC",50,"cliver",9.5297792868839e-05
"2395",239.4,"Simu1","DIC",50,"cliver",9.26736438203006e-05
"2396",239.5,"Simu1","DIC",50,"cliver",9.01428489136751e-05
"2397",239.6,"Simu1","DIC",50,"cliver",8.77986859841182e-05
"2398",239.7,"Simu1","DIC",50,"cliver",8.55982255348482e-05
"2399",239.8,"Simu1","DIC",50,"cliver",8.35862162994336e-05
"2400",239.9,"Simu1","DIC",50,"cliver",8.16685335455809e-05
"2401",240,"Simu1","DIC",50,"cliver",0.000141280826064754
"2402",240.1,"Simu1","DIC",50,"cliver",0.176041797246399
"2403",240.2,"Simu1","DIC",50,"cliver",1.1918732470937
"2404",240.3,"Simu1","DIC",50,"cliver",2.51818828433937
"2405",240.4,"Simu1","DIC",50,"cliver",3.81082115834184
"2406",240.5,"Simu1","DIC",50,"cliver",4.95704707207164
"2407",240.6,"Simu1","DIC",50,"cliver",5.92893824746448
"2408",240.7,"Simu1","DIC",50,"cliver",6.72850260532512
"2409",240.8,"Simu1","DIC",50,"cliver",7.36757714325108
"2410",240.9,"Simu1","DIC",50,"cliver",7.86053890460091
"2411",241,"Simu1","DIC",50,"cliver",8.22172683142071
"2412",241.1,"Simu1","DIC",50,"cliver",8.46458254927731
"2413",241.2,"Simu1","DIC",50,"cliver",8.60142652300872
"2414",241.3,"Simu1","DIC",50,"cliver",8.64343956739292
"2415",241.4,"Simu1","DIC",50,"cliver",8.6007399952307
"2416",241.5,"Simu1","DIC",50,"cliver",8.48245341497329
"2417",241.6,"Simu1","DIC",50,"cliver",8.29681795434639
"2418",241.7,"Simu1","DIC",50,"cliver",8.05125857780717
"2419",241.8,"Simu1","DIC",50,"cliver",7.75246648754153
"2420",241.9,"Simu1","DIC",50,"cliver",7.40646798054602
"2421",242,"Simu1","DIC",50,"cliver",7.01869073661019
"2422",242.1,"Simu1","DIC",50,"cliver",6.59401853060975
"2423",242.2,"Simu1","DIC",50,"cliver",6.13684825428237
"2424",242.3,"Simu1","DIC",50,"cliver",5.65113848177172
"2425",242.4,"Simu1","DIC",50,"cliver",5.14044713640254
"2426",242.5,"Simu1","DIC",50,"cliver",4.6079732415208
"2427",242.6,"Simu1","DIC",50,"cliver",4.0565966635995
"2428",242.7,"Simu1","DIC",50,"cliver",3.48891405591153
"2429",242.8,"Simu1","DIC",50,"cliver",2.90727424953497
"2430",242.9,"Simu1","DIC",50,"cliver",2.3138211657137
"2431",243,"Simu1","DIC",50,"cliver",1.71055857214533
"2432",243.1,"Simu1","DIC",50,"cliver",1.09951918927893
"2433",243.2,"Simu1","DIC",50,"cliver",0.483576192964299
"2434",243.3,"Simu1","DIC",50,"cliver",0.00112590321596386
"2435",243.4,"Simu1","DIC",50,"cliver",0.00101769921092796
"2436",243.5,"Simu1","DIC",50,"cliver",0.000922529623100153
"2437",243.6,"Simu1","DIC",50,"cliver",0.000838496188128177
"2438",243.7,"Simu1","DIC",50,"cliver",0.000764028976425945
"2439",243.8,"Simu1","DIC",50,"cliver",0.000697852924239007
"2440",243.9,"Simu1","DIC",50,"cliver",0.000638834392438741
"2441",244,"Simu1","DIC",50,"cliver",0.000586080895779044
"2442",244.1,"Simu1","DIC",50,"cliver",0.00053887281495222
"2443",244.2,"Simu1","DIC",50,"cliver",0.000496432809598327
"2444",244.3,"Simu1","DIC",50,"cliver",0.000458264088743206
"2445",244.4,"Simu1","DIC",50,"cliver",0.000423883651210928
"2446",244.5,"Simu1","DIC",50,"cliver",0.00039284055044609
"2447",244.6,"Simu1","DIC",50,"cliver",0.000364768091464675
"2448",244.7,"Simu1","DIC",50,"cliver",0.000339354695893781
"2449",244.8,"Simu1","DIC",50,"cliver",0.000316300090439748
"2450",244.9,"Simu1","DIC",50,"cliver",0.000295390464589118
"2451",245,"Simu1","DIC",50,"cliver",0.000276323630075016
"2452",245.1,"Simu1","DIC",50,"cliver",0.000259080861306408
"2453",245.2,"Simu1","DIC",50,"cliver",0.000243109907597764
"2454",245.3,"Simu1","DIC",50,"cliver",0.000228747692152312
"2455",245.4,"Simu1","DIC",50,"cliver",0.000215674893026419
"2456",245.5,"Simu1","DIC",50,"cliver",0.000203649362050815
"2457",245.6,"Simu1","DIC",50,"cliver",0.000192637554764406
"2458",245.7,"Simu1","DIC",50,"cliver",0.000182546997462983
"2459",245.8,"Simu1","DIC",50,"cliver",0.000173290738864616
"2460",245.9,"Simu1","DIC",50,"cliver",0.000164790878221839
"2461",246,"Simu1","DIC",50,"cliver",0.000156977947373142
"2462",246.1,"Simu1","DIC",50,"cliver",0.000149789271842531
"2463",246.2,"Simu1","DIC",50,"cliver",0.000143168171110289
"2464",246.3,"Simu1","DIC",50,"cliver",0.000137063483726651
"2465",246.4,"Simu1","DIC",50,"cliver",0.000131429147968304
"2466",246.5,"Simu1","DIC",50,"cliver",0.000126223612521064
"2467",246.6,"Simu1","DIC",50,"cliver",0.000121409292944437
"2468",246.7,"Simu1","DIC",50,"cliver",0.000116952194626259
"2469",246.8,"Simu1","DIC",50,"cliver",0.000112821506558077
"2470",246.9,"Simu1","DIC",50,"cliver",0.000108989252022504
"2471",247,"Simu1","DIC",50,"cliver",0.000105430106613673
"2472",247.1,"Simu1","DIC",50,"cliver",0.000102121085528027
"2473",247.2,"Simu1","DIC",50,"cliver",9.90413120815167e-05
"2474",247.3,"Simu1","DIC",50,"cliver",9.61718885308807e-05
"2475",247.4,"Simu1","DIC",50,"cliver",9.34955697880484e-05
"2476",247.5,"Simu1","DIC",50,"cliver",9.09965971882603e-05
"2477",247.6,"Simu1","DIC",50,"cliver",8.86607539669889e-05
"2478",247.7,"Simu1","DIC",50,"cliver",8.64750569423985e-05
"2479",247.8,"Simu1","DIC",50,"cliver",8.44275684274701e-05
"2480",247.9,"Simu1","DIC",50,"cliver",8.25075543420516e-05
"2481",248,"Simu1","DIC",50,"cliver",0.000142137813899741
"2482",248.1,"Simu1","DIC",50,"cliver",0.176095677592278
"2483",248.2,"Simu1","DIC",50,"cliver",1.19205570499495
"2484",248.3,"Simu1","DIC",50,"cliver",2.51850026732953
"2485",248.4,"Simu1","DIC",50,"cliver",3.81126022691544
"2486",248.5,"Simu1","DIC",50,"cliver",4.95761202991775
"2487",248.6,"Simu1","DIC",50,"cliver",5.92962754235833
"2488",248.7,"Simu1","DIC",50,"cliver",6.72931483367872
"2489",248.8,"Simu1","DIC",50,"cliver",7.36851107699622
"2490",248.9,"Simu1","DIC",50,"cliver",7.86159340773716
"2491",249,"Simu1","DIC",50,"cliver",8.22289991371819
"2492",249.1,"Simu1","DIC",50,"cliver",8.46587767084874
"2493",249.2,"Simu1","DIC",50,"cliver",8.60283987152026
"2494",249.3,"Simu1","DIC",50,"cliver",8.64496956131491
"2495",249.4,"Simu1","DIC",50,"cliver",8.60238185060548
"2496",249.5,"Simu1","DIC",50,"cliver",8.48420741417741
"2497",249.6,"Simu1","DIC",50,"cliver",8.29868266717971
"2498",249.7,"Simu1","DIC",50,"cliver",8.05323314805978
"2499",249.8,"Simu1","DIC",50,"cliver",7.75454889246668
"2500",249.9,"Simu1","DIC",50,"cliver",7.40865824864841
"2501",250,"Simu1","DIC",50,"cliver",7.02098931086356
"2502",250.1,"Simu1","DIC",50,"cliver",6.59642583788113
"2503",250.2,"Simu1","DIC",50,"cliver",6.13936421710861
"2504",250.3,"Simu1","DIC",50,"cliver",5.65375978639135
"2505",250.4,"Simu1","DIC",50,"cliver",5.14316806226844
"2506",250.5,"Simu1","DIC",50,"cliver",4.61079222290464
"2507",250.6,"Simu1","DIC",50,"cliver",4.05951538885204
"2508",250.7,"Simu1","DIC",50,"cliver",3.49193277653584
"2509",250.8,"Simu1","DIC",50,"cliver",2.91039112051641
"2510",250.9,"Simu1","DIC",50,"cliver",2.31703398275421
"2511",251,"Simu1","DIC",50,"cliver",1.71386564645523
"2512",251.1,"Simu1","DIC",50,"cliver",1.10291645424727
"2513",251.2,"Simu1","DIC",50,"cliver",0.487045990353448
"2514",251.3,"Simu1","DIC",50,"cliver",0.001127198021836
"2515",251.4,"Simu1","DIC",50,"cliver",0.00101894590914232
"2516",251.5,"Simu1","DIC",50,"cliver",0.000923733499752191
"2517",251.6,"Simu1","DIC",50,"cliver",0.000839662350798227
"2518",251.7,"Simu1","DIC",50,"cliver",0.000765162364548115
"2519",251.8,"Simu1","DIC",50,"cliver",0.000698958012286134
"2520",251.9,"Simu1","DIC",50,"cliver",0.000639910660144438
"2521",252,"Simu1","DIC",50,"cliver",0.000587136094457915
"2522",252.1,"Simu1","DIC",50,"cliver",0.000539909060672435
"2523",252.2,"Simu1","DIC",50,"cliver",0.000497447560449554
"2524",252.3,"Simu1","DIC",50,"cliver",0.000459264895839544
"2525",252.4,"Simu1","DIC",50,"cliver",0.000424866986001
"2526",252.5,"Simu1","DIC",50,"cliver",0.000393810438297008
"2527",252.6,"Simu1","DIC",50,"cliver",0.000365725484230041
"2528",252.7,"Simu1","DIC",50,"cliver",0.000340300833647726
"2529",252.8,"Simu1","DIC",50,"cliver",0.000317236350069902
"2530",252.9,"Simu1","DIC",50,"cliver",0.000296316182027561
"2531",253,"Simu1","DIC",50,"cliver",0.000277241775960615
"2532",253.1,"Simu1","DIC",50,"cliver",0.000259987519648644
"2533",253.2,"Simu1","DIC",50,"cliver",0.000244017116457665
"2534",253.3,"Simu1","DIC",50,"cliver",0.000229657871856675
"2535",253.4,"Simu1","DIC",50,"cliver",0.000216563403687951
"2536",253.5,"Simu1","DIC",50,"cliver",0.00020453212338871
"2537",253.6,"Simu1","DIC",50,"cliver",0.000193514892833546
"2538",253.7,"Simu1","DIC",50,"cliver",0.00018341925401518
"2539",253.8,"Simu1","DIC",50,"cliver",0.000174158270272293
"2540",253.9,"Simu1","DIC",50,"cliver",0.000165654015834166
"2541",254,"Simu1","DIC",50,"cliver",0.00015783700233704
"2542",254.1,"Simu1","DIC",50,"cliver",0.000150644509056871
"2543",254.2,"Simu1","DIC",50,"cliver",0.000144019822005182
"2544",254.3,"Simu1","DIC",50,"cliver",0.000137911770048407
"2545",254.4,"Simu1","DIC",50,"cliver",0.000132274274338143
"2546",254.5,"Simu1","DIC",50,"cliver",0.000127065768809077
"2547",254.6,"Simu1","DIC",50,"cliver",0.000122248651655015
"2548",254.7,"Simu1","DIC",50,"cliver",0.000117788917359891
"2549",254.8,"Simu1","DIC",50,"cliver",0.000113655736712204
"2550",254.9,"Simu1","DIC",50,"cliver",0.000109821124445505
"2551",255,"Simu1","DIC",50,"cliver",0.00010625974689844
"2552",255.1,"Simu1","DIC",50,"cliver",0.000102948604827833
"2553",255.2,"Simu1","DIC",50,"cliver",9.98668197172412e-05
"2554",255.3,"Simu1","DIC",50,"cliver",9.69954882501743e-05
"2555",255.4,"Simu1","DIC",50,"cliver",9.43173463531582e-05
"2556",255.5,"Simu1","DIC",50,"cliver",9.1816635753395e-05
"2557",255.6,"Simu1","DIC",50,"cliver",8.94791417565448e-05
"2558",255.7,"Simu1","DIC",50,"cliver",8.72918589637049e-05
"2559",255.8,"Simu1","DIC",50,"cliver",8.52428565345238e-05
"2560",255.9,"Simu1","DIC",50,"cliver",8.33217602348299e-05
"2561",256,"Simu1","DIC",50,"cliver",0.000142969985055856
"2562",256.1,"Simu1","DIC",50,"cliver",0.176148629579501
"2563",256.2,"Simu1","DIC",50,"cliver",1.19223514700616
"2564",256.3,"Simu1","DIC",50,"cliver",2.51880595799254
"2565",256.4,"Simu1","DIC",50,"cliver",3.8116906894012
"2566",256.5,"Simu1","DIC",50,"cliver",4.95816563350358
"2567",256.6,"Simu1","DIC",50,"cliver",5.93030281045119
"2568",256.7,"Simu1","DIC",50,"cliver",6.7301102512891
"2569",256.8,"Simu1","DIC",50,"cliver",7.36942517373282
"2570",256.9,"Simu1","DIC",50,"cliver",7.86262466920053
"2571",257,"Simu1","DIC",50,"cliver",8.22404773392038
"2572",257.1,"Simu1","DIC",50,"cliver",8.4671358833109
"2573",257.2,"Simu1","DIC",50,"cliver",8.60420887521979
"2574",257.3,"Simu1","DIC",50,"cliver",8.64644966522316
"2575",257.4,"Simu1","DIC",50,"cliver",8.60397379119373
"2576",257.5,"Simu1","DIC",50,"cliver",8.4859091751577
"2577",257.6,"Simu1","DIC",50,"cliver",8.30049311574376
"2578",257.7,"Simu1","DIC",50,"cliver",8.05515108464113
"2579",257.8,"Simu1","DIC",50,"cliver",7.75657362748396
"2580",257.9,"Simu1","DIC",50,"cliver",7.41078751723241
"2581",258,"Simu1","DIC",50,"cliver",7.02321990066322
"2582",258.1,"Simu1","DIC",50,"cliver",6.59875529111133
"2583",258.2,"Simu1","DIC",50,"cliver",6.14179271589213
"2584",258.3,"Simu1","DIC",50,"cliver",5.65628863144421
"2585",258.4,"Simu1","DIC",50,"cliver",5.1457996898924
"2586",258.5,"Simu1","DIC",50,"cliver",4.61352566886632
"2587",258.6,"Simu1","DIC",50,"cliver",4.06234735704713
"2588",258.7,"Simu1","DIC",50,"cliver",3.49486128987799
"2589",258.8,"Simu1","DIC",50,"cliver",2.9134156147535
"2590",258.9,"Simu1","DIC",50,"cliver",2.32015363635829
"2591",259,"Simu1","DIC",50,"cliver",1.7170781442479
"2592",259.1,"Simu1","DIC",50,"cliver",1.10621715165218
"2593",259.2,"Simu1","DIC",50,"cliver",0.490418093862234
"2594",259.3,"Simu1","DIC",50,"cliver",0.00112845998309347
"2595",259.4,"Simu1","DIC",50,"cliver",0.00102016222472808
"2596",259.5,"Simu1","DIC",50,"cliver",0.000924907602704881
"2597",259.6,"Simu1","DIC",50,"cliver",0.000840799948254552
"2598",259.7,"Simu1","DIC",50,"cliver",0.000766267026359629
"2599",259.8,"Simu1","DIC",50,"cliver",0.000700032098302541
"2600",259.9,"Simu1","DIC",50,"cliver",0.000640964711712739
"2601",260,"Simu1","DIC",50,"cliver",0.000588163311412385
"2602",260.1,"Simu1","DIC",50,"cliver",0.000540912432822091
"2603",260.2,"Simu1","DIC",50,"cliver",0.000498426471741427
"2604",260.3,"Simu1","DIC",50,"cliver",0.000460224560181693
"2605",260.4,"Simu1","DIC",50,"cliver",0.000425863111125981
"2606",260.5,"Simu1","DIC",50,"cliver",0.000394710172988619
"2607",260.6,"Simu1","DIC",50,"cliver",0.000366669761148553
"2608",260.7,"Simu1","DIC",50,"cliver",0.000341267653405998
"2609",260.8,"Simu1","DIC",50,"cliver",0.000318065828373495
"2610",260.9,"Simu1","DIC",50,"cliver",0.000297252091513702
"2611",261,"Simu1","DIC",50,"cliver",0.000278167983472173
"2612",261.1,"Simu1","DIC",50,"cliver",0.000260793019395529
"2613",261.2,"Simu1","DIC",50,"cliver",0.000245041156280817
"2614",261.3,"Simu1","DIC",50,"cliver",0.000230588803078527
"2615",261.4,"Simu1","DIC",50,"cliver",0.000217440943126032
"2616",261.5,"Simu1","DIC",50,"cliver",0.000205410311808998
"2617",261.6,"Simu1","DIC",50,"cliver",0.000194456692011586
"2618",261.7,"Simu1","DIC",50,"cliver",0.000184082400691368
"2619",261.8,"Simu1","DIC",50,"cliver",0.000175056414998504
"2620",261.9,"Simu1","DIC",50,"cliver",0.00016657716380506
"2621",262,"Simu1","DIC",50,"cliver",0.000158523148815742
"2622",262.1,"Simu1","DIC",50,"cliver",0.00015153762507176
"2623",262.2,"Simu1","DIC",50,"cliver",0.000144936188892154
"2624",262.3,"Simu1","DIC",50,"cliver",0.000138586270326373
"2625",262.4,"Simu1","DIC",50,"cliver",0.00013314958873676
"2626",262.5,"Simu1","DIC",50,"cliver",0.000127986032279209
"2627",262.6,"Simu1","DIC",50,"cliver",0.000122906944977727
"2628",262.7,"Simu1","DIC",50,"cliver",0.000118646340968758
"2629",262.8,"Simu1","DIC",50,"cliver",0.000114591793076014
"2630",262.9,"Simu1","DIC",50,"cliver",0.000110458113836603
"2631",263,"Simu1","DIC",50,"cliver",0.000107094125551974
"2632",263.1,"Simu1","DIC",50,"cliver",0.000103913276864446
"2633",263.2,"Simu1","DIC",50,"cliver",0.000100502534795957
"2634",263.3,"Simu1","DIC",50,"cliver",9.79153236247076e-05
"2635",263.4,"Simu1","DIC",50,"cliver",9.52458250820306e-05
"2636",263.5,"Simu1","DIC",50,"cliver",9.25024300730899e-05
"2637",263.6,"Simu1","DIC",50,"cliver",9.04026295999729e-05
"2638",263.7,"Simu1","DIC",50,"cliver",8.81143548815831e-05
"2639",263.8,"Simu1","DIC",50,"cliver",8.61197982849479e-05
"2640",263.9,"Simu1","DIC",50,"cliver",8.41125816419263e-05
"2641",264,"Simu1","DIC",50,"cliver",0.000143777234931293
"2642",264.1,"Simu1","DIC",50,"cliver",0.176199866333401
"2643",264.2,"Simu1","DIC",50,"cliver",1.19240864486085
"2644",264.3,"Simu1","DIC",50,"cliver",2.5191014433299
"2645",264.4,"Simu1","DIC",50,"cliver",3.8121067352426
"2646",264.5,"Simu1","DIC",50,"cliver",4.95870077010677
"2647",264.6,"Simu1","DIC",50,"cliver",5.93095559385045
"2648",264.7,"Simu1","DIC",50,"cliver",6.73087926643741
"2649",264.8,"Simu1","DIC",50,"cliver",7.37030903314348
"2650",264.9,"Simu1","DIC",50,"cliver",7.86362203463482
"2651",265,"Simu1","DIC",50,"cliver",8.22515682328741
"2652",265.1,"Simu1","DIC",50,"cliver",8.46835418486817
"2653",265.2,"Simu1","DIC",50,"cliver",8.6055380237647
"2654",265.3,"Simu1","DIC",50,"cliver",8.64788855928233
"2655",265.4,"Simu1","DIC",50,"cliver",8.60551897863705
"2656",265.5,"Simu1","DIC",50,"cliver",8.48755553020135
"2657",265.6,"Simu1","DIC",50,"cliver",8.30223894592904
"2658",265.7,"Simu1","DIC",50,"cliver",8.05699525737744
"2659",265.8,"Simu1","DIC",50,"cliver",7.75852080217782
"2660",265.9,"Simu1","DIC",50,"cliver",7.41284076745952
"2661",266,"Simu1","DIC",50,"cliver",7.02537501045798
"2662",266.1,"Simu1","DIC",50,"cliver",6.60101373237777
"2663",266.2,"Simu1","DIC",50,"cliver",6.14415363255012
"2664",266.3,"Simu1","DIC",50,"cliver",5.65874944963113
"2665",266.4,"Simu1","DIC",50,"cliver",5.14835793476436
"2666",266.5,"Simu1","DIC",50,"cliver",4.6161787371114
"2667",266.6,"Simu1","DIC",50,"cliver",4.06509485606563
"2668",266.7,"Simu1","DIC",50,"cliver",3.49770317706757
"2669",266.8,"Simu1","DIC",50,"cliver",2.91635062042111
"2670",266.9,"Simu1","DIC",50,"cliver",2.32317981236316
"2671",267,"Simu1","DIC",50,"cliver",1.72019406046047
"2672",267.1,"Simu1","DIC",50,"cliver",1.10941753706842
"2673",267.2,"Simu1","DIC",50,"cliver",0.493691545110759
"2674",267.3,"Simu1","DIC",50,"cliver",0.00112968448774432
"2675",267.4,"Simu1","DIC",50,"cliver",0.00102134167038778
"2676",267.5,"Simu1","DIC",50,"cliver",0.000926046200005521
"2677",267.6,"Simu1","DIC",50,"cliver",0.000841902654743151
"2678",267.7,"Simu1","DIC",50,"cliver",0.000767338315967633
"2679",267.8,"Simu1","DIC",50,"cliver",0.000701076162436396
"2680",267.9,"Simu1","DIC",50,"cliver",0.000641982457314616
"2681",268,"Simu1","DIC",50,"cliver",0.000589159931525551
"2682",268.1,"Simu1","DIC",50,"cliver",0.000541890630949445
"2683",268.2,"Simu1","DIC",50,"cliver",0.000499396939259694
"2684",268.3,"Simu1","DIC",50,"cliver",0.000461177625080262
"2685",268.4,"Simu1","DIC",50,"cliver",0.000426753827117313
"2686",268.5,"Simu1","DIC",50,"cliver",0.000395669661352944
"2687",268.6,"Simu1","DIC",50,"cliver",0.000367560329466691
"2688",268.7,"Simu1","DIC",50,"cliver",0.00034211341904134
"2689",268.8,"Simu1","DIC",50,"cliver",0.000319027806930814
"2690",268.9,"Simu1","DIC",50,"cliver",0.000298090907759809
"2691",269,"Simu1","DIC",50,"cliver",0.000278997098699187
"2692",269.1,"Simu1","DIC",50,"cliver",0.000261733721378922
"2693",269.2,"Simu1","DIC",50,"cliver",0.000245733991230181
"2694",269.3,"Simu1","DIC",50,"cliver",0.000231377057239788
"2695",269.4,"Simu1","DIC",50,"cliver",0.00021826530010009
"2696",269.5,"Simu1","DIC",50,"cliver",0.000206222402045918
"2697",269.6,"Simu1","DIC",50,"cliver",0.000195194652513746
"2698",269.7,"Simu1","DIC",50,"cliver",0.000185089287548516
"2699",269.8,"Simu1","DIC",50,"cliver",0.000175819249780906
"2700",269.9,"Simu1","DIC",50,"cliver",0.000167306542733735
"2701",270,"Simu1","DIC",50,"cliver",0.000159481612552656
"2702",270.1,"Simu1","DIC",50,"cliver",0.000152281719563225
"2703",270.2,"Simu1","DIC",50,"cliver",0.000145650120519952
"2704",270.3,"Simu1","DIC",50,"cliver",0.000139535587407952
"2705",270.4,"Simu1","DIC",50,"cliver",0.000133892006614117
"2706",270.5,"Simu1","DIC",50,"cliver",0.000128677775355388
"2707",270.6,"Simu1","DIC",50,"cliver",0.00012385526678729
"2708",270.7,"Simu1","DIC",50,"cliver",0.000119390443910254
"2709",270.8,"Simu1","DIC",50,"cliver",0.000115252462176751
"2710",270.9,"Simu1","DIC",50,"cliver",0.000111413310090516
"2711",271,"Simu1","DIC",50,"cliver",0.000107847631573226
"2712",271.1,"Simu1","DIC",50,"cliver",0.000104532417661924
"2713",271.2,"Simu1","DIC",50,"cliver",0.000101446763901466
"2714",271.3,"Simu1","DIC",50,"cliver",9.85717467133274e-05
"2715",271.4,"Simu1","DIC",50,"cliver",9.58901062399639e-05
"2716",271.5,"Simu1","DIC",50,"cliver",9.33860626658937e-05
"2717",271.6,"Simu1","DIC",50,"cliver",9.10453754913597e-05
"2718",271.7,"Simu1","DIC",50,"cliver",8.88550534526085e-05
"2719",271.8,"Simu1","DIC",50,"cliver",8.68031419132423e-05
"2720",271.9,"Simu1","DIC",50,"cliver",8.48788898130724e-05
"2721",272,"Simu1","DIC",50,"cliver",0.000144560073144553
"2722",272.1,"Simu1","DIC",50,"cliver",0.176249717903889
"2723",272.2,"Simu1","DIC",50,"cliver",1.19257760490915
"2724",272.3,"Simu1","DIC",50,"cliver",2.51938931523027
"2725",272.4,"Simu1","DIC",50,"cliver",3.8125121211605
"2726",272.5,"Simu1","DIC",50,"cliver",4.95922220558577
"2727",272.6,"Simu1","DIC",50,"cliver",5.93159162923731
"2728",272.7,"Simu1","DIC",50,"cliver",6.73162848352268
"2729",272.8,"Simu1","DIC",50,"cliver",7.37117005019977
"2730",272.9,"Simu1","DIC",50,"cliver",7.8645935080018
"2731",273,"Simu1","DIC",50,"cliver",8.2262378585368
"2732",273.1,"Simu1","DIC",50,"cliver",8.46954510599849
"2733",273.2,"Simu1","DIC",50,"cliver",8.60683525261871
"2734",273.3,"Simu1","DIC",50,"cliver",8.6492839264603
"2735",273.4,"Simu1","DIC",50,"cliver",8.60701652615514
"2736",273.5,"Simu1","DIC",50,"cliver",8.48916310295383
"2737",273.6,"Simu1","DIC",50,"cliver",8.30395404520864
"2738",273.7,"Simu1","DIC",50,"cliver",8.05881675051663
"2739",273.8,"Simu1","DIC",50,"cliver",7.76044145076433
"2740",273.9,"Simu1","DIC",50,"cliver",7.41485574309708
"2741",274,"Simu1","DIC",50,"cliver",7.02748740025931
"2742",274.1,"Simu1","DIC",50,"cliver",6.60322193964291
"2743",274.2,"Simu1","DIC",50,"cliver",6.14645609434544
"2744",274.3,"Simu1","DIC",50,"cliver",5.66114599348399
"2745",274.4,"Simu1","DIC",50,"cliver",5.15084974385923
"2746",274.5,"Simu1","DIC",50,"cliver",4.61876752712553
"2747",274.6,"Simu1","DIC",50,"cliver",4.06777863814923
"2748",274.7,"Simu1","DIC",50,"cliver",3.50047887678804
"2749",274.8,"Simu1","DIC",50,"cliver",2.91921456163544
"2750",274.9,"Simu1","DIC",50,"cliver",2.32612916421755
"2751",275,"Simu1","DIC",50,"cliver",1.72322913181326
"2752",275.1,"Simu1","DIC",50,"cliver",1.11253636592363
"2753",275.2,"Simu1","DIC",50,"cliver",0.496873233242697
"2754",275.3,"Simu1","DIC",50,"cliver",0.00113086900562059
"2755",275.4,"Simu1","DIC",50,"cliver",0.00102248323311865
"2756",275.5,"Simu1","DIC",50,"cliver",0.000927148556527748
"2757",275.6,"Simu1","DIC",50,"cliver",0.000842970672641464
"2758",275.7,"Simu1","DIC",50,"cliver",0.000768376098117012
"2759",275.8,"Simu1","DIC",50,"cliver",0.000702087264790497
"2760",275.9,"Simu1","DIC",50,"cliver",0.000642969682336456
"2761",276,"Simu1","DIC",50,"cliver",0.000590125941679359
"2762",276.1,"Simu1","DIC",50,"cliver",0.000542837865582793
"2763",276.2,"Simu1","DIC",50,"cliver",0.000500326961195078
"2764",276.3,"Simu1","DIC",50,"cliver",0.000462092225860308
"2765",276.4,"Simu1","DIC",50,"cliver",0.000427654397573185
"2766",276.5,"Simu1","DIC",50,"cliver",0.000396557697301175
"2767",276.6,"Simu1","DIC",50,"cliver",0.000368436854379735
"2768",276.7,"Simu1","DIC",50,"cliver",0.000342979524092092
"2769",276.8,"Simu1","DIC",50,"cliver",0.000319884284950644
"2770",276.9,"Simu1","DIC",50,"cliver",0.000298938791436423
"2771",277,"Simu1","DIC",50,"cliver",0.000279836576400929
"2772",277.1,"Simu1","DIC",50,"cliver",0.000262566581772228
"2773",277.2,"Simu1","DIC",50,"cliver",0.000246558280431686
"2774",277.3,"Simu1","DIC",50,"cliver",0.000232192145544623
"2775",277.4,"Simu1","DIC",50,"cliver",0.000219078693996017
"2776",277.5,"Simu1","DIC",50,"cliver",0.000207030464440366
"2777",277.6,"Simu1","DIC",50,"cliver",0.000195997733773137
"2778",277.7,"Simu1","DIC",50,"cliver",0.00018588773292611
"2779",277.8,"Simu1","DIC",50,"cliver",0.000176613379971552
"2780",277.9,"Simu1","DIC",50,"cliver",0.000168096651368913
"2781",278,"Simu1","DIC",50,"cliver",0.000160267967654434
"2782",278.1,"Simu1","DIC",50,"cliver",0.000153064565219517
"2783",278.2,"Simu1","DIC",50,"cliver",0.000146429679099953
"2784",278.3,"Simu1","DIC",50,"cliver",0.000140312062446117
"2785",278.4,"Simu1","DIC",50,"cliver",0.000134665585692656
"2786",278.5,"Simu1","DIC",50,"cliver",0.000129448630492361
"2787",278.6,"Simu1","DIC",50,"cliver",0.00012462355629358
"2788",278.7,"Simu1","DIC",50,"cliver",0.000120156313432345
"2789",278.8,"Simu1","DIC",50,"cliver",0.000116016045900038
"2790",278.9,"Simu1","DIC",50,"cliver",0.000112174731630981
"2791",279,"Simu1","DIC",50,"cliver",0.000108607005012289
"2792",279.1,"Simu1","DIC",50,"cliver",0.000105289848774593
"2793",279.2,"Simu1","DIC",50,"cliver",0.000102202350740387
"2794",279.3,"Simu1","DIC",50,"cliver",9.93255798170542e-05
"2795",279.4,"Simu1","DIC",50,"cliver",9.66422696166683e-05
"2796",279.5,"Simu1","DIC",50,"cliver",9.41366345578771e-05
"2797",279.6,"Simu1","DIC",50,"cliver",9.17944283214321e-05
"2798",279.7,"Simu1","DIC",50,"cliver",8.96026545147853e-05
"2799",279.8,"Simu1","DIC",50,"cliver",8.75493547116373e-05
"2800",279.9,"Simu1","DIC",50,"cliver",8.56237723333484e-05
"2801",280,"Simu1","DIC",50,"cliver",0.000145320860069545
"2802",280.1,"Simu1","DIC",50,"cliver",0.176298070434568
"2803",280.2,"Simu1","DIC",50,"cliver",1.19274138215806
"2804",280.3,"Simu1","DIC",50,"cliver",2.51966827915836
"2805",280.4,"Simu1","DIC",50,"cliver",3.8129049178511
"2806",280.5,"Simu1","DIC",50,"cliver",4.95972743197982
"2807",280.6,"Simu1","DIC",50,"cliver",5.93220789726062
"2808",280.7,"Simu1","DIC",50,"cliver",6.73235443692753
"2809",280.8,"Simu1","DIC",50,"cliver",7.37200436866486
"2810",280.9,"Simu1","DIC",50,"cliver",7.8655348979216
"2811",281,"Simu1","DIC",50,"cliver",8.22728458216324
"2812",281.1,"Simu1","DIC",50,"cliver",8.47069672022603
"2813",281.2,"Simu1","DIC",50,"cliver",8.60808933606636
"2814",281.3,"Simu1","DIC",50,"cliver",8.65064449381081
"2815",281.4,"Simu1","DIC",50,"cliver",8.60848211417489
"2816",281.5,"Simu1","DIC",50,"cliver",8.49072668348728
"2817",281.6,"Simu1","DIC",50,"cliver",8.30561676431907
"2818",281.7,"Simu1","DIC",50,"cliver",8.06057734848037
"2819",281.8,"Simu1","DIC",50,"cliver",7.76230010652201
"2820",281.9,"Simu1","DIC",50,"cliver",7.41681102474718
"2821",282,"Simu1","DIC",50,"cliver",7.02953834943579
"2822",282.1,"Simu1","DIC",50,"cliver",6.60536594980508
"2823",282.2,"Simu1","DIC",50,"cliver",6.14869007722115
"2824",282.3,"Simu1","DIC",50,"cliver",5.6634689832685
"2825",282.4,"Simu1","DIC",50,"cliver",5.15326193439174
"2826",282.5,"Simu1","DIC",50,"cliver",4.62126787066745
"2827",282.6,"Simu1","DIC",50,"cliver",4.07036618571801
"2828",282.7,"Simu1","DIC",50,"cliver",3.50315308923987
"2829",282.8,"Simu1","DIC",50,"cliver",2.92197703153129
"2830",282.9,"Simu1","DIC",50,"cliver",2.32898098174789
"2831",283,"Simu1","DIC",50,"cliver",1.72616648038449
"2832",283.1,"Simu1","DIC",50,"cliver",1.11555419959844
"2833",283.2,"Simu1","DIC",50,"cliver",0.499956719220522
"2834",283.3,"Simu1","DIC",50,"cliver",0.00113202652181192
"2835",283.4,"Simu1","DIC",50,"cliver",0.00102359621659429
"2836",283.5,"Simu1","DIC",50,"cliver",0.000928222910544162
"2837",283.6,"Simu1","DIC",50,"cliver",0.000844011409958178
"2838",283.7,"Simu1","DIC",50,"cliver",0.000769386970222667
"2839",283.8,"Simu1","DIC",50,"cliver",0.000703070962778099
"2840",283.9,"Simu1","DIC",50,"cliver",0.000643932296475851
"2841",284,"Simu1","DIC",50,"cliver",0.00059106616517498
"2842",284.1,"Simu1","DIC",50,"cliver",0.000543757710032002
"2843",284.2,"Simu1","DIC",50,"cliver",0.000501221013432884
"2844",284.3,"Simu1","DIC",50,"cliver",0.000462970905980344
"2845",284.4,"Simu1","DIC",50,"cliver",0.000428569423239232
"2846",284.5,"Simu1","DIC",50,"cliver",0.000397378246265691
"2847",284.6,"Simu1","DIC",50,"cliver",0.000369300454595691
"2848",284.7,"Simu1","DIC",50,"cliver",0.0003438697164055
"2849",284.8,"Simu1","DIC",50,"cliver",0.000320637254509088
"2850",284.9,"Simu1","DIC",50,"cliver",0.000299796805906279
"2851",285,"Simu1","DIC",50,"cliver",0.000280691781443701
"2852",285.1,"Simu1","DIC",50,"cliver",0.000263287718517257
"2853",285.2,"Simu1","DIC",50,"cliver",0.000247520585561828
"2854",285.3,"Simu1","DIC",50,"cliver",0.000233048125893898
"2855",285.4,"Simu1","DIC",50,"cliver",0.000219883101209028
"2856",285.5,"Simu1","DIC",50,"cliver",0.000207835685695834
"2857",285.6,"Simu1","DIC",50,"cliver",0.000196870719054014
"2858",285.7,"Simu1","DIC",50,"cliver",0.000186474879547343
"2859",285.8,"Simu1","DIC",50,"cliver",0.000177442364780088
"2860",285.9,"Simu1","DIC",50,"cliver",0.000168947647634696
"2861",286,"Simu1","DIC",50,"cliver",0.000160882289308833
"2862",286.1,"Simu1","DIC",50,"cliver",0.000153891075617459
"2863",286.2,"Simu1","DIC",50,"cliver",0.000147271296223682
"2864",286.3,"Simu1","DIC",50,"cliver",0.000140917645279915
"2865",286.4,"Simu1","DIC",50,"cliver",0.000135476986581809
"2866",286.5,"Simu1","DIC",50,"cliver",0.000130291044420031
"2867",286.6,"Simu1","DIC",50,"cliver",0.00012521520982049
"2868",286.7,"Simu1","DIC",50,"cliver",0.00012095358472874
"2869",286.8,"Simu1","DIC",50,"cliver",0.000116870164526253
"2870",286.9,"Simu1","DIC",50,"cliver",0.000112746576812515
"2871",287,"Simu1","DIC",50,"cliver",0.000109386833736849
"2872",287.1,"Simu1","DIC",50,"cliver",0.000106167130414548
"2873",287.2,"Simu1","DIC",50,"cliver",0.000102772246201654
"2874",287.3,"Simu1","DIC",50,"cliver",0.000100164415394887
"2875",287.4,"Simu1","DIC",50,"cliver",9.74617804607669e-05
"2876",287.5,"Simu1","DIC",50,"cliver",9.47933299727222e-05
"2877",287.6,"Simu1","DIC",50,"cliver",9.26106495216546e-05
"2878",287.7,"Simu1","DIC",50,"cliver",9.0335189122899e-05
"2879",287.8,"Simu1","DIC",50,"cliver",8.84353568514476e-05
"2880",287.9,"Simu1","DIC",50,"cliver",8.63584358092416e-05
"2881",288,"Simu1","DIC",50,"cliver",0.00014605956935158
"2882",288.1,"Simu1","DIC",50,"cliver",0.176344934619746
"2883",288.2,"Simu1","DIC",50,"cliver",1.19290002290159
"2884",288.3,"Simu1","DIC",50,"cliver",2.51993844362001
"2885",288.4,"Simu1","DIC",50,"cliver",3.81328530006587
"2886",288.5,"Simu1","DIC",50,"cliver",4.9602166878523
"2887",288.6,"Simu1","DIC",50,"cliver",5.93280470488371
"2888",288.7,"Simu1","DIC",50,"cliver",6.73305750235321
"2889",288.8,"Simu1","DIC",50,"cliver",7.37281243004256
"2890",288.9,"Simu1","DIC",50,"cliver",7.86644672497001
"2891",289,"Simu1","DIC",50,"cliver",8.22829885544919
"2892",289.1,"Simu1","DIC",50,"cliver",8.47181272127825
"2893",289.2,"Simu1","DIC",50,"cliver",8.6093071839547
"2894",289.3,"Simu1","DIC",50,"cliver",8.65196437707524
"2895",289.4,"Simu1","DIC",50,"cliver",8.60989840865995
"2896",289.5,"Simu1","DIC",50,"cliver",8.49224012469266
"2897",289.6,"Simu1","DIC",50,"cliver",8.30722624954023
"2898",289.7,"Simu1","DIC",50,"cliver",8.06228142996461
"2899",289.8,"Simu1","DIC",50,"cliver",7.76409775915323
"2900",289.9,"Simu1","DIC",50,"cliver",7.41870337906073
"2901",290,"Simu1","DIC",50,"cliver",7.03152425877597
"2902",290.1,"Simu1","DIC",50,"cliver",6.60744504430861
"2903",290.2,"Simu1","DIC",50,"cliver",6.15086292650424
"2904",290.3,"Simu1","DIC",50,"cliver",5.66573056047288
"2905",290.4,"Simu1","DIC",50,"cliver",5.15560814208503
"2906",290.5,"Simu1","DIC",50,"cliver",4.62369963598459
"2907",290.6,"Simu1","DIC",50,"cliver",4.07288496587452
"2908",290.7,"Simu1","DIC",50,"cliver",3.50575807306254
"2909",290.8,"Simu1","DIC",50,"cliver",2.92466621605468
"2910",290.9,"Simu1","DIC",50,"cliver",2.33175268300536
"2911",291,"Simu1","DIC",50,"cliver",1.72901888471002
"2912",291.1,"Simu1","DIC",50,"cliver",1.11848436126243
"2913",291.2,"Simu1","DIC",50,"cliver",0.502950374156611
"2914",291.3,"Simu1","DIC",50,"cliver",0.00113314641452837
"2915",291.4,"Simu1","DIC",50,"cliver",0.00102467321894199
"2916",291.5,"Simu1","DIC",50,"cliver",0.00092926283194734
"2917",291.6,"Simu1","DIC",50,"cliver",0.000845018861334279
"2918",291.7,"Simu1","DIC",50,"cliver",0.000770365827676939
"2919",291.8,"Simu1","DIC",50,"cliver",0.00070402457678293
"2920",291.9,"Simu1","DIC",50,"cliver",0.000644863387080193
"2921",292,"Simu1","DIC",50,"cliver",0.000591977164627211
"2922",292.1,"Simu1","DIC",50,"cliver",0.000544650923000107
"2923",292.2,"Simu1","DIC",50,"cliver",0.000502097872762884
"2924",292.3,"Simu1","DIC",50,"cliver",0.000463833259704824
"2925",292.4,"Simu1","DIC",50,"cliver",0.000429418832342405
"2926",292.5,"Simu1","DIC",50,"cliver",0.000398214616871977
"2927",292.6,"Simu1","DIC",50,"cliver",0.000370127066092128
"2928",292.7,"Simu1","DIC",50,"cliver",0.000344687846652789
"2929",292.8,"Simu1","DIC",50,"cliver",0.000321442422653028
"2930",292.9,"Simu1","DIC",50,"cliver",0.000300596863386821
"2931",293,"Simu1","DIC",50,"cliver",0.000281483956625658
"2932",293.1,"Simu1","DIC",50,"cliver",0.000264073196768375
"2933",293.2,"Simu1","DIC",50,"cliver",0.000248301249704916
"2934",293.3,"Simu1","DIC",50,"cliver",0.000233818683190766
"2935",293.4,"Simu1","DIC",50,"cliver",0.000220651191580731
"2936",293.5,"Simu1","DIC",50,"cliver",0.000208595571160394
"2937",293.6,"Simu1","DIC",50,"cliver",0.00019761686321427
"2938",293.7,"Simu1","DIC",50,"cliver",0.000187248868517301
"2939",293.8,"Simu1","DIC",50,"cliver",0.000178205843266823
"2940",293.9,"Simu1","DIC",50,"cliver",0.000169647916249533
"2941",294,"Simu1","DIC",50,"cliver",0.000161691734703478
"2942",294.1,"Simu1","DIC",50,"cliver",0.000154734643227961
"2943",294.2,"Simu1","DIC",50,"cliver",0.000147906397503339
"2944",294.3,"Simu1","DIC",50,"cliver",0.000141643977918284
"2945",294.4,"Simu1","DIC",50,"cliver",0.000136185096403265
"2946",294.5,"Simu1","DIC",50,"cliver",0.00013097481121535
"2947",294.6,"Simu1","DIC",50,"cliver",0.000125965374843036
"2948",294.7,"Simu1","DIC",50,"cliver",0.000121686301458038
"2949",294.8,"Simu1","DIC",50,"cliver",0.000117557788668693
"2950",294.9,"Simu1","DIC",50,"cliver",0.000113486640317845
"2951",295,"Simu1","DIC",50,"cliver",0.000110113753286404
"2952",295.1,"Simu1","DIC",50,"cliver",0.000106848050969905
"2953",295.2,"Simu1","DIC",50,"cliver",0.000103509075659784
"2954",295.3,"Simu1","DIC",50,"cliver",0.000100851291423463
"2955",295.4,"Simu1","DIC",50,"cliver",9.8054097167743e-05
"2956",295.5,"Simu1","DIC",50,"cliver",9.55796116625183e-05
"2957",295.6,"Simu1","DIC",50,"cliver",9.32382811826192e-05
"2958",295.7,"Simu1","DIC",50,"cliver",9.10575858244338e-05
"2959",295.8,"Simu1","DIC",50,"cliver",8.89777311283168e-05
"2960",295.9,"Simu1","DIC",50,"cliver",8.70496793077665e-05
"2961",296,"Simu1","DIC",50,"cliver",0.000146776138433091
"2962",296.1,"Simu1","DIC",50,"cliver",0.176390565913706
"2963",296.2,"Simu1","DIC",50,"cliver",1.19305464759878
"2964",296.3,"Simu1","DIC",50,"cliver",2.52020189453544
"2965",296.4,"Simu1","DIC",50,"cliver",3.81365629312212
"2966",296.5,"Simu1","DIC",50,"cliver",4.96069387339515
"2967",296.6,"Simu1","DIC",50,"cliver",5.93338674911199
"2968",296.7,"Simu1","DIC",50,"cliver",6.73374309882526
"2969",296.8,"Simu1","DIC",50,"cliver",7.37360034041728
"2970",296.9,"Simu1","DIC",50,"cliver",7.8673354632119
"2971",297,"Simu1","DIC",50,"cliver",8.22928725651152
"2972",297.1,"Simu1","DIC",50,"cliver",8.47289942518036
"2973",297.2,"Simu1","DIC",50,"cliver",8.61049152737947
"2974",297.3,"Simu1","DIC",50,"cliver",8.65324523580118
"2975",297.4,"Simu1","DIC",50,"cliver",8.61127509302283
"2976",297.5,"Simu1","DIC",50,"cliver",8.49371100435212
"2977",297.6,"Simu1","DIC",50,"cliver",8.30878972061619
"2978",297.7,"Simu1","DIC",50,"cliver",8.06393592552022
"2979",297.8,"Simu1","DIC",50,"cliver",7.76584186496661
"2980",297.9,"Simu1","DIC",50,"cliver",7.42053455815016
"2981",298,"Simu1","DIC",50,"cliver",7.03344143505659
"2982",298.1,"Simu1","DIC",50,"cliver",6.60944871555003
"2983",298.2,"Simu1","DIC",50,"cliver",6.15295313036592
"2984",298.3,"Simu1","DIC",50,"cliver",5.66790990891315
"2985",298.4,"Simu1","DIC",50,"cliver",5.15787690452645
"2986",298.5,"Simu1","DIC",50,"cliver",4.62605484589515
"2987",298.6,"Simu1","DIC",50,"cliver",4.07532423869417
"2988",298.7,"Simu1","DIC",50,"cliver",3.50828083419107
"2989",298.8,"Simu1","DIC",50,"cliver",2.92727215690488
"2990",298.9,"Simu1","DIC",50,"cliver",2.33444062592297
"2991",299,"Simu1","DIC",50,"cliver",1.7317865869508
"2992",299.1,"Simu1","DIC",50,"cliver",1.1213282868881
"2993",299.2,"Simu1","DIC",50,"cliver",0.505856652106512
"2994",299.3,"Simu1","DIC",50,"cliver",0.0011342402103907
"2995",299.4,"Simu1","DIC",50,"cliver",0.00102572335951368
"2996",299.5,"Simu1","DIC",50,"cliver",0.000930276435266527
"2997",299.6,"Simu1","DIC",50,"cliver",0.000846000533393202
"2998",299.7,"Simu1","DIC",50,"cliver",0.000771319334120277
"2999",299.8,"Simu1","DIC",50,"cliver",0.000704952984457903
"3000",299.9,"Simu1","DIC",50,"cliver",0.000645770232967202
"3001",300,"Simu1","DIC",50,"cliver",0.000592863898350821
"3002",300.1,"Simu1","DIC",50,"cliver",0.000545519605390261
"3003",300.2,"Simu1","DIC",50,"cliver",0.000502951715696652
"3004",300.3,"Simu1","DIC",50,"cliver",0.000464671459944695
"3005",300.4,"Simu1","DIC",50,"cliver",0.000430245269767373
"3006",300.5,"Simu1","DIC",50,"cliver",0.000399031026556762
"3007",300.6,"Simu1","DIC",50,"cliver",0.000370929031216684
"3008",300.7,"Simu1","DIC",50,"cliver",0.000345480265451621
"3009",300.8,"Simu1","DIC",50,"cliver",0.000322230673560912
"3010",300.9,"Simu1","DIC",50,"cliver",0.000301371824543328
"3011",301,"Simu1","DIC",50,"cliver",0.000282254553946458
"3012",301.1,"Simu1","DIC",50,"cliver",0.000264831414066699
"3013",301.2,"Simu1","DIC",50,"cliver",0.000249054684716276
"3014",301.3,"Simu1","DIC",50,"cliver",0.000234571694177168
"3015",301.4,"Simu1","DIC",50,"cliver",0.000221394545951307
"3016",301.5,"Simu1","DIC",50,"cliver",0.000209336703679687
"3017",301.6,"Simu1","DIC",50,"cliver",0.000198365377373216
"3018",301.7,"Simu1","DIC",50,"cliver",0.000187958344700487
"3019",301.8,"Simu1","DIC",50,"cliver",0.000178912743560529
"3020",301.9,"Simu1","DIC",50,"cliver",0.000170422401979555
"3021",302,"Simu1","DIC",50,"cliver",0.000162341446755698
"3022",302.1,"Simu1","DIC",50,"cliver",0.000155339628468948
"3023",302.2,"Simu1","DIC",50,"cliver",0.00014873016100285
"3024",302.3,"Simu1","DIC",50,"cliver",0.000142356350231631
"3025",302.4,"Simu1","DIC",50,"cliver",0.000136905888934239
"3026",302.5,"Simu1","DIC",50,"cliver",0.000131737979336726
"3027",302.6,"Simu1","DIC",50,"cliver",0.000126637216342154
"3028",302.7,"Simu1","DIC",50,"cliver",0.000122364222569366
"3029",302.8,"Simu1","DIC",50,"cliver",0.000118309052294589
"3030",302.9,"Simu1","DIC",50,"cliver",0.000114155137694899
"3031",303,"Simu1","DIC",50,"cliver",0.000110779026767134
"3032",303.1,"Simu1","DIC",50,"cliver",0.000107601609954887
"3033",303.2,"Simu1","DIC",50,"cliver",0.000104170741521205
"3034",303.3,"Simu1","DIC",50,"cliver",0.000101584209817048
"3035",303.4,"Simu1","DIC",50,"cliver",9.89246562408371e-05
"3036",303.5,"Simu1","DIC",50,"cliver",9.61255117446065e-05
"3037",303.6,"Simu1","DIC",50,"cliver",9.40635861835712e-05
"3038",303.7,"Simu1","DIC",50,"cliver",9.17143968872664e-05
"3039",303.8,"Simu1","DIC",50,"cliver",8.94924615035622e-05
"3040",303.9,"Simu1","DIC",50,"cliver",8.79016375007266e-05
"3041",304,"Simu1","DIC",50,"cliver",0.000147473363140928
"3042",304.1,"Simu1","DIC",50,"cliver",0.17643485378947
"3043",304.2,"Simu1","DIC",50,"cliver",1.19320460140105
"3044",304.3,"Simu1","DIC",50,"cliver",2.52045726276852
"3045",304.4,"Simu1","DIC",50,"cliver",3.81401584130338
"3046",304.5,"Simu1","DIC",50,"cliver",4.96115623284832
"3047",304.6,"Simu1","DIC",50,"cliver",5.93395074351926
"3048",304.7,"Simu1","DIC",50,"cliver",6.73440744198367
"3049",304.8,"Simu1","DIC",50,"cliver",7.37436393173633
"3050",304.9,"Simu1","DIC",50,"cliver",7.86819663841609
"3051",305,"Simu1","DIC",50,"cliver",8.23024478311776
"3052",305.1,"Simu1","DIC",50,"cliver",8.47395500542795
"3053",305.2,"Simu1","DIC",50,"cliver",8.61164229268662
"3054",305.3,"Simu1","DIC",50,"cliver",8.65448598011233
"3055",305.4,"Simu1","DIC",50,"cliver",8.61260892567056
"3056",305.5,"Simu1","DIC",50,"cliver",8.49513626147053
"3057",305.6,"Simu1","DIC",50,"cliver",8.31030584282851
"3058",305.7,"Simu1","DIC",50,"cliver",8.06554295984289
"3059",305.8,"Simu1","DIC",50,"cliver",7.76753953489421
"3060",305.9,"Simu1","DIC",50,"cliver",7.42232216310702
"3061",306,"Simu1","DIC",50,"cliver",7.03531781470385
"3062",306.1,"Simu1","DIC",50,"cliver",6.61141270188766
"3063",306.2,"Simu1","DIC",50,"cliver",6.15500078837742
"3064",306.3,"Simu1","DIC",50,"cliver",5.67003843886394
"3065",306.4,"Simu1","DIC",50,"cliver",5.16008729836189
"3066",306.5,"Simu1","DIC",50,"cliver",4.62834825892583
"3067",306.6,"Simu1","DIC",50,"cliver",4.07769979207457
"3068",306.7,"Simu1","DIC",50,"cliver",3.51073676579574
"3069",306.8,"Simu1","DIC",50,"cliver",2.92980721709893
"3070",306.9,"Simu1","DIC",50,"cliver",2.33705401247931
"3071",307,"Simu1","DIC",50,"cliver",1.73447704502321
"3072",307.1,"Simu1","DIC",50,"cliver",1.1240921782797
"3073",307.2,"Simu1","DIC",50,"cliver",0.508680592652785
"3074",307.3,"Simu1","DIC",50,"cliver",0.00113529336496728
"3075",307.4,"Simu1","DIC",50,"cliver",0.0010267396883026
"3076",307.5,"Simu1","DIC",50,"cliver",0.000931257687097247
"3077",307.6,"Simu1","DIC",50,"cliver",0.000846951052784265
"3078",307.7,"Simu1","DIC",50,"cliver",0.000772242810249139
"3079",307.8,"Simu1","DIC",50,"cliver",0.00070585267693081
"3080",307.9,"Simu1","DIC",50,"cliver",0.000646648404815856
"3081",308,"Simu1","DIC",50,"cliver",0.000593723191702141
"3082",308.1,"Simu1","DIC",50,"cliver",0.000546362286264725
"3083",308.2,"Simu1","DIC",50,"cliver",0.000503778478928253
"3084",308.3,"Simu1","DIC",50,"cliver",0.000465484991575171
"3085",308.4,"Simu1","DIC",50,"cliver",0.000431046250427432
"3086",308.5,"Simu1","DIC",50,"cliver",0.000399818648644101
"3087",308.6,"Simu1","DIC",50,"cliver",0.000371709171634897
"3088",308.7,"Simu1","DIC",50,"cliver",0.00034625287953818
"3089",308.8,"Simu1","DIC",50,"cliver",0.000322987848796258
"3090",308.9,"Simu1","DIC",50,"cliver",0.000302127202346171
"3091",309,"Simu1","DIC",50,"cliver",0.000283001391182429
"3092",309.1,"Simu1","DIC",50,"cliver",0.000265573699677714
"3093",309.2,"Simu1","DIC",50,"cliver",0.000249792698326628
"3094",309.3,"Simu1","DIC",50,"cliver",0.000235296631394376
"3095",309.4,"Simu1","DIC",50,"cliver",0.000222119836887316
"3096",309.5,"Simu1","DIC",50,"cliver",0.000210052030212211
"3097",309.6,"Simu1","DIC",50,"cliver",0.000199060540105517
"3098",309.7,"Simu1","DIC",50,"cliver",0.000188703101715195
"3099",309.8,"Simu1","DIC",50,"cliver",0.000179640910714434
"3100",309.9,"Simu1","DIC",50,"cliver",0.000171054577033858
"3101",310,"Simu1","DIC",50,"cliver",0.000163121468152912
"3102",310.1,"Simu1","DIC",50,"cliver",0.000156083710693586
"3103",310.2,"Simu1","DIC",50,"cliver",0.000149327972259586
"3104",310.3,"Simu1","DIC",50,"cliver",0.000143113181045905
"3105",310.4,"Simu1","DIC",50,"cliver",0.00013765461003059
"3106",310.5,"Simu1","DIC",50,"cliver",0.00013230500696814
"3107",310.6,"Simu1","DIC",50,"cliver",0.00012737309433291
"3108",310.7,"Simu1","DIC",50,"cliver",0.000123113249709837
"3109",310.8,"Simu1","DIC",50,"cliver",0.000118860468202391
"3110",310.9,"Simu1","DIC",50,"cliver",0.000114908699906361
"3111",311,"Simu1","DIC",50,"cliver",0.000111628432303535
"3112",311.1,"Simu1","DIC",50,"cliver",0.000108077146558386
"3113",311.2,"Simu1","DIC",50,"cliver",0.000104841174245951
"3114",311.3,"Simu1","DIC",50,"cliver",0.00010226629491249
"3115",311.4,"Simu1","DIC",50,"cliver",9.92835868464137e-05
"3116",311.5,"Simu1","DIC",50,"cliver",9.68857759789056e-05
"3117",311.6,"Simu1","DIC",50,"cliver",9.46891259125855e-05
"3118",311.7,"Simu1","DIC",50,"cliver",9.22177010203573e-05
"3119",311.8,"Simu1","DIC",50,"cliver",9.0330454462374e-05
"3120",311.9,"Simu1","DIC",50,"cliver",8.83931670899367e-05
"3121",312,"Simu1","DIC",50,"cliver",0.000148148420085824
"3122",312.1,"Simu1","DIC",50,"cliver",0.176477750712483
"3123",312.2,"Simu1","DIC",50,"cliver",1.19334986194805
"3124",312.3,"Simu1","DIC",50,"cliver",2.52070472468208
"3125",312.4,"Simu1","DIC",50,"cliver",3.81436429514118
"3126",312.5,"Simu1","DIC",50,"cliver",4.96160450940509
"3127",312.6,"Simu1","DIC",50,"cliver",5.9344975140252
"3128",312.7,"Simu1","DIC",50,"cliver",6.73505154338102
"3129",312.8,"Simu1","DIC",50,"cliver",7.37510404456826
"3130",312.9,"Simu1","DIC",50,"cliver",7.86903231647581
"3131",313,"Simu1","DIC",50,"cliver",8.23117472431098
"3132",313.1,"Simu1","DIC",50,"cliver",8.47498319084972
"3133",313.2,"Simu1","DIC",50,"cliver",8.6127595284097
"3134",313.3,"Simu1","DIC",50,"cliver",8.6556925897466
"3135",313.4,"Simu1","DIC",50,"cliver",8.6139043361035
"3136",313.5,"Simu1","DIC",50,"cliver",8.49652070648589
"3137",313.6,"Simu1","DIC",50,"cliver",8.31177779243678
"3138",313.7,"Simu1","DIC",50,"cliver",8.06710168131189
"3139",313.8,"Simu1","DIC",50,"cliver",7.76918390329094
"3140",313.9,"Simu1","DIC",50,"cliver",7.42405227441103
"3141",314,"Simu1","DIC",50,"cliver",7.03713238942098
"3142",314.1,"Simu1","DIC",50,"cliver",6.61331121891697
"3143",314.2,"Simu1","DIC",50,"cliver",6.15698346372433
"3144",314.3,"Simu1","DIC",50,"cliver",5.67210322185843
"3145",314.4,"Simu1","DIC",50,"cliver",5.16223170926353
"3146",314.5,"Simu1","DIC",50,"cliver",4.63057178628551
"3147",314.6,"Simu1","DIC",50,"cliver",4.08000259651558
"3148",314.7,"Simu1","DIC",50,"cliver",3.51311830008945
"3149",314.8,"Simu1","DIC",50,"cliver",2.9322660483104
"3150",314.9,"Simu1","DIC",50,"cliver",2.3395884882682
"3151",315,"Simu1","DIC",50,"cliver",1.73708557360348
"3152",315.1,"Simu1","DIC",50,"cliver",1.12677209245896
"3153",315.2,"Simu1","DIC",50,"cliver",0.511419184604693
"3154",315.3,"Simu1","DIC",50,"cliver",0.00113631775254062
"3155",315.4,"Simu1","DIC",50,"cliver",0.00102772661161943
"3156",315.5,"Simu1","DIC",50,"cliver",0.000932210527211917
"3157",315.6,"Simu1","DIC",50,"cliver",0.000847874016079439
"3158",315.7,"Simu1","DIC",50,"cliver",0.000773139507912
"3159",315.8,"Simu1","DIC",50,"cliver",0.000706726343093988
"3160",315.9,"Simu1","DIC",50,"cliver",0.000647500959457212
"3161",316,"Simu1","DIC",50,"cliver",0.000594557541354787
"3162",316.1,"Simu1","DIC",50,"cliver",0.000547180573088538
"3163",316.2,"Simu1","DIC",50,"cliver",0.000504593017477005
"3164",316.3,"Simu1","DIC",50,"cliver",0.000466285234602353
"3165",316.4,"Simu1","DIC",50,"cliver",0.000431785120274837
"3166",316.5,"Simu1","DIC",50,"cliver",0.000400629060043845
"3167",316.6,"Simu1","DIC",50,"cliver",0.000372455119815792
"3168",316.7,"Simu1","DIC",50,"cliver",0.00034694937609429
"3169",316.8,"Simu1","DIC",50,"cliver",0.00032380948954551
"3170",316.9,"Simu1","DIC",50,"cliver",0.000302824515668478
"3171",317,"Simu1","DIC",50,"cliver",0.000283683971629725
"3172",317.1,"Simu1","DIC",50,"cliver",0.000266383290989609
"3173",317.2,"Simu1","DIC",50,"cliver",0.000250335749430808
"3174",317.3,"Simu1","DIC",50,"cliver",0.000236018731684656
"3175",317.4,"Simu1","DIC",50,"cliver",0.000222806118781278
"3176",317.5,"Simu1","DIC",50,"cliver",0.000210732754373866
"3177",317.6,"Simu1","DIC",50,"cliver",0.000199677061434604
"3178",317.7,"Simu1","DIC",50,"cliver",0.000189545713299207
"3179",317.8,"Simu1","DIC",50,"cliver",0.000180251495587755
"3180",317.9,"Simu1","DIC",50,"cliver",0.000171716248751162
"3181",318,"Simu1","DIC",50,"cliver",0.000163870267599366
"3182",318.1,"Simu1","DIC",50,"cliver",0.000156650695033114
"3183",318.2,"Simu1","DIC",50,"cliver",0.000150000675904393
"3184",318.3,"Simu1","DIC",50,"cliver",0.000143868864046976
"3185",318.4,"Simu1","DIC",50,"cliver",0.000138209059142364
"3186",318.5,"Simu1","DIC",50,"cliver",0.000132979566702216
"3187",318.6,"Simu1","DIC",50,"cliver",0.000128142686483469
"3188",318.7,"Simu1","DIC",50,"cliver",0.000123664306495763
"3189",318.8,"Simu1","DIC",50,"cliver",0.000119513523441912
"3190",318.9,"Simu1","DIC",50,"cliver",0.000115662264440044
"3191",319,"Simu1","DIC",50,"cliver",0.000112085117212915
"3192",319.1,"Simu1","DIC",50,"cliver",0.000108759031768475
"3193",319.2,"Simu1","DIC",50,"cliver",0.000105663055792072
"3194",319.3,"Simu1","DIC",50,"cliver",0.000102778218576067
"3195",319.4,"Simu1","DIC",50,"cliver",0.000100087234703034
"3196",319.5,"Simu1","DIC",50,"cliver",9.75742888166551e-05
"3197",319.6,"Simu1","DIC",50,"cliver",9.52250968549742e-05
"3198",319.7,"Simu1","DIC",50,"cliver",9.30266531446442e-05
"3199",319.8,"Simu1","DIC",50,"cliver",9.09669773746435e-05
"3200",319.9,"Simu1","DIC",50,"cliver",8.90352818152427e-05
"3201",320,"Simu1","DIC",50,"cliver",0.000148805761850889
"3202",320.1,"Simu1","DIC",50,"cliver",0.176519398568984
"3203",320.2,"Simu1","DIC",50,"cliver",1.19349076526748
"3204",320.3,"Simu1","DIC",50,"cliver",2.52094462067526
"3205",320.4,"Simu1","DIC",50,"cliver",3.81470201899362
"3206",320.5,"Simu1","DIC",50,"cliver",4.9620388710802
"3207",320.6,"Simu1","DIC",50,"cliver",5.93502733824646
"3208",320.7,"Simu1","DIC",50,"cliver",6.73567568261319
"3209",320.8,"Simu1","DIC",50,"cliver",7.37582137710659
"3210",320.9,"Simu1","DIC",50,"cliver",7.86984178556633
"3211",321,"Simu1","DIC",50,"cliver",8.23207535979687
"3212",321.1,"Simu1","DIC",50,"cliver",8.47596578447958
"3213",321.2,"Simu1","DIC",50,"cliver",8.61383284555891
"3214",321.3,"Simu1","DIC",50,"cliver",8.65685881598649
"3215",321.4,"Simu1","DIC",50,"cliver",8.61515749683263
"3216",321.5,"Simu1","DIC",50,"cliver",8.49786009589648
"3217",321.6,"Simu1","DIC",50,"cliver",8.31320280241535
"3218",321.7,"Simu1","DIC",50,"cliver",8.0686115429771
"3219",321.8,"Simu1","DIC",50,"cliver",7.77077794516643
"3220",321.9,"Simu1","DIC",50,"cliver",7.42572784428418
"3221",322,"Simu1","DIC",50,"cliver",7.03888930131617
"3222",322.1,"Simu1","DIC",50,"cliver",6.61514626923695
"3223",322.2,"Simu1","DIC",50,"cliver",6.15889601652072
"3224",322.3,"Simu1","DIC",50,"cliver",5.67409703846335
"3225",322.4,"Simu1","DIC",50,"cliver",5.1643074402678
"3226",322.5,"Simu1","DIC",50,"cliver",4.63272615219412
"3227",322.6,"Simu1","DIC",50,"cliver",4.08223299823685
"3228",322.7,"Simu1","DIC",50,"cliver",3.51542424737738
"3229",322.8,"Simu1","DIC",50,"cliver",2.93464773368658
"3230",322.9,"Simu1","DIC",50,"cliver",2.34204513724028
"3231",323,"Simu1","DIC",50,"cliver",1.73961468960632
"3232",323.1,"Simu1","DIC",50,"cliver",1.1293707115135
"3233",323.2,"Simu1","DIC",50,"cliver",0.514074980511575
"3234",323.3,"Simu1","DIC",50,"cliver",0.00113731531998786
"3235",323.4,"Simu1","DIC",50,"cliver",0.00102868594464455
"3236",323.5,"Simu1","DIC",50,"cliver",0.000933136628514194
"3237",323.6,"Simu1","DIC",50,"cliver",0.000848771016490173
"3238",323.7,"Simu1","DIC",50,"cliver",0.000774010889443415
"3239",323.8,"Simu1","DIC",50,"cliver",0.000707575146465265
"3240",323.9,"Simu1","DIC",50,"cliver",0.000648329518931242
"3241",324,"Simu1","DIC",50,"cliver",0.000595368133078137
"3242",324.1,"Simu1","DIC",50,"cliver",0.000547975346135046
"3243",324.2,"Simu1","DIC",50,"cliver",0.0005053731873738
"3244",324.3,"Simu1","DIC",50,"cliver",0.000467052317067718
"3245",324.4,"Simu1","DIC",50,"cliver",0.000432540361084652
"3246",324.5,"Simu1","DIC",50,"cliver",0.000401373700363308
"3247",324.6,"Simu1","DIC",50,"cliver",0.00037319002626993
"3248",324.7,"Simu1","DIC",50,"cliver",0.000347675478940048
"3249",324.8,"Simu1","DIC",50,"cliver",0.000324527463046729
"3250",324.9,"Simu1","DIC",50,"cliver",0.000303535221697891
"3251",325,"Simu1","DIC",50,"cliver",0.000284387574972411
"3252",325.1,"Simu1","DIC",50,"cliver",0.000267081284035454
"3253",325.2,"Simu1","DIC",50,"cliver",0.000251026555447492
"3254",325.3,"Simu1","DIC",50,"cliver",0.000236697970318965
"3255",325.4,"Simu1","DIC",50,"cliver",0.000223487643342822
"3256",325.5,"Simu1","DIC",50,"cliver",0.000211409824822235
"3257",325.6,"Simu1","DIC",50,"cliver",0.000200349932167876
"3258",325.7,"Simu1","DIC",50,"cliver",0.000190214671270715
"3259",325.8,"Simu1","DIC",50,"cliver",0.000180916811740436
"3260",325.9,"Simu1","DIC",50,"cliver",0.000172378172319337
"3261",326,"Simu1","DIC",50,"cliver",0.000164529026101178
"3262",326.1,"Simu1","DIC",50,"cliver",0.000157306495026138
"3263",326.2,"Simu1","DIC",50,"cliver",0.000150653704747565
"3264",326.3,"Simu1","DIC",50,"cliver",0.000144519293557817
"3265",326.4,"Simu1","DIC",50,"cliver",0.000138857047870324
"3266",326.5,"Simu1","DIC",50,"cliver",0.000133625260116552
"3267",326.6,"Simu1","DIC",50,"cliver",0.000128786218345925
"3268",326.7,"Simu1","DIC",50,"cliver",0.000124305799957283
"3269",326.8,"Simu1","DIC",50,"cliver",0.000120153091779606
"3270",326.9,"Simu1","DIC",50,"cliver",0.000116300011907606
"3271",327,"Simu1","DIC",50,"cliver",0.000112721140104919
"3272",327.1,"Simu1","DIC",50,"cliver",0.000109393419350385
"3273",327.2,"Simu1","DIC",50,"cliver",0.000106295890882314
"3274",327.3,"Simu1","DIC",50,"cliver",0.000103409577710988
"3275",327.4,"Simu1","DIC",50,"cliver",0.000100717188660062
"3276",327.5,"Simu1","DIC",50,"cliver",9.82029035336161e-05
"3277",327.6,"Simu1","DIC",50,"cliver",9.58524336079846e-05
"3278",327.7,"Simu1","DIC",50,"cliver",9.3652768560158e-05
"3279",327.8,"Simu1","DIC",50,"cliver",9.15919251196764e-05
"3280",327.9,"Simu1","DIC",50,"cliver",8.96591118365373e-05
"3281",328,"Simu1","DIC",50,"cliver",0.00014944235121291
"3282",328.1,"Simu1","DIC",50,"cliver",0.176559918542317
"3283",328.2,"Simu1","DIC",50,"cliver",1.19362802633568
"3284",328.3,"Simu1","DIC",50,"cliver",2.5211784694637
"3285",328.4,"Simu1","DIC",50,"cliver",3.8150313163249
"3286",328.5,"Simu1","DIC",50,"cliver",4.96246242010348
"3287",328.6,"Simu1","DIC",50,"cliver",5.93554395388494
"3288",328.7,"Simu1","DIC",50,"cliver",6.7362842017894
"3289",328.8,"Simu1","DIC",50,"cliver",7.37652062613183
"3290",328.9,"Simu1","DIC",50,"cliver",7.87063037773384
"3291",329,"Simu1","DIC",50,"cliver",8.23295286925837
"3292",329.1,"Simu1","DIC",50,"cliver",8.4769320803339
"3293",329.2,"Simu1","DIC",50,"cliver",8.61488578963449
"3294",329.3,"Simu1","DIC",50,"cliver",8.65799715331501
"3295",329.4,"Simu1","DIC",50,"cliver",8.61638017784045
"3296",329.5,"Simu1","DIC",50,"cliver",8.49916589345778
"3297",329.6,"Simu1","DIC",50,"cliver",8.31459069518135
"3298",329.7,"Simu1","DIC",50,"cliver",8.07007974755439
"3299",329.8,"Simu1","DIC",50,"cliver",7.77232456609972
"3300",329.9,"Simu1","DIC",50,"cliver",7.42735288232009
"3301",330,"Simu1","DIC",50,"cliver",7.04059226663296
"3302",330.1,"Simu1","DIC",50,"cliver",6.61692850294785
"3303",330.2,"Simu1","DIC",50,"cliver",6.16075860741426
"3304",330.3,"Simu1","DIC",50,"cliver",5.67603811722621
"3305",330.4,"Simu1","DIC",50,"cliver",5.16632472526708
"3306",330.5,"Simu1","DIC",50,"cliver",4.63481917437052
"3307",330.6,"Simu1","DIC",50,"cliver",4.08440166432819
"3308",330.7,"Simu1","DIC",50,"cliver",3.51766741835288
"3309",330.8,"Simu1","DIC",50,"cliver",2.93696378256131
"3310",330.9,"Simu1","DIC",50,"cliver",2.34443101120299
"3311",331,"Simu1","DIC",50,"cliver",1.74206893061973
"3312",331.1,"Simu1","DIC",50,"cliver",1.13189420171196
"3313",331.2,"Simu1","DIC",50,"cliver",0.516657919907657
"3314",331.3,"Simu1","DIC",50,"cliver",0.00113829129369671
"3315",331.4,"Simu1","DIC",50,"cliver",0.00102961935329424
"3316",331.5,"Simu1","DIC",50,"cliver",0.000934037518040002
"3317",331.6,"Simu1","DIC",50,"cliver",0.000849643599235918
"3318",331.7,"Simu1","DIC",50,"cliver",0.000774858403040162
"3319",331.8,"Simu1","DIC",50,"cliver",0.000708399769914988
"3320",331.9,"Simu1","DIC",50,"cliver",0.000649136257590138
"3321",332,"Simu1","DIC",50,"cliver",0.000596156283279819
"3322",332.1,"Simu1","DIC",50,"cliver",0.000548746208153382
"3323",332.2,"Simu1","DIC",50,"cliver",0.000506121284714563
"3324",332.3,"Simu1","DIC",50,"cliver",0.00046778582292433
"3325",332.4,"Simu1","DIC",50,"cliver",0.000433314058415158
"3326",332.5,"Simu1","DIC",50,"cliver",0.000402058092220603
"3327",332.6,"Simu1","DIC",50,"cliver",0.000373911330198826
"3328",332.7,"Simu1","DIC",50,"cliver",0.000348429030650823
"3329",332.8,"Simu1","DIC",50,"cliver",0.000325149569910122
"3330",332.9,"Simu1","DIC",50,"cliver",0.000304255656240118
"3331",333,"Simu1","DIC",50,"cliver",0.000285115870100423
"3332",333.1,"Simu1","DIC",50,"cliver",0.000267658758381288
"3333",333.2,"Simu1","DIC",50,"cliver",0.00025186324183282
"3334",333.3,"Simu1","DIC",50,"cliver",0.000237362099040026
"3335",333.4,"Simu1","DIC",50,"cliver",0.000224161886944199
"3336",333.5,"Simu1","DIC",50,"cliver",0.000212083746707387
"3337",333.6,"Simu1","DIC",50,"cliver",0.000201095344711162
"3338",333.7,"Simu1","DIC",50,"cliver",0.000190690062111986
"3339",333.8,"Simu1","DIC",50,"cliver",0.000181606051600716
"3340",333.9,"Simu1","DIC",50,"cliver",0.000173107067604291
"3341",334,"Simu1","DIC",50,"cliver",0.000165030293357606
"3342",334.1,"Simu1","DIC",50,"cliver",0.000157994576450448
"3343",334.2,"Simu1","DIC",50,"cliver",0.000151377601226415
"3344",334.3,"Simu1","DIC",50,"cliver",0.000145012272124055
"3345",334.4,"Simu1","DIC",50,"cliver",0.000139529756055194
"3346",334.5,"Simu1","DIC",50,"cliver",0.000134353602707949
"3347",334.6,"Simu1","DIC",50,"cliver",0.000129266802055788
"3348",334.7,"Simu1","DIC",50,"cliver",0.000124962515702893
"3349",334.8,"Simu1","DIC",50,"cliver",0.000120896642967781
"3350",334.9,"Simu1","DIC",50,"cliver",0.00011676364669993
"3351",335,"Simu1","DIC",50,"cliver",0.000113356595810341
"3352",335.1,"Simu1","DIC",50,"cliver",0.000110163542265366
"3353",335.2,"Simu1","DIC",50,"cliver",0.000106757969993049
"3354",335.3,"Simu1","DIC",50,"cliver",0.000104116130087818
"3355",335.4,"Simu1","DIC",50,"cliver",0.000101456756841979
"3356",335.5,"Simu1","DIC",50,"cliver",9.87119304510982e-05
"3357",335.6,"Simu1","DIC",50,"cliver",9.65481393394575e-05
"3358",335.7,"Simu1","DIC",50,"cliver",9.42805613588103e-05
"3359",335.8,"Simu1","DIC",50,"cliver",9.23791329781551e-05
"3360",335.9,"Simu1","DIC",50,"cliver",9.02610082192847e-05
"3361",336,"Simu1","DIC",50,"cliver",0.000150059866992955
"3362",336.1,"Simu1","DIC",50,"cliver",0.176599158819834
"3363",336.2,"Simu1","DIC",50,"cliver",1.19376121662839
"3364",336.3,"Simu1","DIC",50,"cliver",2.52140564446561
"3365",336.4,"Simu1","DIC",50,"cliver",3.81535141405461
"3366",336.5,"Simu1","DIC",50,"cliver",4.96287427304615
"3367",336.6,"Simu1","DIC",50,"cliver",5.93604639047164
"3368",336.7,"Simu1","DIC",50,"cliver",6.73687607331655
"3369",336.8,"Simu1","DIC",50,"cliver",7.37720083499056
"3370",336.9,"Simu1","DIC",50,"cliver",7.87139807222889
"3371",337,"Simu1","DIC",50,"cliver",8.23380626011213
"3372",337.1,"Simu1","DIC",50,"cliver",8.47786849246095
"3373",337.2,"Simu1","DIC",50,"cliver",8.61590101165858
"3374",337.3,"Simu1","DIC",50,"cliver",8.65909377642622
"3375",337.4,"Simu1","DIC",50,"cliver",8.61756092236908
"3376",337.5,"Simu1","DIC",50,"cliver",8.50042866275619
"3377",337.6,"Simu1","DIC",50,"cliver",8.31593531218039
"3378",337.7,"Simu1","DIC",50,"cliver",8.07150598544187
"3379",337.8,"Simu1","DIC",50,"cliver",7.77383207096299
"3380",337.9,"Simu1","DIC",50,"cliver",7.42894029430082
"3381",338,"Simu1","DIC",50,"cliver",7.04225847105584
"3382",338.1,"Simu1","DIC",50,"cliver",6.61867064453148
"3383",338.2,"Simu1","DIC",50,"cliver",6.16257411295001
"3384",338.3,"Simu1","DIC",50,"cliver",5.67792750170576
"3385",338.4,"Simu1","DIC",50,"cliver",5.16828859965242
"3386",338.5,"Simu1","DIC",50,"cliver",4.63685649661796
"3387",338.6,"Simu1","DIC",50,"cliver",4.08651093284982
"3388",338.7,"Simu1","DIC",50,"cliver",3.51984808483068
"3389",338.8,"Simu1","DIC",50,"cliver",2.93921563189267
"3390",338.9,"Simu1","DIC",50,"cliver",2.34675483776849
"3391",339,"Simu1","DIC",50,"cliver",1.74446336968792
"3392",339.1,"Simu1","DIC",50,"cliver",1.13435228364199
"3393",339.2,"Simu1","DIC",50,"cliver",0.519166111517699
"3394",339.3,"Simu1","DIC",50,"cliver",0.00113923442181477
"3395",339.4,"Simu1","DIC",50,"cliver",0.00103052260997067
"3396",339.5,"Simu1","DIC",50,"cliver",0.000934909587448952
"3397",339.6,"Simu1","DIC",50,"cliver",0.000850488282270467
"3398",339.7,"Simu1","DIC",50,"cliver",0.000775679040535215
"3399",339.8,"Simu1","DIC",50,"cliver",0.000709199577890525
"3400",339.9,"Simu1","DIC",50,"cliver",0.000649916199634398
"3401",340,"Simu1","DIC",50,"cliver",0.000596919822199459
"3402",340.1,"Simu1","DIC",50,"cliver",0.000549495627703399
"3403",340.2,"Simu1","DIC",50,"cliver",0.000506866727422106
"3404",340.3,"Simu1","DIC",50,"cliver",0.000468520271022019
"3405",340.4,"Simu1","DIC",50,"cliver",0.000433986386507461
"3406",340.5,"Simu1","DIC",50,"cliver",0.000402798894801323
"3407",340.6,"Simu1","DIC",50,"cliver",0.000374596601338531
"3408",340.7,"Simu1","DIC",50,"cliver",0.000349065022906585
"3409",340.8,"Simu1","DIC",50,"cliver",0.000325901374867446
"3410",340.9,"Simu1","DIC",50,"cliver",0.000304895167419946
"3411",341,"Simu1","DIC",50,"cliver",0.000285734336089904
"3412",341.1,"Simu1","DIC",50,"cliver",0.0002684167472877
"3413",341.2,"Simu1","DIC",50,"cliver",0.000252349453195393
"3414",341.3,"Simu1","DIC",50,"cliver",0.000238053678084964
"3415",341.4,"Simu1","DIC",50,"cliver",0.00022479217676698
"3416",341.5,"Simu1","DIC",50,"cliver",0.000212705491046497
"3417",341.6,"Simu1","DIC",50,"cliver",0.000201637543488546
"3418",341.7,"Simu1","DIC",50,"cliver",0.000191494792117885
"3419",341.8,"Simu1","DIC",50,"cliver",0.000182190142781513
"3420",341.9,"Simu1","DIC",50,"cliver",0.000173644891024224
"3421",342,"Simu1","DIC",50,"cliver",0.000165789478734932
"3422",342.1,"Simu1","DIC",50,"cliver",0.000158561068461459
"3423",342.2,"Simu1","DIC",50,"cliver",0.000151902892069713
"3424",342.3,"Simu1","DIC",50,"cliver",0.00014576356070954
"3425",342.4,"Simu1","DIC",50,"cliver",0.000140096702962445
"3426",342.5,"Simu1","DIC",50,"cliver",0.000134860557719228
"3427",342.6,"Simu1","DIC",50,"cliver",0.000130017387874906
"3428",342.7,"Simu1","DIC",50,"cliver",0.000125533047653584
"3429",342.8,"Simu1","DIC",50,"cliver",0.000121376590905305
"3430",342.9,"Simu1","DIC",50,"cliver",0.000117519975950972
"3431",343,"Simu1","DIC",50,"cliver",0.000113937771165738
"3432",343.1,"Simu1","DIC",50,"cliver",0.000110606931056135
"3433",343.2,"Simu1","DIC",50,"cliver",0.000107506496723192
"3434",343.3,"Simu1","DIC",50,"cliver",0.000104617409415129
"3435",343.4,"Simu1","DIC",50,"cliver",0.000101922338702941
"3436",343.5,"Simu1","DIC",50,"cliver",9.94055124404232e-05
"3437",343.6,"Simu1","DIC",50,"cliver",9.70526176248254e-05
"3438",343.7,"Simu1","DIC",50,"cliver",9.4850618916936e-05
"3439",343.8,"Simu1","DIC",50,"cliver",9.27875715237951e-05
"3440",343.9,"Simu1","DIC",50,"cliver",9.0852695933511e-05
"3441",344,"Simu1","DIC",50,"cliver",0.000150660970410617
"3442",344.1,"Simu1","DIC",50,"cliver",0.176637512366646
"3443",344.2,"Simu1","DIC",50,"cliver",1.1938912110001
"3444",344.3,"Simu1","DIC",50,"cliver",2.52162714801683
"3445",344.4,"Simu1","DIC",50,"cliver",3.81566332667088
"3446",344.5,"Simu1","DIC",50,"cliver",4.96327542781977
"3447",344.6,"Simu1","DIC",50,"cliver",5.93653562363386
"3448",344.7,"Simu1","DIC",50,"cliver",6.73745225128088
"3449",344.8,"Simu1","DIC",50,"cliver",7.37786287681814
"3450",344.9,"Simu1","DIC",50,"cliver",7.87214495495289
"3451",345,"Simu1","DIC",50,"cliver",8.23463919238715
"3452",345.1,"Simu1","DIC",50,"cliver",8.47878619112132
"3453",345.2,"Simu1","DIC",50,"cliver",8.61690266309274
"3454",345.3,"Simu1","DIC",50,"cliver",8.66017497965453
"3455",345.4,"Simu1","DIC",50,"cliver",8.61872190324553
"3456",345.5,"Simu1","DIC",50,"cliver",8.50166821167718
"3457",345.6,"Simu1","DIC",50,"cliver",8.31725236904256
"3458",345.7,"Simu1","DIC",50,"cliver",8.07289965851274
"3459",345.8,"Simu1","DIC",50,"cliver",7.77530182225119
"3460",345.9,"Simu1","DIC",50,"cliver",7.43048607857051
"3461",346,"Simu1","DIC",50,"cliver",7.04387896109042
"3462",346.1,"Simu1","DIC",50,"cliver",6.62036694571343
"3463",346.2,"Simu1","DIC",50,"cliver",6.16434389128873
"3464",346.3,"Simu1","DIC",50,"cliver",5.67976759949809
"3465",346.4,"Simu1","DIC",50,"cliver",5.17019905155527
"3466",346.5,"Simu1","DIC",50,"cliver",4.63883814913984
"3467",346.6,"Simu1","DIC",50,"cliver",4.0885635109746
"3468",346.7,"Simu1","DIC",50,"cliver",3.52197021005708
"3469",346.8,"Simu1","DIC",50,"cliver",2.94140603966742
"3470",346.9,"Simu1","DIC",50,"cliver",2.34901271416976
"3471",347,"Simu1","DIC",50,"cliver",1.74678742813837
"3472",347.1,"Simu1","DIC",50,"cliver",1.13673968340802
"3473",347.2,"Simu1","DIC",50,"cliver",0.521605821829608
"3474",347.3,"Simu1","DIC",50,"cliver",0.00114015884358988
"3475",347.4,"Simu1","DIC",50,"cliver",0.00103140009675245
"3476",347.5,"Simu1","DIC",50,"cliver",0.000935756711591473
"3477",347.6,"Simu1","DIC",50,"cliver",0.000851309015232456
"3478",347.7,"Simu1","DIC",50,"cliver",0.000776476394294456
"3479",347.8,"Simu1","DIC",50,"cliver",0.000709975292979649
"3480",347.9,"Simu1","DIC",50,"cliver",0.000650675691430242
"3481",348,"Simu1","DIC",50,"cliver",0.000597661129397872
"3482",348.1,"Simu1","DIC",50,"cliver",0.000550220815085823
"3483",348.2,"Simu1","DIC",50,"cliver",0.000507571526190468
"3484",348.3,"Simu1","DIC",50,"cliver",0.000469209443316736
"3485",348.4,"Simu1","DIC",50,"cliver",0.000434717219466134
"3486",348.5,"Simu1","DIC",50,"cliver",0.000403446913801198
"3487",348.6,"Simu1","DIC",50,"cliver",0.000375273026658094
"3488",348.7,"Simu1","DIC",50,"cliver",0.000349773762412144
"3489",348.8,"Simu1","DIC",50,"cliver",0.000326491792718457
"3490",348.9,"Simu1","DIC",50,"cliver",0.000305570916882542
"3491",349,"Simu1","DIC",50,"cliver",0.000286423001012851
"3492",349.1,"Simu1","DIC",50,"cliver",0.000268950687787004
"3493",349.2,"Simu1","DIC",50,"cliver",0.000253144442184896
"3494",349.3,"Simu1","DIC",50,"cliver",0.000238641840321108
"3495",349.4,"Simu1","DIC",50,"cliver",0.000225424634324298
"3496",349.5,"Simu1","DIC",50,"cliver",0.000213334574200419
"3497",349.6,"Simu1","DIC",50,"cliver",0.000202322630260173
"3498",349.7,"Simu1","DIC",50,"cliver",0.000191988711336462
"3499",349.8,"Simu1","DIC",50,"cliver",0.000182820875238878
"3500",349.9,"Simu1","DIC",50,"cliver",0.000174312390632422
"3501",350,"Simu1","DIC",50,"cliver",0.000166321401172372
"3502",350.1,"Simu1","DIC",50,"cliver",0.000159361777250324
"3503",350.2,"Simu1","DIC",50,"cliver",0.000152501053232629
"3504",350.3,"Simu1","DIC",50,"cliver",0.000146228249328671
"3505",350.4,"Simu1","DIC",50,"cliver",0.000140834178329877
"3506",350.5,"Simu1","DIC",50,"cliver",0.000135440927390534
"3507",350.6,"Simu1","DIC",50,"cliver",0.000130463753249105
"3508",350.7,"Simu1","DIC",50,"cliver",0.000126210016706752
"3509",350.8,"Simu1","DIC",50,"cliver",0.00012186919679564
"3510",350.9,"Simu1","DIC",50,"cliver",0.000118190393680817
"3511",351,"Simu1","DIC",50,"cliver",0.000114430247062675
"3512",351.1,"Simu1","DIC",50,"cliver",0.000111272928812647
"3513",351.2,"Simu1","DIC",50,"cliver",0.000107993135182158
"3514",351.3,"Simu1","DIC",50,"cliver",0.000105226783944044
"3515",351.4,"Simu1","DIC",50,"cliver",0.000102491335787558
"3516",351.5,"Simu1","DIC",50,"cliver",9.99822868417942e-05
"3517",351.6,"Simu1","DIC",50,"cliver",9.76260675444962e-05
"3518",351.7,"Simu1","DIC",50,"cliver",9.54241660983316e-05
"3519",351.8,"Simu1","DIC",50,"cliver",9.33593167242514e-05
"3520",351.9,"Simu1","DIC",50,"cliver",9.14234887346438e-05
"3521",352,"Simu1","DIC",50,"cliver",0.000151244589418244
"3522",352.1,"Simu1","DIC",50,"cliver",0.176673631556487
"3523",352.2,"Simu1","DIC",50,"cliver",1.19400924504239
"3524",352.3,"Simu1","DIC",50,"cliver",2.52182360245757
"3525",352.4,"Simu1","DIC",50,"cliver",3.81593798319943
"3526",352.5,"Simu1","DIC",50,"cliver",4.96362767992388
"3527",352.6,"Simu1","DIC",50,"cliver",5.93696510824334
"3528",352.7,"Simu1","DIC",50,"cliver",6.73795874925122
"3529",352.8,"Simu1","DIC",50,"cliver",7.37844596798614
"3530",352.9,"Simu1","DIC",50,"cliver",7.87280426036456
"3531",353,"Simu1","DIC",50,"cliver",8.2353727569455
"3532",353.1,"Simu1","DIC",50,"cliver",8.47959562975313
"3533",353.2,"Simu1","DIC",50,"cliver",8.6177906072145
"3534",353.3,"Simu1","DIC",50,"cliver",8.66114088676414
"3535",353.4,"Simu1","DIC",50,"cliver",8.61976052377538
"3536",353.5,"Simu1","DIC",50,"cliver",8.50278057340503
"3537",353.6,"Simu1","DIC",50,"cliver",8.31843750526449
"3538",353.7,"Simu1","DIC",50,"cliver",8.07415650265449
"3539",353.8,"Simu1","DIC",50,"cliver",7.77662902151316
"3540",353.9,"Simu1","DIC",50,"cliver",7.43188286205222
"3541",354,"Simu1","DIC",50,"cliver",7.04534567223902
"3542",354.1,"Simu1","DIC",50,"cliver",6.62190330778151
"3543",354.2,"Simu1","DIC",50,"cliver",6.16595269126756
"3544",354.3,"Simu1","DIC",50,"cliver",5.68144940307899
"3545",354.4,"Simu1","DIC",50,"cliver",5.17195125574113
"3546",354.5,"Simu1","DIC",50,"cliver",4.64065872651633
"3547",354.6,"Simu1","DIC",50,"cliver",4.09045212075783
"3548",354.7,"Simu1","DIC",50,"cliver",3.52392683361702
"3549",354.8,"Simu1","DIC",50,"cliver",2.94342967712576
"3550",354.9,"Simu1","DIC",50,"cliver",2.3511011789587
"3551",355,"Simu1","DIC",50,"cliver",1.74893881469682
"3552",355.1,"Simu1","DIC",50,"cliver",1.1389514987358
"3553",355.2,"Simu1","DIC",50,"cliver",0.523872997779694
"3554",355.3,"Simu1","DIC",50,"cliver",0.00114104352962277
"3555",355.4,"Simu1","DIC",50,"cliver",0.00103224533078956
"3556",355.5,"Simu1","DIC",50,"cliver",0.000936573110623923
"3557",355.6,"Simu1","DIC",50,"cliver",0.000852099973906169
"3558",355.7,"Simu1","DIC",50,"cliver",0.000777245084619365
"3559",355.8,"Simu1","DIC",50,"cliver",0.000710725314149682
"3560",355.9,"Simu1","DIC",50,"cliver",0.000651406027205225
"3561",356,"Simu1","DIC",50,"cliver",0.00059837754939676
"3562",356.1,"Simu1","DIC",50,"cliver",0.000550924953361968
"3563",356.2,"Simu1","DIC",50,"cliver",0.000508270225326114
"3564",356.3,"Simu1","DIC",50,"cliver",0.000469900373203799
"3565",356.4,"Simu1","DIC",50,"cliver",0.000435345502865843
"3566",356.5,"Simu1","DIC",50,"cliver",0.000404139020525343
"3567",356.6,"Simu1","DIC",50,"cliver",0.00037591937136518
"3568",356.7,"Simu1","DIC",50,"cliver",0.000350372077856052
"3569",356.8,"Simu1","DIC",50,"cliver",0.000327193893739784
"3570",356.9,"Simu1","DIC",50,"cliver",0.00030617477881507
"3571",357,"Simu1","DIC",50,"cliver",0.000287001224041265
"3572",357.1,"Simu1","DIC",50,"cliver",0.000269673821141864
"3573",357.2,"Simu1","DIC",50,"cliver",0.000253593248504596
"3574",357.3,"Simu1","DIC",50,"cliver",0.000239282617551081
"3575",357.4,"Simu1","DIC",50,"cliver",0.000226019750217503
"3576",357.5,"Simu1","DIC",50,"cliver",0.000213925082732054
"3577",357.6,"Simu1","DIC",50,"cliver",0.000202849644988163
"3578",357.7,"Simu1","DIC",50,"cliver",0.000192699911547495
"3579",357.8,"Simu1","DIC",50,"cliver",0.000183388766051814
"3580",357.9,"Simu1","DIC",50,"cliver",0.000174837461475645
"3581",358,"Simu1","DIC",50,"cliver",0.000166976395674059
"3582",358.1,"Simu1","DIC",50,"cliver",0.000159742701908898
"3583",358.2,"Simu1","DIC",50,"cliver",0.000153079579677315
"3584",358.3,"Simu1","DIC",50,"cliver",0.00014693560770342
"3585",358.4,"Simu1","DIC",50,"cliver",0.000141264392438698
"3586",358.5,"Simu1","DIC",50,"cliver",0.00013602414803574
"3587",358.6,"Simu1","DIC",50,"cliver",0.000131177118059835
"3588",358.7,"Simu1","DIC",50,"cliver",0.000126689136464027
"3589",358.8,"Simu1","DIC",50,"cliver",0.000122529240822067
"3590",358.9,"Simu1","DIC",50,"cliver",0.000118669372921678
"3591",359,"Simu1","DIC",50,"cliver",0.000115084087664486
"3592",359.1,"Simu1","DIC",50,"cliver",0.000111750326129595
"3593",359.2,"Simu1","DIC",50,"cliver",0.000108647117576353
"3594",359.3,"Simu1","DIC",50,"cliver",0.000105755392732949
"3595",359.4,"Simu1","DIC",50,"cliver",0.000103057810556154
"3596",359.5,"Simu1","DIC",50,"cliver",0.000100538590157055
"3597",359.6,"Simu1","DIC",50,"cliver",9.81834111108767e-05
"3598",359.7,"Simu1","DIC",50,"cliver",9.59792293425767e-05
"3599",359.8,"Simu1","DIC",50,"cliver",9.39140930007186e-05
"3600",359.9,"Simu1","DIC",50,"cliver",9.19772033883441e-05
"3601",360,"Simu1","DIC",50,"cliver",0.000151808535505305
"3602",360.1,"Simu1","DIC",50,"cliver",0.176709382848979
"3603",360.2,"Simu1","DIC",50,"cliver",1.19413029541997
"3604",360.3,"Simu1","DIC",50,"cliver",2.52202982712896
"3605",360.4,"Simu1","DIC",50,"cliver",3.81622841602958
"3606",360.5,"Simu1","DIC",50,"cliver",4.96400130279651
"3607",360.6,"Simu1","DIC",50,"cliver",5.93742091444478
"3608",360.7,"Simu1","DIC",50,"cliver",6.73849575021441
"3609",360.8,"Simu1","DIC",50,"cliver",7.37906318620534
"3610",360.9,"Simu1","DIC",50,"cliver",7.87350075475462
"3611",361,"Simu1","DIC",50,"cliver",8.23614764220178
"3612",361.1,"Simu1","DIC",50,"cliver",8.48044798524459
"3613",361.2,"Simu1","DIC",50,"cliver",8.61871957056158
"3614",361.3,"Simu1","DIC",50,"cliver",8.66214561590759
"3615",361.4,"Simu1","DIC",50,"cliver",8.62084018834023
"3616",361.5,"Simu1","DIC",50,"cliver",8.50393436960011
"3617",361.6,"Simu1","DIC",50,"cliver",8.31966462701022
"3618",361.7,"Simu1","DIC",50,"cliver",8.07545614972757
"3619",361.8,"Simu1","DIC",50,"cliver",7.77800048491925
"3620",361.9,"Simu1","DIC",50,"cliver",7.43332545540197
"3621",362,"Simu1","DIC",50,"cliver",7.04685868155621
"3622",362.1,"Simu1","DIC",50,"cliver",6.62348597382653
"3623",362.2,"Simu1","DIC",50,"cliver",6.16760436196895
"3624",362.3,"Simu1","DIC",50,"cliver",5.68316944074462
"3625",362.4,"Simu1","DIC",50,"cliver",5.17373893460397
"3626",362.5,"Simu1","DIC",50,"cliver",4.64251346103269
"3627",362.6,"Simu1","DIC",50,"cliver",4.09237327237772
"3628",362.7,"Simu1","DIC",50,"cliver",3.52591344540738
"3629",362.8,"Simu1","DIC",50,"cliver",2.94548067203746
"3630",362.9,"Simu1","DIC",50,"cliver",2.35321404112464
"3631",363,"Simu1","DIC",50,"cliver",1.75111323469483
"3632",363.1,"Simu1","DIC",50,"cliver",1.14118966666049
"3633",363.2,"Simu1","DIC",50,"cliver",0.526161298760361
"3634",363.3,"Simu1","DIC",50,"cliver",0.00114191854182836
"3635",363.4,"Simu1","DIC",50,"cliver",0.00103307579930687
"3636",363.5,"Simu1","DIC",50,"cliver",0.0009373745209784
"3637",363.6,"Simu1","DIC",50,"cliver",0.000852875818945844
"3638",363.7,"Simu1","DIC",50,"cliver",0.000777998567698756
"3639",363.8,"Simu1","DIC",50,"cliver",0.000711459675232146
"3640",363.9,"Simu1","DIC",50,"cliver",0.000652121218619352
"3641",364,"Simu1","DIC",50,"cliver",0.000599077906900865
"3642",364.1,"Simu1","DIC",50,"cliver",0.000551612903210827
"3643",364.2,"Simu1","DIC",50,"cliver",0.00050894369086701
"3644",364.3,"Simu1","DIC",50,"cliver",0.000470563308800096
"3645",364.4,"Simu1","DIC",50,"cliver",0.000435996869793551
"3646",364.5,"Simu1","DIC",50,"cliver",0.000404781927316844
"3647",364.6,"Simu1","DIC",50,"cliver",0.000376553740933207
"3648",364.7,"Simu1","DIC",50,"cliver",0.000350999007246219
"3649",364.8,"Simu1","DIC",50,"cliver",0.000327813781453587
"3650",364.9,"Simu1","DIC",50,"cliver",0.000306788446251061
"3651",365,"Simu1","DIC",50,"cliver",0.000287607997102526
"3652",365.1,"Simu1","DIC",50,"cliver",0.000270276759798665
"3653",365.2,"Simu1","DIC",50,"cliver",0.000254187577181238
"3654",365.3,"Simu1","DIC",50,"cliver",0.000239798485096925
"3655",365.4,"Simu1","DIC",50,"cliver",0.000226607351571524
"3656",365.5,"Simu1","DIC",50,"cliver",0.000214509196683376
"3657",365.6,"Simu1","DIC",50,"cliver",0.000203430124254128
"3658",365.7,"Simu1","DIC",50,"cliver",0.000193276976586042
"3659",365.8,"Simu1","DIC",50,"cliver",0.000183962471914455
"3660",365.9,"Simu1","DIC",50,"cliver",0.000175408329219502
"3661",366,"Simu1","DIC",50,"cliver",0.000167544721689152
"3662",366.1,"Simu1","DIC",50,"cliver",0.000160308674115402
"3663",366.2,"Simu1","DIC",50,"cliver",0.000153643221569992
"3664",366.3,"Simu1","DIC",50,"cliver",0.00014749693304488
"3665",366.4,"Simu1","DIC",50,"cliver",0.000141823534819193
"3666",366.5,"Simu1","DIC",50,"cliver",0.000136581259718712
"3667",366.6,"Simu1","DIC",50,"cliver",0.000131732341922434
"3668",366.7,"Simu1","DIC",50,"cliver",0.000127242610623464
"3669",366.8,"Simu1","DIC",50,"cliver",0.000123081106993509
"3670",366.9,"Simu1","DIC",50,"cliver",0.000119219707913904
"3671",367,"Simu1","DIC",50,"cliver",0.000115632956840083
"3672",367.1,"Simu1","DIC",50,"cliver",0.000112297764532765
"3673",367.2,"Simu1","DIC",50,"cliver",0.000109193143253076
"3674",367.3,"Simu1","DIC",50,"cliver",0.000106300087197241
"3675",367.4,"Simu1","DIC",50,"cliver",0.000103601278126343
"3676",367.5,"Simu1","DIC",50,"cliver",0.00010108087434397
"3677",367.6,"Simu1","DIC",50,"cliver",9.87245661459684e-05
"3678",367.7,"Simu1","DIC",50,"cliver",9.65193206808433e-05
"3679",367.8,"Simu1","DIC",50,"cliver",9.44531430182858e-05
"3680",367.9,"Simu1","DIC",50,"cliver",9.25152175329653e-05
"3681",368,"Simu1","DIC",50,"cliver",0.000152358591081525
"3682",368.1,"Simu1","DIC",50,"cliver",0.176745220785866
"3683",368.2,"Simu1","DIC",50,"cliver",1.19425393135749
"3684",368.3,"Simu1","DIC",50,"cliver",2.5222422932352
"3685",368.4,"Simu1","DIC",50,"cliver",3.81652868140468
"3686",368.5,"Simu1","DIC",50,"cliver",4.96438799921592
"3687",368.6,"Simu1","DIC",50,"cliver",5.93789252735419
"3688",368.7,"Simu1","DIC",50,"cliver",6.73905078639113
"3689",368.8,"Simu1","DIC",50,"cliver",7.37970024035115
"3690",368.9,"Simu1","DIC",50,"cliver",7.87421933260074
"3691",369,"Simu1","DIC",50,"cliver",8.23694667990655
"3692",369.1,"Simu1","DIC",50,"cliver",8.48132425933853
"3693",369.2,"Simu1","DIC",50,"cliver",8.6196751122864
"3694",369.3,"Simu1","DIC",50,"cliver",8.6631766625765
"3695",369.4,"Simu1","DIC",50,"cliver",8.62194557572753
"3696",369.5,"Simu1","DIC",50,"cliver",8.50511330466611
"3697",369.6,"Simu1","DIC",50,"cliver",8.32091682771709
"3698",369.7,"Simu1","DIC",50,"cliver",8.07678114271136
"3699",369.8,"Simu1","DIC",50,"cliver",7.7793976002048
"3700",369.9,"Simu1","DIC",50,"cliver",7.43479520679247
"3701",370,"Simu1","DIC",50,"cliver",7.04840007108506
"3702",370.1,"Simu1","DIC",50,"cliver",6.62509812447397
"3703",370.2,"Simu1","DIC",50,"cliver",6.16928547558796
"3704",370.3,"Simu1","DIC",50,"cliver",5.68491565961706
"3705",370.4,"Simu1","DIC",50,"cliver",5.17554732664964
"3706",370.5,"Simu1","DIC",50,"cliver",4.64438431546565
"3707",370.6,"Simu1","DIC",50,"cliver",4.09430781244081
"3708",370.7,"Simu1","DIC",50,"cliver",3.52791171145103
"3709",370.8,"Simu1","DIC",50,"cliver",2.94754184706027
"3710",370.9,"Simu1","DIC",50,"cliver",2.35533924202722
"3711",371,"Simu1","DIC",50,"cliver",1.75330134674065
"3712",371.1,"Simu1","DIC",50,"cliver",1.14343166438663
"3713",371.2,"Simu1","DIC",50,"cliver",0.528450517709801
"3714",371.3,"Simu1","DIC",50,"cliver",0.00114276358992998
"3715",371.4,"Simu1","DIC",50,"cliver",0.0010338783339769
"3716",371.5,"Simu1","DIC",50,"cliver",0.000938149449999853
"3717",371.6,"Simu1","DIC",50,"cliver",0.000853626717194237
"3718",371.7,"Simu1","DIC",50,"cliver",0.000778728140153426
"3719",371.8,"Simu1","DIC",50,"cliver",0.000712169737113669
"3720",371.9,"Simu1","DIC",50,"cliver",0.000652816227677539
"3721",372,"Simu1","DIC",50,"cliver",0.000599756945609861
"3722",372.1,"Simu1","DIC",50,"cliver",0.000552277048705876
"3723",372.2,"Simu1","DIC",50,"cliver",0.000509597771558824
"3724",372.3,"Simu1","DIC",50,"cliver",0.000471205442121548
"3725",372.4,"Simu1","DIC",50,"cliver",0.000436630595623121
"3726",372.5,"Simu1","DIC",50,"cliver",0.000405405872321229
"3727",372.6,"Simu1","DIC",50,"cliver",0.000377169621269495
"3728",372.7,"Simu1","DIC",50,"cliver",0.000351607258405478
"3729",372.8,"Simu1","DIC",50,"cliver",0.000328415177400795
"3730",372.9,"Simu1","DIC",50,"cliver",0.00030738365731141
"3731",373,"Simu1","DIC",50,"cliver",0.000288198074996392
"3732",373.1,"Simu1","DIC",50,"cliver",0.000270860989594059
"3733",373.2,"Simu1","DIC",50,"cliver",0.000254768366008513
"3734",373.3,"Simu1","DIC",50,"cliver",0.000240453139287805
"3735",373.4,"Simu1","DIC",50,"cliver",0.000227178932729891
"3736",373.5,"Simu1","DIC",50,"cliver",0.000215076562928709
"3737",373.6,"Simu1","DIC",50,"cliver",0.000203993950699074
"3738",373.7,"Simu1","DIC",50,"cliver",0.00019383753409899
"3739",373.8,"Simu1","DIC",50,"cliver",0.000184520169903364
"3740",373.9,"Simu1","DIC",50,"cliver",0.000175963069934091
"3741",374,"Simu1","DIC",50,"cliver",0.000168096591850666
"3742",374.1,"Simu1","DIC",50,"cliver",0.000160857839008911
"3743",374.2,"Simu1","DIC",50,"cliver",0.000154189980451671
"3744",374.3,"Simu1","DIC",50,"cliver",0.000148041565353674
"3745",374.4,"Simu1","DIC",50,"cliver",0.000142366177745773
"3746",374.5,"Simu1","DIC",50,"cliver",0.000137122008683258
"3747",374.6,"Simu1","DIC",50,"cliver",0.000132271282690907
"3748",374.7,"Simu1","DIC",50,"cliver",0.000127779814802323
"3749",374.8,"Simu1","DIC",50,"cliver",0.000123616626690067
"3750",374.9,"Simu1","DIC",50,"cliver",0.000119753644628978
"3751",375,"Simu1","DIC",50,"cliver",0.000116165410352121
"3752",375.1,"Simu1","DIC",50,"cliver",0.000112828852237637
"3753",375.2,"Simu1","DIC",50,"cliver",0.000109722988211619
"3754",375.3,"Simu1","DIC",50,"cliver",0.000106828738838872
"3755",375.4,"Simu1","DIC",50,"cliver",0.000104128753157794
"3756",375.5,"Simu1","DIC",50,"cliver",0.000101607241779746
"3757",375.6,"Simu1","DIC",50,"cliver",9.92498768741748e-05
"3758",375.7,"Simu1","DIC",50,"cliver",9.70436064024094e-05
"3759",375.8,"Simu1","DIC",50,"cliver",9.49764717729202e-05
"3760",375.9,"Simu1","DIC",50,"cliver",9.30376619207106e-05
"3761",376,"Simu1","DIC",50,"cliver",0.000152891628060599
"3762",376.1,"Simu1","DIC",50,"cliver",0.176778133318526
"3763",376.2,"Simu1","DIC",50,"cliver",1.19436295184884
"3764",376.3,"Simu1","DIC",50,"cliver",2.52242606006359
"3765",376.4,"Simu1","DIC",50,"cliver",3.81678632114512
"3766",376.5,"Simu1","DIC",50,"cliver",4.96471877545787
"3767",376.6,"Simu1","DIC",50,"cliver",5.93829614776007
"3768",376.7,"Simu1","DIC",50,"cliver",6.73952668797761
"3769",376.8,"Simu1","DIC",50,"cliver",7.3802478525793
"3770",376.9,"Simu1","DIC",50,"cliver",7.87483777365717
"3771",377,"Simu1","DIC",50,"cliver",8.23763489497743
"3772",377.1,"Simu1","DIC",50,"cliver",8.48208368979111
"3773",377.2,"Simu1","DIC",50,"cliver",8.6205020490185
"3774",377.3,"Simu1","DIC",50,"cliver",8.66407322830132
"3775",377.4,"Simu1","DIC",50,"cliver",8.6229113311586
"3776",377.5,"Simu1","DIC",50,"cliver",8.50614748570099
"3777",377.6,"Simu1","DIC",50,"cliver",8.32201817479556
"3778",377.7,"Simu1","DIC",50,"cliver",8.07794866519937
"3779",377.8,"Simu1","DIC",50,"cliver",7.780630565621
"3780",377.9,"Simu1","DIC",50,"cliver",7.43609167279542
"3781",378,"Simu1","DIC",50,"cliver",7.04975963699389
"3782",378.1,"Simu1","DIC",50,"cliver",6.62652030916393
"3783",378.2,"Simu1","DIC",50,"cliver",6.17077078468945
"3784",378.3,"Simu1","DIC",50,"cliver",5.68646661369256
"3785",378.4,"Simu1","DIC",50,"cliver",5.17716551011959
"3786",378.5,"Simu1","DIC",50,"cliver",4.64606823444153
"3787",378.6,"Simu1","DIC",50,"cliver",4.09605486214981
"3788",378.7,"Simu1","DIC",50,"cliver",3.52972042907785
"3789",378.8,"Simu1","DIC",50,"cliver",2.94941187549549
"3790",378.9,"Simu1","DIC",50,"cliver",2.35726846386881
"3791",379,"Simu1","DIC",50,"cliver",1.75528741970764
"3792",379.1,"Simu1","DIC",50,"cliver",1.14547732957631
"3793",379.2,"Simu1","DIC",50,"cliver",0.530544327498336
"3794",379.3,"Simu1","DIC",50,"cliver",0.00114358736793568
"3795",379.4,"Simu1","DIC",50,"cliver",0.00103465727182392
"3796",379.5,"Simu1","DIC",50,"cliver",0.000938901367485725
"3797",379.6,"Simu1","DIC",50,"cliver",0.000854354824264401
"3798",379.7,"Simu1","DIC",50,"cliver",0.000779435440267938
"3799",379.8,"Simu1","DIC",50,"cliver",0.000712859423600799
"3800",379.9,"Simu1","DIC",50,"cliver",0.000653487688686028
"3801",380,"Simu1","DIC",50,"cliver",0.000600414772241678
"3802",380.1,"Simu1","DIC",50,"cliver",0.000552923824179859
"3803",380.2,"Simu1","DIC",50,"cliver",0.000510230598085869
"3804",380.3,"Simu1","DIC",50,"cliver",0.000471828625962484
"3805",380.4,"Simu1","DIC",50,"cliver",0.000437242673971998
"3806",380.5,"Simu1","DIC",50,"cliver",0.000406010314100624
"3807",380.6,"Simu1","DIC",50,"cliver",0.000377766110933415
"3808",380.7,"Simu1","DIC",50,"cliver",0.000352196865432955
"3809",380.8,"Simu1","DIC",50,"cliver",0.000328998309332397
"3810",380.9,"Simu1","DIC",50,"cliver",0.000307960893442828
"3811",381,"Simu1","DIC",50,"cliver",0.000288768979267196
"3812",381.1,"Simu1","DIC",50,"cliver",0.000271427969392618
"3813",381.2,"Simu1","DIC",50,"cliver",0.0002553281895146
"3814",381.3,"Simu1","DIC",50,"cliver",0.000240920560751932
"3815",381.4,"Simu1","DIC",50,"cliver",0.000227731884726228
"3816",381.5,"Simu1","DIC",50,"cliver",0.000215626316329503
"3817",381.6,"Simu1","DIC",50,"cliver",0.00020454031569125
"3818",381.7,"Simu1","DIC",50,"cliver",0.000194380719274435
"3819",381.8,"Simu1","DIC",50,"cliver",0.000185060213293866
"3820",381.9,"Simu1","DIC",50,"cliver",0.00017650047792012
"3821",382,"Simu1","DIC",50,"cliver",0.000168631651083692
"3822",382.1,"Simu1","DIC",50,"cliver",0.000161390723870309
"3823",382.2,"Simu1","DIC",50,"cliver",0.000154720700357242
"3824",382.3,"Simu1","DIC",50,"cliver",0.000148570124612273
"3825",382.4,"Simu1","DIC",50,"cliver",0.000142892699895407
"3826",382.5,"Simu1","DIC",50,"cliver",0.000137646637867858
"3827",382.6,"Simu1","DIC",50,"cliver",0.000132794153224823
"3828",382.7,"Simu1","DIC",50,"cliver",0.000128301057895144
"3829",382.8,"Simu1","DIC",50,"cliver",0.000124136376735537
"3830",382.9,"Simu1","DIC",50,"cliver",0.000120271972125541
"3831",383,"Simu1","DIC",50,"cliver",0.00011668237447948
"3832",383.1,"Simu1","DIC",50,"cliver",0.000113344482485246
"3833",383.2,"Simu1","DIC",50,"cliver",0.000110237297843667
"3834",383.3,"Simu1","DIC",50,"cliver",0.000107341804790836
"3835",383.4,"Simu1","DIC",50,"cliver",0.000104640675282794
"3836",383.5,"Simu1","DIC",50,"cliver",0.000102118059653154
"3837",383.6,"Simu1","DIC",50,"cliver",9.97596409661637e-05
"3838",383.7,"Simu1","DIC",50,"cliver",9.75523783159161e-05
"3839",383.8,"Simu1","DIC",50,"cliver",9.54842714960624e-05
"3840",383.9,"Simu1","DIC",50,"cliver",9.35444979026941e-05
"3841",384,"Simu1","DIC",50,"cliver",0.000153409869686622
"3842",384.1,"Simu1","DIC",50,"cliver",0.176811930096278
"3843",384.2,"Simu1","DIC",50,"cliver",1.19447964440801
"3844",384.3,"Simu1","DIC",50,"cliver",2.52262668353445
"3845",384.4,"Simu1","DIC",50,"cliver",3.81706988077691
"3846",384.5,"Simu1","DIC",50,"cliver",4.96508407101014
"3847",384.6,"Simu1","DIC",50,"cliver",5.93874152617168
"3848",384.7,"Simu1","DIC",50,"cliver",6.7400509657448
"3849",384.8,"Simu1","DIC",50,"cliver",7.38084965902159
"3850",384.9,"Simu1","DIC",50,"cliver",7.87551528252081
"3851",385,"Simu1","DIC",50,"cliver",8.2383873662509
"3852",385.1,"Simu1","DIC",50,"cliver",8.48290977203519
"3853",385.2,"Simu1","DIC",50,"cliver",8.62140060870562
"3854",385.3,"Simu1","DIC",50,"cliver",8.6650432251228
"3855",385.4,"Simu1","DIC",50,"cliver",8.62395171395415
"3856",385.5,"Simu1","DIC",50,"cliver",8.50725728362573
"3857",385.6,"Simu1","DIC",50,"cliver",8.32319638432989
"3858",385.7,"Simu1","DIC",50,"cliver",8.07919454835982
"3859",385.8,"Simu1","DIC",50,"cliver",7.78194336810261
"3860",385.9,"Simu1","DIC",50,"cliver",7.43747040447704
"3861",386,"Simu1","DIC",50,"cliver",7.05120337564831
"3862",386.1,"Simu1","DIC",50,"cliver",6.62802855696302
"3863",386.2,"Simu1","DIC",50,"cliver",6.17234261367285
"3864",386.3,"Simu1","DIC",50,"cliver",5.68810119441122
"3865",386.4,"Simu1","DIC",50,"cliver",5.17885981289775
"3866",386.5,"Simu1","DIC",50,"cliver",4.64781964156909
"3867",386.6,"Simu1","DIC",50,"cliver",4.09786871141765
"3868",386.7,"Simu1","DIC",50,"cliver",3.53159751043461
"3869",386.8,"Simu1","DIC",50,"cliver",2.95134877946582
"3870",386.9,"Simu1","DIC",50,"cliver",2.35926551626565
"3871",387,"Simu1","DIC",50,"cliver",1.75734481886074
"3872",387.1,"Simu1","DIC",50,"cliver",1.14758885516557
"3873",387.2,"Simu1","DIC",50,"cliver",0.532698203485331
"3874",387.3,"Simu1","DIC",50,"cliver",0.00114439826755797
"3875",387.4,"Simu1","DIC",50,"cliver",0.00103541654954133
"3876",387.5,"Simu1","DIC",50,"cliver",0.000939634251987119
"3877",387.6,"Simu1","DIC",50,"cliver",0.000855064842569429
"3878",387.7,"Simu1","DIC",50,"cliver",0.000780125102056016
"3879",387.8,"Simu1","DIC",50,"cliver",0.000713529949106454
"3880",387.9,"Simu1","DIC",50,"cliver",0.00065414499139836
"3881",388,"Simu1","DIC",50,"cliver",0.000601056290968114
"3882",388.1,"Simu1","DIC",50,"cliver",0.000553549832752372
"3883",388.2,"Simu1","DIC",50,"cliver",0.000510848415129004
"3884",388.3,"Simu1","DIC",50,"cliver",0.000472434572258286
"3885",388.4,"Simu1","DIC",50,"cliver",0.0004378414009575
"3886",388.5,"Simu1","DIC",50,"cliver",0.000406599162730806
"3887",388.6,"Simu1","DIC",50,"cliver",0.000378347327309475
"3888",388.7,"Simu1","DIC",50,"cliver",0.000352770628851197
"3889",388.8,"Simu1","DIC",50,"cliver",0.000329565506081677
"3890",388.9,"Simu1","DIC",50,"cliver",0.000308522115502885
"3891",389,"Simu1","DIC",50,"cliver",0.000289325891114353
"3892",389.1,"Simu1","DIC",50,"cliver",0.000271978511531595
"3893",389.2,"Simu1","DIC",50,"cliver",0.000255877246509759
"3894",389.3,"Simu1","DIC",50,"cliver",0.000241645373684273
"3895",389.4,"Simu1","DIC",50,"cliver",0.0002282712108157
"3896",389.5,"Simu1","DIC",50,"cliver",0.000216161295127276
"3897",389.6,"Simu1","DIC",50,"cliver",0.000205071924266015
"3898",389.7,"Simu1","DIC",50,"cliver",0.000194909233331989
"3899",389.8,"Simu1","DIC",50,"cliver",0.000185586027976707
"3900",389.9,"Simu1","DIC",50,"cliver",0.000177023479520897
"3901",390,"Simu1","DIC",50,"cliver",0.000169151919588216
"3902",390.1,"Simu1","DIC",50,"cliver",0.000161908412596163
"3903",390.2,"Simu1","DIC",50,"cliver",0.000155236101020749
"3904",390.3,"Simu1","DIC",50,"cliver",0.000149083513047261
"3905",390.4,"Simu1","DIC",50,"cliver",0.000143404205613148
"3906",390.5,"Simu1","DIC",50,"cliver",0.000138156350973568
"3907",390.6,"Simu1","DIC",50,"cliver",0.000133302153064323
"3908",390.7,"Simu1","DIC",50,"cliver",0.00012880741137322
"3909",390.8,"Simu1","DIC",50,"cliver",0.000124641130942983
"3910",390.9,"Simu1","DIC",50,"cliver",0.00012077522493617
"3911",391,"Simu1","DIC",50,"cliver",0.000117184221333281
"3912",391.1,"Simu1","DIC",50,"cliver",0.000113845037375421
"3913",391.2,"Simu1","DIC",50,"cliver",0.000110736680188299
"3914",391.3,"Simu1","DIC",50,"cliver",0.0001078400602899
"3915",391.4,"Simu1","DIC",50,"cliver",0.0001051378185959
"3916",391.5,"Simu1","DIC",50,"cliver",0.000102614157049043
"3917",391.6,"Simu1","DIC",50,"cliver",0.000100254739495465
"3918",391.7,"Simu1","DIC",50,"cliver",9.80465083678742e-05
"3919",391.8,"Simu1","DIC",50,"cliver",9.59774986393326e-05
"3920",391.9,"Simu1","DIC",50,"cliver",9.40369062756119e-05
"3921",392,"Simu1","DIC",50,"cliver",0.000153913198440681
"3922",392.1,"Simu1","DIC",50,"cliver",0.176843714733819
"3923",392.2,"Simu1","DIC",50,"cliver",1.19458843806222
"3924",392.3,"Simu1","DIC",50,"cliver",2.52281414091183
"3925",392.4,"Simu1","DIC",50,"cliver",3.81733430285086
"3926",392.5,"Simu1","DIC",50,"cliver",4.96542447351847
"3927",392.6,"Simu1","DIC",50,"cliver",5.93915693107524
"3928",392.7,"Simu1","DIC",50,"cliver",6.74054014091705
"3929",392.8,"Simu1","DIC",50,"cliver",7.38141181474196
"3930",392.9,"Simu1","DIC",50,"cliver",7.87614950856473
"3931",393,"Simu1","DIC",50,"cliver",8.2390916722629
"3932",393.1,"Simu1","DIC",50,"cliver",8.48368605863043
"3933",393.2,"Simu1","DIC",50,"cliver",8.62224408929973
"3934",393.3,"Simu1","DIC",50,"cliver",8.66595476446102
"3935",393.4,"Simu1","DIC",50,"cliver",8.62493080379695
"3936",393.5,"Simu1","DIC",50,"cliver",8.50830314331289
"3937",393.6,"Simu1","DIC",50,"cliver",8.32430865241964
"3938",393.7,"Simu1","DIC",50,"cliver",8.08037310218915
"3939",393.8,"Simu1","DIC",50,"cliver",7.78318713551758
"3940",393.9,"Simu1","DIC",50,"cliver",7.43877929790089
"3941",394,"Simu1","DIC",50,"cliver",7.05257826863133
"3942",394.1,"Simu1","DIC",50,"cliver",6.62946809904833
"3943",394.2,"Simu1","DIC",50,"cliver",6.17384513999509
"3944",394.3,"Simu1","DIC",50,"cliver",5.68966530590489
"3945",394.4,"Simu1","DIC",50,"cliver",5.18048400130769
"3946",394.5,"Simu1","DIC",50,"cliver",4.6495041645511
"3947",394.6,"Simu1","DIC",50,"cliver",4.09960882911909
"3948",394.7,"Simu1","DIC",50,"cliver",3.53339271886888
"3949",394.8,"Simu1","DIC",50,"cliver",2.95320103395426
"3950",394.9,"Simu1","DIC",50,"cliver",2.36117387084478
"3951",395,"Simu1","DIC",50,"cliver",1.75930722376246
"3952",395.1,"Simu1","DIC",50,"cliver",1.14960306957238
"3953",395.2,"Simu1","DIC",50,"cliver",0.534754619554367
"3954",395.3,"Simu1","DIC",50,"cliver",0.00114519270765543
"3955",395.4,"Simu1","DIC",50,"cliver",0.00103615182721524
"3956",395.5,"Simu1","DIC",50,"cliver",0.000940344107070957
"3957",395.6,"Simu1","DIC",50,"cliver",0.000855752228088508
"3958",395.7,"Simu1","DIC",50,"cliver",0.000780792888975976
"3959",395.8,"Simu1","DIC",50,"cliver",0.000714181432076378
"3960",395.9,"Simu1","DIC",50,"cliver",0.000654778627762355
"3961",396,"Simu1","DIC",50,"cliver",0.000601677443061191
"3962",396.1,"Simu1","DIC",50,"cliver",0.000554161189125273
"3963",396.2,"Simu1","DIC",50,"cliver",0.000511445775567732
"3964",396.3,"Simu1","DIC",50,"cliver",0.000473023169183946
"3965",396.4,"Simu1","DIC",50,"cliver",0.000438419147551243
"3966",396.5,"Simu1","DIC",50,"cliver",0.000407169940813951
"3967",396.6,"Simu1","DIC",50,"cliver",0.000378910533190971
"3968",396.7,"Simu1","DIC",50,"cliver",0.00035332748941774
"3969",396.8,"Simu1","DIC",50,"cliver",0.000330116103363894
"3970",396.9,"Simu1","DIC",50,"cliver",0.00030906751603099
"3971",397,"Simu1","DIC",50,"cliver",0.000289864279548352
"3972",397.1,"Simu1","DIC",50,"cliver",0.000272515192437963
"3973",397.2,"Simu1","DIC",50,"cliver",0.000256402523967517
"3974",397.3,"Simu1","DIC",50,"cliver",0.000242000506114346
"3975",397.4,"Simu1","DIC",50,"cliver",0.000228792912895785
"3976",397.5,"Simu1","DIC",50,"cliver",0.000216680253490276
"3977",397.6,"Simu1","DIC",50,"cliver",0.000205587688344521
"3978",397.7,"Simu1","DIC",50,"cliver",0.000195421964434619
"3979",397.8,"Simu1","DIC",50,"cliver",0.000186095755901975
"3980",397.9,"Simu1","DIC",50,"cliver",0.000177530706744674
"3981",398,"Simu1","DIC",50,"cliver",0.000169656918036837
"3982",398.1,"Simu1","DIC",50,"cliver",0.000162411352603996
"3983",398.2,"Simu1","DIC",50,"cliver",0.000155736985353144
"3984",398.3,"Simu1","DIC",50,"cliver",0.000149582333414634
"3985",398.4,"Simu1","DIC",50,"cliver",0.000143901081047602
"3986",398.5,"Simu1","DIC",50,"cliver",0.000138651418277472
"3987",398.6,"Simu1","DIC",50,"cliver",0.000133795542469182
"3988",398.7,"Simu1","DIC",50,"cliver",0.000129299247978307
"3989",398.8,"Simu1","DIC",50,"cliver",0.00012513154572537
"3990",398.9,"Simu1","DIC",50,"cliver",0.00012126428318923
"3991",399,"Simu1","DIC",50,"cliver",0.000117671977629995
"3992",399.1,"Simu1","DIC",50,"cliver",0.000114331518732578
"3993",399.2,"Simu1","DIC",50,"cliver",0.000111221896921899
"3994",399.3,"Simu1","DIC",50,"cliver",0.000108324084920099
"3995",399.4,"Simu1","DIC",50,"cliver",0.000105620748905382
"3996",399.5,"Simu1","DIC",50,"cliver",0.000103096030909431
"3997",399.6,"Simu1","DIC",50,"cliver",0.000100735603391313
"3998",399.7,"Simu1","DIC",50,"cliver",9.85264221414481e-05
"3999",399.8,"Simu1","DIC",50,"cliver",9.64564821717477e-05
"4000",399.9,"Simu1","DIC",50,"cliver",9.45154412013831e-05
"4001",400,"Simu1","DIC",50,"cliver",0.000154402483223408
"4002",400.1,"Simu1","DIC",50,"cliver",0.176874601896515
"4003",400.2,"Simu1","DIC",50,"cliver",1.19469278357479
"4004",400.3,"Simu1","DIC",50,"cliver",2.52299172846035
"4005",400.4,"Simu1","DIC",50,"cliver",3.81758427153655
"4006",400.5,"Simu1","DIC",50,"cliver",4.96574595382612
"4007",400.6,"Simu1","DIC",50,"cliver",5.93954907043593
"4008",400.7,"Simu1","DIC",50,"cliver",6.74100210521485
"4009",400.8,"Simu1","DIC",50,"cliver",7.38194278061572
"4010",400.9,"Simu1","DIC",50,"cliver",7.87674868257451
"4011",401,"Simu1","DIC",50,"cliver",8.23975846169691
"4012",401.1,"Simu1","DIC",50,"cliver",8.484416448632
"4013",401.2,"Simu1","DIC",50,"cliver",8.62304183216406
"4014",401.3,"Simu1","DIC",50,"cliver",8.66681802840722
"4015",401.4,"Simu1","DIC",50,"cliver",8.62585862352115
"4016",401.5,"Simu1","DIC",50,"cliver",8.50929505545258
"4017",401.6,"Simu1","DIC",50,"cliver",8.32536380827318
"4018",401.7,"Simu1","DIC",50,"cliver",8.08149082199263
"4019",401.8,"Simu1","DIC",50,"cliver",7.7843683072089
"4020",401.9,"Simu1","DIC",50,"cliver",7.44002189511074
"4021",402,"Simu1","DIC",50,"cliver",7.05388008393103
"4022",402.1,"Simu1","DIC",50,"cliver",6.63082685522831
"4023",402.2,"Simu1","DIC",50,"cliver",6.17525935815993
"4024",402.3,"Simu1","DIC",50,"cliver",5.69113587857817
"4025",402.4,"Simu1","DIC",50,"cliver",5.18201537057581
"4026",402.5,"Simu1","DIC",50,"cliver",4.6510966440753
"4027",402.6,"Simu1","DIC",50,"cliver",4.10125920334523
"4028",402.7,"Simu1","DIC",50,"cliver",3.53509891600295
"4029",402.8,"Simu1","DIC",50,"cliver",2.95496300979406
"4030",402.9,"Simu1","DIC",50,"cliver",2.36299170373427
"4031",403,"Simu1","DIC",50,"cliver",1.76117965069496
"4032",403.1,"Simu1","DIC",50,"cliver",1.15152730279098
"4033",403.2,"Simu1","DIC",50,"cliver",0.53672222229744
"4034",403.3,"Simu1","DIC",50,"cliver",0.00114597495335909
"4035",403.4,"Simu1","DIC",50,"cliver",0.0010368665412241
"4036",403.5,"Simu1","DIC",50,"cliver",0.000941033869402614
"4037",403.6,"Simu1","DIC",50,"cliver",0.000856420608911262
"4038",403.7,"Simu1","DIC",50,"cliver",0.000781441914740844
"4039",403.8,"Simu1","DIC",50,"cliver",0.000714811573286735
"4040",403.9,"Simu1","DIC",50,"cliver",0.000655398593213792
"4041",404,"Simu1","DIC",50,"cliver",0.000602280338808492
"4042",404.1,"Simu1","DIC",50,"cliver",0.000554748157311503
"4043",404.2,"Simu1","DIC",50,"cliver",0.000512018879900397
"4044",404.3,"Simu1","DIC",50,"cliver",0.000473579909878217
"4045",404.4,"Simu1","DIC",50,"cliver",0.000439022459148508
"4046",404.5,"Simu1","DIC",50,"cliver",0.000407694719868816
"4047",404.6,"Simu1","DIC",50,"cliver",0.000379458020746954
"4048",404.7,"Simu1","DIC",50,"cliver",0.000353911365611853
"4049",404.8,"Simu1","DIC",50,"cliver",0.000330587621828331
"4050",404.9,"Simu1","DIC",50,"cliver",0.000309617299091946
"4051",405,"Simu1","DIC",50,"cliver",0.000290436314944575
"4052",405.1,"Simu1","DIC",50,"cliver",0.000272922251829838
"4053",405.2,"Simu1","DIC",50,"cliver",0.000257092297393178
"4054",405.3,"Simu1","DIC",50,"cliver",0.000242556102775177
"4055",405.4,"Simu1","DIC",50,"cliver",0.00022930823261409
"4056",405.5,"Simu1","DIC",50,"cliver",0.00021719132804255
"4057",405.6,"Simu1","DIC",50,"cliver",0.000206153522563378
"4058",405.7,"Simu1","DIC",50,"cliver",0.000195814425451463
"4059",405.8,"Simu1","DIC",50,"cliver",0.00018660540907814
"4060",405.9,"Simu1","DIC",50,"cliver",0.000178080743446894
"4061",406,"Simu1","DIC",50,"cliver",0.000170082381427466
"4062",406.1,"Simu1","DIC",50,"cliver",0.000163074487954005
"4063",406.2,"Simu1","DIC",50,"cliver",0.000156231777809934
"4064",406.3,"Simu1","DIC",50,"cliver",0.000149947647702734
"4065",406.4,"Simu1","DIC",50,"cliver",0.000144505465698725
"4066",406.5,"Simu1","DIC",50,"cliver",0.000139129462110838
"4067",406.6,"Simu1","DIC",50,"cliver",0.00013414649519064
"4068",406.7,"Simu1","DIC",50,"cliver",0.00012985530604027
"4069",406.8,"Simu1","DIC",50,"cliver",0.000125525679602201
"4070",406.9,"Simu1","DIC",50,"cliver",0.00012181486946525
"4071",407,"Simu1","DIC",50,"cliver",0.000118066068107024
"4072",407.1,"Simu1","DIC",50,"cliver",0.000114877538762651
"4073",407.2,"Simu1","DIC",50,"cliver",0.000111612884925205
"4074",407.3,"Simu1","DIC",50,"cliver",0.000108818917278944
"4075",407.4,"Simu1","DIC",50,"cliver",0.0001060831236299
"4076",407.5,"Simu1","DIC",50,"cliver",0.000103564662954608
"4077",407.6,"Simu1","DIC",50,"cliver",0.00010120135666378
"4078",407.7,"Simu1","DIC",50,"cliver",9.89923688821476e-05
"4079",407.8,"Simu1","DIC",50,"cliver",9.69209525287434e-05
"4080",407.9,"Simu1","DIC",50,"cliver",9.49787163989587e-05
"4081",408,"Simu1","DIC",50,"cliver",0.000154875730886941
"4082",408.1,"Simu1","DIC",50,"cliver",0.176905071601011
"4083",408.2,"Simu1","DIC",50,"cliver",1.19479546193489
"4084",408.3,"Simu1","DIC",50,"cliver",2.52316504881305
"4085",408.4,"Simu1","DIC",50,"cliver",3.81782819497364
"4086",408.5,"Simu1","DIC",50,"cliver",4.96605952539165
"4087",408.6,"Simu1","DIC",50,"cliver",5.93993135193164
"4088",408.7,"Simu1","DIC",50,"cliver",6.74145229393343
"4089",408.8,"Simu1","DIC",50,"cliver",7.38246033161447
"4090",408.9,"Simu1","DIC",50,"cliver",7.87733231731254
"4091",409,"Simu1","DIC",50,"cliver",8.24040789496267
"4092",409.1,"Simu1","DIC",50,"cliver",8.48512852065574
"4093",409.2,"Simu1","DIC",50,"cliver",8.62381880554874
"4094",409.3,"Simu1","DIC",50,"cliver",8.66765834437321
"4095",409.4,"Simu1","DIC",50,"cliver",8.62676176082573
"4096",409.5,"Simu1","DIC",50,"cliver",8.51026031246244
"4097",409.6,"Simu1","DIC",50,"cliver",8.3263906122737
"4098",409.7,"Simu1","DIC",50,"cliver",8.08257869347164
"4099",409.8,"Simu1","DIC",50,"cliver",7.78551505452041
"4100",409.9,"Simu1","DIC",50,"cliver",7.44122826606142
"4101",410,"Simu1","DIC",50,"cliver",7.05514642157258
"4102",410.1,"Simu1","DIC",50,"cliver",6.63215488900885
"4103",410.2,"Simu1","DIC",50,"cliver",6.17664954943708
"4104",410.3,"Simu1","DIC",50,"cliver",5.69258566983157
"4105",410.4,"Simu1","DIC",50,"cliver",5.18351956403247
"4106",410.5,"Simu1","DIC",50,"cliver",4.65265387776786
"4107",410.6,"Simu1","DIC",50,"cliver",4.10287139550997
"4108",410.7,"Simu1","DIC",50,"cliver",3.53676650172094
"4109",410.8,"Simu1","DIC",50,"cliver",2.95668452758321
"4110",410.9,"Simu1","DIC",50,"cliver",2.36476551191448
"4111",411,"Simu1","DIC",50,"cliver",1.76300481592963
"4112",411.1,"Simu1","DIC",50,"cliver",1.15340232729529
"4113",411.2,"Simu1","DIC",50,"cliver",0.538638847896053
"4114",411.3,"Simu1","DIC",50,"cliver",0.00114674506413838
"4115",411.4,"Simu1","DIC",50,"cliver",0.00103755746233286
"4116",411.5,"Simu1","DIC",50,"cliver",0.000941701072623582
"4117",411.6,"Simu1","DIC",50,"cliver",0.000857066874808339
"4118",411.7,"Simu1","DIC",50,"cliver",0.000782070031967559
"4119",411.8,"Simu1","DIC",50,"cliver",0.000715424011213573
"4120",411.9,"Simu1","DIC",50,"cliver",0.000655995050302639
"4121",412,"Simu1","DIC",50,"cliver",0.000602865345659572
"4122",412.1,"Simu1","DIC",50,"cliver",0.000555322690182131
"4123",412.2,"Simu1","DIC",50,"cliver",0.000512590135351038
"4124",412.3,"Simu1","DIC",50,"cliver",0.000474146665801118
"4125",412.4,"Simu1","DIC",50,"cliver",0.000439527703530975
"4126",412.5,"Simu1","DIC",50,"cliver",0.000408260858047864
"4127",412.6,"Simu1","DIC",50,"cliver",0.000379987839074934
"4128",412.7,"Simu1","DIC",50,"cliver",0.000354391267420096
"4129",412.8,"Simu1","DIC",50,"cliver",0.000331168042005202
"4130",412.9,"Simu1","DIC",50,"cliver",0.00031010814383361
"4131",413,"Simu1","DIC",50,"cliver",0.000290897028003437
"4132",413.1,"Simu1","DIC",50,"cliver",0.000273535439161002
"4133",413.2,"Simu1","DIC",50,"cliver",0.000257421927183017
"4134",413.3,"Simu1","DIC",50,"cliver",0.000243251232653743
"4135",413.4,"Simu1","DIC",50,"cliver",0.000229792899428647
"4136",413.5,"Simu1","DIC",50,"cliver",0.000217672569471432
"4137",413.6,"Simu1","DIC",50,"cliver",0.000206573798056403
"4138",413.7,"Simu1","DIC",50,"cliver",0.000196402373050282
"4139",413.8,"Simu1","DIC",50,"cliver",0.00018707103706621
"4140",413.9,"Simu1","DIC",50,"cliver",0.000178500905714832
"4141",414,"Simu1","DIC",50,"cliver",0.000170622269680375
"4142",414.1,"Simu1","DIC",50,"cliver",0.000163372143459124
"4143",414.2,"Simu1","DIC",50,"cliver",0.000156693632047988
"4144",414.3,"Simu1","DIC",50,"cliver",0.000150535232088384
"4145",414.4,"Simu1","DIC",50,"cliver",0.000144850465051681
"4146",414.5,"Simu1","DIC",50,"cliver",0.000139597475968022
"4147",414.6,"Simu1","DIC",50,"cliver",0.000134738441149444
"4148",414.7,"Simu1","DIC",50,"cliver",0.000130239137684301
"4149",414.8,"Simu1","DIC",50,"cliver",0.000126068548138965
"4150",414.9,"Simu1","DIC",50,"cliver",0.000122198566925215
"4151",415,"Simu1","DIC",50,"cliver",0.000118603703417062
"4152",415.1,"Simu1","DIC",50,"cliver",0.000115260859066864
"4153",415.2,"Simu1","DIC",50,"cliver",0.000112149026075812
"4154",415.3,"Simu1","DIC",50,"cliver",0.000109249101189354
"4155",415.4,"Simu1","DIC",50,"cliver",0.000106543713587783
"4156",415.5,"Simu1","DIC",50,"cliver",0.000104017053417556
"4157",415.6,"Simu1","DIC",50,"cliver",0.000101654773430695
"4158",415.7,"Simu1","DIC",50,"cliver",9.9443807657537e-05
"4159",415.8,"Simu1","DIC",50,"cliver",9.73721822002558e-05
"4160",415.9,"Simu1","DIC",50,"cliver",9.54290990484308e-05
"4161",416,"Simu1","DIC",50,"cliver",0.000155335134912268
"4162",416.1,"Simu1","DIC",50,"cliver",0.176934123879264
"4163",416.2,"Simu1","DIC",50,"cliver",1.19489478504315
"4164",416.3,"Simu1","DIC",50,"cliver",2.52333625258479
"4165",416.4,"Simu1","DIC",50,"cliver",3.81806965114862
"4166",416.5,"Simu1","DIC",50,"cliver",4.96637035003165
"4167",416.6,"Simu1","DIC",50,"cliver",5.94031063651373
"4168",416.7,"Simu1","DIC",50,"cliver",6.74189903023956
"4169",416.8,"Simu1","DIC",50,"cliver",7.38297330595957
"4170",416.9,"Simu1","DIC",50,"cliver",7.87791107250936
"4171",417,"Simu1","DIC",50,"cliver",8.2410510358598
"4172",417.1,"Simu1","DIC",50,"cliver",8.48583721593749
"4173",417.2,"Simu1","DIC",50,"cliver",8.62460120803185
"4174",417.3,"Simu1","DIC",50,"cliver",8.66849633680414
"4175",417.4,"Simu1","DIC",50,"cliver",8.62765374944543
"4176",417.5,"Simu1","DIC",50,"cliver",8.51120558977424
"4177",417.6,"Simu1","DIC",50,"cliver",8.32739863882168
"4178",417.7,"Simu1","DIC",50,"cliver",8.08364687375815
"4179",417.8,"Simu1","DIC",50,"cliver",7.78664119769188
"4180",417.9,"Simu1","DIC",50,"cliver",7.44241256798026
"4181",418,"Simu1","DIC",50,"cliver",7.05638791041323
"4182",418.1,"Simu1","DIC",50,"cliver",6.63345220354668
"4183",418.2,"Simu1","DIC",50,"cliver",6.17800032270708
"4184",418.3,"Simu1","DIC",50,"cliver",5.69398832747982
"4185",418.4,"Simu1","DIC",50,"cliver",5.18497792427172
"4186",418.5,"Simu1","DIC",50,"cliver",4.65417010848946
"4187",418.6,"Simu1","DIC",50,"cliver",4.10444318034663
"4188",418.7,"Simu1","DIC",50,"cliver",3.53839160913203
"4189",418.8,"Simu1","DIC",50,"cliver",2.95836246101873
"4190",418.9,"Simu1","DIC",50,"cliver",2.36649634663564
"4191",419,"Simu1","DIC",50,"cliver",1.76478774171344
"4192",419.1,"Simu1","DIC",50,"cliver",1.15523430222008
"4193",419.2,"Simu1","DIC",50,"cliver",0.540511877041395
"4194",419.3,"Simu1","DIC",50,"cliver",0.00114751977855749
"4195",419.4,"Simu1","DIC",50,"cliver",0.00103823489390231
"4196",419.5,"Simu1","DIC",50,"cliver",0.000942354609399166
"4197",419.6,"Simu1","DIC",50,"cliver",0.000857699600817775
"4198",419.7,"Simu1","DIC",50,"cliver",0.00078268430021756
"4199",419.8,"Simu1","DIC",50,"cliver",0.000716021712590296
"4200",419.9,"Simu1","DIC",50,"cliver",0.000656579241913381
"4201",420,"Simu1","DIC",50,"cliver",0.000603435753302913
"4202",420.1,"Simu1","DIC",50,"cliver",0.000555881169928197
"4203",420.2,"Simu1","DIC",50,"cliver",0.000513129585400998
"4204",420.3,"Simu1","DIC",50,"cliver",0.000474672829076871
"4205",420.4,"Simu1","DIC",50,"cliver",0.000440099139624847
"4206",420.5,"Simu1","DIC",50,"cliver",0.000408750928279839
"4207",420.6,"Simu1","DIC",50,"cliver",0.000380506427290063
"4208",420.7,"Simu1","DIC",50,"cliver",0.000354950851026283
"4209",420.8,"Simu1","DIC",50,"cliver",0.000331600720001504
"4210",420.9,"Simu1","DIC",50,"cliver",0.000310633073453068
"4211",421,"Simu1","DIC",50,"cliver",0.00029144242851955
"4212",421.1,"Simu1","DIC",50,"cliver",0.000273913308099465
"4213",421.2,"Simu1","DIC",50,"cliver",0.00025807601361144
"4214",421.3,"Simu1","DIC",50,"cliver",0.000243529518944486
"4215",421.4,"Simu1","DIC",50,"cliver",0.000230282125861172
"4216",421.5,"Simu1","DIC",50,"cliver",0.000218161476601809
"4217",421.6,"Simu1","DIC",50,"cliver",0.000207141833177884
"4218",421.7,"Simu1","DIC",50,"cliver",0.000196701603984035
"4219",421.8,"Simu1","DIC",50,"cliver",0.000187571595025351
"4220",421.9,"Simu1","DIC",50,"cliver",0.000179054763215858
"4221",422,"Simu1","DIC",50,"cliver",0.000170950864120652
"4222",422.1,"Simu1","DIC",50,"cliver",0.000163875811952649
"4223",422.2,"Simu1","DIC",50,"cliver",0.000157244979704174
"4224",422.3,"Simu1","DIC",50,"cliver",0.000150858370946495
"4225",422.4,"Simu1","DIC",50,"cliver",0.000145340689235786
"4226",422.5,"Simu1","DIC",50,"cliver",0.000140154318665985
"4227",422.6,"Simu1","DIC",50,"cliver",0.000135051913518911
"4228",422.7,"Simu1","DIC",50,"cliver",0.000130714700530242
"4229",422.8,"Simu1","DIC",50,"cliver",0.000126641272881924
"4230",422.9,"Simu1","DIC",50,"cliver",0.000122498332579216
"4231",423,"Simu1","DIC",50,"cliver",0.000119059096710407
"4232",423.1,"Simu1","DIC",50,"cliver",0.000115860056898556
"4233",423.2,"Simu1","DIC",50,"cliver",0.000112447754502427
"4234",423.3,"Simu1","DIC",50,"cliver",0.000109775683775956
"4235",423.4,"Simu1","DIC",50,"cliver",0.000107124068326079
"4236",423.5,"Simu1","DIC",50,"cliver",0.000104351151998396
"4237",423.6,"Simu1","DIC",50,"cliver",0.000102171289613326
"4238",423.7,"Simu1","DIC",50,"cliver",9.99021372605603e-05
"4239",423.8,"Simu1","DIC",50,"cliver",9.79875859773017e-05
"4240",423.9,"Simu1","DIC",50,"cliver",9.58123837567318e-05
"4241",424,"Simu1","DIC",50,"cliver",0.000155782037188099
"4242",424.1,"Simu1","DIC",50,"cliver",0.176962232252958
"4243",424.2,"Simu1","DIC",50,"cliver",1.19498931745161
"4244",424.3,"Simu1","DIC",50,"cliver",2.52349676451362
"4245",424.4,"Simu1","DIC",50,"cliver",3.8182953542795
"4246",424.5,"Simu1","DIC",50,"cliver",4.96666051896749
"4247",424.6,"Simu1","DIC",50,"cliver",5.94066457418565
"4248",424.7,"Simu1","DIC",50,"cliver",6.74231606353603
"4249",424.8,"Simu1","DIC",50,"cliver",7.38345277529429
"4250",424.9,"Simu1","DIC",50,"cliver",7.8784523848033
"4251",425,"Simu1","DIC",50,"cliver",8.24165372378138
"4252",425.1,"Simu1","DIC",50,"cliver",8.48650183355729
"4253",425.2,"Simu1","DIC",50,"cliver",8.62531716161742
"4254",425.3,"Simu1","DIC",50,"cliver",8.66927484670883
"4255",425.4,"Simu1","DIC",50,"cliver",8.62849794227319
"4256",425.5,"Simu1","DIC",50,"cliver",8.51211551214055
"4257",425.6,"Simu1","DIC",50,"cliver",8.32836278453777
"4258",425.7,"Simu1","DIC",50,"cliver",8.08466644898628
"4259",425.8,"Simu1","DIC",50,"cliver",7.78771816087929
"4260",425.9,"Simu1","DIC",50,"cliver",7.44354646136947
"4261",426,"Simu1","DIC",50,"cliver",7.057577467244
"4262",426.1,"Simu1","DIC",50,"cliver",6.63469637716187
"4263",426.2,"Simu1","DIC",50,"cliver",6.17930059056831
"4264",426.3,"Simu1","DIC",50,"cliver",5.69534273183274
"4265",426.4,"Simu1","DIC",50,"cliver",5.18638334206694
"4266",426.5,"Simu1","DIC",50,"cliver",4.65562620873279
"4267",426.6,"Simu1","DIC",50,"cliver",4.10595095270519
"4268",426.7,"Simu1","DIC",50,"cliver",3.53995103219366
"4269",426.8,"Simu1","DIC",50,"cliver",2.95997250047573
"4270",426.9,"Simu1","DIC",50,"cliver",2.36815584558899
"4271",427,"Simu1","DIC",50,"cliver",1.7664955940156
"4272",427.1,"Simu1","DIC",50,"cliver",1.15698904772048
"4273",427.2,"Simu1","DIC",50,"cliver",0.542305944427652
"4274",427.3,"Simu1","DIC",50,"cliver",0.0011482827864762
"4275",427.4,"Simu1","DIC",50,"cliver",0.00103888464543572
"4276",427.5,"Simu1","DIC",50,"cliver",0.000942982075381568
"4277",427.6,"Simu1","DIC",50,"cliver",0.000858307605167739
"4278",427.7,"Simu1","DIC",50,"cliver",0.000783275043630693
"4279",427.8,"Simu1","DIC",50,"cliver",0.000716597149796214
"4280",427.9,"Simu1","DIC",50,"cliver",0.000657141655808448
"4281",428,"Simu1","DIC",50,"cliver",0.000603985657427919
"4282",428.1,"Simu1","DIC",50,"cliver",0.000556419997633417
"4283",428.2,"Simu1","DIC",50,"cliver",0.000513659745108767
"4284",428.3,"Simu1","DIC",50,"cliver",0.000475193367630689
"4285",428.4,"Simu1","DIC",50,"cliver",0.000440611950391193
"4286",428.5,"Simu1","DIC",50,"cliver",0.000409259136301867
"4287",428.6,"Simu1","DIC",50,"cliver",0.000381004342014925
"4288",428.7,"Simu1","DIC",50,"cliver",0.000355442118960316
"4289",428.8,"Simu1","DIC",50,"cliver",0.000332092623337524
"4290",428.9,"Simu1","DIC",50,"cliver",0.000311113866576494
"4291",429,"Simu1","DIC",50,"cliver",0.000291919971503785
"4292",429.1,"Simu1","DIC",50,"cliver",0.000274386840127737
"4293",429.2,"Simu1","DIC",50,"cliver",0.000258547418818703
"4294",429.3,"Simu1","DIC",50,"cliver",0.000243998184049825
"4295",429.4,"Simu1","DIC",50,"cliver",0.000230743848100197
"4296",429.5,"Simu1","DIC",50,"cliver",0.000218618687403615
"4297",429.6,"Simu1","DIC",50,"cliver",0.000207587473796562
"4298",429.7,"Simu1","DIC",50,"cliver",0.000197184015441718
"4299",429.8,"Simu1","DIC",50,"cliver",0.000188014402764443
"4300",429.9,"Simu1","DIC",50,"cliver",0.000179492121913856
"4301",430,"Simu1","DIC",50,"cliver",0.000171422142157198
"4302",430.1,"Simu1","DIC",50,"cliver",0.000164311765535204
"4303",430.2,"Simu1","DIC",50,"cliver",0.000157674628742795
"4304",430.3,"Simu1","DIC",50,"cliver",0.000151325024387911
"4305",430.4,"Simu1","DIC",50,"cliver",0.000145772968703384
"4306",430.5,"Simu1","DIC",50,"cliver",0.000140575756132195
"4307",430.6,"Simu1","DIC",50,"cliver",0.000135515879606161
"4308",430.7,"Simu1","DIC",50,"cliver",0.000131144755014291
"4309",430.8,"Simu1","DIC",50,"cliver",0.000127053373927695
"4310",430.9,"Simu1","DIC",50,"cliver",0.000122961267593058
"4311",431,"Simu1","DIC",50,"cliver",0.000119489086287924
"4312",431.1,"Simu1","DIC",50,"cliver",0.000116261160269057
"4313",431.2,"Simu1","DIC",50,"cliver",0.000112906266831022
"4314",431.3,"Simu1","DIC",50,"cliver",0.000110180219424696
"4315",431.4,"Simu1","DIC",50,"cliver",0.000107395727101144
"4316",431.5,"Simu1","DIC",50,"cliver",0.000104891553634685
"4317",431.6,"Simu1","DIC",50,"cliver",0.000102525649071163
"4318",431.7,"Simu1","DIC",50,"cliver",0.000100335441068118
"4319",431.8,"Simu1","DIC",50,"cliver",9.82324282014718e-05
"4320",431.9,"Simu1","DIC",50,"cliver",9.6290406518039e-05
"4321",432,"Simu1","DIC",50,"cliver",0.000156215863284442
"4322",432.1,"Simu1","DIC",50,"cliver",0.176989043553928
"4323",432.2,"Simu1","DIC",50,"cliver",1.19507642106523
"4324",432.3,"Simu1","DIC",50,"cliver",2.52364103845804
"4325",432.4,"Simu1","DIC",50,"cliver",3.81849685721427
"4326",432.5,"Simu1","DIC",50,"cliver",4.96691882482924
"4327",432.6,"Simu1","DIC",50,"cliver",5.94097945690076
"4328",432.7,"Simu1","DIC",50,"cliver",6.74268744239017
"4329",432.8,"Simu1","DIC",50,"cliver",7.38388030419758
"4330",432.9,"Simu1","DIC",50,"cliver",7.87893593745673
"4331",433,"Simu1","DIC",50,"cliver",8.24219356997143
"4332",433.1,"Simu1","DIC",50,"cliver",8.48709756279724
"4333",433.2,"Simu1","DIC",50,"cliver",8.62596592329188
"4334",433.3,"Simu1","DIC",50,"cliver",8.6699820502374
"4335",433.4,"Simu1","DIC",50,"cliver",8.62926018603318
"4336",433.5,"Simu1","DIC",50,"cliver",8.51293158539311
"4337",433.6,"Simu1","DIC",50,"cliver",8.32923286990548
"4338",433.7,"Simu1","DIC",50,"cliver",8.08558939931974
"4339",433.8,"Simu1","DIC",50,"cliver",7.7886928794109
"4340",433.9,"Simu1","DIC",50,"cliver",7.44457124899091
"4341",434,"Simu1","DIC",50,"cliver",7.05865224997924
"4342",434.1,"Simu1","DIC",50,"cliver",6.6358218209891
"4343",434.2,"Simu1","DIC",50,"cliver",6.18047708084262
"4344",434.3,"Simu1","DIC",50,"cliver",5.69657370126145
"4345",434.4,"Simu1","DIC",50,"cliver",5.18766942818526
"4346",434.5,"Simu1","DIC",50,"cliver",4.65696493321437
"4347",434.6,"Simu1","DIC",50,"cliver",4.10734032365005
"4348",434.7,"Simu1","DIC",50,"cliver",3.54139045561933
"4349",434.8,"Simu1","DIC",50,"cliver",2.96146148490857
"4350",434.9,"Simu1","DIC",50,"cliver",2.36969099506857
"4351",435,"Simu1","DIC",50,"cliver",1.76807629034734
"4352",435.1,"Simu1","DIC",50,"cliver",1.15861713867767
"4353",435.2,"Simu1","DIC",50,"cliver",0.543975505907821
"4354",435.3,"Simu1","DIC",50,"cliver",0.00114905359065715
"4355",435.4,"Simu1","DIC",50,"cliver",0.00103951553871384
"4356",435.5,"Simu1","DIC",50,"cliver",0.000943591242023258
"4357",435.6,"Simu1","DIC",50,"cliver",0.000858897615390467
"4358",435.7,"Simu1","DIC",50,"cliver",0.00078384844256117
"4359",435.8,"Simu1","DIC",50,"cliver",0.000717156149421192
"4360",435.9,"Simu1","DIC",50,"cliver",0.00065768618521156
"4361",436,"Simu1","DIC",50,"cliver",0.000604519596562063
"4362",436.1,"Simu1","DIC",50,"cliver",0.000556944268271254
"4363",436.2,"Simu1","DIC",50,"cliver",0.000514182325044133
"4364",436.3,"Simu1","DIC",50,"cliver",0.000475712001946265
"4365",436.4,"Simu1","DIC",50,"cliver",0.00044106910249702
"4366",436.5,"Simu1","DIC",50,"cliver",0.000409780424252134
"4367",436.6,"Simu1","DIC",50,"cliver",0.000381487577751317
"4368",436.7,"Simu1","DIC",50,"cliver",0.000355872990905882
"4369",436.8,"Simu1","DIC",50,"cliver",0.000332633143341893
"4370",436.9,"Simu1","DIC",50,"cliver",0.000311558433585152
"4371",437,"Simu1","DIC",50,"cliver",0.00029233290866505
"4372",437.1,"Simu1","DIC",50,"cliver",0.000274959836519497
"4373",437.2,"Simu1","DIC",50,"cliver",0.000258831724767464
"4374",437.3,"Simu1","DIC",50,"cliver",0.000244658603869308
"4375",437.4,"Simu1","DIC",50,"cliver",0.000231183786407949
"4376",437.5,"Simu1","DIC",50,"cliver",0.000219054279513225
"4377",437.6,"Simu1","DIC",50,"cliver",0.000207946948081894
"4378",437.7,"Simu1","DIC",50,"cliver",0.000197767546417
"4379",437.8,"Simu1","DIC",50,"cliver",0.000188428789091655
"4380",437.9,"Simu1","DIC",50,"cliver",0.000179851742587141
"4381",438,"Simu1","DIC",50,"cliver",0.000171966649884928
"4382",438.1,"Simu1","DIC",50,"cliver",0.000164710489459761
"4383",438.2,"Simu1","DIC",50,"cliver",0.000158026329662399
"4384",438.3,"Simu1","DIC",50,"cliver",0.00015186263152292
"4385",438.4,"Simu1","DIC",50,"cliver",0.000146172889825515
"4386",438.5,"Simu1","DIC",50,"cliver",0.000140915221943491
"4387",438.6,"Simu1","DIC",50,"cliver",0.000136051781454423
"4388",438.7,"Simu1","DIC",50,"cliver",0.000131548322740331
"4389",438.8,"Simu1","DIC",50,"cliver",0.000127373809356516
"4390",438.9,"Simu1","DIC",50,"cliver",0.00012350011711907
"4391",439,"Simu1","DIC",50,"cliver",0.000119901739673913
"4392",439.1,"Simu1","DIC",50,"cliver",0.00011655556328902
"4393",439.2,"Simu1","DIC",50,"cliver",0.000113440566575077
"4394",439.3,"Simu1","DIC",50,"cliver",0.000110537634126971
"4395",439.4,"Simu1","DIC",50,"cliver",0.000107829383249645
"4396",439.5,"Simu1","DIC",50,"cliver",0.000105299993932855
"4397",439.6,"Simu1","DIC",50,"cliver",0.000102935110136792
"4398",439.7,"Simu1","DIC",50,"cliver",0.000100721656336369
"4399",439.8,"Simu1","DIC",50,"cliver",9.86476505296643e-05
"4400",439.9,"Simu1","DIC",50,"cliver",9.67022761097514e-05
"4401",440,"Simu1","DIC",50,"cliver",0.000156635524842962
"4402",440.1,"Simu1","DIC",50,"cliver",0.177016398491586
"4403",440.2,"Simu1","DIC",50,"cliver",1.19517251177332
"4404",440.3,"Simu1","DIC",50,"cliver",2.52380875806894
"4405",440.4,"Simu1","DIC",50,"cliver",3.8187346285685
"4406",440.5,"Simu1","DIC",50,"cliver",4.96722549357116
"4407",440.6,"Simu1","DIC",50,"cliver",5.94135369358368
"4408",440.7,"Simu1","DIC",50,"cliver",6.74312780170877
"4409",440.8,"Simu1","DIC",50,"cliver",7.38438564748792
"4410",440.9,"Simu1","DIC",50,"cliver",7.87950493480735
"4411",441,"Simu1","DIC",50,"cliver",8.2428242144969
"4412",441.1,"Simu1","DIC",50,"cliver",8.48778785675829
"4413",441.2,"Simu1","DIC",50,"cliver",8.6267151980271
"4414",441.3,"Simu1","DIC",50,"cliver",8.67078892265906
"4415",441.4,"Simu1","DIC",50,"cliver",8.63012653060293
"4416",441.5,"Simu1","DIC",50,"cliver",8.51385538017523
"4417",441.6,"Simu1","DIC",50,"cliver",8.33021370815671
"4418",441.7,"Simu1","DIC",50,"cliver",8.08662739178753
"4419",441.8,"Simu1","DIC",50,"cliver",7.78978741461041
"4420",441.9,"Simu1","DIC",50,"cliver",7.44572110264569
"4421",442,"Simu1","DIC",50,"cliver",7.05985635823712
"4422",442.1,"Simu1","DIC",50,"cliver",6.63707711044222
"4423",442.2,"Simu1","DIC",50,"cliver",6.18178225742612
"4424",442.3,"Simu1","DIC",50,"cliver",5.6979295580154
"4425",442.4,"Simu1","DIC",50,"cliver",5.18907615868718
"4426",442.5,"Simu1","DIC",50,"cliver",4.65842141303348
"4427",442.6,"Simu1","DIC",50,"cliver",4.10884535223884
"4428",442.7,"Simu1","DIC",50,"cliver",3.54294383143223
"4429",442.8,"Simu1","DIC",50,"cliver",2.96306355169531
"4430",442.9,"Simu1","DIC",50,"cliver",2.37134389146557
"4431",443,"Simu1","DIC",50,"cliver",1.76977834063153
"4432",443.1,"Simu1","DIC",50,"cliver",1.16036098170664
"4433",443.2,"Simu1","DIC",50,"cliver",0.545757724955336
"4434",443.3,"Simu1","DIC",50,"cliver",0.00114985532326167
"4435",443.4,"Simu1","DIC",50,"cliver",0.00104013578240175
"4436",443.5,"Simu1","DIC",50,"cliver",0.00094418972652458
"4437",443.6,"Simu1","DIC",50,"cliver",0.000859476975027325
"4438",443.7,"Simu1","DIC",50,"cliver",0.000784411003871215
"4439",443.8,"Simu1","DIC",50,"cliver",0.000717704304564014
"4440",443.9,"Simu1","DIC",50,"cliver",0.000658220261164458
"4441",444,"Simu1","DIC",50,"cliver",0.000605042727869975
"4442",444.1,"Simu1","DIC",50,"cliver",0.000557457522867174
"4443",444.2,"Simu1","DIC",50,"cliver",0.000514684962394448
"4444",444.3,"Simu1","DIC",50,"cliver",0.000476206369290836
"4445",444.4,"Simu1","DIC",50,"cliver",0.000441555329541137
"4446",444.5,"Simu1","DIC",50,"cliver",0.000410260509009573
"4447",444.6,"Simu1","DIC",50,"cliver",0.000381960717354352
"4448",444.7,"Simu1","DIC",50,"cliver",0.00035634055766962
"4449",444.8,"Simu1","DIC",50,"cliver",0.000333095252846846
"4450",444.9,"Simu1","DIC",50,"cliver",0.00031201618726075
"4451",445,"Simu1","DIC",50,"cliver",0.000292784882669445
"4452",445.1,"Simu1","DIC",50,"cliver",0.000275410289911282
"4453",445.2,"Simu1","DIC",50,"cliver",0.000259272529302433
"4454",445.3,"Simu1","DIC",50,"cliver",0.000245019436983227
"4455",445.4,"Simu1","DIC",50,"cliver",0.000231621583541023
"4456",445.5,"Simu1","DIC",50,"cliver",0.000219489541251855
"4457",445.6,"Simu1","DIC",50,"cliver",0.000208379480681437
"4458",445.7,"Simu1","DIC",50,"cliver",0.000198197499119281
"4459",445.8,"Simu1","DIC",50,"cliver",0.000188856346479664
"4460",445.9,"Simu1","DIC",50,"cliver",0.000180277075659804
"4461",446,"Simu1","DIC",50,"cliver",0.000172389896652627
"4462",446.1,"Simu1","DIC",50,"cliver",0.000165131792192588
"4463",446.2,"Simu1","DIC",50,"cliver",0.000158445816069143
"4464",446.3,"Simu1","DIC",50,"cliver",0.000152280408273379
"4465",446.4,"Simu1","DIC",50,"cliver",0.000146589063443392
"4466",446.5,"Simu1","DIC",50,"cliver",0.000141329885798886
"4467",446.6,"Simu1","DIC",50,"cliver",0.00013646502539451
"4468",446.7,"Simu1","DIC",50,"cliver",0.000131960226111245
"4469",446.8,"Simu1","DIC",50,"cliver",0.000127784447782127
"4470",446.9,"Simu1","DIC",50,"cliver",0.000123909558123287
"4471",447,"Simu1","DIC",50,"cliver",0.000120310047663938
"4472",447.1,"Simu1","DIC",50,"cliver",0.00011696279658524
"4473",447.2,"Simu1","DIC",50,"cliver",0.000113846779374736
"4474",447.3,"Simu1","DIC",50,"cliver",0.000110942877422723
"4475",447.4,"Simu1","DIC",50,"cliver",0.000108233702475477
"4476",447.5,"Simu1","DIC",50,"cliver",0.000105703432219475
"4477",447.6,"Simu1","DIC",50,"cliver",0.000103337709678815
"4478",447.7,"Simu1","DIC",50,"cliver",0.000101123453456339
"4479",447.8,"Simu1","DIC",50,"cliver",9.90486791516628e-05
"4480",447.9,"Simu1","DIC",50,"cliver",9.71025417591612e-05
"4481",448,"Simu1","DIC",50,"cliver",0.000157043356119455
"4482",448.1,"Simu1","DIC",50,"cliver",0.177041482524471
"4483",448.2,"Simu1","DIC",50,"cliver",1.19525366763402
"4484",448.3,"Simu1","DIC",50,"cliver",2.52394280390804
"4485",448.4,"Simu1","DIC",50,"cliver",3.81892168747964
"4486",448.5,"Simu1","DIC",50,"cliver",4.96746522613642
"4487",448.6,"Simu1","DIC",50,"cliver",5.94164596723838
"4488",448.7,"Simu1","DIC",50,"cliver",6.74347262216555
"4489",448.8,"Simu1","DIC",50,"cliver",7.38478282269685
"4490",448.9,"Simu1","DIC",50,"cliver",7.87995431646898
"4491",449,"Simu1","DIC",50,"cliver",8.24332647254142
"4492",449.1,"Simu1","DIC",50,"cliver",8.4883437542741
"4493",449.2,"Simu1","DIC",50,"cliver",8.62732411743324
"4494",449.3,"Simu1","DIC",50,"cliver",8.67145100745109
"4495",449.4,"Simu1","DIC",50,"cliver",8.63083870653281
"4496",449.5,"Simu1","DIC",50,"cliver",8.51461849527344
"4497",449.6,"Simu1","DIC",50,"cliver",8.33102704750271
"4498",449.7,"Simu1","DIC",50,"cliver",8.08748971707306
"4499",449.8,"Simu1","DIC",50,"cliver",7.79069820267759
"4500",449.9,"Simu1","DIC",50,"cliver",7.4466805113788
"4501",450,"Simu1","DIC",50,"cliver",7.06086444117034
"4502",450.1,"Simu1","DIC",50,"cliver",6.63813590966403
"4503",450.2,"Simu1","DIC",50,"cliver",6.18289205303592
"4504",450.3,"Simu1","DIC",50,"cliver",5.69908856531753
"4505",450.4,"Simu1","DIC",50,"cliver",5.19028324750464
"4506",450.5,"Simu1","DIC",50,"cliver",4.65967665277199
"4507",450.6,"Simu1","DIC",50,"cliver",4.11014896050225
"4508",450.7,"Simu1","DIC",50,"cliver",3.54429501190753
"4509",450.8,"Simu1","DIC",50,"cliver",2.96446086833581
"4510",450.9,"Simu1","DIC",50,"cliver",2.37278425287925
"4511",451,"Simu1","DIC",50,"cliver",1.7712607256438
"4512",451.1,"Simu1","DIC",50,"cliver",1.16188948047362
"4513",451.2,"Simu1","DIC",50,"cliver",0.547323348981633
"4514",451.3,"Simu1","DIC",50,"cliver",0.00115068509623748
"4515",451.4,"Simu1","DIC",50,"cliver",0.00104072948962647
"4516",451.5,"Simu1","DIC",50,"cliver",0.000944762980347212
"4517",451.6,"Simu1","DIC",50,"cliver",0.000860032439931171
"4518",451.7,"Simu1","DIC",50,"cliver",0.000784950742709274
"4519",451.8,"Simu1","DIC",50,"cliver",0.000718229556480453
"4520",451.9,"Simu1","DIC",50,"cliver",0.000658734396397061
"4521",452,"Simu1","DIC",50,"cliver",0.000605544612159648
"4522",452.1,"Simu1","DIC",50,"cliver",0.000557948751225713
"4523",452.2,"Simu1","DIC",50,"cliver",0.000515168922039635
"4524",452.3,"Simu1","DIC",50,"cliver",0.000476681851131052
"4525",452.4,"Simu1","DIC",50,"cliver",0.000442024163221038
"4526",452.5,"Simu1","DIC",50,"cliver",0.000410721689045418
"4527",452.6,"Simu1","DIC",50,"cliver",0.000382416663228019
"4528",452.7,"Simu1","DIC",50,"cliver",0.00035679080400546
"4529",452.8,"Simu1","DIC",50,"cliver",0.000333540657577803
"4530",452.9,"Simu1","DIC",50,"cliver",0.000312456601074403
"4531",453,"Simu1","DIC",50,"cliver",0.00029322249478112
"4532",453.1,"Simu1","DIC",50,"cliver",0.000275841571568287
"4533",453.2,"Simu1","DIC",50,"cliver",0.00025970598979198
"4534",453.3,"Simu1","DIC",50,"cliver",0.000245551702062439
"4535",453.4,"Simu1","DIC",50,"cliver",0.000232045300449627
"4536",453.5,"Simu1","DIC",50,"cliver",0.000219909935953493
"4537",453.6,"Simu1","DIC",50,"cliver",0.000208797271763668
"4538",453.7,"Simu1","DIC",50,"cliver",0.000198612910598136
"4539",453.8,"Simu1","DIC",50,"cliver",0.000189269537602623
"4540",453.9,"Simu1","DIC",50,"cliver",0.000180688187896829
"4541",454,"Simu1","DIC",50,"cliver",0.00017279907928077
"4542",454.1,"Simu1","DIC",50,"cliver",0.00016553916357911
"4543",454.2,"Simu1","DIC",50,"cliver",0.000158851487386251
"4544",454.3,"Simu1","DIC",50,"cliver",0.000152684492495413
"4545",454.4,"Simu1","DIC",50,"cliver",0.000146991654610828
"4546",454.5,"Simu1","DIC",50,"cliver",0.000141731075094101
"4547",454.6,"Simu1","DIC",50,"cliver",0.000136864892290344
"4548",454.7,"Simu1","DIC",50,"cliver",0.000132358847416489
"4549",454.8,"Simu1","DIC",50,"cliver",0.000128181891536664
"4550",454.9,"Simu1","DIC",50,"cliver",0.000124305889526406
"4551",455,"Simu1","DIC",50,"cliver",0.000120705324694253
"4552",455.1,"Simu1","DIC",50,"cliver",0.000117357074188393
"4553",455.2,"Simu1","DIC",50,"cliver",0.000114240108140466
"4554",455.3,"Simu1","DIC",50,"cliver",0.000111335303399472
"4555",455.4,"Simu1","DIC",50,"cliver",0.000108625270379739
"4556",455.5,"Simu1","DIC",50,"cliver",0.000106094182481531
"4557",455.6,"Simu1","DIC",50,"cliver",0.000103727677618274
"4558",455.7,"Simu1","DIC",50,"cliver",0.000101512675131972
"4559",455.8,"Simu1","DIC",50,"cliver",9.94371879742234e-05
"4560",455.9,"Simu1","DIC",50,"cliver",9.74903982558063e-05
"4561",456,"Simu1","DIC",50,"cliver",0.000157440490293892
"4562",456.1,"Simu1","DIC",50,"cliver",0.177067619580967
"4563",456.2,"Simu1","DIC",50,"cliver",1.19534627281118
"4564",456.3,"Simu1","DIC",50,"cliver",2.52410507182804
"4565",456.4,"Simu1","DIC",50,"cliver",3.81915207410148
"4566",456.5,"Simu1","DIC",50,"cliver",4.96776250457834
"4567",456.6,"Simu1","DIC",50,"cliver",5.9420086936181
"4568",456.7,"Simu1","DIC",50,"cliver",6.74389924559463
"4569",456.8,"Simu1","DIC",50,"cliver",7.38527185622688
"4570",456.9,"Simu1","DIC",50,"cliver",7.88050443126545
"4571",457,"Simu1","DIC",50,"cliver",8.24393568646954
"4572",457.1,"Simu1","DIC",50,"cliver",8.48900871378856
"4573",457.2,"Simu1","DIC",50,"cliver",8.62804636195283
"4574",457.3,"Simu1","DIC",50,"cliver",8.67222994854634
"4575",457.4,"Simu1","DIC",50,"cliver",8.63167350590374
"4576",457.5,"Simu1","DIC",50,"cliver",8.5155084173658
"4577",457.6,"Simu1","DIC",50,"cliver",8.33197126804735
"4578",457.7,"Simu1","DIC",50,"cliver",8.08848813945542
"4579",457.8,"Simu1","DIC",50,"cliver",7.79175133206104
"4580",457.9,"Simu1","DIC",50,"cliver",7.44778665415745
"4581",458,"Simu1","DIC",50,"cliver",7.06202268541811
"4582",458.1,"Simu1","DIC",50,"cliver",6.63934352754284
"4583",458.2,"Simu1","DIC",50,"cliver",6.18414632510026
"4584",458.3,"Simu1","DIC",50,"cliver",5.70038942310426
"4585",458.4,"Simu1","DIC",50,"cliver",5.19163183470603
"4586",458.5,"Simu1","DIC",50,"cliver",4.66107238522763
"4587",458.6,"Simu1","DIC",50,"cliver",4.11159049098304
"4588",458.7,"Simu1","DIC",50,"cliver",3.54578184379673
"4589",458.8,"Simu1","DIC",50,"cliver",2.9659933126884
"4590",458.9,"Simu1","DIC",50,"cliver",2.37436428143642
"4591",459,"Simu1","DIC",50,"cliver",1.77288735808853
"4592",459.1,"Simu1","DIC",50,"cliver",1.16355625173905
"4593",459.2,"Simu1","DIC",50,"cliver",0.549020493364101
"4594",459.3,"Simu1","DIC",50,"cliver",0.0011516032473288
"4595",459.4,"Simu1","DIC",50,"cliver",0.00104131320027612
"4596",459.5,"Simu1","DIC",50,"cliver",0.000945326216498626
"4597",459.6,"Simu1","DIC",50,"cliver",0.000860578023800471
"4598",459.7,"Simu1","DIC",50,"cliver",0.00078548019836354
"4599",459.8,"Simu1","DIC",50,"cliver",0.000718744293225553
"4600",459.9,"Simu1","DIC",50,"cliver",0.000659239482385897
"4601",460,"Simu1","DIC",50,"cliver",0.000606036418462059
"4602",460.1,"Simu1","DIC",50,"cliver",0.000558428617064221
"4603",460.2,"Simu1","DIC",50,"cliver",0.000515635632080873
"4604",460.3,"Simu1","DIC",50,"cliver",0.000477133436293848
"4605",460.4,"Simu1","DIC",50,"cliver",0.000442521640353935
"4606",460.5,"Simu1","DIC",50,"cliver",0.000411150979590392
"4607",460.6,"Simu1","DIC",50,"cliver",0.000382858835521882
"4608",460.7,"Simu1","DIC",50,"cliver",0.000357271233268388
"4609",460.8,"Simu1","DIC",50,"cliver",0.000333924182316392
"4610",460.9,"Simu1","DIC",50,"cliver",0.000312903144140222
"4611",461,"Simu1","DIC",50,"cliver",0.000293695049185315
"4612",461.1,"Simu1","DIC",50,"cliver",0.000276155166140674
"4613",461.2,"Simu1","DIC",50,"cliver",0.000260300631523828
"4614",461.3,"Simu1","DIC",50,"cliver",0.000245738946705409
"4615",461.4,"Simu1","DIC",50,"cliver",0.000232463268994502
"4616",461.5,"Simu1","DIC",50,"cliver",0.000220323946781639
"4617",461.6,"Simu1","DIC",50,"cliver",0.000209248832718816
"4618",461.7,"Simu1","DIC",50,"cliver",0.00019896883201716
"4619",461.8,"Simu1","DIC",50,"cliver",0.000189850646903982
"4620",461.9,"Simu1","DIC",50,"cliver",0.00018108371969493
"4621",462,"Simu1","DIC",50,"cliver",0.000173108512845973
"4622",462.1,"Simu1","DIC",50,"cliver",0.000166034532592855
"4623",462.2,"Simu1","DIC",50,"cliver",0.000159028043759629
"4624",462.3,"Simu1","DIC",50,"cliver",0.00015305858692337
"4625",462.4,"Simu1","DIC",50,"cliver",0.000147372348388121
"4626",462.5,"Simu1","DIC",50,"cliver",0.000142052978011718
"4627",462.6,"Simu1","DIC",50,"cliver",0.000137294413120509
"4628",462.7,"Simu1","DIC",50,"cliver",0.000132717558906588
"4629",462.8,"Simu1","DIC",50,"cliver",0.000128546217334702
"4630",462.9,"Simu1","DIC",50,"cliver",0.000124460626319449
"4631",463,"Simu1","DIC",50,"cliver",0.000121076436036496
"4632",463.1,"Simu1","DIC",50,"cliver",0.000117740974538771
"4633",463.2,"Simu1","DIC",50,"cliver",0.000114622755824474
"4634",463.3,"Simu1","DIC",50,"cliver",0.000111718177751407
"4635",463.4,"Simu1","DIC",50,"cliver",0.000109006422513623
"4636",463.5,"Simu1","DIC",50,"cliver",0.00010647479133682
"4637",463.6,"Simu1","DIC",50,"cliver",0.000104107529579246
"4638",463.7,"Simu1","DIC",50,"cliver",0.000101891681869297
"4639",463.8,"Simu1","DIC",50,"cliver",9.9815400420401e-05
"4640",463.9,"Simu1","DIC",50,"cliver",9.78677627630966e-05
"4641",464,"Simu1","DIC",50,"cliver",0.000157825252106275
"4642",464.1,"Simu1","DIC",50,"cliver",0.177092006875531
"4643",464.2,"Simu1","DIC",50,"cliver",1.19542930330026
"4644",464.3,"Simu1","DIC",50,"cliver",2.52424600017325
"4645",464.4,"Simu1","DIC",50,"cliver",3.81935075578401
"4646",464.5,"Simu1","DIC",50,"cliver",4.96801816903042
"4647",464.6,"Simu1","DIC",50,"cliver",5.94232072091055
"4648",464.7,"Simu1","DIC",50,"cliver",6.74426684363597
"4649",464.8,"Simu1","DIC",50,"cliver",7.38569435136352
"4650",464.9,"Simu1","DIC",50,"cliver",7.88098171805972
"4651",465,"Simu1","DIC",50,"cliver",8.24446690743133
"4652",465.1,"Simu1","DIC",50,"cliver",8.4895945319682
"4653",465.2,"Simu1","DIC",50,"cliver",8.62868293846783
"4654",465.3,"Simu1","DIC",50,"cliver",8.67291886471468
"4655",465.4,"Simu1","DIC",50,"cliver",8.63241316714326
"4656",465.5,"Simu1","DIC",50,"cliver",8.5162983612564
"4657",465.6,"Simu1","DIC",50,"cliver",8.33281127643575
"4658",465.7,"Simu1","DIC",50,"cliver",8.08937711241534
"4659",465.8,"Simu1","DIC",50,"cliver",7.79268836663471
"4660",465.9,"Simu1","DIC",50,"cliver",7.44877382759511
"4661",466,"Simu1","DIC",50,"cliver",7.06305928496443
"4662",466.1,"Simu1","DIC",50,"cliver",6.64042985999659
"4663",466.2,"Simu1","DIC",50,"cliver",6.18528309124312
"4664",466.3,"Simu1","DIC",50,"cliver",5.70157166712653
"4665",466.4,"Simu1","DIC",50,"cliver",5.19285623915934
"4666",466.5,"Simu1","DIC",50,"cliver",4.66234063205485
"4667",466.6,"Simu1","DIC",50,"cliver",4.11290436075018
"4668",466.7,"Simu1","DIC",50,"cliver",3.54714075435373
"4669",466.8,"Simu1","DIC",50,"cliver",2.96739568144186
"4670",466.9,"Simu1","DIC",50,"cliver",2.37580909308947
"4671",467,"Simu1","DIC",50,"cliver",1.77437414621504
"4672",467.1,"Simu1","DIC",50,"cliver",1.16508356750904
"4673",467.2,"Simu1","DIC",50,"cliver",0.55058187499835
"4674",467.3,"Simu1","DIC",50,"cliver",0.00115256509916479
"4675",467.4,"Simu1","DIC",50,"cliver",0.0010418756740313
"4676",467.5,"Simu1","DIC",50,"cliver",0.000945869238362632
"4677",467.6,"Simu1","DIC",50,"cliver",0.000861104069403651
"4678",467.7,"Simu1","DIC",50,"cliver",0.000785991192127707
"4679",467.8,"Simu1","DIC",50,"cliver",0.000719241757971082
"4680",467.9,"Simu1","DIC",50,"cliver",0.000659725902684678
"4681",468,"Simu1","DIC",50,"cliver",0.000606511831281196
"4682",468.1,"Simu1","DIC",50,"cliver",0.000558893877128986
"4683",468.2,"Simu1","DIC",50,"cliver",0.000516094162766085
"4684",468.3,"Simu1","DIC",50,"cliver",0.000477583475761175
"4685",468.4,"Simu1","DIC",50,"cliver",0.000442963840780729
"4686",468.5,"Simu1","DIC",50,"cliver",0.000411590930310574
"4687",468.6,"Simu1","DIC",50,"cliver",0.000383285127447299
"4688",468.7,"Simu1","DIC",50,"cliver",0.000357693690255828
"4689",468.8,"Simu1","DIC",50,"cliver",0.000334352554582018
"4690",468.9,"Simu1","DIC",50,"cliver",0.000313316298203771
"4691",469,"Simu1","DIC",50,"cliver",0.000294104727756999
"4692",469.1,"Simu1","DIC",50,"cliver",0.00027656915653209
"4693",469.2,"Simu1","DIC",50,"cliver",0.000260705951623443
"4694",469.3,"Simu1","DIC",50,"cliver",0.000246140633492011
"4695",469.4,"Simu1","DIC",50,"cliver",0.000232862074990725
"4696",469.5,"Simu1","DIC",50,"cliver",0.000220719718671674
"4697",469.6,"Simu1","DIC",50,"cliver",0.000209628133302022
"4698",469.7,"Simu1","DIC",50,"cliver",0.000199380573021316
"4699",469.8,"Simu1","DIC",50,"cliver",0.000190167162599169
"4700",469.9,"Simu1","DIC",50,"cliver",0.000181481837676051
"4701",470,"Simu1","DIC",50,"cliver",0.00017353003968126
"4702",470.1,"Simu1","DIC",50,"cliver",0.000166377328187895
"4703",470.2,"Simu1","DIC",50,"cliver",0.000159512283940042
"4704",470.3,"Simu1","DIC",50,"cliver",0.000153424076005328
"4705",470.4,"Simu1","DIC",50,"cliver",0.000147861198279532
"4706",470.5,"Simu1","DIC",50,"cliver",0.000142428720644124
"4707",470.6,"Simu1","DIC",50,"cliver",0.000137609226488015
"4708",470.7,"Simu1","DIC",50,"cliver",0.0001332234157379
"4709",470.8,"Simu1","DIC",50,"cliver",0.000128871741428759
"4710",470.9,"Simu1","DIC",50,"cliver",0.00012503449157532
"4711",471,"Simu1","DIC",50,"cliver",0.000121579218024604
"4712",471.1,"Simu1","DIC",50,"cliver",0.00011820822767784
"4713",471.2,"Simu1","DIC",50,"cliver",0.000114932940779606
"4714",471.3,"Simu1","DIC",50,"cliver",0.000112103378471472
"4715",471.4,"Simu1","DIC",50,"cliver",0.000109388677054631
"4716",471.5,"Simu1","DIC",50,"cliver",0.000106894594565781
"4717",471.6,"Simu1","DIC",50,"cliver",0.000104419819495004
"4718",471.7,"Simu1","DIC",50,"cliver",0.000102333345202128
"4719",471.8,"Simu1","DIC",50,"cliver",0.000100031913821703
"4720",471.9,"Simu1","DIC",50,"cliver",9.82358130270088e-05
"4721",472,"Simu1","DIC",50,"cliver",0.000158200117097412
"4722",472.1,"Simu1","DIC",50,"cliver",0.17711546508155
"4723",472.2,"Simu1","DIC",50,"cliver",1.1955074261729
"4724",472.3,"Simu1","DIC",50,"cliver",2.52437898068118
"4725",472.4,"Simu1","DIC",50,"cliver",3.81953739539282
"4726",472.5,"Simu1","DIC",50,"cliver",4.96825794957878
"4727",472.6,"Simu1","DIC",50,"cliver",5.94261302136335
"4728",472.7,"Simu1","DIC",50,"cliver",6.74461124951723
"4729",472.8,"Simu1","DIC",50,"cliver",7.38609052772333
"4730",472.9,"Simu1","DIC",50,"cliver",7.88142863740956
"4731",473,"Simu1","DIC",50,"cliver",8.2449655830722
"4732",473.1,"Simu1","DIC",50,"cliver",8.49014828403249
"4733",473.2,"Simu1","DIC",50,"cliver",8.62929086191036
"4734",473.3,"Simu1","DIC",50,"cliver",8.67357021259657
"4735",473.4,"Simu1","DIC",50,"cliver",8.63311210706458
"4736",473.5,"Simu1","DIC",50,"cliver",8.51704002301887
"4737",473.6,"Simu1","DIC",50,"cliver",8.33360305372035
"4738",473.7,"Simu1","DIC",50,"cliver",8.09021699815693
"4739",473.8,"Simu1","DIC",50,"cliver",7.79357384944262
"4740",473.9,"Simu1","DIC",50,"cliver",7.44970386582902
"4741",474,"Simu1","DIC",50,"cliver",7.06403400271687
"4742",474.1,"Simu1","DIC",50,"cliver",6.64144969187217
"4743",474.2,"Simu1","DIC",50,"cliver",6.18634566672205
"4744",474.3,"Simu1","DIC",50,"cliver",5.70267843995003
"4745",474.4,"Simu1","DIC",50,"cliver",5.19400962630888
"4746",474.5,"Simu1","DIC",50,"cliver",4.66353985579121
"4747",474.6,"Simu1","DIC",50,"cliver",4.11414740284589
"4748",474.7,"Simu1","DIC",50,"cliver",3.54842670637535
"4749",474.8,"Simu1","DIC",50,"cliver",2.9687245526906
"4750",474.9,"Simu1","DIC",50,"cliver",2.37718070319869
"4751",475,"Simu1","DIC",50,"cliver",1.77578736530413
"4752",475.1,"Simu1","DIC",50,"cliver",1.16653654794237
"4753",475.2,"Simu1","DIC",50,"cliver",0.552068536093893
"4754",475.3,"Simu1","DIC",50,"cliver",0.00115355477005179
"4755",475.4,"Simu1","DIC",50,"cliver",0.0010424222737563
"4756",475.5,"Simu1","DIC",50,"cliver",0.000946396898829579
"4757",475.6,"Simu1","DIC",50,"cliver",0.000861615009991134
"4758",475.7,"Simu1","DIC",50,"cliver",0.000786487683070212
"4759",475.8,"Simu1","DIC",50,"cliver",0.000719725957852075
"4760",475.9,"Simu1","DIC",50,"cliver",0.000660196902867569
"4761",476,"Simu1","DIC",50,"cliver",0.000606973727621025
"4762",476.1,"Simu1","DIC",50,"cliver",0.000559348394911056
"4763",476.2,"Simu1","DIC",50,"cliver",0.000516536290898844
"4764",476.3,"Simu1","DIC",50,"cliver",0.000478020125061061
"4765",476.4,"Simu1","DIC",50,"cliver",0.000443396167477477
"4766",476.5,"Simu1","DIC",50,"cliver",0.000412006323360092
"4767",476.6,"Simu1","DIC",50,"cliver",0.000383710733372607
"4768",476.7,"Simu1","DIC",50,"cliver",0.00035811763490982
"4769",476.8,"Simu1","DIC",50,"cliver",0.000334741414273562
"4770",476.9,"Simu1","DIC",50,"cliver",0.000313730205171486
"4771",477,"Simu1","DIC",50,"cliver",0.000294515045329882
"4772",477.1,"Simu1","DIC",50,"cliver",0.00027695483917239
"4773",477.2,"Simu1","DIC",50,"cliver",0.00026109981616428
"4774",477.3,"Simu1","DIC",50,"cliver",0.000246529228297133
"4775",477.4,"Simu1","DIC",50,"cliver",0.000233254646117356
"4776",477.5,"Simu1","DIC",50,"cliver",0.000221111938570931
"4777",477.6,"Simu1","DIC",50,"cliver",0.000210063795789732
"4778",477.7,"Simu1","DIC",50,"cliver",0.000199659114729708
"4779",477.8,"Simu1","DIC",50,"cliver",0.000190460069465514
"4780",477.9,"Simu1","DIC",50,"cliver",0.000181927738611551
"4781",478,"Simu1","DIC",50,"cliver",0.000173878506338907
"4782",478.1,"Simu1","DIC",50,"cliver",0.000166923006479326
"4783",478.2,"Simu1","DIC",50,"cliver",0.000160012727383382
"4784",478.3,"Simu1","DIC",50,"cliver",0.000153676060173863
"4785",478.4,"Simu1","DIC",50,"cliver",0.000148294022206681
"4786",478.5,"Simu1","DIC",50,"cliver",0.000142865524886715
"4787",478.6,"Simu1","DIC",50,"cliver",0.000137829177776032
"4788",478.7,"Simu1","DIC",50,"cliver",0.000133591956326582
"4789",478.8,"Simu1","DIC",50,"cliver",0.00012919921799888
"4790",478.9,"Simu1","DIC",50,"cliver",0.000125531341921179
"4791",479,"Simu1","DIC",50,"cliver",0.000121719316515365
"4792",479.1,"Simu1","DIC",50,"cliver",0.000118575299527886
"4793",479.2,"Simu1","DIC",50,"cliver",0.000115245721758015
"4794",479.3,"Simu1","DIC",50,"cliver",0.000112482185760296
"4795",479.4,"Simu1","DIC",50,"cliver",0.000109726271706353
"4796",479.5,"Simu1","DIC",50,"cliver",0.00010720268460045
"4797",479.6,"Simu1","DIC",50,"cliver",0.000104831531961569
"4798",479.7,"Simu1","DIC",50,"cliver",0.000102615675648145
"4799",479.8,"Simu1","DIC",50,"cliver",0.000100537336472737
"4800",479.9,"Simu1","DIC",50,"cliver",9.85886347168197e-05
"4801",480,"Simu1","DIC",50,"cliver",0.000158563034266486
"4802",480.1,"Simu1","DIC",50,"cliver",0.177138854803743
"4803",480.2,"Simu1","DIC",50,"cliver",1.19558689044266
"4804",480.3,"Simu1","DIC",50,"cliver",2.52451366365751
"4805",480.4,"Simu1","DIC",50,"cliver",3.81972703912222
"4806",480.5,"Simu1","DIC",50,"cliver",4.96850167901551
"4807",480.6,"Simu1","DIC",50,"cliver",5.94291026825386
"4808",480.7,"Simu1","DIC",50,"cliver",6.74496126483338
"4809",480.8,"Simu1","DIC",50,"cliver",7.38649281175261
"4810",480.9,"Simu1","DIC",50,"cliver",7.881881767859
"4811",481,"Simu1","DIC",50,"cliver",8.24546849888028
"4812",481.1,"Simu1","DIC",50,"cliver",8.49069401331089
"4813",481.2,"Simu1","DIC",50,"cliver",8.62988364135558
"4814",481.3,"Simu1","DIC",50,"cliver",8.67421689825033
"4815",481.4,"Simu1","DIC",50,"cliver",8.63380765271543
"4816",481.5,"Simu1","DIC",50,"cliver",8.51778435187567
"4817",481.6,"Simu1","DIC",50,"cliver",8.33438570141177
"4818",481.7,"Simu1","DIC",50,"cliver",8.09103656630187
"4819",481.8,"Simu1","DIC",50,"cliver",7.79443607141499
"4820",481.9,"Simu1","DIC",50,"cliver",7.4506179326061
"4821",482,"Simu1","DIC",50,"cliver",7.06499429519004
"4822",482.1,"Simu1","DIC",50,"cliver",6.64245497827364
"4823",482.2,"Simu1","DIC",50,"cliver",6.18739938015256
"4824",482.3,"Simu1","DIC",50,"cliver",5.70378206883228
"4825",482.4,"Simu1","DIC",50,"cliver",5.19515971065417
"4826",482.5,"Simu1","DIC",50,"cliver",4.66473219206972
"4827",482.6,"Simu1","DIC",50,"cliver",4.1153816717471
"4828",482.7,"Simu1","DIC",50,"cliver",3.54970394309929
"4829",482.8,"Simu1","DIC",50,"cliver",2.97004417076489
"4830",482.9,"Simu1","DIC",50,"cliver",2.37854115703044
"4831",483,"Simu1","DIC",50,"cliver",1.77718810631349
"4832",483.1,"Simu1","DIC",50,"cliver",1.16797596168128
"4833",483.2,"Simu1","DIC",50,"cliver",0.55354045690794
"4834",483.3,"Simu1","DIC",50,"cliver",0.00115466367672575
"4835",483.4,"Simu1","DIC",50,"cliver",0.00104295546497409
"4836",483.5,"Simu1","DIC",50,"cliver",0.000946911387057061
"4837",483.6,"Simu1","DIC",50,"cliver",0.000862113130829433
"4838",483.7,"Simu1","DIC",50,"cliver",0.000786971395846392
"4839",483.8,"Simu1","DIC",50,"cliver",0.000720196949304543
"4840",483.9,"Simu1","DIC",50,"cliver",0.000660656577532974
"4841",484,"Simu1","DIC",50,"cliver",0.00060742328594353
"4842",484.1,"Simu1","DIC",50,"cliver",0.000559788980531913
"4843",484.2,"Simu1","DIC",50,"cliver",0.000516968706350837
"4844",484.3,"Simu1","DIC",50,"cliver",0.000478445158852877
"4845",484.4,"Simu1","DIC",50,"cliver",0.000443814796016036
"4846",484.5,"Simu1","DIC",50,"cliver",0.000412418548419015
"4847",484.6,"Simu1","DIC",50,"cliver",0.00038411775928924
"4848",484.7,"Simu1","DIC",50,"cliver",0.000358520379808619
"4849",484.8,"Simu1","DIC",50,"cliver",0.000335138025373113
"4850",484.9,"Simu1","DIC",50,"cliver",0.000314123851760971
"4851",485,"Simu1","DIC",50,"cliver",0.000294905368276185
"4852",485.1,"Simu1","DIC",50,"cliver",0.000277340243452634
"4853",485.2,"Simu1","DIC",50,"cliver",0.000261482836031941
"4854",485.3,"Simu1","DIC",50,"cliver",0.000246908781606599
"4855",485.4,"Simu1","DIC",50,"cliver",0.0002336321566187
"4856",485.5,"Simu1","DIC",50,"cliver",0.000221487139590376
"4857",485.6,"Simu1","DIC",50,"cliver",0.000210439810390411
"4858",485.7,"Simu1","DIC",50,"cliver",0.000200021799691875
"4859",485.8,"Simu1","DIC",50,"cliver",0.000190829818345064
"4860",485.9,"Simu1","DIC",50,"cliver",0.000182297774678782
"4861",486,"Simu1","DIC",50,"cliver",0.000174216564339421
"4862",486.1,"Simu1","DIC",50,"cliver",0.000167087231210106
"4863",486.2,"Simu1","DIC",50,"cliver",0.000160442268662395
"4864",486.3,"Simu1","DIC",50,"cliver",0.000154084091339456
"4865",486.4,"Simu1","DIC",50,"cliver",0.000148515266203598
"4866",486.5,"Simu1","DIC",50,"cliver",0.000143311815563096
"4867",486.6,"Simu1","DIC",50,"cliver",0.000138245963824252
"4868",486.7,"Simu1","DIC",50,"cliver",0.000133859396033174
"4869",486.8,"Simu1","DIC",50,"cliver",0.000129762834091123
"4870",486.9,"Simu1","DIC",50,"cliver",0.000125667342016405
"4871",487,"Simu1","DIC",50,"cliver",0.000122180416842714
"4872",487.1,"Simu1","DIC",50,"cliver",0.000118947794285954
"4873",487.2,"Simu1","DIC",50,"cliver",0.000115591303514825
"4874",487.3,"Simu1","DIC",50,"cliver",0.00011285191271507
"4875",487.4,"Simu1","DIC",50,"cliver",0.000110065745129923
"4876",487.5,"Simu1","DIC",50,"cliver",0.000107554610558213
"4877",487.6,"Simu1","DIC",50,"cliver",0.000105182971880627
"4878",487.7,"Simu1","DIC",50,"cliver",0.000102988013667241
"4879",487.8,"Simu1","DIC",50,"cliver",0.000100880008171749
"4880",487.9,"Simu1","DIC",50,"cliver",9.89331040447594e-05
"4881",488,"Simu1","DIC",50,"cliver",0.000158915389194905
"4882",488.1,"Simu1","DIC",50,"cliver",0.17716118582166
"4883",488.2,"Simu1","DIC",50,"cliver",1.19566239587251
"4884",488.3,"Simu1","DIC",50,"cliver",2.52464223621066
"4885",488.4,"Simu1","DIC",50,"cliver",3.81990805424249
"4886",488.5,"Simu1","DIC",50,"cliver",4.96873448233894
"4887",488.6,"Simu1","DIC",50,"cliver",5.94319421838865
"4888",488.7,"Simu1","DIC",50,"cliver",6.74529573372196
"4889",488.8,"Simu1","DIC",50,"cliver",7.38687687426603
"4890",488.9,"Simu1","DIC",50,"cliver",7.88231547052766
"4891",489,"Simu1","DIC",50,"cliver",8.24595099219671
"4892",489.1,"Simu1","DIC",50,"cliver",8.49122812050418
"4893",489.2,"Simu1","DIC",50,"cliver",8.63046492254911
"4894",489.3,"Simu1","DIC",50,"cliver",8.67484497547988
"4895",489.4,"Simu1","DIC",50,"cliver",8.63448268317434
"4896",489.5,"Simu1","DIC",50,"cliver",8.51850943776279
"4897",489.6,"Simu1","DIC",50,"cliver",8.33516202346273
"4898",489.7,"Simu1","DIC",50,"cliver",8.09186588728853
"4899",489.8,"Simu1","DIC",50,"cliver",7.7953128104106
"4900",489.9,"Simu1","DIC",50,"cliver",7.45153088386949
"4901",490,"Simu1","DIC",50,"cliver",7.06594801708521
"4902",490.1,"Simu1","DIC",50,"cliver",6.64345016920709
"4903",490.2,"Simu1","DIC",50,"cliver",6.18843453434013
"4904",490.3,"Simu1","DIC",50,"cliver",5.70485686368217
"4905",490.4,"Simu1","DIC",50,"cliver",5.19627500190724
"4906",490.5,"Simu1","DIC",50,"cliver",4.66588949602648
"4907",490.6,"Simu1","DIC",50,"cliver",4.11658050361948
"4908",490.7,"Simu1","DIC",50,"cliver",3.55094280758744
"4909",490.8,"Simu1","DIC",50,"cliver",2.97132239738724
"4910",490.9,"Simu1","DIC",50,"cliver",2.37985731069116
"4911",491,"Simu1","DIC",50,"cliver",1.77853970398801
"4912",491.1,"Simu1","DIC",50,"cliver",1.16936424282485
"4913",491.2,"Simu1","DIC",50,"cliver",0.554961425205933
"4914",491.3,"Simu1","DIC",50,"cliver",0.00115589991589358
"4915",491.4,"Simu1","DIC",50,"cliver",0.00104346884217141
"4916",491.5,"Simu1","DIC",50,"cliver",0.000947407219820732
"4917",491.6,"Simu1","DIC",50,"cliver",0.000862593239342888
"4918",491.7,"Simu1","DIC",50,"cliver",0.000787438160793693
"4919",491.8,"Simu1","DIC",50,"cliver",0.000720653084119302
"4920",491.9,"Simu1","DIC",50,"cliver",0.000661098333244898
"4921",492,"Simu1","DIC",50,"cliver",0.000607858439264676
"4922",492.1,"Simu1","DIC",50,"cliver",0.000560218571349748
"4923",492.2,"Simu1","DIC",50,"cliver",0.000517394827370312
"4924",492.3,"Simu1","DIC",50,"cliver",0.000478870789498524
"4925",492.4,"Simu1","DIC",50,"cliver",0.000444178438545928
"4926",492.5,"Simu1","DIC",50,"cliver",0.000412846847768411
"4927",492.6,"Simu1","DIC",50,"cliver",0.000384513149498122
"4928",492.7,"Simu1","DIC",50,"cliver",0.000358862459752388
"4929",492.8,"Simu1","DIC",50,"cliver",0.000335588752385504
"4930",492.9,"Simu1","DIC",50,"cliver",0.000314484692164654
"4931",493,"Simu1","DIC",50,"cliver",0.000295227947984857
"4932",493.1,"Simu1","DIC",50,"cliver",0.000277835291958478
"4933",493.2,"Simu1","DIC",50,"cliver",0.000261669157491646
"4934",493.3,"Simu1","DIC",50,"cliver",0.00024731131278764
"4935",493.4,"Simu1","DIC",50,"cliver",0.000233988137771849
"4936",493.5,"Simu1","DIC",50,"cliver",0.000221840679397748
"4937",493.6,"Simu1","DIC",50,"cliver",0.000210716018405573
"4938",493.7,"Simu1","DIC",50,"cliver",0.000200520400713912
"4939",493.8,"Simu1","DIC",50,"cliver",0.000191166568584802
"4940",493.9,"Simu1","DIC",50,"cliver",0.000182575491269436
"4941",494,"Simu1","DIC",50,"cliver",0.000174677272890343
"4942",494.1,"Simu1","DIC",50,"cliver",0.000167408854741356
"4943",494.2,"Simu1","DIC",50,"cliver",0.000160713226789586
"4944",494.3,"Simu1","DIC",50,"cliver",0.000154538759517167
"4945",494.4,"Simu1","DIC",50,"cliver",0.000148838910118967
"4946",494.5,"Simu1","DIC",50,"cliver",0.000143571730741886
"4947",494.6,"Simu1","DIC",50,"cliver",0.000138699336447525
"4948",494.7,"Simu1","DIC",50,"cliver",0.00013418742929285
"4949",494.8,"Simu1","DIC",50,"cliver",0.000130004939270273
"4950",494.9,"Simu1","DIC",50,"cliver",0.000126123700236035
"4951",495,"Simu1","DIC",50,"cliver",0.000122518177880521
"4952",495.1,"Simu1","DIC",50,"cliver",0.000119165224967634
"4953",495.2,"Simu1","DIC",50,"cliver",0.000116043793466556
"4954",495.3,"Simu1","DIC",50,"cliver",0.000113134744833618
"4955",495.4,"Simu1","DIC",50,"cliver",0.000110420668679385
"4956",495.5,"Simu1","DIC",50,"cliver",0.000107885726429358
"4957",495.6,"Simu1","DIC",50,"cliver",0.000105515547709369
"4958",495.7,"Simu1","DIC",50,"cliver",0.000103297031952305
"4959",495.8,"Simu1","DIC",50,"cliver",0.000101218181700515
"4960",495.9,"Simu1","DIC",50,"cliver",9.92681227433562e-05
"4961",496,"Simu1","DIC",50,"cliver",0.000159255301661696
"4962",496.1,"Simu1","DIC",50,"cliver",0.177182640401657
"4963",496.2,"Simu1","DIC",50,"cliver",1.19573572513477
"4964",496.3,"Simu1","DIC",50,"cliver",2.52476776183758
"4965",496.4,"Simu1","DIC",50,"cliver",3.82008532659468
"4966",496.5,"Simu1","DIC",50,"cliver",4.96896292388511
"4967",496.6,"Simu1","DIC",50,"cliver",5.94347306828423
"4968",496.7,"Simu1","DIC",50,"cliver",6.74562424814441
"4969",496.8,"Simu1","DIC",50,"cliver",7.38725517159499
"4970",496.9,"Simu1","DIC",50,"cliver",7.88274231293763
"4971",497,"Simu1","DIC",50,"cliver",8.24642531495333
"4972",497.1,"Simu1","DIC",50,"cliver",8.4917502325062
"4973",497.2,"Simu1","DIC",50,"cliver",8.63102991003353
"4974",497.3,"Simu1","DIC",50,"cliver",8.67545258064807
"4975",497.4,"Simu1","DIC",50,"cliver",8.63513595854527
"4976",497.5,"Simu1","DIC",50,"cliver",8.51920323204271
"4977",497.6,"Simu1","DIC",50,"cliver",8.33589173384766
"4978",497.7,"Simu1","DIC",50,"cliver",8.09263998480765
"4979",497.8,"Simu1","DIC",50,"cliver",7.79614004094566
"4980",497.9,"Simu1","DIC",50,"cliver",7.45240343906888
"4981",498,"Simu1","DIC",50,"cliver",7.06686447640799
"4982",498.1,"Simu1","DIC",50,"cliver",6.64441137923691
"4983",498.2,"Simu1","DIC",50,"cliver",6.18943959880093
"4984",498.3,"Simu1","DIC",50,"cliver",5.70590491724958
"4985",498.4,"Simu1","DIC",50,"cliver",5.19736285378845
"4986",498.5,"Simu1","DIC",50,"cliver",4.66701527793604
"4987",498.6,"Simu1","DIC",50,"cliver",4.117745310818
"4988",498.7,"Simu1","DIC",50,"cliver",3.55214785157144
"4989",498.8,"Simu1","DIC",50,"cliver",2.97256741973843
"4990",498.9,"Simu1","DIC",50,"cliver",2.38114252306824
"4991",499,"Simu1","DIC",50,"cliver",1.77986571906349
"4992",499.1,"Simu1","DIC",50,"cliver",1.1707267860094
"4993",499.2,"Simu1","DIC",50,"cliver",0.556353031652843
"4994",499.3,"Simu1","DIC",50,"cliver",0.00115750665290213
"4995",499.4,"Simu1","DIC",50,"cliver",0.00104397062035568
"4996",499.5,"Simu1","DIC",50,"cliver",0.000947891300221652
"4997",499.6,"Simu1","DIC",50,"cliver",0.000863062330009847
"4998",499.7,"Simu1","DIC",50,"cliver",0.000787893287652548
"4999",499.8,"Simu1","DIC",50,"cliver",0.000721094277462327
"5000",499.9,"Simu1","DIC",50,"cliver",0.000661534204451656
"5001",500,"Simu1","DIC",50,"cliver",0.000608280713242579
"5002",500.1,"Simu1","DIC",50,"cliver",0.000560627835004188
"5003",500.2,"Simu1","DIC",50,"cliver",0.000517796058647073
"5004",500.3,"Simu1","DIC",50,"cliver",0.000479256577649945
"5005",500.4,"Simu1","DIC",50,"cliver",0.000444612174576297
"5006",500.5,"Simu1","DIC",50,"cliver",0.000413214104470805
"5007",500.6,"Simu1","DIC",50,"cliver",0.000384889828633608
"5008",500.7,"Simu1","DIC",50,"cliver",0.000359279907393984
"5009",500.8,"Simu1","DIC",50,"cliver",0.000335914256069831
"5010",500.9,"Simu1","DIC",50,"cliver",0.000314867436901701
"5011",501,"Simu1","DIC",50,"cliver",0.000295642681961154
"5012",501.1,"Simu1","DIC",50,"cliver",0.000278085792963985
"5013",501.2,"Simu1","DIC",50,"cliver",0.000262215954885219
"5014",501.3,"Simu1","DIC",50,"cliver",0.00024763846717835
"5015",501.4,"Simu1","DIC",50,"cliver",0.000234348781893748
"5016",501.5,"Simu1","DIC",50,"cliver",0.000222196646945738
"5017",501.6,"Simu1","DIC",50,"cliver",0.000211106230120534
"5018",501.7,"Simu1","DIC",50,"cliver",0.000200825403805316
"5019",501.8,"Simu1","DIC",50,"cliver",0.000191667993489934
"5020",501.9,"Simu1","DIC",50,"cliver",0.000182921378584762
"5021",502,"Simu1","DIC",50,"cliver",0.000174940889512555
"5022",502.1,"Simu1","DIC",50,"cliver",0.000167835169940206
"5023",502.2,"Simu1","DIC",50,"cliver",0.00016086889206291
"5024",502.3,"Simu1","DIC",50,"cliver",0.00015483030637893
"5025",502.4,"Simu1","DIC",50,"cliver",0.000149324844817738
"5026",502.5,"Simu1","DIC",50,"cliver",0.000143790948806686
"5027",502.6,"Simu1","DIC",50,"cliver",0.000139004391397219
"5028",502.7,"Simu1","DIC",50,"cliver",0.000134677133579057
"5029",502.8,"Simu1","DIC",50,"cliver",0.000130219401957976
"5030",502.9,"Simu1","DIC",50,"cliver",0.000126410095743395
"5031",503,"Simu1","DIC",50,"cliver",0.000123019543268595
"5032",503.1,"Simu1","DIC",50,"cliver",0.000119379330470207
"5033",503.2,"Simu1","DIC",50,"cliver",0.000116296584972583
"5034",503.3,"Simu1","DIC",50,"cliver",0.000113495157884021
"5035",503.4,"Simu1","DIC",50,"cliver",0.000110727872331311
"5036",503.5,"Simu1","DIC",50,"cliver",0.000108223353691401
"5037",503.6,"Simu1","DIC",50,"cliver",0.000105835414520415
"5038",503.7,"Simu1","DIC",50,"cliver",0.000103629723022232
"5039",503.8,"Simu1","DIC",50,"cliver",0.000101540173854727
"5040",503.9,"Simu1","DIC",50,"cliver",9.95932697309871e-05
"5041",504,"Simu1","DIC",50,"cliver",0.000159588706731865
"5042",504.1,"Simu1","DIC",50,"cliver",0.177203470980752
"5043",504.2,"Simu1","DIC",50,"cliver",1.19580495661123
"5044",504.3,"Simu1","DIC",50,"cliver",2.52488560339384
"5045",504.4,"Simu1","DIC",50,"cliver",3.82025064728555
"5046",504.5,"Simu1","DIC",50,"cliver",4.96917527432247
"5047",504.6,"Simu1","DIC",50,"cliver",5.94373189539333
"5048",504.7,"Simu1","DIC",50,"cliver",6.74592920482369
"5049",504.8,"Simu1","DIC",50,"cliver",7.38760516816681
"5050",504.9,"Simu1","DIC",50,"cliver",7.88313757815872
"5051",505,"Simu1","DIC",50,"cliver",8.24686517484596
"5052",505.1,"Simu1","DIC",50,"cliver",8.49223724438723
"5053",505.2,"Simu1","DIC",50,"cliver",8.63156246742662
"5054",505.3,"Simu1","DIC",50,"cliver",8.67602916404551
"5055",505.4,"Simu1","DIC",50,"cliver",8.63575383386724
"5056",505.5,"Simu1","DIC",50,"cliver",8.51987058100519
"5057",505.6,"Simu1","DIC",50,"cliver",8.33661024736198
"5058",505.7,"Simu1","DIC",50,"cliver",8.09340145719919
"5059",505.8,"Simu1","DIC",50,"cliver",7.79693524358942
"5060",505.9,"Simu1","DIC",50,"cliver",7.45324045062363
"5061",506,"Simu1","DIC",50,"cliver",7.06774378687251
"5062",506.1,"Simu1","DIC",50,"cliver",6.64533115520858
"5063",506.2,"Simu1","DIC",50,"cliver",6.19039904193707
"5064",506.3,"Simu1","DIC",50,"cliver",5.70690097152197
"5065",506.4,"Simu1","DIC",50,"cliver",5.1983958910757
"5066",506.5,"Simu1","DIC",50,"cliver",4.66808730367114
"5067",506.6,"Simu1","DIC",50,"cliver",4.1188565083722
"5068",506.7,"Simu1","DIC",50,"cliver",3.5532968263235
"5069",506.8,"Simu1","DIC",50,"cliver",2.97375327644576
"5070",506.9,"Simu1","DIC",50,"cliver",2.38236491494287
"5071",507,"Simu1","DIC",50,"cliver",1.78112367444741
"5072",507.1,"Simu1","DIC",50,"cliver",1.17201829895154
"5073",507.2,"Simu1","DIC",50,"cliver",0.557677781561016
"5074",507.3,"Simu1","DIC",50,"cliver",0.00115904704760393
"5075",507.4,"Simu1","DIC",50,"cliver",0.00104445310923379
"5076",507.5,"Simu1","DIC",50,"cliver",0.00094835731363419
"5077",507.6,"Simu1","DIC",50,"cliver",0.000863513819234611
"5078",507.7,"Simu1","DIC",50,"cliver",0.000788332158982552
"5079",507.8,"Simu1","DIC",50,"cliver",0.000721522345239091
"5080",507.9,"Simu1","DIC",50,"cliver",0.000661951082189185
"5081",508,"Simu1","DIC",50,"cliver",0.000608689419738604
"5082",508.1,"Simu1","DIC",50,"cliver",0.00056102983034028
"5083",508.2,"Simu1","DIC",50,"cliver",0.000518187968267264
"5084",508.3,"Simu1","DIC",50,"cliver",0.000479643308488371
"5085",508.4,"Simu1","DIC",50,"cliver",0.000444994825607748
"5086",508.5,"Simu1","DIC",50,"cliver",0.000413583727946913
"5087",508.6,"Simu1","DIC",50,"cliver",0.000385264864778627
"5088",508.7,"Simu1","DIC",50,"cliver",0.000359653981700955
"5089",508.8,"Simu1","DIC",50,"cliver",0.000336262444072936
"5090",508.9,"Simu1","DIC",50,"cliver",0.000315232621220559
"5091",509,"Simu1","DIC",50,"cliver",0.000296005144141878
"5092",509.1,"Simu1","DIC",50,"cliver",0.000278429790452537
"5093",509.2,"Simu1","DIC",50,"cliver",0.000262565280474816
"5094",509.3,"Simu1","DIC",50,"cliver",0.000247982630725627
"5095",509.4,"Simu1","DIC",50,"cliver",0.000234696519476476
"5096",509.5,"Simu1","DIC",50,"cliver",0.00022254381526963
"5097",509.6,"Simu1","DIC",50,"cliver",0.000211485855445637
"5098",509.7,"Simu1","DIC",50,"cliver",0.000201080119701136
"5099",509.8,"Simu1","DIC",50,"cliver",0.000191864801651752
"5100",509.9,"Simu1","DIC",50,"cliver",0.000183326473272568
"5101",510,"Simu1","DIC",50,"cliver",0.000175275203516698
"5102",510.1,"Simu1","DIC",50,"cliver",0.000168299940983691
"5103",510.2,"Simu1","DIC",50,"cliver",0.000161398150824208
"5104",510.3,"Simu1","DIC",50,"cliver",0.000155057682105695
"5105",510.4,"Simu1","DIC",50,"cliver",0.000149655644116202
"5106",510.5,"Simu1","DIC",50,"cliver",0.00014423517510631
"5107",510.6,"Simu1","DIC",50,"cliver",0.000139197394539205
"5108",510.7,"Simu1","DIC",50,"cliver",0.000134944430775171
"5109",510.8,"Simu1","DIC",50,"cliver",0.000130557420274539
"5110",510.9,"Simu1","DIC",50,"cliver",0.000126876025680949
"5111",511,"Simu1","DIC",50,"cliver",0.000123069819609619
"5112",511.1,"Simu1","DIC",50,"cliver",0.000119912499896837
"5113",511.2,"Simu1","DIC",50,"cliver",0.000116590378222511
"5114",511.3,"Simu1","DIC",50,"cliver",0.000113815145530128
"5115",511.4,"Simu1","DIC",50,"cliver",0.000111059654862405
"5116",511.5,"Simu1","DIC",50,"cliver",0.000108532444265295
"5117",511.6,"Simu1","DIC",50,"cliver",0.00010615864921556
"5118",511.7,"Simu1","DIC",50,"cliver",0.000103940157606884
"5119",511.8,"Simu1","DIC",50,"cliver",0.000101859372941087
"5120",511.9,"Simu1","DIC",50,"cliver",9.9908282881773e-05
"5121",512,"Simu1","DIC",50,"cliver",0.000159910206913244
"5122",512.1,"Simu1","DIC",50,"cliver",0.177223937459097
"5123",512.2,"Simu1","DIC",50,"cliver",1.19587423001677
"5124",512.3,"Simu1","DIC",50,"cliver",2.52500361186429
"5125",512.4,"Simu1","DIC",50,"cliver",3.82041681431199
"5126",512.5,"Simu1","DIC",50,"cliver",4.96938898974249
"5127",512.6,"Simu1","DIC",50,"cliver",5.94399255075384
"5128",512.7,"Simu1","DIC",50,"cliver",6.74623620504611
"5129",512.8,"Simu1","DIC",50,"cliver",7.38795795742537
"5130",512.9,"Simu1","DIC",50,"cliver",7.883535487942
"5131",513,"Simu1","DIC",50,"cliver",8.24730786005214
"5132",513.1,"Simu1","DIC",50,"cliver",8.49271981746906
"5133",513.2,"Simu1","DIC",50,"cliver",8.63208855917132
"5134",513.3,"Simu1","DIC",50,"cliver",8.67659521752675
"5135",513.4,"Simu1","DIC",50,"cliver",8.63635957967976
"5136",513.5,"Simu1","DIC",50,"cliver",8.52051517548317
"5137",513.6,"Simu1","DIC",50,"cliver",8.33730061851395
"5138",513.7,"Simu1","DIC",50,"cliver",8.09413301169209
"5139",513.8,"Simu1","DIC",50,"cliver",7.79770869375347
"5140",513.9,"Simu1","DIC",50,"cliver",7.45405443845565
"5141",514,"Simu1","DIC",50,"cliver",7.06859763207216
"5142",514.1,"Simu1","DIC",50,"cliver",6.64622225666936
"5143",514.2,"Simu1","DIC",50,"cliver",6.19132586618607
"5144",514.3,"Simu1","DIC",50,"cliver",5.70786704043658
"5145",514.4,"Simu1","DIC",50,"cliver",5.19940449542134
"5146",514.5,"Simu1","DIC",50,"cliver",4.66913695703188
"5147",514.6,"Simu1","DIC",50,"cliver",4.11994390697635
"5148",514.7,"Simu1","DIC",50,"cliver",3.55442100661633
"5149",514.8,"Simu1","DIC",50,"cliver",2.97491480791305
"5150",514.9,"Simu1","DIC",50,"cliver",2.38356394661732
"5151",515,"Simu1","DIC",50,"cliver",1.78235923792158
"5152",515.1,"Simu1","DIC",50,"cliver",1.1732894733963
"5153",515.2,"Simu1","DIC",50,"cliver",0.558974427282153
"5154",515.3,"Simu1","DIC",50,"cliver",0.00116091937878863
"5155",515.4,"Simu1","DIC",50,"cliver",0.00104492669479241
"5156",515.5,"Simu1","DIC",50,"cliver",0.000948814259291929
"5157",515.6,"Simu1","DIC",50,"cliver",0.000863956213618652
"5158",515.7,"Simu1","DIC",50,"cliver",0.000788761726217006
"5159",515.8,"Simu1","DIC",50,"cliver",0.000721940562183882
"5160",515.9,"Simu1","DIC",50,"cliver",0.00066235934207138
"5161",516,"Simu1","DIC",50,"cliver",0.000609088604624828
"5162",516.1,"Simu1","DIC",50,"cliver",0.000561420937984167
"5163",516.2,"Simu1","DIC",50,"cliver",0.000518572064762979
"5164",516.3,"Simu1","DIC",50,"cliver",0.000480020691126703
"5165",516.4,"Simu1","DIC",50,"cliver",0.00044536643141227
"5166",516.5,"Simu1","DIC",50,"cliver",0.000413950322257548
"5167",516.6,"Simu1","DIC",50,"cliver",0.000385625988405668
"5168",516.7,"Simu1","DIC",50,"cliver",0.000360010950070611
"5169",516.8,"Simu1","DIC",50,"cliver",0.000336615755832039
"5170",516.9,"Simu1","DIC",50,"cliver",0.000315581587780555
"5171",517,"Simu1","DIC",50,"cliver",0.00029635124287493
"5172",517.1,"Simu1","DIC",50,"cliver",0.000278772288810097
"5173",517.2,"Simu1","DIC",50,"cliver",0.000262905557309367
"5174",517.3,"Simu1","DIC",50,"cliver",0.000248320068525261
"5175",517.4,"Simu1","DIC",50,"cliver",0.000235031279941807
"5176",517.5,"Simu1","DIC",50,"cliver",0.000222876242695821
"5177",517.6,"Simu1","DIC",50,"cliver",0.000211816104308634
"5178",517.7,"Simu1","DIC",50,"cliver",0.000201409668998434
"5179",517.8,"Simu1","DIC",50,"cliver",0.000192190908564717
"5180",517.9,"Simu1","DIC",50,"cliver",0.000183651260725852
"5181",518,"Simu1","DIC",50,"cliver",0.000175599190301108
"5182",518.1,"Simu1","DIC",50,"cliver",0.000168620063233189
"5183",518.2,"Simu1","DIC",50,"cliver",0.00016171962256408
"5184",518.3,"Simu1","DIC",50,"cliver",0.000155377930444427
"5185",518.4,"Simu1","DIC",50,"cliver",0.00014997204201781
"5186",518.5,"Simu1","DIC",50,"cliver",0.000144552937062987
"5187",518.6,"Simu1","DIC",50,"cliver",0.000139514437150761
"5188",518.7,"Simu1","DIC",50,"cliver",0.000135258496945156
"5189",518.8,"Simu1","DIC",50,"cliver",0.000130872263618172
"5190",518.9,"Simu1","DIC",50,"cliver",0.000127188289021633
"5191",519,"Simu1","DIC",50,"cliver",0.000123382867639307
"5192",519.1,"Simu1","DIC",50,"cliver",0.000120223029651911
"5193",519.2,"Simu1","DIC",50,"cliver",0.000116902024974106
"5194",519.3,"Simu1","DIC",50,"cliver",0.000114124515872251
"5195",519.4,"Simu1","DIC",50,"cliver",0.000111368973836903
"5196",519.5,"Simu1","DIC",50,"cliver",0.000108840951415748
"5197",519.6,"Simu1","DIC",50,"cliver",0.000106466536587927
"5198",519.7,"Simu1","DIC",50,"cliver",0.000104247432127733
"5199",519.8,"Simu1","DIC",50,"cliver",0.000102166076122482
"5200",519.9,"Simu1","DIC",50,"cliver",0.000100214429829705
"5201",520,"Simu1","DIC",50,"cliver",0.000160222906544791
"5202",520.1,"Simu1","DIC",50,"cliver",0.177243743995853
"5203",520.2,"Simu1","DIC",50,"cliver",1.19594117596877
"5204",520.3,"Simu1","DIC",50,"cliver",2.52511759450579
"5205",520.4,"Simu1","DIC",50,"cliver",3.82057728026262
"5206",520.5,"Simu1","DIC",50,"cliver",4.96959536613151
"5207",520.6,"Simu1","DIC",50,"cliver",5.94424427150709
"5208",520.7,"Simu1","DIC",50,"cliver",6.74653271577719
"5209",520.8,"Simu1","DIC",50,"cliver",7.38829868033774
"5210",520.9,"Simu1","DIC",50,"cliver",7.88391991913469
"5211",521,"Simu1","DIC",50,"cliver",8.24773549328283
"5212",521.1,"Simu1","DIC",50,"cliver",8.4931906184481
"5213",521.2,"Simu1","DIC",50,"cliver",8.63260416236384
"5214",521.3,"Simu1","DIC",50,"cliver",8.67715882663357
"5215",521.4,"Simu1","DIC",50,"cliver",8.63696942052206
"5216",521.5,"Simu1","DIC",50,"cliver",8.52116744054338
"5217",521.6,"Simu1","DIC",50,"cliver",8.33798973703971
"5218",521.7,"Simu1","DIC",50,"cliver",8.09486256145906
"5219",521.8,"Simu1","DIC",50,"cliver",7.79847651056731
"5220",521.9,"Simu1","DIC",50,"cliver",7.45486036859747
"5221",522,"Simu1","DIC",50,"cliver",7.06944246742292
"5222",522.1,"Simu1","DIC",50,"cliver",6.64710808660878
"5223",522.2,"Simu1","DIC",50,"cliver",6.19225330838978
"5224",522.3,"Simu1","DIC",50,"cliver",5.70883358055588
"5225",522.4,"Simu1","DIC",50,"cliver",5.20040515945205
"5226",522.5,"Simu1","DIC",50,"cliver",4.67017090168581
"5227",522.6,"Simu1","DIC",50,"cliver",4.12101337074039
"5228",522.7,"Simu1","DIC",50,"cliver",3.55552657305662
"5229",522.8,"Simu1","DIC",50,"cliver",2.97605523915823
"5230",522.9,"Simu1","DIC",50,"cliver",2.38473792776296
"5231",523,"Simu1","DIC",50,"cliver",1.78356654492087
"5232",523.1,"Simu1","DIC",50,"cliver",1.17452916091654
"5233",523.2,"Simu1","DIC",50,"cliver",0.560241459973131
"5234",523.3,"Simu1","DIC",50,"cliver",0.0011627789856576
"5235",523.4,"Simu1","DIC",50,"cliver",0.00104538016937238
"5236",523.5,"Simu1","DIC",50,"cliver",0.000949252407319937
"5237",523.6,"Simu1","DIC",50,"cliver",0.000864380796490039
"5238",523.7,"Simu1","DIC",50,"cliver",0.00078917463526131
"5239",523.8,"Simu1","DIC",50,"cliver",0.000722343425646056
"5240",523.9,"Simu1","DIC",50,"cliver",0.000662751475456565
"5241",524,"Simu1","DIC",50,"cliver",0.000609473486667454
"5242",524.1,"Simu1","DIC",50,"cliver",0.000561799454334953
"5243",524.2,"Simu1","DIC",50,"cliver",0.000518950619178847
"5244",524.3,"Simu1","DIC",50,"cliver",0.000480399558484971
"5245",524.4,"Simu1","DIC",50,"cliver",0.00044568510266093
"5246",524.5,"Simu1","DIC",50,"cliver",0.00041433024287665
"5247",524.6,"Simu1","DIC",50,"cliver",0.000385978354940004
"5248",524.7,"Simu1","DIC",50,"cliver",0.000360309443685032
"5249",524.8,"Simu1","DIC",50,"cliver",0.000337019857930082
"5250",524.9,"Simu1","DIC",50,"cliver",0.000315900124688866
"5251",525,"Simu1","DIC",50,"cliver",0.000296632755530471
"5252",525.1,"Simu1","DIC",50,"cliver",0.000279222415068818
"5253",525.2,"Simu1","DIC",50,"cliver",0.00026305674104848
"5254",525.3,"Simu1","DIC",50,"cliver",0.000248928912628365
"5255",525.4,"Simu1","DIC",50,"cliver",0.00023534553011084
"5256",525.5,"Simu1","DIC",50,"cliver",0.000223190421221551
"5257",525.6,"Simu1","DIC",50,"cliver",0.000212057320174853
"5258",525.7,"Simu1","DIC",50,"cliver",0.000201853937202996
"5259",525.8,"Simu1","DIC",50,"cliver",0.000192492859677872
"5260",525.9,"Simu1","DIC",50,"cliver",0.000183895004008261
"5261",526,"Simu1","DIC",50,"cliver",0.000175990485877881
"5262",526.1,"Simu1","DIC",50,"cliver",0.000168716160887468
"5263",526.2,"Simu1","DIC",50,"cliver",0.000162014991185915
"5264",526.3,"Simu1","DIC",50,"cliver",0.000155835341376164
"5265",526.4,"Simu1","DIC",50,"cliver",0.000150130617432895
"5266",526.5,"Simu1","DIC",50,"cliver",0.000144858858000069
"5267",526.6,"Simu1","DIC",50,"cliver",0.000139982144601423
"5268",526.7,"Simu1","DIC",50,"cliver",0.00013546616690976
"5269",526.8,"Simu1","DIC",50,"cliver",0.000131279829093713
"5270",526.9,"Simu1","DIC",50,"cliver",0.000127394953399877
"5271",527,"Simu1","DIC",50,"cliver",0.000123785984318289
"5272",527.1,"Simu1","DIC",50,"cliver",0.000120429763698531
"5273",527.2,"Simu1","DIC",50,"cliver",0.000117305229280934
"5274",527.3,"Simu1","DIC",50,"cliver",0.000114393228522405
"5275",527.4,"Simu1","DIC",50,"cliver",0.00011167634483661
"5276",527.5,"Simu1","DIC",50,"cliver",0.000109138726759542
"5277",527.6,"Simu1","DIC",50,"cliver",0.000106765989793372
"5278",527.7,"Simu1","DIC",50,"cliver",0.000104545032591507
"5279",527.8,"Simu1","DIC",50,"cliver",0.000102463848804771
"5280",527.9,"Simu1","DIC",50,"cliver",0.000100511603090557
"5281",528,"Simu1","DIC",50,"cliver",0.000160526245753478
"5282",528.1,"Simu1","DIC",50,"cliver",0.177263182117947
"5283",528.2,"Simu1","DIC",50,"cliver",1.19600742088042
"5284",528.3,"Simu1","DIC",50,"cliver",2.52523084071251
"5285",528.4,"Simu1","DIC",50,"cliver",3.82073699138987
"5286",528.5,"Simu1","DIC",50,"cliver",4.96980089165802
"5287",528.6,"Simu1","DIC",50,"cliver",5.94449494375091
"5288",528.7,"Simu1","DIC",50,"cliver",6.74682787947375
"5289",528.8,"Simu1","DIC",50,"cliver",7.38863770374868
"5290",528.9,"Simu1","DIC",50,"cliver",7.88430232091049
"5291",529,"Simu1","DIC",50,"cliver",8.24816237275146
"5292",529.1,"Simu1","DIC",50,"cliver",8.49366024998275
"5293",529.2,"Simu1","DIC",50,"cliver",8.63311466181648
"5294",529.3,"Simu1","DIC",50,"cliver",8.67770818128866
"5295",529.4,"Simu1","DIC",50,"cliver",8.63756035286637
"5296",529.5,"Simu1","DIC",50,"cliver",8.52179788370543
"5297",529.6,"Simu1","DIC",50,"cliver",8.33865950669854
"5298",529.7,"Simu1","DIC",50,"cliver",8.0955710194031
"5299",529.8,"Simu1","DIC",50,"cliver",7.79922385840776
"5300",529.9,"Simu1","DIC",50,"cliver",7.45564548872893
"5301",530,"Simu1","DIC",50,"cliver",7.07026366661017
"5302",530.1,"Simu1","DIC",50,"cliver",6.64796273928345
"5303",530.2,"Simu1","DIC",50,"cliver",6.19314065129578
"5304",530.3,"Simu1","DIC",50,"cliver",5.70975599856009
"5305",530.4,"Simu1","DIC",50,"cliver",5.20136634865611
"5306",530.5,"Simu1","DIC",50,"cliver",4.67117093379491
"5307",530.6,"Simu1","DIC",50,"cliver",4.12204932219749
"5308",530.7,"Simu1","DIC",50,"cliver",3.5565971244836
"5309",530.8,"Simu1","DIC",50,"cliver",2.97716071714716
"5310",530.9,"Simu1","DIC",50,"cliver",2.38587833689563
"5311",531,"Simu1","DIC",50,"cliver",1.7847410720611
"5312",531.1,"Simu1","DIC",50,"cliver",1.17573601295901
"5313",531.2,"Simu1","DIC",50,"cliver",0.561475708179034
"5314",531.3,"Simu1","DIC",50,"cliver",0.00116552886541715
"5315",531.4,"Simu1","DIC",50,"cliver",0.00104582773958796
"5316",531.5,"Simu1","DIC",50,"cliver",0.000949684127160421
"5317",531.6,"Simu1","DIC",50,"cliver",0.000864798763613458
"5318",531.7,"Simu1","DIC",50,"cliver",0.00078958025798673
"5319",531.8,"Simu1","DIC",50,"cliver",0.000722737935237426
"5320",531.9,"Simu1","DIC",50,"cliver",0.000663137583027007
"5321",532,"Simu1","DIC",50,"cliver",0.000609850106929345
"5322",532.1,"Simu1","DIC",50,"cliver",0.000562167667380905
"5323",532.2,"Simu1","DIC",50,"cliver",0.000519304579047877
"5324",532.3,"Simu1","DIC",50,"cliver",0.000480741154941331
"5325",532.4,"Simu1","DIC",50,"cliver",0.000446076409607469
"5326",532.5,"Simu1","DIC",50,"cliver",0.000414648046295813
"5327",532.6,"Simu1","DIC",50,"cliver",0.000386316838523313
"5328",532.7,"Simu1","DIC",50,"cliver",0.000360695579521946
"5329",532.8,"Simu1","DIC",50,"cliver",0.000337285860105411
"5330",532.9,"Simu1","DIC",50,"cliver",0.000316250618159758
"5331",533,"Simu1","DIC",50,"cliver",0.000297014778160122
"5332",533.1,"Simu1","DIC",50,"cliver",0.000279425372387545
"5333",533.2,"Simu1","DIC",50,"cliver",0.000263555246604447
"5334",533.3,"Simu1","DIC",50,"cliver",0.00024896320479291
"5335",533.4,"Simu1","DIC",50,"cliver",0.000235673045944258
"5336",533.5,"Simu1","DIC",50,"cliver",0.000223514798479125
"5337",533.6,"Simu1","DIC",50,"cliver",0.000212463371885255
"5338",533.7,"Simu1","DIC",50,"cliver",0.000202006808634741
"5339",533.8,"Simu1","DIC",50,"cliver",0.00019282377594401
"5340",533.9,"Simu1","DIC",50,"cliver",0.000184288943278578
"5341",534,"Simu1","DIC",50,"cliver",0.000176174223819905
"5342",534.1,"Simu1","DIC",50,"cliver",0.000169053469675073
"5343",534.2,"Simu1","DIC",50,"cliver",0.000162407745990708
"5344",534.3,"Simu1","DIC",50,"cliver",0.000156016231169781
"5345",534.4,"Simu1","DIC",50,"cliver",0.000150456926613736
"5346",534.5,"Simu1","DIC",50,"cliver",0.000145257169329781
"5347",534.6,"Simu1","DIC",50,"cliver",0.000140156472038023
"5348",534.7,"Simu1","DIC",50,"cliver",0.000135779940125315
"5349",534.8,"Simu1","DIC",50,"cliver",0.000131692885376712
"5350",534.9,"Simu1","DIC",50,"cliver",0.000127559166962739
"5351",535,"Simu1","DIC",50,"cliver",0.000124081869378378
"5352",535.1,"Simu1","DIC",50,"cliver",0.00012086671782374
"5353",535.2,"Simu1","DIC",50,"cliver",0.000117468899684154
"5354",535.3,"Simu1","DIC",50,"cliver",0.000114749094114166
"5355",535.4,"Simu1","DIC",50,"cliver",0.000111948610925674
"5356",535.5,"Simu1","DIC",50,"cliver",0.000109436175368106
"5357",535.6,"Simu1","DIC",50,"cliver",0.000107060656780826
"5358",535.7,"Simu1","DIC",50,"cliver",0.0001048637918741
"5359",535.8,"Simu1","DIC",50,"cliver",0.000102750093283463
"5360",535.9,"Simu1","DIC",50,"cliver",0.00010079986383045
"5361",536,"Simu1","DIC",50,"cliver",0.000160821935100941
"5362",536.1,"Simu1","DIC",50,"cliver",0.177281992700399
"5363",536.2,"Simu1","DIC",50,"cliver",1.19607078494546
"5364",536.3,"Simu1","DIC",50,"cliver",2.52533761991616
"5365",536.4,"Simu1","DIC",50,"cliver",3.820887055114
"5366",536.5,"Simu1","DIC",50,"cliver",4.96999359210858
"5367",536.6,"Simu1","DIC",50,"cliver",5.94472997289092
"5368",536.7,"Simu1","DIC",50,"cliver",6.74710474519844
"5369",536.8,"Simu1","DIC",50,"cliver",7.38895581858191
"5370",536.9,"Simu1","DIC",50,"cliver",7.88466117837041
"5371",537,"Simu1","DIC",50,"cliver",8.24856280873907
"5372",537.1,"Simu1","DIC",50,"cliver",8.49409738665932
"5373",537.2,"Simu1","DIC",50,"cliver",8.63359067965903
"5374",537.3,"Simu1","DIC",50,"cliver",8.6782241111523
"5375",537.4,"Simu1","DIC",50,"cliver",8.63811499293345
"5376",537.5,"Simu1","DIC",50,"cliver",8.52239122228114
"5377",537.6,"Simu1","DIC",50,"cliver",8.33929097932421
"5378",537.7,"Simu1","DIC",50,"cliver",8.09624047335554
"5379",537.8,"Simu1","DIC",50,"cliver",7.79993063863861
"5380",537.9,"Simu1","DIC",50,"cliver",7.45638891209144
"5381",538,"Simu1","DIC",50,"cliver",7.0710433659765
"5382",538.1,"Simu1","DIC",50,"cliver",6.64877810166561
"5383",538.2,"Simu1","DIC",50,"cliver",6.19399261044762
"5384",538.3,"Simu1","DIC",50,"cliver",5.71064407597946
"5385",538.4,"Simu1","DIC",50,"cliver",5.20228960452053
"5386",538.5,"Simu1","DIC",50,"cliver",4.67212867129454
"5387",538.6,"Simu1","DIC",50,"cliver",4.1230414448233
"5388",538.7,"Simu1","DIC",50,"cliver",3.55762354942477
"5389",538.8,"Simu1","DIC",50,"cliver",2.97822108284355
"5390",538.9,"Simu1","DIC",50,"cliver",2.38697228735255
"5391",539,"Simu1","DIC",50,"cliver",1.78586837178846
"5392",539.1,"Simu1","DIC",50,"cliver",1.17689467702989
"5393",539.2,"Simu1","DIC",50,"cliver",0.56266084235776
"5394",539.3,"Simu1","DIC",50,"cliver",0.00116837149105934
"5395",539.4,"Simu1","DIC",50,"cliver",0.00104625898680397
"5396",539.5,"Simu1","DIC",50,"cliver",0.00095010037905447
"5397",539.6,"Simu1","DIC",50,"cliver",0.000865201921641383
"5398",539.7,"Simu1","DIC",50,"cliver",0.000789971826116418
"5399",539.8,"Simu1","DIC",50,"cliver",0.000723119180153414
"5400",539.9,"Simu1","DIC",50,"cliver",0.000663510102855401
"5401",540,"Simu1","DIC",50,"cliver",0.000610214256458234
"5402",540.1,"Simu1","DIC",50,"cliver",0.000562524276670849
"5403",540.2,"Simu1","DIC",50,"cliver",0.000519655473381773
"5404",540.3,"Simu1","DIC",50,"cliver",0.000481085646726378
"5405",540.4,"Simu1","DIC",50,"cliver",0.000446415435370203
"5406",540.5,"Simu1","DIC",50,"cliver",0.000414984268995244
"5407",540.6,"Simu1","DIC",50,"cliver",0.000386646038482208
"5408",540.7,"Simu1","DIC",50,"cliver",0.0003610199837889
"5409",540.8,"Simu1","DIC",50,"cliver",0.0003376116678118
"5410",540.9,"Simu1","DIC",50,"cliver",0.000316568144751274
"5411",541,"Simu1","DIC",50,"cliver",0.000297329723271446
"5412",541.1,"Simu1","DIC",50,"cliver",0.000279739272656353
"5413",541.2,"Simu1","DIC",50,"cliver",0.000263866675659306
"5414",541.3,"Simu1","DIC",50,"cliver",0.000249272861434785
"5415",541.4,"Simu1","DIC",50,"cliver",0.00023597790698165
"5416",541.5,"Simu1","DIC",50,"cliver",0.000223816751396928
"5417",541.6,"Simu1","DIC",50,"cliver",0.000212755364386308
"5418",541.7,"Simu1","DIC",50,"cliver",0.000202328981241172
"5419",541.8,"Simu1","DIC",50,"cliver",0.000193115948326383
"5420",541.9,"Simu1","DIC",50,"cliver",0.000184575431366552
"5421",542,"Simu1","DIC",50,"cliver",0.000176488173469955
"5422",542.1,"Simu1","DIC",50,"cliver",0.000169340911640387
"5423",542.2,"Simu1","DIC",50,"cliver",0.000162688975831602
"5424",542.3,"Simu1","DIC",50,"cliver",0.000156327052154347
"5425",542.4,"Simu1","DIC",50,"cliver",0.000150742173086334
"5426",542.5,"Simu1","DIC",50,"cliver",0.000145532662593776
"5427",542.6,"Simu1","DIC",50,"cliver",0.000140465510232858
"5428",542.7,"Simu1","DIC",50,"cliver",0.000136064042793321
"5429",542.8,"Simu1","DIC",50,"cliver",0.000131961712656759
"5430",542.9,"Simu1","DIC",50,"cliver",0.00012786756669653
"5431",543,"Simu1","DIC",50,"cliver",0.000124366439869136
"5432",543.1,"Simu1","DIC",50,"cliver",0.000121127599422375
"5433",543.2,"Simu1","DIC",50,"cliver",0.000117774424301115
"5434",543.3,"Simu1","DIC",50,"cliver",0.000115020836479064
"5435",543.4,"Simu1","DIC",50,"cliver",0.000112234840396885
"5436",543.5,"Simu1","DIC",50,"cliver",0.000109717610608292
"5437",543.6,"Simu1","DIC",50,"cliver",0.000107341319900199
"5438",543.7,"Simu1","DIC",50,"cliver",0.000105142283736979
"5439",543.8,"Simu1","DIC",50,"cliver",0.00010303055587478
"5440",543.9,"Simu1","DIC",50,"cliver",0.000101078909378173
"5441",544,"Simu1","DIC",50,"cliver",0.000161107759670276
"5442",544.1,"Simu1","DIC",50,"cliver",0.177299814459461
"5443",544.2,"Simu1","DIC",50,"cliver",1.19613070013319
"5444",544.3,"Simu1","DIC",50,"cliver",2.52544029423732
"5445",544.4,"Simu1","DIC",50,"cliver",3.82103157846165
"5446",544.5,"Simu1","DIC",50,"cliver",4.97017962487394
"5447",544.6,"Simu1","DIC",50,"cliver",5.94495687418525
"5448",544.7,"Simu1","DIC",50,"cliver",6.74737208338235
"5449",544.8,"Simu1","DIC",50,"cliver",7.38926327740647
"5450",544.9,"Simu1","DIC",50,"cliver",7.88500837551102
"5451",545,"Simu1","DIC",50,"cliver",8.2489468817462
"5452",545.1,"Simu1","DIC",50,"cliver",8.49452039874325
"5453",545.2,"Simu1","DIC",50,"cliver",8.63405307637334
"5454",545.3,"Simu1","DIC",50,"cliver",8.67872592228529
"5455",545.4,"Simu1","DIC",50,"cliver",8.63865358414944
"5456",545.5,"Simu1","DIC",50,"cliver",8.52296723329221
"5457",545.6,"Simu1","DIC",50,"cliver",8.33990366749792
"5458",545.7,"Simu1","DIC",50,"cliver",8.09688962657768
"5459",545.8,"Simu1","DIC",50,"cliver",7.80061621805866
"5460",545.9,"Simu1","DIC",50,"cliver",7.45711087929983
"5461",546,"Simu1","DIC",50,"cliver",7.07180094949107
"5462",546.1,"Simu1","DIC",50,"cliver",6.64957110409215
"5463",546.2,"Simu1","DIC",50,"cliver",6.19481972371261
"5464",546.3,"Simu1","DIC",50,"cliver",5.71150516199346
"5465",546.4,"Simu1","DIC",50,"cliver",5.20318466229104
"5466",546.5,"Simu1","DIC",50,"cliver",4.67305754002529
"5467",546.6,"Simu1","DIC",50,"cliver",4.12400360631927
"5468",546.7,"Simu1","DIC",50,"cliver",3.55861849658823
"5469",546.8,"Simu1","DIC",50,"cliver",2.97924842041336
"5470",546.9,"Simu1","DIC",50,"cliver",2.38803129656944
"5471",547,"Simu1","DIC",50,"cliver",1.78695796530491
"5472",547.1,"Simu1","DIC",50,"cliver",1.17801428987854
"5473",547.2,"Simu1","DIC",50,"cliver",0.563806105097915
"5474",547.3,"Simu1","DIC",50,"cliver",0.00117164170050782
"5475",547.4,"Simu1","DIC",50,"cliver",0.0010466765359607
"5476",547.5,"Simu1","DIC",50,"cliver",0.00095050349817181
"5477",547.6,"Simu1","DIC",50,"cliver",0.000865592417589256
"5478",547.7,"Simu1","DIC",50,"cliver",0.000790351187100098
"5479",547.8,"Simu1","DIC",50,"cliver",0.000723488675406392
"5480",547.9,"Simu1","DIC",50,"cliver",0.000663870969702927
"5481",548,"Simu1","DIC",50,"cliver",0.0006105672238513
"5482",548.1,"Simu1","DIC",50,"cliver",0.000562870193663492
"5483",548.2,"Simu1","DIC",50,"cliver",0.000519995347977143
"5484",548.3,"Simu1","DIC",50,"cliver",0.000481419656451851
"5485",548.4,"Simu1","DIC",50,"cliver",0.000446744376071501
"5486",548.5,"Simu1","DIC",50,"cliver",0.000415309014507872
"5487",548.6,"Simu1","DIC",50,"cliver",0.00038696583283223
"5488",548.7,"Simu1","DIC",50,"cliver",0.000361336032788805
"5489",548.8,"Simu1","DIC",50,"cliver",0.000337925012264868
"5490",548.9,"Simu1","DIC",50,"cliver",0.000316877264402417
"5491",549,"Simu1","DIC",50,"cliver",0.000297636315055414
"5492",549.1,"Simu1","DIC",50,"cliver",0.000280043009600497
"5493",549.2,"Simu1","DIC",50,"cliver",0.000264168352333299
"5494",549.3,"Simu1","DIC",50,"cliver",0.000249572160137435
"5495",549.4,"Simu1","DIC",50,"cliver",0.000236274642624521
"5496",549.5,"Simu1","DIC",50,"cliver",0.000224111378239628
"5497",549.6,"Simu1","DIC",50,"cliver",0.000213047251996808
"5498",549.7,"Simu1","DIC",50,"cliver",0.000202623338503711
"5499",549.8,"Simu1","DIC",50,"cliver",0.000193404668938544
"5500",549.9,"Simu1","DIC",50,"cliver",0.000184862498153994
"5501",550,"Simu1","DIC",50,"cliver",0.000176796576757327
"5502",550.1,"Simu1","DIC",50,"cliver",0.000169828721968174
"5503",550.2,"Simu1","DIC",50,"cliver",0.000162911804361221
"5504",550.3,"Simu1","DIC",50,"cliver",0.000156555031103656
"5505",550.4,"Simu1","DIC",50,"cliver",0.000151162544015213
"5506",550.5,"Simu1","DIC",50,"cliver",0.000145731035703465
"5507",550.6,"Simu1","DIC",50,"cliver",0.000140677470529894
"5508",550.7,"Simu1","DIC",50,"cliver",0.000136434102336258
"5509",550.8,"Simu1","DIC",50,"cliver",0.000132031636198987
"5510",550.9,"Simu1","DIC",50,"cliver",0.000128357628320747
"5511",551,"Simu1","DIC",50,"cliver",0.000124535771998356
"5512",551.1,"Simu1","DIC",50,"cliver",0.00012138642238387
"5513",551.2,"Simu1","DIC",50,"cliver",0.000118048697224958
"5514",551.3,"Simu1","DIC",50,"cliver",0.000115277924890559
"5515",551.4,"Simu1","DIC",50,"cliver",0.000112517103784126
"5516",551.5,"Simu1","DIC",50,"cliver",0.00010998721232647
"5517",551.6,"Simu1","DIC",50,"cliver",0.000107610367538459
"5518",551.7,"Simu1","DIC",50,"cliver",0.000105389068899445
"5519",551.8,"Simu1","DIC",50,"cliver",0.000103305545466641
"5520",551.9,"Simu1","DIC",50,"cliver",0.000101351854086709
"5521",552,"Simu1","DIC",50,"cliver",0.000161384651230019
"5522",552.1,"Simu1","DIC",50,"cliver",0.177317338174631
"5523",552.2,"Simu1","DIC",50,"cliver",1.19618991586109
"5524",552.3,"Simu1","DIC",50,"cliver",2.52554111270458
"5525",552.4,"Simu1","DIC",50,"cliver",3.82117351923264
"5526",552.5,"Simu1","DIC",50,"cliver",4.97036219175259
"5527",552.6,"Simu1","DIC",50,"cliver",5.94517957616406
"5528",552.7,"Simu1","DIC",50,"cliver",6.74763443871963
"5529",552.8,"Simu1","DIC",50,"cliver",7.38956483451916
"5530",552.9,"Simu1","DIC",50,"cliver",7.8853484302529
"5531",553,"Simu1","DIC",50,"cliver",8.24932478972945
"5532",553.1,"Simu1","DIC",50,"cliver",8.49493900411753
"5533",553.2,"Simu1","DIC",50,"cliver",8.63451098276563
"5534",553.3,"Simu1","DIC",50,"cliver",8.67921801184693
"5535",553.4,"Simu1","DIC",50,"cliver",8.63918234813618
"5536",553.5,"Simu1","DIC",50,"cliver",8.523532191067
"5537",553.6,"Simu1","DIC",50,"cliver",8.34050439277494
"5538",553.7,"Simu1","DIC",50,"cliver",8.09752505055779
"5539",553.8,"Simu1","DIC",50,"cliver",7.80128692112467
"5540",553.9,"Simu1","DIC",50,"cliver",7.45781725788003
"5541",554,"Simu1","DIC",50,"cliver",7.07254271483477
"5542",554.1,"Simu1","DIC",50,"cliver",6.65035016882667
"5543",554.2,"Simu1","DIC",50,"cliver",6.19563434979491
"5544",554.3,"Simu1","DIC",50,"cliver",5.71235030413818
"5545",554.4,"Simu1","DIC",50,"cliver",5.2040596497412
"5546",554.5,"Simu1","DIC",50,"cliver",4.67396469648103
"5547",554.6,"Simu1","DIC",50,"cliver",4.12494413623797
"5548",554.7,"Simu1","DIC",50,"cliver",3.55959152851514
"5549",554.8,"Simu1","DIC",50,"cliver",2.98025248460168
"5550",554.9,"Simu1","DIC",50,"cliver",2.38906583051471
"5551",555,"Simu1","DIC",50,"cliver",1.78802303031573
"5552",555.1,"Simu1","DIC",50,"cliver",1.17910861761843
"5553",555.2,"Simu1","DIC",50,"cliver",0.564925258688032
"5554",555.3,"Simu1","DIC",50,"cliver",0.00117544016446547
"5555",555.4,"Simu1","DIC",50,"cliver",0.00104708207836725
"5556",555.5,"Simu1","DIC",50,"cliver",0.000950895026401701
"5557",555.6,"Simu1","DIC",50,"cliver",0.000865971664155491
"5558",555.7,"Simu1","DIC",50,"cliver",0.000790719639382181
"5559",555.8,"Simu1","DIC",50,"cliver",0.000723847629892468
"5560",555.9,"Simu1","DIC",50,"cliver",0.000664221293461689
"5561",556,"Simu1","DIC",50,"cliver",0.000610910042230388
"5562",556.1,"Simu1","DIC",50,"cliver",0.000563206409475596
"5563",556.2,"Simu1","DIC",50,"cliver",0.000520325096991517
"5564",556.3,"Simu1","DIC",50,"cliver",0.000481744021177236
"5565",556.4,"Simu1","DIC",50,"cliver",0.000447064083812794
"5566",556.5,"Simu1","DIC",50,"cliver",0.000415623001528995
"5567",556.6,"Simu1","DIC",50,"cliver",0.000387276965014594
"5568",556.7,"Simu1","DIC",50,"cliver",0.000361644523963561
"5569",556.8,"Simu1","DIC",50,"cliver",0.000338226356103602
"5570",556.9,"Simu1","DIC",50,"cliver",0.000317178683573248
"5571",557,"Simu1","DIC",50,"cliver",0.000297935330638716
"5572",557.1,"Simu1","DIC",50,"cliver",0.000280336873606652
"5573",557.2,"Simu1","DIC",50,"cliver",0.000264460927811376
"5574",557.3,"Simu1","DIC",50,"cliver",0.000249861655308296
"5575",557.4,"Simu1","DIC",50,"cliver",0.000236563783916646
"5576",557.5,"Simu1","DIC",50,"cliver",0.000224399147147711
"5577",557.6,"Simu1","DIC",50,"cliver",0.000213340097778582
"5578",557.7,"Simu1","DIC",50,"cliver",0.000202889631237766
"5579",557.8,"Simu1","DIC",50,"cliver",0.000193690305615503
"5580",557.9,"Simu1","DIC",50,"cliver",0.000185151094687716
"5581",558,"Simu1","DIC",50,"cliver",0.000177042534315164
"5582",558.1,"Simu1","DIC",50,"cliver",0.000169907566341899
"5583",558.2,"Simu1","DIC",50,"cliver",0.000163257765693009
"5584",558.3,"Simu1","DIC",50,"cliver",0.000156873891212612
"5585",558.4,"Simu1","DIC",50,"cliver",0.000151301258716418
"5586",558.5,"Simu1","DIC",50,"cliver",0.000146096633245142
"5587",558.6,"Simu1","DIC",50,"cliver",0.000141005673741071
"5588",558.7,"Simu1","DIC",50,"cliver",0.000136616363492071
"5589",558.8,"Simu1","DIC",50,"cliver",0.000132522823671031
"5590",558.9,"Simu1","DIC",50,"cliver",0.000128401652866304
"5591",559,"Simu1","DIC",50,"cliver",0.000124912117284059
"5592",559.1,"Simu1","DIC",50,"cliver",0.000121687707278957
"5593",559.2,"Simu1","DIC",50,"cliver",0.000118304675243847
"5594",559.3,"Simu1","DIC",50,"cliver",0.000115569661775498
"5595",559.4,"Simu1","DIC",50,"cliver",0.000112773708699351
"5596",559.5,"Simu1","DIC",50,"cliver",0.000110257755072616
"5597",559.6,"Simu1","DIC",50,"cliver",0.000107880396898042
"5598",559.7,"Simu1","DIC",50,"cliver",0.000105681573269456
"5599",559.8,"Simu1","DIC",50,"cliver",0.000103567098948116
"5600",559.9,"Simu1","DIC",50,"cliver",0.000101614788437284
"5601",560,"Simu1","DIC",50,"cliver",0.000161655161161164
"5602",560.1,"Simu1","DIC",50,"cliver",0.177334252815913
"5603",560.2,"Simu1","DIC",50,"cliver",1.19624403872509
"5604",560.3,"Simu1","DIC",50,"cliver",2.5256295729795
"5605",560.4,"Simu1","DIC",50,"cliver",3.82129662591626
"5606",560.5,"Simu1","DIC",50,"cliver",4.97051962658485
"5607",560.6,"Simu1","DIC",50,"cliver",5.94537124724121
"5608",560.7,"Simu1","DIC",50,"cliver",6.74786040478694
"5609",560.8,"Simu1","DIC",50,"cliver",7.38982503600748
"5610",560.9,"Simu1","DIC",50,"cliver",7.88564336927805
"5611",561,"Simu1","DIC",50,"cliver",8.24965372507878
"5612",561.1,"Simu1","DIC",50,"cliver",8.49529976602384
"5613",561.2,"Simu1","DIC",50,"cliver",8.63490115920892
"5614",561.3,"Simu1","DIC",50,"cliver",8.6796461076252
"5615",561.4,"Simu1","DIC",50,"cliver",8.63964402445846
"5616",561.5,"Simu1","DIC",50,"cliver",8.52402775178932
"5617",561.6,"Simu1","DIC",50,"cliver",8.34103358766123
"5618",561.7,"Simu1","DIC",50,"cliver",8.0980875024491
"5619",561.8,"Simu1","DIC",50,"cliver",7.80188104131818
"5620",561.9,"Simu1","DIC",50,"cliver",7.45844271057703
"5621",562,"Simu1","DIC",50,"cliver",7.07320118136086
"5622",562.1,"Simu1","DIC",50,"cliver",6.65104081119567
"5623",562.2,"Simu1","DIC",50,"cliver",6.19635945805625
"5624",562.3,"Simu1","DIC",50,"cliver",5.71311111559919
"5625",562.4,"Simu1","DIC",50,"cliver",5.20485280778854
"5626",562.5,"Simu1","DIC",50,"cliver",4.67478779745571
"5627",562.6,"Simu1","DIC",50,"cliver",4.12579776883153
"5628",562.7,"Simu1","DIC",50,"cliver",3.5604766545621
"5629",562.8,"Simu1","DIC",50,"cliver",2.98116909562028
"5630",562.9,"Simu1","DIC",50,"cliver",2.3900130569653
"5631",563,"Simu1","DIC",50,"cliver",1.78900161641864
"5632",563.1,"Simu1","DIC",50,"cliver",1.18011391282151
"5633",563.2,"Simu1","DIC",50,"cliver",0.565959042694191
"5634",563.3,"Simu1","DIC",50,"cliver",0.00117962255190419
"5635",563.4,"Simu1","DIC",50,"cliver",0.00104747258169186
"5636",563.5,"Simu1","DIC",50,"cliver",0.000951272223446661
"5637",563.6,"Simu1","DIC",50,"cliver",0.000866337129055502
"5638",563.7,"Simu1","DIC",50,"cliver",0.000791074931943203
"5639",563.8,"Simu1","DIC",50,"cliver",0.000724194139757724
"5640",563.9,"Simu1","DIC",50,"cliver",0.000664558853431014
"5641",564,"Simu1","DIC",50,"cliver",0.000611241027719279
"5642",564.1,"Simu1","DIC",50,"cliver",0.000563531637314457
"5643",564.2,"Simu1","DIC",50,"cliver",0.000520652077903282
"5644",564.3,"Simu1","DIC",50,"cliver",0.000482072200801587
"5645",564.4,"Simu1","DIC",50,"cliver",0.000447332243285796
"5646",564.5,"Simu1","DIC",50,"cliver",0.000415953717207503
"5647",564.6,"Simu1","DIC",50,"cliver",0.000387580868131677
"5648",564.7,"Simu1","DIC",50,"cliver",0.000361892537184679
"5649",564.8,"Simu1","DIC",50,"cliver",0.000338585310963062
"5650",564.9,"Simu1","DIC",50,"cliver",0.000317449333832342
"5651",565,"Simu1","DIC",50,"cliver",0.000298167539950739
"5652",565.1,"Simu1","DIC",50,"cliver",0.000280742935086213
"5653",565.2,"Simu1","DIC",50,"cliver",0.000264566155584267
"5654",565.3,"Simu1","DIC",50,"cliver",0.00025045047538427
"5655",565.4,"Simu1","DIC",50,"cliver",0.00023682573607983
"5656",565.5,"Simu1","DIC",50,"cliver",0.000224666609047123
"5657",565.6,"Simu1","DIC",50,"cliver",0.000213524323015488
"5658",565.7,"Simu1","DIC",50,"cliver",0.000203312407442044
"5659",565.8,"Simu1","DIC",50,"cliver",0.000193943388058467
"5660",565.9,"Simu1","DIC",50,"cliver",0.000185338126942582
"5661",566,"Simu1","DIC",50,"cliver",0.0001774266983718
"5662",566.1,"Simu1","DIC",50,"cliver",0.000170145910210271
"5663",566.2,"Simu1","DIC",50,"cliver",0.000163438687682818
"5664",566.3,"Simu1","DIC",50,"cliver",0.000157253363739051
"5665",566.4,"Simu1","DIC",50,"cliver",0.00015154331033402
"5666",566.5,"Simu1","DIC",50,"cliver",0.000146266539127683
"5667",566.6,"Simu1","DIC",50,"cliver",0.000141385104907996
"5668",566.7,"Simu1","DIC",50,"cliver",0.000136864675168823
"5669",566.8,"Simu1","DIC",50,"cliver",0.000132674132271232
"5670",566.9,"Simu1","DIC",50,"cliver",0.000128785279948528
"5671",567,"Simu1","DIC",50,"cliver",0.000125172544638066
"5672",567.1,"Simu1","DIC",50,"cliver",0.000121812752655009
"5673",567.2,"Simu1","DIC",50,"cliver",0.000118684827152123
"5674",567.3,"Simu1","DIC",50,"cliver",0.000115769602169332
"5675",567.4,"Simu1","DIC",50,"cliver",0.000113049649507791
"5676",567.5,"Simu1","DIC",50,"cliver",0.000110509106242695
"5677",567.6,"Simu1","DIC",50,"cliver",0.000108133577182924
"5678",567.7,"Simu1","DIC",50,"cliver",0.000105909952545217
"5679",567.8,"Simu1","DIC",50,"cliver",0.000103826217313213
"5680",567.9,"Simu1","DIC",50,"cliver",0.000101871539933438
"5681",568,"Simu1","DIC",50,"cliver",0.000161914703570314
"5682",568.1,"Simu1","DIC",50,"cliver",0.177351145272535
"5683",568.2,"Simu1","DIC",50,"cliver",1.19630522894423
"5684",568.3,"Simu1","DIC",50,"cliver",2.52573739580926
"5685",568.4,"Simu1","DIC",50,"cliver",3.82145035708153
"5686",568.5,"Simu1","DIC",50,"cliver",4.97071845446516
"5687",568.6,"Simu1","DIC",50,"cliver",5.9456142530765
"5688",568.7,"Simu1","DIC",50,"cliver",6.74814645792212
"5689",568.8,"Simu1","DIC",50,"cliver",7.39015303089507
"5690",568.9,"Simu1","DIC",50,"cliver",7.88601204285244
"5691",569,"Simu1","DIC",50,"cliver",8.25006424728702
"5692",569.1,"Simu1","DIC",50,"cliver",8.49575060597161
"5693",569.2,"Simu1","DIC",50,"cliver",8.63539203099679
"5694",569.3,"Simu1","DIC",50,"cliver",8.68016979350172
"5695",569.4,"Simu1","DIC",50,"cliver",8.64020458888039
"5696",569.5,"Simu1","DIC",50,"cliver",8.524624303926
"5697",569.6,"Simu1","DIC",50,"cliver",8.3416656071004
"5698",569.7,"Simu1","DIC",50,"cliver",8.09875484595592
"5699",569.8,"Simu1","DIC",50,"cliver",7.80258466767845
"5700",569.9,"Simu1","DIC",50,"cliver",7.45918214046229
"5701",570,"Simu1","DIC",50,"cliver",7.07397411357551
"5702",570.1,"Simu1","DIC",50,"cliver",6.65184644548949
"5703",570.2,"Simu1","DIC",50,"cliver",6.19719407096635
"5704",570.3,"Simu1","DIC",50,"cliver",5.71397403655152
"5705",570.4,"Simu1","DIC",50,"cliver",5.20574812988864
"5706",570.5,"Simu1","DIC",50,"cliver",4.6757167595607
"5707",570.6,"Simu1","DIC",50,"cliver",4.1267580278144
"5708",570.7,"Simu1","DIC",50,"cliver",3.56146631101618
"5709",570.8,"Simu1","DIC",50,"cliver",2.9821879703093
"5710",570.9,"Simu1","DIC",50,"cliver",2.39106177496298
"5711",571,"Simu1","DIC",50,"cliver",1.79007762413661
"5712",571.1,"Simu1","DIC",50,"cliver",1.1812193805277
"5713",571.2,"Simu1","DIC",50,"cliver",0.567083662478855
"5714",571.3,"Simu1","DIC",50,"cliver",0.00118492041792965
"5715",571.4,"Simu1","DIC",50,"cliver",0.00104786090266941
"5716",571.5,"Simu1","DIC",50,"cliver",0.000951646638404096
"5717",571.6,"Simu1","DIC",50,"cliver",0.000866699601549568
"5718",571.7,"Simu1","DIC",50,"cliver",0.000791426497525363
"5719",571.8,"Simu1","DIC",50,"cliver",0.000724535157314251
"5720",571.9,"Simu1","DIC",50,"cliver",0.000664894397873709
"5721",572,"Simu1","DIC",50,"cliver",0.000611567230229203
"5722",572.1,"Simu1","DIC",50,"cliver",0.0005638482038194
"5723",572.2,"Simu1","DIC",50,"cliver",0.000520960016985039
"5724",572.3,"Simu1","DIC",50,"cliver",0.000482366077804869
"5725",572.4,"Simu1","DIC",50,"cliver",0.000447673388809479
"5726",572.5,"Simu1","DIC",50,"cliver",0.000416236013811386
"5727",572.6,"Simu1","DIC",50,"cliver",0.000387861401089476
"5728",572.7,"Simu1","DIC",50,"cliver",0.000362221069496085
"5729",572.8,"Simu1","DIC",50,"cliver",0.000338830371132177
"5730",572.9,"Simu1","DIC",50,"cliver",0.000317743759507252
"5731",573,"Simu1","DIC",50,"cliver",0.000298494363517879
"5732",573.1,"Simu1","DIC",50,"cliver",0.000280915400037613
"5733",573.2,"Simu1","DIC",50,"cliver",0.000265020340356353
"5734",573.3,"Simu1","DIC",50,"cliver",0.000250419470149278
"5735",573.4,"Simu1","DIC",50,"cliver",0.000237110525427463
"5736",573.5,"Simu1","DIC",50,"cliver",0.000224939700718356
"5737",573.6,"Simu1","DIC",50,"cliver",0.000213824152687449
"5738",573.7,"Simu1","DIC",50,"cliver",0.000203548110890941
"5739",573.8,"Simu1","DIC",50,"cliver",0.000194319956581742
"5740",573.9,"Simu1","DIC",50,"cliver",0.000185611692565632
"5741",574,"Simu1","DIC",50,"cliver",0.000177630768397138
"5742",574.1,"Simu1","DIC",50,"cliver",0.000170467073667646
"5743",574.2,"Simu1","DIC",50,"cliver",0.000163576111858595
"5744",574.3,"Simu1","DIC",50,"cliver",0.000157469860741643
"5745",574.4,"Simu1","DIC",50,"cliver",0.000151906455813875
"5746",574.5,"Simu1","DIC",50,"cliver",0.000146451291736941
"5747",574.6,"Simu1","DIC",50,"cliver",0.000141613621245033
"5748",574.7,"Simu1","DIC",50,"cliver",0.00013722836483697
"5749",574.8,"Simu1","DIC",50,"cliver",0.000132855972973172
"5750",574.9,"Simu1","DIC",50,"cliver",0.000129001839759574
"5751",575,"Simu1","DIC",50,"cliver",0.000125549702431969
"5752",575.1,"Simu1","DIC",50,"cliver",0.000122172133940562
"5753",575.2,"Simu1","DIC",50,"cliver",0.000118873454776919
"5754",575.3,"Simu1","DIC",50,"cliver",0.000116037025971715
"5755",575.4,"Simu1","DIC",50,"cliver",0.000113314980974512
"5756",575.5,"Simu1","DIC",50,"cliver",0.000110817409475045
"5757",575.6,"Simu1","DIC",50,"cliver",0.000108323960518281
"5758",575.7,"Simu1","DIC",50,"cliver",0.00010624168945095
"5759",575.8,"Simu1","DIC",50,"cliver",0.000103913104274398
"5760",575.9,"Simu1","DIC",50,"cliver",0.000102121706554609
"5761",576,"Simu1","DIC",50,"cliver",0.000162169073699699
"5762",576.1,"Simu1","DIC",50,"cliver",0.177366709779648
"5763",576.2,"Simu1","DIC",50,"cliver",1.19635367060722
"5764",576.3,"Simu1","DIC",50,"cliver",2.5258162124195
"5765",576.4,"Simu1","DIC",50,"cliver",3.82155941373764
"5766",576.5,"Simu1","DIC",50,"cliver",4.97085756440298
"5767",576.6,"Simu1","DIC",50,"cliver",5.94578356140017
"5768",576.7,"Simu1","DIC",50,"cliver",6.7483461851782
"5769",576.8,"Simu1","DIC",50,"cliver",7.39038333140472
"5770",576.9,"Simu1","DIC",50,"cliver",7.88627293906472
"5771",577,"Simu1","DIC",50,"cliver",8.25035488032746
"5772",577.1,"Simu1","DIC",50,"cliver",8.49607340513601
"5773",577.2,"Simu1","DIC",50,"cliver",8.63574697164129
"5774",577.3,"Simu1","DIC",50,"cliver",8.6805592663271
"5775",577.4,"Simu1","DIC",50,"cliver",8.64062471475042
"5776",577.5,"Simu1","DIC",50,"cliver",8.52507484466079
"5777",577.6,"Simu1","DIC",50,"cliver",8.34214642663481
"5778",577.7,"Simu1","DIC",50,"cliver",8.0992652617206
"5779",577.8,"Simu1","DIC",50,"cliver",7.80312319161739
"5780",577.9,"Simu1","DIC",50,"cliver",7.45974807583843
"5781",578,"Simu1","DIC",50,"cliver",7.07456789058589
"5782",578.1,"Simu1","DIC",50,"cliver",6.65246905039994
"5783",578.2,"Simu1","DIC",50,"cliver",6.1978484801606
"5784",578.3,"Simu1","DIC",50,"cliver",5.71466201468128
"5785",578.4,"Simu1","DIC",50,"cliver",5.20646771199668
"5786",578.5,"Simu1","DIC",50,"cliver",4.67646610301038
"5787",578.6,"Simu1","DIC",50,"cliver",4.12753716348968
"5788",578.7,"Simu1","DIC",50,"cliver",3.56227667644826
"5789",578.8,"Simu1","DIC",50,"cliver",2.98302942919343
"5790",578.9,"Simu1","DIC",50,"cliver",2.39193340182938
"5791",579,"Simu1","DIC",50,"cliver",1.79097792939661
"5792",579.1,"Simu1","DIC",50,"cliver",1.18214735072115
"5793",579.2,"Simu1","DIC",50,"cliver",0.568036290331828
"5794",579.3,"Simu1","DIC",50,"cliver",0.00119045777823267
"5795",579.4,"Simu1","DIC",50,"cliver",0.00104822346723659
"5796",579.5,"Simu1","DIC",50,"cliver",0.000951997329481415
"5797",579.6,"Simu1","DIC",50,"cliver",0.000867039681518526
"5798",579.7,"Simu1","DIC",50,"cliver",0.000791757574485021
"5799",579.8,"Simu1","DIC",50,"cliver",0.000724859149248299
"5800",579.9,"Simu1","DIC",50,"cliver",0.000665208447306525
"5801",580,"Simu1","DIC",50,"cliver",0.000611876463077744
"5802",580.1,"Simu1","DIC",50,"cliver",0.000564154467738257
"5803",580.2,"Simu1","DIC",50,"cliver",0.000521263970661081
"5804",580.3,"Simu1","DIC",50,"cliver",0.000482673850843628
"5805",580.4,"Simu1","DIC",50,"cliver",0.000447924787741548
"5806",580.5,"Simu1","DIC",50,"cliver",0.000416537833967055
"5807",580.6,"Simu1","DIC",50,"cliver",0.000388157511448514
"5808",580.7,"Simu1","DIC",50,"cliver",0.000362462252490778
"5809",580.8,"Simu1","DIC",50,"cliver",0.000339148734399563
"5810",580.9,"Simu1","DIC",50,"cliver",0.000318006952576342
"5811",581,"Simu1","DIC",50,"cliver",0.000298720022627806
"5812",581.1,"Simu1","DIC",50,"cliver",0.000281290296918677
"5813",581.2,"Simu1","DIC",50,"cliver",0.000265109607196503
"5814",581.3,"Simu1","DIC",50,"cliver",0.000250996452958188
"5815",581.4,"Simu1","DIC",50,"cliver",0.000237358888671582
"5816",581.5,"Simu1","DIC",50,"cliver",0.000225198141877178
"5817",581.6,"Simu1","DIC",50,"cliver",0.000214052569875513
"5818",581.7,"Simu1","DIC",50,"cliver",0.000203837600594625
"5819",581.8,"Simu1","DIC",50,"cliver",0.000194465738033251
"5820",581.9,"Simu1","DIC",50,"cliver",0.000185857824944428
"5821",582,"Simu1","DIC",50,"cliver",0.00017794392081539
"5822",582.1,"Simu1","DIC",50,"cliver",0.000170660816570278
"5823",582.2,"Simu1","DIC",50,"cliver",0.000163951424332019
"5824",582.3,"Simu1","DIC",50,"cliver",0.00015776406578899
"5825",582.4,"Simu1","DIC",50,"cliver",0.000152052100804122
"5826",582.5,"Simu1","DIC",50,"cliver",0.000146773531423762
"5827",582.6,"Simu1","DIC",50,"cliver",0.000141890402927448
"5828",582.7,"Simu1","DIC",50,"cliver",0.000137368374911562
"5829",582.8,"Simu1","DIC",50,"cliver",0.000133176321979234
"5830",582.9,"Simu1","DIC",50,"cliver",0.00012928604126836
"5831",583,"Simu1","DIC",50,"cliver",0.000125671952789935
"5832",583.1,"Simu1","DIC",50,"cliver",0.000122310877320432
"5833",583.2,"Simu1","DIC",50,"cliver",0.000119181732818564
"5834",583.3,"Simu1","DIC",50,"cliver",0.000116265348545603
"5835",583.4,"Simu1","DIC",50,"cliver",0.00011354429215871
"5836",583.5,"Simu1","DIC",50,"cliver",0.000111002696647943
"5837",583.6,"Simu1","DIC",50,"cliver",0.000108626163009746
"5838",583.7,"Simu1","DIC",50,"cliver",0.000106401578445621
"5839",583.8,"Simu1","DIC",50,"cliver",0.000104316924850815
"5840",583.9,"Simu1","DIC",50,"cliver",0.000102361372485637
"5841",584,"Simu1","DIC",50,"cliver",0.000162415082673992
"5842",584.1,"Simu1","DIC",50,"cliver",0.177382831497637
"5843",584.2,"Simu1","DIC",50,"cliver",1.19641236356164
"5844",584.3,"Simu1","DIC",50,"cliver",2.52591985363938
"5845",584.4,"Simu1","DIC",50,"cliver",3.8217072735888
"5846",584.5,"Simu1","DIC",50,"cliver",4.97104890695984
"5847",584.6,"Simu1","DIC",50,"cliver",5.94601734034816
"5848",584.7,"Simu1","DIC",50,"cliver",6.74862119846168
"5849",584.8,"Simu1","DIC",50,"cliver",7.39069840213438
"5850",584.9,"Simu1","DIC",50,"cliver",7.88662799528888
"5851",585,"Simu1","DIC",50,"cliver",8.25074749614168
"5852",585.1,"Simu1","DIC",50,"cliver",8.49650017376067
"5853",585.2,"Simu1","DIC",50,"cliver",8.63620986366302
"5854",585.3,"Simu1","DIC",50,"cliver",8.68105837090228
"5855",585.4,"Simu1","DIC",50,"cliver",8.64115932962289
"5856",585.5,"Simu1","DIC",50,"cliver",8.52564455607497
"5857",585.6,"Simu1","DIC",50,"cliver",8.34275076885766
"5858",585.7,"Simu1","DIC",50,"cliver",8.09990423215212
"5859",585.8,"Simu1","DIC",50,"cliver",7.80379718944406
"5860",585.9,"Simu1","DIC",50,"cliver",7.46045646505731
"5861",586,"Simu1","DIC",50,"cliver",7.07530954499015
"5862",586.1,"Simu1","DIC",50,"cliver",6.65324208670742
"5863",586.2,"Simu1","DIC",50,"cliver",6.1986495709982
"5864",586.3,"Simu1","DIC",50,"cliver",5.71549099458279
"5865",586.4,"Simu1","DIC",50,"cliver",5.20732595497026
"5866",586.5,"Simu1","DIC",50,"cliver",4.67735358362797
"5867",586.6,"Simu1","DIC",50,"cliver",4.12845275662236
"5868",586.7,"Simu1","DIC",50,"cliver",3.56321857851917
"5869",586.8,"Simu1","DIC",50,"cliver",2.9839974566988
"5870",586.9,"Simu1","DIC",50,"cliver",2.39292758641393
"5871",587,"Simu1","DIC",50,"cliver",1.79199841113784
"5872",587.1,"Simu1","DIC",50,"cliver",1.18319161327017
"5873",587.2,"Simu1","DIC",50,"cliver",0.569104527044676
"5874",587.3,"Simu1","DIC",50,"cliver",0.00119750073524417
"5875",587.4,"Simu1","DIC",50,"cliver",0.00104859353039381
"5876",587.5,"Simu1","DIC",50,"cliver",0.00095235381866111
"5877",587.6,"Simu1","DIC",50,"cliver",0.000867384486339654
"5878",587.7,"Simu1","DIC",50,"cliver",0.000792091757244047
"5879",587.8,"Simu1","DIC",50,"cliver",0.00072518321888967
"5880",587.9,"Simu1","DIC",50,"cliver",0.000665526801518971
"5881",588,"Simu1","DIC",50,"cliver",0.000612185895185054
"5882",588.1,"Simu1","DIC",50,"cliver",0.000564455086020962
"5883",588.2,"Simu1","DIC",50,"cliver",0.000521555077899729
"5884",588.3,"Simu1","DIC",50,"cliver",0.00048295097694519
"5885",588.4,"Simu1","DIC",50,"cliver",0.000448250733014037
"5886",588.5,"Simu1","DIC",50,"cliver",0.000416802558858214
"5887",588.6,"Simu1","DIC",50,"cliver",0.000388424895888592
"5888",588.7,"Simu1","DIC",50,"cliver",0.000362778695557327
"5889",588.8,"Simu1","DIC",50,"cliver",0.000339372214139306
"5890",588.9,"Simu1","DIC",50,"cliver",0.000318288054938133
"5891",589,"Simu1","DIC",50,"cliver",0.000299035817970154
"5892",589.1,"Simu1","DIC",50,"cliver",0.000281441133108804
"5893",589.2,"Simu1","DIC",50,"cliver",0.000265550213201265
"5894",589.3,"Simu1","DIC",50,"cliver",0.000250944561416124
"5895",589.4,"Simu1","DIC",50,"cliver",0.000237631259572226
"5896",589.5,"Simu1","DIC",50,"cliver",0.000225457159512112
"5897",589.6,"Simu1","DIC",50,"cliver",0.000214353813038685
"5898",589.7,"Simu1","DIC",50,"cliver",0.000204038161472936
"5899",589.8,"Simu1","DIC",50,"cliver",0.00019490201233791
"5900",589.9,"Simu1","DIC",50,"cliver",0.000186111935918905
"5901",590,"Simu1","DIC",50,"cliver",0.000178095283863726
"5902",590.1,"Simu1","DIC",50,"cliver",0.000171021020005366
"5903",590.2,"Simu1","DIC",50,"cliver",0.00016417887621052
"5904",590.3,"Simu1","DIC",50,"cliver",0.000157914094596227
"5905",590.4,"Simu1","DIC",50,"cliver",0.000152408665273854
"5906",590.5,"Simu1","DIC",50,"cliver",0.000147004777444419
"5907",590.6,"Simu1","DIC",50,"cliver",0.000142032240052771
"5908",590.7,"Simu1","DIC",50,"cliver",0.00013771438951848
"5909",590.8,"Simu1","DIC",50,"cliver",0.000133504319062216
"5910",590.9,"Simu1","DIC",50,"cliver",0.000129541192987247
"5911",591,"Simu1","DIC",50,"cliver",0.000125838250129011
"5912",591.1,"Simu1","DIC",50,"cliver",0.000122607941057908
"5913",591.2,"Simu1","DIC",50,"cliver",0.000119487287626738
"5914",591.3,"Simu1","DIC",50,"cliver",0.000116485313196285
"5915",591.4,"Simu1","DIC",50,"cliver",0.000113788165789886
"5916",591.5,"Simu1","DIC",50,"cliver",0.000111237948088927
"5917",591.6,"Simu1","DIC",50,"cliver",0.000108863331233971
"5918",591.7,"Simu1","DIC",50,"cliver",0.000106636667191537
"5919",591.8,"Simu1","DIC",50,"cliver",0.000104552290415676
"5920",591.9,"Simu1","DIC",50,"cliver",0.000102595977506497
"5921",592,"Simu1","DIC",50,"cliver",0.000162655659542891
"5922",592.1,"Simu1","DIC",50,"cliver",0.17739775563039
"5923",592.2,"Simu1","DIC",50,"cliver",1.19646159999373
"5924",592.3,"Simu1","DIC",50,"cliver",2.52600364471962
"5925",592.4,"Simu1","DIC",50,"cliver",3.82182465506171
"5926",592.5,"Simu1","DIC",50,"cliver",4.97119961332009
"5927",592.6,"Simu1","DIC",50,"cliver",5.94620100048561
"5928",592.7,"Simu1","DIC",50,"cliver",6.74883763318648
"5929",592.8,"Simu1","DIC",50,"cliver",7.39094761421399
"5930",592.9,"Simu1","DIC",50,"cliver",7.88690887125908
"5931",593,"Simu1","DIC",50,"cliver",8.25106036357659
"5932",593.1,"Simu1","DIC",50,"cliver",8.49684793450997
"5933",593.2,"Simu1","DIC",50,"cliver",8.63658768624261
"5934",593.3,"Simu1","DIC",50,"cliver",8.68146623451519
"5935",593.4,"Simu1","DIC",50,"cliver",8.64159812539391
"5936",593.5,"Simu1","DIC",50,"cliver",8.5261146827093
"5937",593.6,"Simu1","DIC",50,"cliver",8.34325101126757
"5938",593.7,"Simu1","DIC",50,"cliver",8.10043418870856
"5939",593.8,"Simu1","DIC",50,"cliver",7.80435635343933
"5940",593.9,"Simu1","DIC",50,"cliver",7.46104612233813
"5941",594,"Simu1","DIC",50,"cliver",7.07593007856546
"5942",594.1,"Simu1","DIC",50,"cliver",6.65389325614396
"5943",594.2,"Simu1","DIC",50,"cliver",6.19933341636228
"5944",594.3,"Simu1","DIC",50,"cliver",5.71620322480126
"5945",594.4,"Simu1","DIC",50,"cliver",5.20806315826018
"5946",594.5,"Simu1","DIC",50,"cliver",4.67811707510522
"5947",594.6,"Simu1","DIC",50,"cliver",4.12924453798007
"5948",594.7,"Simu1","DIC",50,"cliver",3.56403863063217
"5949",594.8,"Simu1","DIC",50,"cliver",2.98484458113468
"5950",594.9,"Simu1","DIC",50,"cliver",2.39380099169355
"5951",595,"Simu1","DIC",50,"cliver",1.79289793566598
"5952",595.1,"Simu1","DIC",50,"cliver",1.18411779844507
"5953",595.2,"Simu1","DIC",50,"cliver",0.570048567477406
"5954",595.3,"Simu1","DIC",50,"cliver",0.0012049928311201
"5955",595.4,"Simu1","DIC",50,"cliver",0.00104894118154777
"5956",595.5,"Simu1","DIC",50,"cliver",0.000952689593875621
"5957",595.6,"Simu1","DIC",50,"cliver",0.000867709832116734
"5958",595.7,"Simu1","DIC",50,"cliver",0.000792407980416082
"5959",595.8,"Simu1","DIC",50,"cliver",0.000725491587591774
"5960",595.9,"Simu1","DIC",50,"cliver",0.000665827366548721
"5961",596,"Simu1","DIC",50,"cliver",0.000612480396216011
"5962",596.1,"Simu1","DIC",50,"cliver",0.00056474446526881
"5963",596.2,"Simu1","DIC",50,"cliver",0.000521837842465347
"5964",596.3,"Simu1","DIC",50,"cliver",0.000483229807725334
"5965",596.4,"Simu1","DIC",50,"cliver",0.000448526122448559
"5966",596.5,"Simu1","DIC",50,"cliver",0.000417070831510546
"5967",596.6,"Simu1","DIC",50,"cliver",0.000388697538767511
"5968",596.7,"Simu1","DIC",50,"cliver",0.000363045489520054
"5969",596.8,"Simu1","DIC",50,"cliver",0.000339627919711186
"5970",596.9,"Simu1","DIC",50,"cliver",0.000318549524661503
"5971",597,"Simu1","DIC",50,"cliver",0.000299294323497344
"5972",597.1,"Simu1","DIC",50,"cliver",0.000281691757020065
"5973",597.2,"Simu1","DIC",50,"cliver",0.000265802209497187
"5974",597.3,"Simu1","DIC",50,"cliver",0.000251194569839319
"5975",597.4,"Simu1","DIC",50,"cliver",0.000237880533667234
"5976",597.5,"Simu1","DIC",50,"cliver",0.000225705222413483
"5977",597.6,"Simu1","DIC",50,"cliver",0.000214612396832
"5978",597.7,"Simu1","DIC",50,"cliver",0.000204246697740446
"5979",597.8,"Simu1","DIC",50,"cliver",0.00019496239786725
"5980",597.9,"Simu1","DIC",50,"cliver",0.000186401526679494
"5981",598,"Simu1","DIC",50,"cliver",0.000178377617563239
"5982",598.1,"Simu1","DIC",50,"cliver",0.000171290359773573
"5983",598.2,"Simu1","DIC",50,"cliver",0.000164459158138834
"5984",598.3,"Simu1","DIC",50,"cliver",0.00015814381921174
"5985",598.4,"Simu1","DIC",50,"cliver",0.000152625794016443
"5986",598.5,"Simu1","DIC",50,"cliver",0.000147263039708622
"5987",598.6,"Simu1","DIC",50,"cliver",0.000142258704043095
"5988",598.7,"Simu1","DIC",50,"cliver",0.000137908266579055
"5989",598.8,"Simu1","DIC",50,"cliver",0.00013358403814932
"5990",598.9,"Simu1","DIC",50,"cliver",0.000129822084414063
"5991",599,"Simu1","DIC",50,"cliver",0.000126078866164506
"5992",599.1,"Simu1","DIC",50,"cliver",0.000122841488008303
"5993",599.2,"Simu1","DIC",50,"cliver",0.000119587819481945
"5994",599.3,"Simu1","DIC",50,"cliver",0.0001167504119849
"5995",599.4,"Simu1","DIC",50,"cliver",0.000114006732031885
"5996",599.5,"Simu1","DIC",50,"cliver",0.000111469610263193
"5997",599.6,"Simu1","DIC",50,"cliver",0.000109090244475147
"5998",599.7,"Simu1","DIC",50,"cliver",0.000106865722381947
"5999",599.8,"Simu1","DIC",50,"cliver",0.000104779658044329
"6000",599.9,"Simu1","DIC",50,"cliver",0.000102823262959577
"6001",600,"Simu1","DIC",50,"cliver",0.000162887345755692
"6002",600.1,"Simu1","DIC",50,"cliver",0.177412687868683
"6003",600.2,"Simu1","DIC",50,"cliver",1.19651090122149
"6004",600.3,"Simu1","DIC",50,"cliver",2.52608546924728
"6005",600.4,"Simu1","DIC",50,"cliver",3.82193938468472
"6006",600.5,"Simu1","DIC",50,"cliver",4.97134684633787
"6007",600.6,"Simu1","DIC",50,"cliver",5.94638037740718
"6008",600.7,"Simu1","DIC",50,"cliver",6.74904891934703
"6009",600.8,"Simu1","DIC",50,"cliver",7.39119082113354
"6010",600.9,"Simu1","DIC",50,"cliver",7.88718329695009
"6011",601,"Simu1","DIC",50,"cliver",8.25136631597145
"6012",601.1,"Simu1","DIC",50,"cliver",8.49718484775937
"6013",601.2,"Simu1","DIC",50,"cliver",8.63695702756328
"6014",601.3,"Simu1","DIC",50,"cliver",8.68186672654641
"6015",601.4,"Simu1","DIC",50,"cliver",8.64202850637555
"6016",601.5,"Simu1","DIC",50,"cliver",8.52657380618317
"6017",601.6,"Simu1","DIC",50,"cliver",8.34374008554754
"6018",601.7,"Simu1","DIC",50,"cliver",8.10095269459353
"6019",601.8,"Simu1","DIC",50,"cliver",7.80490362817507
"6020",601.9,"Simu1","DIC",50,"cliver",7.46162174927846
"6021",602,"Simu1","DIC",50,"cliver",7.07653405142483
"6022",602.1,"Simu1","DIC",50,"cliver",6.65452608806898
"6023",602.2,"Simu1","DIC",50,"cliver",6.19999444929621
"6024",602.3,"Simu1","DIC",50,"cliver",5.71689280805084
"6025",602.4,"Simu1","DIC",50,"cliver",5.20878028378778
"6026",602.5,"Simu1","DIC",50,"cliver",4.6788605255478
"6027",602.6,"Simu1","DIC",50,"cliver",4.13001456147331
"6028",602.7,"Simu1","DIC",50,"cliver",3.56483544254262
"6029",602.8,"Simu1","DIC",50,"cliver",2.98566789810084
"6030",602.9,"Simu1","DIC",50,"cliver",2.394650188171
"6031",603,"Simu1","DIC",50,"cliver",1.793773375763
"6032",603.1,"Simu1","DIC",50,"cliver",1.18501789411946
"6033",603.2,"Simu1","DIC",50,"cliver",0.570969560108383
"6034",603.3,"Simu1","DIC",50,"cliver",0.00121349922990351
"6035",603.4,"Simu1","DIC",50,"cliver",0.00104927915692817
"6036",603.5,"Simu1","DIC",50,"cliver",0.000953015979250194
"6037",603.6,"Simu1","DIC",50,"cliver",0.000868026036901481
"6038",603.7,"Simu1","DIC",50,"cliver",0.000792715270915697
"6039",603.8,"Simu1","DIC",50,"cliver",0.000725791156800839
"6040",603.9,"Simu1","DIC",50,"cliver",0.000666119462562544
"6041",604,"Simu1","DIC",50,"cliver",0.000612766465297923
"6042",604.1,"Simu1","DIC",50,"cliver",0.000565025460696118
"6043",604.2,"Simu1","DIC",50,"cliver",0.000522112666429117
"6044",604.3,"Simu1","DIC",50,"cliver",0.000483500498366393
"6045",604.4,"Simu1","DIC",50,"cliver",0.000448793560534499
"6046",604.5,"Simu1","DIC",50,"cliver",0.000417331426159325
"6047",604.6,"Simu1","DIC",50,"cliver",0.000388958088946234
"6048",604.7,"Simu1","DIC",50,"cliver",0.000363305204159942
"6049",604.8,"Simu1","DIC",50,"cliver",0.000339875735968123
"6050",604.9,"Simu1","DIC",50,"cliver",0.000318803051733758
"6051",605,"Simu1","DIC",50,"cliver",0.000299546249723787
"6052",605.1,"Simu1","DIC",50,"cliver",0.000281934602756961
"6053",605.2,"Simu1","DIC",50,"cliver",0.000266046905974482
"6054",605.3,"Simu1","DIC",50,"cliver",0.000251435730567484
"6055",605.4,"Simu1","DIC",50,"cliver",0.00023812303949412
"6056",605.5,"Simu1","DIC",50,"cliver",0.000225946904658074
"6057",605.6,"Simu1","DIC",50,"cliver",0.000214868272647271
"6058",605.7,"Simu1","DIC",50,"cliver",0.000204449393409391
"6059",605.8,"Simu1","DIC",50,"cliver",0.000195204742135334
"6060",605.9,"Simu1","DIC",50,"cliver",0.000186653598227116
"6061",606,"Simu1","DIC",50,"cliver",0.000178589951582315
"6062",606.1,"Simu1","DIC",50,"cliver",0.000171586085414288
"6063",606.2,"Simu1","DIC",50,"cliver",0.000164688423766577
"6064",606.3,"Simu1","DIC",50,"cliver",0.000158331797425496
"6065",606.4,"Simu1","DIC",50,"cliver",0.000152902256432408
"6066",606.5,"Simu1","DIC",50,"cliver",0.000147487621363687
"6067",606.6,"Simu1","DIC",50,"cliver",0.000142437941758741
"6068",606.7,"Simu1","DIC",50,"cliver",0.000138164365499247
"6069",606.8,"Simu1","DIC",50,"cliver",0.000133777366143521
"6070",606.9,"Simu1","DIC",50,"cliver",0.000130077761216866
"6071",607,"Simu1","DIC",50,"cliver",0.000126271567715418
"6072",607.1,"Simu1","DIC",50,"cliver",0.000123096811763186
"6073",607.2,"Simu1","DIC",50,"cliver",0.000119777289938941
"6074",607.3,"Simu1","DIC",50,"cliver",0.000116985412072314
"6075",607.4,"Simu1","DIC",50,"cliver",0.000114227104809884
"6076",607.5,"Simu1","DIC",50,"cliver",0.000111692137788363
"6077",607.6,"Simu1","DIC",50,"cliver",0.000109311964841915
"6078",607.7,"Simu1","DIC",50,"cliver",0.000107087255431224
"6079",607.8,"Simu1","DIC",50,"cliver",0.000105000619635768
"6080",607.9,"Simu1","DIC",50,"cliver",0.000103043862499328
"6081",608,"Simu1","DIC",50,"cliver",0.000163113231071293
"6082",608.1,"Simu1","DIC",50,"cliver",0.177426735144706
"6083",608.2,"Simu1","DIC",50,"cliver",1.19655952514561
"6084",608.3,"Simu1","DIC",50,"cliver",2.52617037306683
"6085",608.4,"Simu1","DIC",50,"cliver",3.82205937543584
"6086",608.5,"Simu1","DIC",50,"cliver",4.97150148443409
"6087",608.6,"Simu1","DIC",50,"cliver",5.94656919134715
"6088",608.7,"Simu1","DIC",50,"cliver",6.74927133064706
"6089",608.8,"Simu1","DIC",50,"cliver",7.39144605764753
"6090",608.9,"Simu1","DIC",50,"cliver",7.88747095646416
"6091",609,"Simu1","DIC",50,"cliver",8.25168569430509
"6092",609.1,"Simu1","DIC",50,"cliver",8.49753504390737
"6093",609.2,"Simu1","DIC",50,"cliver",8.6373384107997
"6094",609.3,"Simu1","DIC",50,"cliver",8.68227888865724
"6095",609.4,"Simu1","DIC",50,"cliver",8.64247096869603
"6096",609.5,"Simu1","DIC",50,"cliver",8.52704641209062
"6097",609.6,"Simu1","DIC",50,"cliver",8.34424184643537
"6098",609.7,"Simu1","DIC",50,"cliver",8.10148418356426
"6099",609.8,"Simu1","DIC",50,"cliver",7.80546436779332
"6100",609.9,"Simu1","DIC",50,"cliver",7.46220999793964
"6101",610,"Simu1","DIC",50,"cliver",7.07714840104882
"6102",610.1,"Simu1","DIC",50,"cliver",6.65516437954349
"6103",610.2,"Simu1","DIC",50,"cliver",6.20065664688155
"6104",610.3,"Simu1","DIC",50,"cliver",5.71758332871519
"6105",610.4,"Simu1","DIC",50,"cliver",5.20950154271622
"6106",610.5,"Simu1","DIC",50,"cliver",4.67961066292693
"6107",610.6,"Simu1","DIC",50,"cliver",4.13079061412155
"6108",610.7,"Simu1","DIC",50,"cliver",3.5656369343159
"6109",610.8,"Simu1","DIC",50,"cliver",2.98649553666513
"6110",610.9,"Simu1","DIC",50,"cliver",2.39550398086926
"6111",611,"Simu1","DIC",50,"cliver",1.79465218879248
"6112",611.1,"Simu1","DIC",50,"cliver",1.18591865830585
"6113",611.2,"Simu1","DIC",50,"cliver",0.571894548051641
"6114",611.3,"Simu1","DIC",50,"cliver",0.00122345656147446
"6115",611.4,"Simu1","DIC",50,"cliver",0.0010496123893742
"6116",611.5,"Simu1","DIC",50,"cliver",0.000953337434208907
"6117",611.6,"Simu1","DIC",50,"cliver",0.00086833707417546
"6118",611.7,"Simu1","DIC",50,"cliver",0.000793017343502556
"6119",611.8,"Simu1","DIC",50,"cliver",0.000726085672528962
"6120",611.9,"Simu1","DIC",50,"cliver",0.000666405546485027
"6121",612,"Simu1","DIC",50,"cliver",0.000613047057938052
"6122",612.1,"Simu1","DIC",50,"cliver",0.000565301529794462
"6123",612.2,"Simu1","DIC",50,"cliver",0.000522389984858859
"6124",612.3,"Simu1","DIC",50,"cliver",0.000483780588642888
"6125",612.4,"Simu1","DIC",50,"cliver",0.000449014322422921
"6126",612.5,"Simu1","DIC",50,"cliver",0.000417611668983026
"6127",612.6,"Simu1","DIC",50,"cliver",0.000389217128220745
"6128",612.7,"Simu1","DIC",50,"cliver",0.000363508916204897
"6129",612.8,"Simu1","DIC",50,"cliver",0.000340183476264573
"6130",612.9,"Simu1","DIC",50,"cliver",0.000319031013162379
"6131",613,"Simu1","DIC",50,"cliver",0.000299733838904186
"6132",613.1,"Simu1","DIC",50,"cliver",0.000282295658781054
"6133",613.2,"Simu1","DIC",50,"cliver",0.000266104951473899
"6134",613.3,"Simu1","DIC",50,"cliver",0.000251990176345226
"6135",613.4,"Simu1","DIC",50,"cliver",0.000238340661020179
"6136",613.5,"Simu1","DIC",50,"cliver",0.000226172983308503
"6137",613.6,"Simu1","DIC",50,"cliver",0.000215021264278306
"6138",613.7,"Simu1","DIC",50,"cliver",0.000204800566590083
"6139",613.8,"Simu1","DIC",50,"cliver",0.000195423374057577
"6140",613.9,"Simu1","DIC",50,"cliver",0.000186810494016239
"6141",614,"Simu1","DIC",50,"cliver",0.000178891952867117
"6142",614.1,"Simu1","DIC",50,"cliver",0.000171604514613349
"6143",614.2,"Simu1","DIC",50,"cliver",0.00016489106527778
"6144",614.3,"Simu1","DIC",50,"cliver",0.000158699901639347
"6145",614.4,"Simu1","DIC",50,"cliver",0.000152984363844361
"6146",614.5,"Simu1","DIC",50,"cliver",0.000147702434369783
"6147",614.6,"Simu1","DIC",50,"cliver",0.000142816141924801
"6148",614.7,"Simu1","DIC",50,"cliver",0.000138291130019762
"6149",614.8,"Simu1","DIC",50,"cliver",0.000134096259454137
"6150",614.9,"Simu1","DIC",50,"cliver",0.000130203314156571
"6151",615,"Simu1","DIC",50,"cliver",0.000126586702719184
"6152",615.1,"Simu1","DIC",50,"cliver",0.000123223235094071
"6153",615.2,"Simu1","DIC",50,"cliver",0.000120091819466998
"6154",615.3,"Simu1","DIC",50,"cliver",0.000117173276329684
"6155",615.4,"Simu1","DIC",50,"cliver",0.000114450164925215
"6156",615.5,"Simu1","DIC",50,"cliver",0.00011190661088413
"6157",615.6,"Simu1","DIC",50,"cliver",0.000109528208762716
"6158",615.7,"Simu1","DIC",50,"cliver",0.000107301839084093
"6159",615.8,"Simu1","DIC",50,"cliver",0.000105215477909766
"6160",615.9,"Simu1","DIC",50,"cliver",0.000103258283584634
"6161",616,"Simu1","DIC",50,"cliver",0.000163331086418272
"6162",616.1,"Simu1","DIC",50,"cliver",0.177440841082292
"6163",616.2,"Simu1","DIC",50,"cliver",1.19660831582903
"6164",616.3,"Simu1","DIC",50,"cliver",2.5262534186546
"6165",616.4,"Simu1","DIC",50,"cliver",3.82217685111358
"6166",616.5,"Simu1","DIC",50,"cliver",4.9716527717814
"6167",616.6,"Simu1","DIC",50,"cliver",5.94675381882896
"6168",616.7,"Simu1","DIC",50,"cliver",6.74948875932983
"6169",616.8,"Simu1","DIC",50,"cliver",7.39169557873374
"6170",616.9,"Simu1","DIC",50,"cliver",7.88775273326269
"6171",617,"Simu1","DIC",50,"cliver",8.25199821932399
"6172",617.1,"Simu1","DIC",50,"cliver",8.49787777181898
"6173",617.2,"Simu1","DIC",50,"cliver",8.63771335979051
"6174",617.3,"Simu1","DIC",50,"cliver",8.68268251813522
"6175",617.4,"Simu1","DIC",50,"cliver",8.64290489186224
"6176",617.5,"Simu1","DIC",50,"cliver",8.52750904131297
"6177",617.6,"Simu1","DIC",50,"cliver",8.34473322648046
"6178",617.7,"Simu1","DIC",50,"cliver",8.10200335947876
"6179",617.8,"Simu1","DIC",50,"cliver",7.80601188845457
"6180",617.9,"Simu1","DIC",50,"cliver",7.46278500335636
"6181",618,"Simu1","DIC",50,"cliver",7.07775147374035
"6182",618.1,"Simu1","DIC",50,"cliver",6.65579561000625
"6183",618.2,"Simu1","DIC",50,"cliver",6.20131429105515
"6184",618.3,"Simu1","DIC",50,"cliver",5.71826609078064
"6185",618.4,"Simu1","DIC",50,"cliver",5.210210253197
"6186",618.5,"Simu1","DIC",50,"cliver",4.68034564154317
"6187",618.6,"Simu1","DIC",50,"cliver",4.13155141508805
"6188",618.7,"Simu1","DIC",50,"cliver",3.56642289330047
"6189",618.8,"Simu1","DIC",50,"cliver",2.98730629867353
"6190",618.9,"Simu1","DIC",50,"cliver",2.39633947139644
"6191",619,"Simu1","DIC",50,"cliver",1.79551142907958
"6192",619.1,"Simu1","DIC",50,"cliver",1.18680278477018
"6193",619.2,"Simu1","DIC",50,"cliver",0.57279440103702
"6194",619.3,"Simu1","DIC",50,"cliver",0.00123456566575999
"6195",619.4,"Simu1","DIC",50,"cliver",0.00104993380137936
"6196",619.5,"Simu1","DIC",50,"cliver",0.000953647577029571
"6197",619.6,"Simu1","DIC",50,"cliver",0.000868637487566464
"6198",619.7,"Simu1","DIC",50,"cliver",0.000793308949889676
"6199",619.8,"Simu1","DIC",50,"cliver",0.00072636904288025
"6200",619.9,"Simu1","DIC",50,"cliver",0.000666683699545203
"6201",620,"Simu1","DIC",50,"cliver",0.000613318055327742
"6202",620.1,"Simu1","DIC",50,"cliver",0.000565565661010943
"6203",620.2,"Simu1","DIC",50,"cliver",0.00052264352703091
"6204",620.3,"Simu1","DIC",50,"cliver",0.000484021917630357
"6205",620.4,"Simu1","DIC",50,"cliver",0.000449306653391438
"6206",620.5,"Simu1","DIC",50,"cliver",0.000417838614680983
"6207",620.6,"Simu1","DIC",50,"cliver",0.000389456577309936
"6208",620.7,"Simu1","DIC",50,"cliver",0.000363797197195535
"6209",620.8,"Simu1","DIC",50,"cliver",0.000340365632568102
"6210",620.9,"Simu1","DIC",50,"cliver",0.000319284178282232
"6211",621,"Simu1","DIC",50,"cliver",0.000300023168389739
"6212",621.1,"Simu1","DIC",50,"cliver",0.000282408756873132
"6213",621.2,"Simu1","DIC",50,"cliver",0.000266516687326978
"6214",621.3,"Simu1","DIC",50,"cliver",0.000251902198190558
"6215",621.4,"Simu1","DIC",50,"cliver",0.000238584709484258
"6216",621.5,"Simu1","DIC",50,"cliver",0.000226405066590163
"6217",621.6,"Simu1","DIC",50,"cliver",0.000215318228638808
"6218",621.7,"Simu1","DIC",50,"cliver",0.000204915794185006
"6219",621.8,"Simu1","DIC",50,"cliver",0.000195652395591411
"6220",621.9,"Simu1","DIC",50,"cliver",0.000187095884683699
"6221",622,"Simu1","DIC",50,"cliver",0.000179044148810822
"6222",622.1,"Simu1","DIC",50,"cliver",0.000172006078119913
"6223",622.2,"Simu1","DIC",50,"cliver",0.000165132993171846
"6224",622.3,"Simu1","DIC",50,"cliver",0.000158788172393587
"6225",622.4,"Simu1","DIC",50,"cliver",0.000153322562217561
"6226",622.5,"Simu1","DIC",50,"cliver",0.000147927658835583
"6227",622.6,"Simu1","DIC",50,"cliver",0.000142892145295186
"6228",622.7,"Simu1","DIC",50,"cliver",0.000138587742270199
"6229",622.8,"Simu1","DIC",50,"cliver",0.000134223271530729
"6230",622.9,"Simu1","DIC",50,"cliver",0.000130498250718094
"6231",623,"Simu1","DIC",50,"cliver",0.000126714779012824
"6232",623.1,"Simu1","DIC",50,"cliver",0.000123514529153352
"6233",623.2,"Simu1","DIC",50,"cliver",0.000120219371568934
"6234",623.3,"Simu1","DIC",50,"cliver",0.00011740816946089
"6235",623.4,"Simu1","DIC",50,"cliver",0.000114654966245782
"6236",623.5,"Simu1","DIC",50,"cliver",0.000112117719505728
"6237",623.6,"Simu1","DIC",50,"cliver",0.000109736859309706
"6238",623.7,"Simu1","DIC",50,"cliver",0.000107511196408959
"6239",623.8,"Simu1","DIC",50,"cliver",0.000105423828560363
"6240",623.9,"Simu1","DIC",50,"cliver",0.000103466281798599
"6241",624,"Simu1","DIC",50,"cliver",0.00016354365507518
"6242",624.1,"Simu1","DIC",50,"cliver",0.177454291046191
"6243",624.2,"Simu1","DIC",50,"cliver",1.19665382727298
"6244",624.3,"Simu1","DIC",50,"cliver",2.52633096790374
"6245",624.4,"Simu1","DIC",50,"cliver",3.82228601868548
"6246",624.5,"Simu1","DIC",50,"cliver",4.97179323529476
"6247",624.6,"Simu1","DIC",50,"cliver",5.94692519522275
"6248",624.7,"Simu1","DIC",50,"cliver",6.7496905977858
"6249",624.8,"Simu1","DIC",50,"cliver",7.39192771662641
"6250",624.9,"Simu1","DIC",50,"cliver",7.8880141802018
"6251",625,"Simu1","DIC",50,"cliver",8.25228927484966
"6252",625.1,"Simu1","DIC",50,"cliver",8.49820482958405
"6253",625.2,"Simu1","DIC",50,"cliver",8.63806106792727
"6254",625.3,"Simu1","DIC",50,"cliver",8.68305979853248
"6255",625.4,"Simu1","DIC",50,"cliver",8.64330919652655
"6256",625.5,"Simu1","DIC",50,"cliver",8.52794145833587
"6257",625.6,"Simu1","DIC",50,"cliver",8.34519338448308
"6258",625.7,"Simu1","DIC",50,"cliver",8.10249090649992
"6259",625.8,"Simu1","DIC",50,"cliver",7.80652519698891
"6260",625.9,"Simu1","DIC",50,"cliver",7.46332509056389
"6261",626,"Simu1","DIC",50,"cliver",7.07831908996411
"6262",626.1,"Simu1","DIC",50,"cliver",6.65639237704677
"6263",626.2,"Simu1","DIC",50,"cliver",6.20194101953379
"6264",626.3,"Simu1","DIC",50,"cliver",5.71892121375112
"6265",626.4,"Simu1","DIC",50,"cliver",5.21088853865035
"6266",626.5,"Simu1","DIC",50,"cliver",4.68104535681734
"6267",626.6,"Simu1","DIC",50,"cliver",4.13227479102417
"6268",626.7,"Simu1","DIC",50,"cliver",3.56717139904984
"6269",626.8,"Simu1","DIC",50,"cliver",2.98807915262172
"6270",626.9,"Simu1","DIC",50,"cliver",2.39713541425781
"6271",627,"Simu1","DIC",50,"cliver",1.79632997070123
"6272",627.1,"Simu1","DIC",50,"cliver",1.18764355818807
"6273",627.2,"Simu1","DIC",50,"cliver",0.573654036019797
"6274",627.3,"Simu1","DIC",50,"cliver",0.00124715771775431
"6275",627.4,"Simu1","DIC",50,"cliver",0.00105024313070687
"6276",627.5,"Simu1","DIC",50,"cliver",0.000953946296522158
"6277",627.6,"Simu1","DIC",50,"cliver",0.000868926944755772
"6278",627.7,"Simu1","DIC",50,"cliver",0.000793590202996019
"6279",627.8,"Simu1","DIC",50,"cliver",0.000726642885178114
"6280",627.9,"Simu1","DIC",50,"cliver",0.000666951541656133
"6281",628,"Simu1","DIC",50,"cliver",0.000613579896003759
"6282",628.1,"Simu1","DIC",50,"cliver",0.000565821879271044
"6283",628.2,"Simu1","DIC",50,"cliver",0.000522896170306703
"6284",628.3,"Simu1","DIC",50,"cliver",0.000484269906415051
"6285",628.4,"Simu1","DIC",50,"cliver",0.000449550228069412
"6286",628.5,"Simu1","DIC",50,"cliver",0.000418081381095807
"6287",628.6,"Simu1","DIC",50,"cliver",0.000389691825616957
"6288",628.7,"Simu1","DIC",50,"cliver",0.000364029576060161
"6289",628.8,"Simu1","DIC",50,"cliver",0.00034060247911403
"6290",628.9,"Simu1","DIC",50,"cliver",0.000319511835345027
"6291",629,"Simu1","DIC",50,"cliver",0.000300248523240641
"6292",629.1,"Simu1","DIC",50,"cliver",0.000282637136674429
"6293",629.2,"Simu1","DIC",50,"cliver",0.000266740414188134
"6294",629.3,"Simu1","DIC",50,"cliver",0.000252125352473892
"6295",629.4,"Simu1","DIC",50,"cliver",0.000238804059839337
"6296",629.5,"Simu1","DIC",50,"cliver",0.000226622440167234
"6297",629.6,"Simu1","DIC",50,"cliver",0.000215522696732939
"6298",629.7,"Simu1","DIC",50,"cliver",0.000205156823487413
"6299",629.8,"Simu1","DIC",50,"cliver",0.000195862510739178
"6300",629.9,"Simu1","DIC",50,"cliver",0.000187296934187976
"6301",630,"Simu1","DIC",50,"cliver",0.000179272375781025
"6302",630.1,"Simu1","DIC",50,"cliver",0.000172172438930872
"6303",630.2,"Simu1","DIC",50,"cliver",0.000165345182872735
"6304",630.3,"Simu1","DIC",50,"cliver",0.000159028873927068
"6305",630.4,"Simu1","DIC",50,"cliver",0.00015349845960176
"6306",630.5,"Simu1","DIC",50,"cliver",0.000148139059352985
"6307",630.6,"Simu1","DIC",50,"cliver",0.000143134898215496
"6308",630.7,"Simu1","DIC",50,"cliver",0.00013877426736542
"6309",630.8,"Simu1","DIC",50,"cliver",0.000134453602413515
"6310",630.9,"Simu1","DIC",50,"cliver",0.000130683125933775
"6311",631,"Simu1","DIC",50,"cliver",0.000126943464094993
"6312",631.1,"Simu1","DIC",50,"cliver",0.000123697857213337
"6313",631.2,"Simu1","DIC",50,"cliver",0.000120448306784486
"6314",631.3,"Simu1","DIC",50,"cliver",0.000117604265145317
"6315",631.4,"Simu1","DIC",50,"cliver",0.000114860312587358
"6316",631.5,"Simu1","DIC",50,"cliver",0.000112320990949565
"6317",631.6,"Simu1","DIC",50,"cliver",0.000109939943312303
"6318",631.7,"Simu1","DIC",50,"cliver",0.00010771371193044
"6319",631.8,"Simu1","DIC",50,"cliver",0.000105626076079388
"6320",631.9,"Simu1","DIC",50,"cliver",0.000103668146040676
"6321",632,"Simu1","DIC",50,"cliver",0.000163750269812717
"6322",632.1,"Simu1","DIC",50,"cliver",0.177467326268512
"6323",632.2,"Simu1","DIC",50,"cliver",1.19669551245964
"6324",632.3,"Simu1","DIC",50,"cliver",2.52639977998091
"6325",632.4,"Simu1","DIC",50,"cliver",3.822381867744
"6326",632.5,"Simu1","DIC",50,"cliver",4.97191591641049
"6327",632.6,"Simu1","DIC",50,"cliver",5.94707446972247
"6328",632.7,"Simu1","DIC",50,"cliver",6.74986650324476
"6329",632.8,"Simu1","DIC",50,"cliver",7.39213042424872
"6330",632.9,"Simu1","DIC",50,"cliver",7.88824371127459
"6331",633,"Simu1","DIC",50,"cliver",8.25254612367342
"6332",633.1,"Simu1","DIC",50,"cliver",8.49848229238605
"6333",633.2,"Simu1","DIC",50,"cliver",8.63837080506609
"6334",633.3,"Simu1","DIC",50,"cliver",8.68339545366029
"6335",633.4,"Simu1","DIC",50,"cliver",8.64367074069196
"6336",633.5,"Simu1","DIC",50,"cliver",8.5283282814397
"6337",633.6,"Simu1","DIC",50,"cliver",8.34560494591633
"6338",633.7,"Simu1","DIC",50,"cliver",8.10292659473281
"6339",633.8,"Simu1","DIC",50,"cliver",7.8069851052828
"6340",633.9,"Simu1","DIC",50,"cliver",7.46380835404203
"6341",634,"Simu1","DIC",50,"cliver",7.07882451361871
"6342",634.1,"Simu1","DIC",50,"cliver",6.65691990701949
"6343",634.2,"Simu1","DIC",50,"cliver",6.20249142095266
"6344",634.3,"Simu1","DIC",50,"cliver",5.71949483025371
"6345",634.4,"Simu1","DIC",50,"cliver",5.21148845212203
"6346",634.5,"Simu1","DIC",50,"cliver",4.68167284001008
"6347",634.6,"Simu1","DIC",50,"cliver",4.13292786919069
"6348",634.7,"Simu1","DIC",50,"cliver",3.56784830465414
"6349",634.8,"Simu1","DIC",50,"cliver",2.98877971376388
"6350",634.9,"Simu1","DIC",50,"cliver",2.39785946686752
"6351",635,"Simu1","DIC",50,"cliver",1.79707769218407
"6352",635.1,"Simu1","DIC",50,"cliver",1.18841520258375
"6353",635.2,"Simu1","DIC",50,"cliver",0.574448110352723
"6354",635.3,"Simu1","DIC",50,"cliver",0.00126053620367468
"6355",635.4,"Simu1","DIC",50,"cliver",0.00105054368055617
"6356",635.5,"Simu1","DIC",50,"cliver",0.000954236589404022
"6357",635.6,"Simu1","DIC",50,"cliver",0.000869207892091679
"6358",635.7,"Simu1","DIC",50,"cliver",0.000793863608513691
"6359",635.8,"Simu1","DIC",50,"cliver",0.000726910560647113
"6360",635.9,"Simu1","DIC",50,"cliver",0.000667209061310577
"6361",636,"Simu1","DIC",50,"cliver",0.000613834689552221
"6362",636.1,"Simu1","DIC",50,"cliver",0.000566075273485429
"6363",636.2,"Simu1","DIC",50,"cliver",0.000523147164322596
"6364",636.3,"Simu1","DIC",50,"cliver",0.000484525302004728
"6365",636.4,"Simu1","DIC",50,"cliver",0.00044974721079001
"6366",636.5,"Simu1","DIC",50,"cliver",0.000418335533265755
"6367",636.6,"Simu1","DIC",50,"cliver",0.000389930580394927
"6368",636.7,"Simu1","DIC",50,"cliver",0.000364214354400214
"6369",636.8,"Simu1","DIC",50,"cliver",0.000340880558875637
"6370",636.9,"Simu1","DIC",50,"cliver",0.000319722397526702
"6371",637,"Simu1","DIC",50,"cliver",0.00030041492556812
"6372",637.1,"Simu1","DIC",50,"cliver",0.000282978024078946
"6373",637.2,"Simu1","DIC",50,"cliver",0.000266764991079042
"6374",637.3,"Simu1","DIC",50,"cliver",0.000252556159502123
"6375",637.4,"Simu1","DIC",50,"cliver",0.000239011732633312
"6376",637.5,"Simu1","DIC",50,"cliver",0.000226830420904004
"6377",637.6,"Simu1","DIC",50,"cliver",0.000215674706976684
"6378",637.7,"Simu1","DIC",50,"cliver",0.000205450178776288
"6379",637.8,"Simu1","DIC",50,"cliver",0.000196069436972882
"6380",637.9,"Simu1","DIC",50,"cliver",0.000187453270020782
"6381",638,"Simu1","DIC",50,"cliver",0.000179531634024767
"6382",638.1,"Simu1","DIC",50,"cliver",0.000172241317875279
"6383",638.2,"Simu1","DIC",50,"cliver",0.000165525183476491
"6384",638.3,"Simu1","DIC",50,"cliver",0.000159331487003593
"6385",638.4,"Simu1","DIC",50,"cliver",0.000153613576661035
"6386",638.5,"Simu1","DIC",50,"cliver",0.000148329410805163
"6387",638.6,"Simu1","DIC",50,"cliver",0.000143441016733045
"6388",638.7,"Simu1","DIC",50,"cliver",0.000138914019158728
"6389",638.8,"Simu1","DIC",50,"cliver",0.000134717275863616
"6390",638.9,"Simu1","DIC",50,"cliver",0.000130822556576954
"6391",639,"Simu1","DIC",50,"cliver",0.000127204267267042
"6392",639.1,"Simu1","DIC",50,"cliver",0.000123839207474582
"6393",639.2,"Simu1","DIC",50,"cliver",0.000120706279723973
"6394",639.3,"Simu1","DIC",50,"cliver",0.000117786300497994
"6395",639.4,"Simu1","DIC",50,"cliver",0.000115061818967679
"6396",639.5,"Simu1","DIC",50,"cliver",0.000112516958388696
"6397",639.6,"Simu1","DIC",50,"cliver",0.000110137313709788
"6398",639.7,"Simu1","DIC",50,"cliver",0.000107909753883981
"6399",639.8,"Simu1","DIC",50,"cliver",0.000105822251922179
"6400",639.9,"Simu1","DIC",50,"cliver",0.00010386391002648
"6401",640,"Simu1","DIC",50,"cliver",0.000163949330103728
"6402",640.1,"Simu1","DIC",50,"cliver",0.177479965919299
"6403",640.2,"Simu1","DIC",50,"cliver",1.19674056038461
"6404",640.3,"Simu1","DIC",50,"cliver",2.52647862955037
"6405",640.4,"Simu1","DIC",50,"cliver",3.82249390813868
"6406",640.5,"Simu1","DIC",50,"cliver",4.97206060300291
"6407",640.6,"Simu1","DIC",50,"cliver",5.94725132280707
"6408",640.7,"Simu1","DIC",50,"cliver",6.75007477991787
"6409",640.8,"Simu1","DIC",50,"cliver",7.39236907425753
"6410",640.9,"Simu1","DIC",50,"cliver",7.88851278075551
"6411",641,"Simu1","DIC",50,"cliver",8.25284421095452
"6412",641.1,"Simu1","DIC",50,"cliver",8.49881130609916
"6413",641.2,"Simu1","DIC",50,"cliver",8.63872673284025
"6414",641.3,"Simu1","DIC",50,"cliver",8.6837786462681
"6415",641.4,"Simu1","DIC",50,"cliver",8.64408222886908
"6416",641.5,"Simu1","DIC",50,"cliver",8.52876714312301
"6417",641.6,"Simu1","DIC",50,"cliver",8.34607124490154
"6418",641.7,"Simu1","DIC",50,"cliver",8.10342054012144
"6419",641.8,"Simu1","DIC",50,"cliver",7.80750637927149
"6420",641.9,"Simu1","DIC",50,"cliver",7.46435638517883
"6421",642,"Simu1","DIC",50,"cliver",7.07939771291368
"6422",642.1,"Simu1","DIC",50,"cliver",6.65751622522146
"6423",642.2,"Simu1","DIC",50,"cliver",6.2031114361348
"6424",642.3,"Simu1","DIC",50,"cliver",5.72013952355025
"6425",642.4,"Simu1","DIC",50,"cliver",5.21215736689438
"6426",642.5,"Simu1","DIC",50,"cliver",4.68236491044026
"6427",642.6,"Simu1","DIC",50,"cliver",4.13364263783537
"6428",642.7,"Simu1","DIC",50,"cliver",3.56858588975205
"6429",642.8,"Simu1","DIC",50,"cliver",2.98954012373255
"6430",642.9,"Simu1","DIC",50,"cliver",2.3986425779414
"6431",643,"Simu1","DIC",50,"cliver",1.79788202140894
"6432",643.1,"Simu1","DIC",50,"cliver",1.1892388214089
"6433",643.2,"Simu1","DIC",50,"cliver",0.575286418951882
"6434",643.3,"Simu1","DIC",50,"cliver",0.00127588167741858
"6435",643.4,"Simu1","DIC",50,"cliver",0.00105084014362317
"6436",643.5,"Simu1","DIC",50,"cliver",0.000954522468962475
"6437",643.6,"Simu1","DIC",50,"cliver",0.000869484643864307
"6438",643.7,"Simu1","DIC",50,"cliver",0.000794132052846759
"6439",643.8,"Simu1","DIC",50,"cliver",0.000727171495676589
"6440",643.9,"Simu1","DIC",50,"cliver",0.000667464821692979
"6441",644,"Simu1","DIC",50,"cliver",0.000614083701908725
"6442",644.1,"Simu1","DIC",50,"cliver",0.000566318248133947
"6443",644.2,"Simu1","DIC",50,"cliver",0.000523387182714291
"6444",644.3,"Simu1","DIC",50,"cliver",0.000484760955034662
"6445",644.4,"Simu1","DIC",50,"cliver",0.000449979496332126
"6446",644.5,"Simu1","DIC",50,"cliver",0.000418563555536692
"6447",644.6,"Simu1","DIC",50,"cliver",0.000390156152408952
"6448",644.7,"Simu1","DIC",50,"cliver",0.000364436809040488
"6449",644.8,"Simu1","DIC",50,"cliver",0.000341100684108112
"6450",644.9,"Simu1","DIC",50,"cliver",0.000319939473826058
"6451",645,"Simu1","DIC",50,"cliver",0.000300631741459579
"6452",645.1,"Simu1","DIC",50,"cliver",0.000283189238844108
"6453",645.2,"Simu1","DIC",50,"cliver",0.000266982652016258
"6454",645.3,"Simu1","DIC",50,"cliver",0.000252845758459191
"6455",645.4,"Simu1","DIC",50,"cliver",0.00023922094678951
"6456",645.5,"Simu1","DIC",50,"cliver",0.000227037619462827
"6457",645.6,"Simu1","DIC",50,"cliver",0.000215880537525638
"6458",645.7,"Simu1","DIC",50,"cliver",0.000205654792488736
"6459",645.8,"Simu1","DIC",50,"cliver",0.000196272907969328
"6460",645.9,"Simu1","DIC",50,"cliver",0.000187655662754946
"6461",646,"Simu1","DIC",50,"cliver",0.000179733036958331
"6462",646.1,"Simu1","DIC",50,"cliver",0.000172441786877446
"6463",646.2,"Simu1","DIC",50,"cliver",0.000165724772469984
"6464",646.3,"Simu1","DIC",50,"cliver",0.000159530258796484
"6465",646.4,"Simu1","DIC",50,"cliver",0.000153811577280243
"6466",646.5,"Simu1","DIC",50,"cliver",0.000148526688980056
"6467",646.6,"Simu1","DIC",50,"cliver",0.00014363761191076
"6468",646.7,"Simu1","DIC",50,"cliver",0.000139109972190403
"6469",646.8,"Simu1","DIC",50,"cliver",0.000134912620910887
"6470",646.9,"Simu1","DIC",50,"cliver",0.000131017328241985
"6471",647,"Simu1","DIC",50,"cliver",0.000127398494728323
"6472",647.1,"Simu1","DIC",50,"cliver",0.000124032919623902
"6473",647.2,"Simu1","DIC",50,"cliver",0.000120899502743191
"6474",647.3,"Simu1","DIC",50,"cliver",0.000117979057578818
"6475",647.4,"Simu1","DIC",50,"cliver",0.000115254134232154
"6476",647.5,"Simu1","DIC",50,"cliver",0.000112708852847166
"6477",647.6,"Simu1","DIC",50,"cliver",0.000110328804282001
"6478",647.7,"Simu1","DIC",50,"cliver",0.000108100860358836
"6479",647.8,"Simu1","DIC",50,"cliver",0.000106012992178323
"6480",647.9,"Simu1","DIC",50,"cliver",0.000104054320452459
"6481",648,"Simu1","DIC",50,"cliver",0.000164143718469618
"6482",648.1,"Simu1","DIC",50,"cliver",0.177491325840636
"6483",648.2,"Simu1","DIC",50,"cliver",1.1967742589879
"6484",648.3,"Simu1","DIC",50,"cliver",2.52653195841108
"6485",648.4,"Simu1","DIC",50,"cliver",3.82256686903426
"6486",648.5,"Simu1","DIC",50,"cliver",4.97215331029707
"6487",648.6,"Simu1","DIC",50,"cliver",5.94736408423562
"6488",648.7,"Simu1","DIC",50,"cliver",6.75020811883743
"6489",648.8,"Simu1","DIC",50,"cliver",7.39252365727237
"6490",648.9,"Simu1","DIC",50,"cliver",7.88868791495325
"6491",649,"Simu1","DIC",50,"cliver",8.25304140114778
"6492",649.1,"Simu1","DIC",50,"cliver",8.49903132028472
"6493",649.2,"Simu1","DIC",50,"cliver",8.6389688739788
"6494",649.3,"Simu1","DIC",50,"cliver",8.68404480769538
"6495",649.4,"Simu1","DIC",50,"cliver",8.64437031315793
"6496",649.5,"Simu1","DIC",50,"cliver",8.52907807650028
"6497",649.6,"Simu1","DIC",50,"cliver",8.34640509893573
"6498",649.7,"Simu1","DIC",50,"cliver",8.10377674820375
"6499",649.8,"Simu1","DIC",50,"cliver",7.80788590251757
"6500",649.9,"Simu1","DIC",50,"cliver",7.46476131309826
"6501",650,"Simu1","DIC",50,"cliver",7.07982872408581
"6502",650.1,"Simu1","DIC",50,"cliver",6.65797376011456
"6503",650.2,"Simu1","DIC",50,"cliver",6.20359366682275
"6504",650.3,"Simu1","DIC",50,"cliver",5.7206414674769
"6505",650.4,"Simu1","DIC",50,"cliver",5.21267816070502
"6506",650.5,"Simu1","DIC",50,"cliver",4.68290735977297
"6507",650.6,"Simu1","DIC",50,"cliver",4.13420822958882
"6508",650.7,"Simu1","DIC",50,"cliver",3.56917380455371
"6509",650.8,"Simu1","DIC",50,"cliver",2.99014927045709
"6510",650.9,"Simu1","DIC",50,"cliver",2.39927288433199
"6511",651,"Simu1","DIC",50,"cliver",1.79853357578985
"6512",651.1,"Simu1","DIC",50,"cliver",1.18991100793024
"6513",651.2,"Simu1","DIC",50,"cliver",0.575976537829199
"6514",651.3,"Simu1","DIC",50,"cliver",0.00129143854931208
"6515",651.4,"Simu1","DIC",50,"cliver",0.00105111508166213
"6516",651.5,"Simu1","DIC",50,"cliver",0.000954788423141195
"6517",651.6,"Simu1","DIC",50,"cliver",0.00086974285612813
"6518",651.7,"Simu1","DIC",50,"cliver",0.000794383198928002
"6519",651.8,"Simu1","DIC",50,"cliver",0.000727416097798799
"6520",651.9,"Simu1","DIC",50,"cliver",0.000667705300289244
"6521",652,"Simu1","DIC",50,"cliver",0.000614318309139813
"6522",652.1,"Simu1","DIC",50,"cliver",0.000566547269854941
"6523",652.2,"Simu1","DIC",50,"cliver",0.000523614148646163
"6524",652.3,"Simu1","DIC",50,"cliver",0.000484984258563651
"6525",652.4,"Simu1","DIC",50,"cliver",0.000450199734861085
"6526",652.5,"Simu1","DIC",50,"cliver",0.000418780101276872
"6527",652.6,"Simu1","DIC",50,"cliver",0.000390370713793573
"6528",652.7,"Simu1","DIC",50,"cliver",0.000364648557802842
"6529",652.8,"Simu1","DIC",50,"cliver",0.000341310620051934
"6530",652.9,"Simu1","DIC",50,"cliver",0.000320146300614953
"6531",653,"Simu1","DIC",50,"cliver",0.000300839437217452
"6532",653.1,"Simu1","DIC",50,"cliver",0.000283389843007915
"6533",653.2,"Simu1","DIC",50,"cliver",0.000267194000088441
"6534",653.3,"Simu1","DIC",50,"cliver",0.00025308080099894
"6535",653.4,"Simu1","DIC",50,"cliver",0.000239404841355156
"6536",653.5,"Simu1","DIC",50,"cliver",0.000227236342325639
"6537",653.6,"Simu1","DIC",50,"cliver",0.000216078043849065
"6538",653.7,"Simu1","DIC",50,"cliver",0.000205851250088116
"6539",653.8,"Simu1","DIC",50,"cliver",0.000196468381776035
"6540",653.9,"Simu1","DIC",50,"cliver",0.000187850206465425
"6541",654,"Simu1","DIC",50,"cliver",0.000179926724989364
"6542",654.1,"Simu1","DIC",50,"cliver",0.000172634663137315
"6543",654.2,"Simu1","DIC",50,"cliver",0.000165916881919072
"6544",654.3,"Simu1","DIC",50,"cliver",0.000159721658714663
"6545",654.4,"Simu1","DIC",50,"cliver",0.000154002306738941
"6546",654.5,"Simu1","DIC",50,"cliver",0.000148716790392147
"6547",654.6,"Simu1","DIC",50,"cliver",0.000143827118143326
"6548",654.7,"Simu1","DIC",50,"cliver",0.000139298918704928
"6549",654.8,"Simu1","DIC",50,"cliver",0.000135101036626718
"6550",654.9,"Simu1","DIC",50,"cliver",0.000131205243290848
"6551",655,"Simu1","DIC",50,"cliver",0.000127585933817374
"6552",655.1,"Simu1","DIC",50,"cliver",0.000124219907385274
"6553",655.2,"Simu1","DIC",50,"cliver",0.000121086061783951
"6554",655.3,"Simu1","DIC",50,"cliver",0.000118165207741934
"6555",655.4,"Simu1","DIC",50,"cliver",0.000115439896727023
"6556",655.5,"Simu1","DIC",50,"cliver",0.000112894245908785
"6557",655.6,"Simu1","DIC",50,"cliver",0.000110513841565444
"6558",655.7,"Simu1","DIC",50,"cliver",0.000108285559051132
"6559",655.8,"Simu1","DIC",50,"cliver",0.000106197368290582
"6560",655.9,"Simu1","DIC",50,"cliver",0.000104238446950033
"6561",656,"Simu1","DIC",50,"cliver",0.000164332254625667
"6562",656.1,"Simu1","DIC",50,"cliver",0.17750422005568
"6563",656.2,"Simu1","DIC",50,"cliver",1.19682250591916
"6564",656.3,"Simu1","DIC",50,"cliver",2.52661814360447
"6565",656.4,"Simu1","DIC",50,"cliver",3.82269031688793
"6566",656.5,"Simu1","DIC",50,"cliver",4.97231318547013
"6567",656.6,"Simu1","DIC",50,"cliver",5.94755937907137
"6568",656.7,"Simu1","DIC",50,"cliver",6.75043759580222
"6569",656.8,"Simu1","DIC",50,"cliver",7.39278593370702
"6570",656.9,"Simu1","DIC",50,"cliver",7.88898276940516
"6571",657,"Simu1","DIC",50,"cliver",8.25336723131092
"6572",657.1,"Simu1","DIC",50,"cliver",8.49938486536597
"6573",657.2,"Simu1","DIC",50,"cliver",8.63935361263161
"6574",657.3,"Simu1","DIC",50,"cliver",8.68445754651057
"6575",657.4,"Simu1","DIC",50,"cliver",8.6448111902271
"6576",657.5,"Simu1","DIC",50,"cliver",8.52954634174552
"6577",657.6,"Simu1","DIC",50,"cliver",8.34689990850002
"6578",657.7,"Simu1","DIC",50,"cliver",8.10429833190172
"6579",657.8,"Simu1","DIC",50,"cliver",7.80843277588647
"6580",657.9,"Simu1","DIC",50,"cliver",7.46533110636437
"6581",658,"Simu1","DIC",50,"cliver",7.08042256576503
"6582",658.1,"Simu1","DIC",50,"cliver",6.65859211686999
"6583",658.2,"Simu1","DIC",50,"cliver",6.20423696480994
"6584",658.3,"Simu1","DIC",50,"cliver",5.7213120959817
"6585",658.4,"Simu1","DIC",50,"cliver",5.21337385505629
"6586",658.5,"Simu1","DIC",50,"cliver",4.68362392077492
"6587",658.6,"Simu1","DIC",50,"cliver",4.13494507488232
"6588",658.7,"Simu1","DIC",50,"cliver",3.56993239620305
"6589",658.8,"Simu1","DIC",50,"cliver",2.99092979317527
"6590",658.9,"Simu1","DIC",50,"cliver",2.40007447235677
"6591",659,"Simu1","DIC",50,"cliver",1.7993559036774
"6592",659.1,"Simu1","DIC",50,"cliver",1.19075272277882
"6593",659.2,"Simu1","DIC",50,"cliver",0.576834224851201
"6594",659.3,"Simu1","DIC",50,"cliver",0.0013123738978809
"6595",659.4,"Simu1","DIC",50,"cliver",0.00105139742678941
"6596",659.5,"Simu1","DIC",50,"cliver",0.00095506056969315
"6597",659.6,"Simu1","DIC",50,"cliver",0.000870006158768857
"6598",659.7,"Simu1","DIC",50,"cliver",0.000794638577886585
"6599",659.8,"Simu1","DIC",50,"cliver",0.000727664147720889
"6600",659.9,"Simu1","DIC",50,"cliver",0.000667948222907856
"6601",660,"Simu1","DIC",50,"cliver",0.000614555068824209
"6602",660.1,"Simu1","DIC",50,"cliver",0.000566778215091016
"6603",660.2,"Simu1","DIC",50,"cliver",0.000523834163006209
"6604",660.3,"Simu1","DIC",50,"cliver",0.00048519234455112
"6605",660.4,"Simu1","DIC",50,"cliver",0.000450459596200712
"6606",660.5,"Simu1","DIC",50,"cliver",0.000418974930004695
"6607",660.6,"Simu1","DIC",50,"cliver",0.000390577786420647
"6608",660.7,"Simu1","DIC",50,"cliver",0.000364906421334824
"6609",660.8,"Simu1","DIC",50,"cliver",0.000341460046380659
"6610",660.9,"Simu1","DIC",50,"cliver",0.000320368690916774
"6611",661,"Simu1","DIC",50,"cliver",0.000301098962020873
"6612",661.1,"Simu1","DIC",50,"cliver",0.000283471381006926
"6613",661.2,"Simu1","DIC",50,"cliver",0.000267573224207045
"6614",661.3,"Simu1","DIC",50,"cliver",0.000252949605459214
"6615",661.4,"Simu1","DIC",50,"cliver",0.000239625336459381
"6616",661.5,"Simu1","DIC",50,"cliver",0.000227438944799416
"6617",661.6,"Simu1","DIC",50,"cliver",0.000216351630977701
"6618",661.7,"Simu1","DIC",50,"cliver",0.000205925288866942
"6619",661.8,"Simu1","DIC",50,"cliver",0.000196669171710757
"6620",661.9,"Simu1","DIC",50,"cliver",0.000188112638681632
"6621",662,"Simu1","DIC",50,"cliver",0.000180042371780694
"6622",662.1,"Simu1","DIC",50,"cliver",0.000173028797271989
"6623",662.2,"Simu1","DIC",50,"cliver",0.00016613045597946
"6624",662.3,"Simu1","DIC",50,"cliver",0.000159765549741069
"6625",662.4,"Simu1","DIC",50,"cliver",0.000154327038241558
"6626",662.5,"Simu1","DIC",50,"cliver",0.000148912931967935
"6627",662.6,"Simu1","DIC",50,"cliver",0.000143856648842639
"6628",662.7,"Simu1","DIC",50,"cliver",0.000139576625001033
"6629",662.8,"Simu1","DIC",50,"cliver",0.000135187521331899
"6630",662.9,"Simu1","DIC",50,"cliver",0.000131482069846767
"6631",663,"Simu1","DIC",50,"cliver",0.000127673726268259
"6632",663.1,"Simu1","DIC",50,"cliver",0.000124493504628759
"6633",663.2,"Simu1","DIC",50,"cliver",0.000121172768188426
"6634",663.3,"Simu1","DIC",50,"cliver",0.000118375292614265
"6635",663.4,"Simu1","DIC",50,"cliver",0.000115615165126944
"6636",663.5,"Simu1","DIC",50,"cliver",0.000113076914422927
"6637",663.6,"Simu1","DIC",50,"cliver",0.00011069391757526
"6638",663.7,"Simu1","DIC",50,"cliver",0.000108466479076301
"6639",663.8,"Simu1","DIC",50,"cliver",0.000106377261470337
"6640",663.9,"Simu1","DIC",50,"cliver",0.000104418011564967
"6641",664,"Simu1","DIC",50,"cliver",0.000164516612238431
"6642",664.1,"Simu1","DIC",50,"cliver",0.177515675208409
"6643",664.2,"Simu1","DIC",50,"cliver",1.19686009539757
"6644",664.3,"Simu1","DIC",50,"cliver",2.52668215324737
"6645",664.4,"Simu1","DIC",50,"cliver",3.82277987102302
"6646",664.5,"Simu1","DIC",50,"cliver",4.97242809437788
"6647",664.6,"Simu1","DIC",50,"cliver",5.94769934256563
"6648",664.7,"Simu1","DIC",50,"cliver",6.75060250859866
"6649",664.8,"Simu1","DIC",50,"cliver",7.39297577359804
"6650",664.9,"Simu1","DIC",50,"cliver",7.88919717688026
"6651",665,"Simu1","DIC",50,"cliver",8.25360714470844
"6652",665.1,"Simu1","DIC",50,"cliver",8.49965362522976
"6653",665.2,"Simu1","DIC",50,"cliver",8.63964968929345
"6654",665.3,"Simu1","DIC",50,"cliver",8.68477311016085
"6655",665.4,"Simu1","DIC",50,"cliver",8.6451496284765
"6656",665.5,"Simu1","DIC",50,"cliver",8.52990815516008
"6657",665.6,"Simu1","DIC",50,"cliver",8.34728403254025
"6658",665.7,"Simu1","DIC",50,"cliver",8.10470446491819
"6659",665.8,"Simu1","DIC",50,"cliver",7.80886134310859
"6660",665.9,"Simu1","DIC",50,"cliver",7.46578343613732
"6661",666,"Simu1","DIC",50,"cliver",7.08089679998398
"6662",666.1,"Simu1","DIC",50,"cliver",6.6590878406886
"6663",666.2,"Simu1","DIC",50,"cliver",6.20475292302518
"6664",666.3,"Simu1","DIC",50,"cliver",5.72184564038691
"6665",666.4,"Simu1","DIC",50,"cliver",5.21392709705651
"6666",666.5,"Simu1","DIC",50,"cliver",4.68420049771077
"6667",666.6,"Simu1","DIC",50,"cliver",4.1355448715291
"6668",666.7,"Simu1","DIC",50,"cliver",3.57055340032875
"6669",666.8,"Simu1","DIC",50,"cliver",2.99157121347426
"6670",666.9,"Simu1","DIC",50,"cliver",2.40073641348827
"6671",667,"Simu1","DIC",50,"cliver",1.80003772888716
"6672",667.1,"Simu1","DIC",50,"cliver",1.19145412068184
"6673",667.2,"Simu1","DIC",50,"cliver",0.577552729744672
"6674",667.3,"Simu1","DIC",50,"cliver",0.00133268885197401
"6675",667.4,"Simu1","DIC",50,"cliver",0.00105166559923257
"6676",667.5,"Simu1","DIC",50,"cliver",0.000955319394377251
"6677",667.6,"Simu1","DIC",50,"cliver",0.00087025678652745
"6678",667.7,"Simu1","DIC",50,"cliver",0.000794882016175048
"6679",667.8,"Simu1","DIC",50,"cliver",0.00072790131128019
"6680",667.9,"Simu1","DIC",50,"cliver",0.000668179506596443
"6681",668,"Simu1","DIC",50,"cliver",0.000614781431360237
"6682",668.1,"Simu1","DIC",50,"cliver",0.000567000324759613
"6683",668.2,"Simu1","DIC",50,"cliver",0.000524051654559749
"6684",668.3,"Simu1","DIC",50,"cliver",0.000485406409752432
"6685",668.4,"Simu1","DIC",50,"cliver",0.000450670739533617
"6686",668.5,"Simu1","DIC",50,"cliver",0.000419181534777347
"6687",668.6,"Simu1","DIC",50,"cliver",0.000390783368637758
"6688",668.7,"Simu1","DIC",50,"cliver",0.000365110563626378
"6689",668.8,"Simu1","DIC",50,"cliver",0.00034165756320503
"6690",668.9,"Simu1","DIC",50,"cliver",0.000320568119485309
"6691",669,"Simu1","DIC",50,"cliver",0.000301296778870137
"6692",669.1,"Simu1","DIC",50,"cliver",0.00028366447171486
"6693",669.2,"Simu1","DIC",50,"cliver",0.000267766176853468
"6694",669.3,"Simu1","DIC",50,"cliver",0.000253140200526817
"6695",669.4,"Simu1","DIC",50,"cliver",0.000239816345294462
"6696",669.5,"Simu1","DIC",50,"cliver",0.000227629177387748
"6697",669.6,"Simu1","DIC",50,"cliver",0.00021654843343688
"6698",669.7,"Simu1","DIC",50,"cliver",0.000206093896562325
"6699",669.8,"Simu1","DIC",50,"cliver",0.000196859015070899
"6700",669.9,"Simu1","DIC",50,"cliver",0.000188306682515852
"6701",670,"Simu1","DIC",50,"cliver",0.000180196522938044
"6702",670.1,"Simu1","DIC",50,"cliver",0.000173031078792936
"6703",670.2,"Simu1","DIC",50,"cliver",0.000166370095174547
"6704",670.3,"Simu1","DIC",50,"cliver",0.000159988212586384
"6705",670.4,"Simu1","DIC",50,"cliver",0.000154387896400501
"6706",670.5,"Simu1","DIC",50,"cliver",0.000149172500084947
"6707",670.6,"Simu1","DIC",50,"cliver",0.000144087747215493
"6708",670.7,"Simu1","DIC",50,"cliver",0.000139672512451298
"6709",670.8,"Simu1","DIC",50,"cliver",0.000135567296177615
"6710",670.9,"Simu1","DIC",50,"cliver",0.000131457298481864
"6711",671,"Simu1","DIC",50,"cliver",0.000127943102070966
"6712",671.1,"Simu1","DIC",50,"cliver",0.000124704422732971
"6713",671.2,"Simu1","DIC",50,"cliver",0.000121336461169913
"6714",671.3,"Simu1","DIC",50,"cliver",0.000118574287956401
"6715",671.4,"Simu1","DIC",50,"cliver",0.000115781900835504
"6716",671.5,"Simu1","DIC",50,"cliver",0.000113256561474291
"6717",671.6,"Simu1","DIC",50,"cliver",0.000110872731940543
"6718",671.7,"Simu1","DIC",50,"cliver",0.000108667812704976
"6719",671.8,"Simu1","DIC",50,"cliver",0.000106548796152735
"6720",671.9,"Simu1","DIC",50,"cliver",0.000104590062405949
"6721",672,"Simu1","DIC",50,"cliver",0.000164694523142427
"6722",672.1,"Simu1","DIC",50,"cliver",0.177526847092837
"6723",672.2,"Simu1","DIC",50,"cliver",1.1968977548804
"6724",672.3,"Simu1","DIC",50,"cliver",2.52674621895823
"6725",672.4,"Simu1","DIC",50,"cliver",3.82287003647099
"6726",672.5,"Simu1","DIC",50,"cliver",4.97254405571372
"6727",672.6,"Simu1","DIC",50,"cliver",5.94784080411568
"6728",672.7,"Simu1","DIC",50,"cliver",6.75076917903673
"6729",672.8,"Simu1","DIC",50,"cliver",7.39316738536063
"6730",672.9,"Simu1","DIC",50,"cliver",7.88941324963163
"6731",673,"Simu1","DIC",50,"cliver",8.25384654718654
"6732",673.1,"Simu1","DIC",50,"cliver",8.4999118085815
"6733",673.2,"Simu1","DIC",50,"cliver",8.63992858438141
"6734",673.3,"Simu1","DIC",50,"cliver",8.68507988681664
"6735",673.4,"Simu1","DIC",50,"cliver",8.6454805329165
"6736",673.5,"Simu1","DIC",50,"cliver",8.53026212145051
"6737",673.6,"Simu1","DIC",50,"cliver",8.34766201818358
"6738",673.7,"Simu1","DIC",50,"cliver",8.10510551228283
"6739",673.8,"Simu1","DIC",50,"cliver",7.80928535083961
"6740",673.9,"Simu1","DIC",50,"cliver",7.46623055758157
"6741",674,"Simu1","DIC",50,"cliver",7.08136696773049
"6742",674.1,"Simu1","DIC",50,"cliver",6.65958005562046
"6743",674.2,"Simu1","DIC",50,"cliver",6.20526740799468
"6744",674.3,"Simu1","DIC",50,"cliver",5.72238186750919
"6745",674.4,"Simu1","DIC",50,"cliver",5.21448422098203
"6746",674.5,"Simu1","DIC",50,"cliver",4.68477824674542
"6747",674.6,"Simu1","DIC",50,"cliver",4.13614328449395
"6748",674.7,"Simu1","DIC",50,"cliver",3.57117230899178
"6749",674.8,"Simu1","DIC",50,"cliver",2.99221038581733
"6750",674.9,"Simu1","DIC",50,"cliver",2.40139561090576
"6751",675,"Simu1","DIC",50,"cliver",1.80071667305094
"6752",675.1,"Simu1","DIC",50,"cliver",1.1921518492818
"6753",675.2,"Simu1","DIC",50,"cliver",0.578266355228387
"6754",675.3,"Simu1","DIC",50,"cliver",0.00135532101022538
"6755",675.4,"Simu1","DIC",50,"cliver",0.00105192544521509
"6756",675.5,"Simu1","DIC",50,"cliver",0.000955570257026349
"6757",675.6,"Simu1","DIC",50,"cliver",0.000870499709884775
"6758",675.7,"Simu1","DIC",50,"cliver",0.00079511807372745
"6759",675.8,"Simu1","DIC",50,"cliver",0.000728131592001488
"6760",675.9,"Simu1","DIC",50,"cliver",0.000668403424710338
"6761",676,"Simu1","DIC",50,"cliver",0.000615001047157776
"6762",676.1,"Simu1","DIC",50,"cliver",0.000567216419262341
"6763",676.2,"Simu1","DIC",50,"cliver",0.000524270751053128
"6764",676.3,"Simu1","DIC",50,"cliver",0.000485629574699911
"6765",676.4,"Simu1","DIC",50,"cliver",0.000450834990475516
"6766",676.5,"Simu1","DIC",50,"cliver",0.000419406260292625
"6767",676.6,"Simu1","DIC",50,"cliver",0.000390988468875293
"6768",676.7,"Simu1","DIC",50,"cliver",0.000365258784594995
"6769",676.8,"Simu1","DIC",50,"cliver",0.000341913813244132
"6770",676.9,"Simu1","DIC",50,"cliver",0.000320743391649774
"6771",677,"Simu1","DIC",50,"cliver",0.000301430158043722
"6772",677.1,"Simu1","DIC",50,"cliver",0.000283976348547284
"6773",677.2,"Simu1","DIC",50,"cliver",0.00026777295607692
"6774",677.3,"Simu1","DIC",50,"cliver",0.000253657989058094
"6775",677.4,"Simu1","DIC",50,"cliver",0.000239978828313486
"6776",677.5,"Simu1","DIC",50,"cliver",0.00022780445638535
"6777",677.6,"Simu1","DIC",50,"cliver",0.000216642564500515
"6778",677.7,"Simu1","DIC",50,"cliver",0.000206412410043193
"6779",677.8,"Simu1","DIC",50,"cliver",0.000197026414896377
"6780",677.9,"Simu1","DIC",50,"cliver",0.00018840532662459
"6781",678,"Simu1","DIC",50,"cliver",0.00018047912415421
"6782",678.1,"Simu1","DIC",50,"cliver",0.000173184520278044
"6783",678.2,"Simu1","DIC",50,"cliver",0.000166464359900768
"6784",678.3,"Simu1","DIC",50,"cliver",0.000160266903732899
"6785",678.4,"Simu1","DIC",50,"cliver",0.00015454545525634
"6786",678.5,"Simu1","DIC",50,"cliver",0.000149257966657793
"6787",678.6,"Simu1","DIC",50,"cliver",0.000144366437504888
"6788",678.7,"Simu1","DIC",50,"cliver",0.000139836486426146
"6789",678.8,"Simu1","DIC",50,"cliver",0.000135636950365242
"6790",678.9,"Simu1","DIC",50,"cliver",0.000131739592541458
"6791",679,"Simu1","DIC",50,"cliver",0.000128118801793404
"6792",679.1,"Simu1","DIC",50,"cliver",0.000124751370764024
"6793",679.2,"Simu1","DIC",50,"cliver",0.000121616191516602
"6794",679.3,"Simu1","DIC",50,"cliver",0.00011869406977705
"6795",679.4,"Simu1","DIC",50,"cliver",0.000115967551748861
"6796",679.5,"Simu1","DIC",50,"cliver",0.000113420750481335
"6797",679.6,"Simu1","DIC",50,"cliver",0.000111039248916793
"6798",679.7,"Simu1","DIC",50,"cliver",0.000108809917930835
"6799",679.8,"Simu1","DIC",50,"cliver",0.000106720723995742
"6800",679.9,"Simu1","DIC",50,"cliver",0.000104760826586355
"6801",680,"Simu1","DIC",50,"cliver",0.000164865841783826
"6802",680.1,"Simu1","DIC",50,"cliver",0.1775379966544
"6803",680.2,"Simu1","DIC",50,"cliver",1.19693661210236
"6804",680.3,"Simu1","DIC",50,"cliver",2.52681240972752
"6805",680.4,"Simu1","DIC",50,"cliver",3.82296378718987
"6806",680.5,"Simu1","DIC",50,"cliver",4.9726648876871
"6807",680.6,"Simu1","DIC",50,"cliver",5.94798834692516
"6808",680.7,"Simu1","DIC",50,"cliver",6.75094290158058
"6809",680.8,"Simu1","DIC",50,"cliver",7.3933669589867
"6810",680.9,"Simu1","DIC",50,"cliver",7.88963798792242
"6811",681,"Simu1","DIC",50,"cliver",8.25409618761794
"6812",681.1,"Simu1","DIC",50,"cliver",8.50018652534957
"6813",681.2,"Simu1","DIC",50,"cliver",8.64022721903192
"6814",681.3,"Simu1","DIC",50,"cliver",8.68540225196639
"6815",681.4,"Simu1","DIC",50,"cliver",8.64582627364556
"6816",681.5,"Simu1","DIC",50,"cliver",8.53063084107436
"6817",681.6,"Simu1","DIC",50,"cliver",8.34805350100488
"6818",681.7,"Simu1","DIC",50,"cliver",8.10551966591544
"6819",681.8,"Simu1","DIC",50,"cliver",7.80972126926694
"6820",681.9,"Simu1","DIC",50,"cliver",7.46668757801653
"6821",682,"Simu1","DIC",50,"cliver",7.08184522858317
"6822",682.1,"Simu1","DIC",50,"cliver",6.66008030475598
"6823",682.2,"Simu1","DIC",50,"cliver",6.20578926355562
"6824",682.3,"Simu1","DIC",50,"cliver",5.72292583679634
"6825",682.4,"Simu1","DIC",50,"cliver",5.21504896934669
"6826",682.5,"Simu1","DIC",50,"cliver",4.68536239270697
"6827",682.6,"Simu1","DIC",50,"cliver",4.13674710584792
"6828",682.7,"Simu1","DIC",50,"cliver",3.57179623905933
"6829",682.8,"Simu1","DIC",50,"cliver",2.99285418726628
"6830",682.9,"Simu1","DIC",50,"cliver",2.40205859337952
"6831",683,"Simu1","DIC",50,"cliver",1.80139954309742
"6832",683.1,"Simu1","DIC",50,"cliver",1.19285308639462
"6833",683.2,"Simu1","DIC",50,"cliver",0.578982976283053
"6834",683.3,"Simu1","DIC",50,"cliver",0.00138086420236618
"6835",683.4,"Simu1","DIC",50,"cliver",0.00105217931771305
"6836",683.5,"Simu1","DIC",50,"cliver",0.00095581519310527
"6837",683.6,"Simu1","DIC",50,"cliver",0.000870736916784954
"6838",683.7,"Simu1","DIC",50,"cliver",0.000795348321047761
"6839",683.8,"Simu1","DIC",50,"cliver",0.000728355324200562
"6840",683.9,"Simu1","DIC",50,"cliver",0.000668622912622804
"6841",684,"Simu1","DIC",50,"cliver",0.000615214977749129
"6842",684.1,"Simu1","DIC",50,"cliver",0.000567425005310338
"6843",684.2,"Simu1","DIC",50,"cliver",0.000524469088139578
"6844",684.3,"Simu1","DIC",50,"cliver",0.000485816437486023
"6845",684.4,"Simu1","DIC",50,"cliver",0.000451074342320088
"6846",684.5,"Simu1","DIC",50,"cliver",0.000419580529432187
"6847",684.6,"Simu1","DIC",50,"cliver",0.000391175501167226
"6848",684.7,"Simu1","DIC",50,"cliver",0.000365497840212699
"6849",684.8,"Simu1","DIC",50,"cliver",0.000342042913835805
"6850",684.9,"Simu1","DIC",50,"cliver",0.000320946775930746
"6851",685,"Simu1","DIC",50,"cliver",0.000301672424931764
"6852",685.1,"Simu1","DIC",50,"cliver",0.000284037351418955
"6853",685.2,"Simu1","DIC",50,"cliver",0.000268136133526289
"6854",685.3,"Simu1","DIC",50,"cliver",0.000253507480797618
"6855",685.4,"Simu1","DIC",50,"cliver",0.000240179841391501
"6856",685.5,"Simu1","DIC",50,"cliver",0.00022798990396048
"6857",685.6,"Simu1","DIC",50,"cliver",0.000216903481737243
"6858",685.7,"Simu1","DIC",50,"cliver",0.000206460264259589
"6859",685.8,"Simu1","DIC",50,"cliver",0.000197211391045147
"6860",685.9,"Simu1","DIC",50,"cliver",0.000188655637409417
"6861",686,"Simu1","DIC",50,"cliver",0.000180572383409245
"6862",686.1,"Simu1","DIC",50,"cliver",0.000173579004373716
"6863",686.2,"Simu1","DIC",50,"cliver",0.000166661350725121
"6864",686.3,"Simu1","DIC",50,"cliver",0.000160282462829637
"6865",686.4,"Simu1","DIC",50,"cliver",0.00015486618645413
"6866",686.5,"Simu1","DIC",50,"cliver",0.000149437186380851
"6867",686.6,"Simu1","DIC",50,"cliver",0.000144365980185394
"6868",686.7,"Simu1","DIC",50,"cliver",0.00014010575412503
"6869",686.8,"Simu1","DIC",50,"cliver",0.000135698003685561
"6870",686.9,"Simu1","DIC",50,"cliver",0.000132008674225551
"6871",687,"Simu1","DIC",50,"cliver",0.000128181396178054
"6872",687.1,"Simu1","DIC",50,"cliver",0.000125017669713395
"6873",687.2,"Simu1","DIC",50,"cliver",0.000121677167110219
"6874",687.3,"Simu1","DIC",50,"cliver",0.000118891396598038
"6875",687.4,"Simu1","DIC",50,"cliver",0.000116126141417614
"6876",687.5,"Simu1","DIC",50,"cliver",0.000113587661951444
"6877",687.6,"Simu1","DIC",50,"cliver",0.000111203493687637
"6878",687.7,"Simu1","DIC",50,"cliver",0.000108975118793375
"6879",687.8,"Simu1","DIC",50,"cliver",0.000106884900026432
"6880",687.9,"Simu1","DIC",50,"cliver",0.000104924741780524
"6881",688,"Simu1","DIC",50,"cliver",0.000165034362553863
"6882",688.1,"Simu1","DIC",50,"cliver",0.177548355858958
"6883",688.2,"Simu1","DIC",50,"cliver",1.19697041180994
"6884",688.3,"Simu1","DIC",50,"cliver",2.52686991520253
"6885",688.4,"Simu1","DIC",50,"cliver",3.82304417225251
"6886",688.5,"Simu1","DIC",50,"cliver",4.9727680080345
"6887",688.6,"Simu1","DIC",50,"cliver",5.94811395773317
"6888",688.7,"Simu1","DIC",50,"cliver",6.75109093300994
"6889",688.8,"Simu1","DIC",50,"cliver",7.39353714961085
"6890",688.9,"Simu1","DIC",50,"cliver",7.88983048782093
"6891",689,"Simu1","DIC",50,"cliver",8.25431033970166
"6892",689.1,"Simu1","DIC",50,"cliver",8.50042165541335
"6893",689.2,"Simu1","DIC",50,"cliver",8.64048438531915
"6894",689.3,"Simu1","DIC",50,"cliver",8.68568096846073
"6895",689.4,"Simu1","DIC",50,"cliver",8.64612642488181
"6896",689.5,"Simu1","DIC",50,"cliver",8.53095241500472
"6897",689.6,"Simu1","DIC",50,"cliver",8.34839596522125
"6898",689.7,"Simu1","DIC",50,"cliver",8.10588350443679
"6899",689.8,"Simu1","DIC",50,"cliver",7.81010597715598
"6900",689.9,"Simu1","DIC",50,"cliver",7.46709189439312
"6901",690,"Simu1","DIC",50,"cliver",7.08226979481974
"6902",690.1,"Simu1","DIC",50,"cliver",6.66052527698854
"6903",690.2,"Simu1","DIC",50,"cliver",6.20625496016541
"6904",690.3,"Simu1","DIC",50,"cliver",5.72341399208347
"6905",690.4,"Simu1","DIC",50,"cliver",5.21555885779649
"6906",690.5,"Simu1","DIC",50,"cliver",4.68589127342314
"6907",690.6,"Simu1","DIC",50,"cliver",4.13729429752763
"6908",690.7,"Simu1","DIC",50,"cliver",3.57236244650362
"6909",690.8,"Simu1","DIC",50,"cliver",2.99343961018292
"6910",690.9,"Simu1","DIC",50,"cliver",2.40266293160887
"6911",691,"Simu1","DIC",50,"cliver",1.80202124993965
"6912",691.1,"Simu1","DIC",50,"cliver",1.19349216416171
"6913",691.2,"Simu1","DIC",50,"cliver",0.579637154680189
"6914",691.3,"Simu1","DIC",50,"cliver",0.00140690340669201
"6915",691.4,"Simu1","DIC",50,"cliver",0.00105242181281851
"6916",691.5,"Simu1","DIC",50,"cliver",0.000956049437263031
"6917",691.6,"Simu1","DIC",50,"cliver",0.000870963958911331
"6918",691.7,"Simu1","DIC",50,"cliver",0.000795568984478332
"6919",691.8,"Simu1","DIC",50,"cliver",0.000728570216826673
"6920",691.9,"Simu1","DIC",50,"cliver",0.000668833154096937
"6921",692,"Simu1","DIC",50,"cliver",0.000615420548551316
"6922",692.1,"Simu1","DIC",50,"cliver",0.000567626180038931
"6923",692.2,"Simu1","DIC",50,"cliver",0.000524667525662038
"6924",692.3,"Simu1","DIC",50,"cliver",0.000486011241291127
"6925",692.4,"Simu1","DIC",50,"cliver",0.000451265681292933
"6926",692.5,"Simu1","DIC",50,"cliver",0.000419771405150161
"6927",692.6,"Simu1","DIC",50,"cliver",0.000391361144292215
"6928",692.7,"Simu1","DIC",50,"cliver",0.00036568031665788
"6929",692.8,"Simu1","DIC",50,"cliver",0.000342229340611377
"6930",692.9,"Simu1","DIC",50,"cliver",0.000321125707609386
"6931",693,"Simu1","DIC",50,"cliver",0.000301849467354637
"6932",693.1,"Simu1","DIC",50,"cliver",0.000284216918933535
"6933",693.2,"Simu1","DIC",50,"cliver",0.000268312147699503
"6934",693.3,"Simu1","DIC",50,"cliver",0.000253683257114698
"6935",693.4,"Simu1","DIC",50,"cliver",0.000240352159685478
"6936",693.5,"Simu1","DIC",50,"cliver",0.000228160520745078
"6937",693.6,"Simu1","DIC",50,"cliver",0.000217062785413199
"6938",693.7,"Simu1","DIC",50,"cliver",0.00020665359040502
"6939",693.8,"Simu1","DIC",50,"cliver",0.000197375476338392
"6940",693.9,"Simu1","DIC",50,"cliver",0.000188811981032979
"6941",694,"Simu1","DIC",50,"cliver",0.000180754080587913
"6942",694.1,"Simu1","DIC",50,"cliver",0.000173701565250458
"6943",694.2,"Simu1","DIC",50,"cliver",0.000166829622269564
"6944",694.3,"Simu1","DIC",50,"cliver",0.000160477086484381
"6945",694.4,"Simu1","DIC",50,"cliver",0.000154997793531894
"6946",694.5,"Simu1","DIC",50,"cliver",0.000149604813287012
"6947",694.6,"Simu1","DIC",50,"cliver",0.000144563639768052
"6948",694.7,"Simu1","DIC",50,"cliver",0.000140248734379156
"6949",694.8,"Simu1","DIC",50,"cliver",0.000135884112255256
"6950",694.9,"Simu1","DIC",50,"cliver",0.000132149872548504
"6951",695,"Simu1","DIC",50,"cliver",0.00012836623424139
"6952",695.1,"Simu1","DIC",50,"cliver",0.000125157221662354
"6953",695.2,"Simu1","DIC",50,"cliver",0.000121862992432796
"6954",695.3,"Simu1","DIC",50,"cliver",0.000119043704716352
"6955",695.4,"Simu1","DIC",50,"cliver",0.000116288767825197
"6956",695.5,"Simu1","DIC",50,"cliver",0.000113747588835442
"6957",695.6,"Simu1","DIC",50,"cliver",0.000111363440017188
"6958",695.7,"Simu1","DIC",50,"cliver",0.000109134565955077
"6959",695.8,"Simu1","DIC",50,"cliver",0.000107044178786811
"6960",695.9,"Simu1","DIC",50,"cliver",0.000105083709359831
"6961",696,"Simu1","DIC",50,"cliver",0.000165196131039701
"6962",696.1,"Simu1","DIC",50,"cliver",0.177558854540675
"6963",696.2,"Simu1","DIC",50,"cliver",1.19700472035718
"6964",696.3,"Simu1","DIC",50,"cliver",2.52692620978659
"6965",696.4,"Simu1","DIC",50,"cliver",3.82312296220606
"6966",696.5,"Simu1","DIC",50,"cliver",4.97286902077815
"6967",696.6,"Simu1","DIC",50,"cliver",5.94823696364451
"6968",696.7,"Simu1","DIC",50,"cliver",6.75123582338549
"6969",696.8,"Simu1","DIC",50,"cliver",7.39370363672007
"6970",696.9,"Simu1","DIC",50,"cliver",7.89001919637843
"6971",697,"Simu1","DIC",50,"cliver",8.25452050913107
"6972",697.1,"Simu1","DIC",50,"cliver",8.50065317501863
"6973",697.2,"Simu1","DIC",50,"cliver",8.6407369526973
"6974",697.3,"Simu1","DIC",50,"cliver",8.68595452060443
"6975",697.4,"Simu1","DIC",50,"cliver",8.64642081149141
"6976",697.5,"Simu1","DIC",50,"cliver",8.53126752074002
"6977",697.6,"Simu1","DIC",50,"cliver",8.34873140109851
"6978",697.7,"Simu1","DIC",50,"cliver",8.10623942927197
"6979",697.8,"Simu1","DIC",50,"cliver",7.81048245571612
"6980",697.9,"Simu1","DIC",50,"cliver",7.46748785311642
"6981",698,"Simu1","DIC",50,"cliver",7.08268360366268
"6982",698.1,"Simu1","DIC",50,"cliver",6.66095436765492
"6983",698.2,"Simu1","DIC",50,"cliver",6.2066999781356
"6984",698.3,"Simu1","DIC",50,"cliver",5.72387722218462
"6985",698.4,"Simu1","DIC",50,"cliver",5.21604305728009
"6986",698.5,"Simu1","DIC",50,"cliver",4.68639719120581
"6987",698.6,"Simu1","DIC",50,"cliver",4.13781992514944
"6988",698.7,"Simu1","DIC",50,"cliver",3.57290661123022
"6989",698.8,"Simu1","DIC",50,"cliver",2.99400270126065
"6990",698.9,"Simu1","DIC",50,"cliver",2.40324523921273
"6991",699,"Simu1","DIC",50,"cliver",1.80262223878868
"6992",699.1,"Simu1","DIC",50,"cliver",1.19411074530833
"6993",699.2,"Simu1","DIC",50,"cliver",0.580270954873963
"6994",699.3,"Simu1","DIC",50,"cliver",0.00143474984357029
"6995",699.4,"Simu1","DIC",50,"cliver",0.00105266067857838
"6996",699.5,"Simu1","DIC",50,"cliver",0.000956279861778815
"6997",699.6,"Simu1","DIC",50,"cliver",0.00087118703838345
"6998",699.7,"Simu1","DIC",50,"cliver",0.000795785554228978
"6999",699.8,"Simu1","DIC",50,"cliver",0.00072878074903624
"7000",699.9,"Simu1","DIC",50,"cliver",0.00066903926648207
"7001",700,"Simu1","DIC",50,"cliver",0.000615621780469638
"7002",700.1,"Simu1","DIC",50,"cliver",0.000567822500658562
"7003",700.2,"Simu1","DIC",50,"cliver",0.000524861883446993
"7004",700.3,"Simu1","DIC",50,"cliver",0.000486201704391428
"7005",700.4,"Simu1","DIC",50,"cliver",0.00045145179623714
"7006",700.5,"Simu1","DIC",50,"cliver",0.000419959112311164
"7007",700.6,"Simu1","DIC",50,"cliver",0.000391536903889658
"7008",700.7,"Simu1","DIC",50,"cliver",0.000365856022748911
"7009",700.8,"Simu1","DIC",50,"cliver",0.000342415049520341
"7010",700.9,"Simu1","DIC",50,"cliver",0.00032129816228344
"7011",701,"Simu1","DIC",50,"cliver",0.000302019380821172
"7012",701.1,"Simu1","DIC",50,"cliver",0.000284395338126953
"7013",701.2,"Simu1","DIC",50,"cliver",0.00026848254276297
"7014",701.3,"Simu1","DIC",50,"cliver",0.00025385334027156
"7015",701.4,"Simu1","DIC",50,"cliver",0.000240519150958794
"7016",701.5,"Simu1","DIC",50,"cliver",0.000228325730844255
"7017",701.6,"Simu1","DIC",50,"cliver",0.000217206982405425
"7018",701.7,"Simu1","DIC",50,"cliver",0.000206869666950797
"7019",701.8,"Simu1","DIC",50,"cliver",0.000197729855462258
"7020",701.9,"Simu1","DIC",50,"cliver",0.000188918555926335
"7021",702,"Simu1","DIC",50,"cliver",0.000180880071695734
"7022",702.1,"Simu1","DIC",50,"cliver",0.000173804306547503
"7023",702.2,"Simu1","DIC",50,"cliver",0.000166946005877627
"7024",702.3,"Simu1","DIC",50,"cliver",0.000160663108595475
"7025",702.4,"Simu1","DIC",50,"cliver",0.000155158971445346
"7026",702.5,"Simu1","DIC",50,"cliver",0.000149741219609799
"7027",702.6,"Simu1","DIC",50,"cliver",0.000144751254250493
"7028",702.7,"Simu1","DIC",50,"cliver",0.000140436787916367
"7029",702.8,"Simu1","DIC",50,"cliver",0.000136220975062724
"7030",702.9,"Simu1","DIC",50,"cliver",0.000132243909499526
"7031",703,"Simu1","DIC",50,"cliver",0.000128531801048961
"7032",703.1,"Simu1","DIC",50,"cliver",0.000125282081947189
"7033",703.2,"Simu1","DIC",50,"cliver",0.000122163674728434
"7034",703.3,"Simu1","DIC",50,"cliver",0.000119160815462433
"7035",703.4,"Simu1","DIC",50,"cliver",0.000116455654137634
"7036",703.5,"Simu1","DIC",50,"cliver",0.000113900505496503
"7037",703.6,"Simu1","DIC",50,"cliver",0.000111520306009332
"7038",703.7,"Simu1","DIC",50,"cliver",0.00010928852005836
"7039",703.8,"Simu1","DIC",50,"cliver",0.000107199111548031
"7040",703.9,"Simu1","DIC",50,"cliver",0.000105238046950033
"7041",704,"Simu1","DIC",50,"cliver",0.000165354232678725
"7042",704.1,"Simu1","DIC",50,"cliver",0.177568598749372
"7043",704.2,"Simu1","DIC",50,"cliver",1.19703878992486
"7044",704.3,"Simu1","DIC",50,"cliver",2.5269863284158
"7045",704.4,"Simu1","DIC",50,"cliver",3.82320805758314
"7046",704.5,"Simu1","DIC",50,"cliver",4.97297878159581
"7047",704.6,"Simu1","DIC",50,"cliver",5.94837104285124
"7048",704.7,"Simu1","DIC",50,"cliver",6.75139376562195
"7049",704.8,"Simu1","DIC",50,"cliver",7.39388519331747
"7050",704.9,"Simu1","DIC",50,"cliver",7.89022310945489
"7051",705,"Simu1","DIC",50,"cliver",8.25474944145846
"7052",705.1,"Simu1","DIC",50,"cliver",8.50090546293529
"7053",705.2,"Simu1","DIC",50,"cliver",8.64100768995434
"7054",705.3,"Simu1","DIC",50,"cliver",8.68624378845366
"7055",705.4,"Simu1","DIC",50,"cliver",8.64673292193623
"7056",705.5,"Simu1","DIC",50,"cliver",8.53160045862446
"7057",705.6,"Simu1","DIC",50,"cliver",8.34908534416425
"7058",705.7,"Simu1","DIC",50,"cliver",8.10661338420384
"7059",705.8,"Simu1","DIC",50,"cliver",7.81087680762278
"7060",705.9,"Simu1","DIC",50,"cliver",7.46790332805967
"7061",706,"Simu1","DIC",50,"cliver",7.08311980381616
"7062",706.1,"Simu1","DIC",50,"cliver",6.66141322997011
"7063",706.2,"Simu1","DIC",50,"cliver",6.20717766576094
"7064",706.3,"Simu1","DIC",50,"cliver",5.72437099709463
"7065",706.4,"Simu1","DIC",50,"cliver",5.21655448274139
"7066",706.5,"Simu1","DIC",50,"cliver",4.68692813968572
"7067",706.6,"Simu1","DIC",50,"cliver",4.13837023989787
"7068",706.7,"Simu1","DIC",50,"cliver",3.57347503893908
"7069",706.8,"Simu1","DIC",50,"cliver",2.99458856327432
"7070",706.9,"Simu1","DIC",50,"cliver",2.40384852692519
"7071",707,"Simu1","DIC",50,"cliver",1.80324228792073
"7072",707.1,"Simu1","DIC",50,"cliver",1.19474738943085
"7073",707.2,"Simu1","DIC",50,"cliver",0.580921985576685
"7074",707.3,"Simu1","DIC",50,"cliver",0.00146642703941907
"7075",707.4,"Simu1","DIC",50,"cliver",0.00105289331960652
"7076",707.5,"Simu1","DIC",50,"cliver",0.000956504361506917
"7077",707.6,"Simu1","DIC",50,"cliver",0.000871404268515253
"7078",707.7,"Simu1","DIC",50,"cliver",0.000795996600891021
"7079",707.8,"Simu1","DIC",50,"cliver",0.000728987091251341
"7080",707.9,"Simu1","DIC",50,"cliver",0.000669238608879553
"7081",708,"Simu1","DIC",50,"cliver",0.000615817870559416
"7082",708.1,"Simu1","DIC",50,"cliver",0.000568016874561447
"7083",708.2,"Simu1","DIC",50,"cliver",0.000525056709222003
"7084",708.3,"Simu1","DIC",50,"cliver",0.000486402221893998
"7085",708.4,"Simu1","DIC",50,"cliver",0.000451595705116936
"7086",708.5,"Simu1","DIC",50,"cliver",0.000420156081022446
"7087",708.6,"Simu1","DIC",50,"cliver",0.000391728473257622
"7088",708.7,"Simu1","DIC",50,"cliver",0.000365989802099399
"7089",708.8,"Simu1","DIC",50,"cliver",0.000342636590808538
"7090",708.9,"Simu1","DIC",50,"cliver",0.000321458723831788
"7091",709,"Simu1","DIC",50,"cliver",0.000302138513028353
"7092",709.1,"Simu1","DIC",50,"cliver",0.000284678622458038
"7093",709.2,"Simu1","DIC",50,"cliver",0.000268468801158033
"7094",709.3,"Simu1","DIC",50,"cliver",0.000254352444867939
"7095",709.4,"Simu1","DIC",50,"cliver",0.000240664249211117
"7096",709.5,"Simu1","DIC",50,"cliver",0.000228485741795589
"7097",709.6,"Simu1","DIC",50,"cliver",0.000217319589705928
"7098",709.7,"Simu1","DIC",50,"cliver",0.000207085466990519
"7099",709.8,"Simu1","DIC",50,"cliver",0.000197695779105677
"7100",709.9,"Simu1","DIC",50,"cliver",0.00018907124890585
"7101",710,"Simu1","DIC",50,"cliver",0.000181141833385607
"7102",710.1,"Simu1","DIC",50,"cliver",0.000173844225747031
"7103",710.2,"Simu1","DIC",50,"cliver",0.000167121253079208
"7104",710.3,"Simu1","DIC",50,"cliver",0.000160921159480658
"7105",710.4,"Simu1","DIC",50,"cliver",0.000155197234246743
"7106",710.5,"Simu1","DIC",50,"cliver",0.000149907416268186
"7107",710.6,"Simu1","DIC",50,"cliver",0.000145013693404204
"7108",710.7,"Simu1","DIC",50,"cliver",0.000140481673353383
"7109",710.8,"Simu1","DIC",50,"cliver",0.000136280183359198
"7110",710.9,"Simu1","DIC",50,"cliver",0.000132380977630603
"7111",711,"Simu1","DIC",50,"cliver",0.000128758436980256
"7112",711.1,"Simu1","DIC",50,"cliver",0.000125389346625813
"7113",711.2,"Simu1","DIC",50,"cliver",0.000122252591859498
"7114",711.3,"Simu1","DIC",50,"cliver",0.000119328972296721
"7115",711.4,"Simu1","DIC",50,"cliver",0.000116601028421683
"7116",711.5,"Simu1","DIC",50,"cliver",0.000114052868128581
"7117",711.6,"Simu1","DIC",50,"cliver",0.000111670069776402
"7118",711.7,"Simu1","DIC",50,"cliver",0.000109439499791794
"7119",711.8,"Simu1","DIC",50,"cliver",0.000107349120607243
"7120",711.9,"Simu1","DIC",50,"cliver",0.000105388085921563
"7121",712,"Simu1","DIC",50,"cliver",0.000165506501648516
"7122",712.1,"Simu1","DIC",50,"cliver",0.177578546700185
"7123",712.2,"Simu1","DIC",50,"cliver",1.19707358699525
"7124",712.3,"Simu1","DIC",50,"cliver",2.52704560562187
"7125",712.4,"Simu1","DIC",50,"cliver",3.82329207652667
"7126",712.5,"Simu1","DIC",50,"cliver",4.97308708729632
"7127",712.6,"Simu1","DIC",50,"cliver",5.94850329582851
"7128",712.7,"Simu1","DIC",50,"cliver",6.75154944083967
"7129",712.8,"Simu1","DIC",50,"cliver",7.39406368896337
"7130",712.9,"Simu1","DIC",50,"cliver",7.8904244745496
"7131",713,"Simu1","DIC",50,"cliver",8.25497127751232
"7132",713.1,"Simu1","DIC",50,"cliver",8.50114889018408
"7133",713.2,"Simu1","DIC",50,"cliver",8.64127591546114
"7134",713.3,"Simu1","DIC",50,"cliver",8.68653620173601
"7135",713.4,"Simu1","DIC",50,"cliver",8.64704438566976
"7136",713.5,"Simu1","DIC",50,"cliver",8.53193213985381
"7137",713.6,"Simu1","DIC",50,"cliver",8.34943638727592
"7138",713.7,"Simu1","DIC",50,"cliver",8.10698317583763
"7139",713.8,"Simu1","DIC",50,"cliver",7.8112644011361
"7140",713.9,"Simu1","DIC",50,"cliver",7.46830799596949
"7141",714,"Simu1","DIC",50,"cliver",7.0835421955841
"7142",714.1,"Simu1","DIC",50,"cliver",6.66185325942427
"7143",714.2,"Simu1","DIC",50,"cliver",6.20763838732835
"7144",714.3,"Simu1","DIC",50,"cliver",5.72485331505383
"7145",714.4,"Simu1","DIC",50,"cliver",5.21705604261869
"7146",714.5,"Simu1","DIC",50,"cliver",4.68744713353944
"7147",714.6,"Simu1","DIC",50,"cliver",4.13890671431965
"7148",714.7,"Simu1","DIC",50,"cliver",3.57402963194062
"7149",714.8,"Simu1","DIC",50,"cliver",2.99516119787399
"7150",714.9,"Simu1","DIC",50,"cliver",2.40443860152043
"7151",715,"Simu1","DIC",50,"cliver",1.80384953636348
"7152",715.1,"Simu1","DIC",50,"cliver",1.19537090141092
"7153",715.2,"Simu1","DIC",50,"cliver",0.581559113366606
"7154",715.3,"Simu1","DIC",50,"cliver",0.00150123280782119
"7155",715.4,"Simu1","DIC",50,"cliver",0.00105311974926197
"7156",715.5,"Simu1","DIC",50,"cliver",0.000956722768155764
"7157",715.6,"Simu1","DIC",50,"cliver",0.000871615661187395
"7158",715.7,"Simu1","DIC",50,"cliver",0.000796201804383347
"7159",715.8,"Simu1","DIC",50,"cliver",0.000729186812553389
"7160",715.9,"Simu1","DIC",50,"cliver",0.000669433562319565
"7161",716,"Simu1","DIC",50,"cliver",0.000616008413879341
"7162",716.1,"Simu1","DIC",50,"cliver",0.00056820350826638
"7163",716.2,"Simu1","DIC",50,"cliver",0.000525239982008434
"7164",716.3,"Simu1","DIC",50,"cliver",0.000486582291872949
"7165",716.4,"Simu1","DIC",50,"cliver",0.000451772968297221
"7166",716.5,"Simu1","DIC",50,"cliver",0.000420330730672286
"7167",716.6,"Simu1","DIC",50,"cliver",0.00039190081540007
"7168",716.7,"Simu1","DIC",50,"cliver",0.0003661599940952
"7169",716.8,"Simu1","DIC",50,"cliver",0.000342804853988989
"7170",716.9,"Simu1","DIC",50,"cliver",0.000321625159336044
"7171",717,"Simu1","DIC",50,"cliver",0.000302303438401211
"7172",717.1,"Simu1","DIC",50,"cliver",0.000284841797690933
"7173",717.2,"Simu1","DIC",50,"cliver",0.000268631162293485
"7174",717.3,"Simu1","DIC",50,"cliver",0.000254513774887695
"7175",717.4,"Simu1","DIC",50,"cliver",0.000240823048113224
"7176",717.5,"Simu1","DIC",50,"cliver",0.000228644155864946
"7177",717.6,"Simu1","DIC",50,"cliver",0.000217476988491778
"7178",717.7,"Simu1","DIC",50,"cliver",0.000207241925879616
"7179",717.8,"Simu1","DIC",50,"cliver",0.000197851363130315
"7180",717.9,"Simu1","DIC",50,"cliver",0.000189226016977106
"7181",718,"Simu1","DIC",50,"cliver",0.000181295840324398
"7182",718.1,"Simu1","DIC",50,"cliver",0.00017399752060712
"7183",718.2,"Simu1","DIC",50,"cliver",0.000167273880991061
"7184",718.3,"Simu1","DIC",50,"cliver",0.000161073162492212
"7185",718.4,"Simu1","DIC",50,"cliver",0.000155348650309264
"7186",718.5,"Simu1","DIC",50,"cliver",0.000150058280507451
"7187",718.6,"Simu1","DIC",50,"cliver",0.00014516403784471
"7188",718.7,"Simu1","DIC",50,"cliver",0.000140631527705128
"7189",718.8,"Simu1","DIC",50,"cliver",0.000136429574836367
"7190",718.9,"Simu1","DIC",50,"cliver",0.000132529931491
"7191",719,"Simu1","DIC",50,"cliver",0.000128906976413179
"7192",719.1,"Simu1","DIC",50,"cliver",0.000125537493147471
"7193",719.2,"Simu1","DIC",50,"cliver",0.000122400365378753
"7194",719.3,"Simu1","DIC",50,"cliver",0.000119476391216366
"7195",719.4,"Simu1","DIC",50,"cliver",0.000116748109930221
"7196",719.5,"Simu1","DIC",50,"cliver",0.000114199628114873
"7197",719.6,"Simu1","DIC",50,"cliver",0.000111816522864422
"7198",719.7,"Simu1","DIC",50,"cliver",0.000109585659785132
"7199",719.8,"Simu1","DIC",50,"cliver",0.000107495000360848
"7200",719.9,"Simu1","DIC",50,"cliver",0.000105533700789217
"7201",720,"Simu1","DIC",50,"cliver",0.000165655242026813
