"","time","Simulation","Chemical","dose","variable","value"
"1",0,"Simu1","KET",200,"cliver",0
"2",0.1,"Simu1","KET",200,"cliver",3.18004323082544
"3",0.2,"Simu1","KET",200,"cliver",12.1906618129256
"4",0.3,"Simu1","KET",200,"cliver",21.8664162862342
"5",0.4,"Simu1","KET",200,"cliver",30.3303370379398
"6",0.5,"Simu1","KET",200,"cliver",37.1566152724592
"7",0.6,"Simu1","KET",200,"cliver",42.3967333276103
"8",0.7,"Simu1","KET",200,"cliver",46.2400140282708
"9",0.8,"Simu1","KET",200,"cliver",48.898312710785
"10",0.9,"Simu1","KET",200,"cliver",50.5693091530471
"11",1,"Simu1","KET",200,"cliver",51.4269309927889
"12",1.1,"Simu1","KET",200,"cliver",51.6207974949981
"13",1.2,"Simu1","KET",200,"cliver",51.2783827299423
"14",1.3,"Simu1","KET",200,"cliver",50.5077594494297
"15",1.4,"Simu1","KET",200,"cliver",49.4002398399958
"16",1.5,"Simu1","KET",200,"cliver",48.0327281920932
"17",1.6,"Simu1","KET",200,"cliver",46.4697657640036
"18",1.7,"Simu1","KET",200,"cliver",44.7652910544875
"19",1.8,"Simu1","KET",200,"cliver",42.9641615825358
"20",1.9,"Simu1","KET",200,"cliver",41.1034617050571
"21",2,"Simu1","KET",200,"cliver",39.2136288372282
"22",2.1,"Simu1","KET",200,"cliver",37.3194339952064
"23",2.2,"Simu1","KET",200,"cliver",35.4408348032052
"24",2.3,"Simu1","KET",200,"cliver",33.5936994985525
"25",2.4,"Simu1","KET",200,"cliver",31.7904332666999
"26",2.5,"Simu1","KET",200,"cliver",30.040529161698
"27",2.6,"Simu1","KET",200,"cliver",28.3510391272696
"28",2.7,"Simu1","KET",200,"cliver",26.7269847834421
"29",2.8,"Simu1","KET",200,"cliver",25.1717018358668
"30",2.9,"Simu1","KET",200,"cliver",23.6871334836057
"31",3,"Simu1","KET",200,"cliver",22.274088502741
"32",3.1,"Simu1","KET",200,"cliver",20.9324602131503
"33",3.2,"Simu1","KET",200,"cliver",19.6614110064658
"34",3.3,"Simu1","KET",200,"cliver",18.4595271141108
"35",3.4,"Simu1","KET",200,"cliver",17.3249494602506
"36",3.5,"Simu1","KET",200,"cliver",16.2554840844677
"37",3.6,"Simu1","KET",200,"cliver",15.2486942258606
"38",3.7,"Simu1","KET",200,"cliver",14.3019761636626
"39",3.8,"Simu1","KET",200,"cliver",13.4126216377728
"40",3.9,"Simu1","KET",200,"cliver",12.5778690385329
"41",4,"Simu1","KET",200,"cliver",11.7949446206201
"42",4.1,"Simu1","KET",200,"cliver",11.0610951066966
"43",4.2,"Simu1","KET",200,"cliver",10.3736140748105
"44",4.3,"Simu1","KET",200,"cliver",9.72986223611935
"45",4.4,"Simu1","KET",200,"cliver",9.12728266386134
"46",4.5,"Simu1","KET",200,"cliver",8.56341187917884
"47",4.6,"Simu1","KET",200,"cliver",8.03588763968395
"48",4.7,"Simu1","KET",200,"cliver",7.54245402490638
"49",4.8,"Simu1","KET",200,"cliver",7.08096425334554
"50",4.9,"Simu1","KET",200,"cliver",6.64938163719756
"51",5,"Simu1","KET",200,"cliver",6.2457790701991
"52",5.1,"Simu1","KET",200,"cliver",5.86833738345033
"53",5.2,"Simu1","KET",200,"cliver",5.51534282333836
"54",5.3,"Simu1","KET",200,"cliver",5.18518385140124
"55",5.4,"Simu1","KET",200,"cliver",4.87634744064544
"56",5.5,"Simu1","KET",200,"cliver",4.58741502212905
"57",5.6,"Simu1","KET",200,"cliver",4.31705820739277
"58",5.7,"Simu1","KET",200,"cliver",4.06403438353304
"59",5.8,"Simu1","KET",200,"cliver",3.82718225692848
"60",5.9,"Simu1","KET",200,"cliver",3.6054174081304
"61",6,"Simu1","KET",200,"cliver",3.39772790892212
"62",6.1,"Simu1","KET",200,"cliver",3.20317004091786
"63",6.2,"Simu1","KET",200,"cliver",3.02086414426148
"64",6.3,"Simu1","KET",200,"cliver",2.84999061714662
"65",6.4,"Simu1","KET",200,"cliver",2.68978608114298
"66",6.5,"Simu1","KET",200,"cliver",2.53953972244938
"67",6.6,"Simu1","KET",200,"cliver",2.39858981480796
"68",6.7,"Simu1","KET",200,"cliver",2.26632042618043
"69",6.8,"Simu1","KET",200,"cliver",2.14215830859186
"70",6.9,"Simu1","KET",200,"cliver",2.02556996856914
"71",7,"Simu1","KET",200,"cliver",1.91605891403084
"72",7.1,"Simu1","KET",200,"cliver",1.8131630722136
"73",7.2,"Simu1","KET",200,"cliver",1.71645237227347
"74",7.3,"Simu1","KET",200,"cliver",1.62552648557721
"75",7.4,"Simu1","KET",200,"cliver",1.5400127163181
"76",7.5,"Simu1","KET",200,"cliver",1.45956403487093
"77",7.6,"Simu1","KET",200,"cliver",1.38385724620401
"78",7.7,"Simu1","KET",200,"cliver",1.31259128568365
"79",7.8,"Simu1","KET",200,"cliver",1.24548563472384
"80",7.9,"Simu1","KET",200,"cliver",1.18227884891689
"81",8,"Simu1","KET",200,"cliver",1.12272719151607
"82",8.1,"Simu1","KET",200,"cliver",1.066603365514
"83",8.2,"Simu1","KET",200,"cliver",1.01369533754785
"84",8.3,"Simu1","KET",200,"cliver",0.96380524754913
"85",8.4,"Simu1","KET",200,"cliver",0.916748398193745
"86",8.5,"Simu1","KET",200,"cliver",0.872352318548978
"87",8.6,"Simu1","KET",200,"cliver",0.830455896625725
"88",8.7,"Simu1","KET",200,"cliver",0.790908575881612
"89",8.8,"Simu1","KET",200,"cliver",0.753569611040606
"90",8.9,"Simu1","KET",200,"cliver",0.718307378888648
"91",9,"Simu1","KET",200,"cliver",0.684998739985274
"92",9.1,"Simu1","KET",200,"cliver",0.65352844750615
"93",9.2,"Simu1","KET",200,"cliver",0.623788599697011
"94",9.3,"Simu1","KET",200,"cliver",0.59567813266901
"95",9.4,"Simu1","KET",200,"cliver",0.56910235049807
"96",9.5,"Simu1","KET",200,"cliver",0.543972489809547
"97",9.6,"Simu1","KET",200,"cliver",0.520205316236243
"98",9.7,"Simu1","KET",200,"cliver",0.497722750332029
"99",9.8,"Simu1","KET",200,"cliver",0.476451520704336
"100",9.9,"Simu1","KET",200,"cliver",0.456322842296654
"101",10,"Simu1","KET",200,"cliver",0.437272117908792
"102",10.1,"Simu1","KET",200,"cliver",0.41923866119556
"103",10.2,"Simu1","KET",200,"cliver",0.40216543949937
"104",10.3,"Simu1","KET",200,"cliver",0.385998835023035
"105",10.4,"Simu1","KET",200,"cliver",0.37068842295272
"106",10.5,"Simu1","KET",200,"cliver",0.356186765249638
"107",10.6,"Simu1","KET",200,"cliver",0.342449218927874
"108",10.7,"Simu1","KET",200,"cliver",0.329433757729048
"109",10.8,"Simu1","KET",200,"cliver",0.317100806190024
"110",10.9,"Simu1","KET",200,"cliver",0.305413085177856
"111",11,"Simu1","KET",200,"cliver",0.29433546803785
"112",11.1,"Simu1","KET",200,"cliver",0.283834846567237
"113",11.2,"Simu1","KET",200,"cliver",0.273880006088628
"114",11.3,"Simu1","KET",200,"cliver",0.264441508954015
"115",11.4,"Simu1","KET",200,"cliver",0.255491585862099
"116",11.5,"Simu1","KET",200,"cliver",0.247004034419516
"117",11.6,"Simu1","KET",200,"cliver",0.238954124420687
"118",11.7,"Simu1","KET",200,"cliver",0.231318509361669
"119",11.8,"Simu1","KET",200,"cliver",0.224075143740756
"120",11.9,"Simu1","KET",200,"cliver",0.217203205732933
"121",12,"Simu1","KET",200,"cliver",0.210683024856879
"122",12.1,"Simu1","KET",200,"cliver",0.204496014282841
"123",12.2,"Simu1","KET",200,"cliver",0.198624607455017
"124",12.3,"Simu1","KET",200,"cliver",0.193052198728517
"125",12.4,"Simu1","KET",200,"cliver",0.187763087742756
"126",12.5,"Simu1","KET",200,"cliver",0.182742427274107
"127",12.6,"Simu1","KET",200,"cliver",0.177976174329764
"128",12.7,"Simu1","KET",200,"cliver",0.173451044262597
"129",12.8,"Simu1","KET",200,"cliver",0.169154467703102
"130",12.9,"Simu1","KET",200,"cliver",0.165074550119538
"131",13,"Simu1","KET",200,"cliver",0.161200033831114
"132",13.1,"Simu1","KET",200,"cliver",0.157520262311879
"133",13.2,"Simu1","KET",200,"cliver",0.154025146634683
"134",13.3,"Simu1","KET",200,"cliver",0.150705133915458
"135",13.4,"Simu1","KET",200,"cliver",0.147551177628041
"136",13.5,"Simu1","KET",200,"cliver",0.144554709668974
"137",13.6,"Simu1","KET",200,"cliver",0.141707614060233
"138",13.7,"Simu1","KET",200,"cliver",0.139002202185703
"139",13.8,"Simu1","KET",200,"cliver",0.136431189464483
"140",13.9,"Simu1","KET",200,"cliver",0.1339876733708
"141",14,"Simu1","KET",200,"cliver",0.131665112716537
"142",14.1,"Simu1","KET",200,"cliver",0.129457308118141
"143",14.2,"Simu1","KET",200,"cliver",0.127358383574876
"144",14.3,"Simu1","KET",200,"cliver",0.125362769090451
"145",14.4,"Simu1","KET",200,"cliver",0.123465184274543
"146",14.5,"Simu1","KET",200,"cliver",0.12166062286494
"147",14.6,"Simu1","KET",200,"cliver",0.119944338114962
"148",14.7,"Simu1","KET",200,"cliver",0.118311828994439
"149",14.8,"Simu1","KET",200,"cliver",0.116758827155918
"150",14.9,"Simu1","KET",200,"cliver",0.115281284620857
"151",15,"Simu1","KET",200,"cliver",0.113875362143527
"152",15.1,"Simu1","KET",200,"cliver",0.11253741821298
"153",15.2,"Simu1","KET",200,"cliver",0.111263998656005
"154",15.3,"Simu1","KET",200,"cliver",0.110051826806302
"155",15.4,"Simu1","KET",200,"cliver",0.108897794207288
"156",15.5,"Simu1","KET",200,"cliver",0.107798951817981
"157",15.6,"Simu1","KET",200,"cliver",0.106752501693277
"158",15.7,"Simu1","KET",200,"cliver",0.105755789111724
"159",15.8,"Simu1","KET",200,"cliver",0.104806295125505
"160",15.9,"Simu1","KET",200,"cliver",0.103901629508907
"161",16,"Simu1","KET",200,"cliver",0.103039524082956
"162",16.1,"Simu1","KET",200,"cliver",0.102217826395257
"163",16.2,"Simu1","KET",200,"cliver",0.101434493735305
"164",16.3,"Simu1","KET",200,"cliver",0.100687587466722
"165",16.4,"Simu1","KET",200,"cliver",0.0999752676589514
"166",16.5,"Simu1","KET",200,"cliver",0.0992957880019732
"167",16.6,"Simu1","KET",200,"cliver",0.0986474909885614
"168",16.7,"Simu1","KET",200,"cliver",0.0980288033494915
"169",16.8,"Simu1","KET",200,"cliver",0.0974382317279588
"170",16.9,"Simu1","KET",200,"cliver",0.0968743585802509
"171",17,"Simu1","KET",200,"cliver",0.0963358382904595
"172",17.1,"Simu1","KET",200,"cliver",0.0958213934877069
"173",17.2,"Simu1","KET",200,"cliver",0.0953298115550197
"174",17.3,"Simu1","KET",200,"cliver",0.0948599413195888
"175",17.4,"Simu1","KET",200,"cliver",0.0944106899147349
"176",17.5,"Simu1","KET",200,"cliver",0.093981019804434
"177",17.6,"Simu1","KET",200,"cliver",0.093569945961771
"178",17.7,"Simu1","KET",200,"cliver",0.0931765331931629
"179",17.8,"Simu1","KET",200,"cliver",0.0927998936006467
"180",17.9,"Simu1","KET",200,"cliver",0.0924391841749472
"181",18,"Simu1","KET",200,"cliver",0.0920936045124428
"182",18.1,"Simu1","KET",200,"cliver",0.0917623946495188
"183",18.2,"Simu1","KET",200,"cliver",0.0914448330081547
"184",18.3,"Simu1","KET",200,"cliver",0.0911402344469235
"185",18.4,"Simu1","KET",200,"cliver",0.0908479484118983
"186",18.5,"Simu1","KET",200,"cliver",0.0905673571822545
"187",18.6,"Simu1","KET",200,"cliver",0.0902978742056397
"188",18.7,"Simu1","KET",200,"cliver",0.0900389425186432
"189",18.8,"Simu1","KET",200,"cliver",0.0897900332479508
"190",18.9,"Simu1","KET",200,"cliver",0.0895506441880023
"191",19,"Simu1","KET",200,"cliver",0.0893202984511928
"192",19.1,"Simu1","KET",200,"cliver",0.0890985431868696
"193",19.2,"Simu1","KET",200,"cliver",0.0888849483655727
"194",19.3,"Simu1","KET",200,"cliver",0.0886791056251568
"195",19.4,"Simu1","KET",200,"cliver",0.0884806271756072
"196",19.5,"Simu1","KET",200,"cliver",0.0882891447595322
"197",19.6,"Simu1","KET",200,"cliver",0.088104308665471
"198",19.7,"Simu1","KET",200,"cliver",0.0879257867913061
"199",19.8,"Simu1","KET",200,"cliver",0.0877532637552118
"200",19.9,"Simu1","KET",200,"cliver",0.0875864400517037
"201",20,"Simu1","KET",200,"cliver",0.0874250312504807
"202",20.1,"Simu1","KET",200,"cliver",0.0872687672358719
"203",20.2,"Simu1","KET",200,"cliver",0.0871173914848135
"204",20.3,"Simu1","KET",200,"cliver",0.0869706603813886
"205",20.4,"Simu1","KET",200,"cliver",0.0868283425660651
"206",20.5,"Simu1","KET",200,"cliver",0.0866902183178632
"207",20.6,"Simu1","KET",200,"cliver",0.0865560789677738
"208",20.7,"Simu1","KET",200,"cliver",0.0864257263418384
"209",20.8,"Simu1","KET",200,"cliver",0.0862989722323812
"210",20.9,"Simu1","KET",200,"cliver",0.0861756378959604
"211",21,"Simu1","KET",200,"cliver",0.0860555535766839
"212",21.1,"Simu1","KET",200,"cliver",0.0859385580535983
"213",21.2,"Simu1","KET",200,"cliver",0.0858244982109308
"214",21.3,"Simu1","KET",200,"cliver",0.0857132286300252
"215",21.4,"Simu1","KET",200,"cliver",0.0856046112018693
"216",21.5,"Simu1","KET",200,"cliver",0.0854985147591732
"217",21.6,"Simu1","KET",200,"cliver",0.085394814727005
"218",21.7,"Simu1","KET",200,"cliver",0.0852933927910467
"219",21.8,"Simu1","KET",200,"cliver",0.085194136582576
"220",21.9,"Simu1","KET",200,"cliver",0.085096939379329
"221",22,"Simu1","KET",200,"cliver",0.0850016998214399
"222",22.1,"Simu1","KET",200,"cliver",0.0849083216416959
"223",22.2,"Simu1","KET",200,"cliver",0.0848167134093819
"224",22.3,"Simu1","KET",200,"cliver",0.0847267882870312
"225",22.4,"Simu1","KET",200,"cliver",0.0846384637994264
"226",22.5,"Simu1","KET",200,"cliver",0.0845516616142352
"227",22.6,"Simu1","KET",200,"cliver",0.0844663073336918
"228",22.7,"Simu1","KET",200,"cliver",0.0843823302967664
"229",22.8,"Simu1","KET",200,"cliver",0.0842996633912938
"230",22.9,"Simu1","KET",200,"cliver",0.0842182428755591
"231",23,"Simu1","KET",200,"cliver",0.084138008208862
"232",23.1,"Simu1","KET",200,"cliver",0.0840589018906088
"233",23.2,"Simu1","KET",200,"cliver",0.0839808693075002
"234",23.3,"Simu1","KET",200,"cliver",0.0839038585884084
"235",23.4,"Simu1","KET",200,"cliver",0.0838278204665545
"236",23.5,"Simu1","KET",200,"cliver",0.0837527081486193
"237",23.6,"Simu1","KET",200,"cliver",0.0836784771904379
"238",23.7,"Simu1","KET",200,"cliver",0.0836050853789464
"239",23.8,"Simu1","KET",200,"cliver",0.0835324926201111
"240",23.9,"Simu1","KET",200,"cliver",0.0834606610519935
"241",24,"Simu1","KET",200,"cliver",0.0869691880344235
"242",24.1,"Simu1","KET",200,"cliver",3.69751408822563
"243",24.2,"Simu1","KET",200,"cliver",13.4271795454079
"244",24.3,"Simu1","KET",200,"cliver",23.80453842685
"245",24.4,"Simu1","KET",200,"cliver",32.8644454729657
"246",24.5,"Simu1","KET",200,"cliver",40.1664233560069
"247",24.6,"Simu1","KET",200,"cliver",45.7704798338241
"248",24.7,"Simu1","KET",200,"cliver",49.8804465252149
"249",24.8,"Simu1","KET",200,"cliver",52.7230109861411
"250",24.9,"Simu1","KET",200,"cliver",54.5093278247933
"251",25,"Simu1","KET",200,"cliver",55.4250943372047
"252",25.1,"Simu1","KET",200,"cliver",55.6300585792286
"253",25.2,"Simu1","KET",200,"cliver",55.2603766833224
"254",25.3,"Simu1","KET",200,"cliver",54.4315645357662
"255",25.4,"Simu1","KET",200,"cliver",53.2412134498474
"256",25.5,"Simu1","KET",200,"cliver",51.7716527615781
"257",25.6,"Simu1","KET",200,"cliver",50.0919934095172
"258",25.7,"Simu1","KET",200,"cliver",48.2600316222267
"259",25.8,"Simu1","KET",200,"cliver",46.3239019998012
"260",25.9,"Simu1","KET",200,"cliver",44.3233729873726
"261",26,"Simu1","KET",200,"cliver",42.2911474227906
"262",26.1,"Simu1","KET",200,"cliver",40.2539704877967
"263",26.2,"Simu1","KET",200,"cliver",38.2332251563087
"264",26.3,"Simu1","KET",200,"cliver",36.2459929698962
"265",26.4,"Simu1","KET",200,"cliver",34.3056855265065
"266",26.5,"Simu1","KET",200,"cliver",32.4225498482343
"267",26.6,"Simu1","KET",200,"cliver",30.6042101655317
"268",26.7,"Simu1","KET",200,"cliver",28.856095536188
"269",26.8,"Simu1","KET",200,"cliver",27.1818437160673
"270",26.9,"Simu1","KET",200,"cliver",25.5835953144067
"271",27,"Simu1","KET",200,"cliver",24.0622439104013
"272",27.1,"Simu1","KET",200,"cliver",22.6176930903068
"273",27.2,"Simu1","KET",200,"cliver",21.2490643843756
"274",27.3,"Simu1","KET",200,"cliver",19.9548603088565
"275",27.4,"Simu1","KET",200,"cliver",18.7330975156964
"276",27.5,"Simu1","KET",200,"cliver",17.5814251407681
"277",27.6,"Simu1","KET",200,"cliver",16.4972281743191
"278",27.7,"Simu1","KET",200,"cliver",15.4777116336781
"279",27.8,"Simu1","KET",200,"cliver",14.5199667869952
"280",27.9,"Simu1","KET",200,"cliver",13.6210247749586
"281",28,"Simu1","KET",200,"cliver",12.7779014113508
"282",28.1,"Simu1","KET",200,"cliver",11.9876338723989
"283",28.2,"Simu1","KET",200,"cliver",11.2473092839805
"284",28.3,"Simu1","KET",200,"cliver",10.5540863074433
"285",28.4,"Simu1","KET",200,"cliver",9.9052114402636
"286",28.5,"Simu1","KET",200,"cliver",9.29803125386381
"287",28.6,"Simu1","KET",200,"cliver",8.73000111128848
"288",28.7,"Simu1","KET",200,"cliver",8.198690750973
"289",28.8,"Simu1","KET",200,"cliver",7.7017872963053
"290",28.9,"Simu1","KET",200,"cliver",7.23709630182163
"291",29,"Simu1","KET",200,"cliver",6.80254128868631
"292",29.1,"Simu1","KET",200,"cliver",6.39616205424332
"293",29.2,"Simu1","KET",200,"cliver",6.0161119769335
"294",29.3,"Simu1","KET",200,"cliver",5.66065457262333
"295",29.4,"Simu1","KET",200,"cliver",5.32815951412039
"296",29.5,"Simu1","KET",200,"cliver",5.01709828280771
"297",29.6,"Simu1","KET",200,"cliver",4.72603957250932
"298",29.7,"Simu1","KET",200,"cliver",4.45364454486333
"299",29.8,"Simu1","KET",200,"cliver",4.19866202470352
"300",29.9,"Simu1","KET",200,"cliver",3.95992370893254
"301",30,"Simu1","KET",200,"cliver",3.73633944354578
"302",30.1,"Simu1","KET",200,"cliver",3.52689260829107
"303",30.2,"Simu1","KET",200,"cliver",3.33063563931361
"304",30.3,"Simu1","KET",200,"cliver",3.1466857137237
"305",30.4,"Simu1","KET",200,"cliver",2.97422061340735
"306",30.5,"Simu1","KET",200,"cliver",2.8124747788369
"307",30.6,"Simu1","KET",200,"cliver",2.66073555853768
"308",30.7,"Simu1","KET",200,"cliver",2.51833965646009
"309",30.8,"Simu1","KET",200,"cliver",2.38466977697036
"310",30.9,"Simu1","KET",200,"cliver",2.25915146489698
"311",31,"Simu1","KET",200,"cliver",2.14125013609475
"312",31.1,"Simu1","KET",200,"cliver",2.03046829251752
"313",31.2,"Simu1","KET",200,"cliver",1.92634291528133
"314",31.3,"Simu1","KET",200,"cliver",1.82844302762993
"315",31.4,"Simu1","KET",200,"cliver",1.73636742026328
"316",31.5,"Simu1","KET",200,"cliver",1.64974253081814
"317",31.6,"Simu1","KET",200,"cliver",1.56822046916678
"318",31.7,"Simu1","KET",200,"cliver",1.49147718018643
"319",31.8,"Simu1","KET",200,"cliver",1.41921073584376
"320",31.9,"Simu1","KET",200,"cliver",1.35113974867776
"321",32,"Simu1","KET",200,"cliver",1.28700189899869
"322",32.1,"Simu1","KET",200,"cliver",1.22655256838483
"323",32.2,"Simu1","KET",200,"cliver",1.16956357237807
"324",32.3,"Simu1","KET",200,"cliver",1.11582198563237
"325",32.4,"Simu1","KET",200,"cliver",1.06512905312524
"326",32.5,"Simu1","KET",200,"cliver",1.01729918138993
"327",32.6,"Simu1","KET",200,"cliver",0.972159004070605
"328",32.7,"Simu1","KET",200,"cliver",0.929546516447398
"329",32.8,"Simu1","KET",200,"cliver",0.889310273916473
"330",32.9,"Simu1","KET",200,"cliver",0.851308649735796
"331",33,"Simu1","KET",200,"cliver",0.815409147656923
"332",33.1,"Simu1","KET",200,"cliver",0.781487765356116
"333",33.2,"Simu1","KET",200,"cliver",0.749428404893434
"334",33.3,"Simu1","KET",200,"cliver",0.719122326618782
"335",33.4,"Simu1","KET",200,"cliver",0.690467643279052
"336",33.5,"Simu1","KET",200,"cliver",0.663368851286271
"337",33.6,"Simu1","KET",200,"cliver",0.637736396328673
"338",33.7,"Simu1","KET",200,"cliver",0.613486270711129
"339",33.8,"Simu1","KET",200,"cliver",0.590539640011364
"340",33.9,"Simu1","KET",200,"cliver",0.568822496823929
"341",34,"Simu1","KET",200,"cliver",0.54826533953238
"342",34.1,"Simu1","KET",200,"cliver",0.528802874205346
"343",34.2,"Simu1","KET",200,"cliver",0.510373737857916
"344",34.3,"Simu1","KET",200,"cliver",0.49292024145637
"345",34.4,"Simu1","KET",200,"cliver",0.476388131170432
"346",34.5,"Simu1","KET",200,"cliver",0.460726366493125
"347",34.6,"Simu1","KET",200,"cliver",0.445886913955247
"348",34.7,"Simu1","KET",200,"cliver",0.43182455526065
"349",34.8,"Simu1","KET",200,"cliver",0.418496708760313
"350",34.9,"Simu1","KET",200,"cliver",0.405863263267761
"351",35,"Simu1","KET",200,"cliver",0.393886423296234
"352",35.1,"Simu1","KET",200,"cliver",0.382530564869461
"353",35.2,"Simu1","KET",200,"cliver",0.371762101126223
"354",35.3,"Simu1","KET",200,"cliver",0.361549356994676
"355",35.4,"Simu1","KET",200,"cliver",0.351862452273968
"356",35.5,"Simu1","KET",200,"cliver",0.342673192510239
"357",35.6,"Simu1","KET",200,"cliver",0.333954967101504
"358",35.7,"Simu1","KET",200,"cliver",0.32568265410939
"359",35.8,"Simu1","KET",200,"cliver",0.317832531296262
"360",35.9,"Simu1","KET",200,"cliver",0.310382192943536
"361",36,"Simu1","KET",200,"cliver",0.303310472040986
"362",36.1,"Simu1","KET",200,"cliver",0.296597367468071
"363",36.2,"Simu1","KET",200,"cliver",0.290223975817069
"364",36.3,"Simu1","KET",200,"cliver",0.28417242753447
"365",36.4,"Simu1","KET",200,"cliver",0.278425827081511
"366",36.5,"Simu1","KET",200,"cliver",0.272968196837195
"367",36.6,"Simu1","KET",200,"cliver",0.267784424487812
"368",36.7,"Simu1","KET",200,"cliver",0.262860213666011
"369",36.8,"Simu1","KET",200,"cliver",0.258182037620021
"370",36.9,"Simu1","KET",200,"cliver",0.253737095709806
"371",37,"Simu1","KET",200,"cliver",0.249513272541777
"372",37.1,"Simu1","KET",200,"cliver",0.24549909956741
"373",37.2,"Simu1","KET",200,"cliver",0.241683718983902
"374",37.3,"Simu1","KET",200,"cliver",0.238056849786264
"375",37.4,"Simu1","KET",200,"cliver",0.234608755831433
"376",37.5,"Simu1","KET",200,"cliver",0.231330215784722
"377",37.6,"Simu1","KET",200,"cliver",0.228212494828112
"378",37.7,"Simu1","KET",200,"cliver",0.225247318018274
"379",37.8,"Simu1","KET",200,"cliver",0.222426845190103
"380",37.9,"Simu1","KET",200,"cliver",0.219743647308733
"381",38,"Simu1","KET",200,"cliver",0.217190684179704
"382",38.1,"Simu1","KET",200,"cliver",0.214761283433101
"383",38.2,"Simu1","KET",200,"cliver",0.212449120703199
"384",38.3,"Simu1","KET",200,"cliver",0.210248200930444
"385",38.4,"Simu1","KET",200,"cliver",0.208152840717492
"386",38.5,"Simu1","KET",200,"cliver",0.206157651675589
"387",38.6,"Simu1","KET",200,"cliver",0.204257524701755
"388",38.7,"Simu1","KET",200,"cliver",0.202447615131153
"389",38.8,"Simu1","KET",200,"cliver",0.200723328712659
"390",38.9,"Simu1","KET",200,"cliver",0.199080308358977
"391",39,"Simu1","KET",200,"cliver",0.197514421625819
"392",39.1,"Simu1","KET",200,"cliver",0.196021748877523
"393",39.2,"Simu1","KET",200,"cliver",0.194598572099236
"394",39.3,"Simu1","KET",200,"cliver",0.193241364318234
"395",39.4,"Simu1","KET",200,"cliver",0.191946779599365
"396",39.5,"Simu1","KET",200,"cliver",0.19071164358172
"397",39.6,"Simu1","KET",200,"cliver",0.189532944525717
"398",39.7,"Simu1","KET",200,"cliver",0.188407824841628
"399",39.8,"Simu1","KET",200,"cliver",0.18733357307237
"400",39.9,"Simu1","KET",200,"cliver",0.186307616305042
"401",40,"Simu1","KET",200,"cliver",0.185327512987185
"402",40.1,"Simu1","KET",200,"cliver",0.184390946125235
"403",40.2,"Simu1","KET",200,"cliver",0.183495716843931
"404",40.3,"Simu1","KET",200,"cliver",0.182639738286729
"405",40.4,"Simu1","KET",200,"cliver",0.181821029838435
"406",40.5,"Simu1","KET",200,"cliver",0.181037711652373
"407",40.6,"Simu1","KET",200,"cliver",0.180287999465428
"408",40.7,"Simu1","KET",200,"cliver",0.179570199685287
"409",40.8,"Simu1","KET",200,"cliver",0.178882704735069
"410",40.9,"Simu1","KET",200,"cliver",0.178223988641438
"411",41,"Simu1","KET",200,"cliver",0.177592602853019
"412",41.1,"Simu1","KET",200,"cliver",0.176987172276758
"413",41.2,"Simu1","KET",200,"cliver",0.176406391520503
"414",41.3,"Simu1","KET",200,"cliver",0.175849021330784
"415",41.4,"Simu1","KET",200,"cliver",0.175313885215366
"416",41.5,"Simu1","KET",200,"cliver",0.174799866240748
"417",41.6,"Simu1","KET",200,"cliver",0.174305903995298
"418",41.7,"Simu1","KET",200,"cliver",0.173830991709279
"419",41.8,"Simu1","KET",200,"cliver",0.173374173523442
"420",41.9,"Simu1","KET",200,"cliver",0.172934541898369
"421",42,"Simu1","KET",200,"cliver",0.172511235157154
"422",42.1,"Simu1","KET",200,"cliver",0.17210343515442
"423",42.2,"Simu1","KET",200,"cliver",0.17171036506504
"424",42.3,"Simu1","KET",200,"cliver",0.171331287286315
"425",42.4,"Simu1","KET",200,"cliver",0.170965501447671
"426",42.5,"Simu1","KET",200,"cliver",0.170612342522273
"427",42.6,"Simu1","KET",200,"cliver",0.17027117903525
"428",42.7,"Simu1","KET",200,"cliver",0.169941411363511
"429",42.8,"Simu1","KET",200,"cliver",0.169622470122406
"430",42.9,"Simu1","KET",200,"cliver",0.169313814634713
"431",43,"Simu1","KET",200,"cliver",0.169014931477715
"432",43.1,"Simu1","KET",200,"cliver",0.168725333104318
"433",43.2,"Simu1","KET",200,"cliver",0.168444556534386
"434",43.3,"Simu1","KET",200,"cliver",0.168172162112686
"435",43.4,"Simu1","KET",200,"cliver",0.167907732330006
"436",43.5,"Simu1","KET",200,"cliver",0.167650870704195
"437",43.6,"Simu1","KET",200,"cliver",0.167401200718057
"438",43.7,"Simu1","KET",200,"cliver",0.167158364811165
"439",43.8,"Simu1","KET",200,"cliver",0.166922023422848
"440",43.9,"Simu1","KET",200,"cliver",0.166691854083724
"441",44,"Simu1","KET",200,"cliver",0.166467550553285
"442",44.1,"Simu1","KET",200,"cliver",0.166248822001195
"443",44.2,"Simu1","KET",200,"cliver",0.166035392230057
"444",44.3,"Simu1","KET",200,"cliver",0.165826998937539
"445",44.4,"Simu1","KET",200,"cliver",0.165623393015845
"446",44.5,"Simu1","KET",200,"cliver",0.165424337886633
"447",44.6,"Simu1","KET",200,"cliver",0.16522960886957
"448",44.7,"Simu1","KET",200,"cliver",0.165038992582818
"449",44.8,"Simu1","KET",200,"cliver",0.164852286373818
"450",44.9,"Simu1","KET",200,"cliver",0.16466929777884
"451",45,"Simu1","KET",200,"cliver",0.164489844009835
"452",45.1,"Simu1","KET",200,"cliver",0.164313751467195
"453",45.2,"Simu1","KET",200,"cliver",0.164140855277119
"454",45.3,"Simu1","KET",200,"cliver",0.163970998852326
"455",45.4,"Simu1","KET",200,"cliver",0.163804033474939
"456",45.5,"Simu1","KET",200,"cliver",0.16363981790041
"457",45.6,"Simu1","KET",200,"cliver",0.163478217981422
"458",45.7,"Simu1","KET",200,"cliver",0.163319106310758
"459",45.8,"Simu1","KET",200,"cliver",0.163162361882176
"460",45.9,"Simu1","KET",200,"cliver",0.163007869768379
"461",46,"Simu1","KET",200,"cliver",0.162855520815216
"462",46.1,"Simu1","KET",200,"cliver",0.162705211351286
"463",46.2,"Simu1","KET",200,"cliver",0.162556842912182
"464",46.3,"Simu1","KET",200,"cliver",0.16241032197862
"465",46.4,"Simu1","KET",200,"cliver",0.162265559727756
"466",46.5,"Simu1","KET",200,"cliver",0.162122471797033
"467",46.6,"Simu1","KET",200,"cliver",0.161980978059911
"468",46.7,"Simu1","KET",200,"cliver",0.161841002412893
"469",46.8,"Simu1","KET",200,"cliver",0.16170247257327
"470",46.9,"Simu1","KET",200,"cliver",0.161565319887046
"471",47,"Simu1","KET",200,"cliver",0.16142947914653
"472",47.1,"Simu1","KET",200,"cliver",0.161294888417106
"473",47.2,"Simu1","KET",200,"cliver",0.161161488872723
"474",47.3,"Simu1","KET",200,"cliver",0.161029224639651
"475",47.4,"Simu1","KET",200,"cliver",0.160898042648115
"476",47.5,"Simu1","KET",200,"cliver",0.160767892491374
"477",47.6,"Simu1","KET",200,"cliver",0.160638726291897
"478",47.7,"Simu1","KET",200,"cliver",0.160510498574273
"479",47.8,"Simu1","KET",200,"cliver",0.160383166145186
"480",47.9,"Simu1","KET",200,"cliver",0.160256688167297
"481",48,"Simu1","KET",200,"cliver",0.163710672495278
"482",48.1,"Simu1","KET",200,"cliver",3.77421588414867
"483",48.2,"Simu1","KET",200,"cliver",13.5039544718714
"484",48.3,"Simu1","KET",200,"cliver",23.8815247005341
"485",48.4,"Simu1","KET",200,"cliver",32.9417488046317
"486",48.5,"Simu1","KET",200,"cliver",40.2441112682744
"487",48.6,"Simu1","KET",200,"cliver",45.8485871044025
"488",48.7,"Simu1","KET",200,"cliver",49.9589824428523
"489",48.8,"Simu1","KET",200,"cliver",52.8019660834957
"490",48.9,"Simu1","KET",200,"cliver",54.5886788290424
"491",49,"Simu1","KET",200,"cliver",55.5048083190628
"492",49.1,"Simu1","KET",200,"cliver",55.7101026686998
"493",49.2,"Simu1","KET",200,"cliver",55.3407140309763
"494",49.3,"Simu1","KET",200,"cliver",54.5121322687425
"495",49.4,"Simu1","KET",200,"cliver",53.321997686188
"496",49.5,"Simu1","KET",200,"cliver",51.8526019203297
"497",49.6,"Simu1","KET",200,"cliver",50.1730595586798
"498",49.7,"Simu1","KET",200,"cliver",48.341178837456
"499",49.8,"Simu1","KET",200,"cliver",46.4050722938739
"500",49.9,"Simu1","KET",200,"cliver",44.4045510544199
"501",50,"Simu1","KET",200,"cliver",42.3723247355406
"502",50.1,"Simu1","KET",200,"cliver",40.335033625055
"503",50.2,"Simu1","KET",200,"cliver",38.3141555842883
"504",50.3,"Simu1","KET",200,"cliver",36.3267909354572
"505",50.4,"Simu1","KET",200,"cliver",34.3863291019859
"506",50.5,"Simu1","KET",200,"cliver",32.5030269809552
"507",50.6,"Simu1","KET",200,"cliver",30.6845144530541
"508",50.7,"Simu1","KET",200,"cliver",28.9362314725578
"509",50.8,"Simu1","KET",200,"cliver",27.2618045552434
"510",50.9,"Simu1","KET",200,"cliver",25.6633642131038
"511",51,"Simu1","KET",200,"cliver",24.1418142494227
"512",51.1,"Simu1","KET",200,"cliver",22.6970668118825
"513",51.2,"Simu1","KET",200,"cliver",21.3282429722892
"514",51.3,"Simu1","KET",200,"cliver",20.0338411118071
"515",51.4,"Simu1","KET",200,"cliver",18.8118774638223
"516",51.5,"Simu1","KET",200,"cliver",17.6600042127231
"517",51.6,"Simu1","KET",200,"cliver",16.5756087615473
"518",51.7,"Simu1","KET",200,"cliver",15.5558964170948
"519",51.8,"Simu1","KET",200,"cliver",14.597958042395
"520",51.9,"Simu1","KET",200,"cliver",13.6988250878376
"521",52,"Simu1","KET",200,"cliver",12.8555142210169
"522",52.1,"Simu1","KET",200,"cliver",12.0650632988796
"523",52.2,"Simu1","KET",200,"cliver",11.324559526283
"524",52.3,"Simu1","KET",200,"cliver",10.631161451847
"525",52.4,"Simu1","KET",200,"cliver",9.98211563237652
"526",52.5,"Simu1","KET",200,"cliver",9.3747688305578
"527",52.6,"Simu1","KET",200,"cliver",8.80657652206258
"528",52.7,"Simu1","KET",200,"cliver",8.27510841618867
"529",52.8,"Simu1","KET",200,"cliver",7.778051553949
"530",52.9,"Simu1","KET",200,"cliver",7.31321142887819
"531",53,"Simu1","KET",200,"cliver",6.87851151177276
"532",53.1,"Simu1","KET",200,"cliver",6.47199151969797
"533",53.2,"Simu1","KET",200,"cliver",6.09180472013497
"534",53.3,"Simu1","KET",200,"cliver",5.73621450521391
"535",53.4,"Simu1","KET",200,"cliver",5.40359042492646
"536",53.5,"Simu1","KET",200,"cliver",5.09240383665128
"537",53.6,"Simu1","KET",200,"cliver",4.80122330372863
"538",53.7,"Simu1","KET",200,"cliver",4.52870985186332
"539",53.8,"Simu1","KET",200,"cliver",4.27361216943445
"540",53.9,"Simu1","KET",200,"cliver",4.03476181927411
"541",54,"Simu1","KET",200,"cliver",3.81106851546838
"542",54.1,"Simu1","KET",200,"cliver",3.60151550728815
"543",54.2,"Simu1","KET",200,"cliver",3.4051551026184
"544",54.3,"Simu1","KET",200,"cliver",3.22110435374668
"545",54.4,"Simu1","KET",200,"cliver",3.04854092176995
"546",54.5,"Simu1","KET",200,"cliver",2.88669913036654
"547",54.6,"Simu1","KET",200,"cliver",2.73486621521069
"548",54.7,"Simu1","KET",200,"cliver",2.59237877153524
"549",54.8,"Simu1","KET",200,"cliver",2.45861939934858
"550",54.9,"Simu1","KET",200,"cliver",2.33301354353419
"551",55,"Simu1","KET",200,"cliver",2.21502652433644
"552",55.1,"Simu1","KET",200,"cliver",2.10416075240983
"553",55.2,"Simu1","KET",200,"cliver",1.99995312161089
"554",55.3,"Simu1","KET",200,"cliver",1.90197257201345
"555",55.4,"Simu1","KET",200,"cliver",1.80981781518893
"556",55.5,"Simu1","KET",200,"cliver",1.72311521355127
"557",55.6,"Simu1","KET",200,"cliver",1.64151680547149
"558",55.7,"Simu1","KET",200,"cliver",1.56469846789026
"559",55.8,"Simu1","KET",200,"cliver",1.49235820827716
"560",55.9,"Simu1","KET",200,"cliver",1.42421457798466
"561",56,"Simu1","KET",200,"cliver",1.3600051992982
"562",56.1,"Simu1","KET",200,"cliver",1.29948539875709
"563",56.2,"Simu1","KET",200,"cliver",1.2424269397592
"564",56.3,"Simu1","KET",200,"cliver",1.18861684755937
"565",56.4,"Simu1","KET",200,"cliver",1.13785632032431
"566",56.5,"Simu1","KET",200,"cliver",1.08995972022651
"567",56.6,"Simu1","KET",200,"cliver",1.04475363888387
"568",56.7,"Simu1","KET",200,"cliver",1.00207603177231
"569",56.8,"Simu1","KET",200,"cliver",0.961775416587818
"570",56.9,"Simu1","KET",200,"cliver",0.923710130875403
"571",57,"Simu1","KET",200,"cliver",0.887747644553632
"572",57.1,"Simu1","KET",200,"cliver",0.853763923251929
"573",57.2,"Simu1","KET",200,"cliver",0.821642838657213
"574",57.3,"Simu1","KET",200,"cliver",0.791275622337387
"575",57.4,"Simu1","KET",200,"cliver",0.762560359765308
"576",57.5,"Simu1","KET",200,"cliver",0.735401521504391
"577",57.6,"Simu1","KET",200,"cliver",0.709709528738429
"578",57.7,"Simu1","KET",200,"cliver",0.685400350536695
"579",57.8,"Simu1","KET",200,"cliver",0.662395130441271
"580",57.9,"Simu1","KET",200,"cliver",0.64061984014623
"581",58,"Simu1","KET",200,"cliver",0.620004958207517
"582",58.1,"Simu1","KET",200,"cliver",0.600485171878234
"583",58.2,"Simu1","KET",200,"cliver",0.581999100317989
"584",58.3,"Simu1","KET",200,"cliver",0.564489037544603
"585",58.4,"Simu1","KET",200,"cliver",0.547900713635726
"586",58.5,"Simu1","KET",200,"cliver",0.53218307280186
"587",58.6,"Simu1","KET",200,"cliver",0.517288067057838
"588",58.7,"Simu1","KET",200,"cliver",0.50317046431751
"589",58.8,"Simu1","KET",200,"cliver",0.489787669828855
"590",58.9,"Simu1","KET",200,"cliver",0.477099559952466
"591",59,"Simu1","KET",200,"cliver",0.465068327364173
"592",59.1,"Simu1","KET",200,"cliver",0.453658336833803
"593",59.2,"Simu1","KET",200,"cliver",0.442835990798022
"594",59.3,"Simu1","KET",200,"cliver",0.432569604006333
"595",59.4,"Simu1","KET",200,"cliver",0.422829286575683
"596",59.5,"Simu1","KET",200,"cliver",0.413586834840707
"597",59.6,"Simu1","KET",200,"cliver",0.404815629434113
"598",59.7,"Simu1","KET",200,"cliver",0.396490540075391
"599",59.8,"Simu1","KET",200,"cliver",0.388587836586344
"600",59.9,"Simu1","KET",200,"cliver",0.381085105689023
"601",60,"Simu1","KET",200,"cliver",0.373961173175719
"602",60.1,"Simu1","KET",200,"cliver",0.367196031071866
"603",60.2,"Simu1","KET",200,"cliver",0.360770769442172
"604",60.3,"Simu1","KET",200,"cliver",0.354667512515618
"605",60.4,"Simu1","KET",200,"cliver",0.348869358830449
"606",60.5,"Simu1","KET",200,"cliver",0.343360325122553
"607",60.6,"Simu1","KET",200,"cliver",0.338125293701197
"608",60.7,"Simu1","KET",200,"cliver",0.33314996307505
"609",60.8,"Simu1","KET",200,"cliver",0.328420801608989
"610",60.9,"Simu1","KET",200,"cliver",0.323925004008475
"611",61,"Simu1","KET",200,"cliver",0.31965045044312
"612",61.1,"Simu1","KET",200,"cliver",0.315585668134787
"613",61.2,"Simu1","KET",200,"cliver",0.31171979524814
"614",61.3,"Simu1","KET",200,"cliver",0.308042546933287
"615",61.4,"Simu1","KET",200,"cliver",0.30454418338089
"616",61.5,"Simu1","KET",200,"cliver",0.301215479760067
"617",61.6,"Simu1","KET",200,"cliver",0.298047697918525
"618",61.7,"Simu1","KET",200,"cliver",0.295032559732873
"619",61.8,"Simu1","KET",200,"cliver",0.292162222004817
"620",61.9,"Simu1","KET",200,"cliver",0.289429252806222
"621",62,"Simu1","KET",200,"cliver",0.286826609182656
"622",62.1,"Simu1","KET",200,"cliver",0.284347616131222
"623",62.2,"Simu1","KET",200,"cliver",0.281985946774243
"624",62.3,"Simu1","KET",200,"cliver",0.279735603655542
"625",62.4,"Simu1","KET",200,"cliver",0.277590901091066
"626",62.5,"Simu1","KET",200,"cliver",0.275546448510104
"627",62.6,"Simu1","KET",200,"cliver",0.27359713472758
"628",62.7,"Simu1","KET",200,"cliver",0.271738113091763
"629",62.8,"Simu1","KET",200,"cliver",0.269964787455386
"630",62.9,"Simu1","KET",200,"cliver",0.268272798921546
"631",63,"Simu1","KET",200,"cliver",0.266658013318846
"632",63.1,"Simu1","KET",200,"cliver",0.265116509363188
"633",63.2,"Simu1","KET",200,"cliver",0.263644567466295
"634",63.3,"Simu1","KET",200,"cliver",0.262238659153559
"635",63.4,"Simu1","KET",200,"cliver",0.260895437056169
"636",63.5,"Simu1","KET",200,"cliver",0.259611725444627
"637",63.6,"Simu1","KET",200,"cliver",0.258384511272818
"638",63.7,"Simu1","KET",200,"cliver",0.25721093570367
"639",63.8,"Simu1","KET",200,"cliver",0.256088286089212
"640",63.9,"Simu1","KET",200,"cliver",0.255013988379503
"641",64,"Simu1","KET",200,"cliver",0.253985599936413
"642",64.1,"Simu1","KET",200,"cliver",0.253000802729698
"643",64.2,"Simu1","KET",200,"cliver",0.252057396894163
"644",64.3,"Simu1","KET",200,"cliver",0.251153294627912
"645",64.4,"Simu1","KET",200,"cliver",0.250286514412932
"646",64.5,"Simu1","KET",200,"cliver",0.249455175540304
"647",64.6,"Simu1","KET",200,"cliver",0.248657492923374
"648",64.7,"Simu1","KET",200,"cliver",0.247891772183216
"649",64.8,"Simu1","KET",200,"cliver",0.247156404991566
"650",64.9,"Simu1","KET",200,"cliver",0.246449864657307
"651",65,"Simu1","KET",200,"cliver",0.245770701943346
"652",65.1,"Simu1","KET",200,"cliver",0.2451175411015
"653",65.2,"Simu1","KET",200,"cliver",0.244489076113664
"654",65.3,"Simu1","KET",200,"cliver",0.243884067128256
"655",65.4,"Simu1","KET",200,"cliver",0.243301337081486
"656",65.5,"Simu1","KET",200,"cliver",0.242739768493632
"657",65.6,"Simu1","KET",200,"cliver",0.242198300431022
"658",65.7,"Simu1","KET",200,"cliver",0.24167592562493
"659",65.8,"Simu1","KET",200,"cliver",0.241171687739124
"660",65.9,"Simu1","KET",200,"cliver",0.240684678778188
"661",66,"Simu1","KET",200,"cliver",0.240214036629244
"662",66.1,"Simu1","KET",200,"cliver",0.239758942730041
"663",66.2,"Simu1","KET",200,"cliver",0.239318619856805
"664",66.3,"Simu1","KET",200,"cliver",0.238892330025573
"665",66.4,"Simu1","KET",200,"cliver",0.238479372501092
"666",66.5,"Simu1","KET",200,"cliver",0.238079081907668
"667",66.6,"Simu1","KET",200,"cliver",0.237690826436665
"668",66.7,"Simu1","KET",200,"cliver",0.237314006145627
"669",66.8,"Simu1","KET",200,"cliver",0.236948051344271
"670",66.9,"Simu1","KET",200,"cliver",0.236592421062847
"671",67,"Simu1","KET",200,"cliver",0.236246601598608
"672",67.1,"Simu1","KET",200,"cliver",0.23591010513635
"673",67.2,"Simu1","KET",200,"cliver",0.235582468439207
"674",67.3,"Simu1","KET",200,"cliver",0.23526325160606
"675",67.4,"Simu1","KET",200,"cliver",0.234952036892162
"676",67.5,"Simu1","KET",200,"cliver",0.234648427589699
"677",67.6,"Simu1","KET",200,"cliver",0.234352046965226
"678",67.7,"Simu1","KET",200,"cliver",0.234062537251053
"679",67.8,"Simu1","KET",200,"cliver",0.233779558687811
"680",67.9,"Simu1","KET",200,"cliver",0.233502788615593
"681",68,"Simu1","KET",200,"cliver",0.233231920611159
"682",68.1,"Simu1","KET",200,"cliver",0.232966663668878
"683",68.2,"Simu1","KET",200,"cliver",0.232706741423151
"684",68.3,"Simu1","KET",200,"cliver",0.232451891410203
"685",68.4,"Simu1","KET",200,"cliver",0.232201864367251
"686",68.5,"Simu1","KET",200,"cliver",0.231956423567116
"687",68.6,"Simu1","KET",200,"cliver",0.231715344186499
"688",68.7,"Simu1","KET",200,"cliver",0.231478412706193
"689",68.8,"Simu1","KET",200,"cliver",0.231245426341608
"690",68.9,"Simu1","KET",200,"cliver",0.231016192502077
"691",69,"Simu1","KET",200,"cliver",0.230790528277466
"692",69.1,"Simu1","KET",200,"cliver",0.230568259950717
"693",69.2,"Simu1","KET",200,"cliver",0.230349222534994
"694",69.3,"Simu1","KET",200,"cliver",0.230133259334197
"695",69.4,"Simu1","KET",200,"cliver",0.229920221525644
"696",69.5,"Simu1","KET",200,"cliver",0.229709967763816
"697",69.6,"Simu1","KET",200,"cliver",0.229502363804079
"698",69.7,"Simu1","KET",200,"cliver",0.229297282145383
"699",69.8,"Simu1","KET",200,"cliver",0.229094601690978
"700",69.9,"Simu1","KET",200,"cliver",0.22889420742623
"701",70,"Simu1","KET",200,"cliver",0.22869599011267
"702",70.1,"Simu1","KET",200,"cliver",0.228499845997466
"703",70.2,"Simu1","KET",200,"cliver",0.228305676537527
"704",70.3,"Simu1","KET",200,"cliver",0.228113388137507
"705",70.4,"Simu1","KET",200,"cliver",0.227922891901002
"706",70.5,"Simu1","KET",200,"cliver",0.227734103394279
"707",70.6,"Simu1","KET",200,"cliver",0.227546942421896
"708",70.7,"Simu1","KET",200,"cliver",0.227361332813621
"709",70.8,"Simu1","KET",200,"cliver",0.227177202222083
"710",70.9,"Simu1","KET",200,"cliver",0.226994481930591
"711",71,"Simu1","KET",200,"cliver",0.226813106670644
"712",71.1,"Simu1","KET",200,"cliver",0.22663301444861
"713",71.2,"Simu1","KET",200,"cliver",0.226454146381128
"714",71.3,"Simu1","KET",200,"cliver",0.226276446538796
"715",71.4,"Simu1","KET",200,"cliver",0.22609986179772
"716",71.5,"Simu1","KET",200,"cliver",0.225924341698523
"717",71.6,"Simu1","KET",200,"cliver",0.225749838312457
"718",71.7,"Simu1","KET",200,"cliver",0.225576306114239
"719",71.8,"Simu1","KET",200,"cliver",0.225403701870489
"720",71.9,"Simu1","KET",200,"cliver",0.225231985061582
"721",72,"Simu1","KET",200,"cliver",0.228640789497029
"722",72.1,"Simu1","KET",200,"cliver",3.83911711879722
"723",72.2,"Simu1","KET",200,"cliver",13.5689196173934
"724",72.3,"Simu1","KET",200,"cliver",23.9466658077614
"725",72.4,"Simu1","KET",200,"cliver",33.007154068422
"726",72.5,"Simu1","KET",200,"cliver",40.3098380147059
"727",72.6,"Simu1","KET",200,"cliver",45.9146655210429
"728",72.7,"Simu1","KET",200,"cliver",50.0254211976051
"729",72.8,"Simu1","KET",200,"cliver",52.8687577041473
"730",72.9,"Simu1","KET",200,"cliver",54.6558044739515
"731",73,"Simu1","KET",200,"cliver",55.5722421818629
"732",73.1,"Simu1","KET",200,"cliver",55.7778060065599
"733",73.2,"Simu1","KET",200,"cliver",55.4086541172497
"734",73.3,"Simu1","KET",200,"cliver",54.5802712311281
"735",73.4,"Simu1","KET",200,"cliver",53.3902606308964
"736",73.5,"Simu1","KET",200,"cliver",51.9210152070883
"737",73.6,"Simu1","KET",200,"cliver",50.241573435668
"738",73.7,"Simu1","KET",200,"cliver",48.4097622518914
"739",73.8,"Simu1","KET",200,"cliver",46.473696155033
"740",73.9,"Simu1","KET",200,"cliver",44.4731742371964
"741",74,"Simu1","KET",200,"cliver",42.4409058213034
"742",74.1,"Simu1","KET",200,"cliver",40.4035647741049
"743",74.2,"Simu1","KET",200,"cliver",38.382621244669
"744",74.3,"Simu1","KET",200,"cliver",36.3951639274393
"745",74.4,"Simu1","KET",200,"cliver",34.454587121059
"746",74.5,"Simu1","KET",200,"cliver",32.5711570550818
"747",74.6,"Simu1","KET",200,"cliver",30.7525094859135
"748",74.7,"Simu1","KET",200,"cliver",29.0040836039647
"749",74.8,"Simu1","KET",200,"cliver",27.3295035057862
"750",74.9,"Simu1","KET",200,"cliver",25.7309015864404
"751",75,"Simu1","KET",200,"cliver",24.2091852725757
"752",75.1,"Simu1","KET",200,"cliver",22.7642693604869
"753",75.2,"Simu1","KET",200,"cliver",21.3952755262403
"754",75.3,"Simu1","KET",200,"cliver",20.1007023242868
"755",75.4,"Simu1","KET",200,"cliver",18.8785668234333
"756",75.5,"Simu1","KET",200,"cliver",17.72652241883
"757",75.6,"Simu1","KET",200,"cliver",16.6419574507065
"758",75.7,"Simu1","KET",200,"cliver",15.6220776395526
"759",75.8,"Simu1","KET",200,"cliver",14.6639741021263
"760",75.9,"Simu1","KET",200,"cliver",13.7646786470992
"761",76,"Simu1","KET",200,"cliver",12.921208347353
"762",76.1,"Simu1","KET",200,"cliver",12.1306012802461
"763",76.2,"Simu1","KET",200,"cliver",11.3899449258095
"764",76.3,"Simu1","KET",200,"cliver",10.6963979607575
"765",76.4,"Simu1","KET",200,"cliver",10.0472069983386
"766",76.5,"Simu1","KET",200,"cliver",9.4397188247192
"767",76.6,"Simu1","KET",200,"cliver",8.87138893358355
"768",76.7,"Simu1","KET",200,"cliver",8.33978703491125
"769",76.8,"Simu1","KET",200,"cliver",7.84260013775234
"770",76.9,"Simu1","KET",200,"cliver",7.37763367508289
"771",77,"Simu1","KET",200,"cliver",6.94281104213624
"772",77.1,"Simu1","KET",200,"cliver",6.53617187252438
"773",77.2,"Simu1","KET",200,"cliver",6.15586934149785
"774",77.3,"Simu1","KET",200,"cliver",5.80016673899942
"775",77.4,"Simu1","KET",200,"cliver",5.46743350537945
"776",77.5,"Simu1","KET",200,"cliver",5.15614088474658
"777",77.6,"Simu1","KET",200,"cliver",4.86485732568159
"778",77.7,"Simu1","KET",200,"cliver",4.59224373811636
"779",77.8,"Simu1","KET",200,"cliver",4.33704869406697
"780",77.9,"Simu1","KET",200,"cliver",4.09810364046483
"781",78,"Simu1","KET",200,"cliver",3.87431817710751
"782",78.1,"Simu1","KET",200,"cliver",3.66467544135019
"783",78.2,"Simu1","KET",200,"cliver",3.46822763159571
"784",78.3,"Simu1","KET",200,"cliver",3.28409169358555
"785",78.4,"Simu1","KET",200,"cliver",3.11144518511771
"786",78.5,"Simu1","KET",200,"cliver",2.94952233007273
"787",78.6,"Simu1","KET",200,"cliver",2.79761026794031
"788",78.7,"Simu1","KET",200,"cliver",2.65504550144418
"789",78.8,"Simu1","KET",200,"cliver",2.52121054181035
"790",78.9,"Simu1","KET",200,"cliver",2.39553074889175
"791",79,"Simu1","KET",200,"cliver",2.27747136163285
"792",79.1,"Simu1","KET",200,"cliver",2.16653471306003
"793",79.2,"Simu1","KET",200,"cliver",2.06225762299586
"794",79.3,"Simu1","KET",200,"cliver",1.96420896098768
"795",79.4,"Simu1","KET",200,"cliver",1.87198737149065
"796",79.5,"Simu1","KET",200,"cliver",1.78521915310261
"797",79.6,"Simu1","KET",200,"cliver",1.7035562835598
"798",79.7,"Simu1","KET",200,"cliver",1.62667458222649
"799",79.8,"Simu1","KET",200,"cliver",1.55427200193022
"800",79.9,"Simu1","KET",200,"cliver",1.48606704219107
"801",80,"Simu1","KET",200,"cliver",1.4217972761472
"802",80.1,"Simu1","KET",200,"cliver",1.36121798377194
"803",80.2,"Simu1","KET",200,"cliver",1.30410088428372
"804",80.3,"Simu1","KET",200,"cliver",1.25023296109747
"805",80.4,"Simu1","KET",200,"cliver",1.19941537275957
"806",80.5,"Simu1","KET",200,"cliver",1.15146244391845
"807",80.6,"Simu1","KET",200,"cliver",1.10620073064204
"808",80.7,"Simu1","KET",200,"cliver",1.06346815472894
"809",80.8,"Simu1","KET",200,"cliver",1.02311320197976
"810",80.9,"Simu1","KET",200,"cliver",0.984994179733405
"811",81,"Simu1","KET",200,"cliver",0.948978529297449
"812",81.1,"Simu1","KET",200,"cliver",0.914942189196355
"813",81.2,"Simu1","KET",200,"cliver",0.882769005436655
"814",81.3,"Simu1","KET",200,"cliver",0.852350185254112
"815",81.4,"Simu1","KET",200,"cliver",0.823583791064095
"816",81.5,"Simu1","KET",200,"cliver",0.796374271576378
"817",81.6,"Simu1","KET",200,"cliver",0.770632027258244
"818",81.7,"Simu1","KET",200,"cliver",0.746273007537131
"819",81.8,"Simu1","KET",200,"cliver",0.723218337329094
"820",81.9,"Simu1","KET",200,"cliver",0.701393970662162
"821",82,"Simu1","KET",200,"cliver",0.680730369333367
"822",82.1,"Simu1","KET",200,"cliver",0.661162204695578
"823",82.2,"Simu1","KET",200,"cliver",0.642628080815161
"824",82.3,"Simu1","KET",200,"cliver",0.625070277384314
"825",82.4,"Simu1","KET",200,"cliver",0.608434510880728
"826",82.5,"Simu1","KET",200,"cliver",0.592669712600523
"827",82.6,"Simu1","KET",200,"cliver",0.577727822291781
"828",82.7,"Simu1","KET",200,"cliver",0.563563596214518
"829",82.8,"Simu1","KET",200,"cliver",0.550134428543523
"830",82.9,"Simu1","KET",200,"cliver",0.537400185116042
"831",83,"Simu1","KET",200,"cliver",0.525323048604959
"832",83.1,"Simu1","KET",200,"cliver",0.513867374269871
"833",83.2,"Simu1","KET",200,"cliver",0.502999555504037
"834",83.3,"Simu1","KET",200,"cliver",0.492687898456021
"835",83.4,"Simu1","KET",200,"cliver",0.482902505061254
"836",83.5,"Simu1","KET",200,"cliver",0.473615163870459
"837",83.6,"Simu1","KET",200,"cliver",0.464799248109464
"838",83.7,"Simu1","KET",200,"cliver",0.456429620448542
"839",83.8,"Simu1","KET",200,"cliver",0.448482543999654
"840",83.9,"Simu1","KET",200,"cliver",0.44093559909711
"841",84,"Simu1","KET",200,"cliver",0.433767605451211
"842",84.1,"Simu1","KET",200,"cliver",0.426958549295824
"843",84.2,"Simu1","KET",200,"cliver",0.420489515179566
"844",84.3,"Simu1","KET",200,"cliver",0.414342622077365
"845",84.4,"Simu1","KET",200,"cliver",0.408500963522382
"846",84.5,"Simu1","KET",200,"cliver",0.402948551481974
"847",84.6,"Simu1","KET",200,"cliver",0.397670263721683
"848",84.7,"Simu1","KET",200,"cliver",0.392651794420199
"849",84.8,"Simu1","KET",200,"cliver",0.387879607815724
"850",84.9,"Simu1","KET",200,"cliver",0.383340894680435
"851",85,"Simu1","KET",200,"cliver",0.379023531434614
"852",85.1,"Simu1","KET",200,"cliver",0.374916041725814
"853",85.2,"Simu1","KET",200,"cliver",0.371007560310947
"854",85.3,"Simu1","KET",200,"cliver",0.367287799090908
"855",85.4,"Simu1","KET",200,"cliver",0.363747015158071
"856",85.5,"Simu1","KET",200,"cliver",0.360375980726945
"857",85.6,"Simu1","KET",200,"cliver",0.357165954827454
"858",85.7,"Simu1","KET",200,"cliver",0.35410865664872
"859",85.8,"Simu1","KET",200,"cliver",0.351196240429072
"860",85.9,"Simu1","KET",200,"cliver",0.348421271795218
"861",86,"Simu1","KET",200,"cliver",0.345776705460198
"862",86.1,"Simu1","KET",200,"cliver",0.343255864195908
"863",86.2,"Simu1","KET",200,"cliver",0.340852419001698
"864",86.3,"Simu1","KET",200,"cliver",0.338560370395876
"865",86.4,"Simu1","KET",200,"cliver",0.336374030761753
"866",86.5,"Simu1","KET",200,"cliver",0.33428800768451
"867",86.6,"Simu1","KET",200,"cliver",0.332297188219339
"868",86.7,"Simu1","KET",200,"cliver",0.330396724035217
"869",86.8,"Simu1","KET",200,"cliver",0.328582017382279
"870",86.9,"Simu1","KET",200,"cliver",0.326848707834138
"871",87,"Simu1","KET",200,"cliver",0.325192659759637
"872",87.1,"Simu1","KET",200,"cliver",0.323609950481393
"873",87.2,"Simu1","KET",200,"cliver",0.322096859081238
"874",87.3,"Simu1","KET",200,"cliver",0.320649855815128
"875",87.4,"Simu1","KET",200,"cliver",0.319265592102468
"876",87.5,"Simu1","KET",200,"cliver",0.317940891056965
"877",87.6,"Simu1","KET",200,"cliver",0.316672738528152
"878",87.7,"Simu1","KET",200,"cliver",0.315458274624623
"879",87.8,"Simu1","KET",200,"cliver",0.314294785691788
"880",87.9,"Simu1","KET",200,"cliver",0.313179696718592
"881",88,"Simu1","KET",200,"cliver",0.312110564149202
"882",88.1,"Simu1","KET",200,"cliver",0.311085069077083
"883",88.2,"Simu1","KET",200,"cliver",0.310101010800245
"884",88.3,"Simu1","KET",200,"cliver",0.309156300717679
"885",88.4,"Simu1","KET",200,"cliver",0.308248956548211
"886",88.5,"Simu1","KET",200,"cliver",0.307377096854045
"887",88.6,"Simu1","KET",200,"cliver",0.30653893585237
"888",88.7,"Simu1","KET",200,"cliver",0.305732778499311
"889",88.8,"Simu1","KET",200,"cliver",0.304957015831425
"890",88.9,"Simu1","KET",200,"cliver",0.304210120550825
"891",89,"Simu1","KET",200,"cliver",0.303490642840745
"892",89.1,"Simu1","KET",200,"cliver",0.302797206399177
"893",89.2,"Simu1","KET",200,"cliver",0.302128504678862
"894",89.3,"Simu1","KET",200,"cliver",0.301483297322587
"895",89.4,"Simu1","KET",200,"cliver",0.300860406783386
"896",89.5,"Simu1","KET",200,"cliver",0.300258715119772
"897",89.6,"Simu1","KET",200,"cliver",0.299677160956742
"898",89.7,"Simu1","KET",200,"cliver",0.299114736603733
"899",89.8,"Simu1","KET",200,"cliver",0.298570485321269
"900",89.9,"Simu1","KET",200,"cliver",0.298043498728434
"901",90,"Simu1","KET",200,"cliver",0.297532914343774
"902",90.1,"Simu1","KET",200,"cliver",0.29703791325261
"903",90.2,"Simu1","KET",200,"cliver",0.296557717894144
"904",90.3,"Simu1","KET",200,"cliver",0.296091589962084
"905",90.4,"Simu1","KET",200,"cliver",0.295638828412869
"906",90.5,"Simu1","KET",200,"cliver",0.295198767575871
"907",90.6,"Simu1","KET",200,"cliver",0.29477077536028
"908",90.7,"Simu1","KET",200,"cliver",0.294354251553636
"909",90.8,"Simu1","KET",200,"cliver",0.293948626207262
"910",90.9,"Simu1","KET",200,"cliver",0.293553358104095
"911",91,"Simu1","KET",200,"cliver",0.293167933304638
"912",91.1,"Simu1","KET",200,"cliver",0.29279186376702
"913",91.2,"Simu1","KET",200,"cliver",0.292424686037317
"914",91.3,"Simu1","KET",200,"cliver",0.292065960006531
"915",91.4,"Simu1","KET",200,"cliver",0.291715267730782
"916",91.5,"Simu1","KET",200,"cliver",0.29137221231147
"917",91.6,"Simu1","KET",200,"cliver",0.291036416832325
"918",91.7,"Simu1","KET",200,"cliver",0.290707523350423
"919",91.8,"Simu1","KET",200,"cliver",0.290385191938409
"920",91.9,"Simu1","KET",200,"cliver",0.290069099775295
"921",92,"Simu1","KET",200,"cliver",0.289758940283355
"922",92.1,"Simu1","KET",200,"cliver",0.289454422308755
"923",92.2,"Simu1","KET",200,"cliver",0.289155269343687
"924",92.3,"Simu1","KET",200,"cliver",0.288861218787892
"925",92.4,"Simu1","KET",200,"cliver",0.28857202124755
"926",92.5,"Simu1","KET",200,"cliver",0.288287439869655
"927",92.6,"Simu1","KET",200,"cliver",0.288007249710037
"928",92.7,"Simu1","KET",200,"cliver",0.287731237133355
"929",92.8,"Simu1","KET",200,"cliver",0.287459199243399
"930",92.9,"Simu1","KET",200,"cliver",0.287190943342183
"931",93,"Simu1","KET",200,"cliver",0.286926286416364
"932",93.1,"Simu1","KET",200,"cliver",0.286665054649591
"933",93.2,"Simu1","KET",200,"cliver",0.28640708295947
"934",93.3,"Simu1","KET",200,"cliver",0.286152214557903
"935",93.4,"Simu1","KET",200,"cliver",0.285900300533611
"936",93.5,"Simu1","KET",200,"cliver",0.285651199455715
"937",93.6,"Simu1","KET",200,"cliver",0.285404776997311
"938",93.7,"Simu1","KET",200,"cliver",0.285160905578028
"939",93.8,"Simu1","KET",200,"cliver",0.284919464024606
"940",93.9,"Simu1","KET",200,"cliver",0.284680337248579
"941",94,"Simu1","KET",200,"cliver",0.284443415940203
"942",94.1,"Simu1","KET",200,"cliver",0.284208596277811
"943",94.2,"Simu1","KET",200,"cliver",0.283975779651799
"944",94.3,"Simu1","KET",200,"cliver",0.283744872402527
"945",94.4,"Simu1","KET",200,"cliver",0.283515785571412
"946",94.5,"Simu1","KET",200,"cliver",0.283288434664556
"947",94.6,"Simu1","KET",200,"cliver",0.283062739428277
"948",94.7,"Simu1","KET",200,"cliver",0.282838623635941
"949",94.8,"Simu1","KET",200,"cliver",0.282616014885514
"950",94.9,"Simu1","KET",200,"cliver",0.282394844407322
"951",95,"Simu1","KET",200,"cliver",0.282175046881463
"952",95.1,"Simu1","KET",200,"cliver",0.281956560264425
"953",95.2,"Simu1","KET",200,"cliver",0.281739325624413
"954",95.3,"Simu1","KET",200,"cliver",0.281523286984972
"955",95.4,"Simu1","KET",200,"cliver",0.281308391176469
"956",95.5,"Simu1","KET",200,"cliver",0.281094587695045
"957",95.6,"Simu1","KET",200,"cliver",0.280881828568667
"958",95.7,"Simu1","KET",200,"cliver",0.280670068229907
"959",95.8,"Simu1","KET",200,"cliver",0.280459263396309
"960",95.9,"Simu1","KET",200,"cliver",0.280249373196183
"961",96,"Simu1","KET",200,"cliver",0.283619993573659
"962",96.1,"Simu1","KET",200,"cliver",3.89406919796965
"963",96.2,"Simu1","KET",200,"cliver",13.6239059799526
"964",96.3,"Simu1","KET",200,"cliver",24.0017763736768
"965",96.4,"Simu1","KET",200,"cliver",33.0624659128276
"966",96.5,"Simu1","KET",200,"cliver",40.3654036639495
"967",96.6,"Simu1","KET",200,"cliver",45.9705144145487
"968",96.7,"Simu1","KET",200,"cliver",50.0815643158998
"969",96.8,"Simu1","KET",200,"cliver",52.9251918506605
"970",96.9,"Simu1","KET",200,"cliver",54.712516090571
"971",97,"Simu1","KET",200,"cliver",55.6292102323126
"972",97.1,"Simu1","KET",200,"cliver",55.8350040696221
"973",97.2,"Simu1","KET",200,"cliver",55.4660697737696
"974",97.3,"Simu1","KET",200,"cliver",54.6378351217577
"975",97.4,"Simu1","KET",200,"cliver",53.4480025139959
"976",97.5,"Simu1","KET",200,"cliver",51.9788115739672
"977",97.6,"Simu1","KET",200,"cliver",50.2994606042605
"978",97.7,"Simu1","KET",200,"cliver",48.4676590678322
"979",97.8,"Simu1","KET",200,"cliver",46.5316110990133
"980",97.9,"Simu1","KET",200,"cliver",44.5310990243814
"981",98,"Simu1","KET",200,"cliver",42.4988043413109
"982",98.1,"Simu1","KET",200,"cliver",40.4613820566962
"983",98.2,"Simu1","KET",200,"cliver",38.4404322846908
"984",98.3,"Simu1","KET",200,"cliver",36.4529556668126
"985",98.4,"Simu1","KET",200,"cliver",34.5123105301181
"986",98.5,"Simu1","KET",200,"cliver",32.6287967345019
"987",98.6,"Simu1","KET",200,"cliver",30.8100583180641
"988",98.7,"Simu1","KET",200,"cliver",29.0615326184156
"989",98.8,"Simu1","KET",200,"cliver",27.3868415010312
"990",98.9,"Simu1","KET",200,"cliver",25.788118878929
"991",99,"Simu1","KET",200,"cliver",24.2662606587763
"992",99.1,"Simu1","KET",200,"cliver",22.8211891588829
"993",99.2,"Simu1","KET",200,"cliver",21.4520437051738
"994",99.3,"Simu1","KET",200,"cliver",20.1573265279889
"995",99.4,"Simu1","KET",200,"cliver",18.9350452006868
"996",99.5,"Simu1","KET",200,"cliver",17.782851075294
"997",99.6,"Simu1","KET",200,"cliver",16.6981366085436
"998",99.7,"Simu1","KET",200,"cliver",15.6781114669514
"999",99.8,"Simu1","KET",200,"cliver",14.7198669401169
"1000",99.9,"Simu1","KET",200,"cliver",13.8204332124146
"1001",100,"Simu1","KET",200,"cliver",12.9768267350075
"1002",100.1,"Simu1","KET",200,"cliver",12.1860870220076
"1003",100.2,"Simu1","KET",200,"cliver",11.4453021564788
"1004",100.3,"Simu1","KET",200,"cliver",10.7516299916924
"1005",100.4,"Simu1","KET",200,"cliver",10.1023167519775
"1006",100.5,"Simu1","KET",200,"cliver",9.49470927231011
"1007",100.6,"Simu1","KET",200,"cliver",8.92626313248891
"1008",100.7,"Simu1","KET",200,"cliver",8.39454808897869
"1009",100.8,"Simu1","KET",200,"cliver",7.8972511370909
"1010",100.9,"Simu1","KET",200,"cliver",7.43217767986543
"1011",101,"Simu1","KET",200,"cliver",6.99725102796404
"1012",101.1,"Simu1","KET",200,"cliver",6.59051072048447
"1013",101.2,"Simu1","KET",200,"cliver",6.21010987659743
"1014",101.3,"Simu1","KET",200,"cliver",5.8543117899897
"1015",101.4,"Simu1","KET",200,"cliver",5.52148608061993
"1016",101.5,"Simu1","KET",200,"cliver",5.21010407047866
"1017",101.6,"Simu1","KET",200,"cliver",4.91873386951012
"1018",101.7,"Simu1","KET",200,"cliver",4.64603601833515
"1019",101.8,"Simu1","KET",200,"cliver",4.39075897512874
"1020",101.9,"Simu1","KET",200,"cliver",4.15173420742935
"1021",102,"Simu1","KET",200,"cliver",3.92787126895736
"1022",102.1,"Simu1","KET",200,"cliver",3.71815315824608
"1023",102.2,"Simu1","KET",200,"cliver",3.52163193019801
"1024",102.3,"Simu1","KET",200,"cliver",3.33742443288981
"1025",102.4,"Simu1","KET",200,"cliver",3.16470815193833
"1026",102.5,"Simu1","KET",200,"cliver",3.00271723186734
"1027",102.6,"Simu1","KET",200,"cliver",2.85073872174941
"1028",102.7,"Simu1","KET",200,"cliver",2.70810903676133
"1029",102.8,"Simu1","KET",200,"cliver",2.57421061102373
"1030",102.9,"Simu1","KET",200,"cliver",2.44846873387854
"1031",103,"Simu1","KET",200,"cliver",2.33034857622321
"1032",103.1,"Simu1","KET",200,"cliver",2.21935240425835
"1033",103.2,"Simu1","KET",200,"cliver",2.11501697387723
"1034",103.3,"Simu1","KET",200,"cliver",2.01691109471851
"1035",103.4,"Simu1","KET",200,"cliver",1.92463335499987
"1036",103.5,"Simu1","KET",200,"cliver",1.83780999990791
"1037",103.6,"Simu1","KET",200,"cliver",1.7560929562022
"1038",103.7,"Simu1","KET",200,"cliver",1.6791579947947
"1039",103.8,"Simu1","KET",200,"cliver",1.60670302270942
"1040",103.9,"Simu1","KET",200,"cliver",1.53844649621242
"1041",104,"Simu1","KET",200,"cliver",1.47412594749896
"1042",104.1,"Simu1","KET",200,"cliver",1.4134966177181
"1043",104.2,"Simu1","KET",200,"cliver",1.35633018931156
"1044",104.3,"Simu1","KET",200,"cliver",1.30241361085548
"1045",104.4,"Simu1","KET",200,"cliver",1.25154800793832
"1046",104.5,"Simu1","KET",200,"cliver",1.20354767402814
"1047",104.6,"Simu1","KET",200,"cliver",1.15823913567511
"1048",104.7,"Simu1","KET",200,"cliver",1.11546028672158
"1049",104.8,"Simu1","KET",200,"cliver",1.07505958649245
"1050",104.9,"Simu1","KET",200,"cliver",1.03689531725188
"1051",105,"Simu1","KET",200,"cliver",1.00083489658008
"1052",105.1,"Simu1","KET",200,"cliver",0.966754240527649
"1053",105.2,"Simu1","KET",200,"cliver",0.934537173802909
"1054",105.3,"Simu1","KET",200,"cliver",0.904074883455904
"1055",105.4,"Simu1","KET",200,"cliver",0.875265412773744
"1056",105.5,"Simu1","KET",200,"cliver",0.848013192338555
"1057",105.6,"Simu1","KET",200,"cliver",0.822228605432233
"1058",105.7,"Simu1","KET",200,"cliver",0.797827585184698
"1059",105.8,"Simu1","KET",200,"cliver",0.774731241053812
"1060",105.9,"Simu1","KET",200,"cliver",0.752865512403774
"1061",106,"Simu1","KET",200,"cliver",0.732160847118594
"1062",106.1,"Simu1","KET",200,"cliver",0.712551903347141
"1063",106.2,"Simu1","KET",200,"cliver",0.693977272622877
"1064",106.3,"Simu1","KET",200,"cliver",0.676379222736085
"1065",106.4,"Simu1","KET",200,"cliver",0.659703458861333
"1066",106.5,"Simu1","KET",200,"cliver",0.643898901559172
"1067",106.6,"Simu1","KET",200,"cliver",0.628917480379053
"1068",106.7,"Simu1","KET",200,"cliver",0.614713941889685
"1069",106.8,"Simu1","KET",200,"cliver",0.60124567105432
"1070",106.9,"Simu1","KET",200,"cliver",0.588472524952729
"1071",107,"Simu1","KET",200,"cliver",0.576356677932215
"1072",107.1,"Simu1","KET",200,"cliver",0.564862477334999
"1073",107.2,"Simu1","KET",200,"cliver",0.553956309023248
"1074",107.3,"Simu1","KET",200,"cliver",0.543606471980555
"1075",107.4,"Simu1","KET",200,"cliver",0.533783061324874
"1076",107.5,"Simu1","KET",200,"cliver",0.524457859119202
"1077",107.6,"Simu1","KET",200,"cliver",0.515604232414355
"1078",107.7,"Simu1","KET",200,"cliver",0.507197038002195
"1079",107.8,"Simu1","KET",200,"cliver",0.49921253339778
"1080",107.9,"Simu1","KET",200,"cliver",0.491628293605852
"1081",108,"Simu1","KET",200,"cliver",0.484423133261038
"1082",108.1,"Simu1","KET",200,"cliver",0.477577033762671
"1083",108.2,"Simu1","KET",200,"cliver",0.471071075054007
"1084",108.3,"Simu1","KET",200,"cliver",0.464887371722121
"1085",108.4,"Simu1","KET",200,"cliver",0.459009013119209
"1086",108.5,"Simu1","KET",200,"cliver",0.453420007228437
"1087",108.6,"Simu1","KET",200,"cliver",0.448105228018272
"1088",108.7,"Simu1","KET",200,"cliver",0.443050366048228
"1089",108.8,"Simu1","KET",200,"cliver",0.438241882106529
"1090",108.9,"Simu1","KET",200,"cliver",0.433666963676327
"1091",109,"Simu1","KET",200,"cliver",0.429313484042197
"1092",109.1,"Simu1","KET",200,"cliver",0.42516996386182
"1093",109.2,"Simu1","KET",200,"cliver",0.421225535041034
"1094",109.3,"Simu1","KET",200,"cliver",0.417469906761789
"1095",109.4,"Simu1","KET",200,"cliver",0.413893333523359
"1096",109.5,"Simu1","KET",200,"cliver",0.410486585067018
"1097",109.6,"Simu1","KET",200,"cliver",0.407240918063612
"1098",109.7,"Simu1","KET",200,"cliver",0.404148049451918
"1099",109.8,"Simu1","KET",200,"cliver",0.401200131323508
"1100",109.9,"Simu1","KET",200,"cliver",0.398389727257045
"1101",110,"Simu1","KET",200,"cliver",0.395709790011583
"1102",110.1,"Simu1","KET",200,"cliver",0.393153640494674
"1103",110.2,"Simu1","KET",200,"cliver",0.390714947926765
"1104",110.3,"Simu1","KET",200,"cliver",0.388387711128679
"1105",110.4,"Simu1","KET",200,"cliver",0.386166240863868
"1106",110.5,"Simu1","KET",200,"cliver",0.384045143171669
"1107",110.6,"Simu1","KET",200,"cliver",0.382019303631991
"1108",110.7,"Simu1","KET",200,"cliver",0.380083872505805
"1109",110.8,"Simu1","KET",200,"cliver",0.378234250699387
"1110",110.9,"Simu1","KET",200,"cliver",0.37646607650366
"1111",111,"Simu1","KET",200,"cliver",0.37477521306312
"1112",111.1,"Simu1","KET",200,"cliver",0.373157736531681
"1113",111.2,"Simu1","KET",200,"cliver",0.371609924875527
"1114",111.3,"Simu1","KET",200,"cliver",0.370128247285577
"1115",111.4,"Simu1","KET",200,"cliver",0.368709354164474
"1116",111.5,"Simu1","KET",200,"cliver",0.367350067655208
"1117",111.6,"Simu1","KET",200,"cliver",0.366047372680521
"1118",111.7,"Simu1","KET",200,"cliver",0.364798408464116
"1119",111.8,"Simu1","KET",200,"cliver",0.36360046050648
"1120",111.9,"Simu1","KET",200,"cliver",0.362450952989767
"1121",112,"Simu1","KET",200,"cliver",0.361347441587731
"1122",112.1,"Simu1","KET",200,"cliver",0.360287606658127
"1123",112.2,"Simu1","KET",200,"cliver",0.359269246796363
"1124",112.3,"Simu1","KET",200,"cliver",0.358290272730417
"1125",112.4,"Simu1","KET",200,"cliver",0.357348701538234
"1126",112.5,"Simu1","KET",200,"cliver",0.356442651169895
"1127",112.6,"Simu1","KET",200,"cliver",0.355570335257895
"1128",112.7,"Simu1","KET",200,"cliver",0.354730058199836
"1129",112.8,"Simu1","KET",200,"cliver",0.353920210498729
"1130",112.9,"Simu1","KET",200,"cliver",0.353139264346959
"1131",113,"Simu1","KET",200,"cliver",0.35238576944077
"1132",113.1,"Simu1","KET",200,"cliver",0.351658349012852
"1133",113.2,"Simu1","KET",200,"cliver",0.350955696071332
"1134",113.3,"Simu1","KET",200,"cliver",0.350276569834134
"1135",113.4,"Simu1","KET",200,"cliver",0.349619792348259
"1136",113.5,"Simu1","KET",200,"cliver",0.348984245284169
"1137",113.6,"Simu1","KET",200,"cliver",0.348368866895948
"1138",113.7,"Simu1","KET",200,"cliver",0.34777264913849
"1139",113.8,"Simu1","KET",200,"cliver",0.34719463493338
"1140",113.9,"Simu1","KET",200,"cliver",0.34663391557566
"1141",114,"Simu1","KET",200,"cliver",0.346089628274043
"1142",114.1,"Simu1","KET",200,"cliver",0.345560953817573
"1143",114.2,"Simu1","KET",200,"cliver",0.345047114362108
"1144",114.3,"Simu1","KET",200,"cliver",0.344547371330357
"1145",114.4,"Simu1","KET",200,"cliver",0.344061023419526
"1146",114.5,"Simu1","KET",200,"cliver",0.343587404710993
"1147",114.6,"Simu1","KET",200,"cliver",0.343125882876664
"1148",114.7,"Simu1","KET",200,"cliver",0.342675857477023
"1149",114.8,"Simu1","KET",200,"cliver",0.342236758346089
"1150",114.9,"Simu1","KET",200,"cliver",0.341808044058796
"1151",115,"Simu1","KET",200,"cliver",0.341389200476524
"1152",115.1,"Simu1","KET",200,"cliver",0.340979739366746
"1153",115.2,"Simu1","KET",200,"cliver",0.340579197092962
"1154",115.3,"Simu1","KET",200,"cliver",0.340187133371301
"1155",115.4,"Simu1","KET",200,"cliver",0.339803130090364
"1156",115.5,"Simu1","KET",200,"cliver",0.339426790191043
"1157",115.6,"Simu1","KET",200,"cliver",0.339057736603252
"1158",115.7,"Simu1","KET",200,"cliver",0.338695611236632
"1159",115.8,"Simu1","KET",200,"cliver",0.33834007402248
"1160",115.9,"Simu1","KET",200,"cliver",0.337990802004267
"1161",116,"Simu1","KET",200,"cliver",0.337647488474265
"1162",116.1,"Simu1","KET",200,"cliver",0.337309842153921
"1163",116.2,"Simu1","KET",200,"cliver",0.33697758641575
"1164",116.3,"Simu1","KET",200,"cliver",0.336650458544621
"1165",116.4,"Simu1","KET",200,"cliver",0.336328209036428
"1166",116.5,"Simu1","KET",200,"cliver",0.336010600932253
"1167",116.6,"Simu1","KET",200,"cliver",0.335697409186187
"1168",116.7,"Simu1","KET",200,"cliver",0.335388420065126
"1169",116.8,"Simu1","KET",200,"cliver",0.335083430578894
"1170",116.9,"Simu1","KET",200,"cliver",0.334782247939161
"1171",117,"Simu1","KET",200,"cliver",0.334484689045691
"1172",117.1,"Simu1","KET",200,"cliver",0.33419057999853
"1173",117.2,"Simu1","KET",200,"cliver",0.333899755634827
"1174",117.3,"Simu1","KET",200,"cliver",0.333612059089019
"1175",117.4,"Simu1","KET",200,"cliver",0.333327341375221
"1176",117.5,"Simu1","KET",200,"cliver",0.333045460990672
"1177",117.6,"Simu1","KET",200,"cliver",0.332766283539186
"1178",117.7,"Simu1","KET",200,"cliver",0.332489681373587
"1179",117.8,"Simu1","KET",200,"cliver",0.332215533256175
"1180",117.9,"Simu1","KET",200,"cliver",0.331943724036298
"1181",118,"Simu1","KET",200,"cliver",0.331674144344178
"1182",118.1,"Simu1","KET",200,"cliver",0.331406690300161
"1183",118.2,"Simu1","KET",200,"cliver",0.331141263238617
"1184",118.3,"Simu1","KET",200,"cliver",0.330877769445742
"1185",118.4,"Simu1","KET",200,"cliver",0.330616119910566
"1186",118.5,"Simu1","KET",200,"cliver",0.330356230088506
"1187",118.6,"Simu1","KET",200,"cliver",0.330098019676808
"1188",118.7,"Simu1","KET",200,"cliver",0.329841412401311
"1189",118.8,"Simu1","KET",200,"cliver",0.329586335813927
"1190",118.9,"Simu1","KET",200,"cliver",0.32933272110033
"1191",119,"Simu1","KET",200,"cliver",0.329080502897305
"1192",119.1,"Simu1","KET",200,"cliver",0.328829619119303
"1193",119.2,"Simu1","KET",200,"cliver",0.328580010793711
"1194",119.3,"Simu1","KET",200,"cliver",0.328331621904417
"1195",119.4,"Simu1","KET",200,"cliver",0.328084399243237
"1196",119.5,"Simu1","KET",200,"cliver",0.327838292268818
"1197",119.6,"Simu1","KET",200,"cliver",0.327593252972641
"1198",119.7,"Simu1","KET",200,"cliver",0.327349235751753
"1199",119.8,"Simu1","KET",200,"cliver",0.327106197288084
"1200",119.9,"Simu1","KET",200,"cliver",0.32686409648381
"1201",120,"Simu1","KET",200,"cliver",0.330202574722512
"1202",120.1,"Simu1","KET",200,"cliver",3.94062967532866
"1203",120.2,"Simu1","KET",200,"cliver",13.6705075692172
"1204",120.3,"Simu1","KET",200,"cliver",24.0484996086814
"1205",120.4,"Simu1","KET",200,"cliver",33.1093749450618
"1206",120.5,"Simu1","KET",200,"cliver",40.4125404837705
"1207",120.6,"Simu1","KET",200,"cliver",46.0179013675325
"1208",120.7,"Simu1","KET",200,"cliver",50.129208249839
"1209",120.8,"Simu1","KET",200,"cliver",52.9730879820567
"1210",120.9,"Simu1","KET",200,"cliver",54.7606512346489
"1211",121,"Simu1","KET",200,"cliver",55.6775656993152
"1212",121.1,"Simu1","KET",200,"cliver",55.8835562328057
"1213",121.2,"Simu1","KET",200,"cliver",55.5148052443842
"1214",121.3,"Simu1","KET",200,"cliver",54.6867299040782
"1215",121.4,"Simu1","KET",200,"cliver",53.4969884281381
"1216",121.5,"Simu1","KET",200,"cliver",52.0279196951401
"1217",121.6,"Simu1","KET",200,"cliver",50.3485836745274
"1218",121.7,"Simu1","KET",200,"cliver",48.5168849619088
"1219",121.8,"Simu1","KET",200,"cliver",46.5808139317159
"1220",121.9,"Simu1","KET",200,"cliver",44.5803025976529
"1221",122,"Simu1","KET",200,"cliver",42.5480051546896
"1222",122.1,"Simu1","KET",200,"cliver",40.510583287088
"1223",122.2,"Simu1","KET",200,"cliver",38.4894967953046
"1224",122.3,"Simu1","KET",200,"cliver",36.5019069884739
"1225",122.4,"Simu1","KET",200,"cliver",34.5612257696608
"1226",122.5,"Simu1","KET",200,"cliver",32.6776305279071
"1227",122.6,"Simu1","KET",200,"cliver",30.8587892307713
"1228",122.7,"Simu1","KET",200,"cliver",29.1101583517829
"1229",122.8,"Simu1","KET",200,"cliver",27.4353589111835
"1230",122.9,"Simu1","KET",200,"cliver",25.8365223691383
"1231",123,"Simu1","KET",200,"cliver",24.3145469523304
"1232",123.1,"Simu1","KET",200,"cliver",22.8693646207778
"1233",123.2,"Simu1","KET",200,"cliver",21.5001088720676
"1234",123.3,"Simu1","KET",200,"cliver",20.205273770774
"1235",123.4,"Simu1","KET",200,"cliver",18.9828718078256
"1236",123.5,"Simu1","KET",200,"cliver",17.8305585983326
"1237",123.6,"Simu1","KET",200,"cliver",16.7457276687679
"1238",123.7,"Simu1","KET",200,"cliver",15.7255869770185
"1239",123.8,"Simu1","KET",200,"cliver",14.7672268228601
"1240",123.9,"Simu1","KET",200,"cliver",13.8676782861926
"1241",124,"Simu1","KET",200,"cliver",13.0239591847335
"1242",124.1,"Simu1","KET",200,"cliver",12.2331087605899
"1243",124.2,"Simu1","KET",200,"cliver",11.4922148773285
"1244",124.3,"Simu1","KET",200,"cliver",10.7984361190252
"1245",124.4,"Simu1","KET",200,"cliver",10.1490190613584
"1246",124.5,"Simu1","KET",200,"cliver",9.54131066688776
"1247",124.6,"Simu1","KET",200,"cliver",8.97276658339266
"1248",124.7,"Simu1","KET",200,"cliver",8.44095649469926
"1249",124.8,"Simu1","KET",200,"cliver",7.94356727428787
"1250",124.9,"Simu1","KET",200,"cliver",7.47840423113021
"1251",125,"Simu1","KET",200,"cliver",7.04339066791247
"1252",125.1,"Simu1","KET",200,"cliver",6.63656610784572
"1253",125.2,"Simu1","KET",200,"cliver",6.25608357219054
"1254",125.3,"Simu1","KET",200,"cliver",5.90020617297398
"1255",125.4,"Simu1","KET",200,"cliver",5.56730317471258
"1256",125.5,"Simu1","KET",200,"cliver",5.25584564917004
"1257",125.6,"Simu1","KET",200,"cliver",4.96440186823979
"1258",125.7,"Simu1","KET",200,"cliver",4.69163255826139
"1259",125.8,"Simu1","KET",200,"cliver",4.43628610622781
"1260",125.9,"Simu1","KET",200,"cliver",4.1971937777421
"1261",126,"Simu1","KET",200,"cliver",3.97326499555476
"1262",126.1,"Simu1","KET",200,"cliver",3.76348272294377
"1263",126.2,"Simu1","KET",200,"cliver",3.56689898737768
"1264",126.3,"Simu1","KET",200,"cliver",3.38263056803823
"1265",126.4,"Simu1","KET",200,"cliver",3.2098548617598
"1266",126.5,"Simu1","KET",200,"cliver",3.0478059372572
"1267",126.6,"Simu1","KET",200,"cliver",2.89577078444049
"1268",126.7,"Simu1","KET",200,"cliver",2.75308576204439
"1269",126.8,"Simu1","KET",200,"cliver",2.6191332431263
"1270",126.9,"Simu1","KET",200,"cliver",2.49333845532596
"1271",127,"Simu1","KET",200,"cliver",2.37516651124784
"1272",127.1,"Simu1","KET",200,"cliver",2.26411962328041
"1273",127.2,"Simu1","KET",200,"cliver",2.1597344961771
"1274",127.3,"Simu1","KET",200,"cliver",2.06157988987564
"1275",127.4,"Simu1","KET",200,"cliver",1.96925434449291
"1276",127.5,"Simu1","KET",200,"cliver",1.88238405953041
"1277",127.6,"Simu1","KET",200,"cliver",1.80062091858562
"1278",127.7,"Simu1","KET",200,"cliver",1.72364065160364
"1279",127.8,"Simu1","KET",200,"cliver",1.65114112652301
"1280",127.9,"Simu1","KET",200,"cliver",1.58284076234457
"1281",128,"Simu1","KET",200,"cliver",1.51847705587528
"1282",128.1,"Simu1","KET",200,"cliver",1.45780521474178
"1283",128.2,"Simu1","KET",200,"cliver",1.400596889618
"1284",128.3,"Simu1","KET",200,"cliver",1.34663899893624
"1285",128.4,"Simu1","KET",200,"cliver",1.29573263967748
"1286",128.5,"Simu1","KET",200,"cliver",1.24769207818736
"1287",128.6,"Simu1","KET",200,"cliver",1.20234381532434
"1288",128.7,"Simu1","KET",200,"cliver",1.15952572059538
"1289",128.8,"Simu1","KET",200,"cliver",1.11908623026677
"1290",128.9,"Simu1","KET",200,"cliver",1.08088360475703
"1291",129,"Simu1","KET",200,"cliver",1.04478524093114
"1292",129.1,"Simu1","KET",200,"cliver",1.01066703521406
"1293",129.2,"Simu1","KET",200,"cliver",0.978412793725642
"1294",129.3,"Simu1","KET",200,"cliver",0.947913685905431
"1295",129.4,"Simu1","KET",200,"cliver",0.919067738345426
"1296",129.5,"Simu1","KET",200,"cliver",0.891779365808602
"1297",129.6,"Simu1","KET",200,"cliver",0.865958936582673
"1298",129.7,"Simu1","KET",200,"cliver",0.841522369581634
"1299",129.8,"Simu1","KET",200,"cliver",0.818390760782173
"1300",129.9,"Simu1","KET",200,"cliver",0.796490036762872
"1301",130,"Simu1","KET",200,"cliver",0.775750633280824
"1302",130.1,"Simu1","KET",200,"cliver",0.756107196980656
"1303",130.2,"Simu1","KET",200,"cliver",0.737498308479708
"1304",130.3,"Simu1","KET",200,"cliver",0.719866225208017
"1305",130.4,"Simu1","KET",200,"cliver",0.703156642505696
"1306",130.5,"Simu1","KET",200,"cliver",0.687318471596351
"1307",130.6,"Simu1","KET",200,"cliver",0.672303633163072
"1308",130.7,"Simu1","KET",200,"cliver",0.658066865353302
"1309",130.8,"Simu1","KET",200,"cliver",0.644565545130288
"1310",130.9,"Simu1","KET",200,"cliver",0.63175952197298
"1311",131,"Simu1","KET",200,"cliver",0.619610963004285
"1312",131.1,"Simu1","KET",200,"cliver",0.608084208699394
"1313",131.2,"Simu1","KET",200,"cliver",0.59714563839228
"1314",131.3,"Simu1","KET",200,"cliver",0.586763544859314
"1315",131.4,"Simu1","KET",200,"cliver",0.576908017314806
"1316",131.5,"Simu1","KET",200,"cliver",0.567550832206517
"1317",131.6,"Simu1","KET",200,"cliver",0.558665351243155
"1318",131.7,"Simu1","KET",200,"cliver",0.550226426133349
"1319",131.8,"Simu1","KET",200,"cliver",0.542210309554493
"1320",131.9,"Simu1","KET",200,"cliver",0.534594571906723
"1321",132,"Simu1","KET",200,"cliver",0.527358023441328
"1322",132.1,"Simu1","KET",200,"cliver",0.520480641384314
"1323",132.2,"Simu1","KET",200,"cliver",0.513943501704975
"1324",132.3,"Simu1","KET",200,"cliver",0.507728715205765
"1325",132.4,"Simu1","KET",200,"cliver",0.501819367634121
"1326",132.5,"Simu1","KET",200,"cliver",0.496199463539369
"1327",132.6,"Simu1","KET",200,"cliver",0.49085387361855
"1328",132.7,"Simu1","KET",200,"cliver",0.485768285314131
"1329",132.8,"Simu1","KET",200,"cliver",0.480929156444068
"1330",132.9,"Simu1","KET",200,"cliver",0.47632367166085
"1331",133,"Simu1","KET",200,"cliver",0.471939701551057
"1332",133.1,"Simu1","KET",200,"cliver",0.467765764200645
"1333",133.2,"Simu1","KET",200,"cliver",0.463790989063889
"1334",133.3,"Simu1","KET",200,"cliver",0.460005082985525
"1335",133.4,"Simu1","KET",200,"cliver",0.456398298236394
"1336",133.5,"Simu1","KET",200,"cliver",0.45296140243294
"1337",133.6,"Simu1","KET",200,"cliver",0.449685650219784
"1338",133.7,"Simu1","KET",200,"cliver",0.446562756603355
"1339",133.8,"Simu1","KET",200,"cliver",0.443584871832284
"1340",133.9,"Simu1","KET",200,"cliver",0.440744557727435
"1341",134,"Simu1","KET",200,"cliver",0.438034765371184
"1342",134.1,"Simu1","KET",200,"cliver",0.435448814071674
"1343",134.2,"Simu1","KET",200,"cliver",0.432980371523559
"1344",134.3,"Simu1","KET",200,"cliver",0.430623435092017
"1345",134.4,"Simu1","KET",200,"cliver",0.428372314151696
"1346",134.5,"Simu1","KET",200,"cliver",0.426221613416832
"1347",134.6,"Simu1","KET",200,"cliver",0.424166217202952
"1348",134.7,"Simu1","KET",200,"cliver",0.422201274564514
"1349",134.8,"Simu1","KET",200,"cliver",0.420322185256453
"1350",134.9,"Simu1","KET",200,"cliver",0.418524586470945
"1351",135,"Simu1","KET",200,"cliver",0.416804340303872
"1352",135.1,"Simu1","KET",200,"cliver",0.415157521908337
"1353",135.2,"Simu1","KET",200,"cliver",0.413580408295303
"1354",135.3,"Simu1","KET",200,"cliver",0.41206946774393
"1355",135.4,"Simu1","KET",200,"cliver",0.410621349786552
"1356",135.5,"Simu1","KET",200,"cliver",0.409232875735377
"1357",135.6,"Simu1","KET",200,"cliver",0.407901029720064
"1358",135.7,"Simu1","KET",200,"cliver",0.40662295020718
"1359",135.8,"Simu1","KET",200,"cliver",0.405395921974367
"1360",135.9,"Simu1","KET",200,"cliver",0.404217368513638
"1361",136,"Simu1","KET",200,"cliver",0.403084844839797
"1362",136.1,"Simu1","KET",200,"cliver",0.401996030681407
"1363",136.2,"Simu1","KET",200,"cliver",0.400948724033061
"1364",136.3,"Simu1","KET",200,"cliver",0.399940835049
"1365",136.4,"Simu1","KET",200,"cliver",0.398970380259251
"1366",136.5,"Simu1","KET",200,"cliver",0.398035477090616
"1367",136.6,"Simu1","KET",200,"cliver",0.39713433867581
"1368",136.7,"Simu1","KET",200,"cliver",0.396265268935072
"1369",136.8,"Simu1","KET",200,"cliver",0.395426657915437
"1370",136.9,"Simu1","KET",200,"cliver",0.394616977373718
"1371",137,"Simu1","KET",200,"cliver",0.393834776590044
"1372",137.1,"Simu1","KET",200,"cliver",0.393078678399561
"1373",137.2,"Simu1","KET",200,"cliver",0.392347375430567
"1374",137.3,"Simu1","KET",200,"cliver",0.391639626538052
"1375",137.4,"Simu1","KET",200,"cliver",0.390954253422207
"1376",137.5,"Simu1","KET",200,"cliver",0.390290137422059
"1377",137.6,"Simu1","KET",200,"cliver",0.389646216474938
"1378",137.7,"Simu1","KET",200,"cliver",0.389021482232971
"1379",137.8,"Simu1","KET",200,"cliver",0.388414977328337
"1380",137.9,"Simu1","KET",200,"cliver",0.387825792779409
"1381",138,"Simu1","KET",200,"cliver",0.387253065530382
"1382",138.1,"Simu1","KET",200,"cliver",0.386695976117379
"1383",138.2,"Simu1","KET",200,"cliver",0.386153746454398
"1384",138.3,"Simu1","KET",200,"cliver",0.385625637732835
"1385",138.4,"Simu1","KET",200,"cliver",0.385110948428657
"1386",138.5,"Simu1","KET",200,"cliver",0.384609012411597
"1387",138.6,"Simu1","KET",200,"cliver",0.384119197151084
"1388",138.7,"Simu1","KET",200,"cliver",0.38364090201386
"1389",138.8,"Simu1","KET",200,"cliver",0.383173556648538
"1390",138.9,"Simu1","KET",200,"cliver",0.382716619452603
"1391",139,"Simu1","KET",200,"cliver",0.382269576117567
"1392",139.1,"Simu1","KET",200,"cliver",0.381831938248275
"1393",139.2,"Simu1","KET",200,"cliver",0.381403242052499
"1394",139.3,"Simu1","KET",200,"cliver",0.38098304709723
"1395",139.4,"Simu1","KET",200,"cliver",0.380570935128207
"1396",139.5,"Simu1","KET",200,"cliver",0.380166508949457
"1397",139.6,"Simu1","KET",200,"cliver",0.37976939135974
"1398",139.7,"Simu1","KET",200,"cliver",0.379379224142997
"1399",139.8,"Simu1","KET",200,"cliver",0.378995667110025
"1400",139.9,"Simu1","KET",200,"cliver",0.378618397188756
"1401",140,"Simu1","KET",200,"cliver",0.378247107560653
"1402",140.1,"Simu1","KET",200,"cliver",0.377881506840867
"1403",140.2,"Simu1","KET",200,"cliver",0.377521318299922
"1404",140.3,"Simu1","KET",200,"cliver",0.3771662791248
"1405",140.4,"Simu1","KET",200,"cliver",0.376816139717429
"1406",140.5,"Simu1","KET",200,"cliver",0.376470663028655
"1407",140.6,"Simu1","KET",200,"cliver",0.376129623925896
"1408",140.7,"Simu1","KET",200,"cliver",0.375792808592776
"1409",140.8,"Simu1","KET",200,"cliver",0.375460013959083
"1410",140.9,"Simu1","KET",200,"cliver",0.375131047159546
"1411",141,"Simu1","KET",200,"cliver",0.374805725019934
"1412",141.1,"Simu1","KET",200,"cliver",0.374483873569111
"1413",141.2,"Simu1","KET",200,"cliver",0.374165327575721
"1414",141.3,"Simu1","KET",200,"cliver",0.37384993010826
"1415",141.4,"Simu1","KET",200,"cliver",0.373537532117337
"1416",141.5,"Simu1","KET",200,"cliver",0.37322799203901
"1417",141.6,"Simu1","KET",200,"cliver",0.372921175418133
"1418",141.7,"Simu1","KET",200,"cliver",0.372616954550687
"1419",141.8,"Simu1","KET",200,"cliver",0.372315208144142
"1420",141.9,"Simu1","KET",200,"cliver",0.372015820994946
"1421",142,"Simu1","KET",200,"cliver",0.371718683682251
"1422",142.1,"Simu1","KET",200,"cliver",0.371423692277088
"1423",142.2,"Simu1","KET",200,"cliver",0.371130748066176
"1424",142.3,"Simu1","KET",200,"cliver",0.370839757289657
"1425",142.4,"Simu1","KET",200,"cliver",0.370550630892022
"1426",142.5,"Simu1","KET",200,"cliver",0.370263284285598
"1427",142.6,"Simu1","KET",200,"cliver",0.369977637125922
"1428",142.7,"Simu1","KET",200,"cliver",0.369693613098438
"1429",142.8,"Simu1","KET",200,"cliver",0.369411139715925
"1430",142.9,"Simu1","KET",200,"cliver",0.369130148126113
"1431",143,"Simu1","KET",200,"cliver",0.368850572928992
"1432",143.1,"Simu1","KET",200,"cliver",0.368572352003305
"1433",143.2,"Simu1","KET",200,"cliver",0.36829542634177
"1434",143.3,"Simu1","KET",200,"cliver",0.368019739894597
"1435",143.4,"Simu1","KET",200,"cliver",0.367745239420866
"1436",143.5,"Simu1","KET",200,"cliver",0.367471874347395
"1437",143.6,"Simu1","KET",200,"cliver",0.367199596634689
"1438",143.7,"Simu1","KET",200,"cliver",0.366928360649643
"1439",143.8,"Simu1","KET",200,"cliver",0.366658123045434
"1440",143.9,"Simu1","KET",200,"cliver",0.366388842850071
"1441",144,"Simu1","KET",200,"cliver",0.369700137342255
"1442",144.1,"Simu1","KET",200,"cliver",3.98010740771082
"1443",144.2,"Simu1","KET",200,"cliver",13.710018381993
"1444",144.3,"Simu1","KET",200,"cliver",24.0881121842279
"1445",144.4,"Simu1","KET",200,"cliver",33.1491439962768
"1446",144.5,"Simu1","KET",200,"cliver",40.4525018577648
"1447",144.6,"Simu1","KET",200,"cliver",46.0580742565418
"1448",144.7,"Simu1","KET",200,"cliver",50.1695985145185
"1449",144.8,"Simu1","KET",200,"cliver",53.0136918692425
"1450",144.9,"Simu1","KET",200,"cliver",54.8014578079615
"1451",145,"Simu1","KET",200,"cliver",55.718557394102
"1452",145.1,"Simu1","KET",200,"cliver",55.9247212033112
"1453",145.2,"Simu1","KET",200,"cliver",55.556092052606
"1454",145.3,"Simu1","KET",200,"cliver",54.7281533825492
"1455",145.4,"Simu1","KET",200,"cliver",53.5385456686786
"1456",145.5,"Simu1","KET",200,"cliver",52.0695620677676
"1457",145.6,"Simu1","KET",200,"cliver",50.3903232485396
"1458",145.7,"Simu1","KET",200,"cliver",48.5586426906893
"1459",145.8,"Simu1","KET",200,"cliver",46.6226506585957
"1460",145.9,"Simu1","KET",200,"cliver",44.622145748943
"1461",146,"Simu1","KET",200,"cliver",42.5898424632143
"1462",146.1,"Simu1","KET",200,"cliver",40.5523715555402
"1463",146.2,"Simu1","KET",200,"cliver",38.5312463522039
"1464",146.3,"Simu1","KET",200,"cliver",36.5435959693996
"1465",146.4,"Simu1","KET",200,"cliver",34.6027951298285
"1466",146.5,"Simu1","KET",200,"cliver",32.7190967646108
"1467",146.6,"Simu1","KET",200,"cliver",30.9001476167081
"1468",146.7,"Simu1","KET",200,"cliver",29.1514056142318
"1469",146.8,"Simu1","KET",200,"cliver",27.4765008455019
"1470",146.9,"Simu1","KET",200,"cliver",25.8775609621842
"1471",147,"Simu1","KET",200,"cliver",24.3554918022616
"1472",147.1,"Simu1","KET",200,"cliver",22.9102132370681
"1473",147.2,"Simu1","KET",200,"cliver",21.5408532218026
"1474",147.3,"Simu1","KET",200,"cliver",20.2459131090293
"1475",147.4,"Simu1","KET",200,"cliver",19.023410334625
"1476",147.5,"Simu1","KET",200,"cliver",17.8709990581065
"1477",147.6,"Simu1","KET",200,"cliver",16.78606951763
"1478",147.7,"Simu1","KET",200,"cliver",15.7658293528689
"1479",147.8,"Simu1","KET",200,"cliver",14.8073707863283
"1480",147.9,"Simu1","KET",200,"cliver",13.9077261561213
"1481",148,"Simu1","KET",200,"cliver",13.0639130442793
"1482",148.1,"Simu1","KET",200,"cliver",12.2729701497704
"1483",148.2,"Simu1","KET",200,"cliver",11.5319854109993
"1484",148.3,"Simu1","KET",200,"cliver",10.8381178627186
"1485",148.4,"Simu1","KET",200,"cliver",10.1886143408472
"1486",148.5,"Simu1","KET",200,"cliver",9.58082175502364
"1487",148.6,"Simu1","KET",200,"cliver",9.01219559882158
"1488",148.7,"Simu1","KET",200,"cliver",8.48030554262517
"1489",148.8,"Simu1","KET",200,"cliver",7.98283852668972
"1490",148.9,"Simu1","KET",200,"cliver",7.51759987729187
"1491",149,"Simu1","KET",200,"cliver",7.08251283978449
"1492",149.1,"Simu1","KET",200,"cliver",6.67561686430346
"1493",149.2,"Simu1","KET",200,"cliver",6.29506492254369
"1494",149.3,"Simu1","KET",200,"cliver",5.93912008746977
"1495",149.4,"Simu1","KET",200,"cliver",5.60615157009931
"1496",149.5,"Simu1","KET",200,"cliver",5.29463037450337
"1497",149.6,"Simu1","KET",200,"cliver",5.00312470266798
"1498",149.7,"Simu1","KET",200,"cliver",4.7302952156548
"1499",149.8,"Simu1","KET",200,"cliver",4.47489023684084
"1500",149.9,"Simu1","KET",200,"cliver",4.23574096598505
"1501",150,"Simu1","KET",200,"cliver",4.01175675840669
"1502",150.1,"Simu1","KET",200,"cliver",3.80192051120911
"1503",150.2,"Simu1","KET",200,"cliver",3.60528418819912
"1504",150.3,"Simu1","KET",200,"cliver",3.42096450677139
"1505",150.4,"Simu1","KET",200,"cliver",3.24813880312925
"1506",150.5,"Simu1","KET",200,"cliver",3.08604108683667
"1507",150.6,"Simu1","KET",200,"cliver",2.93395829096219
"1508",150.7,"Simu1","KET",200,"cliver",2.7912267196864
"1509",150.8,"Simu1","KET",200,"cliver",2.65722869360204
"1510",150.9,"Simu1","KET",200,"cliver",2.53138938987529
"1511",151,"Simu1","KET",200,"cliver",2.41317387272587
"1512",151.1,"Simu1","KET",200,"cliver",2.3020843083329
"1513",151.2,"Simu1","KET",200,"cliver",2.19765735737639
"1514",151.3,"Simu1","KET",200,"cliver",2.09946173776161
"1515",151.4,"Simu1","KET",200,"cliver",2.0070959495936
"1516",151.5,"Simu1","KET",200,"cliver",1.92018615419074
"1517",151.6,"Simu1","KET",200,"cliver",1.83838419883447
"1518",151.7,"Simu1","KET",200,"cliver",1.76136577899505
"1519",151.8,"Simu1","KET",200,"cliver",1.68882872989876
"1520",151.9,"Simu1","KET",200,"cliver",1.62049143949081
"1521",152,"Simu1","KET",200,"cliver",1.55609137509637
"1522",152.1,"Simu1","KET",200,"cliver",1.49538371637513
"1523",152.2,"Simu1","KET",200,"cliver",1.43814008748941
"1524",152.3,"Simu1","KET",200,"cliver",1.38414738174399
"1525",152.4,"Simu1","KET",200,"cliver",1.33320667229395
"1526",152.5,"Simu1","KET",200,"cliver",1.2851322029012
"1527",152.6,"Simu1","KET",200,"cliver",1.23975045305079
"1528",152.7,"Simu1","KET",200,"cliver",1.19689927199286
"1529",152.8,"Simu1","KET",200,"cliver",1.15642707679053
"1530",152.9,"Simu1","KET",200,"cliver",1.11819210966243
"1531",153,"Simu1","KET",200,"cliver",1.08206175023079
"1532",153.1,"Simu1","KET",200,"cliver",1.04791187858451
"1533",153.2,"Simu1","KET",200,"cliver",1.01562628536182
"1534",153.3,"Simu1","KET",200,"cliver",0.985096125327604
"1535",153.4,"Simu1","KET",200,"cliver",0.956219411167122
"1536",153.5,"Simu1","KET",200,"cliver",0.928900544452775
"1537",153.6,"Simu1","KET",200,"cliver",0.903049880964639
"1538",153.7,"Simu1","KET",200,"cliver",0.878583327757303
"1539",153.8,"Simu1","KET",200,"cliver",0.855421969560764
"1540",153.9,"Simu1","KET",200,"cliver",0.833491722284207
"1541",154,"Simu1","KET",200,"cliver",0.812723011560129
"1542",154.1,"Simu1","KET",200,"cliver",0.793050474424265
"1543",154.2,"Simu1","KET",200,"cliver",0.774412682373465
"1544",154.3,"Simu1","KET",200,"cliver",0.75675188417911
"1545",154.4,"Simu1","KET",200,"cliver",0.74001376695861
"1546",154.5,"Simu1","KET",200,"cliver",0.724147234125598
"1547",154.6,"Simu1","KET",200,"cliver",0.709104198945772
"1548",154.7,"Simu1","KET",200,"cliver",0.694839392518682
"1549",154.8,"Simu1","KET",200,"cliver",0.681310185109161
"1550",154.9,"Simu1","KET",200,"cliver",0.668476419829036
"1551",155,"Simu1","KET",200,"cliver",0.656300257748308
"1552",155.1,"Simu1","KET",200,"cliver",0.644746033586979
"1553",155.2,"Simu1","KET",200,"cliver",0.633780121205735
"1554",155.3,"Simu1","KET",200,"cliver",0.623370808174733
"1555",155.4,"Simu1","KET",200,"cliver",0.613488178755631
"1556",155.5,"Simu1","KET",200,"cliver",0.604104004683284
"1557",155.6,"Simu1","KET",200,"cliver",0.595191643181296
"1558",155.7,"Simu1","KET",200,"cliver",0.586725941689515
"1559",155.8,"Simu1","KET",200,"cliver",0.578683148821803
"1560",155.9,"Simu1","KET",200,"cliver",0.571040831109488
"1561",156,"Simu1","KET",200,"cliver",0.563777795119844
"1562",156.1,"Simu1","KET",200,"cliver",0.5568740145704
"1563",156.2,"Simu1","KET",200,"cliver",0.550310562088761
"1564",156.3,"Simu1","KET",200,"cliver",0.544069545294147
"1565",156.4,"Simu1","KET",200,"cliver",0.538134046901286
"1566",156.5,"Simu1","KET",200,"cliver",0.532488068569885
"1567",156.6,"Simu1","KET",200,"cliver",0.527116478243552
"1568",156.7,"Simu1","KET",200,"cliver",0.522004960740669
"1569",156.8,"Simu1","KET",200,"cliver",0.517139971378094
"1570",156.9,"Simu1","KET",200,"cliver",0.512508692424249
"1571",157,"Simu1","KET",200,"cliver",0.508098992193012
"1572",157.1,"Simu1","KET",200,"cliver",0.503899386603628
"1573",157.2,"Simu1","KET",200,"cliver",0.499899003044512
"1574",157.3,"Simu1","KET",200,"cliver",0.496087546390529
"1575",157.4,"Simu1","KET",200,"cliver",0.49245526703407
"1576",157.5,"Simu1","KET",200,"cliver",0.488992930800114
"1577",157.6,"Simu1","KET",200,"cliver",0.485691790624684
"1578",157.7,"Simu1","KET",200,"cliver",0.482543559884561
"1579",157.8,"Simu1","KET",200,"cliver",0.479540387273912
"1580",157.9,"Simu1","KET",200,"cliver",0.476674833130769
"1581",158,"Simu1","KET",200,"cliver",0.473939847122909
"1582",158.1,"Simu1","KET",200,"cliver",0.471328747208894
"1583",158.2,"Simu1","KET",200,"cliver",0.46883519979577
"1584",158.3,"Simu1","KET",200,"cliver",0.466453201020155
"1585",158.4,"Simu1","KET",200,"cliver",0.464177059084425
"1586",158.5,"Simu1","KET",200,"cliver",0.462001377584195
"1587",158.6,"Simu1","KET",200,"cliver",0.459921039767528
"1588",158.7,"Simu1","KET",200,"cliver",0.457931193670179
"1589",158.8,"Simu1","KET",200,"cliver",0.456027238074861
"1590",158.9,"Simu1","KET",200,"cliver",0.454204809245855
"1591",159,"Simu1","KET",200,"cliver",0.452459768393416
"1592",159.1,"Simu1","KET",200,"cliver",0.450788189825329
"1593",159.2,"Simu1","KET",200,"cliver",0.449186349745673
"1594",159.3,"Simu1","KET",200,"cliver",0.447650715663386
"1595",159.4,"Simu1","KET",200,"cliver",0.446177936375536
"1596",159.5,"Simu1","KET",200,"cliver",0.444764832492412
"1597",159.6,"Simu1","KET",200,"cliver",0.443408387473554
"1598",159.7,"Simu1","KET",200,"cliver",0.442105739145751
"1599",159.8,"Simu1","KET",200,"cliver",0.440854171675802
"1600",159.9,"Simu1","KET",200,"cliver",0.43965110797248
"1601",160,"Simu1","KET",200,"cliver",0.438494102493681
"1602",160.1,"Simu1","KET",200,"cliver",0.437380834436174
"1603",160.2,"Simu1","KET",200,"cliver",0.436309101286726
"1604",160.3,"Simu1","KET",200,"cliver",0.435276812714603
"1605",160.4,"Simu1","KET",200,"cliver",0.43428198478667
"1606",160.5,"Simu1","KET",200,"cliver",0.433322734487366
"1607",160.6,"Simu1","KET",200,"cliver",0.432397274526896
"1608",160.7,"Simu1","KET",200,"cliver",0.431503908421925
"1609",160.8,"Simu1","KET",200,"cliver",0.430641025833974
"1610",160.9,"Simu1","KET",200,"cliver",0.429807098151577
"1611",161,"Simu1","KET",200,"cliver",0.429000674303032
"1612",161.1,"Simu1","KET",200,"cliver",0.428220376787337
"1613",161.2,"Simu1","KET",200,"cliver",0.427464897911611
"1614",161.3,"Simu1","KET",200,"cliver",0.426732996223944
"1615",161.4,"Simu1","KET",200,"cliver",0.426023493131248
"1616",161.5,"Simu1","KET",200,"cliver",0.425335269692274
"1617",161.6,"Simu1","KET",200,"cliver",0.424667263576468
"1618",161.7,"Simu1","KET",200,"cliver",0.424018466179911
"1619",161.8,"Simu1","KET",200,"cliver",0.423387919890021
"1620",161.9,"Simu1","KET",200,"cliver",0.422774715491175
"1621",162,"Simu1","KET",200,"cliver",0.422177989703852
"1622",162.1,"Simu1","KET",200,"cliver",0.421596922850253
"1623",162.2,"Simu1","KET",200,"cliver",0.42103073663981
"1624",162.3,"Simu1","KET",200,"cliver",0.420478692068274
"1625",162.4,"Simu1","KET",200,"cliver",0.419940087424475
"1626",162.5,"Simu1","KET",200,"cliver",0.419414256399129
"1627",162.6,"Simu1","KET",200,"cliver",0.418900566290395
"1628",162.7,"Simu1","KET",200,"cliver",0.418398416301134
"1629",162.8,"Simu1","KET",200,"cliver",0.417907235923129
"1630",162.9,"Simu1","KET",200,"cliver",0.417426483403756
"1631",163,"Simu1","KET",200,"cliver",0.416955644290838
"1632",163.1,"Simu1","KET",200,"cliver",0.416494230051649
"1633",163.2,"Simu1","KET",200,"cliver",0.416041776762228
"1634",163.3,"Simu1","KET",200,"cliver",0.415597843863404
"1635",163.4,"Simu1","KET",200,"cliver",0.415162012980065
"1636",163.5,"Simu1","KET",200,"cliver",0.414733886800455
"1637",163.6,"Simu1","KET",200,"cliver",0.414313088012387
"1638",163.7,"Simu1","KET",200,"cliver",0.413899258293465
"1639",163.8,"Simu1","KET",200,"cliver",0.413492057352549
"1640",163.9,"Simu1","KET",200,"cliver",0.413091162019828
"1641",164,"Simu1","KET",200,"cliver",0.412696265383026
"1642",164.1,"Simu1","KET",200,"cliver",0.412307075967374
"1643",164.2,"Simu1","KET",200,"cliver",0.411923316957113
"1644",164.3,"Simu1","KET",200,"cliver",0.411544725456421
"1645",164.4,"Simu1","KET",200,"cliver",0.41117105178773
"1646",164.5,"Simu1","KET",200,"cliver",0.410802058825552
"1647",164.6,"Simu1","KET",200,"cliver",0.410437521363986
"1648",164.7,"Simu1","KET",200,"cliver",0.41007722551621
"1649",164.8,"Simu1","KET",200,"cliver",0.409720968144311
"1650",164.9,"Simu1","KET",200,"cliver",0.409368556317928
"1651",165,"Simu1","KET",200,"cliver",0.409019806800235
"1652",165.1,"Simu1","KET",200,"cliver",0.408674545559882
"1653",165.2,"Simu1","KET",200,"cliver",0.408332607307569
"1654",165.3,"Simu1","KET",200,"cliver",0.407993835056008
"1655",165.4,"Simu1","KET",200,"cliver",0.40765807970209
"1656",165.5,"Simu1","KET",200,"cliver",0.407325199630123
"1657",165.6,"Simu1","KET",200,"cliver",0.40699506033509
"1658",165.7,"Simu1","KET",200,"cliver",0.406667534064888
"1659",165.8,"Simu1","KET",200,"cliver",0.406342499480614
"1660",165.9,"Simu1","KET",200,"cliver",0.406019841333969
"1661",166,"Simu1","KET",200,"cliver",0.405699450160912
"1662",166.1,"Simu1","KET",200,"cliver",0.405381221990762
"1663",166.2,"Simu1","KET",200,"cliver",0.405065058069941
"1664",166.3,"Simu1","KET",200,"cliver",0.404750864599636
"1665",166.4,"Simu1","KET",200,"cliver",0.404438552486674
"1666",166.5,"Simu1","KET",200,"cliver",0.404128037106937
"1667",166.6,"Simu1","KET",200,"cliver",0.40381923808069
"1668",166.7,"Simu1","KET",200,"cliver",0.40351207905922
"1669",166.8,"Simu1","KET",200,"cliver",0.403206487522208
"1670",166.9,"Simu1","KET",200,"cliver",0.402902394585302
"1671",167,"Simu1","KET",200,"cliver",0.402599734817378
"1672",167.1,"Simu1","KET",200,"cliver",0.402298446066983
"1673",167.2,"Simu1","KET",200,"cliver",0.401998469297523
"1674",167.3,"Simu1","KET",200,"cliver",0.401699748430729
"1675",167.4,"Simu1","KET",200,"cliver",0.40140223019801
"1676",167.5,"Simu1","KET",200,"cliver",0.401105863999266
"1677",167.6,"Simu1","KET",200,"cliver",0.400810601768819
"1678",167.7,"Simu1","KET",200,"cliver",0.40051639784807
"1679",167.8,"Simu1","KET",200,"cliver",0.400223208864571
"1680",167.9,"Simu1","KET",200,"cliver",0.399930993912627
"1681",168,"Simu1","KET",200,"cliver",0.40321939490971
"1682",168.1,"Simu1","KET",200,"cliver",4.01361236891732
"1683",168.2,"Simu1","KET",200,"cliver",13.7435678131939
"1684",168.3,"Simu1","KET",200,"cliver",24.1217688924542
"1685",168.4,"Simu1","KET",200,"cliver",33.1829526272421
"1686",168.5,"Simu1","KET",200,"cliver",40.4864896375635
"1687",168.6,"Simu1","KET",200,"cliver",46.0922541497396
"1688",168.7,"Simu1","KET",200,"cliver",50.2039726618168
"1689",168.8,"Simu1","KET",200,"cliver",53.0482542535217
"1690",168.9,"Simu1","KET",200,"cliver",54.8361968100699
"1691",169,"Simu1","KET",200,"cliver",55.7534547354984
"1692",169.1,"Simu1","KET",200,"cliver",55.9597614320581
"1693",169.2,"Simu1","KET",200,"cliver",55.591256579709
"1694",169.3,"Simu1","KET",200,"cliver",54.7634228431042
"1695",169.4,"Simu1","KET",200,"cliver",53.5738987273315
"1696",169.5,"Simu1","KET",200,"cliver",52.104980154694
"1697",169.6,"Simu1","KET",200,"cliver",50.425785767159
"1698",169.7,"Simu1","KET",200,"cliver",48.5941359760286
"1699",169.8,"Simu1","KET",200,"cliver",46.6581422976061
"1700",169.9,"Simu1","KET",200,"cliver",44.6576346377561
"1701",170,"Simu1","KET",200,"cliver",42.625322787579
"1702",170.1,"Simu1","KET",200,"cliver",40.5878554577594
"1703",170.2,"Simu1","KET",200,"cliver",38.5667160384318
"1704",170.3,"Simu1","KET",200,"cliver",36.5789909825227
"1705",170.4,"Simu1","KET",200,"cliver",34.6381090516634
"1706",170.5,"Simu1","KET",200,"cliver",32.7543511492237
"1707",170.6,"Simu1","KET",200,"cliver",30.9353406126122
"1708",170.7,"Simu1","KET",200,"cliver",29.1865170374067
"1709",170.8,"Simu1","KET",200,"cliver",27.5115186365077
"1710",170.9,"Simu1","KET",200,"cliver",25.9124873918084
"1711",171,"Simu1","KET",200,"cliver",24.3903322676321
"1712",171.1,"Simu1","KET",200,"cliver",22.9449671652085
"1713",171.2,"Simu1","KET",200,"cliver",21.5755162961351
"1714",171.3,"Simu1","KET",200,"cliver",20.2804830719556
"1715",171.4,"Simu1","KET",200,"cliver",19.0578883235909
"1716",171.5,"Simu1","KET",200,"cliver",17.9053870535196
"1717",171.6,"Simu1","KET",200,"cliver",16.8203685184296
"1718",171.7,"Simu1","KET",200,"cliver",15.8000398544426
"1719",171.8,"Simu1","KET",200,"cliver",14.8414938675577
"1720",171.9,"Simu1","KET",200,"cliver",13.9417636372542
"1721",172,"Simu1","KET",200,"cliver",13.0978669434848
"1722",172.1,"Simu1","KET",200,"cliver",12.3068423313062
"1723",172.2,"Simu1","KET",200,"cliver",11.5657776831912
"1724",172.3,"Simu1","KET",200,"cliver",10.8718321712018
"1725",172.4,"Simu1","KET",200,"cliver",10.2222527560968
"1726",172.5,"Simu1","KET",200,"cliver",9.61438634950265
"1727",172.6,"Simu1","KET",200,"cliver",9.04568843162479
"1728",172.7,"Simu1","KET",200,"cliver",8.51372866548892
"1729",172.8,"Simu1","KET",200,"cliver",8.01619396529093
"1730",172.9,"Simu1","KET",200,"cliver",7.55088962030905
"1731",173,"Simu1","KET",200,"cliver",7.11573882719215
"1732",173.1,"Simu1","KET",200,"cliver",6.70878098360809
"1733",173.2,"Simu1","KET",200,"cliver",6.32816900788592
"1734",173.3,"Simu1","KET",200,"cliver",5.97216591670777
"1735",173.4,"Simu1","KET",200,"cliver",5.63914086064922
"1736",173.5,"Simu1","KET",200,"cliver",5.32756478072746
"1737",173.6,"Simu1","KET",200,"cliver",5.03600581544867
"1738",173.7,"Simu1","KET",200,"cliver",4.76312456282565
"1739",173.8,"Simu1","KET",200,"cliver",4.50766928346999
"1740",173.9,"Simu1","KET",200,"cliver",4.26847111469188
"1741",174,"Simu1","KET",200,"cliver",4.04443935021907
"1742",174.1,"Simu1","KET",200,"cliver",3.8345568269945
"1743",174.2,"Simu1","KET",200,"cliver",3.63787545034247
"1744",174.3,"Simu1","KET",200,"cliver",3.45351188088307
"1745",174.4,"Simu1","KET",200,"cliver",3.28064339987885
"1746",174.5,"Simu1","KET",200,"cliver",3.11850396387775
"1747",174.6,"Simu1","KET",200,"cliver",2.96638045472123
"1748",174.7,"Simu1","KET",200,"cliver",2.82360912737772
"1749",174.8,"Simu1","KET",200,"cliver",2.68957225556132
"1750",174.9,"Simu1","KET",200,"cliver",2.56369497158776
"1751",175,"Simu1","KET",200,"cliver",2.44544229674326
"1752",175.1,"Simu1","KET",200,"cliver",2.33431635618806
"1753",175.2,"Simu1","KET",200,"cliver",2.22985377153418
"1754",175.3,"Simu1","KET",200,"cliver",2.1316232235356
"1755",175.4,"Simu1","KET",200,"cliver",2.03922317697126
"1756",175.5,"Simu1","KET",200,"cliver",1.95227975957305
"1757",175.6,"Simu1","KET",200,"cliver",1.87044478671819
"1758",175.7,"Simu1","KET",200,"cliver",1.79339392360304
"1759",175.8,"Simu1","KET",200,"cliver",1.72082497674381
"1760",175.9,"Simu1","KET",200,"cliver",1.65245630686406
"1761",176,"Simu1","KET",200,"cliver",1.58802535548369
"1762",176.1,"Simu1","KET",200,"cliver",1.52728727780869
"1763",176.2,"Simu1","KET",200,"cliver",1.4700136748366
"1764",176.3,"Simu1","KET",200,"cliver",1.41599141793248
"1765",176.4,"Simu1","KET",200,"cliver",1.36502155948208
"1766",176.5,"Simu1","KET",200,"cliver",1.31691832358056
"1767",176.6,"Simu1","KET",200,"cliver",1.27150817105942
"1768",176.7,"Simu1","KET",200,"cliver",1.22862893350443
"1769",176.8,"Simu1","KET",200,"cliver",1.18812901128581
"1770",176.9,"Simu1","KET",200,"cliver",1.1498666308157
"1771",177,"Simu1","KET",200,"cliver",1.11370915673624
"1772",177.1,"Simu1","KET",200,"cliver",1.07953245494038
"1773",177.2,"Simu1","KET",200,"cliver",1.0472203026214
"1774",177.3,"Simu1","KET",200,"cliver",1.01666384181149
"1775",177.4,"Simu1","KET",200,"cliver",0.987761073132486
"1776",177.5,"Simu1","KET",200,"cliver",0.960416386722642
"1777",177.6,"Simu1","KET",200,"cliver",0.934540127523188
"1778",177.7,"Simu1","KET",200,"cliver",0.910048192314113
"1779",177.8,"Simu1","KET",200,"cliver",0.886861656084203
"1780",177.9,"Simu1","KET",200,"cliver",0.864906425504544
"1781",178,"Simu1","KET",200,"cliver",0.844112917444381
"1782",178.1,"Simu1","KET",200,"cliver",0.82441576062514
"1783",178.2,"Simu1","KET",200,"cliver",0.805753518654033
"1784",178.3,"Simu1","KET",200,"cliver",0.788068432814267
"1785",178.4,"Simu1","KET",200,"cliver",0.77130618311504
"1786",178.5,"Simu1","KET",200,"cliver",0.755415666220544
"1787",178.6,"Simu1","KET",200,"cliver",0.740348788984304
"1788",178.7,"Simu1","KET",200,"cliver",0.726060276414772
"1789",178.8,"Simu1","KET",200,"cliver",0.712507492991828
"1790",178.9,"Simu1","KET",200,"cliver",0.699650276329941
"1791",179,"Simu1","KET",200,"cliver",0.687450782273244
"1792",179.1,"Simu1","KET",200,"cliver",0.675873340573174
"1793",179.2,"Simu1","KET",200,"cliver",0.664884320366246
"1794",179.3,"Simu1","KET",200,"cliver",0.654452004730187
"1795",179.4,"Simu1","KET",200,"cliver",0.644546473653603
"1796",179.5,"Simu1","KET",200,"cliver",0.635139494806073
"1797",179.6,"Simu1","KET",200,"cliver",0.626204421543007
"1798",179.7,"Simu1","KET",200,"cliver",0.617716097623118
"1799",179.8,"Simu1","KET",200,"cliver",0.609650768156626
"1800",179.9,"Simu1","KET",200,"cliver",0.601985996339603
"1801",180,"Simu1","KET",200,"cliver",0.59470058556386
"1802",180.1,"Simu1","KET",200,"cliver",0.587774506523204
"1803",180.2,"Simu1","KET",200,"cliver",0.581188828965643
"1804",180.3,"Simu1","KET",200,"cliver",0.574925657767705
"1805",180.4,"Simu1","KET",200,"cliver",0.568968073031534
"1806",180.5,"Simu1","KET",200,"cliver",0.563300073927858
"1807",180.6,"Simu1","KET",200,"cliver",0.557906526028637
"1808",180.7,"Simu1","KET",200,"cliver",0.552773111892304
"1809",180.8,"Simu1","KET",200,"cliver",0.547886284682159
"1810",180.9,"Simu1","KET",200,"cliver",0.543233224614085
"1811",181,"Simu1","KET",200,"cliver",0.538801798045466
"1812",181.1,"Simu1","KET",200,"cliver",0.534580519030433
"1813",181.2,"Simu1","KET",200,"cliver",0.530558513179304
"1814",181.3,"Simu1","KET",200,"cliver",0.526725483671678
"1815",181.4,"Simu1","KET",200,"cliver",0.523071679283501
"1816",181.5,"Simu1","KET",200,"cliver",0.519587864298336
"1817",181.6,"Simu1","KET",200,"cliver",0.516265290182237
"1818",181.7,"Simu1","KET",200,"cliver",0.513095668910057
"1819",181.8,"Simu1","KET",200,"cliver",0.510071147838848
"1820",181.9,"Simu1","KET",200,"cliver",0.507184286031253
"1821",182,"Simu1","KET",200,"cliver",0.504428031938463
"1822",182.1,"Simu1","KET",200,"cliver",0.501795702358481
"1823",182.2,"Simu1","KET",200,"cliver",0.499280962591177
"1824",182.3,"Simu1","KET",200,"cliver",0.496877807716865
"1825",182.4,"Simu1","KET",200,"cliver",0.494580544930106
"1826",182.5,"Simu1","KET",200,"cliver",0.492383776864905
"1827",182.6,"Simu1","KET",200,"cliver",0.490282385851747
"1828",182.7,"Simu1","KET",200,"cliver",0.488271519050796
"1829",182.8,"Simu1","KET",200,"cliver",0.486346574409215
"1830",182.9,"Simu1","KET",200,"cliver",0.484503187393897
"1831",183,"Simu1","KET",200,"cliver",0.482737218454089
"1832",183.1,"Simu1","KET",200,"cliver",0.481044741171253
"1833",183.2,"Simu1","KET",200,"cliver",0.479422031056231
"1834",183.3,"Simu1","KET",200,"cliver",0.477865554956267
"1835",183.4,"Simu1","KET",200,"cliver",0.476371961036823
"1836",183.5,"Simu1","KET",200,"cliver",0.474938069305272
"1837",183.6,"Simu1","KET",200,"cliver",0.473560862645597
"1838",183.7,"Simu1","KET",200,"cliver",0.472237478335128
"1839",183.8,"Simu1","KET",200,"cliver",0.470965200016097
"1840",183.9,"Simu1","KET",200,"cliver",0.469741450096453
"1841",184,"Simu1","KET",200,"cliver",0.468563782555911
"1842",184.1,"Simu1","KET",200,"cliver",0.467429876134663
"1843",184.2,"Simu1","KET",200,"cliver",0.466337527883501
"1844",184.3,"Simu1","KET",200,"cliver",0.465284647055375
"1845",184.4,"Simu1","KET",200,"cliver",0.464269249319581
"1846",184.5,"Simu1","KET",200,"cliver",0.463289451280878
"1847",184.6,"Simu1","KET",200,"cliver",0.462343465286848
"1848",184.7,"Simu1","KET",200,"cliver",0.461429594507813
"1849",184.8,"Simu1","KET",200,"cliver",0.460546228274479
"1850",184.9,"Simu1","KET",200,"cliver",0.45969183765938
"1851",185,"Simu1","KET",200,"cliver",0.458864971288945
"1852",185.1,"Simu1","KET",200,"cliver",0.458064251373782
"1853",185.2,"Simu1","KET",200,"cliver",0.457288369945484
"1854",185.3,"Simu1","KET",200,"cliver",0.456536085288881
"1855",185.4,"Simu1","KET",200,"cliver",0.455806218559337
"1856",185.5,"Simu1","KET",200,"cliver",0.455097650575214
"1857",185.6,"Simu1","KET",200,"cliver",0.454409318776229
"1858",185.7,"Simu1","KET",200,"cliver",0.453740214338894
"1859",185.8,"Simu1","KET",200,"cliver",0.453089379440752
"1860",185.9,"Simu1","KET",200,"cliver",0.45245590466556
"1861",186,"Simu1","KET",200,"cliver",0.451838926541993
"1862",186.1,"Simu1","KET",200,"cliver",0.451237625208874
"1863",186.2,"Simu1","KET",200,"cliver",0.450651222200283
"1864",186.3,"Simu1","KET",200,"cliver",0.450078978344281
"1865",186.4,"Simu1","KET",200,"cliver",0.449520191769316
"1866",186.5,"Simu1","KET",200,"cliver",0.448974196012696
"1867",186.6,"Simu1","KET",200,"cliver",0.448440358225819
"1868",186.7,"Simu1","KET",200,"cliver",0.447918077471133
"1869",186.8,"Simu1","KET",200,"cliver",0.447406783106057
"1870",186.9,"Simu1","KET",200,"cliver",0.446905933249379
"1871",187,"Simu1","KET",200,"cliver",0.446415013325841
"1872",187.1,"Simu1","KET",200,"cliver",0.445933534684889
"1873",187.2,"Simu1","KET",200,"cliver",0.445461033289746
"1874",187.3,"Simu1","KET",200,"cliver",0.444997068473202
"1875",187.4,"Simu1","KET",200,"cliver",0.444541221756672
"1876",187.5,"Simu1","KET",200,"cliver",0.444093095729272
"1877",187.6,"Simu1","KET",200,"cliver",0.443652312983835
"1878",187.7,"Simu1","KET",200,"cliver",0.443218515106947
"1879",187.8,"Simu1","KET",200,"cliver",0.442791361720219
"1880",187.9,"Simu1","KET",200,"cliver",0.442370529570197
"1881",188,"Simu1","KET",200,"cliver",0.441955711664392
"1882",188.1,"Simu1","KET",200,"cliver",0.441546616451098
"1883",188.2,"Simu1","KET",200,"cliver",0.441142967040748
"1884",188.3,"Simu1","KET",200,"cliver",0.440744500466684
"1885",188.4,"Simu1","KET",200,"cliver",0.440350966983351
"1886",188.5,"Simu1","KET",200,"cliver",0.439962129399981
"1887",188.6,"Simu1","KET",200,"cliver",0.43957776244798
"1888",188.7,"Simu1","KET",200,"cliver",0.439197652180298
"1889",188.8,"Simu1","KET",200,"cliver",0.438821595401146
"1890",188.9,"Simu1","KET",200,"cliver",0.438449399124531
"1891",189,"Simu1","KET",200,"cliver",0.438080880060133
"1892",189.1,"Simu1","KET",200,"cliver",0.43771586412515
"1893",189.2,"Simu1","KET",200,"cliver",0.437354185980773
"1894",189.3,"Simu1","KET",200,"cliver",0.436995688592063
"1895",189.4,"Simu1","KET",200,"cliver",0.436640222810028
"1896",189.5,"Simu1","KET",200,"cliver",0.436287646974785
"1897",189.6,"Simu1","KET",200,"cliver",0.435937826538729
"1898",189.7,"Simu1","KET",200,"cliver",0.435590633708711
"1899",189.8,"Simu1","KET",200,"cliver",0.435245947106241
"1900",189.9,"Simu1","KET",200,"cliver",0.434903651444831
"1901",190,"Simu1","KET",200,"cliver",0.434563637223584
"1902",190.1,"Simu1","KET",200,"cliver",0.43422580043623
"1903",190.2,"Simu1","KET",200,"cliver",0.433890042294815
"1904",190.3,"Simu1","KET",200,"cliver",0.433556268967304
"1905",190.4,"Simu1","KET",200,"cliver",0.433224391328404
"1906",190.5,"Simu1","KET",200,"cliver",0.432894324722926
"1907",190.6,"Simu1","KET",200,"cliver",0.432565988741068
"1908",190.7,"Simu1","KET",200,"cliver",0.432239307005003
"1909",190.8,"Simu1","KET",200,"cliver",0.431914206966207
"1910",190.9,"Simu1","KET",200,"cliver",0.431590619712999
"1911",191,"Simu1","KET",200,"cliver",0.431268479787746
"1912",191.1,"Simu1","KET",200,"cliver",0.430947725013283
"1913",191.2,"Simu1","KET",200,"cliver",0.430628296328051
"1914",191.3,"Simu1","KET",200,"cliver",0.430310137629541
"1915",191.4,"Simu1","KET",200,"cliver",0.429993195625601
"1916",191.5,"Simu1","KET",200,"cliver",0.429677419693229
"1917",191.6,"Simu1","KET",200,"cliver",0.429362761744466
"1918",191.7,"Simu1","KET",200,"cliver",0.429049176099026
"1919",191.8,"Simu1","KET",200,"cliver",0.428736619363348
"1920",191.9,"Simu1","KET",200,"cliver",0.428425050459484
"1921",192,"Simu1","KET",200,"cliver",0.43169412133076
"1922",192.1,"Simu1","KET",200,"cliver",4.04207278293126
"1923",192.2,"Simu1","KET",200,"cliver",13.7720411724859
"1924",192.3,"Simu1","KET",200,"cliver",24.1502963481066
"1925",192.4,"Simu1","KET",200,"cliver",33.2115747798537
"1926",192.5,"Simu1","KET",200,"cliver",40.5152355688224
"1927",192.6,"Simu1","KET",200,"cliver",46.1211409331271
"1928",192.7,"Simu1","KET",200,"cliver",50.2330075203918
"1929",192.8,"Simu1","KET",200,"cliver",53.0774368427318
"1930",192.9,"Simu1","KET",200,"cliver",54.8655212074451
"1931",193,"Simu1","KET",200,"cliver",55.7829141284261
"1932",193.1,"Simu1","KET",200,"cliver",55.9893351446811
"1933",193.2,"Simu1","KET",200,"cliver",55.6209364648538
"1934",193.3,"Simu1","KET",200,"cliver",54.7931709063968
"1935",193.4,"Simu1","KET",200,"cliver",53.6037568943964
"1936",193.5,"Simu1","KET",200,"cliver",52.1348311007731
"1937",193.6,"Simu1","KET",200,"cliver",50.4556695456898
"1938",193.7,"Simu1","KET",200,"cliver",48.6240278736572
"1939",193.8,"Simu1","KET",200,"cliver",46.688047134308
"1940",193.9,"Simu1","KET",200,"cliver",44.6875212036502
"1941",194,"Simu1","KET",200,"cliver",42.655167880486
"1942",194.1,"Simu1","KET",200,"cliver",40.6176327034328
"1943",194.2,"Simu1","KET",200,"cliver",38.5964967123365
"1944",194.3,"Simu1","KET",200,"cliver",36.6088034534996
"1945",194.4,"Simu1","KET",200,"cliver",34.6679121233374
"1946",194.5,"Simu1","KET",200,"cliver",32.7841266370817
"1947",194.6,"Simu1","KET",200,"cliver",30.9650796491633
"1948",194.7,"Simu1","KET",200,"cliver",29.2162197089485
"1949",194.8,"Simu1","KET",200,"cliver",27.5411693675229
"1950",194.9,"Simu1","KET",200,"cliver",25.9420676595799
"1951",195,"Simu1","KET",200,"cliver",24.4198439402079
"1952",195.1,"Simu1","KET",200,"cliver",22.9744139977841
"1953",195.2,"Simu1","KET",200,"cliver",21.6048958830759
"1954",195.3,"Simu1","KET",200,"cliver",20.3097897614491
"1955",195.4,"Simu1","KET",200,"cliver",19.0871200939148
"1956",195.5,"Simu1","KET",200,"cliver",17.9345457448858
"1957",195.6,"Simu1","KET",200,"cliver",16.8494561429101
"1958",195.7,"Simu1","KET",200,"cliver",15.8290568453479
"1959",195.8,"Simu1","KET",200,"cliver",14.870440212993
"1960",195.9,"Simu1","KET",200,"cliver",13.9706401986851
"1961",196,"Simu1","KET",200,"cliver",13.1266753569147
"1962",196.1,"Simu1","KET",200,"cliver",12.3355842424066
"1963",196.2,"Simu1","KET",200,"cliver",11.5944544554844
"1964",196.3,"Simu1","KET",200,"cliver",10.9004451381076
"1965",196.4,"Simu1","KET",200,"cliver",10.2508034512288
"1966",196.5,"Simu1","KET",200,"cliver",9.64287644754091
"1967",196.6,"Simu1","KET",200,"cliver",9.0741195816604
"1968",196.7,"Simu1","KET",200,"cliver",8.54210243148817
"1969",196.8,"Simu1","KET",200,"cliver",8.04451190185341
"1970",196.9,"Simu1","KET",200,"cliver",7.57915330443869
"1971",197,"Simu1","KET",200,"cliver",7.1439498282074
"1972",197.1,"Simu1","KET",200,"cliver",6.73694082292563
"1973",197.2,"Simu1","KET",200,"cliver",6.35627915248454
"1974",197.3,"Simu1","KET",200,"cliver",6.00022779075668
"1975",197.4,"Simu1","KET",200,"cliver",5.66715585005701
"1976",197.5,"Simu1","KET",200,"cliver",5.35553422657355
"1977",197.6,"Simu1","KET",200,"cliver",5.06393100734201
"1978",197.7,"Simu1","KET",200,"cliver",4.79100673864883
"1979",197.8,"Simu1","KET",200,"cliver",4.53550963228059
"1980",197.9,"Simu1","KET",200,"cliver",4.29627077801679
"1981",198,"Simu1","KET",200,"cliver",4.07219942143288
"1982",198.1,"Simu1","KET",200,"cliver",3.86227835109765
"1983",198.2,"Simu1","KET",200,"cliver",3.66555942518912
"1984",198.3,"Simu1","KET",200,"cliver",3.48115925901679
"1985",198.4,"Simu1","KET",200,"cliver",3.30825509003154
"1986",198.5,"Simu1","KET",200,"cliver",3.14608083214567
"1987",198.6,"Simu1","KET",200,"cliver",2.99392332591861
"1988",198.7,"Simu1","KET",200,"cliver",2.85111878673059
"1989",198.8,"Simu1","KET",200,"cliver",2.71704945018985
"1990",198.9,"Simu1","KET",200,"cliver",2.59114041213629
"1991",199,"Simu1","KET",200,"cliver",2.47285665896998
"1992",199.1,"Simu1","KET",200,"cliver",2.36170028253361
"1993",199.2,"Simu1","KET",200,"cliver",2.25720787259453
"1994",199.3,"Simu1","KET",200,"cliver",2.15894807961607
"1995",199.4,"Simu1","KET",200,"cliver",2.06651933960017
"1996",199.5,"Simu1","KET",200,"cliver",1.97954775289299
"1997",199.6,"Simu1","KET",200,"cliver",1.89768510879779
"1998",199.7,"Simu1","KET",200,"cliver",1.82060704772934
"1999",199.8,"Simu1","KET",200,"cliver",1.74801135269415
"2000",199.9,"Simu1","KET",200,"cliver",1.67961636212323
"2001",200,"Simu1","KET",200,"cliver",1.61515949639129
"2002",200.1,"Simu1","KET",200,"cliver",1.5543958906484
"2003",200.2,"Simu1","KET",200,"cliver",1.49709712688014
"2004",200.3,"Simu1","KET",200,"cliver",1.44305005843847
"2005",200.4,"Simu1","KET",200,"cliver",1.39205572064452
"2006",200.5,"Simu1","KET",200,"cliver",1.34392832142615
"2007",200.6,"Simu1","KET",200,"cliver",1.29849430630162
"2008",200.7,"Simu1","KET",200,"cliver",1.25559149235881
"2009",200.8,"Simu1","KET",200,"cliver",1.21506826621223
"2010",200.9,"Simu1","KET",200,"cliver",1.17678284124695
"2011",201,"Simu1","KET",200,"cliver",1.14060256977135
"2012",201.1,"Simu1","KET",200,"cliver",1.10640330599728
"2013",201.2,"Simu1","KET",200,"cliver",1.07406881604377
"2014",201.3,"Simu1","KET",200,"cliver",1.04349023145072
"2015",201.4,"Simu1","KET",200,"cliver",1.01456554290033
"2016",201.5,"Simu1","KET",200,"cliver",0.987199131109167
"2017",201.6,"Simu1","KET",200,"cliver",0.961301332083152
"2018",201.7,"Simu1","KET",200,"cliver",0.936788034128034
"2019",201.8,"Simu1","KET",200,"cliver",0.913580304196476
"2020",201.9,"Simu1","KET",200,"cliver",0.891604041337902
"2021",202,"Simu1","KET",200,"cliver",0.870789655190589
"2022",202.1,"Simu1","KET",200,"cliver",0.851071767613708
"2023",202.2,"Simu1","KET",200,"cliver",0.832388935701086
"2024",202.3,"Simu1","KET",200,"cliver",0.814683394552858
"2025",202.4,"Simu1","KET",200,"cliver",0.797900818307551
"2026",202.5,"Simu1","KET",200,"cliver",0.781990098053963
"2027",202.6,"Simu1","KET",200,"cliver",0.766903135349717
"2028",202.7,"Simu1","KET",200,"cliver",0.752594650172201
"2029",202.8,"Simu1","KET",200,"cliver",0.739022002218934
"2030",202.9,"Simu1","KET",200,"cliver",0.726145024559205
"2031",203,"Simu1","KET",200,"cliver",0.71392586871681
"2032",203.1,"Simu1","KET",200,"cliver",0.702328860335606
"2033",203.2,"Simu1","KET",200,"cliver",0.691320364645399
"2034",203.3,"Simu1","KET",200,"cliver",0.680868661008135
"2035",203.4,"Simu1","KET",200,"cliver",0.670943825877799
"2036",203.5,"Simu1","KET",200,"cliver",0.661517623560816
"2037",203.6,"Simu1","KET",200,"cliver",0.652563404211856
"2038",203.7,"Simu1","KET",200,"cliver",0.644056008543062
"2039",203.8,"Simu1","KET",200,"cliver",0.635971678764546
"2040",203.9,"Simu1","KET",200,"cliver",0.628287975311305
"2041",204,"Simu1","KET",200,"cliver",0.620983698946008
"2042",204.1,"Simu1","KET",200,"cliver",0.614038817858552
"2043",204.2,"Simu1","KET",200,"cliver",0.607434399412011
"2044",204.3,"Simu1","KET",200,"cliver",0.601152546211047
"2045",204.4,"Simu1","KET",200,"cliver",0.595176336193373
"2046",204.5,"Simu1","KET",200,"cliver",0.589489766467393
"2047",204.6,"Simu1","KET",200,"cliver",0.584077700639824
"2048",204.7,"Simu1","KET",200,"cliver",0.578925819396188
"2049",204.8,"Simu1","KET",200,"cliver",0.574020574114542
"2050",204.9,"Simu1","KET",200,"cliver",0.569349143309046
"2051",205,"Simu1","KET",200,"cliver",0.564899391714841
"2052",205.1,"Simu1","KET",200,"cliver",0.560659831839436
"2053",205.2,"Simu1","KET",200,"cliver",0.556619587818437
"2054",205.3,"Simu1","KET",200,"cliver",0.552768361425227
"2055",205.4,"Simu1","KET",200,"cliver",0.549096400094762
"2056",205.5,"Simu1","KET",200,"cliver",0.545594466831698
"2057",205.6,"Simu1","KET",200,"cliver",0.542253811882281
"2058",205.7,"Simu1","KET",200,"cliver",0.53906614605786
"2059",205.8,"Simu1","KET",200,"cliver",0.536023615605621
"2060",205.9,"Simu1","KET",200,"cliver",0.53311877852945
"2061",206,"Simu1","KET",200,"cliver",0.530344582270464
"2062",206.1,"Simu1","KET",200,"cliver",0.527694342662982
"2063",206.2,"Simu1","KET",200,"cliver",0.525161724087397
"2064",206.3,"Simu1","KET",200,"cliver",0.522740720746689
"2065",206.4,"Simu1","KET",200,"cliver",0.520425638998241
"2066",206.5,"Simu1","KET",200,"cliver",0.518211080677167
"2067",206.6,"Simu1","KET",200,"cliver",0.516091927351562
"2068",206.7,"Simu1","KET",200,"cliver",0.514063325453993
"2069",206.8,"Simu1","KET",200,"cliver",0.512120672237195
"2070",206.9,"Simu1","KET",200,"cliver",0.510259602505267
"2071",207,"Simu1","KET",200,"cliver",0.50847597607483
"2072",207.1,"Simu1","KET",200,"cliver",0.506765865923491
"2073",207.2,"Simu1","KET",200,"cliver",0.505125546985665
"2074",207.3,"Simu1","KET",200,"cliver",0.503551485558337
"2075",207.4,"Simu1","KET",200,"cliver",0.502040329281665
"2076",207.5,"Simu1","KET",200,"cliver",0.50058889766152
"2077",207.6,"Simu1","KET",200,"cliver",0.499194173103087
"2078",207.7,"Simu1","KET",200,"cliver",0.497853292426551
"2079",207.8,"Simu1","KET",200,"cliver",0.49656353883766
"2080",207.9,"Simu1","KET",200,"cliver",0.495322334327583
"2081",208,"Simu1","KET",200,"cliver",0.494127232478058
"2082",208.1,"Simu1","KET",200,"cliver",0.492975911649232
"2083",208.2,"Simu1","KET",200,"cliver",0.491866168528963
"2084",208.3,"Simu1","KET",200,"cliver",0.490795912023587
"2085",208.4,"Simu1","KET",200,"cliver",0.489763157471362
"2086",208.5,"Simu1","KET",200,"cliver",0.488766021160864
"2087",208.6,"Simu1","KET",200,"cliver",0.48780271513767
"2088",208.7,"Simu1","KET",200,"cliver",0.486871542283617
"2089",208.8,"Simu1","KET",200,"cliver",0.48597089165383
"2090",208.9,"Simu1","KET",200,"cliver",0.485099234057573
"2091",209,"Simu1","KET",200,"cliver",0.48425511786975
"2092",209.1,"Simu1","KET",200,"cliver",0.48343716506065
"2093",209.2,"Simu1","KET",200,"cliver",0.482644067432239
"2094",209.3,"Simu1","KET",200,"cliver",0.481874583049924
"2095",209.4,"Simu1","KET",200,"cliver",0.481127532859375
"2096",209.5,"Simu1","KET",200,"cliver",0.48040179747855
"2097",209.6,"Simu1","KET",200,"cliver",0.47969631415562
"2098",209.7,"Simu1","KET",200,"cliver",0.479010073884005
"2099",209.8,"Simu1","KET",200,"cliver",0.478342118666223
"2100",209.9,"Simu1","KET",200,"cliver",0.477691538918698
"2101",210,"Simu1","KET",200,"cliver",0.477057471010119
"2102",210.1,"Simu1","KET",200,"cliver",0.476439094926324
"2103",210.2,"Simu1","KET",200,"cliver",0.475835632055091
"2104",210.3,"Simu1","KET",200,"cliver",0.475246343084558
"2105",210.4,"Simu1","KET",200,"cliver",0.474670526009331
"2106",210.5,"Simu1","KET",200,"cliver",0.474107514238681
"2107",210.6,"Simu1","KET",200,"cliver",0.473556674801506
"2108",210.7,"Simu1","KET",200,"cliver",0.473017406643035
"2109",210.8,"Simu1","KET",200,"cliver",0.472489139008512
"2110",210.9,"Simu1","KET",200,"cliver",0.471971329909355
"2111",211,"Simu1","KET",200,"cliver",0.471463464667522
"2112",211.1,"Simu1","KET",200,"cliver",0.470965054534053
"2113",211.2,"Simu1","KET",200,"cliver",0.470475635377938
"2114",211.3,"Simu1","KET",200,"cliver",0.46999476644172
"2115",211.4,"Simu1","KET",200,"cliver",0.469522029160361
"2116",211.5,"Simu1","KET",200,"cliver",0.469057026040153
"2117",211.6,"Simu1","KET",200,"cliver",0.46859937959456
"2118",211.7,"Simu1","KET",200,"cliver",0.468148731334096
"2119",211.8,"Simu1","KET",200,"cliver",0.467704740807451
"2120",211.9,"Simu1","KET",200,"cliver",0.467267084691245
"2121",212,"Simu1","KET",200,"cliver",0.46683545592593
"2122",212.1,"Simu1","KET",200,"cliver",0.46640956289547
"2123",212.2,"Simu1","KET",200,"cliver",0.465989128648574
"2124",212.3,"Simu1","KET",200,"cliver",0.465573890159345
"2125",212.4,"Simu1","KET",200,"cliver",0.465163597625357
"2126",212.5,"Simu1","KET",200,"cliver",0.464758013801234
"2127",212.6,"Simu1","KET",200,"cliver",0.464356913365931
"2128",212.7,"Simu1","KET",200,"cliver",0.463960082322001
"2129",212.8,"Simu1","KET",200,"cliver",0.463567317425222
"2130",212.9,"Simu1","KET",200,"cliver",0.463178425643038
"2131",213,"Simu1","KET",200,"cliver",0.462793223640354
"2132",213.1,"Simu1","KET",200,"cliver",0.462411537291291
"2133",213.2,"Simu1","KET",200,"cliver",0.462033201215589
"2134",213.3,"Simu1","KET",200,"cliver",0.461658058338407
"2135",213.4,"Simu1","KET",200,"cliver",0.461285959472327
"2136",213.5,"Simu1","KET",200,"cliver",0.46091676292045
"2137",213.6,"Simu1","KET",200,"cliver",0.460550334099498
"2138",213.7,"Simu1","KET",200,"cliver",0.46018654518193
"2139",213.8,"Simu1","KET",200,"cliver",0.459825274756088
"2140",213.9,"Simu1","KET",200,"cliver",0.459466407503479
"2141",214,"Simu1","KET",200,"cliver",0.459109833892315
"2142",214.1,"Simu1","KET",200,"cliver",0.458755449886496
"2143",214.2,"Simu1","KET",200,"cliver",0.458403156669247
"2144",214.3,"Simu1","KET",200,"cliver",0.458052860380677
"2145",214.4,"Simu1","KET",200,"cliver",0.457704471868558
"2146",214.5,"Simu1","KET",200,"cliver",0.457357906451643
"2147",214.6,"Simu1","KET",200,"cliver",0.457013083694908
"2148",214.7,"Simu1","KET",200,"cliver",0.456669927196102
"2149",214.8,"Simu1","KET",200,"cliver",0.45632836438304
"2150",214.9,"Simu1","KET",200,"cliver",0.455988326321103
"2151",215,"Simu1","KET",200,"cliver",0.455649747530415
"2152",215.1,"Simu1","KET",200,"cliver",0.455312565812224
"2153",215.2,"Simu1","KET",200,"cliver",0.45497672208402
"2154",215.3,"Simu1","KET",200,"cliver",0.454642160222938
"2155",215.4,"Simu1","KET",200,"cliver",0.454308826917046
"2156",215.5,"Simu1","KET",200,"cliver",0.453976671524107
"2157",215.6,"Simu1","KET",200,"cliver",0.453645645937446
"2158",215.7,"Simu1","KET",200,"cliver",0.453315704458563
"2159",215.8,"Simu1","KET",200,"cliver",0.452986803677688
"2160",215.9,"Simu1","KET",200,"cliver",0.45265890592548
"2161",216,"Simu1","KET",200,"cliver",0.455911629959558
"2162",216.1,"Simu1","KET",200,"cliver",4.06627912189862
"2163",216.2,"Simu1","KET",200,"cliver",13.7962692895302
"2164",216.3,"Simu1","KET",200,"cliver",24.174588173724
"2165",216.4,"Simu1","KET",200,"cliver",33.2359636717422
"2166",216.5,"Simu1","KET",200,"cliver",40.5397433410948
"2167",216.6,"Simu1","KET",200,"cliver",46.1457791941224
"2168",216.7,"Simu1","KET",200,"cliver",50.2577798211933
"2169",216.8,"Simu1","KET",200,"cliver",53.1023406983204
"2170",216.9,"Simu1","KET",200,"cliver",54.8905497601385
"2171",217,"Simu1","KET",200,"cliver",55.8080589634433
"2172",217.1,"Simu1","KET",200,"cliver",56.0145811234191
"2173",217.2,"Simu1","KET",200,"cliver",55.6462712342053
"2174",217.3,"Simu1","KET",200,"cliver",54.8185829423875
"2175",217.4,"Simu1","KET",200,"cliver",53.6291994306547
"2176",217.5,"Simu1","KET",200,"cliver",52.1603623740235
"2177",217.6,"Simu1","KET",200,"cliver",50.48123246962
"2178",217.7,"Simu1","KET",200,"cliver",48.6495648429838
"2179",217.8,"Simu1","KET",200,"cliver",46.71359007998
"2180",217.9,"Simu1","KET",200,"cliver",44.7131481528733
"2181",218,"Simu1","KET",200,"cliver",42.6808160565336
"2182",218.1,"Simu1","KET",200,"cliver",40.64330806798
"2183",218.2,"Simu1","KET",200,"cliver",38.6221327724488
"2184",218.3,"Simu1","KET",200,"cliver",36.634390348263
"2185",218.4,"Simu1","KET",200,"cliver",34.6934634438423
"2186",218.5,"Simu1","KET",200,"cliver",32.8096244264115
"2187",218.6,"Simu1","KET",200,"cliver",30.9905004890785
"2188",218.7,"Simu1","KET",200,"cliver",29.2415518333096
"2189",218.8,"Simu1","KET",200,"cliver",27.566438776712
"2190",218.9,"Simu1","KET",200,"cliver",25.9672904059283
"2191",219,"Simu1","KET",200,"cliver",24.4450045266469
"2192",219.1,"Simu1","KET",200,"cliver",22.9994987394424
"2193",219.2,"Simu1","KET",200,"cliver",21.6299069937523
"2194",219.3,"Simu1","KET",200,"cliver",20.334736704339
"2195",219.4,"Simu1","KET",200,"cliver",19.1120065527066
"2196",219.5,"Simu1","KET",200,"cliver",17.9593709701043
"2197",219.6,"Simu1","KET",200,"cliver",16.8742199539691
"2198",219.7,"Simu1","KET",200,"cliver",15.8537600255276
"2199",219.8,"Simu1","KET",200,"cliver",14.8950844591764
"2200",219.9,"Simu1","KET",200,"cliver",13.995226150583
"2201",220,"Simu1","KET",200,"cliver",13.1512037644663
"2202",220.1,"Simu1","KET",200,"cliver",12.3600564875689
"2203",220.2,"Simu1","KET",200,"cliver",11.6188715658518
"2204",220.3,"Simu1","KET",200,"cliver",10.9248077340915
"2205",220.4,"Simu1","KET",200,"cliver",10.2751119629617
"2206",220.5,"Simu1","KET",200,"cliver",9.66713087679887
"2207",220.6,"Simu1","KET",200,"cliver",9.09832024982327
"2208",220.7,"Simu1","KET",200,"cliver",8.56625121263024
"2209",220.8,"Simu1","KET",200,"cliver",8.06861154230519
"2210",220.9,"Simu1","KET",200,"cliver",7.60320599499572
"2211",221,"Simu1","KET",200,"cliver",7.16795690384996
"2212",221.1,"Simu1","KET",200,"cliver",6.76090340739365
"2213",221.2,"Simu1","KET",200,"cliver",6.3801986177259
"2214",221.3,"Simu1","KET",200,"cliver",6.02410565334914
"2215",221.4,"Simu1","KET",200,"cliver",5.69099349121866
"2216",221.5,"Simu1","KET",200,"cliver",5.37933282624869
"2217",221.6,"Simu1","KET",200,"cliver",5.08769166485292
"2218",221.7,"Simu1","KET",200,"cliver",4.81473056380363
"2219",221.8,"Simu1","KET",200,"cliver",4.55919772475828
"2220",221.9,"Simu1","KET",200,"cliver",4.31992417221471
"2221",222,"Simu1","KET",200,"cliver",4.09581907493143
"2222",222.1,"Simu1","KET",200,"cliver",3.88586516878775
"2223",222.2,"Simu1","KET",200,"cliver",3.68911427972666
"2224",222.3,"Simu1","KET",200,"cliver",3.5046829875131
"2225",222.4,"Simu1","KET",200,"cliver",3.33174848469037
"2226",222.5,"Simu1","KET",200,"cliver",3.16954464049417
"2227",222.6,"Simu1","KET",200,"cliver",3.01735825800156
"2228",222.7,"Simu1","KET",200,"cliver",2.87452551987612
"2229",222.8,"Simu1","KET",200,"cliver",2.74042862899901
"2230",222.9,"Simu1","KET",200,"cliver",2.61449264779048
"2231",223,"Simu1","KET",200,"cliver",2.49618253076775
"2232",223.1,"Simu1","KET",200,"cliver",2.38500034063877
"2233",223.2,"Simu1","KET",200,"cliver",2.28048264008239
"2234",223.3,"Simu1","KET",200,"cliver",2.18219805337774
"2235",223.4,"Simu1","KET",200,"cliver",2.08974499117529
"2236",223.5,"Simu1","KET",200,"cliver",2.00274952983304
"2237",223.6,"Simu1","KET",200,"cliver",1.920863436217
"2238",223.7,"Simu1","KET",200,"cliver",1.84376232958042
"2239",223.8,"Simu1","KET",200,"cliver",1.77114397276513
"2240",223.9,"Simu1","KET",200,"cliver",1.70272668499598
"2241",224,"Simu1","KET",200,"cliver",1.63824786845775
"2242",224.1,"Simu1","KET",200,"cliver",1.57746264119666
"2243",224.2,"Simu1","KET",200,"cliver",1.52014256901428
"2244",224.3,"Simu1","KET",200,"cliver",1.46607448989543
"2245",224.4,"Simu1","KET",200,"cliver",1.41505942458204
"2246",224.5,"Simu1","KET",200,"cliver",1.36691156720922
"2247",224.6,"Simu1","KET",200,"cliver",1.32145735025643
"2248",224.7,"Simu1","KET",200,"cliver",1.27853457846862
"2249",224.8,"Simu1","KET",200,"cliver",1.23799162676307
"2250",224.9,"Simu1","KET",200,"cliver",1.19968669744195
"2251",225,"Simu1","KET",200,"cliver",1.16348713231914
"2252",225.1,"Simu1","KET",200,"cliver",1.12926877566908
"2253",225.2,"Simu1","KET",200,"cliver",1.09691538420042
"2254",225.3,"Simu1","KET",200,"cliver",1.06631808052912
"2255",225.4,"Simu1","KET",200,"cliver",1.03737484687385
"2256",225.5,"Simu1","KET",200,"cliver",1.00999005592996
"2257",225.6,"Simu1","KET",200,"cliver",0.98407403610247
"2258",225.7,"Simu1","KET",200,"cliver",0.959542668489985
"2259",225.8,"Simu1","KET",200,"cliver",0.936317013207227
"2260",225.9,"Simu1","KET",200,"cliver",0.914322962814434
"2261",226,"Simu1","KET",200,"cliver",0.893490920790749
"2262",226.1,"Simu1","KET",200,"cliver",0.873755503154055
"2263",226.2,"Simu1","KET",200,"cliver",0.855055261452533
"2264",226.3,"Simu1","KET",200,"cliver",0.837332425518847
"2265",226.4,"Simu1","KET",200,"cliver",0.820532664487673
"2266",226.5,"Simu1","KET",200,"cliver",0.804604864694686
"2267",226.6,"Simu1","KET",200,"cliver",0.789500923181979
"2268",226.7,"Simu1","KET",200,"cliver",0.775175555635749
"2269",226.8,"Simu1","KET",200,"cliver",0.76158611767433
"2270",226.9,"Simu1","KET",200,"cliver",0.748692438488718
"2271",227,"Simu1","KET",200,"cliver",0.736456665914967
"2272",227.1,"Simu1","KET",200,"cliver",0.72484312208977
"2273",227.2,"Simu1","KET",200,"cliver",0.713818168907119
"2274",227.3,"Simu1","KET",200,"cliver",0.703350082554896
"2275",227.4,"Simu1","KET",200,"cliver",0.693408936466422
"2276",227.5,"Simu1","KET",200,"cliver",0.683966492073412
"2277",227.6,"Simu1","KET",200,"cliver",0.674996096794471
"2278",227.7,"Simu1","KET",200,"cliver",0.666472588737058
"2279",227.8,"Simu1","KET",200,"cliver",0.658372207631137
"2280",227.9,"Simu1","KET",200,"cliver",0.650672511549788
"2281",228,"Simu1","KET",200,"cliver",0.643352299006061
"2282",228.1,"Simu1","KET",200,"cliver",0.636391536047332
"2283",228.2,"Simu1","KET",200,"cliver",0.629771287995583
"2284",228.3,"Simu1","KET",200,"cliver",0.623473655510671
"2285",228.4,"Simu1","KET",200,"cliver",0.617481714677082
"2286",228.5,"Simu1","KET",200,"cliver",0.611779460837143
"2287",228.6,"Simu1","KET",200,"cliver",0.606351755914403
"2288",228.7,"Simu1","KET",200,"cliver",0.60118427899004
"2289",228.8,"Simu1","KET",200,"cliver",0.59626347991272
"2290",228.9,"Simu1","KET",200,"cliver",0.591576535738548
"2291",229,"Simu1","KET",200,"cliver",0.587111309812508
"2292",229.1,"Simu1","KET",200,"cliver",0.582856313316586
"2293",229.2,"Simu1","KET",200,"cliver",0.578800669122412
"2294",229.3,"Simu1","KET",200,"cliver",0.57493407779794
"2295",229.4,"Simu1","KET",200,"cliver",0.571246785628447
"2296",229.5,"Simu1","KET",200,"cliver",0.56772955452204
"2297",229.6,"Simu1","KET",200,"cliver",0.564373633679045
"2298",229.7,"Simu1","KET",200,"cliver",0.561170732913096
"2299",229.8,"Simu1","KET",200,"cliver",0.558112997519586
"2300",229.9,"Simu1","KET",200,"cliver",0.555192984594356
"2301",230,"Simu1","KET",200,"cliver",0.552403640712172
"2302",230.1,"Simu1","KET",200,"cliver",0.549738280880774
"2303",230.2,"Simu1","KET",200,"cliver",0.547190568691857
"2304",230.3,"Simu1","KET",200,"cliver",0.544754497595796
"2305",230.4,"Simu1","KET",200,"cliver",0.542424373231791
"2306",230.5,"Simu1","KET",200,"cliver",0.540194796749586
"2307",230.6,"Simu1","KET",200,"cliver",0.5380606490632
"2308",230.7,"Simu1","KET",200,"cliver",0.53601707598096
"2309",230.8,"Simu1","KET",200,"cliver",0.534059474159806
"2310",230.9,"Simu1","KET",200,"cliver",0.532183477835169
"2311",231,"Simu1","KET",200,"cliver",0.530384946280877
"2312",231.1,"Simu1","KET",200,"cliver",0.528659951956415
"2313",231.2,"Simu1","KET",200,"cliver",0.527004769301616
"2314",231.3,"Simu1","KET",200,"cliver",0.525415864141324
"2315",231.4,"Simu1","KET",200,"cliver",0.523889883664965
"2316",231.5,"Simu1","KET",200,"cliver",0.522423646948101
"2317",231.6,"Simu1","KET",200,"cliver",0.521014135985088
"2318",231.7,"Simu1","KET",200,"cliver",0.519658487203873
"2319",231.8,"Simu1","KET",200,"cliver",0.518353983435688
"2320",231.9,"Simu1","KET",200,"cliver",0.517098046314102
"2321",232,"Simu1","KET",200,"cliver",0.515888229079382
"2322",232.1,"Simu1","KET",200,"cliver",0.514722209765604
"2323",232.2,"Simu1","KET",200,"cliver",0.513597784749238
"2324",232.3,"Simu1","KET",200,"cliver",0.512512862639242
"2325",232.4,"Simu1","KET",200,"cliver",0.511465458489863
"2326",232.5,"Simu1","KET",200,"cliver",0.510453688318419
"2327",232.6,"Simu1","KET",200,"cliver",0.509475763911396
"2328",232.7,"Simu1","KET",200,"cliver",0.508529987903152
"2329",232.8,"Simu1","KET",200,"cliver",0.507614749112408
"2330",232.9,"Simu1","KET",200,"cliver",0.506728518122591
"2331",233,"Simu1","KET",200,"cliver",0.505869843092851
"2332",233.1,"Simu1","KET",200,"cliver",0.505037345787346
"2333",233.2,"Simu1","KET",200,"cliver",0.504229717811088
"2334",233.3,"Simu1","KET",200,"cliver",0.503445717041286
"2335",233.4,"Simu1","KET",200,"cliver",0.502684164243771
"2336",233.5,"Simu1","KET",200,"cliver",0.501943939864633
"2337",233.6,"Simu1","KET",200,"cliver",0.501223980987781
"2338",233.7,"Simu1","KET",200,"cliver",0.50052327844963
"2339",233.8,"Simu1","KET",200,"cliver",0.499840874102618
"2340",233.9,"Simu1","KET",200,"cliver",0.499175858219696
"2341",234,"Simu1","KET",200,"cliver",0.49852736703238
"2342",234.1,"Simu1","KET",200,"cliver",0.497894580395351
"2343",234.2,"Simu1","KET",200,"cliver",0.497276719570968
"2344",234.3,"Simu1","KET",200,"cliver",0.496673045127421
"2345",234.4,"Simu1","KET",200,"cliver",0.496082854944592
"2346",234.5,"Simu1","KET",200,"cliver",0.49550548232201
"2347",234.6,"Simu1","KET",200,"cliver",0.494940294183583
"2348",234.7,"Simu1","KET",200,"cliver",0.494386689374087
"2349",234.8,"Simu1","KET",200,"cliver",0.493844097042635
"2350",234.9,"Simu1","KET",200,"cliver",0.493311975108645
"2351",235,"Simu1","KET",200,"cliver",0.492789808806011
"2352",235.1,"Simu1","KET",200,"cliver",0.492277109301464
"2353",235.2,"Simu1","KET",200,"cliver",0.491773412383272
"2354",235.3,"Simu1","KET",200,"cliver",0.491278277216668
"2355",235.4,"Simu1","KET",200,"cliver",0.490791285162569
"2356",235.5,"Simu1","KET",200,"cliver",0.490312038656332
"2357",235.6,"Simu1","KET",200,"cliver",0.489840160143454
"2358",235.7,"Simu1","KET",200,"cliver",0.489375291069312
"2359",235.8,"Simu1","KET",200,"cliver",0.488917090920157
"2360",235.9,"Simu1","KET",200,"cliver",0.488465236312747
"2361",236,"Simu1","KET",200,"cliver",0.488019420130131
"2362",236.1,"Simu1","KET",200,"cliver",0.487579350701212
"2363",236.2,"Simu1","KET",200,"cliver",0.487144751021872
"2364",236.3,"Simu1","KET",200,"cliver",0.48671535801552
"2365",236.4,"Simu1","KET",200,"cliver",0.486290921831071
"2366",236.5,"Simu1","KET",200,"cliver",0.485871205176429
"2367",236.6,"Simu1","KET",200,"cliver",0.485455982685679
"2368",236.7,"Simu1","KET",200,"cliver",0.485045040318269
"2369",236.8,"Simu1","KET",200,"cliver",0.484638174788556
"2370",236.9,"Simu1","KET",200,"cliver",0.484235193024169
"2371",237,"Simu1","KET",200,"cliver",0.483835911651727
"2372",237.1,"Simu1","KET",200,"cliver",0.483440156508527
"2373",237.2,"Simu1","KET",200,"cliver",0.483047762178879
"2374",237.3,"Simu1","KET",200,"cliver",0.482658571553838
"2375",237.4,"Simu1","KET",200,"cliver",0.482272435413154
"2376",237.5,"Simu1","KET",200,"cliver",0.481889212028298
"2377",237.6,"Simu1","KET",200,"cliver",0.481508766785521
"2378",237.7,"Simu1","KET",200,"cliver",0.481130971827904
"2379",237.8,"Simu1","KET",200,"cliver",0.480755705715465
"2380",237.9,"Simu1","KET",200,"cliver",0.480382853102384
"2381",238,"Simu1","KET",200,"cliver",0.480012304430501
"2382",238.1,"Simu1","KET",200,"cliver",0.479643955638251
"2383",238.2,"Simu1","KET",200,"cliver",0.479277707884264
"2384",238.3,"Simu1","KET",200,"cliver",0.478913467284881
"2385",238.4,"Simu1","KET",200,"cliver",0.478551144664894
"2386",238.5,"Simu1","KET",200,"cliver",0.478190655320828
"2387",238.6,"Simu1","KET",200,"cliver",0.47783191879615
"2388",238.7,"Simu1","KET",200,"cliver",0.477474858667783
"2389",238.8,"Simu1","KET",200,"cliver",0.47711940234337
"2390",238.9,"Simu1","KET",200,"cliver",0.47676548086874
"2391",239,"Simu1","KET",200,"cliver",0.476413028745061
"2392",239.1,"Simu1","KET",200,"cliver",0.476061983755192
"2393",239.2,"Simu1","KET",200,"cliver",0.475712286798769
"2394",239.3,"Simu1","KET",200,"cliver",0.475363881735595
"2395",239.4,"Simu1","KET",200,"cliver",0.47501671523689
"2396",239.5,"Simu1","KET",200,"cliver",0.474670736644042
"2397",239.6,"Simu1","KET",200,"cliver",0.474325897834448
"2398",239.7,"Simu1","KET",200,"cliver",0.473982153094102
"2399",239.8,"Simu1","KET",200,"cliver",0.473639458996618
"2400",239.9,"Simu1","KET",200,"cliver",0.473297774451505
"2401",240,"Simu1","KET",200,"cliver",0.476536740608683
"2402",240.1,"Simu1","KET",200,"cliver",4.08689607300623
"2403",240.2,"Simu1","KET",200,"cliver",13.8169232472144
"2404",240.3,"Simu1","KET",200,"cliver",24.1953286757396
"2405",240.4,"Simu1","KET",200,"cliver",33.2568144696741
"2406",240.5,"Simu1","KET",200,"cliver",40.5607183669957
"2407",240.6,"Simu1","KET",200,"cliver",46.1668835137238
"2408",240.7,"Simu1","KET",200,"cliver",50.2790123901638
"2409",240.8,"Simu1","KET",200,"cliver",53.1236954684581
"2410",240.9,"Simu1","KET",200,"cliver",54.9120178039079
"2411",241,"Simu1","KET",200,"cliver",55.8296273473698
"2412",241.1,"Simu1","KET",200,"cliver",56.0362464549242
"2413",241.2,"Simu1","KET",200,"cliver",55.6680114767506
"2414",241.3,"Simu1","KET",200,"cliver",54.8404045565204
"2415",241.4,"Simu1","KET",200,"cliver",53.651064114607
"2416",241.5,"Simu1","KET",200,"cliver",52.182285197499
"2417",241.6,"Simu1","KET",200,"cliver",50.5031878770015
"2418",241.7,"Simu1","KET",200,"cliver",48.6715898001295
"2419",241.8,"Simu1","KET",200,"cliver",46.7356159942146
"2420",241.9,"Simu1","KET",200,"cliver",44.7350845928569
"2421",242,"Simu1","KET",200,"cliver",42.7027170213564
"2422",242.1,"Simu1","KET",200,"cliver",40.665174519548
"2423",242.2,"Simu1","KET",200,"cliver",38.6439486915782
"2424",242.3,"Simu1","KET",200,"cliver",36.6561440793008
"2425",242.4,"Simu1","KET",200,"cliver",34.7151549317785
"2426",242.5,"Simu1","KET",200,"cliver",32.8312547896984
"2427",242.6,"Simu1","KET",200,"cliver",31.0120920737283
"2428",242.7,"Simu1","KET",200,"cliver",29.2631163801539
"2429",242.8,"Simu1","KET",200,"cliver",27.5879599416815
"2430",242.9,"Simu1","KET",200,"cliver",25.9887578415189
"2431",243,"Simu1","KET",200,"cliver",24.4664218551362
"2432",243.1,"Simu1","KET",200,"cliver",23.0208723611673
"2433",243.2,"Simu1","KET",200,"cliver",21.6512365874963
"2434",243.3,"Simu1","KET",200,"cliver",20.3560196865102
"2435",243.4,"Simu1","KET",200,"cliver",19.1332403009893
"2436",243.5,"Simu1","KET",200,"cliver",17.9805528628554
"2437",243.6,"Simu1","KET",200,"cliver",16.8953488457035
"2438",243.7,"Simu1","KET",200,"cliver",15.8748361035953
"2439",243.8,"Simu1","KET",200,"cliver",14.9161097753966
"2440",243.9,"Simu1","KET",200,"cliver",14.016202372312
"2441",244,"Simu1","KET",200,"cliver",13.1721301278484
"2442",244.1,"Simu1","KET",200,"cliver",12.3809317230782
"2443",244.2,"Simu1","KET",200,"cliver",11.6396960052927
"2444",244.3,"Simu1","KET",200,"cliver",10.945580733263
"2445",244.4,"Simu1","KET",200,"cliver",10.2958344732658
"2446",244.5,"Simu1","KET",200,"cliver",9.68780703297625
"2447",244.6,"Simu1","KET",200,"cliver",9.11895434736583
"2448",244.7,"Simu1","KET",200,"cliver",8.58684458501863
"2449",244.8,"Simu1","KET",200,"cliver",8.08916365350444
"2450",244.9,"Simu1","KET",200,"cliver",7.62371699913168
"2451",245,"Simu1","KET",200,"cliver",7.18842829446823
"2452",245.1,"Simu1","KET",200,"cliver",6.78133694404506
"2453",245.2,"Simu1","KET",200,"cliver",6.40059548936021
"2454",245.3,"Simu1","KET",200,"cliver",6.04446663598803
"2455",245.4,"Simu1","KET",200,"cliver",5.71131944915018
"2456",245.5,"Simu1","KET",200,"cliver",5.39962484908078
"2457",245.6,"Simu1","KET",200,"cliver",5.10795086263868
"2458",245.7,"Simu1","KET",200,"cliver",4.83495790053639
"2459",245.8,"Simu1","KET",200,"cliver",4.57939397339821
"2460",245.9,"Simu1","KET",200,"cliver",4.34008994430505
"2461",246,"Simu1","KET",200,"cliver",4.11595508078791
"2462",246.1,"Simu1","KET",200,"cliver",3.90597225654105
"2463",246.2,"Simu1","KET",200,"cliver",3.70919328299372
"2464",246.3,"Simu1","KET",200,"cliver",3.52473511219815
"2465",246.4,"Simu1","KET",200,"cliver",3.35177472848777
"2466",246.5,"Simu1","KET",200,"cliver",3.18954551853296
"2467",246.6,"Simu1","KET",200,"cliver",3.03733412819348
"2468",246.7,"Simu1","KET",200,"cliver",2.89447690448958
"2469",246.8,"Simu1","KET",200,"cliver",2.7603561859747
"2470",246.9,"Simu1","KET",200,"cliver",2.63439698876367
"2471",247,"Simu1","KET",200,"cliver",2.51606415428636
"2472",247.1,"Simu1","KET",200,"cliver",2.40485969458399
"2473",247.2,"Simu1","KET",200,"cliver",2.30032018182985
"2474",247.3,"Simu1","KET",200,"cliver",2.2020142442073
"2475",247.4,"Simu1","KET",200,"cliver",2.1095402643912
"2476",247.5,"Simu1","KET",200,"cliver",2.02252428128958
"2477",247.6,"Simu1","KET",200,"cliver",1.94061803765843
"2478",247.7,"Simu1","KET",200,"cliver",1.86349714029888
"2479",247.8,"Simu1","KET",200,"cliver",1.79085933885617
"2480",247.9,"Simu1","KET",200,"cliver",1.72242293413908
"2481",248,"Simu1","KET",200,"cliver",1.65792530909906
"2482",248.1,"Simu1","KET",200,"cliver",1.59712156573755
"2483",248.2,"Simu1","KET",200,"cliver",1.53978325652517
"2484",248.3,"Simu1","KET",200,"cliver",1.48569720648979
"2485",248.4,"Simu1","KET",200,"cliver",1.43466442301652
"2486",248.5,"Simu1","KET",200,"cliver",1.38649908729867
"2487",248.6,"Simu1","KET",200,"cliver",1.34102761998966
"2488",248.7,"Simu1","KET",200,"cliver",1.29808781496897
"2489",248.8,"Simu1","KET",200,"cliver",1.25752803678893
"2490",248.9,"Simu1","KET",200,"cliver",1.2192064777345
"2491",249,"Simu1","KET",200,"cliver",1.18299047008578
"2492",249.1,"Simu1","KET",200,"cliver",1.14875584917084
"2493",249.2,"Simu1","KET",200,"cliver",1.11638636328425
"2494",249.3,"Simu1","KET",200,"cliver",1.08577312705465
"2495",249.4,"Simu1","KET",200,"cliver",1.05681411509552
"2496",249.5,"Simu1","KET",200,"cliver",1.02941369288804
"2497",249.6,"Simu1","KET",200,"cliver",1.00348218201345
"2498",249.7,"Simu1","KET",200,"cliver",0.978935457114858
"2499",249.8,"Simu1","KET",200,"cliver",0.955694572186394
"2500",249.9,"Simu1","KET",200,"cliver",0.933685413976846
"2501",250,"Simu1","KET",200,"cliver",0.912838380451697
"2502",250.1,"Simu1","KET",200,"cliver",0.893088082396805
"2503",250.2,"Simu1","KET",200,"cliver",0.874373066398995
"2504",250.3,"Simu1","KET",200,"cliver",0.856635557583553
"2505",250.4,"Simu1","KET",200,"cliver",0.839821220616174
"2506",250.5,"Simu1","KET",200,"cliver",0.823878937588803
"2507",250.6,"Simu1","KET",200,"cliver",0.808760601513638
"2508",250.7,"Simu1","KET",200,"cliver",0.794420924249688
"2509",250.8,"Simu1","KET",200,"cliver",0.780817257779635
"2510",250.9,"Simu1","KET",200,"cliver",0.767909427839777
"2511",251,"Simu1","KET",200,"cliver",0.75565957898275
"2512",251.1,"Simu1","KET",200,"cliver",0.744032030224206
"2513",251.2,"Simu1","KET",200,"cliver",0.732993140490967
"2514",251.3,"Simu1","KET",200,"cliver",0.722511183149472
"2515",251.4,"Simu1","KET",200,"cliver",0.712556228949624
"2516",251.5,"Simu1","KET",200,"cliver",0.703100036770562
"2517",251.6,"Simu1","KET",200,"cliver",0.694115951602224
"2518",251.7,"Simu1","KET",200,"cliver",0.685578809241258
"2519",251.8,"Simu1","KET",200,"cliver",0.677464847218693
"2520",251.9,"Simu1","KET",200,"cliver",0.669751621514553
"2521",252,"Simu1","KET",200,"cliver",0.662417928649325
"2522",252.1,"Simu1","KET",200,"cliver",0.655443732772938
"2523",252.2,"Simu1","KET",200,"cliver",0.648810097400643
"2524",252.3,"Simu1","KET",200,"cliver",0.642499121471788
"2525",252.4,"Simu1","KET",200,"cliver",0.636493879432174
"2526",252.5,"Simu1","KET",200,"cliver",0.630778365063103
"2527",252.6,"Simu1","KET",200,"cliver",0.625337438800914
"2528",252.7,"Simu1","KET",200,"cliver",0.620156778309776
"2529",252.8,"Simu1","KET",200,"cliver",0.615222832088128
"2530",252.9,"Simu1","KET",200,"cliver",0.610522775905325
"2531",253,"Simu1","KET",200,"cliver",0.606044471879966
"2532",253.1,"Simu1","KET",200,"cliver",0.60177643002508
"2533",253.2,"Simu1","KET",200,"cliver",0.597707772097991
"2534",253.3,"Simu1","KET",200,"cliver",0.593828197604357
"2535",253.4,"Simu1","KET",200,"cliver",0.590127951816654
"2536",253.5,"Simu1","KET",200,"cliver",0.586597795677311
"2537",253.6,"Simu1","KET",200,"cliver",0.583228977465809
"2538",253.7,"Simu1","KET",200,"cliver",0.580013206117672
"2539",253.8,"Simu1","KET",200,"cliver",0.576942626090876
"2540",253.9,"Simu1","KET",200,"cliver",0.574009793682586
"2541",254,"Simu1","KET",200,"cliver",0.571207654705789
"2542",254.1,"Simu1","KET",200,"cliver",0.568529523441575
"2543",254.2,"Simu1","KET",200,"cliver",0.565969062788486
"2544",254.3,"Simu1","KET",200,"cliver",0.563520265535672
"2545",254.4,"Simu1","KET",200,"cliver",0.561177436691524
"2546",254.5,"Simu1","KET",200,"cliver",0.558935176803955
"2547",254.6,"Simu1","KET",200,"cliver",0.556788366212774
"2548",254.7,"Simu1","KET",200,"cliver",0.554732150178425
"2549",254.8,"Simu1","KET",200,"cliver",0.552761924835065
"2550",254.9,"Simu1","KET",200,"cliver",0.550873323919268
"2551",255,"Simu1","KET",200,"cliver",0.549062206228814
"2552",255.1,"Simu1","KET",200,"cliver",0.547324643768884
"2553",255.2,"Simu1","KET",200,"cliver",0.545656910545743
"2554",255.3,"Simu1","KET",200,"cliver",0.544055471970435
"2555",255.4,"Simu1","KET",200,"cliver",0.542516974837442
"2556",255.5,"Simu1","KET",200,"cliver",0.541038237845356
"2557",255.6,"Simu1","KET",200,"cliver",0.539616242628708
"2558",255.7,"Simu1","KET",200,"cliver",0.538248125271968
"2559",255.8,"Simu1","KET",200,"cliver",0.536931168278489
"2560",255.9,"Simu1","KET",200,"cliver",0.535662792968828
"2561",256,"Simu1","KET",200,"cliver",0.534440552284428
"2562",256.1,"Simu1","KET",200,"cliver",0.533262123974064
"2563",256.2,"Simu1","KET",200,"cliver",0.532125304141806
"2564",256.3,"Simu1","KET",200,"cliver",0.531028001136526
"2565",256.4,"Simu1","KET",200,"cliver",0.529968229764124
"2566",256.5,"Simu1","KET",200,"cliver",0.528944105804766
"2567",256.6,"Simu1","KET",200,"cliver",0.527953840818469
"2568",256.7,"Simu1","KET",200,"cliver",0.52699573722331
"2569",256.8,"Simu1","KET",200,"cliver",0.526068183631451
"2570",256.9,"Simu1","KET",200,"cliver",0.525169650429028
"2571",257,"Simu1","KET",200,"cliver",0.524298685586748
"2572",257.1,"Simu1","KET",200,"cliver",0.523453910688758
"2573",257.2,"Simu1","KET",200,"cliver",0.52263401716811
"2574",257.3,"Simu1","KET",200,"cliver",0.52183776273773
"2575",257.4,"Simu1","KET",200,"cliver",0.521063968006489
"2576",257.5,"Simu1","KET",200,"cliver",0.520311513270503
"2577",257.6,"Simu1","KET",200,"cliver",0.519579335470369
"2578",257.7,"Simu1","KET",200,"cliver",0.518866425305554
"2579",257.8,"Simu1","KET",200,"cliver",0.518171824497605
"2580",257.9,"Simu1","KET",200,"cliver",0.517494623194373
"2581",258,"Simu1","KET",200,"cliver",0.51683395750779
"2582",258.1,"Simu1","KET",200,"cliver",0.516189007178217
"2583",258.2,"Simu1","KET",200,"cliver",0.515558993358715
"2584",258.3,"Simu1","KET",200,"cliver",0.514943176512965
"2585",258.4,"Simu1","KET",200,"cliver",0.514340854420913
"2586",258.5,"Simu1","KET",200,"cliver",0.513751360286508
"2587",258.6,"Simu1","KET",200,"cliver",0.513174060942238
"2588",258.7,"Simu1","KET",200,"cliver",0.512608355145422
"2589",258.8,"Simu1","KET",200,"cliver",0.512053671961503
"2590",258.9,"Simu1","KET",200,"cliver",0.511509469229835
"2591",259,"Simu1","KET",200,"cliver",0.510975232107693
"2592",259.1,"Simu1","KET",200,"cliver",0.510450471688469
"2593",259.2,"Simu1","KET",200,"cliver",0.509934723690225
"2594",259.3,"Simu1","KET",200,"cliver",0.509427547210977
"2595",259.4,"Simu1","KET",200,"cliver",0.508928523547275
"2596",259.5,"Simu1","KET",200,"cliver",0.508437255072822
"2597",259.6,"Simu1","KET",200,"cliver",0.507953364174058
"2598",259.7,"Simu1","KET",200,"cliver",0.507476492239773
"2599",259.8,"Simu1","KET",200,"cliver",0.50700629870199
"2600",259.9,"Simu1","KET",200,"cliver",0.506542460125491
"2601",260,"Simu1","KET",200,"cliver",0.50608466934349
"2602",260.1,"Simu1","KET",200,"cliver",0.505632634637102
"2603",260.2,"Simu1","KET",200,"cliver",0.505186078956373
"2604",260.3,"Simu1","KET",200,"cliver",0.504744739180739
"2605",260.4,"Simu1","KET",200,"cliver",0.504308365416916
"2606",260.5,"Simu1","KET",200,"cliver",0.5038767203323
"2607",260.6,"Simu1","KET",200,"cliver",0.503449578522084
"2608",260.7,"Simu1","KET",200,"cliver",0.503026725908366
"2609",260.8,"Simu1","KET",200,"cliver",0.502607959169618
"2610",260.9,"Simu1","KET",200,"cliver",0.502193085198986
"2611",261,"Simu1","KET",200,"cliver",0.501781920589943
"2612",261.1,"Simu1","KET",200,"cliver",0.501374291147912
"2613",261.2,"Simu1","KET",200,"cliver",0.500970031426546
"2614",261.3,"Simu1","KET",200,"cliver",0.500568984287398
"2615",261.4,"Simu1","KET",200,"cliver",0.500171000481823
"2616",261.5,"Simu1","KET",200,"cliver",0.499775938253952
"2617",261.6,"Simu1","KET",200,"cliver",0.499383662963696
"2618",261.7,"Simu1","KET",200,"cliver",0.498994046728762
"2619",261.8,"Simu1","KET",200,"cliver",0.4986069680847
"2620",261.9,"Simu1","KET",200,"cliver",0.498222311662098
"2621",262,"Simu1","KET",200,"cliver",0.497839967880033
"2622",262.1,"Simu1","KET",200,"cliver",0.497459832654969
"2623",262.2,"Simu1","KET",200,"cliver",0.497081807124324
"2624",262.3,"Simu1","KET",200,"cliver",0.496705797383943
"2625",262.4,"Simu1","KET",200,"cliver",0.496331714238812
"2626",262.5,"Simu1","KET",200,"cliver",0.495959472966306
"2627",262.6,"Simu1","KET",200,"cliver",0.495588993091364
"2628",262.7,"Simu1","KET",200,"cliver",0.49522019817298
"2629",262.8,"Simu1","KET",200,"cliver",0.494853015601434
"2630",262.9,"Simu1","KET",200,"cliver",0.494487376405735
"2631",263,"Simu1","KET",200,"cliver",0.494123215070749
"2632",263.1,"Simu1","KET",200,"cliver",0.493760469363522
"2633",263.2,"Simu1","KET",200,"cliver",0.493399080168352
"2634",263.3,"Simu1","KET",200,"cliver",0.493038991330146
"2635",263.4,"Simu1","KET",200,"cliver",0.492680149505662
"2636",263.5,"Simu1","KET",200,"cliver",0.492322504022231
"2637",263.6,"Simu1","KET",200,"cliver",0.491966006743578
"2638",263.7,"Simu1","KET",200,"cliver",0.491610611942401
"2639",263.8,"Simu1","KET",200,"cliver",0.491256276179347
"2640",263.9,"Simu1","KET",200,"cliver",0.49090296454563
"2641",264,"Simu1","KET",200,"cliver",0.494130283738072
"2642",264.1,"Simu1","KET",200,"cliver",4.10448132688506
"2643",264.2,"Simu1","KET",200,"cliver",13.8345056210199
"2644",264.3,"Simu1","KET",200,"cliver",24.2129274881947
"2645",264.4,"Simu1","KET",200,"cliver",33.2744584375134
"2646",264.5,"Simu1","KET",200,"cliver",40.5784274038102
"2647",264.6,"Simu1","KET",200,"cliver",46.1846704131074
"2648",264.7,"Simu1","KET",200,"cliver",50.2968835842611
"2649",264.8,"Simu1","KET",200,"cliver",53.1416528900774
"2650",264.9,"Simu1","KET",200,"cliver",54.9300592880566
"2651",265,"Simu1","KET",200,"cliver",55.8477459633886
"2652",265.1,"Simu1","KET",200,"cliver",56.0544390203612
"2653",265.2,"Simu1","KET",200,"cliver",55.6862570816597
"2654",265.3,"Simu1","KET",200,"cliver",54.858689343954
"2655",265.4,"Simu1","KET",200,"cliver",53.6693907673206
"2656",265.5,"Simu1","KET",200,"cliver",52.2006909301468
"2657",265.6,"Simu1","KET",200,"cliver",50.5215949981843
"2658",265.7,"Simu1","KET",200,"cliver",48.6899912664314
"2659",265.8,"Simu1","KET",200,"cliver",46.7540365205149
"2660",265.9,"Simu1","KET",200,"cliver",44.7535130753036
"2661",266,"Simu1","KET",200,"cliver",42.7211567270668
"2662",266.1,"Simu1","KET",200,"cliver",40.6835985497805
"2663",266.2,"Simu1","KET",200,"cliver",38.6623693788872
"2664",266.3,"Simu1","KET",200,"cliver",36.6745474103315
"2665",266.4,"Simu1","KET",200,"cliver",34.7335329657496
"2666",266.5,"Simu1","KET",200,"cliver",32.8496527854711
"2667",266.6,"Simu1","KET",200,"cliver",31.0304901682865
"2668",266.7,"Simu1","KET",200,"cliver",29.2814893643439
"2669",266.8,"Simu1","KET",200,"cliver",27.6063043630622
"2670",266.9,"Simu1","KET",200,"cliver",26.0070697738687
"2671",267,"Simu1","KET",200,"cliver",24.4846870612173
"2672",267.1,"Simu1","KET",200,"cliver",23.0390871265972
"2673",267.2,"Simu1","KET",200,"cliver",21.6694066673848
"2674",267.3,"Simu1","KET",200,"cliver",20.3741434060801
"2675",267.4,"Simu1","KET",200,"cliver",19.1513136318717
"2676",267.5,"Simu1","KET",200,"cliver",17.9985761316987
"2677",267.6,"Simu1","KET",200,"cliver",16.9133243402614
"2678",267.7,"Simu1","KET",200,"cliver",15.8927656726686
"2679",267.8,"Simu1","KET",200,"cliver",14.9339920668959
"2680",267.9,"Simu1","KET",200,"cliver",14.0340365669122
"2681",268,"Simu1","KET",200,"cliver",13.189918466818
"2682",268.1,"Simu1","KET",200,"cliver",12.3986776396112
"2683",268.2,"Simu1","KET",200,"cliver",11.6574022170588
"2684",268.3,"Simu1","KET",200,"cliver",10.9632510757906
"2685",268.4,"Simu1","KET",200,"cliver",10.3134711520372
"2686",268.5,"Simu1","KET",200,"cliver",9.70540953714811
"2687",268.6,"Simu1","KET",200,"cliver",9.13652182029668
"2688",268.7,"Simu1","KET",200,"cliver",8.60437754240851
"2689",268.8,"Simu1","KET",200,"cliver",8.10666356042839
"2690",268.9,"Simu1","KET",200,"cliver",7.64118509401069
"2691",269,"Simu1","KET",200,"cliver",7.20586522566152
"2692",269.1,"Simu1","KET",200,"cliver",6.79874324384996
"2693",269.2,"Simu1","KET",200,"cliver",6.4179719406618
"2694",269.3,"Simu1","KET",200,"cliver",6.06181420637215
"2695",269.4,"Simu1","KET",200,"cliver",5.72863902611655
"2696",269.5,"Simu1","KET",200,"cliver",5.41691716511322
"2697",269.6,"Simu1","KET",200,"cliver",5.12521659461733
"2698",269.7,"Simu1","KET",200,"cliver",4.85219775516958
"2699",269.8,"Simu1","KET",200,"cliver",4.59660874947827
"2700",269.9,"Simu1","KET",200,"cliver",4.35728055259075
"2701",270,"Simu1","KET",200,"cliver",4.13312229631997
"2702",270.1,"Simu1","KET",200,"cliver",3.92311666093991
"2703",270.2,"Simu1","KET",200,"cliver",3.72631540066449
"2704",270.3,"Simu1","KET",200,"cliver",3.54183502876612
"2705",270.4,"Simu1","KET",200,"cliver",3.3688526825476
"2706",270.5,"Simu1","KET",200,"cliver",3.20660217917392
"2707",270.6,"Simu1","KET",200,"cliver",3.05437026668356
"2708",270.7,"Simu1","KET",200,"cliver",2.91149307182623
"2709",270.8,"Simu1","KET",200,"cliver",2.77735274496499
"2710",270.9,"Simu1","KET",200,"cliver",2.6513743000746
"2711",271,"Simu1","KET",200,"cliver",2.53302264532036
"2712",271.1,"Simu1","KET",200,"cliver",2.42179979800254
"2713",271.2,"Simu1","KET",200,"cliver",2.31724227692074
"2714",271.3,"Simu1","KET",200,"cliver",2.21891866477233
"2715",271.4,"Simu1","KET",200,"cliver",2.12642733306892
"2716",271.5,"Simu1","KET",200,"cliver",2.03939432089382
"2717",271.6,"Simu1","KET",200,"cliver",1.95747135939472
"2718",271.7,"Simu1","KET",200,"cliver",1.88033403375621
"2719",271.8,"Simu1","KET",200,"cliver",1.80768007454175
"2720",271.9,"Simu1","KET",200,"cliver",1.73922777043177
"2721",272,"Simu1","KET",200,"cliver",1.67471449464216
"2722",272.1,"Simu1","KET",200,"cliver",1.61389533763065
"2723",272.2,"Simu1","KET",200,"cliver",1.55654183902676
"2724",272.3,"Simu1","KET",200,"cliver",1.50244081204532
"2725",272.4,"Simu1","KET",200,"cliver",1.45139325398376
"2726",272.5,"Simu1","KET",200,"cliver",1.40321333675555
"2727",272.6,"Simu1","KET",200,"cliver",1.35772747176843
"2728",272.7,"Simu1","KET",200,"cliver",1.31477344380156
"2729",272.8,"Simu1","KET",200,"cliver",1.27419960886658
"2730",272.9,"Simu1","KET",200,"cliver",1.2358641513616
"2731",273,"Simu1","KET",200,"cliver",1.19963439613737
"2732",273.1,"Simu1","KET",200,"cliver",1.1653861713942
"2733",273.2,"Simu1","KET",200,"cliver",1.13300321861081
"2734",273.3,"Simu1","KET",200,"cliver",1.10237664596913
"2735",273.4,"Simu1","KET",200,"cliver",1.07340442201792
"2736",273.5,"Simu1","KET",200,"cliver",1.04599090649785
"2737",273.6,"Simu1","KET",200,"cliver",1.02004641553107
"2738",273.7,"Simu1","KET",200,"cliver",0.995486818568447
"2739",273.8,"Simu1","KET",200,"cliver",0.972233164680151
"2740",273.9,"Simu1","KET",200,"cliver",0.950211335953747
"2741",274,"Simu1","KET",200,"cliver",0.929351725936441
"2742",274.1,"Simu1","KET",200,"cliver",0.90958894121879
"2743",274.2,"Simu1","KET",200,"cliver",0.89086152440297
"2744",274.3,"Simu1","KET",200,"cliver",0.873111696832093
"2745",274.4,"Simu1","KET",200,"cliver",0.856285119582769
"2746",274.5,"Simu1","KET",200,"cliver",0.840330671339419
"2747",274.6,"Simu1","KET",200,"cliver",0.825200241877203
"2748",274.7,"Simu1","KET",200,"cliver",0.810848539979478
"2749",274.8,"Simu1","KET",200,"cliver",0.797232914706647
"2750",274.9,"Simu1","KET",200,"cliver",0.784313189018235
"2751",275,"Simu1","KET",200,"cliver",0.772051504827638
"2752",275.1,"Simu1","KET",200,"cliver",0.760412178641264
"2753",275.2,"Simu1","KET",200,"cliver",0.749361566999859
"2754",275.3,"Simu1","KET",200,"cliver",0.738867941000287
"2755",275.4,"Simu1","KET",200,"cliver",0.728901369234212
"2756",275.5,"Simu1","KET",200,"cliver",0.719433608527633
"2757",275.6,"Simu1","KET",200,"cliver",0.710438001916852
"2758",275.7,"Simu1","KET",200,"cliver",0.701889383338928
"2759",275.8,"Simu1","KET",200,"cliver",0.693763988554616
"2760",275.9,"Simu1","KET",200,"cliver",0.686039371858848
"2761",276,"Simu1","KET",200,"cliver",0.678694328167895
"2762",276.1,"Simu1","KET",200,"cliver",0.671708820104067
"2763",276.2,"Simu1","KET",200,"cliver",0.665063909727654
"2764",276.3,"Simu1","KET",200,"cliver",0.658741694592085
"2765",276.4,"Simu1","KET",200,"cliver",0.652725247822919
"2766",276.5,"Simu1","KET",200,"cliver",0.646998561943632
"2767",276.6,"Simu1","KET",200,"cliver",0.641546496192015
"2768",276.7,"Simu1","KET",200,"cliver",0.636354727090047
"2769",276.8,"Simu1","KET",200,"cliver",0.631409702047559
"2770",276.9,"Simu1","KET",200,"cliver",0.62669859579629
"2771",277,"Simu1","KET",200,"cliver",0.62220926946572
"2772",277.1,"Simu1","KET",200,"cliver",0.617930232125888
"2773",277.2,"Simu1","KET",200,"cliver",0.613850604635032
"2774",277.3,"Simu1","KET",200,"cliver",0.609960085641471
"2775",277.4,"Simu1","KET",200,"cliver",0.606248919600176
"2776",277.5,"Simu1","KET",200,"cliver",0.602707866673942
"2777",277.6,"Simu1","KET",200,"cliver",0.599328174398676
"2778",277.7,"Simu1","KET",200,"cliver",0.59610155100064
"2779",277.8,"Simu1","KET",200,"cliver",0.593020140261231
"2780",277.9,"Simu1","KET",200,"cliver",0.590076497832206
"2781",278,"Simu1","KET",200,"cliver",0.587263568910849
"2782",278.1,"Simu1","KET",200,"cliver",0.584574667190821
"2783",278.2,"Simu1","KET",200,"cliver",0.582003455010184
"2784",278.3,"Simu1","KET",200,"cliver",0.579543924623286
"2785",278.4,"Simu1","KET",200,"cliver",0.577190380528197
"2786",278.5,"Simu1","KET",200,"cliver",0.57493742278585
"2787",278.6,"Simu1","KET",200,"cliver",0.572779931271308
"2788",278.7,"Simu1","KET",200,"cliver",0.57071305080148
"2789",278.8,"Simu1","KET",200,"cliver",0.568732177087199
"2790",278.9,"Simu1","KET",200,"cliver",0.566832943460999
"2791",279,"Simu1","KET",200,"cliver",0.565011208334998
"2792",279.1,"Simu1","KET",200,"cliver",0.563263043346245
"2793",279.2,"Simu1","KET",200,"cliver",0.561584722149588
"2794",279.3,"Simu1","KET",200,"cliver",0.559972709820597
"2795",279.4,"Simu1","KET",200,"cliver",0.558423652833488
"2796",279.5,"Simu1","KET",200,"cliver",0.556934369581095
"2797",279.6,"Simu1","KET",200,"cliver",0.555501841406022
"2798",279.7,"Simu1","KET",200,"cliver",0.554123204114007
"2799",279.8,"Simu1","KET",200,"cliver",0.552795739942254
"2800",279.9,"Simu1","KET",200,"cliver",0.551516869957187
"2801",280,"Simu1","KET",200,"cliver",0.55028414685757
"2802",280.1,"Simu1","KET",200,"cliver",0.549095248160424
"2803",280.2,"Simu1","KET",200,"cliver",0.5479479697485
"2804",280.3,"Simu1","KET",200,"cliver",0.546840219759292
"2805",280.4,"Simu1","KET",200,"cliver",0.545770012796812
"2806",280.5,"Simu1","KET",200,"cliver",0.544735464448397
"2807",280.6,"Simu1","KET",200,"cliver",0.543734786089872
"2808",280.7,"Simu1","KET",200,"cliver",0.542766279963365
"2809",280.8,"Simu1","KET",200,"cliver",0.541828334512953
"2810",280.9,"Simu1","KET",200,"cliver",0.540919419964192
"2811",281,"Simu1","KET",200,"cliver",0.540038084134366
"2812",281.1,"Simu1","KET",200,"cliver",0.539182948461035
"2813",281.2,"Simu1","KET",200,"cliver",0.538352704237178
"2814",281.3,"Simu1","KET",200,"cliver",0.537546109041867
"2815",281.4,"Simu1","KET",200,"cliver",0.536761983356056
"2816",281.5,"Simu1","KET",200,"cliver",0.535999207353605
"2817",281.6,"Simu1","KET",200,"cliver",0.535256717858258
"2818",281.7,"Simu1","KET",200,"cliver",0.534533505457782
"2819",281.8,"Simu1","KET",200,"cliver",0.533828611766945
"2820",281.9,"Simu1","KET",200,"cliver",0.533141126831507
"2821",282,"Simu1","KET",200,"cliver",0.532470186665792
"2822",282.1,"Simu1","KET",200,"cliver",0.531814970916824
"2823",282.2,"Simu1","KET",200,"cliver",0.531174700648401
"2824",282.3,"Simu1","KET",200,"cliver",0.530548636238833
"2825",282.4,"Simu1","KET",200,"cliver",0.529936075386405
"2826",282.5,"Simu1","KET",200,"cliver",0.529336351216944
"2827",282.6,"Simu1","KET",200,"cliver",0.528748830488196
"2828",282.7,"Simu1","KET",200,"cliver",0.528172911885962
"2829",282.8,"Simu1","KET",200,"cliver",0.527608024407239
"2830",282.9,"Simu1","KET",200,"cliver",0.52705362582587
"2831",283,"Simu1","KET",200,"cliver",0.52650920123642
"2832",283.1,"Simu1","KET",200,"cliver",0.525974261672238
"2833",283.2,"Simu1","KET",200,"cliver",0.525448342793895
"2834",283.3,"Simu1","KET",200,"cliver",0.524931003644342
"2835",283.4,"Simu1","KET",200,"cliver",0.524421825467386
"2836",283.5,"Simu1","KET",200,"cliver",0.5239204105862
"2837",283.6,"Simu1","KET",200,"cliver",0.5234263813388
"2838",283.7,"Simu1","KET",200,"cliver",0.522939379067571
"2839",283.8,"Simu1","KET",200,"cliver",0.522459063160048
"2840",283.9,"Simu1","KET",200,"cliver",0.521985110138358
"2841",284,"Simu1","KET",200,"cliver",0.521517212794809
"2842",284.1,"Simu1","KET",200,"cliver",0.521055079371278
"2843",284.2,"Simu1","KET",200,"cliver",0.520598432780161
"2844",284.3,"Simu1","KET",200,"cliver",0.520147009864765
"2845",284.4,"Simu1","KET",200,"cliver",0.519700560697121
"2846",284.5,"Simu1","KET",200,"cliver",0.519258847911324
"2847",284.6,"Simu1","KET",200,"cliver",0.518821646070581
"2848",284.7,"Simu1","KET",200,"cliver",0.518388741066261
"2849",284.8,"Simu1","KET",200,"cliver",0.517959929547305
"2850",284.9,"Simu1","KET",200,"cliver",0.517535018378473
"2851",285,"Simu1","KET",200,"cliver",0.517113824125941
"2852",285.1,"Simu1","KET",200,"cliver",0.516696172568875
"2853",285.2,"Simu1","KET",200,"cliver",0.516281898235662
"2854",285.3,"Simu1","KET",200,"cliver",0.515870843963539
"2855",285.4,"Simu1","KET",200,"cliver",0.515462860480444
"2856",285.5,"Simu1","KET",200,"cliver",0.515057806007954
"2857",285.6,"Simu1","KET",200,"cliver",0.514655545884247
"2858",285.7,"Simu1","KET",200,"cliver",0.514255952206079
"2859",285.8,"Simu1","KET",200,"cliver",0.513858903488796
"2860",285.9,"Simu1","KET",200,"cliver",0.513464284343497
"2861",286,"Simu1","KET",200,"cliver",0.513071985170446
"2862",286.1,"Simu1","KET",200,"cliver",0.512681901867948
"2863",286.2,"Simu1","KET",200,"cliver",0.512293935555872
"2864",286.3,"Simu1","KET",200,"cliver",0.51190799231311
"2865",286.4,"Simu1","KET",200,"cliver",0.511523982928256
"2866",286.5,"Simu1","KET",200,"cliver",0.511141822662829
"2867",286.6,"Simu1","KET",200,"cliver",0.510761431026423
"2868",286.7,"Simu1","KET",200,"cliver",0.510382731563176
"2869",286.8,"Simu1","KET",200,"cliver",0.510005651648976
"2870",286.9,"Simu1","KET",200,"cliver",0.509630122298887
"2871",287,"Simu1","KET",200,"cliver",0.509256077984249
"2872",287.1,"Simu1","KET",200,"cliver",0.50888345645899
"2873",287.2,"Simu1","KET",200,"cliver",0.508512198594672
"2874",287.3,"Simu1","KET",200,"cliver",0.508142248223835
"2875",287.4,"Simu1","KET",200,"cliver",0.50777355199122
"2876",287.5,"Simu1","KET",200,"cliver",0.507406059212474
"2877",287.6,"Simu1","KET",200,"cliver",0.50703972173996
"2878",287.7,"Simu1","KET",200,"cliver",0.506674493835316
"2879",287.8,"Simu1","KET",200,"cliver",0.506310332050175
"2880",287.9,"Simu1","KET",200,"cliver",0.505947195376223
"2881",288,"Simu1","KET",200,"cliver",0.509164719804702
"2882",288.1,"Simu1","KET",200,"cliver",4.11950848160874
"2883",288.2,"Simu1","KET",200,"cliver",13.849546993392
"2884",288.3,"Simu1","KET",200,"cliver",24.2280095976538
"2885",288.4,"Simu1","KET",200,"cliver",33.289602051183
"2886",288.5,"Simu1","KET",200,"cliver",40.5936459923363
"2887",288.6,"Simu1","KET",200,"cliver",46.199971044247
"2888",288.7,"Simu1","KET",200,"cliver",50.3122682257569
"2889",288.8,"Simu1","KET",200,"cliver",53.1571199654871
"2890",288.9,"Simu1","KET",200,"cliver",54.9456045310198
"2891",289,"Simu1","KET",200,"cliver",55.8633655121907
"2892",289.1,"Simu1","KET",200,"cliver",56.0701219077943
"2893",289.2,"Simu1","KET",200,"cliver",55.7020081520465
"2894",289.3,"Simu1","KET",200,"cliver",54.8745052137333
"2895",289.4,"Simu1","KET",200,"cliver",53.6852511425081
"2896",289.5,"Simu1","KET",200,"cliver",52.2165409806472
"2897",289.6,"Simu1","KET",200,"cliver",50.5374953476147
"2898",289.7,"Simu1","KET",200,"cliver",48.705932823634
"2899",289.8,"Simu1","KET",200,"cliver",46.7699784070166
"2900",289.9,"Simu1","KET",200,"cliver",44.769453068151
"2901",290,"Simu1","KET",200,"cliver",42.737079850403
"2902",290.1,"Simu1","KET",200,"cliver",40.6995189248562
"2903",290.2,"Simu1","KET",200,"cliver",38.6782632838303
"2904",290.3,"Simu1","KET",200,"cliver",36.6904163540863
"2905",290.4,"Simu1","KET",200,"cliver",34.7493787329459
"2906",290.5,"Simu1","KET",200,"cliver",32.8654255432407
"2907",290.6,"Simu1","KET",200,"cliver",31.0462028053513
"2908",290.7,"Simu1","KET",200,"cliver",29.2971615195225
"2909",290.8,"Simu1","KET",200,"cliver",27.6219347909599
"2910",290.9,"Simu1","KET",200,"cliver",26.0226592259686
"2911",291,"Simu1","KET",200,"cliver",24.5002472268166
"2912",291.1,"Simu1","KET",200,"cliver",23.0546194311278
"2913",291.2,"Simu1","KET",200,"cliver",21.6849035974125
"2914",291.3,"Simu1","KET",200,"cliver",20.3896032478437
"2915",291.4,"Simu1","KET",200,"cliver",19.1667386863594
"2916",291.5,"Simu1","KET",200,"cliver",18.0139666058232
"2917",291.6,"Simu1","KET",200,"cliver",16.9286789303357
"2918",291.7,"Simu1","KET",200,"cliver",15.9080843757902
"2919",291.8,"Simu1","KET",200,"cliver",14.9492761345233
"2920",291.9,"Simu1","KET",200,"cliver",14.0492875028398
"2921",292,"Simu1","KET",200,"cliver",13.2051368545049
"2922",292.1,"Simu1","KET",200,"cliver",12.4138634327549
"2923",292.2,"Simu1","KET",200,"cliver",11.6725555654398
"2924",292.3,"Simu1","KET",200,"cliver",10.978372605901
"2925",292.4,"Simu1","KET",200,"cliver",10.3285615395283
"2926",292.5,"Simu1","KET",200,"cliver",9.72046936708211
"2927",292.6,"Simu1","KET",200,"cliver",9.1515516702011
"2928",292.7,"Simu1","KET",200,"cliver",8.61937813207444
"2929",292.8,"Simu1","KET",200,"cliver",8.12163562483693
"2930",292.9,"Simu1","KET",200,"cliver",7.65612935126953
"2931",293,"Simu1","KET",200,"cliver",7.22078240626189
"2932",293.1,"Simu1","KET",200,"cliver",6.81363407001098
"2933",293.2,"Simu1","KET",200,"cliver",6.43283712060039
"2934",293.3,"Simu1","KET",200,"cliver",6.07665441455399
"2935",293.4,"Simu1","KET",200,"cliver",5.74345493171997
"2936",293.5,"Simu1","KET",200,"cliver",5.43170943792245
"2937",293.6,"Simu1","KET",200,"cliver",5.13998589281397
"2938",293.7,"Simu1","KET",200,"cliver",4.86694471174241
"2939",293.8,"Simu1","KET",200,"cliver",4.61133397065545
"2940",293.9,"Simu1","KET",200,"cliver",4.37198462295277
"2941",294,"Simu1","KET",200,"cliver",4.14780578098766
"2942",294.1,"Simu1","KET",200,"cliver",3.9377801034762
"2943",294.2,"Simu1","KET",200,"cliver",3.74095932100645
"2944",294.3,"Simu1","KET",200,"cliver",3.55645992365997
"2945",294.4,"Simu1","KET",200,"cliver",3.38345902735259
"2946",294.5,"Simu1","KET",200,"cliver",3.2211904287305
"2947",294.6,"Simu1","KET",200,"cliver",3.06894085534173
"2948",294.7,"Simu1","KET",200,"cliver",2.92604641363265
"2949",294.8,"Simu1","KET",200,"cliver",2.791889234431
"2950",294.9,"Simu1","KET",200,"cliver",2.66589431314154
"2951",295,"Simu1","KET",200,"cliver",2.54752654012869
"2952",295.1,"Simu1","KET",200,"cliver",2.4362879154937
"2953",295.2,"Simu1","KET",200,"cliver",2.33171494148577
"2954",295.3,"Simu1","KET",200,"cliver",2.23337618506418
"2955",295.4,"Simu1","KET",200,"cliver",2.14087000266363
"2956",295.5,"Simu1","KET",200,"cliver",2.0538224189656
"2957",295.6,"Simu1","KET",200,"cliver",1.97188515139679
"2958",295.7,"Simu1","KET",200,"cliver",1.89473377210202
"2959",295.8,"Simu1","KET",200,"cliver",1.82206599925184
"2960",295.9,"Simu1","KET",200,"cliver",1.75360010973982
"2961",296,"Simu1","KET",200,"cliver",1.68907346557548
"2962",296.1,"Simu1","KET",200,"cliver",1.62824114657485
"2963",296.2,"Simu1","KET",200,"cliver",1.57087468226117
"2964",296.3,"Simu1","KET",200,"cliver",1.51676087625487
"2965",296.4,"Simu1","KET",200,"cliver",1.4657007167888
"2966",296.5,"Simu1","KET",200,"cliver",1.41750836717037
"2967",296.6,"Simu1","KET",200,"cliver",1.37201023063382
"2968",296.7,"Simu1","KET",200,"cliver",1.32904408420401
"2969",296.8,"Simu1","KET",200,"cliver",1.28845827654582
"2970",296.9,"Simu1","KET",200,"cliver",1.25011098509742
"2971",297,"Simu1","KET",200,"cliver",1.2138695281117
"2972",297.1,"Simu1","KET",200,"cliver",1.17960972753246
"2973",297.2,"Simu1","KET",200,"cliver",1.14721531890714
"2974",297.3,"Simu1","KET",200,"cliver",1.11657740480059
"2975",297.4,"Simu1","KET",200,"cliver",1.08759394842935
"2976",297.5,"Simu1","KET",200,"cliver",1.06016930447607
"2977",297.6,"Simu1","KET",200,"cliver",1.03421378426808
"2978",297.7,"Simu1","KET",200,"cliver",1.00964325271145
"2979",297.8,"Simu1","KET",200,"cliver",0.986378754565685
"2980",297.9,"Simu1","KET",200,"cliver",0.964346167827609
"2981",298,"Simu1","KET",200,"cliver",0.943475882162089
"2982",298.1,"Simu1","KET",200,"cliver",0.923702500475441
"2983",298.2,"Simu1","KET",200,"cliver",0.904964561872532
"2984",298.3,"Simu1","KET",200,"cliver",0.887204284375727
"2985",298.4,"Simu1","KET",200,"cliver",0.87036732591063
"2986",298.5,"Simu1","KET",200,"cliver",0.85440256216834
"2987",298.6,"Simu1","KET",200,"cliver",0.839261880079762
"2988",298.7,"Simu1","KET",200,"cliver",0.824899985725611
"2989",298.8,"Simu1","KET",200,"cliver",0.811274225598286
"2990",298.9,"Simu1","KET",200,"cliver",0.798344420216808
"2991",299,"Simu1","KET",200,"cliver",0.786072709174543
"2992",299.1,"Simu1","KET",200,"cliver",0.774423406771892
"2993",299.2,"Simu1","KET",200,"cliver",0.763362867451767
"2994",299.3,"Simu1","KET",200,"cliver",0.75285936031613
"2995",299.4,"Simu1","KET",200,"cliver",0.742882952058472
"2996",299.5,"Simu1","KET",200,"cliver",0.733405397698667
"2997",299.6,"Simu1","KET",200,"cliver",0.724400038554457
"2998",299.7,"Simu1","KET",200,"cliver",0.715841706927478
"2999",299.8,"Simu1","KET",200,"cliver",0.707706637021795
"3000",299.9,"Simu1","KET",200,"cliver",0.699972381650275
"3001",300,"Simu1","KET",200,"cliver",0.692617734317992
"3002",300.1,"Simu1","KET",200,"cliver",0.685622656303436
"3003",300.2,"Simu1","KET",200,"cliver",0.678968208387022
"3004",300.3,"Simu1","KET",200,"cliver",0.67263648690304
"3005",300.4,"Simu1","KET",200,"cliver",0.66661056381583
"3006",300.5,"Simu1","KET",200,"cliver",0.660874430542472
"3007",300.6,"Simu1","KET",200,"cliver",0.65541294526646
"3008",300.7,"Simu1","KET",200,"cliver",0.650211783505064
"3009",300.8,"Simu1","KET",200,"cliver",0.645257391710591
"3010",300.9,"Simu1","KET",200,"cliver",0.640536943702144
"3011",301,"Simu1","KET",200,"cliver",0.63603829973925
"3012",301.1,"Simu1","KET",200,"cliver",0.631749968062598
"3013",301.2,"Simu1","KET",200,"cliver",0.627661068739723
"3014",301.3,"Simu1","KET",200,"cliver",0.623761299665066
"3015",301.4,"Simu1","KET",200,"cliver",0.620040904574695
"3016",301.5,"Simu1","KET",200,"cliver",0.616490642945837
"3017",301.6,"Simu1","KET",200,"cliver",0.613101761660593
"3018",301.7,"Simu1","KET",200,"cliver",0.609865968321669
"3019",301.8,"Simu1","KET",200,"cliver",0.606775406115712
"3020",301.9,"Simu1","KET",200,"cliver",0.603822630127154
"3021",302,"Simu1","KET",200,"cliver",0.601000585012088
"3022",302.1,"Simu1","KET",200,"cliver",0.598302583947887
"3023",302.2,"Simu1","KET",200,"cliver",0.595722288780054
"3024",302.3,"Simu1","KET",200,"cliver",0.59325369129299
"3025",302.4,"Simu1","KET",200,"cliver",0.590891095536386
"3026",302.5,"Simu1","KET",200,"cliver",0.588629101143334
"3027",302.6,"Simu1","KET",200,"cliver",0.586462587580636
"3028",302.7,"Simu1","KET",200,"cliver",0.584386699275601
"3029",302.8,"Simu1","KET",200,"cliver",0.582396831567266
"3030",302.9,"Simu1","KET",200,"cliver",0.580488617433336
"3031",303,"Simu1","KET",200,"cliver",0.578657914947282
"3032",303.1,"Simu1","KET",200,"cliver",0.576900795422935
"3033",303.2,"Simu1","KET",200,"cliver",0.575213532206634
"3034",303.3,"Simu1","KET",200,"cliver",0.573592590079477
"3035",303.4,"Simu1","KET",200,"cliver",0.572034615234582
"3036",303.5,"Simu1","KET",200,"cliver",0.570536425796448
"3037",303.6,"Simu1","KET",200,"cliver",0.569095002851518
"3038",303.7,"Simu1","KET",200,"cliver",0.567707481960978
"3039",303.8,"Simu1","KET",200,"cliver",0.566371145128557
"3040",303.9,"Simu1","KET",200,"cliver",0.565083413197764
"3041",304,"Simu1","KET",200,"cliver",0.563841838654525
"3042",304.1,"Simu1","KET",200,"cliver",0.562644098812636
"3043",304.2,"Simu1","KET",200,"cliver",0.561487989360789
"3044",304.3,"Simu1","KET",200,"cliver",0.560371418251168
"3045",304.4,"Simu1","KET",200,"cliver",0.559292399910821
"3046",304.5,"Simu1","KET",200,"cliver",0.558249049758081
"3047",304.6,"Simu1","KET",200,"cliver",0.557239579007364
"3048",304.7,"Simu1","KET",200,"cliver",0.55626228974663
"3049",304.8,"Simu1","KET",200,"cliver",0.555315570272703
"3050",304.9,"Simu1","KET",200,"cliver",0.554397890670482
"3051",305,"Simu1","KET",200,"cliver",0.553507798622883
"3052",305.1,"Simu1","KET",200,"cliver",0.5526439154391
"3053",305.2,"Simu1","KET",200,"cliver",0.551804932289474
"3054",305.3,"Simu1","KET",200,"cliver",0.550989606635903
"3055",305.4,"Simu1","KET",200,"cliver",0.550196758847378
"3056",305.5,"Simu1","KET",200,"cliver",0.549425268990767
"3057",305.6,"Simu1","KET",200,"cliver",0.54867407378757
"3058",305.7,"Simu1","KET",200,"cliver",0.547942163727833
"3059",305.8,"Simu1","KET",200,"cliver",0.547228580332924
"3060",305.9,"Simu1","KET",200,"cliver",0.546532413559323
"3061",306,"Simu1","KET",200,"cliver",0.545852799336004
"3062",306.1,"Simu1","KET",200,"cliver",0.545188917228388
"3063",306.2,"Simu1","KET",200,"cliver",0.544539988222253
"3064",306.3,"Simu1","KET",200,"cliver",0.543905272621299
"3065",306.4,"Simu1","KET",200,"cliver",0.543284068052455
"3066",306.5,"Simu1","KET",200,"cliver",0.542675707573306
"3067",306.6,"Simu1","KET",200,"cliver",0.542079557876311
"3068",306.7,"Simu1","KET",200,"cliver",0.541495017584815
"3069",306.8,"Simu1","KET",200,"cliver",0.540921515636058
"3070",306.9,"Simu1","KET",200,"cliver",0.540358509746697
"3071",307,"Simu1","KET",200,"cliver",0.539805484956562
"3072",307.1,"Simu1","KET",200,"cliver",0.539261952246616
"3073",307.2,"Simu1","KET",200,"cliver",0.538727447227273
"3074",307.3,"Simu1","KET",200,"cliver",0.538201528893458
"3075",307.4,"Simu1","KET",200,"cliver",0.537683778442986
"3076",307.5,"Simu1","KET",200,"cliver",0.537173798154976
"3077",307.6,"Simu1","KET",200,"cliver",0.536671210325242
"3078",307.7,"Simu1","KET",200,"cliver",0.536175656255727
"3079",307.8,"Simu1","KET",200,"cliver",0.535686795295212
"3080",307.9,"Simu1","KET",200,"cliver",0.535204303928672
"3081",308,"Simu1","KET",200,"cliver",0.534727874912795
"3082",308.1,"Simu1","KET",200,"cliver",0.534257216455299
"3083",308.2,"Simu1","KET",200,"cliver",0.533792051435817
"3084",308.3,"Simu1","KET",200,"cliver",0.533332116666217
"3085",308.4,"Simu1","KET",200,"cliver",0.532877162188361
"3086",308.5,"Simu1","KET",200,"cliver",0.532426950607386
"3087",308.6,"Simu1","KET",200,"cliver",0.531981256458692
"3088",308.7,"Simu1","KET",200,"cliver",0.531539865606941
"3089",308.8,"Simu1","KET",200,"cliver",0.531102574675417
"3090",308.9,"Simu1","KET",200,"cliver",0.530669190504222
"3091",309,"Simu1","KET",200,"cliver",0.530239529635831
"3092",309.1,"Simu1","KET",200,"cliver",0.529813417826616
"3093",309.2,"Simu1","KET",200,"cliver",0.529390689583042
"3094",309.3,"Simu1","KET",200,"cliver",0.528971187721251
"3095",309.4,"Simu1","KET",200,"cliver",0.528554762948872
"3096",309.5,"Simu1","KET",200,"cliver",0.528141273467931
"3097",309.6,"Simu1","KET",200,"cliver",0.52773058459777
"3098",309.7,"Simu1","KET",200,"cliver",0.527322568416995
"3099",309.8,"Simu1","KET",200,"cliver",0.526917103423459
"3100",309.9,"Simu1","KET",200,"cliver",0.526514074211384
"3101",310,"Simu1","KET",200,"cliver",0.526113371164758
"3102",310.1,"Simu1","KET",200,"cliver",0.525714890166171
"3103",310.2,"Simu1","KET",200,"cliver",0.525318532320323
"3104",310.3,"Simu1","KET",200,"cliver",0.524924203691451
"3105",310.4,"Simu1","KET",200,"cliver",0.524531815053982
"3106",310.5,"Simu1","KET",200,"cliver",0.52414128165574
"3107",310.6,"Simu1","KET",200,"cliver",0.523752522993072
"3108",310.7,"Simu1","KET",200,"cliver",0.523365462597292
"3109",310.8,"Simu1","KET",200,"cliver",0.522980027831876
"3110",310.9,"Simu1","KET",200,"cliver",0.522596149699857
"3111",311,"Simu1","KET",200,"cliver",0.52221376266092
"3112",311.1,"Simu1","KET",200,"cliver",0.521832804457686
"3113",311.2,"Simu1","KET",200,"cliver",0.521453215950751
"3114",311.3,"Simu1","KET",200,"cliver",0.521074940962007
"3115",311.4,"Simu1","KET",200,"cliver",0.520697926125854
"3116",311.5,"Simu1","KET",200,"cliver",0.520322120747889
"3117",311.6,"Simu1","KET",200,"cliver",0.519947476670703
"3118",311.7,"Simu1","KET",200,"cliver",0.519573948146427
"3119",311.8,"Simu1","KET",200,"cliver",0.519201491715687
"3120",311.9,"Simu1","KET",200,"cliver",0.518830066239446
"3121",312,"Simu1","KET",200,"cliver",0.522039291107462
"3122",312.1,"Simu1","KET",200,"cliver",4.13237733972712
"3123",312.2,"Simu1","KET",200,"cliver",13.8624269093866
"3124",312.3,"Simu1","KET",200,"cliver",24.2409226603057
"3125",312.4,"Simu1","KET",200,"cliver",33.3025660932426
"3126",312.5,"Simu1","KET",200,"cliver",40.606672793832
"3127",312.6,"Simu1","KET",200,"cliver",46.2130669590415
"3128",312.7,"Simu1","KET",200,"cliver",50.3254353080197
"3129",312.8,"Simu1","KET",200,"cliver",53.1703570366395
"3130",312.9,"Simu1","KET",200,"cliver",54.9589080689208
"3131",313,"Simu1","KET",200,"cliver",55.8767303449279
"3132",313.1,"Simu1","KET",200,"cliver",56.083541770143
"3133",313.2,"Simu1","KET",200,"cliver",55.7154760935682
"3134",313.3,"Simu1","KET",200,"cliver",54.8880139897163
"3135",313.4,"Simu1","KET",200,"cliver",53.6987934155282
"3136",313.5,"Simu1","KET",200,"cliver",52.230109456928
"3137",313.6,"Simu1","KET",200,"cliver",50.5510830268503
"3138",313.7,"Simu1","KET",200,"cliver",48.7195331028849
"3139",313.8,"Simu1","KET",200,"cliver",46.7835847379238
"3140",313.9,"Simu1","KET",200,"cliver",44.783059794947
"3141",314,"Simu1","KET",200,"cliver",42.750681191615
"3142",314.1,"Simu1","KET",200,"cliver",40.7131107254112
"3143",314.2,"Simu1","KET",200,"cliver",38.6918412439825
"3144",314.3,"Simu1","KET",200,"cliver",36.7039768003423
"3145",314.4,"Simu1","KET",200,"cliver",34.7629186783034
"3146",314.5,"Simu1","KET",200,"cliver",32.878942372207
"3147",314.6,"Simu1","KET",200,"cliver",31.0596941163767
"3148",314.7,"Simu1","KET",200,"cliver",29.3106252471342
"3149",314.8,"Simu1","KET",200,"cliver",27.6353693109057
"3150",314.9,"Simu1","KET",200,"cliver",26.0360632984884
"3151",315,"Simu1","KET",200,"cliver",24.5136198913275
"3152",315.1,"Simu1","KET",200,"cliver",23.067959966224
"3153",315.2,"Simu1","KET",200,"cliver",21.6982115250172
"3154",315.3,"Simu1","KET",200,"cliver",20.4028783188188
"3155",315.4,"Simu1","KET",200,"cliver",19.1799808174139
"3156",315.5,"Simu1","KET",200,"cliver",18.0271758927427
"3157",315.6,"Simu1","KET",200,"cliver",16.9418556087488
"3158",315.7,"Simu1","KET",200,"cliver",15.9212287951763
"3159",315.8,"Simu1","KET",200,"cliver",14.9623887380555
"3160",315.9,"Simu1","KET",200,"cliver",14.0623688126268
"3161",316,"Simu1","KET",200,"cliver",13.2181874579591
"3162",316.1,"Simu1","KET",200,"cliver",12.426883968596
"3163",316.2,"Simu1","KET",200,"cliver",11.6855467120817
"3164",316.3,"Simu1","KET",200,"cliver",10.9913350678537
"3165",316.4,"Simu1","KET",200,"cliver",10.3414960398811
"3166",316.5,"Simu1","KET",200,"cliver",9.73337664055228
"3167",316.6,"Simu1","KET",200,"cliver",9.16443245667541
"3168",316.7,"Simu1","KET",200,"cliver",8.63223317033527
"3169",316.8,"Simu1","KET",200,"cliver",8.13446564736527
"3170",316.9,"Simu1","KET",200,"cliver",7.66893508036079
"3171",317,"Simu1","KET",200,"cliver",7.23356455098676
"3172",317.1,"Simu1","KET",200,"cliver",6.82639332359494
"3173",317.2,"Simu1","KET",200,"cliver",6.44557415820385
"3174",317.3,"Simu1","KET",200,"cliver",6.0893698915815
"3175",317.4,"Simu1","KET",200,"cliver",5.75614948264216
"3176",317.5,"Simu1","KET",200,"cliver",5.44438367547355
"3177",317.6,"Simu1","KET",200,"cliver",5.15264040744856
"3178",317.7,"Simu1","KET",200,"cliver",4.87958007132408
"3179",317.8,"Simu1","KET",200,"cliver",4.62395072037668
"3180",317.9,"Simu1","KET",200,"cliver",4.38458328545456
"3181",318,"Simu1","KET",200,"cliver",4.16038685663244
"3182",318.1,"Simu1","KET",200,"cliver",3.95034407073268
"3183",318.2,"Simu1","KET",200,"cliver",3.75350663692541
"3184",318.3,"Simu1","KET",200,"cliver",3.56899102443976
"3185",318.4,"Simu1","KET",200,"cliver",3.39597432895678
"3186",318.5,"Simu1","KET",200,"cliver",3.23369032755354
"3187",318.6,"Simu1","KET",200,"cliver",3.08142572890337
"3188",318.7,"Simu1","KET",200,"cliver",2.93851662129243
"3189",318.8,"Simu1","KET",200,"cliver",2.80434511811399
"3190",318.9,"Simu1","KET",200,"cliver",2.67833619806616
"3191",319,"Simu1","KET",200,"cliver",2.55995473553127
"3192",319.1,"Simu1","KET",200,"cliver",2.44870271534367
"3193",319.2,"Simu1","KET",200,"cliver",2.34411662518774
"3194",319.3,"Simu1","KET",200,"cliver",2.24576501814394
"3195",319.4,"Simu1","KET",200,"cliver",2.15324623743444
"3196",319.5,"Simu1","KET",200,"cliver",2.06618629517395
"3197",319.6,"Simu1","KET",200,"cliver",1.98423689684541
"3198",319.7,"Simu1","KET",200,"cliver",1.90707360324939
"3199",319.8,"Simu1","KET",200,"cliver",1.8343941217879
"3200",319.9,"Simu1","KET",200,"cliver",1.765916719137
"3201",320,"Simu1","KET",200,"cliver",1.7013787476158
"3202",320.1,"Simu1","KET",200,"cliver",1.64053527785267
"3203",320.2,"Simu1","KET",200,"cliver",1.58315783066176
"3204",320.3,"Simu1","KET",200,"cliver",1.52903320141165
"3205",320.4,"Simu1","KET",200,"cliver",1.47796237051579
"3206",320.5,"Simu1","KET",200,"cliver",1.42975949387354
"3207",320.6,"Simu1","KET",200,"cliver",1.38425096770126
"3208",320.7,"Simu1","KET",200,"cliver",1.34127456237607
"3209",320.8,"Simu1","KET",200,"cliver",1.30067862026582
"3210",320.9,"Simu1","KET",200,"cliver",1.26232131284331
"3211",321,"Simu1","KET",200,"cliver",1.22606995271019
"3212",321.1,"Simu1","KET",200,"cliver",1.19180035645603
"3213",321.2,"Simu1","KET",200,"cliver",1.15939625455508
"3214",321.3,"Simu1","KET",200,"cliver",1.12874874476475
"3215",321.4,"Simu1","KET",200,"cliver",1.09975578574513
"3216",321.5,"Simu1","KET",200,"cliver",1.0723217278599
"3217",321.6,"Simu1","KET",200,"cliver",1.04635687834172
"3218",321.7,"Simu1","KET",200,"cliver",1.02177709821404
"3219",321.8,"Simu1","KET",200,"cliver",0.998503428554158
"3220",321.9,"Simu1","KET",200,"cliver",0.976461743866035
"3221",322,"Simu1","KET",200,"cliver",0.955582430500731
"3222",322.1,"Simu1","KET",200,"cliver",0.93580008821997
"3223",322.2,"Simu1","KET",200,"cliver",0.917053253143974
"3224",322.3,"Simu1","KET",200,"cliver",0.899284140461869
"3225",322.4,"Simu1","KET",200,"cliver",0.88243840540899
"3226",322.5,"Simu1","KET",200,"cliver",0.866464921121522
"3227",322.6,"Simu1","KET",200,"cliver",0.851315572103487
"3228",322.7,"Simu1","KET",200,"cliver",0.83694506212988
"3229",322.8,"Simu1","KET",200,"cliver",0.823310735502112
"3230",322.9,"Simu1","KET",200,"cliver",0.81037241065674
"3231",323,"Simu1","KET",200,"cliver",0.798092225207519
"3232",323.1,"Simu1","KET",200,"cliver",0.786434491572624
"3233",323.2,"Simu1","KET",200,"cliver",0.775365562405016
"3234",323.3,"Simu1","KET",200,"cliver",0.764853705104183
"3235",323.4,"Simu1","KET",200,"cliver",0.754868984744006
"3236",323.5,"Simu1","KET",200,"cliver",0.745383154803374
"3237",323.6,"Simu1","KET",200,"cliver",0.736369555133592
"3238",323.7,"Simu1","KET",200,"cliver",0.727803016640577
"3239",323.8,"Simu1","KET",200,"cliver",0.719659772199806
"3240",323.9,"Simu1","KET",200,"cliver",0.711917373359226
"3241",324,"Simu1","KET",200,"cliver",0.704554612419487
"3242",324.1,"Simu1","KET",200,"cliver",0.697551449512073
"3243",324.2,"Simu1","KET",200,"cliver",0.690888944324932
"3244",324.3,"Simu1","KET",200,"cliver",0.684549192151732
"3245",324.4,"Simu1","KET",200,"cliver",0.678515263965402
"3246",324.5,"Simu1","KET",200,"cliver",0.672771150238431
"3247",324.6,"Simu1","KET",200,"cliver",0.667301708254212
"3248",324.7,"Simu1","KET",200,"cliver",0.662092612672216
"3249",324.8,"Simu1","KET",200,"cliver",0.657130309127199
"3250",324.9,"Simu1","KET",200,"cliver",0.65240197065897
"3251",325,"Simu1","KET",200,"cliver",0.647895456784185
"3252",325.1,"Simu1","KET",200,"cliver",0.643599275035303
"3253",325.2,"Simu1","KET",200,"cliver",0.639502544804608
"3254",325.3,"Simu1","KET",200,"cliver",0.635594963342681
"3255",325.4,"Simu1","KET",200,"cliver",0.631866773771603
"3256",325.5,"Simu1","KET",200,"cliver",0.628308734983073
"3257",325.6,"Simu1","KET",200,"cliver",0.624912093300755
"3258",325.7,"Simu1","KET",200,"cliver",0.621668555794723
"3259",325.8,"Simu1","KET",200,"cliver",0.618570265143575
"3260",325.9,"Simu1","KET",200,"cliver",0.615609775947106
"3261",326,"Simu1","KET",200,"cliver",0.612780032399082
"3262",326.1,"Simu1","KET",200,"cliver",0.610074347235811
"3263",326.2,"Simu1","KET",200,"cliver",0.607486381881983
"3264",326.3,"Simu1","KET",200,"cliver",0.605010127720499
"3265",326.4,"Simu1","KET",200,"cliver",0.602639888417945
"3266",326.5,"Simu1","KET",200,"cliver",0.600370263241855
"3267",326.6,"Simu1","KET",200,"cliver",0.598196131310187
"3268",326.7,"Simu1","KET",200,"cliver",0.596112636717353
"3269",326.8,"Simu1","KET",200,"cliver",0.594115174484694
"3270",326.9,"Simu1","KET",200,"cliver",0.592199377286702
"3271",327,"Simu1","KET",200,"cliver",0.590361102907463
"3272",327.1,"Simu1","KET",200,"cliver",0.588596422384594
"3273",327.2,"Simu1","KET",200,"cliver",0.58690160880079
"3274",327.3,"Simu1","KET",200,"cliver",0.585273126685491
"3275",327.4,"Simu1","KET",200,"cliver",0.583707621991584
"3276",327.5,"Simu1","KET",200,"cliver",0.582201912614243
"3277",327.6,"Simu1","KET",200,"cliver",0.58075297942098
"3278",327.7,"Simu1","KET",200,"cliver",0.579357957763974
"3279",327.8,"Simu1","KET",200,"cliver",0.578014129447406
"3280",327.9,"Simu1","KET",200,"cliver",0.576718915124261
"3281",328,"Simu1","KET",200,"cliver",0.575469867098551
"3282",328.1,"Simu1","KET",200,"cliver",0.574264662510374
"3283",328.2,"Simu1","KET",200,"cliver",0.573101096882555
"3284",328.3,"Simu1","KET",200,"cliver",0.57197707800889
"3285",328.4,"Simu1","KET",200,"cliver",0.570890620165166
"3286",328.5,"Simu1","KET",200,"cliver",0.56983983862526
"3287",328.6,"Simu1","KET",200,"cliver",0.568822944465621
"3288",328.7,"Simu1","KET",200,"cliver",0.567838239642438
"3289",328.8,"Simu1","KET",200,"cliver",0.566884112326668
"3290",328.9,"Simu1","KET",200,"cliver",0.565959032482979
"3291",329,"Simu1","KET",200,"cliver",0.565061547679436
"3292",329.1,"Simu1","KET",200,"cliver",0.564190279115511
"3293",329.2,"Simu1","KET",200,"cliver",0.56334391785672
"3294",329.3,"Simu1","KET",200,"cliver",0.562521221264803
"3295",329.4,"Simu1","KET",200,"cliver",0.561721009613049
"3296",329.5,"Simu1","KET",200,"cliver",0.560942162876879
"3297",329.6,"Simu1","KET",200,"cliver",0.560183617690398
"3298",329.7,"Simu1","KET",200,"cliver",0.559444364460127
"3299",329.8,"Simu1","KET",200,"cliver",0.558723444627604
"3300",329.9,"Simu1","KET",200,"cliver",0.558019948072997
"3301",330,"Simu1","KET",200,"cliver",0.55733301065233
"3302",330.1,"Simu1","KET",200,"cliver",0.556661811861282
"3303",330.2,"Simu1","KET",200,"cliver",0.556005572618948
"3304",330.3,"Simu1","KET",200,"cliver",0.55536355316526
"3305",330.4,"Simu1","KET",200,"cliver",0.554735051066166
"3306",330.5,"Simu1","KET",200,"cliver",0.554119399320925
"3307",330.6,"Simu1","KET",200,"cliver",0.553515964566205
"3308",330.7,"Simu1","KET",200,"cliver",0.552924145371976
"3309",330.8,"Simu1","KET",200,"cliver",0.552343370624411
"3310",330.9,"Simu1","KET",200,"cliver",0.551773097991299
"3311",331,"Simu1","KET",200,"cliver",0.551212812465703
"3312",331.1,"Simu1","KET",200,"cliver",0.550662024983819
"3313",331.2,"Simu1","KET",200,"cliver",0.550120271113204
"3314",331.3,"Simu1","KET",200,"cliver",0.549587109807752
"3315",331.4,"Simu1","KET",200,"cliver",0.549062122225982
"3316",331.5,"Simu1","KET",200,"cliver",0.548544910609376
"3317",331.6,"Simu1","KET",200,"cliver",0.548035097217693
"3318",331.7,"Simu1","KET",200,"cliver",0.54753232331833
"3319",331.8,"Simu1","KET",200,"cliver",0.547036248226963
"3320",331.9,"Simu1","KET",200,"cliver",0.546546548396833
"3321",332,"Simu1","KET",200,"cliver",0.546062916554204
"3322",332.1,"Simu1","KET",200,"cliver",0.545585060877621
"3323",332.2,"Simu1","KET",200,"cliver",0.545112704218732
"3324",332.3,"Simu1","KET",200,"cliver",0.544645583362562
"3325",332.4,"Simu1","KET",200,"cliver",0.544183448325212
"3326",332.5,"Simu1","KET",200,"cliver",0.543726061687088
"3327",332.6,"Simu1","KET",200,"cliver",0.543273197959853
"3328",332.7,"Simu1","KET",200,"cliver",0.542824642985366
"3329",332.8,"Simu1","KET",200,"cliver",0.542380193365011
"3330",332.9,"Simu1","KET",200,"cliver",0.541939655917843
"3331",333,"Simu1","KET",200,"cliver",0.541502847166105
"3332",333.1,"Simu1","KET",200,"cliver",0.54106959284672
"3333",333.2,"Simu1","KET",200,"cliver",0.540639727447442
"3334",333.3,"Simu1","KET",200,"cliver",0.540213093766413
"3335",333.4,"Simu1","KET",200,"cliver",0.539789542493939
"3336",333.5,"Simu1","KET",200,"cliver",0.539368931815362
"3337",333.6,"Simu1","KET",200,"cliver",0.538951127033961
"3338",333.7,"Simu1","KET",200,"cliver",0.53853600021286
"3339",333.8,"Simu1","KET",200,"cliver",0.53812342983499
"3340",333.9,"Simu1","KET",200,"cliver",0.537713300480188
"3341",334,"Simu1","KET",200,"cliver",0.537305502518561
"3342",334.1,"Simu1","KET",200,"cliver",0.536899931819304
"3343",334.2,"Simu1","KET",200,"cliver",0.536496489474184
"3344",334.3,"Simu1","KET",200,"cliver",0.536095081534948
"3345",334.4,"Simu1","KET",200,"cliver",0.535695618763952
"3346",334.5,"Simu1","KET",200,"cliver",0.535298016397351
"3347",334.6,"Simu1","KET",200,"cliver",0.534902193920203
"3348",334.7,"Simu1","KET",200,"cliver",0.534508074852903
"3349",334.8,"Simu1","KET",200,"cliver",0.53411558654835
"3350",334.9,"Simu1","KET",200,"cliver",0.533724659999336
"3351",335,"Simu1","KET",200,"cliver",0.53333522965562
"3352",335.1,"Simu1","KET",200,"cliver",0.532947233250199
"3353",335.2,"Simu1","KET",200,"cliver",0.532560611634333
"3354",335.3,"Simu1","KET",200,"cliver",0.532175308620852
"3355",335.4,"Simu1","KET",200,"cliver",0.531791270835355
"3356",335.5,"Simu1","KET",200,"cliver",0.531408447574891
"3357",335.6,"Simu1","KET",200,"cliver",0.531026790673737
"3358",335.7,"Simu1","KET",200,"cliver",0.530646254375942
"3359",335.8,"Simu1","KET",200,"cliver",0.53026679521426
"3360",335.9,"Simu1","KET",200,"cliver",0.529888372018493
"3361",336,"Simu1","KET",200,"cliver",0.533090608900363
"3362",336.1,"Simu1","KET",200,"cliver",4.14342413910128
"3363",336.2,"Simu1","KET",200,"cliver",13.8734846364814
"3364",336.3,"Simu1","KET",200,"cliver",24.2520105529025
"3365",336.4,"Simu1","KET",200,"cliver",33.3136993088104
"3366",336.5,"Simu1","KET",200,"cliver",40.6178611865454
"3367",336.6,"Simu1","KET",200,"cliver",46.2243157279856
"3368",336.7,"Simu1","KET",200,"cliver",50.3367459865905
"3369",336.8,"Simu1","KET",200,"cliver",53.1817284186134
"3370",336.9,"Simu1","KET",200,"cliver",54.9703369150148
"3371",337,"Simu1","KET",200,"cliver",55.8882120719336
"3372",337.1,"Simu1","KET",200,"cliver",56.0950709503202
"3373",337.2,"Simu1","KET",200,"cliver",55.7270466952094
"3374",337.3,"Simu1","KET",200,"cliver",54.8996196982462
"3375",337.4,"Simu1","KET",200,"cliver",53.7104278491942
"3376",337.5,"Simu1","KET",200,"cliver",52.2417661874547
"3377",337.6,"Simu1","KET",200,"cliver",50.5627564587688
"3378",337.7,"Simu1","KET",200,"cliver",48.7312162931442
"3379",337.8,"Simu1","KET",200,"cliver",46.7952733154461
"3380",337.9,"Simu1","KET",200,"cliver",44.7947513769944
"3381",338,"Simu1","KET",200,"cliver",42.7623671820518
"3382",338.1,"Simu1","KET",200,"cliver",40.7247805604405
"3383",338.2,"Simu1","KET",200,"cliver",38.7034929768022
"3384",338.3,"Simu1","KET",200,"cliver",36.7156167249359
"3385",338.4,"Simu1","KET",200,"cliver",34.7745487036796
"3386",338.5,"Simu1","KET",200,"cliver",32.8905544824743
"3387",338.6,"Simu1","KET",200,"cliver",31.0712804954017
"3388",338.7,"Simu1","KET",200,"cliver",29.3221846472907
"3389",338.8,"Simu1","KET",200,"cliver",27.6469033420545
"3390",338.9,"Simu1","KET",200,"cliver",26.0475716257635
"3391",339,"Simu1","KET",200,"cliver",24.5251005724102
"3392",339.1,"Simu1","KET",200,"cliver",23.0794118485513
"3393",339.2,"Simu1","KET",200,"cliver",21.7096347749301
"3394",339.3,"Simu1","KET",200,"cliver",20.4142734390689
"3395",339.4,"Simu1","KET",200,"cliver",19.1913484846136
"3396",339.5,"Simu1","KET",200,"cliver",18.0385164746513
"3397",339.6,"Simu1","KET",200,"cliver",16.9531690981181
"3398",339.7,"Simu1","KET",200,"cliver",15.9325150049207
"3399",339.8,"Simu1","KET",200,"cliver",14.9736478273604
"3400",339.9,"Simu1","KET",200,"cliver",14.0736014653397
"3401",340,"Simu1","KET",200,"cliver",13.2293943750483
"3402",340.1,"Simu1","KET",200,"cliver",12.438065626639
"3403",340.2,"Simu1","KET",200,"cliver",11.6967034745907
"3404",340.3,"Simu1","KET",200,"cliver",11.0024673754662
"3405",340.4,"Simu1","KET",200,"cliver",10.3526045127029
"3406",340.5,"Simu1","KET",200,"cliver",9.74446194541975
"3407",340.6,"Simu1","KET",200,"cliver",9.17549521525375
"3408",340.7,"Simu1","KET",200,"cliver",8.64327397123495
"3409",340.8,"Simu1","KET",200,"cliver",8.14548509122333
"3410",340.9,"Simu1","KET",200,"cliver",7.67993378621822
"3411",341,"Simu1","KET",200,"cliver",7.24454313096731
"3412",341.1,"Simu1","KET",200,"cliver",6.83735236580153
"3413",341.2,"Simu1","KET",200,"cliver",6.45651423029208
"3414",341.3,"Simu1","KET",200,"cliver",6.1002915490887
"3415",341.4,"Simu1","KET",200,"cliver",5.76705326891664
"3416",341.5,"Simu1","KET",200,"cliver",5.45527011606384
"3417",341.6,"Simu1","KET",200,"cliver",5.16351000695877
"3418",341.7,"Simu1","KET",200,"cliver",4.8904333144825
"3419",341.8,"Simu1","KET",200,"cliver",4.63478807380007
"3420",341.9,"Simu1","KET",200,"cliver",4.39540519770491
"3421",342,"Simu1","KET",200,"cliver",4.17119375732663
"3422",342.1,"Simu1","KET",200,"cliver",3.96113637041174
"3423",342.2,"Simu1","KET",200,"cliver",3.76428472786573
"3424",342.3,"Simu1","KET",200,"cliver",3.57975528151601
"3425",342.4,"Simu1","KET",200,"cliver",3.40672510990556
"3426",342.5,"Simu1","KET",200,"cliver",3.24442797330802
"3427",342.6,"Simu1","KET",200,"cliver",3.09215056415517
"3428",342.7,"Simu1","KET",200,"cliver",2.94922895520511
"3429",342.8,"Simu1","KET",200,"cliver",2.81504524498489
"3430",342.9,"Simu1","KET",200,"cliver",2.68902439789721
"3431",343,"Simu1","KET",200,"cliver",2.57063127459288
"3432",343.1,"Simu1","KET",200,"cliver",2.45936784678072
"3433",343.2,"Simu1","KET",200,"cliver",2.35477058963915
"3434",343.3,"Simu1","KET",200,"cliver",2.25640804433412
"3435",343.4,"Simu1","KET",200,"cliver",2.16387854273125
"3436",343.5,"Simu1","KET",200,"cliver",2.07680808613042
"3437",343.6,"Simu1","KET",200,"cliver",1.9948483697329
"3438",343.7,"Simu1","KET",200,"cliver",1.91767494457529
"3439",343.8,"Simu1","KET",200,"cliver",1.8449855087882
"3440",343.9,"Simu1","KET",200,"cliver",1.77649832021587
"3441",344,"Simu1","KET",200,"cliver",1.71195072283874
"3442",344.1,"Simu1","KET",200,"cliver",1.65109777939509
"3443",344.2,"Simu1","KET",200,"cliver",1.59371100321775
"3444",344.3,"Simu1","KET",200,"cliver",1.53957718257101
"3445",344.4,"Simu1","KET",200,"cliver",1.48849729109495
"3446",344.5,"Simu1","KET",200,"cliver",1.44028547828685
"3447",344.6,"Simu1","KET",200,"cliver",1.39476813431622
"3448",344.7,"Simu1","KET",200,"cliver",1.3517830238357
"3449",344.8,"Simu1","KET",200,"cliver",1.31117848378294
"3450",344.9,"Simu1","KET",200,"cliver",1.27281268048164
"3451",345,"Simu1","KET",200,"cliver",1.23655292165708
"3452",345.1,"Simu1","KET",200,"cliver",1.20227501928196
"3453",345.2,"Simu1","KET",200,"cliver",1.16986269945613
"3454",345.3,"Simu1","KET",200,"cliver",1.13920705579002
"3455",345.4,"Simu1","KET",200,"cliver",1.11020604301252
"3456",345.5,"Simu1","KET",200,"cliver",1.08276400776131
"3457",345.6,"Simu1","KET",200,"cliver",1.05679125373726
"3458",345.7,"Simu1","KET",200,"cliver",1.03220363861489
"3459",345.8,"Simu1","KET",200,"cliver",1.00892220029505
"3460",345.9,"Simu1","KET",200,"cliver",0.986872810266458
"3461",346,"Simu1","KET",200,"cliver",0.965985852022427
"3462",346.1,"Simu1","KET",200,"cliver",0.946195922614205
"3463",346.2,"Simu1","KET",200,"cliver",0.92744155558929
"3464",346.3,"Simu1","KET",200,"cliver",0.909664963693533
"3465",346.4,"Simu1","KET",200,"cliver",0.892811799839698
"3466",346.5,"Simu1","KET",200,"cliver",0.876830934959436
"3467",346.6,"Simu1","KET",200,"cliver",0.861674251464033
"3468",346.7,"Simu1","KET",200,"cliver",0.847296451140547
"3469",346.8,"Simu1","KET",200,"cliver",0.833654876400891
"3470",346.9,"Simu1","KET",200,"cliver",0.820709343885512
"3471",347,"Simu1","KET",200,"cliver",0.808421989500939
"3472",347.1,"Simu1","KET",200,"cliver",0.796757124042399
"3473",347.2,"Simu1","KET",200,"cliver",0.785681098619539
"3474",347.3,"Simu1","KET",200,"cliver",0.775162179163886
"3475",347.4,"Simu1","KET",200,"cliver",0.765170429352831
"3476",347.5,"Simu1","KET",200,"cliver",0.755677601336637
"3477",347.6,"Simu1","KET",200,"cliver",0.746657033702344
"3478",347.7,"Simu1","KET",200,"cliver",0.738083556152625
"3479",347.8,"Simu1","KET",200,"cliver",0.72993340041758
"3480",347.9,"Simu1","KET",200,"cliver",0.722184116954574
"3481",348,"Simu1","KET",200,"cliver",0.714814497026064
"3482",348.1,"Simu1","KET",200,"cliver",0.707804499774962
"3483",348.2,"Simu1","KET",200,"cliver",0.701135183947679
"3484",348.3,"Simu1","KET",200,"cliver",0.694788643940965
"3485",348.4,"Simu1","KET",200,"cliver",0.6887479498731
"3486",348.5,"Simu1","KET",200,"cliver",0.682997091402381
"3487",348.6,"Simu1","KET",200,"cliver",0.67752092503648
"3488",348.7,"Simu1","KET",200,"cliver",0.672305124695646
"3489",348.8,"Simu1","KET",200,"cliver",0.667336135310079
"3490",348.9,"Simu1","KET",200,"cliver",0.66260112924801
"3491",349,"Simu1","KET",200,"cliver",0.658087965385925
"3492",349.1,"Simu1","KET",200,"cliver",0.65378515064601
"3493",349.2,"Simu1","KET",200,"cliver",0.649681803838707
"3494",349.3,"Simu1","KET",200,"cliver",0.645767621659813
"3495",349.4,"Simu1","KET",200,"cliver",0.64203284670238
"3496",349.5,"Simu1","KET",200,"cliver",0.638468237353613
"3497",349.6,"Simu1","KET",200,"cliver",0.635065039456044
"3498",349.7,"Simu1","KET",200,"cliver",0.63181495962086
"3499",349.8,"Simu1","KET",200,"cliver",0.628710140088962
"3500",349.9,"Simu1","KET",200,"cliver",0.625743135042613
"3501",350,"Simu1","KET",200,"cliver",0.622906888277305
"3502",350.1,"Simu1","KET",200,"cliver",0.620194712149396
"3503",350.2,"Simu1","KET",200,"cliver",0.617600267721093
"3504",350.3,"Simu1","KET",200,"cliver",0.615117546029444
"3505",350.4,"Simu1","KET",200,"cliver",0.612740850411023
"3506",350.5,"Simu1","KET",200,"cliver",0.610464779818478
"3507",350.6,"Simu1","KET",200,"cliver",0.608284213069303
"3508",350.7,"Simu1","KET",200,"cliver",0.606194293971186
"3509",350.8,"Simu1","KET",200,"cliver",0.604190417271834
"3510",350.9,"Simu1","KET",200,"cliver",0.6022682153846
"3511",351,"Simu1","KET",200,"cliver",0.600423545844333
"3512",351.1,"Simu1","KET",200,"cliver",0.598652479450775
"3513",351.2,"Simu1","KET",200,"cliver",0.596951289059571
"3514",351.3,"Simu1","KET",200,"cliver",0.595316438983442
"3515",351.4,"Simu1","KET",200,"cliver",0.593744574968402
"3516",351.5,"Simu1","KET",200,"cliver",0.592232514712146
"3517",351.6,"Simu1","KET",200,"cliver",0.590777238893668
"3518",351.7,"Simu1","KET",200,"cliver",0.589375882685175
"3519",351.8,"Simu1","KET",200,"cliver",0.58802572771903
"3520",351.9,"Simu1","KET",200,"cliver",0.58672419448417
"3521",352,"Simu1","KET",200,"cliver",0.585468835127982
"3522",352.1,"Simu1","KET",200,"cliver",0.584257326641015
"3523",352.2,"Simu1","KET",200,"cliver",0.583087464403295
"3524",352.3,"Simu1","KET",200,"cliver",0.581957156072259
"3525",352.4,"Simu1","KET",200,"cliver",0.580864415793473
"3526",352.5,"Simu1","KET",200,"cliver",0.579807358716459
"3527",352.6,"Simu1","KET",200,"cliver",0.578784195798901
"3528",352.7,"Simu1","KET",200,"cliver",0.577793228883555
"3529",352.8,"Simu1","KET",200,"cliver",0.576832846033039
"3530",352.9,"Simu1","KET",200,"cliver",0.575901517108535
"3531",353,"Simu1","KET",200,"cliver",0.574997789579254
"3532",353.1,"Simu1","KET",200,"cliver",0.574120284550233
"3533",353.2,"Simu1","KET",200,"cliver",0.573267692996769
"3534",353.3,"Simu1","KET",200,"cliver",0.572438772194409
"3535",353.4,"Simu1","KET",200,"cliver",0.571632342334085
"3536",353.5,"Simu1","KET",200,"cliver",0.570847283312522
"3537",353.6,"Simu1","KET",200,"cliver",0.570082531688622
"3538",353.7,"Simu1","KET",200,"cliver",0.56933707779704
"3539",353.8,"Simu1","KET",200,"cliver",0.568609963010624
"3540",353.9,"Simu1","KET",200,"cliver",0.567900277143888
"3541",354,"Simu1","KET",200,"cliver",0.567207155990095
"3542",354.1,"Simu1","KET",200,"cliver",0.566529778984927
"3543",354.2,"Simu1","KET",200,"cliver",0.565867366990112
"3544",354.3,"Simu1","KET",200,"cliver",0.565219180190734
"3545",354.4,"Simu1","KET",200,"cliver",0.564584516100289
"3546",354.5,"Simu1","KET",200,"cliver",0.563962707667868
"3547",354.6,"Simu1","KET",200,"cliver",0.563353121482158
"3548",354.7,"Simu1","KET",200,"cliver",0.56275515606723
"3549",354.8,"Simu1","KET",200,"cliver",0.562168240265342
"3550",354.9,"Simu1","KET",200,"cliver",0.561591831702263
"3551",355,"Simu1","KET",200,"cliver",0.561025415330846
"3552",355.1,"Simu1","KET",200,"cliver",0.5604685020488
"3553",355.2,"Simu1","KET",200,"cliver",0.55992062738684
"3554",355.3,"Simu1","KET",200,"cliver",0.55938135026359
"3555",355.4,"Simu1","KET",200,"cliver",0.55885025180379
"3556",355.5,"Simu1","KET",200,"cliver",0.558326934216578
"3557",355.6,"Simu1","KET",200,"cliver",0.557811019730727
"3558",355.7,"Simu1","KET",200,"cliver",0.55730214958395
"3559",355.8,"Simu1","KET",200,"cliver",0.556799983063477
"3560",355.9,"Simu1","KET",200,"cliver",0.556304196595285
"3561",356,"Simu1","KET",200,"cliver",0.555814482879504
"3562",356.1,"Simu1","KET",200,"cliver",0.555330550069619
"3563",356.2,"Simu1","KET",200,"cliver",0.554852120993247
"3564",356.3,"Simu1","KET",200,"cliver",0.554378932412356
"3565",356.4,"Simu1","KET",200,"cliver",0.553910734320928
"3566",356.5,"Simu1","KET",200,"cliver",0.55344728927814
"3567",356.6,"Simu1","KET",200,"cliver",0.552988371775272
"3568",356.7,"Simu1","KET",200,"cliver",0.552533767634616
"3569",356.8,"Simu1","KET",200,"cliver",0.552083273438757
"3570",356.9,"Simu1","KET",200,"cliver",0.551636695988689
"3571",357,"Simu1","KET",200,"cliver",0.551193851789298
"3572",357.1,"Simu1","KET",200,"cliver",0.550754566560821
"3573",357.2,"Simu1","KET",200,"cliver",0.550318674774964
"3574",357.3,"Simu1","KET",200,"cliver",0.549886019214432
"3575",357.4,"Simu1","KET",200,"cliver",0.549456450554674
"3576",357.5,"Simu1","KET",200,"cliver",0.549029826966732
"3577",357.6,"Simu1","KET",200,"cliver",0.548606013740113
"3578",357.7,"Simu1","KET",200,"cliver",0.548184882924675
"3579",357.8,"Simu1","KET",200,"cliver",0.547766312990562
"3580",357.9,"Simu1","KET",200,"cliver",0.547350188505283
"3581",358,"Simu1","KET",200,"cliver",0.546936399827058
"3582",358.1,"Simu1","KET",200,"cliver",0.546524842813609
"3583",358.2,"Simu1","KET",200,"cliver",0.546115418545631
"3584",358.3,"Simu1","KET",200,"cliver",0.545708033064175
"3585",358.4,"Simu1","KET",200,"cliver",0.545302597121267
"3586",358.5,"Simu1","KET",200,"cliver",0.544899025943076
"3587",358.6,"Simu1","KET",200,"cliver",0.544497239005002
"3588",358.7,"Simu1","KET",200,"cliver",0.544097159818098
"3589",358.8,"Simu1","KET",200,"cliver",0.54369871572622
"3590",358.9,"Simu1","KET",200,"cliver",0.543301837713402
"3591",359,"Simu1","KET",200,"cliver",0.542906460220918
"3592",359.1,"Simu1","KET",200,"cliver",0.542512520973541
"3593",359.2,"Simu1","KET",200,"cliver",0.542119960814552
"3594",359.3,"Simu1","KET",200,"cliver",0.541728723549042
"3595",359.4,"Simu1","KET",200,"cliver",0.541338755795093
"3596",359.5,"Simu1","KET",200,"cliver",0.540950006842453
"3597",359.6,"Simu1","KET",200,"cliver",0.540562428518305
"3598",359.7,"Simu1","KET",200,"cliver",0.540175975059795
"3599",359.8,"Simu1","KET",200,"cliver",0.539790602998133
"3600",359.9,"Simu1","KET",200,"cliver",0.539406271266797
"3601",360,"Simu1","KET",200,"cliver",0.542602618626783
"3602",360.1,"Simu1","KET",200,"cliver",4.15293238564145
"3603",360.2,"Simu1","KET",200,"cliver",13.8830023879074
"3604",360.3,"Simu1","KET",200,"cliver",24.2615543568872
"3605",360.4,"Simu1","KET",200,"cliver",33.3232822129166
"3606",360.5,"Simu1","KET",200,"cliver",40.627491676939
"3607",360.6,"Simu1","KET",200,"cliver",46.2339982845755
"3608",360.7,"Simu1","KET",200,"cliver",50.3464819342074
"3609",360.8,"Simu1","KET",200,"cliver",53.1915167226824
"3610",360.9,"Simu1","KET",200,"cliver",54.9801748229466
"3611",361,"Simu1","KET",200,"cliver",55.8980956526346
"3612",361.1,"Simu1","KET",200,"cliver",56.1049954782625
"3613",361.2,"Simu1","KET",200,"cliver",55.7370069667693
"3614",361.3,"Simu1","KET",200,"cliver",54.9096102781746
"3615",361.4,"Simu1","KET",200,"cliver",53.7204432474005
"3616",361.5,"Simu1","KET",200,"cliver",52.2518010039682
"3617",361.6,"Simu1","KET",200,"cliver",50.5728054754932
"3618",361.7,"Simu1","KET",200,"cliver",48.7412745333356
"3619",361.8,"Simu1","KET",200,"cliver",46.8053361501308
"3620",361.9,"Simu1","KET",200,"cliver",44.8048146415076
"3621",362,"Simu1","KET",200,"cliver",42.7724270091604
"3622",362.1,"Simu1","KET",200,"cliver",40.7348332034904
"3623",362.2,"Simu1","KET",200,"cliver",38.7135351485887
"3624",362.3,"Simu1","KET",200,"cliver",36.7256457633673
"3625",362.4,"Simu1","KET",200,"cliver",34.7845623095616
"3626",362.5,"Simu1","KET",200,"cliver",32.9005508963778
"3627",362.6,"Simu1","KET",200,"cliver",31.0812579776165
"3628",362.7,"Simu1","KET",200,"cliver",29.3321416423689
"3629",362.8,"Simu1","KET",200,"cliver",27.6568387629331
"3630",362.9,"Simu1","KET",200,"cliver",26.0574845574634
"3631",363,"Simu1","KET",200,"cliver",24.5349904648719
"3632",363.1,"Simu1","KET",200,"cliver",23.0892781486286
"3633",363.2,"Simu1","KET",200,"cliver",21.7194769743646
"3634",363.3,"Simu1","KET",200,"cliver",20.424091370199
"3635",363.4,"Simu1","KET",200,"cliver",19.2011421240436
"3636",363.5,"Simu1","KET",200,"cliver",18.0482859033374
"3637",363.6,"Simu1","KET",200,"cliver",16.9629145009843
"3638",363.7,"Simu1","KET",200,"cliver",15.9422366496622
"3639",363.8,"Simu1","KET",200,"cliver",14.9833460387332
"3640",363.9,"Simu1","KET",200,"cliver",14.0832766146243
"3641",364,"Simu1","KET",200,"cliver",13.2390469074362
"3642",364.1,"Simu1","KET",200,"cliver",12.4476960330333
"3643",364.2,"Simu1","KET",200,"cliver",11.7063122666438
"3644",364.3,"Simu1","KET",200,"cliver",11.012055077356
"3645",364.4,"Simu1","KET",200,"cliver",10.3621716625256
"3646",364.5,"Simu1","KET",200,"cliver",9.75400909318478
"3647",364.6,"Simu1","KET",200,"cliver",9.18502291533646
"3648",364.7,"Simu1","KET",200,"cliver",8.65278277517877
"3649",364.8,"Simu1","KET",200,"cliver",8.15497554435728
"3650",364.9,"Simu1","KET",200,"cliver",7.68940642635745
"3651",365,"Simu1","KET",200,"cliver",7.25399848660106
"3652",365.1,"Simu1","KET",200,"cliver",6.84679095353952
"3653",365.2,"Simu1","KET",200,"cliver",6.46593655276604
"3654",365.3,"Simu1","KET",200,"cliver",6.10969809385895
"3655",365.4,"Simu1","KET",200,"cliver",5.77644450792724
"3656",365.5,"Simu1","KET",200,"cliver",5.46464650511983
"3657",365.6,"Simu1","KET",200,"cliver",5.1728719852022
"3658",365.7,"Simu1","KET",200,"cliver",4.89978130409193
"3659",365.8,"Simu1","KET",200,"cliver",4.644122479982
"3660",365.9,"Simu1","KET",200,"cliver",4.4047264088535
"3661",366,"Simu1","KET",200,"cliver",4.18050214524908
"3662",366.1,"Simu1","KET",200,"cliver",3.97043229058964
"3663",366.2,"Simu1","KET",200,"cliver",3.77356851980284
"3664",366.3,"Simu1","KET",200,"cliver",3.58902726917104
"3665",366.4,"Simu1","KET",200,"cliver",3.41598560217346
"3666",366.5,"Simu1","KET",200,"cliver",3.25367726452033
"3667",366.6,"Simu1","KET",200,"cliver",3.1013889345945
"3668",366.7,"Simu1","KET",200,"cliver",2.95845667163704
"3669",366.8,"Simu1","KET",200,"cliver",2.82426256120272
"3670",366.9,"Simu1","KET",200,"cliver",2.69823155526875
"3671",367,"Simu1","KET",200,"cliver",2.57982850260131
"3672",367.1,"Simu1","KET",200,"cliver",2.46855536355705
"3673",367.2,"Simu1","KET",200,"cliver",2.36394860248546
"3674",367.3,"Simu1","KET",200,"cliver",2.26557675023526
"3675",367.4,"Simu1","KET",200,"cliver",2.17303812885217
"3676",367.5,"Simu1","KET",200,"cliver",2.08595873029698
"3677",367.6,"Simu1","KET",200,"cliver",2.0039902408956
"3678",367.7,"Simu1","KET",200,"cliver",1.92680820325557
"3679",367.8,"Simu1","KET",200,"cliver",1.85411030750752
"3680",367.9,"Simu1","KET",200,"cliver",1.7856148039069
"3681",368,"Simu1","KET",200,"cliver",1.72105902923238
"3682",368.1,"Simu1","KET",200,"cliver",1.66019803939782
"3683",368.2,"Simu1","KET",200,"cliver",1.60280334126958
"3684",368.3,"Simu1","KET",200,"cliver",1.54866171698388
"3685",368.4,"Simu1","KET",200,"cliver",1.49757413437369
"3686",368.5,"Simu1","KET",200,"cliver",1.44935473743484
"3687",368.6,"Simu1","KET",200,"cliver",1.40382991112597
"3688",368.7,"Simu1","KET",200,"cliver",1.36083741516417
"3689",368.8,"Simu1","KET",200,"cliver",1.32022558181185
"3690",368.9,"Simu1","KET",200,"cliver",1.28185257296387
"3691",369,"Simu1","KET",200,"cliver",1.24558569215002
"3692",369.1,"Simu1","KET",200,"cliver",1.2113007473683
"3693",369.2,"Simu1","KET",200,"cliver",1.1788814609527
"3694",369.3,"Simu1","KET",200,"cliver",1.14821892294511
"3695",369.4,"Simu1","KET",200,"cliver",1.11921108469236
"3696",369.5,"Simu1","KET",200,"cliver",1.09176228962638
"3697",369.6,"Simu1","KET",200,"cliver",1.06578283840894
"3698",369.7,"Simu1","KET",200,"cliver",1.04118858583296
"3699",369.8,"Simu1","KET",200,"cliver",1.01790056706653
"3700",369.9,"Simu1","KET",200,"cliver",0.995844651006256
"3701",370,"Simu1","KET",200,"cliver",0.974951218685985
"3702",370.1,"Simu1","KET",200,"cliver",0.955154864823362
"3703",370.2,"Simu1","KET",200,"cliver",0.936394120751187
"3704",370.3,"Simu1","KET",200,"cliver",0.91861119711289
"3705",370.4,"Simu1","KET",200,"cliver",0.90175174482495
"3706",370.5,"Simu1","KET",200,"cliver",0.885764632923188
"3707",370.6,"Simu1","KET",200,"cliver",0.870601742018149
"3708",370.7,"Simu1","KET",200,"cliver",0.856217772186116
"3709",370.8,"Simu1","KET",200,"cliver",0.842570064213351
"3710",370.9,"Simu1","KET",200,"cliver",0.829618433195229
"3711",371,"Simu1","KET",200,"cliver",0.817325013569532
"3712",371.1,"Simu1","KET",200,"cliver",0.805654114735033
"3713",371.2,"Simu1","KET",200,"cliver",0.794572086473425
"3714",371.3,"Simu1","KET",200,"cliver",0.784047193453179
"3715",371.4,"Simu1","KET",200,"cliver",0.774049498150159
"3716",371.5,"Simu1","KET",200,"cliver",0.764550751571435
"3717",371.6,"Simu1","KET",200,"cliver",0.755524291216185
"3718",371.7,"Simu1","KET",200,"cliver",0.746944945751705
"3719",371.8,"Simu1","KET",200,"cliver",0.738788945922523
"3720",371.9,"Simu1","KET",200,"cliver",0.731033841247708
"3721",372,"Simu1","KET",200,"cliver",0.723658422096269
"3722",372.1,"Simu1","KET",200,"cliver",0.716642646760305
"3723",372.2,"Simu1","KET",200,"cliver",0.709967573175893
"3724",372.3,"Simu1","KET",200,"cliver",0.703615294967898
"3725",372.4,"Simu1","KET",200,"cliver",0.697568881519249
"3726",372.5,"Simu1","KET",200,"cliver",0.691812321787617
"3727",372.6,"Simu1","KET",200,"cliver",0.686330471613063
"3728",372.7,"Simu1","KET",200,"cliver",0.681109004279621
"3729",372.8,"Simu1","KET",200,"cliver",0.676134364111124
"3730",372.9,"Simu1","KET",200,"cliver",0.671393722897833
"3731",373,"Simu1","KET",200,"cliver",0.666874938965278
"3732",373.1,"Simu1","KET",200,"cliver",0.662566518710398
"3733",373.2,"Simu1","KET",200,"cliver",0.65845758044285
"3734",373.3,"Simu1","KET",200,"cliver",0.654537820380933
"3735",373.4,"Simu1","KET",200,"cliver",0.650797480662372
"3736",373.5,"Simu1","KET",200,"cliver",0.647227319240152
"3737",373.6,"Simu1","KET",200,"cliver",0.643818581542683
"3738",373.7,"Simu1","KET",200,"cliver",0.640562973786177
"3739",373.8,"Simu1","KET",200,"cliver",0.637452637834792
"3740",373.9,"Simu1","KET",200,"cliver",0.634480127511424
"3741",374,"Simu1","KET",200,"cliver",0.631638386268738
"3742",374.1,"Simu1","KET",200,"cliver",0.628920726136046
"3743",374.2,"Simu1","KET",200,"cliver",0.626320807863529
"3744",374.3,"Simu1","KET",200,"cliver",0.623832622190536
"3745",374.4,"Simu1","KET",200,"cliver",0.621450472169588
"3746",374.5,"Simu1","KET",200,"cliver",0.619168956482294
"3747",374.6,"Simu1","KET",200,"cliver",0.616982953687513
"3748",374.7,"Simu1","KET",200,"cliver",0.61488760734612
"3749",374.8,"Simu1","KET",200,"cliver",0.612878311970289
"3750",374.9,"Simu1","KET",200,"cliver",0.610950699748584
"3751",375,"Simu1","KET",200,"cliver",0.609100628001318
"3752",375.1,"Simu1","KET",200,"cliver",0.60732416732347
"3753",375.2,"Simu1","KET",200,"cliver",0.605617590375248
"3754",375.3,"Simu1","KET",200,"cliver",0.603977361282819
"3755",375.4,"Simu1","KET",200,"cliver",0.602400125614128
"3756",375.5,"Simu1","KET",200,"cliver",0.600882700896882
"3757",375.6,"Simu1","KET",200,"cliver",0.599422067647804
"3758",375.7,"Simu1","KET",200,"cliver",0.598015360884187
"3759",375.8,"Simu1","KET",200,"cliver",0.596659862090495
"3760",375.9,"Simu1","KET",200,"cliver",0.595352991614462
"3761",376,"Simu1","KET",200,"cliver",0.594092301468658
"3762",376.1,"Simu1","KET",200,"cliver",0.592875468514907
"3763",376.2,"Simu1","KET",200,"cliver",0.591700288010321
"3764",376.3,"Simu1","KET",200,"cliver",0.590564667494966
"3765",376.4,"Simu1","KET",200,"cliver",0.58946662100233
"3766",376.5,"Simu1","KET",200,"cliver",0.588404263574897
"3767",376.6,"Simu1","KET",200,"cliver",0.58737580606813
"3768",376.7,"Simu1","KET",200,"cliver",0.58637955022716
"3769",376.8,"Simu1","KET",200,"cliver",0.585413884021356
"3770",376.9,"Simu1","KET",200,"cliver",0.584477277222835
"3771",377,"Simu1","KET",200,"cliver",0.583568277215729
"3772",377.1,"Simu1","KET",200,"cliver",0.582685505023805
"3773",377.2,"Simu1","KET",200,"cliver",0.581827651544716
"3774",377.3,"Simu1","KET",200,"cliver",0.580993473979834
"3775",377.4,"Simu1","KET",200,"cliver",0.580181792449214
"3776",377.5,"Simu1","KET",200,"cliver",0.579391486781863
"3777",377.6,"Simu1","KET",200,"cliver",0.578621493471971
"3778",377.7,"Simu1","KET",200,"cliver",0.577870802792351
"3779",377.8,"Simu1","KET",200,"cliver",0.577138456056746
"3780",377.9,"Simu1","KET",200,"cliver",0.576423543023178
"3781",378,"Simu1","KET",200,"cliver",0.575725199430914
"3782",378.1,"Simu1","KET",200,"cliver",0.575042604664013
"3783",378.2,"Simu1","KET",200,"cliver",0.574374979534851
"3784",378.3,"Simu1","KET",200,"cliver",0.573721584181325
"3785",378.4,"Simu1","KET",200,"cliver",0.573081716071807
"3786",378.5,"Simu1","KET",200,"cliver",0.572454708112235
"3787",378.6,"Simu1","KET",200,"cliver",0.571839926850024
"3788",378.7,"Simu1","KET",200,"cliver",0.571236770769764
"3789",378.8,"Simu1","KET",200,"cliver",0.570644668675941
"3790",378.9,"Simu1","KET",200,"cliver",0.570063078158189
"3791",379,"Simu1","KET",200,"cliver",0.569491484134779
"3792",379.1,"Simu1","KET",200,"cliver",0.568929397470323
"3793",379.2,"Simu1","KET",200,"cliver",0.568376353663858
"3794",379.3,"Simu1","KET",200,"cliver",0.567831911603679
"3795",379.4,"Simu1","KET",200,"cliver",0.567295652385489
"3796",379.5,"Simu1","KET",200,"cliver",0.566767178190616
"3797",379.6,"Simu1","KET",200,"cliver",0.566246111221199
"3798",379.7,"Simu1","KET",200,"cliver",0.565732092689434
"3799",379.8,"Simu1","KET",200,"cliver",0.565224781858102
"3800",379.9,"Simu1","KET",200,"cliver",0.564723855129751
"3801",380,"Simu1","KET",200,"cliver",0.564229005182052
"3802",380.1,"Simu1","KET",200,"cliver",0.563739940146958
"3803",380.2,"Simu1","KET",200,"cliver",0.563256382831437
"3804",380.3,"Simu1","KET",200,"cliver",0.562778069977653
"3805",380.4,"Simu1","KET",200,"cliver",0.562304751560585
"3806",380.5,"Simu1","KET",200,"cliver",0.561836190121177
"3807",380.6,"Simu1","KET",200,"cliver",0.561372160133207
"3808",380.7,"Simu1","KET",200,"cliver",0.560912447402162
"3809",380.8,"Simu1","KET",200,"cliver",0.560456848494487
"3810",380.9,"Simu1","KET",200,"cliver",0.560005170195673
"3811",381,"Simu1","KET",200,"cliver",0.559557228995706
"3812",381.1,"Simu1","KET",200,"cliver",0.559112850600503
"3813",381.2,"Simu1","KET",200,"cliver",0.558671869468
"3814",381.3,"Simu1","KET",200,"cliver",0.558234128367654
"3815",381.4,"Simu1","KET",200,"cliver",0.557799477962173
"3816",381.5,"Simu1","KET",200,"cliver",0.557367776410331
"3817",381.6,"Simu1","KET",200,"cliver",0.556938888989824
"3818",381.7,"Simu1","KET",200,"cliver",0.556512687739135
"3819",381.8,"Simu1","KET",200,"cliver",0.556089051117447
"3820",381.9,"Simu1","KET",200,"cliver",0.555667863681702
"3821",382,"Simu1","KET",200,"cliver",0.555249015779931
"3822",382.1,"Simu1","KET",200,"cliver",0.554832403260029
"3823",382.2,"Simu1","KET",200,"cliver",0.554417927193201
"3824",382.3,"Simu1","KET",200,"cliver",0.554005493611341
"3825",382.4,"Simu1","KET",200,"cliver",0.553595013257627
"3826",382.5,"Simu1","KET",200,"cliver",0.553186401349677
"3827",382.6,"Simu1","KET",200,"cliver",0.552779577354627
"3828",382.7,"Simu1","KET",200,"cliver",0.552374464775532
"3829",382.8,"Simu1","KET",200,"cliver",0.551970990948512
"3830",382.9,"Simu1","KET",200,"cliver",0.551569086850109
"3831",383,"Simu1","KET",200,"cliver",0.55116868691434
"3832",383.1,"Simu1","KET",200,"cliver",0.550769728858945
"3833",383.2,"Simu1","KET",200,"cliver",0.550372153520385
"3834",383.3,"Simu1","KET",200,"cliver",0.549975904697135
"3835",383.4,"Simu1","KET",200,"cliver",0.549580929000856
"3836",383.5,"Simu1","KET",200,"cliver",0.549187175715058
"3837",383.6,"Simu1","KET",200,"cliver",0.548794596660865
"3838",383.7,"Simu1","KET",200,"cliver",0.548403146069532
"3839",383.8,"Simu1","KET",200,"cliver",0.548012780471221
"3840",383.9,"Simu1","KET",200,"cliver",0.547623459103796
"3841",384,"Simu1","KET",200,"cliver",0.550814805377476
"3842",384.1,"Simu1","KET",200,"cliver",4.16113957997795
"3843",384.2,"Simu1","KET",200,"cliver",13.8912209642577
"3844",384.3,"Simu1","KET",200,"cliver",24.2698029851353
"3845",384.4,"Simu1","KET",200,"cliver",33.3315724614351
"3846",384.5,"Simu1","KET",200,"cliver",40.6358299047994
"3847",384.6,"Simu1","KET",200,"cliver",46.2423870605365
"3848",384.7,"Simu1","KET",200,"cliver",50.3549211933307
"3849",384.8,"Simu1","KET",200,"cliver",53.2000044759151
"3850",384.9,"Simu1","KET",200,"cliver",54.9887076968305
"3851",385,"Simu1","KET",200,"cliver",55.9066695478957
"3852",385.1,"Simu1","KET",200,"cliver",56.1136056481457
"3853",385.2,"Simu1","KET",200,"cliver",55.7456484132048
"3854",385.3,"Simu1","KET",200,"cliver",54.9182778269923
"3855",385.4,"Simu1","KET",200,"cliver",53.7291318883191
"3856",385.5,"Simu1","KET",200,"cliver",52.2605056653411
"3857",385.6,"Simu1","KET",200,"cliver",50.5815214616548
"3858",385.7,"Simu1","KET",200,"cliver",48.7499983331153
"3859",385.8,"Simu1","KET",200,"cliver",46.8140618604261
"3860",385.9,"Simu1","KET",200,"cliver",44.81353761908
"3861",386,"Simu1","KET",200,"cliver",42.7811503624942
"3862",386.1,"Simu1","KET",200,"cliver",40.7435556695074
"3863",386.2,"Simu1","KET",200,"cliver",38.7222468850002
"3864",386.3,"Simu1","KET",200,"cliver",36.7343396206395
"3865",386.4,"Simu1","KET",200,"cliver",34.793238033053
"3866",386.5,"Simu1","KET",200,"cliver",32.9092128459456
"3867",386.6,"Simu1","KET",200,"cliver",31.0899072240531
"3868",386.7,"Simu1","KET",200,"cliver",29.3407748577961
"3869",386.8,"Simu1","KET",200,"cliver",27.6654525551313
"3870",386.9,"Simu1","KET",200,"cliver",26.0660774888067
"3871",387,"Simu1","KET",200,"cliver",24.5435608227777
"3872",387.1,"Simu1","KET",200,"cliver",23.0978249320412
"3873",387.2,"Simu1","KET",200,"cliver",21.7280001872083
"3874",387.3,"Simu1","KET",200,"cliver",20.4325913966312
"3875",387.4,"Simu1","KET",200,"cliver",19.2096193793392
"3876",387.5,"Simu1","KET",200,"cliver",18.0567406614386
"3877",387.6,"Simu1","KET",200,"cliver",16.9713470554252
"3878",387.7,"Simu1","KET",200,"cliver",15.9506476211456
"3879",387.8,"Simu1","KET",200,"cliver",14.9917360373771
"3880",387.9,"Simu1","KET",200,"cliver",14.0916459115305
"3881",388,"Simu1","KET",200,"cliver",13.2473957504031
"3882",388.1,"Simu1","KET",200,"cliver",12.4560249834033
"3883",388.2,"Simu1","KET",200,"cliver",11.7146219897003
"3884",388.3,"Simu1","KET",200,"cliver",11.0203461410103
"3885",388.4,"Simu1","KET",200,"cliver",10.370444527586
"3886",388.5,"Simu1","KET",200,"cliver",9.76226422678252
"3887",388.6,"Simu1","KET",200,"cliver",9.19326084210966
"3888",388.7,"Simu1","KET",200,"cliver",8.66100403679438
"3889",388.8,"Simu1","KET",200,"cliver",8.16318065339825
"3890",388.9,"Simu1","KET",200,"cliver",7.69759586592757
"3891",389,"Simu1","KET",200,"cliver",7.26217273198258
"3892",389.1,"Simu1","KET",200,"cliver",6.85495047937779
"3893",389.2,"Simu1","KET",200,"cliver",6.47408182314873
"3894",389.3,"Simu1","KET",200,"cliver",6.11782955329138
"3895",389.4,"Simu1","KET",200,"cliver",5.78456258194562
"3896",389.5,"Simu1","KET",200,"cliver",5.47275160467311
"3897",389.6,"Simu1","KET",200,"cliver",5.18096450776866
"3898",389.7,"Simu1","KET",200,"cliver",4.90786163166929
"3899",389.8,"Simu1","KET",200,"cliver",4.65219097765974
"3900",389.9,"Simu1","KET",200,"cliver",4.41278342539939
"3901",390,"Simu1","KET",200,"cliver",4.18854801437158
"3902",390.1,"Simu1","KET",200,"cliver",3.97846733135439
"3903",390.2,"Simu1","KET",200,"cliver",3.78159303664408
"3904",390.3,"Simu1","KET",200,"cliver",3.59704155208187
"3905",390.4,"Simu1","KET",200,"cliver",3.42398992729147
"3906",390.5,"Simu1","KET",200,"cliver",3.26167189478837
"3907",390.6,"Simu1","KET",200,"cliver",3.10937412027133
"3908",390.7,"Simu1","KET",200,"cliver",2.96643265072146
"3909",390.8,"Simu1","KET",200,"cliver",2.83222955990777
"3910",390.9,"Simu1","KET",200,"cliver",2.70618978856293
"3911",391,"Simu1","KET",200,"cliver",2.58777817474682
"3912",391.1,"Simu1","KET",200,"cliver",2.4764966686039
"3913",391.2,"Simu1","KET",200,"cliver",2.37188172473778
"3914",391.3,"Simu1","KET",200,"cliver",2.27350186471604
"3915",391.4,"Simu1","KET",200,"cliver",2.18095540176632
"3916",391.5,"Simu1","KET",200,"cliver",2.09386831947773
"3917",391.6,"Simu1","KET",200,"cliver",2.01189229622705
"3918",391.7,"Simu1","KET",200,"cliver",1.93470286707556
"3919",391.8,"Simu1","KET",200,"cliver",1.86199771499695
"3920",391.9,"Simu1","KET",200,"cliver",1.7934950834931
"3921",392,"Simu1","KET",200,"cliver",1.72893230290485
"3922",392.1,"Simu1","KET",200,"cliver",1.66806442300167
"3923",392.2,"Simu1","KET",200,"cliver",1.61066294488043
"3924",392.3,"Simu1","KET",200,"cliver",1.55651464523994
"3925",392.4,"Simu1","KET",200,"cliver",1.50542048675742
"3926",392.5,"Simu1","KET",200,"cliver",1.45719460852612
"3927",392.6,"Simu1","KET",200,"cliver",1.41166339085698
"3928",392.7,"Simu1","KET",200,"cliver",1.36866458907464
"3929",392.8,"Simu1","KET",200,"cliver",1.32804653128895
"3930",392.9,"Simu1","KET",200,"cliver",1.2896673754612
"3931",393,"Simu1","KET",200,"cliver",1.25339442139251
"3932",393.1,"Simu1","KET",200,"cliver",1.21910347354903
"3933",393.2,"Simu1","KET",200,"cliver",1.18667825092137
"3934",393.3,"Simu1","KET",200,"cliver",1.15600984038546
"3935",393.4,"Simu1","KET",200,"cliver",1.12699619028826
"3936",393.5,"Simu1","KET",200,"cliver",1.09954164121838
"3937",393.6,"Simu1","KET",200,"cliver",1.07355649114284
"3938",393.7,"Simu1","KET",200,"cliver",1.04895659230054
"3939",393.8,"Simu1","KET",200,"cliver",1.02566297743843
"3940",393.9,"Simu1","KET",200,"cliver",1.00360151315913
"3941",394,"Simu1","KET",200,"cliver",0.982702578317902
"3942",394.1,"Simu1","KET",200,"cliver",0.962900765562665
"3943",394.2,"Simu1","KET",200,"cliver",0.944134604265905
"3944",394.3,"Simu1","KET",200,"cliver",0.926346303212424
"3945",394.4,"Simu1","KET",200,"cliver",0.909481511553849
"3946",394.5,"Simu1","KET",200,"cliver",0.893489096648895
"3947",394.6,"Simu1","KET",200,"cliver",0.878320937515046
"3948",394.7,"Simu1","KET",200,"cliver",0.86393173271599
"3949",394.8,"Simu1","KET",200,"cliver",0.85027882160139
"3950",394.9,"Simu1","KET",200,"cliver",0.8373220179014
"3951",395,"Simu1","KET",200,"cliver",0.825023454756003
"3952",395.1,"Simu1","KET",200,"cliver",0.813347440330244
"3953",395.2,"Simu1","KET",200,"cliver",0.802260323232946
"3954",395.3,"Simu1","KET",200,"cliver",0.791730367017316
"3955",395.4,"Simu1","KET",200,"cliver",0.781727633098441
"3956",395.5,"Simu1","KET",200,"cliver",0.772223871474243
"3957",395.6,"Simu1","KET",200,"cliver",0.763192418683752
"3958",395.7,"Simu1","KET",200,"cliver",0.754608102480623
"3959",395.8,"Simu1","KET",200,"cliver",0.746447152739851
"3960",395.9,"Simu1","KET",200,"cliver",0.738687118152947
"3961",396,"Simu1","KET",200,"cliver",0.731306788300869
"3962",396.1,"Simu1","KET",200,"cliver",0.724286120725147
"3963",396.2,"Simu1","KET",200,"cliver",0.717606172647367
"3964",396.3,"Simu1","KET",200,"cliver",0.711249037012037
"3965",396.4,"Simu1","KET",200,"cliver",0.705197782553991
"3966",396.5,"Simu1","KET",200,"cliver",0.699436397613398
"3967",396.6,"Simu1","KET",200,"cliver",0.693949737441968
"3968",396.7,"Simu1","KET",200,"cliver",0.688723474763166
"3969",396.8,"Simu1","KET",200,"cliver",0.683744053366665
"3970",396.9,"Simu1","KET",200,"cliver",0.67899864453364
"3971",397,"Simu1","KET",200,"cliver",0.674475106104379
"3972",397.1,"Simu1","KET",200,"cliver",0.670161944013272
"3973",397.2,"Simu1","KET",200,"cliver",0.666048276129042
"3974",397.3,"Simu1","KET",200,"cliver",0.662123798249617
"3975",397.4,"Simu1","KET",200,"cliver",0.658378752111911
"3976",397.5,"Simu1","KET",200,"cliver",0.654803895286728
"3977",397.6,"Simu1","KET",200,"cliver",0.651390472838032
"3978",397.7,"Simu1","KET",200,"cliver",0.648130190634481
"3979",397.8,"Simu1","KET",200,"cliver",0.645015190208764
"3980",397.9,"Simu1","KET",200,"cliver",0.642038025067644
"3981",398,"Simu1","KET",200,"cliver",0.639191638362229
"3982",398.1,"Simu1","KET",200,"cliver",0.636469341834158
"3983",398.2,"Simu1","KET",200,"cliver",0.633864795959216
"3984",398.3,"Simu1","KET",200,"cliver",0.631371991214989
"3985",398.4,"Simu1","KET",200,"cliver",0.628985230404266
"3986",398.5,"Simu1","KET",200,"cliver",0.62669911197038
"3987",398.6,"Simu1","KET",200,"cliver",0.624508514244838
"3988",398.7,"Simu1","KET",200,"cliver",0.622408580571591
"3989",398.8,"Simu1","KET",200,"cliver",0.620394705255821
"3990",398.9,"Simu1","KET",200,"cliver",0.618462520288569
"3991",399,"Simu1","KET",200,"cliver",0.61660788280165
"3992",399.1,"Simu1","KET",200,"cliver",0.614826863210154
"3993",399.2,"Simu1","KET",200,"cliver",0.613115734002609
"3994",399.3,"Simu1","KET",200,"cliver",0.611470959141328
"3995",399.4,"Simu1","KET",200,"cliver",0.609889184037868
"3996",399.5,"Simu1","KET",200,"cliver",0.608367226070663
"3997",399.6,"Simu1","KET",200,"cliver",0.606902065613957
"3998",399.7,"Simu1","KET",200,"cliver",0.605490837549032
"3999",399.8,"Simu1","KET",200,"cliver",0.604130823230522
"4000",399.9,"Simu1","KET",200,"cliver",0.60281944288222
"4001",400,"Simu1","KET",200,"cliver",0.601554248398373
"4002",400.1,"Simu1","KET",200,"cliver",0.600332916527836
"4003",400.2,"Simu1","KET",200,"cliver",0.599153242419869
"4004",400.3,"Simu1","KET",200,"cliver",0.598013133511564
"4005",400.4,"Simu1","KET",200,"cliver",0.596910603738083
"4006",400.5,"Simu1","KET",200,"cliver",0.595843768048024
"4007",400.6,"Simu1","KET",200,"cliver",0.594810837207194
"4008",400.7,"Simu1","KET",200,"cliver",0.593810112875106
"4009",400.8,"Simu1","KET",200,"cliver",0.592839982939367
"4010",400.9,"Simu1","KET",200,"cliver",0.591898917094001
"4011",401,"Simu1","KET",200,"cliver",0.590985462648559
"4012",401.1,"Simu1","KET",200,"cliver",0.590098240555566
"4013",401.2,"Simu1","KET",200,"cliver",0.589235941644628
"4014",401.3,"Simu1","KET",200,"cliver",0.58839732305211
"4015",401.4,"Simu1","KET",200,"cliver",0.587581204835967
"4016",401.5,"Simu1","KET",200,"cliver",0.586786466765873
"4017",401.6,"Simu1","KET",200,"cliver",0.586012045279331
"4018",401.7,"Simu1","KET",200,"cliver",0.585256930594986
"4019",401.8,"Simu1","KET",200,"cliver",0.58452016397482
"4020",401.9,"Simu1","KET",200,"cliver",0.583800835127389
"4021",402,"Simu1","KET",200,"cliver",0.583098079744678
"4022",402.1,"Simu1","KET",200,"cliver",0.582411077165559
"4023",402.2,"Simu1","KET",200,"cliver",0.581739048159209
"4024",402.3,"Simu1","KET",200,"cliver",0.581081252822228
"4025",402.4,"Simu1","KET",200,"cliver",0.580436988583504
"4026",402.5,"Simu1","KET",200,"cliver",0.57980558831122
"4027",402.6,"Simu1","KET",200,"cliver",0.579186418516688
"4028",402.7,"Simu1","KET",200,"cliver",0.578578877649964
"4029",402.8,"Simu1","KET",200,"cliver",0.577982394482508
"4030",402.9,"Simu1","KET",200,"cliver",0.577396426572355
"4031",403,"Simu1","KET",200,"cliver",0.576820458807546
"4032",403.1,"Simu1","KET",200,"cliver",0.576254002023765
"4033",403.2,"Simu1","KET",200,"cliver",0.575696591692365
"4034",403.3,"Simu1","KET",200,"cliver",0.575147786675143
"4035",403.4,"Simu1","KET",200,"cliver",0.574607168042436
"4036",403.5,"Simu1","KET",200,"cliver",0.574074337951282
"4037",403.6,"Simu1","KET",200,"cliver",0.573548918580563
"4038",403.7,"Simu1","KET",200,"cliver",0.573030551120198
"4039",403.8,"Simu1","KET",200,"cliver",0.572518894811627
"4040",403.9,"Simu1","KET",200,"cliver",0.57201362603695
"4041",404,"Simu1","KET",200,"cliver",0.571514437454245
"4042",404.1,"Simu1","KET",200,"cliver",0.57102103717668
"4043",404.2,"Simu1","KET",200,"cliver",0.570533147993217
"4044",404.3,"Simu1","KET",200,"cliver",0.570050506628751
"4045",404.4,"Simu1","KET",200,"cliver",0.5695728630417
"4046",404.5,"Simu1","KET",200,"cliver",0.569099979757115
"4047",404.6,"Simu1","KET",200,"cliver",0.568631631233527
"4048",404.7,"Simu1","KET",200,"cliver",0.568167603261783
"4049",404.8,"Simu1","KET",200,"cliver",0.567707692394278
"4050",404.9,"Simu1","KET",200,"cliver",0.567251705403002
"4051",405,"Simu1","KET",200,"cliver",0.566799458764978
"4052",405.1,"Simu1","KET",200,"cliver",0.566350778173659
"4053",405.2,"Simu1","KET",200,"cliver",0.565905498075005
"4054",405.3,"Simu1","KET",200,"cliver",0.565463461226956
"4055",405.4,"Simu1","KET",200,"cliver",0.565024518281141
"4056",405.5,"Simu1","KET",200,"cliver",0.564588527385675
"4057",405.6,"Simu1","KET",200,"cliver",0.564155353807995
"4058",405.7,"Simu1","KET",200,"cliver",0.563724869576703
"4059",405.8,"Simu1","KET",200,"cliver",0.563296953141467
"4060",405.9,"Simu1","KET",200,"cliver",0.562871489050059
"4061",406,"Simu1","KET",200,"cliver",0.56244836764167
"4062",406.1,"Simu1","KET",200,"cliver",0.562027484755671
"4063",406.2,"Simu1","KET",200,"cliver",0.561608741455044
"4064",406.3,"Simu1","KET",200,"cliver",0.561192043763745
"4065",406.4,"Simu1","KET",200,"cliver",0.560777302417288
"4066",406.5,"Simu1","KET",200,"cliver",0.560364432625886
"4067",406.6,"Simu1","KET",200,"cliver",0.559953353849522
"4068",406.7,"Simu1","KET",200,"cliver",0.55954398958433
"4069",406.8,"Simu1","KET",200,"cliver",0.55913626715974
"4070",406.9,"Simu1","KET",200,"cliver",0.558730117545817
"4071",407,"Simu1","KET",200,"cliver",0.558325475170305
"4072",407.1,"Simu1","KET",200,"cliver",0.55792227774487
"4073",407.2,"Simu1","KET",200,"cliver",0.557520466100084
"4074",407.3,"Simu1","KET",200,"cliver",0.557119984028711
"4075",407.4,"Simu1","KET",200,"cliver",0.556720778136872
"4076",407.5,"Simu1","KET",200,"cliver",0.5563227977027
"4077",407.6,"Simu1","KET",200,"cliver",0.555925994542094
"4078",407.7,"Simu1","KET",200,"cliver",0.555530322881232
"4079",407.8,"Simu1","KET",200,"cliver",0.555135739236114
"4080",407.9,"Simu1","KET",200,"cliver",0.554742202572123
"4081",408,"Simu1","KET",200,"cliver",0.557929339885862
"4082",408.1,"Simu1","KET",200,"cliver",4.16825148121595
"4083",408.2,"Simu1","KET",200,"cliver",13.8983400118627
"4084",408.3,"Simu1","KET",200,"cliver",24.2769415321548
"4085",408.4,"Simu1","KET",200,"cliver",33.338740277193
"4086",408.5,"Simu1","KET",200,"cliver",40.6430333632721
"4087",408.6,"Simu1","KET",200,"cliver",46.2496295514281
"4088",408.7,"Simu1","KET",200,"cliver",50.3622037200697
"4089",408.8,"Simu1","KET",200,"cliver",53.2073262983827
"4090",408.9,"Simu1","KET",200,"cliver",54.996066908052
"4091",409,"Simu1","KET",200,"cliver",55.914063156476
"4092",409.1,"Simu1","KET",200,"cliver",56.1210300925907
"4093",409.2,"Simu1","KET",200,"cliver",55.7530997873745
"4094",409.3,"Simu1","KET",200,"cliver",54.9257520782793
"4095",409.4,"Simu1","KET",200,"cliver",53.7366248084177
"4096",409.5,"Simu1","KET",200,"cliver",52.2680135433439
"4097",409.6,"Simu1","KET",200,"cliver",50.5890399264114
"4098",409.7,"Simu1","KET",200,"cliver",48.7575239167414
"4099",409.8,"Simu1","KET",200,"cliver",46.8215923763068
"4100",409.9,"Simu1","KET",200,"cliver",44.8210677375069
"4101",410,"Simu1","KET",200,"cliver",42.7886754687909
"4102",410.1,"Simu1","KET",200,"cliver",40.7510771929259
"4103",410.2,"Simu1","KET",200,"cliver",38.7297688473993
"4104",410.3,"Simu1","KET",200,"cliver",36.7418552560936
"4105",410.4,"Simu1","KET",200,"cliver",34.8007382794838
"4106",410.5,"Simu1","KET",200,"cliver",32.9166948458693
"4107",410.6,"Simu1","KET",200,"cliver",31.0973730542759
"4108",410.7,"Simu1","KET",200,"cliver",29.3482255698027
"4109",410.8,"Simu1","KET",200,"cliver",27.6728867267384
"4110",410.9,"Simu1","KET",200,"cliver",26.0734942735663
"4111",411,"Simu1","KET",200,"cliver",24.5509617985469
"4112",411.1,"Simu1","KET",200,"cliver",23.105211035269
"4113",411.2,"Simu1","KET",200,"cliver",21.7353706472608
"4114",411.3,"Simu1","KET",200,"cliver",20.4399449148611
"4115",411.4,"Simu1","KET",200,"cliver",19.2169549234415
"4116",411.5,"Simu1","KET",200,"cliver",18.0640578572337
"4117",411.6,"Simu1","KET",200,"cliver",16.9786461312373
"4118",411.7,"Simu1","KET",200,"cliver",15.9579289179535
"4119",411.8,"Simu1","KET",200,"cliver",14.9989997961149
"4120",411.9,"Simu1","KET",200,"cliver",14.0988923590568
"4121",412,"Simu1","KET",200,"cliver",13.2546252072624
"4122",412.1,"Simu1","KET",200,"cliver",12.4632377662083
"4123",412.2,"Simu1","KET",200,"cliver",11.7218185044748
"4124",412.3,"Simu1","KET",200,"cliver",11.0275268888397
"4125",412.4,"Simu1","KET",200,"cliver",10.3776099757923
"4126",412.5,"Simu1","KET",200,"cliver",9.7694148009682
"4127",412.6,"Simu1","KET",200,"cliver",9.20039695559169
"4128",412.7,"Simu1","KET",200,"cliver",8.66812611493643
"4129",412.8,"Simu1","KET",200,"cliver",8.17028912692561
"4130",412.9,"Simu1","KET",200,"cliver",7.70469115385792
"4131",413,"Simu1","KET",200,"cliver",7.26925523647371
"4132",413.1,"Simu1","KET",200,"cliver",6.86202059105705
"4133",413.2,"Simu1","KET",200,"cliver",6.48113992476907
"4134",413.3,"Simu1","KET",200,"cliver",6.12487601748888
"4135",413.4,"Simu1","KET",200,"cliver",5.79159776769455
"4136",413.5,"Simu1","KET",200,"cliver",5.4797758565043
"4137",413.6,"Simu1","KET",200,"cliver",5.18797815699028
"4138",413.7,"Simu1","KET",200,"cliver",4.9148649971254
"4139",413.8,"Simu1","KET",200,"cliver",4.65918436538612
"4140",413.9,"Simu1","KET",200,"cliver",4.41976712817885
"4141",414,"Simu1","KET",200,"cliver",4.19552231192384
"4142",414.1,"Simu1","KET",200,"cliver",3.98543249098283
"4143",414.2,"Simu1","KET",200,"cliver",3.78854931356048
"4144",414.3,"Simu1","KET",200,"cliver",3.60398918954842
"4145",414.4,"Simu1","KET",200,"cliver",3.4309291571021
"4146",414.5,"Simu1","KET",200,"cliver",3.2686029377004
"4147",414.6,"Simu1","KET",200,"cliver",3.11629718643579
"4148",414.7,"Simu1","KET",200,"cliver",2.97334794007608
"4149",414.8,"Simu1","KET",200,"cliver",2.83913726257812
"4150",414.9,"Simu1","KET",200,"cliver",2.71309008528914
"4151",415,"Simu1","KET",200,"cliver",2.59467123731463
"4152",415.1,"Simu1","KET",200,"cliver",2.48338266025827
"4153",415.2,"Simu1","KET",200,"cliver",2.37876080057848
"4154",415.3,"Simu1","KET",200,"cliver",2.28037417208405
"4155",415.4,"Simu1","KET",200,"cliver",2.18782108062359
"4156",415.5,"Simu1","KET",200,"cliver",2.10072750277533
"4157",415.6,"Simu1","KET",200,"cliver",2.01874511025743
"4158",415.7,"Simu1","KET",200,"cliver",1.94154943180933
"4159",415.8,"Simu1","KET",200,"cliver",1.86883814440599
"4160",415.9,"Simu1","KET",200,"cliver",1.80032948586058
"4161",416,"Simu1","KET",200,"cliver",1.73576078112388
"4162",416.1,"Simu1","KET",200,"cliver",1.67488707488141
"4163",416.2,"Simu1","KET",200,"cliver",1.61747986336487
"4164",416.3,"Simu1","KET",200,"cliver",1.56332591864519
"4165",416.4,"Simu1","KET",200,"cliver",1.51222619906763
"4166",416.5,"Simu1","KET",200,"cliver",1.46399483962971
"4167",416.6,"Simu1","KET",200,"cliver",1.41845821675097
"4168",416.7,"Simu1","KET",200,"cliver",1.37545408205713
"4169",416.8,"Simu1","KET",200,"cliver",1.33483076015498
"4170",416.9,"Simu1","KET",200,"cliver",1.29644640569474
"4171",417,"Simu1","KET",200,"cliver",1.26016831534369
"4172",417.1,"Simu1","KET",200,"cliver",1.22587229059673
"4173",417.2,"Simu1","KET",200,"cliver",1.19344204762708
"4174",417.3,"Simu1","KET",200,"cliver",1.16276867064141
"4175",417.4,"Simu1","KET",200,"cliver",1.13375010545846
"4176",417.5,"Simu1","KET",200,"cliver",1.10629069027087
"4177",417.6,"Simu1","KET",200,"cliver",1.08030072077376
"4178",417.7,"Simu1","KET",200,"cliver",1.05569604705142
"4179",417.8,"Simu1","KET",200,"cliver",1.03239769980763
"4180",417.9,"Simu1","KET",200,"cliver",1.01033154370727
"4181",418,"Simu1","KET",200,"cliver",0.989427955767444
"4182",418.1,"Simu1","KET",200,"cliver",0.969621526893358
"4183",418.2,"Simu1","KET",200,"cliver",0.950850784800193
"4184",418.3,"Simu1","KET",200,"cliver",0.933057936698289
"4185",418.4,"Simu1","KET",200,"cliver",0.916188630247857
"4186",418.5,"Simu1","KET",200,"cliver",0.900191731391711
"4187",418.6,"Simu1","KET",200,"cliver",0.885019117801543
"4188",418.7,"Simu1","KET",200,"cliver",0.870625486761537
"4189",418.8,"Simu1","KET",200,"cliver",0.856968176405527
"4190",418.9,"Simu1","KET",200,"cliver",0.844006999308558
"4191",419,"Simu1","KET",200,"cliver",0.831704087512702
"4192",419.1,"Simu1","KET",200,"cliver",0.820023748138927
"4193",419.2,"Simu1","KET",200,"cliver",0.808932328803001
"4194",419.3,"Simu1","KET",200,"cliver",0.798398092113618
"4195",419.4,"Simu1","KET",200,"cliver",0.788391098587426
"4196",419.5,"Simu1","KET",200,"cliver",0.778883097367535
"4197",419.6,"Simu1","KET",200,"cliver",0.769847424179471
"4198",419.7,"Simu1","KET",200,"cliver",0.761258906002582
"4199",419.8,"Simu1","KET",200,"cliver",0.753093771974793
"4200",419.9,"Simu1","KET",200,"cliver",0.745329570085893
"4201",420,"Simu1","KET",200,"cliver",0.737945089248676
"4202",420.1,"Simu1","KET",200,"cliver",0.730920286368473
"4203",420.2,"Simu1","KET",200,"cliver",0.72423621806068
"4204",420.3,"Simu1","KET",200,"cliver",0.717874976692274
"4205",420.4,"Simu1","KET",200,"cliver",0.711819630448148
"4206",420.5,"Simu1","KET",200,"cliver",0.706054167144515
"4207",420.6,"Simu1","KET",200,"cliver",0.700563441533749
"4208",420.7,"Simu1","KET",200,"cliver",0.695333125863379
"4209",420.8,"Simu1","KET",200,"cliver",0.690349663469463
"4210",420.9,"Simu1","KET",200,"cliver",0.685600225200832
"4211",421,"Simu1","KET",200,"cliver",0.681072668485642
"4212",421.1,"Simu1","KET",200,"cliver",0.676755498865358
"4213",421.2,"Simu1","KET",200,"cliver",0.672637833834062
"4214",421.3,"Simu1","KET",200,"cliver",0.668709368832456
"4215",421.4,"Simu1","KET",200,"cliver",0.664960345256818
"4216",421.5,"Simu1","KET",200,"cliver",0.6613815203531
"4217",421.6,"Simu1","KET",200,"cliver",0.657964138875447
"4218",421.7,"Simu1","KET",200,"cliver",0.65469990639701
"4219",421.8,"Simu1","KET",200,"cliver",0.651580964168616
"4220",421.9,"Simu1","KET",200,"cliver",0.648599865428158
"4221",422,"Simu1","KET",200,"cliver",0.645749553070256
"4222",422.1,"Simu1","KET",200,"cliver",0.643023338591866
"4223",422.2,"Simu1","KET",200,"cliver",0.64041488223531
"4224",422.3,"Simu1","KET",200,"cliver",0.637918174255417
"4225",422.4,"Simu1","KET",200,"cliver",0.635527517242459
"4226",422.5,"Simu1","KET",200,"cliver",0.633237509436983
"4227",422.6,"Simu1","KET",200,"cliver",0.631043028976992
"4228",422.7,"Simu1","KET",200,"cliver",0.628939219021767
"4229",422.8,"Simu1","KET",200,"cliver",0.626921473700259
"4230",422.9,"Simu1","KET",200,"cliver",0.624985424835325
"4231",423,"Simu1","KET",200,"cliver",0.623126929398265
"4232",423.1,"Simu1","KET",200,"cliver",0.62134205765097
"4233",423.2,"Simu1","KET",200,"cliver",0.619627081935739
"4234",423.3,"Simu1","KET",200,"cliver",0.617978466075313
"4235",423.4,"Simu1","KET",200,"cliver",0.616392855348018
"4236",423.5,"Simu1","KET",200,"cliver",0.614867067005115
"4237",423.6,"Simu1","KET",200,"cliver",0.613398081299441
"4238",423.7,"Simu1","KET",200,"cliver",0.611983032996379
"4239",423.8,"Simu1","KET",200,"cliver",0.610619203339918
"4240",423.9,"Simu1","KET",200,"cliver",0.609304012448215
"4241",424,"Simu1","KET",200,"cliver",0.608035012114661
"4242",424.1,"Simu1","KET",200,"cliver",0.606809878991815
"4243",424.2,"Simu1","KET",200,"cliver",0.605626408136991
"4244",424.3,"Simu1","KET",200,"cliver",0.604482506899479
"4245",424.4,"Simu1","KET",200,"cliver",0.603376189130606
"4246",424.5,"Simu1","KET",200,"cliver",0.60230556969891
"4247",424.6,"Simu1","KET",200,"cliver",0.601268859293741
"4248",424.7,"Simu1","KET",200,"cliver",0.600264359501593
"4249",424.8,"Simu1","KET",200,"cliver",0.599290458140333
"4250",424.9,"Simu1","KET",200,"cliver",0.598345624837377
"4251",425,"Simu1","KET",200,"cliver",0.597428406838652
"4252",425.1,"Simu1","KET",200,"cliver",0.59653742503591
"4253",425.2,"Simu1","KET",200,"cliver",0.595671370200698
"4254",425.3,"Simu1","KET",200,"cliver",0.594828999413919
"4255",425.4,"Simu1","KET",200,"cliver",0.59400913268054
"4256",425.5,"Simu1","KET",200,"cliver",0.593210649719606
"4257",425.6,"Simu1","KET",200,"cliver",0.592432486920245
"4258",425.7,"Simu1","KET",200,"cliver",0.591673634454875
"4259",425.8,"Simu1","KET",200,"cliver",0.5909331335413
"4260",425.9,"Simu1","KET",200,"cliver",0.590210073845856
"4261",426,"Simu1","KET",200,"cliver",0.589503591020176
"4262",426.1,"Simu1","KET",200,"cliver",0.588812864364555
"4263",426.2,"Simu1","KET",200,"cliver",0.588137114611299
"4264",426.3,"Simu1","KET",200,"cliver",0.587475601821752
"4265",426.4,"Simu1","KET",200,"cliver",0.586827623391094
"4266",426.5,"Simu1","KET",200,"cliver",0.586192512155278
"4267",426.6,"Simu1","KET",200,"cliver",0.585569634594788
"4268",426.7,"Simu1","KET",200,"cliver",0.584958389130201
"4269",426.8,"Simu1","KET",200,"cliver",0.584358204504775
"4270",426.9,"Simu1","KET",200,"cliver",0.583768538249567
"4271",427,"Simu1","KET",200,"cliver",0.583188875226803
"4272",427.1,"Simu1","KET",200,"cliver",0.582618726247469
"4273",427.2,"Simu1","KET",200,"cliver",0.582057626759277
"4274",427.3,"Simu1","KET",200,"cliver",0.581505135601396
"4275",427.4,"Simu1","KET",200,"cliver",0.580960833822503
"4276",427.5,"Simu1","KET",200,"cliver",0.580424323558895
"4277",427.6,"Simu1","KET",200,"cliver",0.579895226969592
"4278",427.7,"Simu1","KET",200,"cliver",0.57937318522549
"4279",427.8,"Simu1","KET",200,"cliver",0.578857857549805
"4280",427.9,"Simu1","KET",200,"cliver",0.578348920307177
"4281",428,"Simu1","KET",200,"cliver",0.577846066138949
"4282",428.1,"Simu1","KET",200,"cliver",0.577349003142252
"4283",428.2,"Simu1","KET",200,"cliver",0.576857454090669
"4284",428.3,"Simu1","KET",200,"cliver",0.576371155694351
"4285",428.4,"Simu1","KET",200,"cliver",0.57588985789757
"4286",428.5,"Simu1","KET",200,"cliver",0.575413323211812
"4287",428.6,"Simu1","KET",200,"cliver",0.574941326082584
"4288",428.7,"Simu1","KET",200,"cliver",0.574473652288237
"4289",428.8,"Simu1","KET",200,"cliver",0.574010098369165
"4290",428.9,"Simu1","KET",200,"cliver",0.573550471085836
"4291",429,"Simu1","KET",200,"cliver",0.573094586904202
"4292",429.1,"Simu1","KET",200,"cliver",0.57264227150708
"4293",429.2,"Simu1","KET",200,"cliver",0.572193359330202
"4294",429.3,"Simu1","KET",200,"cliver",0.57174769312168
"4295",429.4,"Simu1","KET",200,"cliver",0.571305123523684
"4296",429.5,"Simu1","KET",200,"cliver",0.570865508675233
"4297",429.6,"Simu1","KET",200,"cliver",0.570428713835006
"4298",429.7,"Simu1","KET",200,"cliver",0.569994611023176
"4299",429.8,"Simu1","KET",200,"cliver",0.569563078681288
"4300",429.9,"Simu1","KET",200,"cliver",0.569134001349292
"4301",430,"Simu1","KET",200,"cliver",0.568707269358838
"4302",430.1,"Simu1","KET",200,"cliver",0.568282778542022
"4303",430.2,"Simu1","KET",200,"cliver",0.567860429954812
"4304",430.3,"Simu1","KET",200,"cliver",0.567440129614394
"4305",430.4,"Simu1","KET",200,"cliver",0.567021788249744
"4306",430.5,"Simu1","KET",200,"cliver",0.566605321064765
"4307",430.6,"Simu1","KET",200,"cliver",0.566190647513334
"4308",430.7,"Simu1","KET",200,"cliver",0.565777691085691
"4309",430.8,"Simu1","KET",200,"cliver",0.565366379105558
"4310",430.9,"Simu1","KET",200,"cliver",0.564956642537479
"4311",431,"Simu1","KET",200,"cliver",0.564548415803855
"4312",431.1,"Simu1","KET",200,"cliver",0.564141636611174
"4313",431.2,"Simu1","KET",200,"cliver",0.56373624578499
"4314",431.3,"Simu1","KET",200,"cliver",0.563332187113204
"4315",431.4,"Simu1","KET",200,"cliver",0.562929407197217
"4316",431.5,"Simu1","KET",200,"cliver",0.562527855310579
"4317",431.6,"Simu1","KET",200,"cliver",0.562127483264744
"4318",431.7,"Simu1","KET",200,"cliver",0.561728245281567
"4319",431.8,"Simu1","KET",200,"cliver",0.561330097872225
"4320",431.9,"Simu1","KET",200,"cliver",0.560932999963234
"4321",432,"Simu1","KET",200,"cliver",0.56411660701052
"4322",432.1,"Simu1","KET",200,"cliver",4.17443917144252
"4323",432.2,"Simu1","KET",200,"cliver",13.9045481873951
"4324",432.3,"Simu1","KET",200,"cliver",24.2831868286575
"4325",432.4,"Simu1","KET",200,"cliver",33.3450265529819
"4326",432.5,"Simu1","KET",200,"cliver",40.6493634345572
"4327",432.6,"Simu1","KET",200,"cliver",46.2560036965752
"4328",432.7,"Simu1","KET",200,"cliver",50.3686207104737
"4329",432.8,"Simu1","KET",200,"cliver",53.2137829046991
"4330",432.9,"Simu1","KET",200,"cliver",55.0025648151778
"4331",433,"Simu1","KET",200,"cliver",55.9205875108572
"4332",433.1,"Simu1","KET",200,"cliver",56.127575541788
"4333",433.2,"Simu1","KET",200,"cliver",55.7596675969964
"4334",433.3,"Simu1","KET",200,"cliver",54.9323240528318
"4335",433.4,"Simu1","KET",200,"cliver",53.743196793273
"4336",433.5,"Simu1","KET",200,"cliver",52.2745381921703
"4337",433.6,"Simu1","KET",200,"cliver",50.595614961481
"4338",433.7,"Simu1","KET",200,"cliver",48.7641217311302
"4339",433.8,"Simu1","KET",200,"cliver",46.8282071864763
"4340",433.9,"Simu1","KET",200,"cliver",44.8277043001414
"4341",434,"Simu1","KET",200,"cliver",42.7953261175394
"4342",434.1,"Simu1","KET",200,"cliver",40.7577097096337
"4343",434.2,"Simu1","KET",200,"cliver",38.7363723769254
"4344",434.3,"Simu1","KET",200,"cliver",36.7484543662023
"4345",434.4,"Simu1","KET",200,"cliver",34.807338035575
"4346",434.5,"Simu1","KET",200,"cliver",32.9232814342399
"4347",434.6,"Simu1","KET",200,"cliver",31.1039370459615
"4348",434.7,"Simu1","KET",200,"cliver",29.3547695624828
"4349",434.8,"Simu1","KET",200,"cliver",27.6794152668475
"4350",434.9,"Simu1","KET",200,"cliver",26.0800068267572
"4351",435,"Simu1","KET",200,"cliver",24.5574543846455
"4352",435.1,"Simu1","KET",200,"cliver",23.1116818951999
"4353",435.2,"Simu1","KET",200,"cliver",21.7418211491466
"4354",435.3,"Simu1","KET",200,"cliver",20.4463768296575
"4355",435.4,"Simu1","KET",200,"cliver",19.223369139174
"4356",435.5,"Simu1","KET",200,"cliver",18.0704545816547
"4357",435.6,"Simu1","KET",200,"cliver",16.9850254483308
"4358",435.7,"Simu1","KET",200,"cliver",15.9642911586381
"4359",435.8,"Simu1","KET",200,"cliver",15.0053454142513
"4360",435.9,"Simu1","KET",200,"cliver",14.1052217425568
"4361",436,"Simu1","KET",200,"cliver",13.2609386750361
"4362",436.1,"Simu1","KET",200,"cliver",12.4695356662764
"4363",436.2,"Simu1","KET",200,"cliver",11.7281012381286
"4364",436.3,"Simu1","KET",200,"cliver",11.0337948476654
"4365",436.4,"Simu1","KET",200,"cliver",10.3838636098096
"4366",436.5,"Simu1","KET",200,"cliver",9.77565459347019
"4367",436.6,"Simu1","KET",200,"cliver",9.20662334875623
"4368",436.7,"Simu1","KET",200,"cliver",8.67433951901556
"4369",436.8,"Simu1","KET",200,"cliver",8.17648994558498
"4370",436.9,"Simu1","KET",200,"cliver",7.71087979489418
"4371",437,"Simu1","KET",200,"cliver",7.27543210251222
"4372",437.1,"Simu1","KET",200,"cliver",6.86818606910557
"4373",437.2,"Simu1","KET",200,"cliver",6.48729438577923
"4374",437.3,"Simu1","KET",200,"cliver",6.1310198207748
"4375",437.4,"Simu1","KET",200,"cliver",5.79773126232109
"4376",437.5,"Simu1","KET",200,"cliver",5.48589937909774
"4377",437.6,"Simu1","KET",200,"cliver",5.19409202984867
"4378",437.7,"Simu1","KET",200,"cliver",4.92096952848182
"4379",437.8,"Simu1","KET",200,"cliver",4.66527985053289
"4380",437.9,"Simu1","KET",200,"cliver",4.425853849929
"4381",438,"Simu1","KET",200,"cliver",4.20160054043815
"4382",438.1,"Simu1","KET",200,"cliver",3.99150248375389
"4383",438.2,"Simu1","KET",200,"cliver",3.79461131588859
"4384",438.3,"Simu1","KET",200,"cliver",3.61004343519791
"4385",438.4,"Simu1","KET",200,"cliver",3.43697586847734
"4386",438.5,"Simu1","KET",200,"cliver",3.27464232616438
"4387",438.6,"Simu1","KET",200,"cliver",3.12232945294237
"4388",438.7,"Simu1","KET",200,"cliver",2.97937327563231
"4389",438.8,"Simu1","KET",200,"cliver",2.84515584863415
"4390",438.9,"Simu1","KET",200,"cliver",2.71910209411401
"4391",439,"Simu1","KET",200,"cliver",2.6006768324168
"4392",439.1,"Simu1","KET",200,"cliver",2.48938199682573
"4393",439.2,"Simu1","KET",200,"cliver",2.38475402589392
"4394",439.3,"Simu1","KET",200,"cliver",2.2863614259076
"4395",439.4,"Simu1","KET",200,"cliver",2.19380249556127
"4396",439.5,"Simu1","KET",200,"cliver",2.10670320464383
"4397",439.6,"Simu1","KET",200,"cliver",2.02471521843926
"4398",439.7,"Simu1","KET",200,"cliver",1.9475140595898
"4399",439.8,"Simu1","KET",200,"cliver",1.87479739929159
"4400",439.9,"Simu1","KET",200,"cliver",1.80628346988283
"4401",440,"Simu1","KET",200,"cliver",1.74170959113079
"4402",440.1,"Simu1","KET",200,"cliver",1.68083080281549
"4403",440.2,"Simu1","KET",200,"cliver",1.62341859653361
"4404",440.3,"Simu1","KET",200,"cliver",1.5692597399819
"4405",440.4,"Simu1","KET",200,"cliver",1.51815518731873
"4406",440.5,"Simu1","KET",200,"cliver",1.46991906958497
"4407",440.6,"Simu1","KET",200,"cliver",1.42437775949721
"4408",440.7,"Simu1","KET",200,"cliver",1.38136900517859
"4409",440.8,"Simu1","KET",200,"cliver",1.34074112790843
"4410",440.9,"Simu1","KET",200,"cliver",1.30235227917956
"4411",441,"Simu1","KET",200,"cliver",1.26606975267452
"4412",441.1,"Simu1","KET",200,"cliver",1.23176934706927
"4413",441.2,"Simu1","KET",200,"cliver",1.19933477586971
"4414",441.3,"Simu1","KET",200,"cliver",1.16865712075483
"4415",441.4,"Simu1","KET",200,"cliver",1.13963432514868
"4416",441.5,"Simu1","KET",200,"cliver",1.1121707249771
"4417",441.6,"Simu1","KET",200,"cliver",1.08617661378928
"4418",441.7,"Simu1","KET",200,"cliver",1.06156783963671
"4419",441.8,"Simu1","KET",200,"cliver",1.03826543129649
"4420",441.9,"Simu1","KET",200,"cliver",1.01619525160728
"4421",442,"Simu1","KET",200,"cliver",0.995287675855295
"4422",442.1,"Simu1","KET",200,"cliver",0.975477293304828
"4423",442.2,"Simu1","KET",200,"cliver",0.95670263011538
"4424",442.3,"Simu1","KET",200,"cliver",0.938905892022341
"4425",442.4,"Simu1","KET",200,"cliver",0.922032725283314
"4426",442.5,"Simu1","KET",200,"cliver",0.906031994510438
"4427",442.6,"Simu1","KET",200,"cliver",0.890855576115075
"4428",442.7,"Simu1","KET",200,"cliver",0.876458166184898
"4429",442.8,"Simu1","KET",200,"cliver",0.862797101716622
"4430",442.9,"Simu1","KET",200,"cliver",0.849832194204678
"4431",443,"Simu1","KET",200,"cliver",0.837525574664785
"4432",443.1,"Simu1","KET",200,"cliver",0.825841549243093
"4433",443.2,"Simu1","KET",200,"cliver",0.814746464628995
"4434",443.3,"Simu1","KET",200,"cliver",0.804208582550445
"4435",443.4,"Simu1","KET",200,"cliver",0.794197962686666
"4436",443.5,"Simu1","KET",200,"cliver",0.784686353384524
"4437",443.6,"Simu1","KET",200,"cliver",0.775647089612354
"4438",443.7,"Simu1","KET",200,"cliver",0.767054997629253
"4439",443.8,"Simu1","KET",200,"cliver",0.758886305887885
"4440",443.9,"Simu1","KET",200,"cliver",0.75111856172598
"4441",444,"Simu1","KET",200,"cliver",0.743730553435805
"4442",444.1,"Simu1","KET",200,"cliver",0.736702237332082
"4443",444.2,"Simu1","KET",200,"cliver",0.730014669468017
"4444",444.3,"Simu1","KET",200,"cliver",0.723649941675394
"4445",444.4,"Simu1","KET",200,"cliver",0.717591121629256
"4446",444.5,"Simu1","KET",200,"cliver",0.711822196660307
"4447",444.6,"Simu1","KET",200,"cliver",0.706328021058707
"4448",444.7,"Simu1","KET",200,"cliver",0.701094266631714
"4449",444.8,"Simu1","KET",200,"cliver",0.696107376295895
"4450",444.9,"Simu1","KET",200,"cliver",0.691354520500369
"4451",445,"Simu1","KET",200,"cliver",0.686823556292445
"4452",445.1,"Simu1","KET",200,"cliver",0.682502988850701
"4453",445.2,"Simu1","KET",200,"cliver",0.678381935323382
"4454",445.3,"Simu1","KET",200,"cliver",0.67445009082156
"4455",445.4,"Simu1","KET",200,"cliver",0.670697696427312
"4456",445.5,"Simu1","KET",200,"cliver",0.667115509087078
"4457",445.6,"Simu1","KET",200,"cliver",0.663694773269479
"4458",445.7,"Simu1","KET",200,"cliver",0.660427194275446
"4459",445.8,"Simu1","KET",200,"cliver",0.657304913096256
"4460",445.9,"Simu1","KET",200,"cliver",0.65432048272231
"4461",446,"Simu1","KET",200,"cliver",0.651466845812226
"4462",446.1,"Simu1","KET",200,"cliver",0.648737313637903
"4463",446.2,"Simu1","KET",200,"cliver",0.646125546227025
"4464",446.3,"Simu1","KET",200,"cliver",0.643625533629721
"4465",446.4,"Simu1","KET",200,"cliver",0.641231578240991
"4466",446.5,"Simu1","KET",200,"cliver",0.638938278115132
"4467",446.6,"Simu1","KET",200,"cliver",0.636740511212497
"4468",446.7,"Simu1","KET",200,"cliver",0.634633420522904
"4469",446.8,"Simu1","KET",200,"cliver",0.63261240001363
"4470",446.9,"Simu1","KET",200,"cliver",0.630673081353286
"4471",447,"Simu1","KET",200,"cliver",0.628811321366017
"4472",447.1,"Simu1","KET",200,"cliver",0.627023190173308
"4473",447.2,"Simu1","KET",200,"cliver",0.625304959983496
"4474",447.3,"Simu1","KET",200,"cliver",0.623653094491493
"4475",447.4,"Simu1","KET",200,"cliver",0.622064238853648
"4476",447.5,"Simu1","KET",200,"cliver",0.620535210204824
"4477",447.6,"Simu1","KET",200,"cliver",0.619062988686779
"4478",447.7,"Simu1","KET",200,"cliver",0.617644708958893
"4479",447.8,"Simu1","KET",200,"cliver",0.616277652163984
"4480",447.9,"Simu1","KET",200,"cliver",0.614959238323652
"4481",448,"Simu1","KET",200,"cliver",0.613687019139128
"4482",448.1,"Simu1","KET",200,"cliver",0.612458671175009
"4483",448.2,"Simu1","KET",200,"cliver",0.611271989404644
"4484",448.3,"Simu1","KET",200,"cliver",0.610124881097174
"4485",448.4,"Simu1","KET",200,"cliver",0.609015360027415
"4486",448.5,"Simu1","KET",200,"cliver",0.607941540990862
"4487",448.6,"Simu1","KET",200,"cliver",0.606901634607135
"4488",448.7,"Simu1","KET",200,"cliver",0.605893942396154
"4489",448.8,"Simu1","KET",200,"cliver",0.604916852112224
"4490",448.9,"Simu1","KET",200,"cliver",0.603968833322067
"4491",449,"Simu1","KET",200,"cliver",0.603048433213657
"4492",449.1,"Simu1","KET",200,"cliver",0.602154272623405
"4493",449.2,"Simu1","KET",200,"cliver",0.601285042270012
"4494",449.3,"Simu1","KET",200,"cliver",0.600439499183907
"4495",449.4,"Simu1","KET",200,"cliver",0.599616463321853
"4496",449.5,"Simu1","KET",200,"cliver",0.598814814356854
"4497",449.6,"Simu1","KET",200,"cliver",0.598033488634057
"4498",449.7,"Simu1","KET",200,"cliver",0.597271476283867
"4499",449.8,"Simu1","KET",200,"cliver",0.596527818483956
"4500",449.9,"Simu1","KET",200,"cliver",0.595801604862313
"4501",450,"Simu1","KET",200,"cliver",0.595091971033932
"4502",450.1,"Simu1","KET",200,"cliver",0.594398096264102
"4503",450.2,"Simu1","KET",200,"cliver",0.593719201251669
"4504",450.3,"Simu1","KET",200,"cliver",0.593054546026005
"4505",450.4,"Simu1","KET",200,"cliver",0.592403427951728
"4506",450.5,"Simu1","KET",200,"cliver",0.591765179835579
"4507",450.6,"Simu1","KET",200,"cliver",0.591139168130115
"4508",450.7,"Simu1","KET",200,"cliver",0.590524791229211
"4509",450.8,"Simu1","KET",200,"cliver",0.589921477850595
"4510",450.9,"Simu1","KET",200,"cliver",0.589328685500908
"4511",451,"Simu1","KET",200,"cliver",0.588745899019025
"4512",451.1,"Simu1","KET",200,"cliver",0.588172629193596
"4513",451.2,"Simu1","KET",200,"cliver",0.587608411450965
"4514",451.3,"Simu1","KET",200,"cliver",0.587052804609855
"4515",451.4,"Simu1","KET",200,"cliver",0.586505389699379
"4516",451.5,"Simu1","KET",200,"cliver",0.58596576883711
"4517",451.6,"Simu1","KET",200,"cliver",0.585433564164143
"4518",451.7,"Simu1","KET",200,"cliver",0.584908416834216
"4519",451.8,"Simu1","KET",200,"cliver",0.584389986054114
"4520",451.9,"Simu1","KET",200,"cliver",0.583877948172741
"4521",452,"Simu1","KET",200,"cliver",0.583371995816366
"4522",452.1,"Simu1","KET",200,"cliver",0.582871837067678
"4523",452.2,"Simu1","KET",200,"cliver",0.582377194686423
"4524",452.3,"Simu1","KET",200,"cliver",0.581887805369487
"4525",452.4,"Simu1","KET",200,"cliver",0.581403419048428
"4526",452.5,"Simu1","KET",200,"cliver",0.580923798222538
"4527",452.6,"Simu1","KET",200,"cliver",0.58044871732563
"4528",452.7,"Simu1","KET",200,"cliver",0.579977962124838
"4529",452.8,"Simu1","KET",200,"cliver",0.579511329149789
"4530",452.9,"Simu1","KET",200,"cliver",0.57904862515062
"4531",453,"Simu1","KET",200,"cliver",0.57858966658336
"4532",453.1,"Simu1","KET",200,"cliver",0.5781342791213
"4533",453.2,"Simu1","KET",200,"cliver",0.577682297191021
"4534",453.3,"Simu1","KET",200,"cliver",0.577233563531838
"4535",453.4,"Simu1","KET",200,"cliver",0.57678792877747
"4536",453.5,"Simu1","KET",200,"cliver",0.576345251058806
"4537",453.6,"Simu1","KET",200,"cliver",0.575905395626708
"4538",453.7,"Simu1","KET",200,"cliver",0.575468234493822
"4539",453.8,"Simu1","KET",200,"cliver",0.575033646094458
"4540",453.9,"Simu1","KET",200,"cliver",0.57460151496159
"4541",454,"Simu1","KET",200,"cliver",0.574171731420152
"4542",454.1,"Simu1","KET",200,"cliver",0.573744191295772
"4543",454.2,"Simu1","KET",200,"cliver",0.573318795638177
"4544",454.3,"Simu1","KET",200,"cliver",0.572895450458539
"4545",454.4,"Simu1","KET",200,"cliver",0.57247406648003
"4546",454.5,"Simu1","KET",200,"cliver",0.57205455890095
"4547",454.6,"Simu1","KET",200,"cliver",0.571636847169768
"4548",454.7,"Simu1","KET",200,"cliver",0.571220854771497
"4549",454.8,"Simu1","KET",200,"cliver",0.57080650902481
"4550",454.9,"Simu1","KET",200,"cliver",0.570393740889369
"4551",455,"Simu1","KET",200,"cliver",0.56998248478285
"4552",455.1,"Simu1","KET",200,"cliver",0.569572678407168
"4553",455.2,"Simu1","KET",200,"cliver",0.569164262583453
"4554",455.3,"Simu1","KET",200,"cliver",0.568757181095314
"4555",455.4,"Simu1","KET",200,"cliver",0.568351380539996
"4556",455.5,"Simu1","KET",200,"cliver",0.567946810187018
"4557",455.6,"Simu1","KET",200,"cliver",0.567543421843921
"4558",455.7,"Simu1","KET",200,"cliver",0.567141169728763
"4559",455.8,"Simu1","KET",200,"cliver",0.566740010349029
"4560",455.9,"Simu1","KET",200,"cliver",0.566339902600337
"4561",456,"Simu1","KET",200,"cliver",0.5695204760437
"4562",456.1,"Simu1","KET",200,"cliver",4.17984265460311
"4563",456.2,"Simu1","KET",200,"cliver",13.9099587791952
"4564",456.3,"Simu1","KET",200,"cliver",24.2886097586435
"4565",456.4,"Simu1","KET",200,"cliver",33.35047192362
"4566",456.5,"Simu1","KET",200,"cliver",40.6548359779816
"4567",456.6,"Simu1","KET",200,"cliver",46.2615058480032
"4568",456.7,"Simu1","KET",200,"cliver",50.3741529714196
"4569",456.8,"Simu1","KET",200,"cliver",53.2193450725064
"4570",456.9,"Simu1","KET",200,"cliver",55.0081500947009
"4571",457,"Simu1","KET",200,"cliver",55.9262045341468
"4572",457.1,"Simu1","KET",200,"cliver",56.1332167540064
"4573",457.2,"Simu1","KET",200,"cliver",55.7653203424237
"4574",457.3,"Simu1","KET",200,"cliver",54.938011807986
"4575",457.4,"Simu1","KET",200,"cliver",53.7488904202134
"4576",457.5,"Simu1","KET",200,"cliver",52.2802639468394
"4577",457.6,"Simu1","KET",200,"cliver",50.6012599506589
"4578",457.7,"Simu1","KET",200,"cliver",48.7698243913671
"4579",457.8,"Simu1","KET",200,"cliver",46.8339181719715
"4580",457.9,"Simu1","KET",200,"cliver",44.8334105904852
"4581",458,"Simu1","KET",200,"cliver",42.8010343882547
"4582",458.1,"Simu1","KET",200,"cliver",40.7634436467529
"4583",458.2,"Simu1","KET",200,"cliver",38.7421122001899
"4584",458.3,"Simu1","KET",200,"cliver",36.7541629335187
"4585",458.4,"Simu1","KET",200,"cliver",34.8130294410269
"4586",458.5,"Simu1","KET",200,"cliver",32.9289744858923
"4587",458.6,"Simu1","KET",200,"cliver",31.109632541596
"4588",458.7,"Simu1","KET",200,"cliver",29.3604611447888
"4589",458.8,"Simu1","KET",200,"cliver",27.6850972857709
"4590",458.9,"Simu1","KET",200,"cliver",26.0856785815434
"4591",459,"Simu1","KET",200,"cliver",24.5631203808478
"4592",459.1,"Simu1","KET",200,"cliver",23.1173463280398
"4593",459.2,"Simu1","KET",200,"cliver",21.7474819009692
"4594",459.3,"Simu1","KET",200,"cliver",20.4520272491644
"4595",459.4,"Simu1","KET",200,"cliver",19.2290047423336
"4596",459.5,"Simu1","KET",200,"cliver",18.0760666971349
"4597",459.6,"Simu1","KET",200,"cliver",16.9906119949895
"4598",459.7,"Simu1","KET",200,"cliver",15.9698585053848
"4599",459.8,"Simu1","KET",200,"cliver",15.0108973321812
"4600",459.9,"Simu1","KET",200,"cliver",14.1107572725395
"4601",460,"Simu1","KET",200,"cliver",13.2664564280514
"4602",460.1,"Simu1","KET",200,"cliver",12.475036334412
"4603",460.2,"Simu1","KET",200,"cliver",11.7335867985337
"4604",460.3,"Simu1","KET",200,"cliver",11.0392667520692
"4605",460.4,"Simu1","KET",200,"cliver",10.3893223180571
"4606",460.5,"Simu1","KET",200,"cliver",9.78110028597966
"4607",460.6,"Simu1","KET",200,"cliver",9.21205690555056
"4608",460.7,"Simu1","KET",200,"cliver",8.67976186105762
"4609",460.8,"Simu1","KET",200,"cliver",8.18190152023704
"4610",460.9,"Simu1","KET",200,"cliver",7.71628084295555
"4611",461,"Simu1","KET",200,"cliver",7.2808228222322
"4612",461.1,"Simu1","KET",200,"cliver",6.87356664538545
"4613",461.2,"Simu1","KET",200,"cliver",6.49266499668527
"4614",461.3,"Simu1","KET",200,"cliver",6.13638064810282
"4615",461.4,"Simu1","KET",200,"cliver",5.80308258576287
"4616",461.5,"Simu1","KET",200,"cliver",5.49124154594196
"4617",461.6,"Simu1","KET",200,"cliver",5.19942538146505
"4618",461.7,"Simu1","KET",200,"cliver",4.92629465595038
"4619",461.8,"Simu1","KET",200,"cliver",4.67059730743165
"4620",461.9,"Simu1","KET",200,"cliver",4.43116391956631
"4621",462,"Simu1","KET",200,"cliver",4.20690350150429
"4622",462.1,"Simu1","KET",200,"cliver",3.99679861651666
"4623",462.2,"Simu1","KET",200,"cliver",3.79990085630844
"4624",462.3,"Simu1","KET",200,"cliver",3.61532676106138
"4625",462.4,"Simu1","KET",200,"cliver",3.44225438722205
"4626",462.5,"Simu1","KET",200,"cliver",3.27991781409179
"4627",462.6,"Simu1","KET",200,"cliver",3.12760214031037
"4628",462.7,"Simu1","KET",200,"cliver",2.98464110978361
"4629",462.8,"Simu1","KET",200,"cliver",2.85041516217481
"4630",462.9,"Simu1","KET",200,"cliver",2.72435290650341
"4631",463,"Simu1","KET",200,"cliver",2.60592098942761
"4632",463.1,"Simu1","KET",200,"cliver",2.49462083459591
"4633",463.2,"Simu1","KET",200,"cliver",2.38998789157597
"4634",463.3,"Simu1","KET",200,"cliver",2.29159024304579
"4635",463.4,"Simu1","KET",200,"cliver",2.1990262511234
"4636",463.5,"Simu1","KET",200,"cliver",2.11192204032265
"4637",463.6,"Simu1","KET",200,"cliver",2.02992932739149
"4638",463.7,"Simu1","KET",200,"cliver",1.95272360340706
"4639",463.8,"Simu1","KET",200,"cliver",1.88000250046505
"4640",463.9,"Simu1","KET",200,"cliver",1.81148425988095
"4641",464,"Simu1","KET",200,"cliver",1.7469063496839
"4642",464.1,"Simu1","KET",200,"cliver",1.68602378405789
"4643",464.2,"Simu1","KET",200,"cliver",1.628607851727
"4644",464.3,"Simu1","KET",200,"cliver",1.57444519515367
"4645",464.4,"Simu1","KET",200,"cliver",1.52333681799673
"4646",464.5,"Simu1","KET",200,"cliver",1.47509694094788
"4647",464.6,"Simu1","KET",200,"cliver",1.42955195096582
"4648",464.7,"Simu1","KET",200,"cliver",1.38653955747275
"4649",464.8,"Simu1","KET",200,"cliver",1.34590805764857
"4650",464.9,"Simu1","KET",200,"cliver",1.30751561174085
"4651",465,"Simu1","KET",200,"cliver",1.27122952798364
"4652",465.1,"Simu1","KET",200,"cliver",1.23692560509967
"4653",465.2,"Simu1","KET",200,"cliver",1.20448754768638
"4654",465.3,"Simu1","KET",200,"cliver",1.17380643231534
"4655",465.4,"Simu1","KET",200,"cliver",1.14478020355519
"4656",465.5,"Simu1","KET",200,"cliver",1.11731319919083
"4657",465.6,"Simu1","KET",200,"cliver",1.09131571177906
"4658",465.7,"Simu1","KET",200,"cliver",1.06670358688324
"4659",465.8,"Simu1","KET",200,"cliver",1.04339785168581
"4660",465.9,"Simu1","KET",200,"cliver",1.02132436861695
"4661",466,"Simu1","KET",200,"cliver",1.00041351263177
"4662",466.1,"Simu1","KET",200,"cliver",0.980599872126902
"4663",466.2,"Simu1","KET",200,"cliver",0.96182197216923
"4664",466.3,"Simu1","KET",200,"cliver",0.944022017619128
"4665",466.4,"Simu1","KET",200,"cliver",0.927145654099408
"4666",466.5,"Simu1","KET",200,"cliver",0.911141745607365
"4667",466.6,"Simu1","KET",200,"cliver",0.895962167853227
"4668",466.7,"Simu1","KET",200,"cliver",0.881561616207057
"4669",466.8,"Simu1","KET",200,"cliver",0.86789742701429
"4670",466.9,"Simu1","KET",200,"cliver",0.854929411180392
"4671",467,"Simu1","KET",200,"cliver",0.842619699149754
"4672",467.1,"Simu1","KET",200,"cliver",0.830932596497041
"4673",467.2,"Simu1","KET",200,"cliver",0.819834449354771
"4674",467.3,"Simu1","KET",200,"cliver",0.809293518923083
"4675",467.4,"Simu1","KET",200,"cliver",0.799279864380081
"4676",467.5,"Simu1","KET",200,"cliver",0.789765233589048
"4677",467.6,"Simu1","KET",200,"cliver",0.780722961048953
"4678",467.7,"Simu1","KET",200,"cliver",0.77212787256639
"4679",467.8,"Simu1","KET",200,"cliver",0.763956196160502
"4680",467.9,"Simu1","KET",200,"cliver",0.756185478753376
"4681",468,"Simu1","KET",200,"cliver",0.748794508237326
"4682",468.1,"Simu1","KET",200,"cliver",0.74176324054188
"4683",468.2,"Simu1","KET",200,"cliver",0.735072731349947
"4684",468.3,"Simu1","KET",200,"cliver",0.728705072137888
"4685",468.4,"Simu1","KET",200,"cliver",0.722643330239592
"4686",468.5,"Simu1","KET",200,"cliver",0.716871492658064
"4687",468.6,"Simu1","KET",200,"cliver",0.711374413368536
"4688",468.7,"Simu1","KET",200,"cliver",0.70613776387591
"4689",468.8,"Simu1","KET",200,"cliver",0.701147986806775
"4690",468.9,"Simu1","KET",200,"cliver",0.696392252332077
"4691",469,"Simu1","KET",200,"cliver",0.691858417232184
"4692",469.1,"Simu1","KET",200,"cliver",0.687534986429548
"4693",469.2,"Simu1","KET",200,"cliver",0.68341107682678
"4694",469.3,"Simu1","KET",200,"cliver",0.67947638329946
"4695",469.4,"Simu1","KET",200,"cliver",0.675721146703914
"4696",469.5,"Simu1","KET",200,"cliver",0.672136123770184
"4697",469.6,"Simu1","KET",200,"cliver",0.668712558759478
"4698",469.7,"Simu1","KET",200,"cliver",0.665442156773985
"4699",469.8,"Simu1","KET",200,"cliver",0.662317058614571
"4700",469.9,"Simu1","KET",200,"cliver",0.659329817089234
"4701",470,"Simu1","KET",200,"cliver",0.656473374681882
"4702",470.1,"Simu1","KET",200,"cliver",0.653741042497087
"4703",470.2,"Simu1","KET",200,"cliver",0.65112648040231
"4704",470.3,"Simu1","KET",200,"cliver",0.648623678294268
"4705",470.4,"Simu1","KET",200,"cliver",0.646226938421099
"4706",470.5,"Simu1","KET",200,"cliver",0.643930858696513
"4707",470.6,"Simu1","KET",200,"cliver",0.64173031694629
"4708",470.7,"Simu1","KET",200,"cliver",0.639620456031448
"4709",470.8,"Simu1","KET",200,"cliver",0.637596669796021
"4710",470.9,"Simu1","KET",200,"cliver",0.635654589790698
"4711",471,"Simu1","KET",200,"cliver",0.633790072726788
"4712",471.1,"Simu1","KET",200,"cliver",0.63199918861782
"4713",471.2,"Simu1","KET",200,"cliver",0.630278209568853
"4714",471.3,"Simu1","KET",200,"cliver",0.628623599176007
"4715",471.4,"Simu1","KET",200,"cliver",0.627032002501135
"4716",471.5,"Simu1","KET",200,"cliver",0.625500236588715
"4717",471.6,"Simu1","KET",200,"cliver",0.624025281494062
"4718",471.7,"Simu1","KET",200,"cliver",0.622604271793882
"4719",471.8,"Simu1","KET",200,"cliver",0.62123448855193
"4720",471.9,"Simu1","KET",200,"cliver",0.619913351714205
"4721",472,"Simu1","KET",200,"cliver",0.61863841290964
"4722",472.1,"Simu1","KET",200,"cliver",0.617407348633701
"4723",472.2,"Simu1","KET",200,"cliver",0.616217953793636
"4724",472.3,"Simu1","KET",200,"cliver",0.615068135595385
"4725",472.4,"Simu1","KET",200,"cliver",0.613955907753334
"4726",472.5,"Simu1","KET",200,"cliver",0.612879385005201
"4727",472.6,"Simu1","KET",200,"cliver",0.611836777915363
"4728",472.7,"Simu1","KET",200,"cliver",0.610826387950924
"4729",472.8,"Simu1","KET",200,"cliver",0.609846602815691
"4730",472.9,"Simu1","KET",200,"cliver",0.608895892028111
"4731",473,"Simu1","KET",200,"cliver",0.607972802729999
"4732",473.1,"Simu1","KET",200,"cliver",0.607075955713634
"4733",473.2,"Simu1","KET",200,"cliver",0.606204041655522
"4734",473.3,"Simu1","KET",200,"cliver",0.605355817545751
"4735",473.4,"Simu1","KET",200,"cliver",0.604530103302508
"4736",473.5,"Simu1","KET",200,"cliver",0.603725778561916
"4737",473.6,"Simu1","KET",200,"cliver",0.602941779633857
"4738",473.7,"Simu1","KET",200,"cliver",0.602177096615013
"4739",473.8,"Simu1","KET",200,"cliver",0.601430770650809
"4740",473.9,"Simu1","KET",200,"cliver",0.600701891338396
"4741",474,"Simu1","KET",200,"cliver",0.599989594263278
"4742",474.1,"Simu1","KET",200,"cliver",0.599293058662536
"4743",474.2,"Simu1","KET",200,"cliver",0.598611505208042
"4744",474.3,"Simu1","KET",200,"cliver",0.597944193903363
"4745",474.4,"Simu1","KET",200,"cliver",0.597290422088434
"4746",474.5,"Simu1","KET",200,"cliver",0.596649522546383
"4747",474.6,"Simu1","KET",200,"cliver",0.596020861707177
"4748",474.7,"Simu1","KET",200,"cliver",0.595403837943074
"4749",474.8,"Simu1","KET",200,"cliver",0.59479787995112
"4750",474.9,"Simu1","KET",200,"cliver",0.594202445218162
"4751",475,"Simu1","KET",200,"cliver",0.593617018564133
"4752",475.1,"Simu1","KET",200,"cliver",0.593041110759546
"4753",475.2,"Simu1","KET",200,"cliver",0.59247425721339
"4754",475.3,"Simu1","KET",200,"cliver",0.591916016727767
"4755",475.4,"Simu1","KET",200,"cliver",0.591365970315876
"4756",475.5,"Simu1","KET",200,"cliver",0.59082372008005
"4757",475.6,"Simu1","KET",200,"cliver",0.590288888146788
"4758",475.7,"Simu1","KET",200,"cliver",0.589761115655843
"4759",475.8,"Simu1","KET",200,"cliver",0.589240061800602
"4760",475.9,"Simu1","KET",200,"cliver",0.588725402917131
"4761",476,"Simu1","KET",200,"cliver",0.588216831619394
"4762",476.1,"Simu1","KET",200,"cliver",0.587714055978284
"4763",476.2,"Simu1","KET",200,"cliver",0.587216798742237
"4764",476.3,"Simu1","KET",200,"cliver",0.586724796597293
"4765",476.4,"Simu1","KET",200,"cliver",0.586237799464607
"4766",476.5,"Simu1","KET",200,"cliver",0.585755569833489
"4767",476.6,"Simu1","KET",200,"cliver",0.585277882128175
"4768",476.7,"Simu1","KET",200,"cliver",0.584804522106605
"4769",476.8,"Simu1","KET",200,"cliver",0.584335286289579
"4770",476.9,"Simu1","KET",200,"cliver",0.583869981418759
"4771",477,"Simu1","KET",200,"cliver",0.583408423942031
"4772",477.1,"Simu1","KET",200,"cliver",0.582950439524861
"4773",477.2,"Simu1","KET",200,"cliver",0.582495862586313
"4774",477.3,"Simu1","KET",200,"cliver",0.582044535858472
"4775",477.4,"Simu1","KET",200,"cliver",0.581596309968104
"4776",477.5,"Simu1","KET",200,"cliver",0.58115104303941
"4777",477.6,"Simu1","KET",200,"cliver",0.580708600316814
"4778",477.7,"Simu1","KET",200,"cliver",0.580268853806769
"4779",477.8,"Simu1","KET",200,"cliver",0.579831681937615
"4780",477.9,"Simu1","KET",200,"cliver",0.579396969236581
"4781",478,"Simu1","KET",200,"cliver",0.578964606023061
"4782",478.1,"Simu1","KET",200,"cliver",0.578534488117342
"4783",478.2,"Simu1","KET",200,"cliver",0.578106516564002
"4784",478.3,"Simu1","KET",200,"cliver",0.577680597369242
"4785",478.4,"Simu1","KET",200,"cliver",0.577256641251439
"4786",478.5,"Simu1","KET",200,"cliver",0.57683456340426
"4787",478.6,"Simu1","KET",200,"cliver",0.576414283271702
"4788",478.7,"Simu1","KET",200,"cliver",0.575995724334453
"4789",478.8,"Simu1","KET",200,"cliver",0.575578813907005
"4790",478.9,"Simu1","KET",200,"cliver",0.575163482944975
"4791",479,"Simu1","KET",200,"cliver",0.574749665862123
"4792",479.1,"Simu1","KET",200,"cliver",0.574337300356577
"4793",479.2,"Simu1","KET",200,"cliver",0.573926327245792
"4794",479.3,"Simu1","KET",200,"cliver",0.573516690309819
"4795",479.4,"Simu1","KET",200,"cliver",0.573108336142453
"4796",479.5,"Simu1","KET",200,"cliver",0.572701214009865
"4797",479.6,"Simu1","KET",200,"cliver",0.572295275716343
"4798",479.7,"Simu1","KET",200,"cliver",0.57189047547679
"4799",479.8,"Simu1","KET",200,"cliver",0.571486769797195
"4800",479.9,"Simu1","KET",200,"cliver",0.571084117620006
"4801",480,"Simu1","KET",200,"cliver",0.574262146960753
"4802",480.1,"Simu1","KET",200,"cliver",4.18457707370743
"4803",480.2,"Simu1","KET",200,"cliver",13.9146771905944
"4804",480.3,"Simu1","KET",200,"cliver",24.2933181071715
"4805",480.4,"Simu1","KET",200,"cliver",33.3551794034722
"4806",480.5,"Simu1","KET",200,"cliver",40.6595506751991
"4807",480.6,"Simu1","KET",200,"cliver",46.2662337623582
"4808",480.7,"Simu1","KET",200,"cliver",50.3788980352711
"4809",480.8,"Simu1","KET",200,"cliver",53.224109711119
"4810",480.9,"Simu1","KET",200,"cliver",55.0129352402056
"4811",481,"Simu1","KET",200,"cliver",55.9310102615784
"4812",481.1,"Simu1","KET",200,"cliver",56.1380483494461
"4813",481.2,"Simu1","KET",200,"cliver",55.7701806568593
"4814",481.3,"Simu1","KET",200,"cliver",54.9428865115947
"4815",481.4,"Simu1","KET",200,"cliver",53.7538037234794
"4816",481.5,"Simu1","KET",200,"cliver",52.2852275255354
"4817",481.6,"Simu1","KET",200,"cliver",50.606280651118
"4818",481.7,"Simu1","KET",200,"cliver",48.7747827783775
"4819",481.8,"Simu1","KET",200,"cliver",46.8388602544731
"4820",481.9,"Simu1","KET",200,"cliver",44.8383395197119
"4821",482,"Simu1","KET",200,"cliver",42.8059462063699
"4822",482.1,"Simu1","KET",200,"cliver",40.7683367902109
"4823",482.2,"Simu1","KET",200,"cliver",38.7470055726126
"4824",482.3,"Simu1","KET",200,"cliver",36.7590690985647
"4825",482.4,"Simu1","KET",200,"cliver",34.8179323898182
"4826",482.5,"Simu1","KET",200,"cliver",32.9338669874144
"4827",482.6,"Simu1","KET",200,"cliver",31.1145168018814
"4828",482.7,"Simu1","KET",200,"cliver",29.3653362963299
"4829",482.8,"Simu1","KET",200,"cliver",27.6899629228715
"4830",482.9,"Simu1","KET",200,"cliver",26.0905344591055
"4831",483,"Simu1","KET",200,"cliver",24.5679626217353
"4832",483.1,"Simu1","KET",200,"cliver",23.1221702733809
"4833",483.2,"Simu1","KET",200,"cliver",21.7522882134965
"4834",483.3,"Simu1","KET",200,"cliver",20.4568216308288
"4835",483.4,"Simu1","KET",200,"cliver",19.2337916810644
"4836",483.5,"Simu1","KET",200,"cliver",18.0808551829712
"4837",483.6,"Simu1","KET",200,"cliver",16.9954041984171
"4838",483.7,"Simu1","KET",200,"cliver",15.9746479973131
"4839",483.8,"Simu1","KET",200,"cliver",15.0156804343312
"4840",483.9,"Simu1","KET",200,"cliver",14.1155352625684
"4841",484,"Simu1","KET",200,"cliver",13.2712311070021
"4842",484.1,"Simu1","KET",200,"cliver",12.4798074898977
"4843",484.2,"Simu1","KET",200,"cliver",11.7383528616491
"4844",484.3,"Simu1","KET",200,"cliver",11.044026646446
"4845",484.4,"Simu1","KET",200,"cliver",10.3940759704336
"4846",484.5,"Simu1","KET",200,"cliver",9.7858479323047
"4847",484.6,"Simu1","KET",200,"cliver",9.21679814449504
"4848",484.7,"Simu1","KET",200,"cliver",8.68449626876662
"4849",484.8,"Simu1","KET",200,"cliver",8.18662913750615
"4850",484.9,"Simu1","KET",200,"cliver",7.72100190722808
"4851",485,"Simu1","KET",200,"cliver",7.2855376119792
"4852",485.1,"Simu1","KET",200,"cliver",6.8782754511273
"4853",485.2,"Simu1","KET",200,"cliver",6.49736810740507
"4854",485.3,"Simu1","KET",200,"cliver",6.14107833552637
"4855",485.4,"Simu1","KET",200,"cliver",5.80777501011037
"4856",485.5,"Simu1","KET",200,"cliver",5.49592878760323
"4857",485.6,"Simu1","KET",200,"cliver",5.20410751415217
"4858",485.7,"Simu1","KET",200,"cliver",4.93097148949402
"4859",485.8,"Simu1","KET",200,"cliver",4.67526867405901
"4860",485.9,"Simu1","KET",200,"cliver",4.43582990682711
"4861",486,"Simu1","KET",200,"cliver",4.21156418705086
"4862",486.1,"Simu1","KET",200,"cliver",4.00145406195198
"4863",486.2,"Simu1","KET",200,"cliver",3.8045511531265
"4864",486.3,"Simu1","KET",200,"cliver",3.61997184471366
"4865",486.4,"Simu1","KET",200,"cliver",3.4468931497425
"4866",486.5,"Simu1","KET",200,"cliver",3.28454876532263
"4867",486.6,"Simu1","KET",200,"cliver",3.13222532299368
"4868",486.7,"Simu1","KET",200,"cliver",2.98925883686194
"4869",486.8,"Simu1","KET",200,"cliver",2.85503134912627
"4870",486.9,"Simu1","KET",200,"cliver",2.72896777025987
"4871",487,"Simu1","KET",200,"cliver",2.6105329093683
"4872",487.1,"Simu1","KET",200,"cliver",2.49922868893169
"4873",487.2,"Simu1","KET",200,"cliver",2.39459153715644
"4874",487.3,"Simu1","KET",200,"cliver",2.29618995045086
"4875",487.4,"Simu1","KET",200,"cliver",2.20362221808741
"4876",487.5,"Simu1","KET",200,"cliver",2.11651430086648
"4877",487.6,"Simu1","KET",200,"cliver",2.03451785550242
"4878",487.7,"Simu1","KET",200,"cliver",1.95730839647841
"4879",487.8,"Simu1","KET",200,"cliver",1.88458358723112
"4880",487.9,"Simu1","KET",200,"cliver",1.81606165272291
"4881",488,"Simu1","KET",200,"cliver",1.75147990570877
"4882",488.1,"Simu1","KET",200,"cliver",1.69059337928265
"4883",488.2,"Simu1","KET",200,"cliver",1.63317355873354
"4884",488.3,"Simu1","KET",200,"cliver",1.57900720577802
"4885",488.4,"Simu1","KET",200,"cliver",1.52789526889602
"4886",488.5,"Simu1","KET",200,"cliver",1.47965187372901
"4887",488.6,"Simu1","KET",200,"cliver",1.43410338784346
"4888",488.7,"Simu1","KET",200,"cliver",1.39108755449021
"4889",488.8,"Simu1","KET",200,"cliver",1.35045269034069
"4890",488.9,"Simu1","KET",200,"cliver",1.31205694251952
"4891",489,"Simu1","KET",200,"cliver",1.27576760056066
"4892",489.1,"Simu1","KET",200,"cliver",1.24146045920201
"4893",489.2,"Simu1","KET",200,"cliver",1.2090192282156
"4894",489.3,"Simu1","KET",200,"cliver",1.17833498574076
"4895",489.4,"Simu1","KET",200,"cliver",1.14930567184352
"4896",489.5,"Simu1","KET",200,"cliver",1.12183561926234
"4897",489.6,"Simu1","KET",200,"cliver",1.09583511852126
"4898",489.7,"Simu1","KET",200,"cliver",1.07122001480106
"4899",489.8,"Simu1","KET",200,"cliver",1.0479113341543
"4900",489.9,"Simu1","KET",200,"cliver",1.0258349368331
"4901",490,"Simu1","KET",200,"cliver",1.00492119566724
"4902",490.1,"Simu1","KET",200,"cliver",0.98510469758645
"4903",490.2,"Simu1","KET",200,"cliver",0.966323966535584
"4904",490.3,"Simu1","KET",200,"cliver",0.948521206146565
"4905",490.4,"Simu1","KET",200,"cliver",0.931642060678015
"4906",490.5,"Simu1","KET",200,"cliver",0.915635392841481
"4907",490.6,"Simu1","KET",200,"cliver",0.900453077239894
"4908",490.7,"Simu1","KET",200,"cliver",0.886049808242529
"4909",490.8,"Simu1","KET",200,"cliver",0.872382921213021
"4910",490.9,"Simu1","KET",200,"cliver",0.859412226092804
"4911",491,"Simu1","KET",200,"cliver",0.847099852420002
"4912",491.1,"Simu1","KET",200,"cliver",0.835410104934813
"4913",491.2,"Simu1","KET",200,"cliver",0.824309328988938
"4914",491.3,"Simu1","KET",200,"cliver",0.813765785037429
"4915",491.4,"Simu1","KET",200,"cliver",0.803749531547918
"4916",491.5,"Simu1","KET",200,"cliver",0.794232315713779
"4917",491.6,"Simu1","KET",200,"cliver",0.785187471405037
"4918",491.7,"Simu1","KET",200,"cliver",0.77658982383494
"4919",491.8,"Simu1","KET",200,"cliver",0.768415600460115
"4920",491.9,"Simu1","KET",200,"cliver",0.76064234766954
"4921",492,"Simu1","KET",200,"cliver",0.753248852851623
"4922",492.1,"Simu1","KET",200,"cliver",0.746215071459792
"4923",492.2,"Simu1","KET",200,"cliver",0.739522058726747
"4924",492.3,"Simu1","KET",200,"cliver",0.733151905702368
"4925",492.4,"Simu1","KET",200,"cliver",0.727087679316448
"4926",492.5,"Simu1","KET",200,"cliver",0.721313366189257
"4927",492.6,"Simu1","KET",200,"cliver",0.715813819933564
"4928",492.7,"Simu1","KET",200,"cliver",0.71057471171087
"4929",492.8,"Simu1","KET",200,"cliver",0.705582483822097
"4930",492.9,"Simu1","KET",200,"cliver",0.700824306129319
"4931",493,"Simu1","KET",200,"cliver",0.696288035119989
"4932",493.1,"Simu1","KET",200,"cliver",0.69196217543872
"4933",493.2,"Simu1","KET",200,"cliver",0.68783584372448
"4934",493.3,"Simu1","KET",200,"cliver",0.68389873460257
"4935",493.4,"Simu1","KET",200,"cliver",0.680141088691681
"4936",493.5,"Simu1","KET",200,"cliver",0.676553662496182
"4937",493.6,"Simu1","KET",200,"cliver",0.673127700062934
"4938",493.7,"Simu1","KET",200,"cliver",0.669854906290472
"4939",493.8,"Simu1","KET",200,"cliver",0.66672742178612
"4940",493.9,"Simu1","KET",200,"cliver",0.663737799173913
"4941",494,"Simu1","KET",200,"cliver",0.660878980762859
"4942",494.1,"Simu1","KET",200,"cliver",0.658144277491208
"4943",494.2,"Simu1","KET",200,"cliver",0.655527349068252
"4944",494.3,"Simu1","KET",200,"cliver",0.653022185240249
"4945",494.4,"Simu1","KET",200,"cliver",0.650623088112177
"4946",494.5,"Simu1","KET",200,"cliver",0.648324655461508
"4947",494.6,"Simu1","KET",200,"cliver",0.646121764984352
"4948",494.7,"Simu1","KET",200,"cliver",0.644009559418303
"4949",494.8,"Simu1","KET",200,"cliver",0.641983432489875
"4950",494.9,"Simu1","KET",200,"cliver",0.640039015637847
"4951",495,"Simu1","KET",200,"cliver",0.638172165466953
"4952",495.1,"Simu1","KET",200,"cliver",0.636378951889211
"4953",495.2,"Simu1","KET",200,"cliver",0.634655646912977
"4954",495.3,"Simu1","KET",200,"cliver",0.632998714042238
"4955",495.4,"Simu1","KET",200,"cliver",0.631404798251052
"4956",495.5,"Simu1","KET",200,"cliver",0.629870716500228
"4957",495.6,"Simu1","KET",200,"cliver",0.628393448765337
"4958",495.7,"Simu1","KET",200,"cliver",0.626970129547068
"4959",495.8,"Simu1","KET",200,"cliver",0.62559803983671
"4960",495.9,"Simu1","KET",200,"cliver",0.624274599511165
"4961",496,"Simu1","KET",200,"cliver",0.622997360133484
"4962",496.1,"Simu1","KET",200,"cliver",0.6217639981363
"4963",496.2,"Simu1","KET",200,"cliver",0.620572308366937
"4964",496.3,"Simu1","KET",200,"cliver",0.619420197974181
"4965",496.4,"Simu1","KET",200,"cliver",0.61830568061789
"4966",496.5,"Simu1","KET",200,"cliver",0.617226870983766
"4967",496.6,"Simu1","KET",200,"cliver",0.616181979586556
"4968",496.7,"Simu1","KET",200,"cliver",0.615169307846006
"4969",496.8,"Simu1","KET",200,"cliver",0.614187243420729
"4970",496.9,"Simu1","KET",200,"cliver",0.61323425578604
"4971",497,"Simu1","KET",200,"cliver",0.612308892042585
"4972",497.1,"Simu1","KET",200,"cliver",0.611409772943347
"4973",497.2,"Simu1","KET",200,"cliver",0.610535589127318
"4974",497.3,"Simu1","KET",200,"cliver",0.609685097548768
"4975",497.4,"Simu1","KET",200,"cliver",0.608857118091688
"4976",497.5,"Simu1","KET",200,"cliver",0.608050530359544
"4977",497.6,"Simu1","KET",200,"cliver",0.607264270631031
"4978",497.7,"Simu1","KET",200,"cliver",0.606497328973046
"4979",497.8,"Simu1","KET",200,"cliver",0.605748746502561
"4980",497.9,"Simu1","KET",200,"cliver",0.605017612789551
"4981",498,"Simu1","KET",200,"cliver",0.604303063393552
"4982",498.1,"Simu1","KET",200,"cliver",0.603604277526837
"4983",498.2,"Simu1","KET",200,"cliver",0.602920475837571
"4984",498.3,"Simu1","KET",200,"cliver",0.602250918306664
"4985",498.4,"Simu1","KET",200,"cliver",0.601594902252398
"4986",498.5,"Simu1","KET",200,"cliver",0.600951760437201
"4987",498.6,"Simu1","KET",200,"cliver",0.60032085927125
"4988",498.7,"Simu1","KET",200,"cliver",0.599701597107887
"4989",498.8,"Simu1","KET",200,"cliver",0.599093402626063
"4990",498.9,"Simu1","KET",200,"cliver",0.598495733295323
"4991",499,"Simu1","KET",200,"cliver",0.597908073919051
"4992",499.1,"Simu1","KET",200,"cliver",0.597329935251931
"4993",499.2,"Simu1","KET",200,"cliver",0.5967608526878
"4994",499.3,"Simu1","KET",200,"cliver",0.596200385014272
"4995",499.4,"Simu1","KET",200,"cliver",0.59564811323067
"4996",499.5,"Simu1","KET",200,"cliver",0.595103639426054
"4997",499.6,"Simu1","KET",200,"cliver",0.594566585714208
"4998",499.7,"Simu1","KET",200,"cliver",0.594036593222717
"4999",499.8,"Simu1","KET",200,"cliver",0.593513321133311
"5000",499.9,"Simu1","KET",200,"cliver",0.592996445770891
"5001",500,"Simu1","KET",200,"cliver",0.592485659738725
"5002",500.1,"Simu1","KET",200,"cliver",0.591980671097458
"5003",500.2,"Simu1","KET",200,"cliver",0.591481202585702
"5004",500.3,"Simu1","KET",200,"cliver",0.590986990880079
"5005",500.4,"Simu1","KET",200,"cliver",0.590497785892716
"5006",500.5,"Simu1","KET",200,"cliver",0.590013350104264
"5007",500.6,"Simu1","KET",200,"cliver",0.589533457930651
"5008",500.7,"Simu1","KET",200,"cliver",0.589057895121846
"5009",500.8,"Simu1","KET",200,"cliver",0.588586458191001
"5010",500.9,"Simu1","KET",200,"cliver",0.588118953872432
"5011",501,"Simu1","KET",200,"cliver",0.587655198606973
"5012",501.1,"Simu1","KET",200,"cliver",0.587195018053318
"5013",501.2,"Simu1","KET",200,"cliver",0.586738246624019
"5014",501.3,"Simu1","KET",200,"cliver",0.586284727044907
"5015",501.4,"Simu1","KET",200,"cliver",0.585834309936734
"5016",501.5,"Simu1","KET",200,"cliver",0.585386853417918
"5017",501.6,"Simu1","KET",200,"cliver",0.584942222727317
"5018",501.7,"Simu1","KET",200,"cliver",0.584500289866031
"5019",501.8,"Simu1","KET",200,"cliver",0.584060933257243
"5020",501.9,"Simu1","KET",200,"cliver",0.583624037423218
"5021",502,"Simu1","KET",200,"cliver",0.583189492678567
"5022",502.1,"Simu1","KET",200,"cliver",0.582757194838968
"5023",502.2,"Simu1","KET",200,"cliver",0.582327044944554
"5024",502.3,"Simu1","KET",200,"cliver",0.58189894899724
"5025",502.4,"Simu1","KET",200,"cliver",0.581472817711266
"5026",502.5,"Simu1","KET",200,"cliver",0.581048566276307
"5027",502.6,"Simu1","KET",200,"cliver",0.580626114132503
"5028",502.7,"Simu1","KET",200,"cliver",0.580205384756816
"5029",502.8,"Simu1","KET",200,"cliver",0.579786305460138
"5030",502.9,"Simu1","KET",200,"cliver",0.579368807194601
"5031",503,"Simu1","KET",200,"cliver",0.578952824370599
"5032",503.1,"Simu1","KET",200,"cliver",0.578538294682995
"5033",503.2,"Simu1","KET",200,"cliver",0.578125158946088
"5034",503.3,"Simu1","KET",200,"cliver",0.577713360936867
"5035",503.4,"Simu1","KET",200,"cliver",0.577302847246161
"5036",503.5,"Simu1","KET",200,"cliver",0.576893567137262
"5037",503.6,"Simu1","KET",200,"cliver",0.576485472411668
"5038",503.7,"Simu1","KET",200,"cliver",0.57607851728157
"5039",503.8,"Simu1","KET",200,"cliver",0.575672658249362
"5040",503.9,"Simu1","KET",200,"cliver",0.575267854263227
"5041",504,"Simu1","KET",200,"cliver",0.578443733058243
"5042",504.1,"Simu1","KET",200,"cliver",4.18875896219273
"5043",504.2,"Simu1","KET",200,"cliver",13.9188682822665
"5044",504.3,"Simu1","KET",200,"cliver",24.2975260353655
"5045",504.4,"Simu1","KET",200,"cliver",33.35940930228
"5046",504.5,"Simu1","KET",200,"cliver",40.6638054612803
"5047",504.6,"Simu1","KET",200,"cliver",46.2705146256159
"5048",504.7,"Simu1","KET",200,"cliver",50.3832048462151
"5049",504.8,"Simu1","KET",200,"cliver",53.2284414304048
"5050",504.9,"Simu1","KET",200,"cliver",55.0172902896697
"5051",505,"Simu1","KET",200,"cliver",55.9353864293402
"5052",505.1,"Simu1","KET",200,"cliver",56.1424431742968
"5053",505.2,"Simu1","KET",200,"cliver",55.7745915449526
"5054",505.3,"Simu1","KET",200,"cliver",54.9473108478843
"5055",505.4,"Simu1","KET",200,"cliver",53.7582388023095
"5056",505.5,"Simu1","KET",200,"cliver",52.2896711513701
"5057",505.6,"Simu1","KET",200,"cliver",50.6107299435855
"5058",505.7,"Simu1","KET",200,"cliver",48.7792357128747
"5059",505.8,"Simu1","KET",200,"cliver",46.8433159985068
"5060",505.9,"Simu1","KET",200,"cliver",44.8427940131577
"5061",506,"Simu1","KET",200,"cliver",42.8103960113456
"5062",506.1,"Simu1","KET",200,"cliver",40.7727844572105
"5063",506.2,"Simu1","KET",200,"cliver",38.7514560601368
"5064",506.3,"Simu1","KET",200,"cliver",36.7635164643244
"5065",506.4,"Simu1","KET",200,"cliver",34.8223683315384
"5066",506.5,"Simu1","KET",200,"cliver",32.9382893201339
"5067",506.6,"Simu1","KET",200,"cliver",31.1189281924792
"5068",506.7,"Simu1","KET",200,"cliver",29.3697382399024
"5069",506.8,"Simu1","KET",200,"cliver",27.6943543864702
"5070",506.9,"Simu1","KET",200,"cliver",26.0949149176273
"5071",507,"Simu1","KET",200,"cliver",24.572333899586
"5072",507.1,"Simu1","KET",200,"cliver",23.1265334918604
"5073",507.2,"Simu1","KET",200,"cliver",21.7566427388488
"5074",507.3,"Simu1","KET",200,"cliver",20.461166258003
"5075",507.4,"Simu1","KET",200,"cliver",19.2381254248833
"5076",507.5,"Simu1","KET",200,"cliver",18.0851776813268
"5077",507.6,"Simu1","KET",200,"cliver",16.999715659267
"5078",507.7,"Simu1","KET",200,"cliver",15.9789487129853
"5079",507.8,"Simu1","KET",200,"cliver",15.0199705733357
"5080",507.9,"Simu1","KET",200,"cliver",14.119814959942
"5081",508,"Simu1","KET",200,"cliver",13.2755005756681
"5082",508.1,"Simu1","KET",200,"cliver",12.4840669263126
"5083",508.2,"Simu1","KET",200,"cliver",11.7426025415533
"5084",508.3,"Simu1","KET",200,"cliver",11.0482669324128
"5085",508.4,"Simu1","KET",200,"cliver",10.3983071856115
"5086",508.5,"Simu1","KET",200,"cliver",9.7900703537959
"5087",508.6,"Simu1","KET",200,"cliver",9.22101203529023
"5088",508.7,"Simu1","KET",200,"cliver",8.68870190331448
"5089",508.8,"Simu1","KET",200,"cliver",8.19082679593595
"5090",508.9,"Simu1","KET",200,"cliver",7.72519185912081
"5091",509,"Simu1","KET",200,"cliver",7.28972011207801
"5092",509.1,"Simu1","KET",200,"cliver",6.88245074540708
"5093",509.2,"Simu1","KET",200,"cliver",6.50153643725838
"5094",509.3,"Simu1","KET",200,"cliver",6.14523993589649
"5095",509.4,"Simu1","KET",200,"cliver",5.81193010625202
"5096",509.5,"Simu1","KET",200,"cliver",5.50007759455716
"5097",509.6,"Simu1","KET",200,"cliver",5.20825023815076
"5098",509.7,"Simu1","KET",200,"cliver",4.93510832882632
"5099",509.8,"Simu1","KET",200,"cliver",4.67939981877414
"5100",509.9,"Simu1","KET",200,"cliver",4.43995553829969
"5101",510,"Simu1","KET",200,"cliver",4.21568447815104
"5102",510.1,"Simu1","KET",200,"cliver",4.0055691776416
"5103",510.2,"Simu1","KET",200,"cliver",3.80866125070501
"5104",510.3,"Simu1","KET",200,"cliver",3.62407707386211
"5105",510.4,"Simu1","KET",200,"cliver",3.45099365289151
"5106",510.5,"Simu1","KET",200,"cliver",3.28864467795979
"5107",510.6,"Simu1","KET",200,"cliver",3.13631677396086
"5108",510.7,"Simu1","KET",200,"cliver",2.99334594860885
"5109",510.8,"Simu1","KET",200,"cliver",2.85911423796794
"5110",510.9,"Simu1","KET",200,"cliver",2.73304654665776
"5111",511,"Simu1","KET",200,"cliver",2.61460767821529
"5112",511.1,"Simu1","KET",200,"cliver",2.50329954982038
"5113",511.2,"Simu1","KET",200,"cliver",2.39865858463112
"5114",511.3,"Simu1","KET",200,"cliver",2.3002532742529
"5115",511.4,"Simu1","KET",200,"cliver",2.20768190339726
"5116",511.5,"Simu1","KET",200,"cliver",2.12057042853789
"5117",511.6,"Simu1","KET",200,"cliver",2.03857050228506
"5118",511.7,"Simu1","KET",200,"cliver",1.9613576352293
"5119",511.8,"Simu1","KET",200,"cliver",1.88862948711716
"5120",511.9,"Simu1","KET",200,"cliver",1.82010427941513
"5121",512,"Simu1","KET",200,"cliver",1.75551932156998
"5122",512.1,"Simu1","KET",200,"cliver",1.69462964356749
"5123",512.2,"Simu1","KET",200,"cliver",1.63720672770571
"5124",512.3,"Simu1","KET",200,"cliver",1.58303733285127
"5125",512.4,"Simu1","KET",200,"cliver",1.53192240483818
"5126",512.5,"Simu1","KET",200,"cliver",1.48367606681042
"5127",512.6,"Simu1","KET",200,"cliver",1.43812468395843
"5128",512.7,"Simu1","KET",200,"cliver",1.39510599727054
"5129",512.8,"Simu1","KET",200,"cliver",1.3544683212768
"5130",512.9,"Simu1","KET",200,"cliver",1.31606980108156
"5131",513,"Simu1","KET",200,"cliver",1.27977772430838
"5132",513.1,"Simu1","KET",200,"cliver",1.24546788388388
"5133",513.2,"Simu1","KET",200,"cliver",1.21302398786236
"5134",513.3,"Simu1","KET",200,"cliver",1.18233711275656
"5135",513.4,"Simu1","KET",200,"cliver",1.15330519709309
"5136",513.5,"Simu1","KET",200,"cliver",1.12583257215208
"5137",513.6,"Simu1","KET",200,"cliver",1.09982952707513
"5138",513.7,"Simu1","KET",200,"cliver",1.07521190573223
"5139",513.8,"Simu1","KET",200,"cliver",1.05190073293339
"5140",513.9,"Simu1","KET",200,"cliver",1.02982186775281
"5141",514,"Simu1","KET",200,"cliver",1.00890568190322
"5142",514.1,"Simu1","KET",200,"cliver",0.989086761256333
"5143",514.2,"Simu1","KET",200,"cliver",0.970303628749738
"5144",514.3,"Simu1","KET",200,"cliver",0.952498487058273
"5145",514.4,"Simu1","KET",200,"cliver",0.935616979535621
"5146",514.5,"Simu1","KET",200,"cliver",0.919607968034517
"5147",514.6,"Simu1","KET",200,"cliver",0.904423326341558
"5148",514.7,"Simu1","KET",200,"cliver",0.890017748049681
"5149",514.8,"Simu1","KET",200,"cliver",0.876348567785007
"5150",514.9,"Simu1","KET",200,"cliver",0.863375594788669
"5151",515,"Simu1","KET",200,"cliver",0.851060957933302
"5152",515.1,"Simu1","KET",200,"cliver",0.839368961326388
"5153",515.2,"Simu1","KET",200,"cliver",0.828265949717856
"5154",515.3,"Simu1","KET",200,"cliver",0.817720182990534
"5155",515.4,"Simu1","KET",200,"cliver",0.807701719067917
"5156",515.5,"Simu1","KET",200,"cliver",0.798182304625719
"5157",515.6,"Simu1","KET",200,"cliver",0.789135273041454
"5158",515.7,"Simu1","KET",200,"cliver",0.780535449059643
"5159",515.8,"Simu1","KET",200,"cliver",0.772359059690808
"5160",515.9,"Simu1","KET",200,"cliver",0.764583650899326
"5161",516,"Simu1","KET",200,"cliver",0.757188009669346
"5162",516.1,"Simu1","KET",200,"cliver",0.750152091069526
"5163",516.2,"Simu1","KET",200,"cliver",0.743456949965893
"5164",516.3,"Simu1","KET",200,"cliver",0.73708467705902
"5165",516.4,"Simu1","KET",200,"cliver",0.731018338946249
"5166",516.5,"Simu1","KET",200,"cliver",0.725241921931146
"5167",516.6,"Simu1","KET",200,"cliver",0.719740279324709
"5168",516.7,"Simu1","KET",200,"cliver",0.714499082000815
"5169",516.8,"Simu1","KET",200,"cliver",0.709504771986301
"5170",516.9,"Simu1","KET",200,"cliver",0.704744518882072
"5171",517,"Simu1","KET",200,"cliver",0.700206178926639
"5172",517.1,"Simu1","KET",200,"cliver",0.695878256527337
"5173",517.2,"Simu1","KET",200,"cliver",0.69174986809691
"5174",517.3,"Simu1","KET",200,"cliver",0.687810708044989
"5175",517.4,"Simu1","KET",200,"cliver",0.684051016784653
"5176",517.5,"Simu1","KET",200,"cliver",0.680461550624198
"5177",517.6,"Simu1","KET",200,"cliver",0.677033553423533
"5178",517.7,"Simu1","KET",200,"cliver",0.673758729902895
"5179",517.8,"Simu1","KET",200,"cliver",0.670629220499566
"5180",517.9,"Simu1","KET",200,"cliver",0.667637577675413
"5181",518,"Simu1","KET",200,"cliver",0.66477674358475
"5182",518.1,"Simu1","KET",200,"cliver",0.662040029018299
"5183",518.2,"Simu1","KET",200,"cliver",0.659421093544592
"5184",518.3,"Simu1","KET",200,"cliver",0.656913926775599
"5185",518.4,"Simu1","KET",200,"cliver",0.654512830688217
"5186",518.5,"Simu1","KET",200,"cliver",0.652212402937716
"5187",518.6,"Simu1","KET",200,"cliver",0.650007521103619
"5188",518.7,"Simu1","KET",200,"cliver",0.647893327812268
"5189",518.8,"Simu1","KET",200,"cliver",0.645865216684027
"5190",518.9,"Simu1","KET",200,"cliver",0.643918819056395
"5191",519,"Simu1","KET",200,"cliver",0.642049991437446
"5192",519.1,"Simu1","KET",200,"cliver",0.640254803646973
"5193",519.2,"Simu1","KET",200,"cliver",0.638529527605313
"5194",519.3,"Simu1","KET",200,"cliver",0.636870626732452
"5195",519.4,"Simu1","KET",200,"cliver",0.635274745922286
"5196",519.5,"Simu1","KET",200,"cliver",0.633738702059108
"5197",519.6,"Simu1","KET",200,"cliver",0.632259475045467
"5198",519.7,"Simu1","KET",200,"cliver",0.630834199312351
"5199",519.8,"Simu1","KET",200,"cliver",0.629460155784519
"5200",519.9,"Simu1","KET",200,"cliver",0.628134764275373
"5201",520,"Simu1","KET",200,"cliver",0.626855576287339
"5202",520.1,"Simu1","KET",200,"cliver",0.625620268195189
"5203",520.2,"Simu1","KET",200,"cliver",0.624426634791005
"5204",520.3,"Simu1","KET",200,"cliver",0.623272583170832
"5205",520.4,"Simu1","KET",200,"cliver",0.622156126944184
"5206",520.5,"Simu1","KET",200,"cliver",0.621075380748693
"5207",520.6,"Simu1","KET",200,"cliver",0.620028555053214
"5208",520.7,"Simu1","KET",200,"cliver",0.619013951233671
"5209",520.8,"Simu1","KET",200,"cliver",0.618029956906837
"5210",520.9,"Simu1","KET",200,"cliver",0.617075041508074
"5211",521,"Simu1","KET",200,"cliver",0.616147752099874
"5212",521.1,"Simu1","KET",200,"cliver",0.615246709398788
"5213",521.2,"Simu1","KET",200,"cliver",0.61437060400901
"5214",521.3,"Simu1","KET",200,"cliver",0.613518192851579
"5215",521.4,"Simu1","KET",200,"cliver",0.612688295778749
"5216",521.5,"Simu1","KET",200,"cliver",0.611879792363667
"5217",521.6,"Simu1","KET",200,"cliver",0.61109161885607
"5218",521.7,"Simu1","KET",200,"cliver",0.610322765295193
"5219",521.8,"Simu1","KET",200,"cliver",0.609572272771581
"5220",521.9,"Simu1","KET",200,"cliver",0.60883923082996
"5221",522,"Simu1","KET",200,"cliver",0.608122775005744
"5222",522.1,"Simu1","KET",200,"cliver",0.607422084488156
"5223",522.2,"Simu1","KET",200,"cliver",0.606736379903334
"5224",522.3,"Simu1","KET",200,"cliver",0.606064921211137
"5225",522.4,"Simu1","KET",200,"cliver",0.605407005709733
"5226",522.5,"Simu1","KET",200,"cliver",0.604761966142317
"5227",522.6,"Simu1","KET",200,"cliver",0.604129168900688
"5228",522.7,"Simu1","KET",200,"cliver",0.603508012320613
"5229",522.8,"Simu1","KET",200,"cliver",0.602897925064246
"5230",522.9,"Simu1","KET",200,"cliver",0.602298364585066
"5231",523,"Simu1","KET",200,"cliver",0.601708815671094
"5232",523.1,"Simu1","KET",200,"cliver",0.601128789062323
"5233",523.2,"Simu1","KET",200,"cliver",0.600557820138538
"5234",523.3,"Simu1","KET",200,"cliver",0.599995467673907
"5235",523.4,"Simu1","KET",200,"cliver",0.599441312654896
"5236",523.5,"Simu1","KET",200,"cliver",0.598894957158251
"5237",523.6,"Simu1","KET",200,"cliver",0.598356023285983
"5238",523.7,"Simu1","KET",200,"cliver",0.597824152154401
"5239",523.8,"Simu1","KET",200,"cliver",0.597299002934445
"5240",523.9,"Simu1","KET",200,"cliver",0.596780251940683
"5241",524,"Simu1","KET",200,"cliver",0.596267591766486
"5242",524.1,"Simu1","KET",200,"cliver",0.595760730463024
"5243",524.2,"Simu1","KET",200,"cliver",0.595259390759829
"5244",524.3,"Simu1","KET",200,"cliver",0.594763309324827
"5245",524.4,"Simu1","KET",200,"cliver",0.594272236061808
"5246",524.5,"Simu1","KET",200,"cliver",0.593785933443431
"5247",524.6,"Simu1","KET",200,"cliver",0.593304175877967
"5248",524.7,"Simu1","KET",200,"cliver",0.592826749108038
"5249",524.8,"Simu1","KET",200,"cliver",0.59235344963975
"5250",524.9,"Simu1","KET",200,"cliver",0.59188408420066
"5251",525,"Simu1","KET",200,"cliver",0.591418469225115
"5252",525.1,"Simu1","KET",200,"cliver",0.590956430365582
"5253",525.2,"Simu1","KET",200,"cliver",0.590497802028636
"5254",525.3,"Simu1","KET",200,"cliver",0.590042426934366
"5255",525.4,"Simu1","KET",200,"cliver",0.58959015569801
"5256",525.5,"Simu1","KET",200,"cliver",0.589140846432682
"5257",525.6,"Simu1","KET",200,"cliver",0.588694364372149
"5258",525.7,"Simu1","KET",200,"cliver",0.588250581512609
"5259",525.8,"Simu1","KET",200,"cliver",0.587809376272535
"5260",525.9,"Simu1","KET",200,"cliver",0.587370633169657
"5261",526,"Simu1","KET",200,"cliver",0.58693424251422
"5262",526.1,"Simu1","KET",200,"cliver",0.586500100117701
"5263",526.2,"Simu1","KET",200,"cliver",0.586068107016187
"5264",526.3,"Simu1","KET",200,"cliver",0.585638169207689
"5265",526.4,"Simu1","KET",200,"cliver",0.585210197402689
"5266",526.5,"Simu1","KET",200,"cliver",0.584784106787235
"5267",526.6,"Simu1","KET",200,"cliver",0.58435981679797
"5268",526.7,"Simu1","KET",200,"cliver",0.583937250908478
"5269",526.8,"Simu1","KET",200,"cliver",0.58351633642639
"5270",526.9,"Simu1","KET",200,"cliver",0.583097004300692
"5271",527,"Simu1","KET",200,"cliver",0.58267918893873
"5272",527.1,"Simu1","KET",200,"cliver",0.582262828032427
"5273",527.2,"Simu1","KET",200,"cliver",0.581847862393232
"5274",527.3,"Simu1","KET",200,"cliver",0.581434235795382
"5275",527.4,"Simu1","KET",200,"cliver",0.581021894827035
"5276",527.5,"Simu1","KET",200,"cliver",0.5806107887489
"5277",527.6,"Simu1","KET",200,"cliver",0.580200869359969
"5278",527.7,"Simu1","KET",200,"cliver",0.579792090870003
"5279",527.8,"Simu1","KET",200,"cliver",0.579384409778433
"5280",527.9,"Simu1","KET",200,"cliver",0.578977785000707
"5281",528,"Simu1","KET",200,"cliver",0.582151856080504
"5282",528.1,"Simu1","KET",200,"cliver",4.19247029422425
"5283",528.2,"Simu1","KET",200,"cliver",13.9225999639841
"5284",528.3,"Simu1","KET",200,"cliver",24.3012863390575
"5285",528.4,"Simu1","KET",200,"cliver",33.3632012807305
"5286",528.5,"Simu1","KET",200,"cliver",40.6676294821382
"5287",528.6,"Simu1","KET",200,"cliver",46.2743695439454
"5288",528.7,"Simu1","KET",200,"cliver",50.3870887072106
"5289",528.8,"Simu1","KET",200,"cliver",53.2323515488267
"5290",528.9,"Simu1","KET",200,"cliver",55.0212237322444
"5291",529,"Simu1","KET",200,"cliver",55.9393401678384
"5292",529.1,"Simu1","KET",200,"cliver",56.1464078963177
"5293",529.2,"Simu1","KET",200,"cliver",55.778563528868
"5294",529.3,"Simu1","KET",200,"cliver",54.9512686723886
"5295",529.4,"Simu1","KET",200,"cliver",53.7621691463442
"5296",529.5,"Simu1","KET",200,"cliver",52.2935581254672
"5297",529.6,"Simu1","KET",200,"cliver",50.6146638462264
"5298",529.7,"Simu1","KET",200,"cliver",48.7831912163954
"5299",529.8,"Simu1","KET",200,"cliver",46.8472918916349
"5300",529.9,"Simu1","KET",200,"cliver",44.8467948432786
"5301",530,"Simu1","KET",200,"cliver",42.8144127892899
"5302",530.1,"Simu1","KET",200,"cliver",40.7767860310909
"5303",530.2,"Simu1","KET",200,"cliver",38.7554380337607
"5304",530.3,"Simu1","KET",200,"cliver",36.767500021701
"5305",530.4,"Simu1","KET",200,"cliver",34.8263567286494
"5306",530.5,"Simu1","KET",200,"cliver",32.942268399767
"5307",530.6,"Simu1","KET",200,"cliver",31.1228890854251
"5308",530.7,"Simu1","KET",200,"cliver",29.3736840708549
"5309",530.8,"Simu1","KET",200,"cliver",27.6982905179036
"5310",530.9,"Simu1","KET",200,"cliver",26.0988415839905
"5311",531,"Simu1","KET",200,"cliver",24.5762480240651
"5312",531.1,"Simu1","KET",200,"cliver",23.1304337331559
"5313",531.2,"Simu1","KET",200,"cliver",21.7605303482842
"5314",531.3,"Simu1","KET",200,"cliver",20.4650427039685
"5315",531.4,"Simu1","KET",200,"cliver",19.2419913962159
"5316",531.5,"Simu1","KET",200,"cliver",18.0890332949868
"5317",531.6,"Simu1","KET",200,"cliver",17.0035608958125
"5318",531.7,"Simu1","KET",200,"cliver",15.982783728082
"5319",531.8,"Simu1","KET",200,"cliver",15.0237956131209
"5320",531.9,"Simu1","KET",200,"cliver",14.1236302252063
"5321",532,"Simu1","KET",200,"cliver",13.2793062249546
"5322",532.1,"Simu1","KET",200,"cliver",12.4878631490299
"5323",532.2,"Simu1","KET",200,"cliver",11.7463895669209
"5324",532.3,"Simu1","KET",200,"cliver",11.0520449737776
"5325",532.4,"Simu1","KET",200,"cliver",10.402076512266
"5326",532.5,"Simu1","KET",200,"cliver",9.79383127135683
"5327",532.6,"Simu1","KET",200,"cliver",9.22476482914885
"5328",532.7,"Simu1","KET",200,"cliver",8.69244683613336
"5329",532.8,"Simu1","KET",200,"cliver",8.19456412391068
"5330",532.9,"Simu1","KET",200,"cliver",7.72892184217172
"5331",533,"Simu1","KET",200,"cliver",7.29344300893382
"5332",533.1,"Simu1","KET",200,"cliver",6.88616680539451
"5333",533.2,"Simu1","KET",200,"cliver",6.50524589872642
"5334",533.3,"Simu1","KET",200,"cliver",6.14894302923091
"5335",533.4,"Simu1","KET",200,"cliver",5.81562705546398
"5336",533.5,"Simu1","KET",200,"cliver",5.50376861602948
"5337",533.6,"Simu1","KET",200,"cliver",5.21193553909296
"5338",533.7,"Simu1","KET",200,"cliver",4.93878810719882
"5339",533.8,"Simu1","KET",200,"cliver",4.68307426406599
"5340",533.9,"Simu1","KET",200,"cliver",4.44362483196443
"5341",534,"Simu1","KET",200,"cliver",4.21934879351547
"5342",534.1,"Simu1","KET",200,"cliver",4.00922867982931
"5343",534.2,"Simu1","KET",200,"cliver",3.81231609691544
"5344",534.3,"Simu1","KET",200,"cliver",3.62772741383666
"5345",534.4,"Simu1","KET",200,"cliver",3.45463962897071
"5346",534.5,"Simu1","KET",200,"cliver",3.29228642527481
"5347",534.6,"Simu1","KET",200,"cliver",3.13995442093488
"5348",534.7,"Simu1","KET",200,"cliver",2.99697961725334
"5349",534.8,"Simu1","KET",200,"cliver",2.86274404411296
"5350",534.9,"Simu1","KET",200,"cliver",2.73667260018205
"5351",535,"Simu1","KET",200,"cliver",2.6182300833257
"5352",535.1,"Simu1","KET",200,"cliver",2.50691840535032
"5353",535.2,"Simu1","KET",200,"cliver",2.40227398431298
"5354",535.3,"Simu1","KET",200,"cliver",2.30386530696349
"5355",535.4,"Simu1","KET",200,"cliver",2.21129065339615
"5356",535.5,"Simu1","KET",200,"cliver",2.12417597570645
"5357",535.6,"Simu1","KET",200,"cliver",2.0421729223606
"5358",535.7,"Simu1","KET",200,"cliver",1.96495700002463
"5359",535.8,"Simu1","KET",200,"cliver",1.89222586472711
"5360",535.9,"Simu1","KET",200,"cliver",1.82369773441411
"5361",536,"Simu1","KET",200,"cliver",1.75910991520161
"5362",536.1,"Simu1","KET",200,"cliver",1.6982174339261
"5363",536.2,"Simu1","KET",200,"cliver",1.64079176991448
"5364",536.3,"Simu1","KET",200,"cliver",1.58661967923527
"5365",536.4,"Simu1","KET",200,"cliver",1.53550210502956
"5366",536.5,"Simu1","KET",200,"cliver",1.48725316789768
"5367",536.6,"Simu1","KET",200,"cliver",1.44169923066688
"5368",536.7,"Simu1","KET",200,"cliver",1.39867803209196
"5369",536.8,"Simu1","KET",200,"cliver",1.35803788457762
"5370",536.9,"Simu1","KET",200,"cliver",1.31963693120932
"5371",537,"Simu1","KET",200,"cliver",1.28334245770425
"5372",537.1,"Simu1","KET",200,"cliver",1.24903025519189
"5373",537.2,"Simu1","KET",200,"cliver",1.21658403002744
"5374",537.3,"Simu1","KET",200,"cliver",1.18589485711355
"5375",537.4,"Simu1","KET",200,"cliver",1.15686067345187
"5376",537.5,"Simu1","KET",200,"cliver",1.12938580888005
"5377",537.6,"Simu1","KET",200,"cliver",1.1033805511755
"5378",537.7,"Simu1","KET",200,"cliver",1.07876074291662
"5379",537.8,"Simu1","KET",200,"cliver",1.05544740768985
"5380",537.9,"Simu1","KET",200,"cliver",1.03336640341017
"5381",538,"Simu1","KET",200,"cliver",1.01244810069228
"5382",538.1,"Simu1","KET",200,"cliver",0.992627084367614
"5383",538.2,"Simu1","KET",200,"cliver",0.973841876388243
"5384",538.3,"Simu1","KET",200,"cliver",0.956034678495364
"5385",538.4,"Simu1","KET",200,"cliver",0.939151133154153
"5386",538.5,"Simu1","KET",200,"cliver",0.923140101374843
"5387",538.6,"Simu1","KET",200,"cliver",0.907953456147555
"5388",538.7,"Simu1","KET",200,"cliver",0.893545890309478
"5389",538.8,"Simu1","KET",200,"cliver",0.879874737768516
"5390",538.9,"Simu1","KET",200,"cliver",0.866899807083364
"5391",539,"Simu1","KET",200,"cliver",0.854583226478864
"5392",539.1,"Simu1","KET",200,"cliver",0.842889299447661
"5393",539.2,"Simu1","KET",200,"cliver",0.831784370155693
"5394",539.3,"Simu1","KET",200,"cliver",0.821236697930746
"5395",539.4,"Simu1","KET",200,"cliver",0.81121634016876
"5396",539.5,"Simu1","KET",200,"cliver",0.801695043044076
"5397",539.6,"Simu1","KET",200,"cliver",0.792646139457651
"5398",539.7,"Simu1","KET",200,"cliver",0.784044453700889
"5399",539.8,"Simu1","KET",200,"cliver",0.775866212353365
"5400",539.9,"Simu1","KET",200,"cliver",0.76808896096955
"5401",540,"Simu1","KET",200,"cliver",0.760691486143659
"5402",540.1,"Simu1","KET",200,"cliver",0.75365374257337
"5403",540.2,"Simu1","KET",200,"cliver",0.746956784771718
"5404",540.3,"Simu1","KET",200,"cliver",0.740582703103382
"5405",540.4,"Simu1","KET",200,"cliver",0.734514563845742
"5406",540.5,"Simu1","KET",200,"cliver",0.728736352997785
"5407",540.6,"Simu1","KET",200,"cliver",0.723232923580726
"5408",540.7,"Simu1","KET",200,"cliver",0.717989946192513
"5409",540.8,"Simu1","KET",200,"cliver",0.712993862597134
"5410",540.9,"Simu1","KET",200,"cliver",0.708231842145106
"5411",541,"Simu1","KET",200,"cliver",0.703691740836453
"5412",541.1,"Simu1","KET",200,"cliver",0.699362062851345
"5413",541.2,"Simu1","KET",200,"cliver",0.695231924386111
"5414",541.3,"Simu1","KET",200,"cliver",0.691291019644166
"5415",541.4,"Simu1","KET",200,"cliver",0.687529588842075
"5416",541.5,"Simu1","KET",200,"cliver",0.683938388100873
"5417",541.6,"Simu1","KET",200,"cliver",0.680508661102001
"5418",541.7,"Simu1","KET",200,"cliver",0.677232112395598
"5419",541.8,"Simu1","KET",200,"cliver",0.674100882256809
"5420",541.9,"Simu1","KET",200,"cliver",0.671107522992938
"5421",542,"Simu1","KET",200,"cliver",0.668244976610956
"5422",542.1,"Simu1","KET",200,"cliver",0.665506553761111
"5423",542.2,"Simu1","KET",200,"cliver",0.662885913878007
"5424",542.3,"Simu1","KET",200,"cliver",0.660377046445919
"5425",542.4,"Simu1","KET",200,"cliver",0.657974253319961
"5426",542.5,"Simu1","KET",200,"cliver",0.65567213203927
"5427",542.6,"Simu1","KET",200,"cliver",0.653465560072644
"5428",542.7,"Simu1","KET",200,"cliver",0.651349679940827
"5429",542.8,"Simu1","KET",200,"cliver",0.649319885163463
"5430",542.9,"Simu1","KET",200,"cliver",0.647371806981983
"5431",543,"Simu1","KET",200,"cliver",0.645501301812835
"5432",543.1,"Simu1","KET",200,"cliver",0.643704439388413
"5433",543.2,"Simu1","KET",200,"cliver",0.641977491545686
"5434",543.3,"Simu1","KET",200,"cliver",0.640316921625112
"5435",543.4,"Simu1","KET",200,"cliver",0.638719374444719
"5436",543.5,"Simu1","KET",200,"cliver",0.637181666816424
"5437",543.6,"Simu1","KET",200,"cliver",0.635700778573723
"5438",543.7,"Simu1","KET",200,"cliver",0.634273844081727
"5439",543.8,"Simu1","KET",200,"cliver",0.632898144202337
"5440",543.9,"Simu1","KET",200,"cliver",0.631571098688981
"5441",544,"Simu1","KET",200,"cliver",0.63029025898686
"5442",544.1,"Simu1","KET",200,"cliver",0.62905330141614
"5443",544.2,"Simu1","KET",200,"cliver",0.627858020716796
"5444",544.3,"Simu1","KET",200,"cliver",0.626702323935149
"5445",544.4,"Simu1","KET",200,"cliver",0.62558422463326
"5446",544.5,"Simu1","KET",200,"cliver",0.62450183740347
"5447",544.6,"Simu1","KET",200,"cliver",0.623453372671414
"5448",544.7,"Simu1","KET",200,"cliver",0.622437131771766
"5449",544.8,"Simu1","KET",200,"cliver",0.621451502281924
"5450",544.9,"Simu1","KET",200,"cliver",0.62049495359967
"5451",545,"Simu1","KET",200,"cliver",0.619566032751618
"5452",545.1,"Simu1","KET",200,"cliver",0.618663360420076
"5453",545.2,"Simu1","KET",200,"cliver",0.617785627176547
"5454",545.3,"Simu1","KET",200,"cliver",0.616931589910861
"5455",545.4,"Simu1","KET",200,"cliver",0.616100068445474
"5456",545.5,"Simu1","KET",200,"cliver",0.615289942325084
"5457",545.6,"Simu1","KET",200,"cliver",0.614500147772266
"5458",545.7,"Simu1","KET",200,"cliver",0.613729674800315
"5459",545.8,"Simu1","KET",200,"cliver",0.612977564475007
"5460",545.9,"Simu1","KET",200,"cliver",0.612242906317416
"5461",546,"Simu1","KET",200,"cliver",0.611524835840362
"5462",546.1,"Simu1","KET",200,"cliver",0.610822532211493
"5463",546.2,"Simu1","KET",200,"cliver",0.610135216036337
"5464",546.3,"Simu1","KET",200,"cliver",0.609462147255066
"5465",546.4,"Simu1","KET",200,"cliver",0.608802623147038
"5466",546.5,"Simu1","KET",200,"cliver",0.608155976437482
"5467",546.6,"Simu1","KET",200,"cliver",0.607521573501025
"5468",546.7,"Simu1","KET",200,"cliver",0.606898812657031
"5469",546.8,"Simu1","KET",200,"cliver",0.606287122551973
"5470",546.9,"Simu1","KET",200,"cliver",0.605685960624349
"5471",547,"Simu1","KET",200,"cliver",0.605094811647855
"5472",547.1,"Simu1","KET",200,"cliver",0.604513186348793
"5473",547.2,"Simu1","KET",200,"cliver",0.603940620093861
"5474",547.3,"Simu1","KET",200,"cliver",0.603376671644709
"5475",547.4,"Simu1","KET",200,"cliver",0.602820921975836
"5476",547.5,"Simu1","KET",200,"cliver",0.602272973152543
"5477",547.6,"Simu1","KET",200,"cliver",0.601732447265892
"5478",547.7,"Simu1","KET",200,"cliver",0.60119898542172
"5479",547.8,"Simu1","KET",200,"cliver",0.600672246780945
"5480",547.9,"Simu1","KET",200,"cliver",0.600151907648548
"5481",548,"Simu1","KET",200,"cliver",0.599637660608722
"5482",548.1,"Simu1","KET",200,"cliver",0.599129213703852
"5483",548.2,"Simu1","KET",200,"cliver",0.598626289655062
"5484",548.3,"Simu1","KET",200,"cliver",0.598128625122224
"5485",548.4,"Simu1","KET",200,"cliver",0.597635970001415
"5486",548.5,"Simu1","KET",200,"cliver",0.597148086757907
"5487",548.6,"Simu1","KET",200,"cliver",0.596664749792892
"5488",548.7,"Simu1","KET",200,"cliver",0.596185744842209
"5489",548.8,"Simu1","KET",200,"cliver",0.595710868405462
"5490",548.9,"Simu1","KET",200,"cliver",0.595239927203975
"5491",549,"Simu1","KET",200,"cliver",0.594772737666117
"5492",549.1,"Simu1","KET",200,"cliver",0.594309125438624
"5493",549.2,"Simu1","KET",200,"cliver",0.593848924922568
"5494",549.3,"Simu1","KET",200,"cliver",0.59339197883276
"5495",549.4,"Simu1","KET",200,"cliver",0.592938137779369
"5496",549.5,"Simu1","KET",200,"cliver",0.592487259870646
"5497",549.6,"Simu1","KET",200,"cliver",0.592039210335683
"5498",549.7,"Simu1","KET",200,"cliver",0.591593861166189
"5499",549.8,"Simu1","KET",200,"cliver",0.59115109077632
"5500",549.9,"Simu1","KET",200,"cliver",0.59071078367966
"5501",550,"Simu1","KET",200,"cliver",0.590272830182465
"5502",550.1,"Simu1","KET",200,"cliver",0.589837126092371
"5503",550.2,"Simu1","KET",200,"cliver",0.589403572441772
"5504",550.3,"Simu1","KET",200,"cliver",0.588972075225127
"5505",550.4,"Simu1","KET",200,"cliver",0.58854254514949
"5506",550.5,"Simu1","KET",200,"cliver",0.588114897397611
"5507",550.6,"Simu1","KET",200,"cliver",0.587689051402953
"5508",550.7,"Simu1","KET",200,"cliver",0.587264930636035
"5509",550.8,"Simu1","KET",200,"cliver",0.58684246240153
"5510",550.9,"Simu1","KET",200,"cliver",0.58642157764557
"5511",551,"Simu1","KET",200,"cliver",0.586002210772747
"5512",551.1,"Simu1","KET",200,"cliver",0.58558429947232
"5513",551.2,"Simu1","KET",200,"cliver",0.585167784553171
"5514",551.3,"Simu1","KET",200,"cliver",0.584752609787046
"5515",551.4,"Simu1","KET",200,"cliver",0.584338721759703
"5516",551.5,"Simu1","KET",200,"cliver",0.583926069729522
"5517",551.6,"Simu1","KET",200,"cliver",0.583514605493244
"5518",551.7,"Simu1","KET",200,"cliver",0.583104283258446
"5519",551.8,"Simu1","KET",200,"cliver",0.582695059522442
"5520",551.9,"Simu1","KET",200,"cliver",0.582286893078815
"5521",552,"Simu1","KET",200,"cliver",0.585459416813677
"5522",552.1,"Simu1","KET",200,"cliver",4.19577695897452
"5523",552.2,"Simu1","KET",200,"cliver",13.9259100701255
"5524",552.3,"Simu1","KET",200,"cliver",24.3046055900066
"5525",552.4,"Simu1","KET",200,"cliver",33.3665342624996
"5526",552.5,"Simu1","KET",200,"cliver",40.6709792195222
"5527",552.6,"Simu1","KET",200,"cliver",46.2777376685339
"5528",552.7,"Simu1","KET",200,"cliver",50.3904757453346
"5529",552.8,"Simu1","KET",200,"cliver",53.2357571970087
"5530",552.9,"Simu1","KET",200,"cliver",55.0246470840614
"5531",553,"Simu1","KET",200,"cliver",55.9427798880775
"5532",553.1,"Simu1","KET",200,"cliver",56.1498625530468
"5533",553.2,"Simu1","KET",200,"cliver",55.7820287765089
"5534",553.3,"Simu1","KET",200,"cliver",54.9547712349325
"5535",553.4,"Simu1","KET",200,"cliver",53.7656953165882
"5536",553.5,"Simu1","KET",200,"cliver",52.2971031683435
"5537",553.6,"Simu1","KET",200,"cliver",50.6181255049075
"5538",553.7,"Simu1","KET",200,"cliver",48.7867076491379
"5539",553.8,"Simu1","KET",200,"cliver",46.8508110339328
"5540",553.9,"Simu1","KET",200,"cliver",44.8503061690613
"5541",554,"Simu1","KET",200,"cliver",42.8179261048843
"5542",554.1,"Simu1","KET",200,"cliver",40.7803256087281
"5543",554.2,"Simu1","KET",200,"cliver",38.7589790803323
"5544",554.3,"Simu1","KET",200,"cliver",36.7710102487985
"5545",554.4,"Simu1","KET",200,"cliver",34.8298532230254
"5546",554.5,"Simu1","KET",200,"cliver",32.9457712813564
"5547",554.6,"Simu1","KET",200,"cliver",31.1263961113446
"5548",554.7,"Simu1","KET",200,"cliver",29.3771863946046
"5549",554.8,"Simu1","KET",200,"cliver",27.7017854099778
"5550",554.9,"Simu1","KET",200,"cliver",26.1023292994218
"5551",555,"Simu1","KET",200,"cliver",24.5797281399945
"5552",555.1,"Simu1","KET",200,"cliver",23.133903180184
"5553",555.2,"Simu1","KET",200,"cliver",21.7639869808037
"5554",555.3,"Simu1","KET",200,"cliver",20.4684870077095
"5555",555.4,"Simu1","KET",200,"cliver",19.2454267629213
"5556",555.5,"Simu1","KET",200,"cliver",18.0924620221091
"5557",555.6,"Simu1","KET",200,"cliver",17.0069813254603
"5558",555.7,"Simu1","KET",200,"cliver",15.9861955133993
"5559",555.8,"Simu1","KET",200,"cliver",15.0272014346382
"5560",555.9,"Simu1","KET",200,"cliver",14.1270315844116
"5561",556,"Simu1","KET",200,"cliver",13.2827008327493
"5562",556.1,"Simu1","KET",200,"cliver",12.4912500307726
"5563",556.2,"Simu1","KET",200,"cliver",11.7497693812266
"5564",556.3,"Simu1","KET",200,"cliver",11.0554174278328
"5565",556.4,"Simu1","KET",200,"cliver",10.4054411045093
"5566",556.5,"Simu1","KET",200,"cliver",9.79718794489749
"5567",556.6,"Simu1","KET",200,"cliver",9.22811281233897
"5568",556.7,"Simu1","KET",200,"cliver",8.69578599666615
"5569",556.8,"Simu1","KET",200,"cliver",8.1978954595143
"5570",556.9,"Simu1","KET",200,"cliver",7.73224647106325
"5571",557,"Simu1","KET",200,"cliver",7.29676140062727
"5572",557.1,"Simu1","KET",200,"cliver",6.88947901289447
"5573",557.2,"Simu1","KET",200,"cliver",6.50855205895647
"5574",557.3,"Simu1","KET",200,"cliver",6.15224350216813
"5575",557.4,"Simu1","KET",200,"cliver",5.81892223113595
"5576",557.5,"Simu1","KET",200,"cliver",5.50705875848177
"5577",557.6,"Simu1","KET",200,"cliver",5.21522081444325
"5578",557.7,"Simu1","KET",200,"cliver",4.94206868760021
"5579",557.8,"Simu1","KET",200,"cliver",4.6863503547494
"5580",557.9,"Simu1","KET",200,"cliver",4.44689663081701
"5581",558,"Simu1","KET",200,"cliver",4.22261646282092
"5582",558.1,"Simu1","KET",200,"cliver",4.012492358435
"5583",558.2,"Simu1","KET",200,"cliver",3.8155759215381
"5584",558.3,"Simu1","KET",200,"cliver",3.63098352202912
"5585",558.4,"Simu1","KET",200,"cliver",3.45789214975757
"5586",558.5,"Simu1","KET",200,"cliver",3.29553547457608
"5587",558.6,"Simu1","KET",200,"cliver",3.14320010526576
"5588",558.7,"Simu1","KET",200,"cliver",3.00022203845282
"5589",558.8,"Simu1","KET",200,"cliver",2.86598329978891
"5590",558.9,"Simu1","KET",200,"cliver",2.73990878190724
"5591",559,"Simu1","KET",200,"cliver",2.62146327616139
"5592",559.1,"Simu1","KET",200,"cliver",2.51014868906979
"5593",559.2,"Simu1","KET",200,"cliver",2.40550143456151
"5594",559.3,"Simu1","KET",200,"cliver",2.30708999544689
"5595",559.4,"Simu1","KET",200,"cliver",2.21451264767502
"5596",559.5,"Simu1","KET",200,"cliver",2.1273953392787
"5597",559.6,"Simu1","KET",200,"cliver",2.04538971520036
"5598",559.7,"Simu1","KET",200,"cliver",1.96817127898052
"5599",559.8,"Simu1","KET",200,"cliver",1.89543768365639
"5600",559.9,"Simu1","KET",200,"cliver",1.82690714424295
"5601",560,"Simu1","KET",200,"cliver",1.76231696408712
"5602",560.1,"Simu1","KET",200,"cliver",1.70142216748543
"5603",560.2,"Simu1","KET",200,"cliver",1.64399423141401
"5604",560.3,"Simu1","KET",200,"cliver",1.58981990971498
"5605",560.4,"Simu1","KET",200,"cliver",1.53870014341822
"5606",560.5,"Simu1","KET",200,"cliver",1.49044905114071
"5607",560.6,"Simu1","KET",200,"cliver",1.44489299382708
"5608",560.7,"Simu1","KET",200,"cliver",1.40186970847077
"5609",560.8,"Simu1","KET",200,"cliver",1.3612275058221
"5610",560.9,"Simu1","KET",200,"cliver",1.32282452740581
"5611",561,"Simu1","KET",200,"cliver",1.28652805746363
"5612",561.1,"Simu1","KET",200,"cliver",1.25221388573134
"5613",561.2,"Simu1","KET",200,"cliver",1.21976571724873
"5614",561.3,"Simu1","KET",200,"cliver",1.18907462567599
"5615",561.4,"Simu1","KET",200,"cliver",1.16003854683925
"5616",561.5,"Simu1","KET",200,"cliver",1.1325618094599
"5617",561.6,"Simu1","KET",200,"cliver",1.10655470026467
"5618",561.7,"Simu1","KET",200,"cliver",1.08193306083867
"5619",561.8,"Simu1","KET",200,"cliver",1.05861791382575
"5620",561.9,"Simu1","KET",200,"cliver",1.03653511624548
"5621",562,"Simu1","KET",200,"cliver",1.01561503786354
"5622",562.1,"Simu1","KET",200,"cliver",0.995792262707126
"5623",562.2,"Simu1","KET",200,"cliver",0.977005311965944
"5624",562.3,"Simu1","KET",200,"cliver",0.95919638665742
"5625",562.4,"Simu1","KET",200,"cliver",0.942311128559833
"5626",562.5,"Simu1","KET",200,"cliver",0.926298398031455
"5627",562.6,"Simu1","KET",200,"cliver",0.911110067441492
"5628",562.7,"Simu1","KET",200,"cliver",0.896700829037728
"5629",562.8,"Simu1","KET",200,"cliver",0.883028016168562
"5630",562.9,"Simu1","KET",200,"cliver",0.870051436861066
"5631",563,"Simu1","KET",200,"cliver",0.857733218834422
"5632",563.1,"Simu1","KET",200,"cliver",0.846037665100186
"5633",563.2,"Simu1","KET",200,"cliver",0.834931119366693
"5634",563.3,"Simu1","KET",200,"cliver",0.824381840526452
"5635",563.4,"Simu1","KET",200,"cliver",0.814359885561189
"5636",563.5,"Simu1","KET",200,"cliver",0.80483700025068
"5637",563.6,"Simu1","KET",200,"cliver",0.795786517120643
"5638",563.7,"Simu1","KET",200,"cliver",0.787183260105285
"5639",563.8,"Simu1","KET",200,"cliver",0.779003455443923
"5640",563.9,"Simu1","KET",200,"cliver",0.771224648366802
"5641",564,"Simu1","KET",200,"cliver",0.763825625159261
"5642",564.1,"Simu1","KET",200,"cliver",0.756786340224765
"5643",564.2,"Simu1","KET",200,"cliver",0.750087847796049
"5644",564.3,"Simu1","KET",200,"cliver",0.743712237970652
"5645",564.4,"Simu1","KET",200,"cliver",0.73764257677137
"5646",564.5,"Simu1","KET",200,"cliver",0.731862849954542
"5647",564.6,"Simu1","KET",200,"cliver",0.726357910309948
"5648",564.7,"Simu1","KET",200,"cliver",0.721113428214928
"5649",564.8,"Simu1","KET",200,"cliver",0.716115845223183
"5650",564.9,"Simu1","KET",200,"cliver",0.711352330484727
"5651",565,"Simu1","KET",200,"cliver",0.706810739808371
"5652",565.1,"Simu1","KET",200,"cliver",0.702479577191912
"5653",565.2,"Simu1","KET",200,"cliver",0.698347958657741
"5654",565.3,"Simu1","KET",200,"cliver",0.694405578243375
"5655",565.4,"Simu1","KET",200,"cliver",0.690642676007135
"5656",565.5,"Simu1","KET",200,"cliver",0.687050007919074
"5657",565.6,"Simu1","KET",200,"cliver",0.683618817516629
"5658",565.7,"Simu1","KET",200,"cliver",0.680340809212563
"5659",565.8,"Simu1","KET",200,"cliver",0.677208123150942
"5660",565.9,"Simu1","KET",200,"cliver",0.67421331151399
"5661",566,"Simu1","KET",200,"cliver",0.67134931618933
"5662",566.1,"Simu1","KET",200,"cliver",0.668609447713332
"5663",566.2,"Simu1","KET",200,"cliver",0.665987365411929
"5664",566.3,"Simu1","KET",200,"cliver",0.663477058665698
"5665",566.4,"Simu1","KET",200,"cliver",0.66107282923079
"5666",566.5,"Simu1","KET",200,"cliver",0.658769274551899
"5667",566.6,"Simu1","KET",200,"cliver",0.656561272007674
"5668",566.7,"Simu1","KET",200,"cliver",0.654443964032825
"5669",566.8,"Simu1","KET",200,"cliver",0.652412744064886
"5670",566.9,"Simu1","KET",200,"cliver",0.65046324326692
"5671",567,"Simu1","KET",200,"cliver",0.648591317980568
"5672",567.1,"Simu1","KET",200,"cliver",0.646793037866823
"5673",567.2,"Simu1","KET",200,"cliver",0.645064674694497
"5674",567.3,"Simu1","KET",200,"cliver",0.643402691738987
"5675",567.4,"Simu1","KET",200,"cliver",0.641803733756217
"5676",567.5,"Simu1","KET",200,"cliver",0.640264617498814
"5677",567.6,"Simu1","KET",200,"cliver",0.638782322743679
"5678",567.7,"Simu1","KET",200,"cliver",0.637353983801895
"5679",567.8,"Simu1","KET",200,"cliver",0.635976881483783
"5680",567.9,"Simu1","KET",200,"cliver",0.634648435493524
"5681",568,"Simu1","KET",200,"cliver",0.633366197229305
"5682",568.1,"Simu1","KET",200,"cliver",0.632127842966403
"5683",568.2,"Simu1","KET",200,"cliver",0.630931167401937
"5684",568.3,"Simu1","KET",200,"cliver",0.629774077541307
"5685",568.4,"Simu1","KET",200,"cliver",0.628654586907503
"5686",568.5,"Simu1","KET",200,"cliver",0.62757081005556
"5687",568.6,"Simu1","KET",200,"cliver",0.626520957375486
"5688",568.7,"Simu1","KET",200,"cliver",0.625503330167939
"5689",568.8,"Simu1","KET",200,"cliver",0.624516315977832
"5690",568.9,"Simu1","KET",200,"cliver",0.623558384171924
"5691",569,"Simu1","KET",200,"cliver",0.622628081747207
"5692",569.1,"Simu1","KET",200,"cliver",0.621724029357692
"5693",569.2,"Simu1","KET",200,"cliver",0.620844917547863
"5694",569.3,"Simu1","KET",200,"cliver",0.619989503181739
"5695",569.4,"Simu1","KET",200,"cliver",0.619156606057125
"5696",569.5,"Simu1","KET",200,"cliver",0.618345105695171
"5697",569.6,"Simu1","KET",200,"cliver",0.61755393829596
"5698",569.7,"Simu1","KET",200,"cliver",0.616782093851302
"5699",569.8,"Simu1","KET",200,"cliver",0.616028613406444
"5700",569.9,"Simu1","KET",200,"cliver",0.615292586462849
"5701",570,"Simu1","KET",200,"cliver",0.614573148514601
"5702",570.1,"Simu1","KET",200,"cliver",0.613869478711443
"5703",570.2,"Simu1","KET",200,"cliver",0.613180797641796
"5704",570.3,"Simu1","KET",200,"cliver",0.612506365229484
"5705",570.4,"Simu1","KET",200,"cliver",0.611845478738242
"5706",570.5,"Simu1","KET",200,"cliver",0.611197470878363
"5707",570.6,"Simu1","KET",200,"cliver",0.610561708010204
"5708",570.7,"Simu1","KET",200,"cliver",0.609937588439485
"5709",570.8,"Simu1","KET",200,"cliver",0.609324540799633
"5710",570.9,"Simu1","KET",200,"cliver",0.608722022516678
"5711",571,"Simu1","KET",200,"cliver",0.608129518352391
"5712",571.1,"Simu1","KET",200,"cliver",0.607546539021672
"5713",571.2,"Simu1","KET",200,"cliver",0.606972619880312
"5714",571.3,"Simu1","KET",200,"cliver",0.606407319679535
"5715",571.4,"Simu1","KET",200,"cliver",0.605850219383858
"5716",571.5,"Simu1","KET",200,"cliver",0.605300921049039
"5717",571.6,"Simu1","KET",200,"cliver",0.604759046757008
"5718",571.7,"Simu1","KET",200,"cliver",0.604224237604859
"5719",571.8,"Simu1","KET",200,"cliver",0.603696152745146
"5720",571.9,"Simu1","KET",200,"cliver",0.603174468474844
"5721",572,"Simu1","KET",200,"cliver",0.602658877370481
"5722",572.1,"Simu1","KET",200,"cliver",0.602149087467101
"5723",572.2,"Simu1","KET",200,"cliver",0.601644821478798
"5724",572.3,"Simu1","KET",200,"cliver",0.601145816058712
"5725",572.4,"Simu1","KET",200,"cliver",0.60065182109647
"5726",572.5,"Simu1","KET",200,"cliver",0.600162599051164
"5727",572.6,"Simu1","KET",200,"cliver",0.599677924318061
"5728",572.7,"Simu1","KET",200,"cliver",0.599197582627323
"5729",572.8,"Simu1","KET",200,"cliver",0.59872137047311
"5730",572.9,"Simu1","KET",200,"cliver",0.598249094571525
"5731",573,"Simu1","KET",200,"cliver",0.597780571345931
"5732",573.1,"Simu1","KET",200,"cliver",0.597315626438257
"5733",573.2,"Simu1","KET",200,"cliver",0.596854094244965
"5734",573.3,"Simu1","KET",200,"cliver",0.596395817476441
"5735",573.4,"Simu1","KET",200,"cliver",0.595940646738603
"5736",573.5,"Simu1","KET",200,"cliver",0.59548844013562
"5737",573.6,"Simu1","KET",200,"cliver",0.595039062892663
"5738",573.7,"Simu1","KET",200,"cliver",0.594592386997673
"5739",573.8,"Simu1","KET",200,"cliver",0.594148290861183
"5740",573.9,"Simu1","KET",200,"cliver",0.593706658993293
"5741",574,"Simu1","KET",200,"cliver",0.593267381696908
"5742",574.1,"Simu1","KET",200,"cliver",0.592830354776441
"5743",574.2,"Simu1","KET",200,"cliver",0.592395479261181
"5744",574.3,"Simu1","KET",200,"cliver",0.591962661142597
"5745",574.4,"Simu1","KET",200,"cliver",0.591531811124868
"5746",574.5,"Simu1","KET",200,"cliver",0.591102844387967
"5747",574.6,"Simu1","KET",200,"cliver",0.590675680362683
"5748",574.7,"Simu1","KET",200,"cliver",0.590250242516956
"5749",574.8,"Simu1","KET",200,"cliver",0.589826458152971
"5750",574.9,"Simu1","KET",200,"cliver",0.589404258214458
"5751",575,"Simu1","KET",200,"cliver",0.588983577103689
"5752",575.1,"Simu1","KET",200,"cliver",0.588564352507685
"5753",575.2,"Simu1","KET",200,"cliver",0.588146525233159
"5754",575.3,"Simu1","KET",200,"cliver",0.587730039049766
"5755",575.4,"Simu1","KET",200,"cliver",0.587314840541238
"5756",575.5,"Simu1","KET",200,"cliver",0.586900878963994
"5757",575.6,"Simu1","KET",200,"cliver",0.586488106112877
"5758",575.7,"Simu1","KET",200,"cliver",0.586076476193626
"5759",575.8,"Simu1","KET",200,"cliver",0.585665945702809
"5760",575.9,"Simu1","KET",200,"cliver",0.585256473705525
"5761",576,"Simu1","KET",200,"cliver",0.588427694210097
"5762",576.1,"Simu1","KET",200,"cliver",4.19874454232521
"5763",576.2,"Simu1","KET",200,"cliver",13.9288809130156
"5764",576.3,"Simu1","KET",200,"cliver",24.3075848162208
"5765",576.4,"Simu1","KET",200,"cliver",33.3695259763513
"5766",576.5,"Simu1","KET",200,"cliver",40.6739861204656
"5767",576.6,"Simu1","KET",200,"cliver",46.2807612053301
"5768",576.7,"Simu1","KET",200,"cliver",50.3935163770084
"5769",576.8,"Simu1","KET",200,"cliver",53.2388146396574
"5770",576.9,"Simu1","KET",200,"cliver",55.0277205145227
"5771",577,"Simu1","KET",200,"cliver",55.9458681037274
"5772",577.1,"Simu1","KET",200,"cliver",56.1529641692826
"5773",577.2,"Simu1","KET",200,"cliver",55.7851414350979
"5774",577.3,"Simu1","KET",200,"cliver",54.9578955372444
"5775",577.4,"Simu1","KET",200,"cliver",53.7688263752428
"5776",577.5,"Simu1","KET",200,"cliver",52.3002410551442
"5777",577.6,"Simu1","KET",200,"cliver",50.6212681469033
"5778",577.7,"Simu1","KET",200,"cliver",48.7898537387427
"5779",577.8,"Simu1","KET",200,"cliver",46.8539593867381
"5780",577.9,"Simu1","KET",200,"cliver",44.8534553078316
"5781",578,"Simu1","KET",200,"cliver",42.8210748551432
"5782",578.1,"Simu1","KET",200,"cliver",40.7834728954295
"5783",578.2,"Simu1","KET",200,"cliver",38.7621239749551
"5784",578.3,"Simu1","KET",200,"cliver",36.7741517447932
"5785",578.4,"Simu1","KET",200,"cliver",34.8329905392898
"5786",578.5,"Simu1","KET",200,"cliver",32.9489038035877
"5787",578.6,"Simu1","KET",200,"cliver",31.1295266089494
"5788",578.7,"Simu1","KET",200,"cliver",29.3803170788592
"5789",578.8,"Simu1","KET",200,"cliver",27.7049127527229
"5790",578.9,"Simu1","KET",200,"cliver",26.105451724493
"5791",579,"Simu1","KET",200,"cliver",24.5828497621138
"5792",579.1,"Simu1","KET",200,"cliver",23.1370307917091
"5793",579.2,"Simu1","KET",200,"cliver",21.7671209807864
"5794",579.3,"Simu1","KET",200,"cliver",20.4716206598257
"5795",579.4,"Simu1","KET",200,"cliver",19.2485523210814
"5796",579.5,"Simu1","KET",200,"cliver",18.0955686943197
"5797",579.6,"Simu1","KET",200,"cliver",17.0100685333566
"5798",579.7,"Simu1","KET",200,"cliver",15.9892700336853
"5799",579.8,"Simu1","KET",200,"cliver",15.0302646228746
"5800",579.9,"Simu1","KET",200,"cliver",14.1300811572858
"5801",580,"Simu1","KET",200,"cliver",13.2857377659195
"5802",580.1,"Simu1","KET",200,"cliver",12.4942760300053
"5803",580.2,"Simu1","KET",200,"cliver",11.7527858384286
"5804",580.3,"Simu1","KET",200,"cliver",11.05842619067
"5805",580.4,"Simu1","KET",200,"cliver",10.408443237254
"5806",580.5,"Simu1","KET",200,"cliver",9.80018377004566
"5807",580.6,"Simu1","KET",200,"cliver",9.23110369602945
"5808",580.7,"Simu1","KET",200,"cliver",8.69877337584862
"5809",580.8,"Simu1","KET",200,"cliver",8.20087916351573
"5810",580.9,"Simu1","KET",200,"cliver",7.73522815448025
"5811",581,"Simu1","KET",200,"cliver",7.29974198413568
"5812",581.1,"Simu1","KET",200,"cliver",6.89245724200535
"5813",581.2,"Simu1","KET",200,"cliver",6.51152305659105
"5814",581.3,"Simu1","KET",200,"cliver",6.1552081120076
"5815",581.4,"Simu1","KET",200,"cliver",5.82188219690952
"5816",581.5,"Simu1","KET",200,"cliver",5.51001444888521
"5817",581.6,"Simu1","KET",200,"cliver",5.21817195550026
"5818",581.7,"Simu1","KET",200,"cliver",4.94501520917539
"5819",581.8,"Simu1","KET",200,"cliver",4.68929244755632
"5820",581.9,"Simu1","KET",200,"cliver",4.44983460898703
"5821",582,"Simu1","KET",200,"cliver",4.22555101288538
"5822",582.1,"Simu1","KET",200,"cliver",4.01542396354233
"5823",582.2,"Simu1","KET",200,"cliver",3.81850454619128
"5824",582.3,"Simu1","KET",200,"cliver",3.63390896828158
"5825",582.4,"Simu1","KET",200,"cliver",3.46081442664988
"5826",582.5,"Simu1","KET",200,"cliver",3.2984547758722
"5827",582.6,"Simu1","KET",200,"cliver",3.14611660375472
"5828",582.7,"Simu1","KET",200,"cliver",3.00313580332927
"5829",582.8,"Simu1","KET",200,"cliver",2.86889436313727
"5830",582.9,"Simu1","KET",200,"cliver",2.74281720833364
"5831",583,"Simu1","KET",200,"cliver",2.6243691583742
"5832",583.1,"Simu1","KET",200,"cliver",2.51305211013303
"5833",583.2,"Simu1","KET",200,"cliver",2.4084024546188
"5834",583.3,"Simu1","KET",200,"cliver",2.30998866541
"5835",583.4,"Simu1","KET",200,"cliver",2.21740902223934
"5836",583.5,"Simu1","KET",200,"cliver",2.13028947588384
"5837",583.6,"Simu1","KET",200,"cliver",2.048281667109
"5838",583.7,"Simu1","KET",200,"cliver",1.97106109311588
"5839",583.8,"Simu1","KET",200,"cliver",1.89832540341057
"5840",583.9,"Simu1","KET",200,"cliver",1.82979281200202
"5841",584,"Simu1","KET",200,"cliver",1.76520062107043
"5842",584.1,"Simu1","KET",200,"cliver",1.70430385255209
"5843",584.2,"Simu1","KET",200,"cliver",1.64687398078059
"5844",584.3,"Simu1","KET",200,"cliver",1.59269775758362
"5845",584.4,"Simu1","KET",200,"cliver",1.54157612252178
"5846",584.5,"Simu1","KET",200,"cliver",1.49332319277594
"5847",584.6,"Simu1","KET",200,"cliver",1.44776532769882
"5848",584.7,"Simu1","KET",200,"cliver",1.40474026270836
"5849",584.8,"Simu1","KET",200,"cliver",1.3640963071602
"5850",584.9,"Simu1","KET",200,"cliver",1.32569160133761
"5851",585,"Simu1","KET",200,"cliver",1.28939342829667
"5852",585.1,"Simu1","KET",200,"cliver",1.25507757662071
"5853",585.2,"Simu1","KET",200,"cliver",1.22262775024282
"5854",585.3,"Simu1","KET",200,"cliver",1.19193502178834
"5855",585.4,"Simu1","KET",200,"cliver",1.16289732611643
"5856",585.5,"Simu1","KET",200,"cliver",1.13541899103506
"5857",585.6,"Simu1","KET",200,"cliver",1.10941030239215
"5858",585.7,"Simu1","KET",200,"cliver",1.08478710093554
"5859",585.8,"Simu1","KET",200,"cliver",1.06147040851896
"5860",585.9,"Simu1","KET",200,"cliver",1.03938608141664
"5861",586,"Simu1","KET",200,"cliver",1.01846448868638
"5862",586.1,"Simu1","KET",200,"cliver",0.998640213680575
"5863",586.2,"Simu1","KET",200,"cliver",0.979851776946629
"5864",586.3,"Simu1","KET",200,"cliver",0.962041378892162
"5865",586.4,"Simu1","KET",200,"cliver",0.945154660716368
"5866",586.5,"Simu1","KET",200,"cliver",0.929140482226586
"5867",586.6,"Simu1","KET",200,"cliver",0.91395071526729
"5868",586.7,"Simu1","KET",200,"cliver",0.89954005158665
"5869",586.8,"Simu1","KET",200,"cliver",0.885865824057581
"5870",586.9,"Simu1","KET",200,"cliver",0.872887840254255
"5871",587,"Simu1","KET",200,"cliver",0.860568227464386
"5872",587.1,"Simu1","KET",200,"cliver",0.848871288289329
"5873",587.2,"Simu1","KET",200,"cliver",0.837763366046314
"5874",587.3,"Simu1","KET",200,"cliver",0.827212719254804
"5875",587.4,"Simu1","KET",200,"cliver",0.817189404540869
"5876",587.5,"Simu1","KET",200,"cliver",0.807665167345613
"5877",587.6,"Simu1","KET",200,"cliver",0.798613339871546
"5878",587.7,"Simu1","KET",200,"cliver",0.790008745744592
"5879",587.8,"Simu1","KET",200,"cliver",0.781827610910147
"5880",587.9,"Simu1","KET",200,"cliver",0.774047480318268
"5881",588,"Simu1","KET",200,"cliver",0.766647139987078
"5882",588.1,"Simu1","KET",200,"cliver",0.759606544065093
"5883",588.2,"Simu1","KET",200,"cliver",0.752906746541786
"5884",588.3,"Simu1","KET",200,"cliver",0.746529837282623
"5885",588.4,"Simu1","KET",200,"cliver",0.740458882088984
"5886",588.5,"Simu1","KET",200,"cliver",0.734677866505943
"5887",588.6,"Simu1","KET",200,"cliver",0.72917164312166
"5888",588.7,"Simu1","KET",200,"cliver",0.72392588212106
"5889",588.8,"Simu1","KET",200,"cliver",0.718927024874211
"5890",588.9,"Simu1","KET",200,"cliver",0.714162240355847
"5891",589,"Simu1","KET",200,"cliver",0.709619384207474
"5892",589.1,"Simu1","KET",200,"cliver",0.70528696026727
"5893",589.2,"Simu1","KET",200,"cliver",0.701154084405246
"5894",589.3,"Simu1","KET",200,"cliver",0.697210450513432
"5895",589.4,"Simu1","KET",200,"cliver",0.693446298511263
"5896",589.5,"Simu1","KET",200,"cliver",0.689852384236234
"5897",589.6,"Simu1","KET",200,"cliver",0.686419951099214
"5898",589.7,"Simu1","KET",200,"cliver",0.683140703392127
"5899",589.8,"Simu1","KET",200,"cliver",0.680006781143679
"5900",589.9,"Simu1","KET",200,"cliver",0.677010736425973
"5901",590,"Simu1","KET",200,"cliver",0.6741455110215
"5902",590.1,"Simu1","KET",200,"cliver",0.67140441536625
"5903",590.2,"Simu1","KET",200,"cliver",0.668781108690319
"5904",590.3,"Simu1","KET",200,"cliver",0.666269580282781
"5905",590.4,"Simu1","KET",200,"cliver",0.663864131812424
"5906",590.5,"Simu1","KET",200,"cliver",0.66155936064053
"5907",590.6,"Simu1","KET",200,"cliver",0.659350144066105
"5908",590.7,"Simu1","KET",200,"cliver",0.657231624447816
"5909",590.8,"Simu1","KET",200,"cliver",0.655199195150589
"5910",590.9,"Simu1","KET",200,"cliver",0.653248487268156
"5911",591,"Simu1","KET",200,"cliver",0.651375357075963
"5912",591.1,"Simu1","KET",200,"cliver",0.649575874171797
"5913",591.2,"Simu1","KET",200,"cliver",0.647846310264123
"5914",591.3,"Simu1","KET",200,"cliver",0.646183128570707
"5915",591.4,"Simu1","KET",200,"cliver",0.644582973792446
"5916",591.5,"Simu1","KET",200,"cliver",0.643042662629425
"5917",591.6,"Simu1","KET",200,"cliver",0.641559174808369
"5918",591.7,"Simu1","KET",200,"cliver",0.64012964459245
"5919",591.8,"Simu1","KET",200,"cliver",0.638751352746236
"5920",591.9,"Simu1","KET",200,"cliver",0.637421718930222
"5921",592,"Simu1","KET",200,"cliver",0.636138294500877
"5922",592.1,"Simu1","KET",200,"cliver",0.63489875569364
"5923",592.2,"Simu1","KET",200,"cliver",0.633700897167585
"5924",592.3,"Simu1","KET",200,"cliver",0.632542625891781
"5925",592.4,"Simu1","KET",200,"cliver",0.631421955354523
"5926",592.5,"Simu1","KET",200,"cliver",0.630337000077712
"5927",592.6,"Simu1","KET",200,"cliver",0.629285970419713
"5928",592.7,"Simu1","KET",200,"cliver",0.628267167650963
"5929",592.8,"Simu1","KET",200,"cliver",0.627278979287514
"5930",592.9,"Simu1","KET",200,"cliver",0.626319874668556
"5931",593,"Simu1","KET",200,"cliver",0.625388400764753
"5932",593.1,"Simu1","KET",200,"cliver",0.624483178204971
"5933",593.2,"Simu1","KET",200,"cliver",0.623602897509672
"5934",593.3,"Simu1","KET",200,"cliver",0.622746315519933
"5935",593.4,"Simu1","KET",200,"cliver",0.621912252011644
"5936",593.5,"Simu1","KET",200,"cliver",0.62109958648502
"5937",593.6,"Simu1","KET",200,"cliver",0.620307255120143
"5938",593.7,"Simu1","KET",200,"cliver",0.619534247889717
"5939",593.8,"Simu1","KET",200,"cliver",0.618779605820738
"5940",593.9,"Simu1","KET",200,"cliver",0.618042418397226
"5941",594,"Simu1","KET",200,"cliver",0.617321821096604
"5942",594.1,"Simu1","KET",200,"cliver",0.616616993052694
"5943",594.2,"Simu1","KET",200,"cliver",0.615927154838701
"5944",594.3,"Simu1","KET",200,"cliver",0.615251566363912
"5945",594.4,"Simu1","KET",200,"cliver",0.614589524878165
"5946",594.5,"Simu1","KET",200,"cliver",0.613940363078475
"5947",594.6,"Simu1","KET",200,"cliver",0.613303447312506
"5948",594.7,"Simu1","KET",200,"cliver",0.612678175873842
"5949",594.8,"Simu1","KET",200,"cliver",0.612063977384315
"5950",594.9,"Simu1","KET",200,"cliver",0.611460309258862
"5951",595,"Simu1","KET",200,"cliver",0.610866656248654
"5952",595.1,"Simu1","KET",200,"cliver",0.610282529058453
"5953",595.2,"Simu1","KET",200,"cliver",0.609707463034355
"5954",595.3,"Simu1","KET",200,"cliver",0.60914101691831
"5955",595.4,"Simu1","KET",200,"cliver",0.608582771665967
"5956",595.5,"Simu1","KET",200,"cliver",0.6080323293246
"5957",595.6,"Simu1","KET",200,"cliver",0.60748931196802
"5958",595.7,"Simu1","KET",200,"cliver",0.606953360685557
"5959",595.8,"Simu1","KET",200,"cliver",0.606424134622331
"5960",595.9,"Simu1","KET",200,"cliver",0.605901310068202
"5961",596,"Simu1","KET",200,"cliver",0.605384579592891
"5962",596.1,"Simu1","KET",200,"cliver",0.604873651224921
"5963",596.2,"Simu1","KET",200,"cliver",0.604368247672145
"5964",596.3,"Simu1","KET",200,"cliver",0.603868105581725
"5965",596.4,"Simu1","KET",200,"cliver",0.60337297483756
"5966",596.5,"Simu1","KET",200,"cliver",0.602882617893258
"5967",596.6,"Simu1","KET",200,"cliver",0.602396809138829
"5968",596.7,"Simu1","KET",200,"cliver",0.601915334299399
"5969",596.8,"Simu1","KET",200,"cliver",0.601437989864297
"5970",596.9,"Simu1","KET",200,"cliver",0.600964582544999
"5971",597,"Simu1","KET",200,"cliver",0.600494928760426
"5972",597.1,"Simu1","KET",200,"cliver",0.600028854148248
"5973",597.2,"Simu1","KET",200,"cliver",0.599566193100845
"5974",597.3,"Simu1","KET",200,"cliver",0.599106788324678
"5975",597.4,"Simu1","KET",200,"cliver",0.598650490421903
"5976",597.5,"Simu1","KET",200,"cliver",0.598197157493076
"5977",597.6,"Simu1","KET",200,"cliver",0.597746654759897
"5978",597.7,"Simu1","KET",200,"cliver",0.597298854206972
"5979",597.8,"Simu1","KET",200,"cliver",0.596853634241631
"5980",597.9,"Simu1","KET",200,"cliver",0.596410879370893
"5981",598,"Simu1","KET",200,"cliver",0.595970479894702
"5982",598.1,"Simu1","KET",200,"cliver",0.595532331614622
"5983",598.2,"Simu1","KET",200,"cliver",0.595096335557202
"5984",598.3,"Simu1","KET",200,"cliver",0.594662397711273
"5985",598.4,"Simu1","KET",200,"cliver",0.594230428778472
"5986",598.5,"Simu1","KET",200,"cliver",0.593800343936326
"5987",598.6,"Simu1","KET",200,"cliver",0.593372062613268
"5988",598.7,"Simu1","KET",200,"cliver",0.592945508274964
"5989",598.8,"Simu1","KET",200,"cliver",0.592520608221406
"5990",598.9,"Simu1","KET",200,"cliver",0.592097293394212
"5991",599,"Simu1","KET",200,"cliver",0.591675498193612
"5992",599.1,"Simu1","KET",200,"cliver",0.591255160304657
"5993",599.2,"Simu1","KET",200,"cliver",0.590836220532157
"5994",599.3,"Simu1","KET",200,"cliver",0.59041862264393
"5995",599.4,"Simu1","KET",200,"cliver",0.590002313221925
"5996",599.5,"Simu1","KET",200,"cliver",0.589587241520845
"5997",599.6,"Simu1","KET",200,"cliver",0.589173359333865
"5998",599.7,"Simu1","KET",200,"cliver",0.588760620865116
"5999",599.8,"Simu1","KET",200,"cliver",0.588348982608566
"6000",599.9,"Simu1","KET",200,"cliver",0.587938403401417
"6001",600,"Simu1","KET",200,"cliver",0.591108513559377
"6002",600.1,"Simu1","KET",200,"cliver",4.20142481843916
"6003",600.2,"Simu1","KET",200,"cliver",13.9315642714971
"6004",600.3,"Simu1","KET",200,"cliver",24.3102758923726
"6005",600.4,"Simu1","KET",200,"cliver",33.3722284699641
"6006",600.5,"Simu1","KET",200,"cliver",40.6767024587654
"6007",600.6,"Simu1","KET",200,"cliver",46.2834926854556
"6008",600.7,"Simu1","KET",200,"cliver",50.3962634036617
"6009",600.8,"Simu1","KET",200,"cliver",53.2415769478931
"6010",600.9,"Simu1","KET",200,"cliver",55.0304973537315
"6011",601,"Simu1","KET",200,"cliver",55.9486583842087
"6012",601.1,"Simu1","KET",200,"cliver",56.1557665395542
"6013",601.2,"Simu1","KET",200,"cliver",55.7879548128393
"6014",601.3,"Simu1","KET",200,"cliver",54.9607172704091
"6015",601.4,"Simu1","KET",200,"cliver",53.7716565498775
"6016",601.5,"Simu1","KET",200,"cliver",52.3030771532499
"6017",601.6,"Simu1","KET",200,"cliver",50.6241091327976
"6018",601.7,"Simu1","KET",200,"cliver",48.7926979871343
"6019",601.8,"Simu1","KET",200,"cliver",46.856805397529
"6020",601.9,"Simu1","KET",200,"cliver",44.8563020374286
"6021",602,"Simu1","KET",200,"cliver",42.8239211655899
"6022",602.1,"Simu1","KET",200,"cliver",40.7863177748492
"6023",602.2,"Simu1","KET",200,"cliver",38.7649664876924
"6024",602.3,"Simu1","KET",200,"cliver",36.776991232266
"6025",602.4,"Simu1","KET",200,"cliver",34.8358263516343
"6026",602.5,"Simu1","KET",200,"cliver",32.9517353177338
"6027",602.6,"Simu1","KET",200,"cliver",31.1323516778895
"6028",602.7,"Simu1","KET",200,"cliver",29.3831383490208
"6029",602.8,"Simu1","KET",200,"cliver",27.7077304623264
"6030",602.9,"Simu1","KET",200,"cliver",26.1082636559096
"6031",603,"Simu1","KET",200,"cliver",24.5856525126928
"6032",603.1,"Simu1","KET",200,"cliver",23.1398202604052
"6033",603.2,"Simu1","KET",200,"cliver",21.7698978606451
"6034",603.3,"Simu1","KET",200,"cliver",20.4743890428609
"6035",603.4,"Simu1","KET",200,"cliver",19.2513149724786
"6036",603.5,"Simu1","KET",200,"cliver",18.0983338839543
"6037",603.6,"Simu1","KET",200,"cliver",17.0128381589652
"6038",603.7,"Simu1","KET",200,"cliver",15.9920373618445
"6039",603.8,"Simu1","KET",200,"cliver",15.0330254540047
"6040",603.9,"Simu1","KET",200,"cliver",14.1328365303862
"6041",604,"Simu1","KET",200,"cliver",13.2884894158264
"6042",604.1,"Simu1","KET",200,"cliver",12.4970243449299
"6043",604.2,"Simu1","KET",200,"cliver",11.7555300064143
"6044",604.3,"Simu1","KET",200,"cliver",11.061164916517
"6045",604.4,"Simu1","KET",200,"cliver",10.4111760956696
"6046",604.5,"Simu1","KET",200,"cliver",9.80291070369639
"6047",604.6,"Simu1","KET",200,"cliver",9.23382411423657
"6048",604.7,"Simu1","KET",200,"cliver",8.70148592472274
"6049",604.8,"Simu1","KET",200,"cliver",8.20358390008566
"6050",604.9,"Simu1","KET",200,"cliver",7.73792398968589
"6051",605,"Simu1","KET",200,"cliver",7.30242898931307
"6052",605.1,"Simu1","KET",200,"cliver",6.89513740591652
"6053",605.2,"Simu1","KET",200,"cliver",6.51420159268493
"6054",605.3,"Simu1","KET",200,"cliver",6.15788440659113
"6055",605.4,"Simu1","KET",200,"cliver",5.82455485020823
"6056",605.5,"Simu1","KET",200,"cliver",5.51268350455837
"6057",605.6,"Simu1","KET",200,"cliver",5.22083804498639
"6058",605.7,"Simu1","KET",200,"cliver",4.94767867203508
"6059",605.8,"Simu1","KET",200,"cliver",4.69195334412209
"6060",605.9,"Simu1","KET",200,"cliver",4.45249297223732
"6061",606,"Simu1","KET",200,"cliver",4.22820708678451
"6062",606.1,"Simu1","KET",200,"cliver",4.01807945268678
"6063",606.2,"Simu1","KET",200,"cliver",3.82116024809797
"6064",606.3,"Simu1","KET",200,"cliver",3.63656506409655
"6065",606.4,"Simu1","KET",200,"cliver",3.46346572412405
"6066",606.5,"Simu1","KET",200,"cliver",3.30109907945423
"6067",606.6,"Simu1","KET",200,"cliver",3.14875543941182
"6068",606.7,"Simu1","KET",200,"cliver",3.00577121040281
"6069",606.8,"Simu1","KET",200,"cliver",2.87152722516928
"6070",606.9,"Simu1","KET",200,"cliver",2.74544750861255
"6071",607,"Simu1","KET",200,"cliver",2.62699672631819
"6072",607.1,"Simu1","KET",200,"cliver",2.51567697347715
"6073",607.2,"Simu1","KET",200,"cliver",2.41102479099729
"6074",607.3,"Simu1","KET",200,"cliver",2.31260865756265
"6075",607.4,"Simu1","KET",200,"cliver",2.22002679576132
"6076",607.5,"Simu1","KET",200,"cliver",2.13290511677644
"6077",607.6,"Simu1","KET",200,"cliver",2.05089541500395
"6078",607.7,"Simu1","KET",200,"cliver",1.97367329908428
"6079",607.8,"Simu1","KET",200,"cliver",1.90093622115159
"6080",607.9,"Simu1","KET",200,"cliver",1.83240214600043
"6081",608,"Simu1","KET",200,"cliver",1.76780835340809
"6082",608.1,"Simu1","KET",200,"cliver",1.70690999097933
"6083",608.2,"Simu1","KET",200,"cliver",1.64947860319603
"6084",608.3,"Simu1","KET",200,"cliver",1.59530091016117
"6085",608.4,"Simu1","KET",200,"cliver",1.54417780457714
"6086",608.5,"Simu1","KET",200,"cliver",1.49592340003952
"6087",608.6,"Simu1","KET",200,"cliver",1.45036407814429
"6088",608.7,"Simu1","KET",200,"cliver",1.40733758470091
"6089",608.8,"Simu1","KET",200,"cliver",1.36669222123946
"6090",608.9,"Simu1","KET",200,"cliver",1.32828611875376
"6091",609,"Simu1","KET",200,"cliver",1.29198655979211
"6092",609.1,"Simu1","KET",200,"cliver",1.25766933686485
"6093",609.2,"Simu1","KET",200,"cliver",1.22521815521853
"6094",609.3,"Simu1","KET",200,"cliver",1.19452408545753
"6095",609.4,"Simu1","KET",200,"cliver",1.16548506040284
"6096",609.5,"Simu1","KET",200,"cliver",1.1380054075523
"6097",609.6,"Simu1","KET",200,"cliver",1.11199541319322
"6098",609.7,"Simu1","KET",200,"cliver",1.08737091795727
"6099",609.8,"Simu1","KET",200,"cliver",1.06405294298361
"6100",609.9,"Simu1","KET",200,"cliver",1.04196734388375
"6101",610,"Simu1","KET",200,"cliver",1.02104448939632
"6102",610.1,"Simu1","KET",200,"cliver",1.00121896268493
"6103",610.2,"Simu1","KET",200,"cliver",0.982429283999239
"6104",610.3,"Simu1","KET",200,"cliver",0.964617653348772
"6105",610.4,"Simu1","KET",200,"cliver",0.947729711560393
"6106",610.5,"Simu1","KET",200,"cliver",0.931714318144895
"6107",610.6,"Simu1","KET",200,"cliver",0.916523344677824
"6108",610.7,"Simu1","KET",200,"cliver",0.902111482622184
"6109",610.8,"Simu1","KET",200,"cliver",0.888436064554798
"6110",610.9,"Simu1","KET",200,"cliver",0.875456897767785
"6111",611,"Simu1","KET",200,"cliver",0.863136109287949
"6112",611.1,"Simu1","KET",200,"cliver",0.851438001466029
"6113",611.2,"Simu1","KET",200,"cliver",0.840328917372047
"6114",611.3,"Simu1","KET",200,"cliver",0.829777115283269
"6115",611.4,"Simu1","KET",200,"cliver",0.819752651592899
"6116",611.5,"Simu1","KET",200,"cliver",0.810227271519182
"6117",611.6,"Simu1","KET",200,"cliver",0.801174307049628
"6118",611.7,"Simu1","KET",200,"cliver",0.79256858160158
"6119",611.8,"Simu1","KET",200,"cliver",0.784386320918575
"6120",611.9,"Simu1","KET",200,"cliver",0.7766050697562
"6121",612,"Simu1","KET",200,"cliver",0.769203613945432
"6122",612.1,"Simu1","KET",200,"cliver",0.762161907454394
"6123",612.2,"Simu1","KET",200,"cliver",0.755461004098529
"6124",612.3,"Simu1","KET",200,"cliver",0.74908299357552
"6125",612.4,"Simu1","KET",200,"cliver",0.743010941525218
"6126",612.5,"Simu1","KET",200,"cliver",0.73722883333744
"6127",612.6,"Simu1","KET",200,"cliver",0.731721521450907
"6128",612.7,"Simu1","KET",200,"cliver",0.726474675906687
"6129",612.8,"Simu1","KET",200,"cliver",0.721474737936466
"6130",612.9,"Simu1","KET",200,"cliver",0.716708876381991
"6131",613,"Simu1","KET",200,"cliver",0.712164946756997
"6132",613.1,"Simu1","KET",200,"cliver",0.707831452776822
"6133",613.2,"Simu1","KET",200,"cliver",0.703697510193478
"6134",613.3,"Simu1","KET",200,"cliver",0.699752812785713
"6135",613.4,"Simu1","KET",200,"cliver",0.695987600364216
"6136",613.5,"Simu1","KET",200,"cliver",0.692392628662109
"6137",613.6,"Simu1","KET",200,"cliver",0.688959140990093
"6138",613.7,"Simu1","KET",200,"cliver",0.685678841543991
"6139",613.8,"Simu1","KET",200,"cliver",0.682543870260335
"6140",613.9,"Simu1","KET",200,"cliver",0.679546779122841
"6141",614,"Simu1","KET",200,"cliver",0.676680509829252
"6142",614.1,"Simu1","KET",200,"cliver",0.67393837273432
"6143",614.2,"Simu1","KET",200,"cliver",0.671314026990276
"6144",614.3,"Simu1","KET",200,"cliver",0.668801461811577
"6145",614.4,"Simu1","KET",200,"cliver",0.666394978795515
"6146",614.5,"Simu1","KET",200,"cliver",0.664089175234907
"6147",614.6,"Simu1","KET",200,"cliver",0.661878928363165
"6148",614.7,"Simu1","KET",200,"cliver",0.659759380476138
"6149",614.8,"Simu1","KET",200,"cliver",0.657725924878601
"6150",614.9,"Simu1","KET",200,"cliver",0.655774192606692
"6151",615,"Simu1","KET",200,"cliver",0.653900039880736
"6152",615.1,"Simu1","KET",200,"cliver",0.652099536245738
"6153",615.2,"Simu1","KET",200,"cliver",0.650368953359651
"6154",615.3,"Simu1","KET",200,"cliver",0.648704754391906
"6155",615.4,"Simu1","KET",200,"cliver",0.647103583997145
"6156",615.5,"Simu1","KET",200,"cliver",0.645562258831202
"6157",615.6,"Simu1","KET",200,"cliver",0.644077758578458
"6158",615.7,"Simu1","KET",200,"cliver",0.642647217461577
"6159",615.8,"Simu1","KET",200,"cliver",0.641267916206383
"6160",615.9,"Simu1","KET",200,"cliver",0.639937274436306
"6161",616,"Simu1","KET",200,"cliver",0.638652843472371
"6162",616.1,"Simu1","KET",200,"cliver",0.637412299516111
"6163",616.2,"Simu1","KET",200,"cliver",0.636213437194181
"6164",616.3,"Simu1","KET",200,"cliver",0.635054163444643
"6165",616.4,"Simu1","KET",200,"cliver",0.633932491726145
"6166",616.5,"Simu1","KET",200,"cliver",0.632846536532243
"6167",616.6,"Simu1","KET",200,"cliver",0.631794508194195
"6168",616.7,"Simu1","KET",200,"cliver",0.630774707956521
"6169",616.8,"Simu1","KET",200,"cliver",0.629785523310494
"6170",616.9,"Simu1","KET",200,"cliver",0.628825423571617
"6171",617,"Simu1","KET",200,"cliver",0.627892955687906
"6172",617.1,"Simu1","KET",200,"cliver",0.626986740266573
"6173",617.2,"Simu1","KET",200,"cliver",0.62610546780738
"6174",617.3,"Simu1","KET",200,"cliver",0.625247895131616
"6175",617.4,"Simu1","KET",200,"cliver",0.624412841996251
"6176",617.5,"Simu1","KET",200,"cliver",0.623599187883419
"6177",617.6,"Simu1","KET",200,"cliver",0.622805868955908
"6178",617.7,"Simu1","KET",200,"cliver",0.622031875169895
"6179",617.8,"Simu1","KET",200,"cliver",0.621276247536574
"6180",617.9,"Simu1","KET",200,"cliver",0.620538075524859
"6181",618,"Simu1","KET",200,"cliver",0.619816494597731
"6182",618.1,"Simu1","KET",200,"cliver",0.619110683875203
"6183",618.2,"Simu1","KET",200,"cliver",0.618419863917278
"6184",618.3,"Simu1","KET",200,"cliver",0.617743294620622
"6185",618.4,"Simu1","KET",200,"cliver",0.617080273223004
"6186",618.5,"Simu1","KET",200,"cliver",0.6164301324099
"6187",618.6,"Simu1","KET",200,"cliver",0.615792238517937
"6188",618.7,"Simu1","KET",200,"cliver",0.615165989830149
"6189",618.8,"Simu1","KET",200,"cliver",0.614550814958274
"6190",618.9,"Simu1","KET",200,"cliver",0.613946171307599
"6191",619,"Simu1","KET",200,"cliver",0.613351543620064
"6192",619.1,"Simu1","KET",200,"cliver",0.6127664425916
"6193",619.2,"Simu1","KET",200,"cliver",0.612190403559855
"6194",619.3,"Simu1","KET",200,"cliver",0.6116229852587
"6195",619.4,"Simu1","KET",200,"cliver",0.611063768636052
"6196",619.5,"Simu1","KET",200,"cliver",0.610512355731788
"6197",619.6,"Simu1","KET",200,"cliver",0.609968368612638
"6198",619.7,"Simu1","KET",200,"cliver",0.609431448361157
"6199",619.8,"Simu1","KET",200,"cliver",0.608901254115982
"6200",619.9,"Simu1","KET",200,"cliver",0.608377462160764
"6201",620,"Simu1","KET",200,"cliver",0.60785976505928
"6202",620.1,"Simu1","KET",200,"cliver",0.607347870834364
"6203",620.2,"Simu1","KET",200,"cliver",0.606841502188417
"6204",620.3,"Simu1","KET",200,"cliver",0.606340395763382
"6205",620.4,"Simu1","KET",200,"cliver",0.605844301438158
"6206",620.5,"Simu1","KET",200,"cliver",0.605352981661564
"6207",620.6,"Simu1","KET",200,"cliver",0.604866210819017
"6208",620.7,"Simu1","KET",200,"cliver",0.604383774631244
"6209",620.8,"Simu1","KET",200,"cliver",0.603905469583357
"6210",620.9,"Simu1","KET",200,"cliver",0.603431102382786
"6211",621,"Simu1","KET",200,"cliver",0.602960489444578
"6212",621.1,"Simu1","KET",200,"cliver",0.60249345640268
"6213",621.2,"Simu1","KET",200,"cliver",0.602029837645903
"6214",621.3,"Simu1","KET",200,"cliver",0.601569475877285
"6215",621.4,"Simu1","KET",200,"cliver",0.601112221695695
"6216",621.5,"Simu1","KET",200,"cliver",0.600657933198533
"6217",621.6,"Simu1","KET",200,"cliver",0.600206475604466
"6218",621.7,"Simu1","KET",200,"cliver",0.599757720895191
"6219",621.8,"Simu1","KET",200,"cliver",0.59931154747524
"6220",621.9,"Simu1","KET",200,"cliver",0.598867839848943
"6221",622,"Simu1","KET",200,"cliver",0.598426488313661
"6222",622.1,"Simu1","KET",200,"cliver",0.597987388668469
"6223",622.2,"Simu1","KET",200,"cliver",0.597550441937526
"6224",622.3,"Simu1","KET",200,"cliver",0.597115554107361
"6225",622.4,"Simu1","KET",200,"cliver",0.596682635877395
"6226",622.5,"Simu1","KET",200,"cliver",0.596251602423023
"6227",622.6,"Simu1","KET",200,"cliver",0.59582237317062
"6228",622.7,"Simu1","KET",200,"cliver",0.595394871583873
"6229",622.8,"Simu1","KET",200,"cliver",0.594969024960864
"6230",622.9,"Simu1","KET",200,"cliver",0.594544764241366
"6231",623,"Simu1","KET",200,"cliver",0.594122023823837
"6232",623.1,"Simu1","KET",200,"cliver",0.593700741391609
"6233",623.2,"Simu1","KET",200,"cliver",0.593280857747836
"6234",623.3,"Simu1","KET",200,"cliver",0.592862316658734
"6235",623.4,"Simu1","KET",200,"cliver",0.592445064704708
"6236",623.5,"Simu1","KET",200,"cliver",0.592029051138965
"6237",623.6,"Simu1","KET",200,"cliver",0.591614227753232
"6238",623.7,"Simu1","KET",200,"cliver",0.591200548750239
"6239",623.8,"Simu1","KET",200,"cliver",0.590787970622598
"6240",623.9,"Simu1","KET",200,"cliver",0.590376452181768
"6241",624,"Simu1","KET",200,"cliver",0.593545614936032
"6242",624.1,"Simu1","KET",200,"cliver",4.20385737112974
"6243",624.2,"Simu1","KET",200,"cliver",13.9339837427265
"6244",624.3,"Simu1","KET",200,"cliver",24.3126846935502
"6245",624.4,"Simu1","KET",200,"cliver",33.3746319690529
"6246",624.5,"Simu1","KET",200,"cliver",40.6791057672265
"6247",624.6,"Simu1","KET",200,"cliver",46.2858998438869
"6248",624.7,"Simu1","KET",200,"cliver",50.3986772260558
"6249",624.8,"Simu1","KET",200,"cliver",53.243999454067
"6250",624.9,"Simu1","KET",200,"cliver",55.0329296586516
"6251",625,"Simu1","KET",200,"cliver",55.9511009760113
"6252",625.1,"Simu1","KET",200,"cliver",56.158225530098
"6253",625.2,"Simu1","KET",200,"cliver",55.7904335071562
"6254",625.3,"Simu1","KET",200,"cliver",54.963203858331
"6255",625.4,"Simu1","KET",200,"cliver",53.774174209016
"6256",625.5,"Simu1","KET",200,"cliver",52.3056401819932
"6257",625.6,"Simu1","KET",200,"cliver",50.6267248415144
"6258",625.7,"Simu1","KET",200,"cliver",48.7952475171791
"6259",625.8,"Simu1","KET",200,"cliver",46.8593378394709
"6260",625.9,"Simu1","KET",200,"cliver",44.8588222421723
"6261",626,"Simu1","KET",200,"cliver",42.8264198276712
"6262",626.1,"Simu1","KET",200,"cliver",40.7887921877022
"6263",626.2,"Simu1","KET",200,"cliver",38.7674432653777
"6264",626.3,"Simu1","KET",200,"cliver",36.7794882696618
"6265",626.4,"Simu1","KET",200,"cliver",34.8383264697608
"6266",626.5,"Simu1","KET",200,"cliver",32.9542259225669
"6267",626.6,"Simu1","KET",200,"cliver",31.1348344954351
"6268",626.7,"Simu1","KET",200,"cliver",29.3856118116024
"6269",626.8,"Simu1","KET",200,"cliver",27.7101964130395
"6270",626.9,"Simu1","KET",200,"cliver",26.1107247654045
"6271",627,"Simu1","KET",200,"cliver",24.5881095122864
"6272",627.1,"Simu1","KET",200,"cliver",23.1422733789318
"6273",627.2,"Simu1","KET",200,"cliver",21.7723467820113
"6274",627.3,"Simu1","KET",200,"cliver",20.4768348369611
"6275",627.4,"Simu1","KET",200,"cliver",19.2537589915449
"6276",627.5,"Simu1","KET",200,"cliver",18.1007766396014
"6277",627.6,"Simu1","KET",200,"cliver",17.0152801097728
"6278",627.7,"Simu1","KET",200,"cliver",15.9944785909943
"6279",627.8,"Simu1","KET",200,"cliver",15.0354661388007
"6280",627.9,"Simu1","KET",200,"cliver",14.1352769983411
"6281",628,"Simu1","KET",200,"cliver",13.2909299718531
"6282",628.1,"Simu1","KET",200,"cliver",12.4994643774484
"6283",628.2,"Simu1","KET",200,"cliver",11.7579686328434
"6284",628.3,"Simu1","KET",200,"cliver",11.0636023089071
"6285",628.4,"Simu1","KET",200,"cliver",10.4136126760113
"6286",628.5,"Simu1","KET",200,"cliver",9.80534685002248
"6287",628.6,"Simu1","KET",200,"cliver",9.23626039275862
"6288",628.7,"Simu1","KET",200,"cliver",8.70392294127846
"6289",628.8,"Simu1","KET",200,"cliver",8.20602133949552
"6290",628.9,"Simu1","KET",200,"cliver",7.74036074887555
"6291",629,"Simu1","KET",200,"cliver",7.30486418036575
"6292",629.1,"Simu1","KET",200,"cliver",6.8975707969921
"6293",629.2,"Simu1","KET",200,"cliver",6.51663325026848
"6294",629.3,"Simu1","KET",200,"cliver",6.16031426949943
"6295",629.4,"Simu1","KET",200,"cliver",5.82698270113833
"6296",629.5,"Simu1","KET",200,"cliver",5.51510916748087
"6297",629.6,"Simu1","KET",200,"cliver",5.22326147826299
"6298",629.7,"Simu1","KET",200,"cliver",4.95009989825971
"6299",629.8,"Simu1","KET",200,"cliver",4.69437235437795
"6300",629.9,"Simu1","KET",200,"cliver",4.45490965190706
"6301",630,"Simu1","KET",200,"cliver",4.23062075583923
"6302",630.1,"Simu1","KET",200,"cliver",4.02048817962295
"6303",630.2,"Simu1","KET",200,"cliver",3.82356351219084
"6304",630.3,"Simu1","KET",200,"cliver",3.63896310613256
"6305",630.4,"Simu1","KET",200,"cliver",3.46586394377133
"6306",630.5,"Simu1","KET",200,"cliver",3.30349969235609
"6307",630.6,"Simu1","KET",200,"cliver",3.15115695461501
"6308",630.7,"Simu1","KET",200,"cliver",3.00817171701945
"6309",630.8,"Simu1","KET",200,"cliver",2.87392599528147
"6310",630.9,"Simu1","KET",200,"cliver",2.74784467447063
"6311",631,"Simu1","KET",200,"cliver",2.62939253935983
"6312",631.1,"Simu1","KET",200,"cliver",2.51807148918753
"6313",631.2,"Simu1","KET",200,"cliver",2.41341793000627
"6314",631.3,"Simu1","KET",200,"cliver",2.31500033712173
"6315",631.4,"Simu1","KET",200,"cliver",2.22241697971257
"6316",631.5,"Simu1","KET",200,"cliver",2.135293799462
"6317",631.6,"Simu1","KET",200,"cliver",2.05328243491652
"6318",631.7,"Simu1","KET",200,"cliver",1.97605838330789
"6319",631.8,"Simu1","KET",200,"cliver",1.9033192916979
"6320",631.9,"Simu1","KET",200,"cliver",1.83478336948292
"6321",632,"Simu1","KET",200,"cliver",1.77018791468813
"6322",632.1,"Simu1","KET",200,"cliver",1.70928794649038
"6323",632.2,"Simu1","KET",200,"cliver",1.65185493693879
"6324",632.3,"Simu1","KET",200,"cliver",1.59767563517671
"6325",632.4,"Simu1","KET",200,"cliver",1.54655097777742
"6326",632.5,"Simu1","KET",200,"cliver",1.49829507912312
"6327",632.6,"Simu1","KET",200,"cliver",1.45273429612084
"6328",632.7,"Simu1","KET",200,"cliver",1.40970636191663
"6329",632.8,"Simu1","KET",200,"cliver",1.36905958360381
"6330",632.9,"Simu1","KET",200,"cliver",1.33065209923537
"6331",633,"Simu1","KET",200,"cliver",1.29435118975523
"6332",633.1,"Simu1","KET",200,"cliver",1.26003264176377
"6333",633.2,"Simu1","KET",200,"cliver",1.22758015732109
"6334",633.3,"Simu1","KET",200,"cliver",1.19688480725737
"6335",633.4,"Simu1","KET",200,"cliver",1.1678445247119
"6336",633.5,"Simu1","KET",200,"cliver",1.14036363585809
"6337",633.6,"Simu1","KET",200,"cliver",1.11435242499608
"6338",633.7,"Simu1","KET",200,"cliver",1.08972673140484
"6339",633.8,"Simu1","KET",200,"cliver",1.06640757553956
"6340",633.9,"Simu1","KET",200,"cliver",1.04432081234112
"6341",634,"Simu1","KET",200,"cliver",1.02339680960283
"6342",634.1,"Simu1","KET",200,"cliver",1.00357014947839
"6343",634.2,"Simu1","KET",200,"cliver",0.984779351376248
"6344",634.3,"Simu1","KET",200,"cliver",0.966966614620038
"6345",634.4,"Simu1","KET",200,"cliver",0.950077579378208
"6346",634.5,"Simu1","KET",200,"cliver",0.934061104479359
"6347",634.6,"Simu1","KET",200,"cliver",0.91886906083852
"6348",634.7,"Simu1","KET",200,"cliver",0.904456139320714
"6349",634.8,"Simu1","KET",200,"cliver",0.890779671959219
"6350",634.9,"Simu1","KET",200,"cliver",0.877799465530328
"6351",635,"Simu1","KET",200,"cliver",0.865477646563598
"6352",635.1,"Simu1","KET",200,"cliver",0.853778516938756
"6353",635.2,"Simu1","KET",200,"cliver",0.842668419287204
"6354",635.3,"Simu1","KET",200,"cliver",0.832115611476547
"6355",635.4,"Simu1","KET",200,"cliver",0.822090149513043
"6356",635.5,"Simu1","KET",200,"cliver",0.812563778248222
"6357",635.6,"Simu1","KET",200,"cliver",0.803509829323593
"6358",635.7,"Simu1","KET",200,"cliver",0.794903125831385
"6359",635.8,"Simu1","KET",200,"cliver",0.786719893209201
"6360",635.9,"Simu1","KET",200,"cliver",0.77893767592371
"6361",636,"Simu1","KET",200,"cliver",0.771535259533115
"6362",636.1,"Simu1","KET",200,"cliver",0.76449259774816
"6363",636.2,"Simu1","KET",200,"cliver",0.757790744141522
"6364",636.3,"Simu1","KET",200,"cliver",0.7514117881817
"6365",636.4,"Simu1","KET",200,"cliver",0.745338795292011
"6366",636.5,"Simu1","KET",200,"cliver",0.739555750657501
"6367",636.6,"Simu1","KET",200,"cliver",0.734047506523378
"6368",636.7,"Simu1","KET",200,"cliver",0.728799732747866
"6369",636.8,"Simu1","KET",200,"cliver",0.723798870389742
"6370",636.9,"Simu1","KET",200,"cliver",0.719032088127137
"6371",637,"Simu1","KET",200,"cliver",0.714487241318931
"6372",637.1,"Simu1","KET",200,"cliver",0.710152833533841
"6373",637.2,"Simu1","KET",200,"cliver",0.70601798038507
"6374",637.3,"Simu1","KET",200,"cliver",0.702072375519867
"6375",637.4,"Simu1","KET",200,"cliver",0.698306258624311
"6376",637.5,"Simu1","KET",200,"cliver",0.694710385313419
"6377",637.6,"Simu1","KET",200,"cliver",0.691275998785892
"6378",637.7,"Simu1","KET",200,"cliver",0.687994803131347
"6379",637.8,"Simu1","KET",200,"cliver",0.68485893818556
"6380",637.9,"Simu1","KET",200,"cliver",0.681860955836617
"6381",638,"Simu1","KET",200,"cliver",0.678993797691515
"6382",638.1,"Simu1","KET",200,"cliver",0.67625077401884
"6383",638.2,"Simu1","KET",200,"cliver",0.673625543889005
"6384",638.3,"Simu1","KET",200,"cliver",0.671112096438736
"6385",638.4,"Simu1","KET",200,"cliver",0.668704733191472
"6386",638.5,"Simu1","KET",200,"cliver",0.666398051369832
"6387",638.6,"Simu1","KET",200,"cliver",0.664186928140503
"6388",638.7,"Simu1","KET",200,"cliver",0.662066505735903
"6389",638.8,"Simu1","KET",200,"cliver",0.660032177400486
"6390",638.9,"Simu1","KET",200,"cliver",0.658079574113018
"6391",639,"Simu1","KET",200,"cliver",0.656204552039235
"6392",639.1,"Simu1","KET",200,"cliver",0.654403180672208
"6393",639.2,"Simu1","KET",200,"cliver",0.652671731620465
"6394",639.3,"Simu1","KET",200,"cliver",0.651006668006391
"6395",639.4,"Simu1","KET",200,"cliver",0.64940463443984
"6396",639.5,"Simu1","KET",200,"cliver",0.647862447534004
"6397",639.6,"Simu1","KET",200,"cliver",0.646377086932652
"6398",639.7,"Simu1","KET",200,"cliver",0.644945686819771
"6399",639.8,"Simu1","KET",200,"cliver",0.643565527884342
"6400",639.9,"Simu1","KET",200,"cliver",0.642234029714693
"6401",640,"Simu1","KET",200,"cliver",0.640948743598405
"6402",640.1,"Simu1","KET",200,"cliver",0.639707345705139
"6403",640.2,"Simu1","KET",200,"cliver",0.638507630631177
"6404",640.3,"Simu1","KET",200,"cliver",0.63734750528563
"6405",640.4,"Simu1","KET",200,"cliver",0.636224983099542
"6406",640.5,"Simu1","KET",200,"cliver",0.635138178540155
"6407",640.6,"Simu1","KET",200,"cliver",0.634085301913636
"6408",640.7,"Simu1","KET",200,"cliver",0.633064654440576
"6409",640.8,"Simu1","KET",200,"cliver",0.632074623589432
"6410",640.9,"Simu1","KET",200,"cliver",0.63111367865394
"6411",641,"Simu1","KET",200,"cliver",0.630180366561357
"6412",641.1,"Simu1","KET",200,"cliver",0.629273307899086
"6413",641.2,"Simu1","KET",200,"cliver",0.628391193147994
"6414",641.3,"Simu1","KET",200,"cliver",0.627532779111341
"6415",641.4,"Simu1","KET",200,"cliver",0.626696885528889
"6416",641.5,"Simu1","KET",200,"cliver",0.625882391866352
"6417",641.6,"Simu1","KET",200,"cliver",0.62508823427085
"6418",641.7,"Simu1","KET",200,"cliver",0.624313402683598
"6419",641.8,"Simu1","KET",200,"cliver",0.62355693810151
"6420",641.9,"Simu1","KET",200,"cliver",0.622817929979869
"6421",642,"Simu1","KET",200,"cliver",0.622095513768639
"6422",642.1,"Simu1","KET",200,"cliver",0.621388868575404
"6423",642.2,"Simu1","KET",200,"cliver",0.6206972149483
"6424",642.3,"Simu1","KET",200,"cliver",0.620019812772658
"6425",642.4,"Simu1","KET",200,"cliver",0.619355959275418
"6426",642.5,"Simu1","KET",200,"cliver",0.618704987131718
"6427",642.6,"Simu1","KET",200,"cliver",0.618066262668303
"6428",642.7,"Simu1","KET",200,"cliver",0.61743918415877
"6429",642.8,"Simu1","KET",200,"cliver",0.616823180205837
"6430",642.9,"Simu1","KET",200,"cliver",0.616217708206174
"6431",643,"Simu1","KET",200,"cliver",0.615622252893485
"6432",643.1,"Simu1","KET",200,"cliver",0.615036324955826
"6433",643.2,"Simu1","KET",200,"cliver",0.614459459723322
"6434",643.3,"Simu1","KET",200,"cliver",0.613891215922648
"6435",643.4,"Simu1","KET",200,"cliver",0.613331174494844
"6436",643.5,"Simu1","KET",200,"cliver",0.612778937473208
"6437",643.6,"Simu1","KET",200,"cliver",0.61223412691818
"6438",643.7,"Simu1","KET",200,"cliver",0.611696383906297
"6439",643.8,"Simu1","KET",200,"cliver",0.611165367570439
"6440",643.9,"Simu1","KET",200,"cliver",0.610640754188751
"6441",644,"Simu1","KET",200,"cliver",0.61012223631974
"6442",644.1,"Simu1","KET",200,"cliver",0.609609521981196
"6443",644.2,"Simu1","KET",200,"cliver",0.609102333870692
"6444",644.3,"Simu1","KET",200,"cliver",0.608600408625551
"6445",644.4,"Simu1","KET",200,"cliver",0.608103496120245
"6446",644.5,"Simu1","KET",200,"cliver",0.607611358799354
"6447",644.6,"Simu1","KET",200,"cliver",0.607123771044238
"6448",644.7,"Simu1","KET",200,"cliver",0.606640518571733
"6449",644.8,"Simu1","KET",200,"cliver",0.606161397863226
"6450",644.9,"Simu1","KET",200,"cliver",0.605686215622574
"6451",645,"Simu1","KET",200,"cliver",0.605214788261399
"6452",645.1,"Simu1","KET",200,"cliver",0.604746941410369
"6453",645.2,"Simu1","KET",200,"cliver",0.604282509455145
"6454",645.3,"Simu1","KET",200,"cliver",0.603821335095745
"6455",645.4,"Simu1","KET",200,"cliver",0.603363268928138
"6456",645.5,"Simu1","KET",200,"cliver",0.602908169046947
"6457",645.6,"Simu1","KET",200,"cliver",0.602455900668167
"6458",645.7,"Simu1","KET",200,"cliver",0.602006335770932
"6459",645.8,"Simu1","KET",200,"cliver",0.601559352757313
"6460",645.9,"Simu1","KET",200,"cliver",0.601114836129272
"6461",646,"Simu1","KET",200,"cliver",0.600672676181897
"6462",646.1,"Simu1","KET",200,"cliver",0.600232768712079
"6463",646.2,"Simu1","KET",200,"cliver",0.599795014741874
"6464",646.3,"Simu1","KET",200,"cliver",0.599359320255789
"6465",646.4,"Simu1","KET",200,"cliver",0.5989255959513
"6466",646.5,"Simu1","KET",200,"cliver",0.598493757001928
"6467",646.6,"Simu1","KET",200,"cliver",0.598063722832245
"6468",646.7,"Simu1","KET",200,"cliver",0.597635416904199
"6469",646.8,"Simu1","KET",200,"cliver",0.597208766514201
"6470",646.9,"Simu1","KET",200,"cliver",0.596783702600407
"6471",647,"Simu1","KET",200,"cliver",0.596360159559719
"6472",647.1,"Simu1","KET",200,"cliver",0.595938075073967
"6473",647.2,"Simu1","KET",200,"cliver",0.595517389944855
"6474",647.3,"Simu1","KET",200,"cliver",0.5950980479372
"6475",647.4,"Simu1","KET",200,"cliver",0.594679995630053
"6476",647.5,"Simu1","KET",200,"cliver",0.594263182275314
"6477",647.6,"Simu1","KET",200,"cliver",0.593847559663448
"6478",647.7,"Simu1","KET",200,"cliver",0.59343308199596
"6479",647.8,"Simu1","KET",200,"cliver",0.593019705778877
"6480",647.9,"Simu1","KET",200,"cliver",0.592607390885332
"6481",648,"Simu1","KET",200,"cliver",0.595775753216195
"6482",648.1,"Simu1","KET",200,"cliver",4.20608962282478
"6483",648.2,"Simu1","KET",200,"cliver",13.9362146053181
"6484",648.3,"Simu1","KET",200,"cliver",24.3149128605823
"6485",648.4,"Simu1","KET",200,"cliver",33.3768602356497
"6486",648.5,"Simu1","KET",200,"cliver",40.6813373627969
"6487",648.6,"Simu1","KET",200,"cliver",46.2881374264235
"6488",648.7,"Simu1","KET",200,"cliver",50.4009227326534
"6489",648.8,"Simu1","KET",200,"cliver",53.2462539870128
"6490",648.9,"Simu1","KET",200,"cliver",55.0351935493725
"6491",649,"Simu1","KET",200,"cliver",55.953374352577
"6492",649.1,"Simu1","KET",200,"cliver",56.160508068977
"6493",649.2,"Simu1","KET",200,"cliver",55.7927247334183
"6494",649.3,"Simu1","KET",200,"cliver",54.9655030097657
"6495",649.4,"Simu1","KET",200,"cliver",53.7764805037512
"6496",649.5,"Simu1","KET",200,"cliver",52.3079525461736
"6497",649.6,"Simu1","KET",200,"cliver",50.6290422657607
"6498",649.7,"Simu1","KET",200,"cliver",48.7975699516064
"6499",649.8,"Simu1","KET",200,"cliver",46.8616624052487
"6500",649.9,"Simu1","KET",200,"cliver",44.8611469846609
"6501",650,"Simu1","KET",200,"cliver",42.8287504550663
"6502",650.1,"Simu1","KET",200,"cliver",40.7911305138368
"6503",650.2,"Simu1","KET",200,"cliver",38.7697815788215
"6504",650.3,"Simu1","KET",200,"cliver",36.7818205715425
"6505",650.4,"Simu1","KET",200,"cliver",34.840653708806
"6506",650.5,"Simu1","KET",200,"cliver",32.9565536251134
"6507",650.6,"Simu1","KET",200,"cliver",31.1371653800618
"6508",650.7,"Simu1","KET",200,"cliver",29.3879437285333
"6509",650.8,"Simu1","KET",200,"cliver",27.7125259496738
"6510",650.9,"Simu1","KET",200,"cliver",26.1130511880014
"6511",651,"Simu1","KET",200,"cliver",24.5904315265634
"6512",651.1,"Simu1","KET",200,"cliver",23.1445899754742
"6513",651.2,"Simu1","KET",200,"cliver",21.7746577364575
"6514",651.3,"Simu1","KET",200,"cliver",20.4791405188416
"6515",651.4,"Simu1","KET",200,"cliver",19.2560598743629
"6516",651.5,"Simu1","KET",200,"cliver",18.1030728484219
"6517",651.6,"Simu1","KET",200,"cliver",17.0175716724399
"6518",651.7,"Simu1","KET",200,"cliver",15.996765806432
"6519",651.8,"Simu1","KET",200,"cliver",15.0377492967175
"6520",651.9,"Simu1","KET",200,"cliver",14.137556045374
"6521",652,"Simu1","KET",200,"cliver",13.2932047727879
"6522",652.1,"Simu1","KET",200,"cliver",12.501735067042
"6523",652.2,"Simu1","KET",200,"cliver",11.7602354676968
"6524",652.3,"Simu1","KET",200,"cliver",11.0658654534761
"6525",652.4,"Simu1","KET",200,"cliver",10.4158721766628
"6526",652.5,"Simu1","KET",200,"cliver",9.80760274861687
"6527",652.6,"Simu1","KET",200,"cliver",9.23851279041214
"6528",652.7,"Simu1","KET",200,"cliver",8.70617196627306
"6529",652.8,"Simu1","KET",200,"cliver",8.20826710070022
"6530",652.9,"Simu1","KET",200,"cliver",7.74260333292051
"6531",653,"Simu1","KET",200,"cliver",7.30710367426131
"6532",653.1,"Simu1","KET",200,"cliver",6.8998072983292
"6533",653.2,"Simu1","KET",200,"cliver",6.51886685906848
"6534",653.3,"Simu1","KET",200,"cliver",6.16254507910496
"6535",653.4,"Simu1","KET",200,"cliver",5.82921079840108
"6536",653.5,"Simu1","KET",200,"cliver",5.51733463735219
"6537",653.6,"Simu1","KET",200,"cliver",5.2254844053921
"6538",653.7,"Simu1","KET",200,"cliver",4.95232036510589
"6539",653.8,"Simu1","KET",200,"cliver",4.69659043949772
"6540",653.9,"Simu1","KET",200,"cliver",4.45712543018185
"6541",654,"Simu1","KET",200,"cliver",4.23283429947873
"6542",654.1,"Simu1","KET",200,"cliver",4.02269955834712
"6543",654.2,"Simu1","KET",200,"cliver",3.82577279289361
"6544",654.3,"Simu1","KET",200,"cliver",3.64117035266442
"6545",654.4,"Simu1","KET",200,"cliver",3.46806921709696
"6546",654.5,"Simu1","KET",200,"cliver",3.30570305079923
"6547",654.6,"Simu1","KET",200,"cliver",3.15335845395558
"6548",654.7,"Simu1","KET",200,"cliver",3.01037141049271
"6549",654.8,"Simu1","KET",200,"cliver",2.87612393362052
"6550",654.9,"Simu1","KET",200,"cliver",2.75004090602209
"6551",655,"Simu1","KET",200,"cliver",2.63158711020927
"6552",655.1,"Simu1","KET",200,"cliver",2.52026444325157
"6553",655.2,"Simu1","KET",200,"cliver",2.4156093091062
"6554",655.3,"Simu1","KET",200,"cliver",2.31719018106633
"6555",655.4,"Simu1","KET",200,"cliver",2.22460532639312
"6556",655.5,"Simu1","KET",200,"cliver",2.13748068494558
"6557",655.6,"Simu1","KET",200,"cliver",2.05546789352992
"6558",655.7,"Simu1","KET",200,"cliver",1.97824244771594
"6559",655.8,"Simu1","KET",200,"cliver",1.90550199298205
"6560",655.9,"Simu1","KET",200,"cliver",1.8369647372477
"6561",656,"Simu1","KET",200,"cliver",1.77236797710165
"6562",656.1,"Simu1","KET",200,"cliver",1.71146673030772
"6563",656.2,"Simu1","KET",200,"cliver",1.6540324676132
"6564",656.3,"Simu1","KET",200,"cliver",1.59985193695748
"6565",656.4,"Simu1","KET",200,"cliver",1.54872607376672
"6566",656.5,"Simu1","KET",200,"cliver",1.50046899131176
"6567",656.6,"Simu1","KET",200,"cliver",1.45490704543601
"6568",656.7,"Simu1","KET",200,"cliver",1.41187796828317
"6569",656.8,"Simu1","KET",200,"cliver",1.37123006600214
"6570",656.9,"Simu1","KET",200,"cliver",1.33282147574843
"6571",657,"Simu1","KET",200,"cliver",1.2965194776098
"6572",657.1,"Simu1","KET",200,"cliver",1.26219985737278
"6573",657.2,"Simu1","KET",200,"cliver",1.22974631632647
"6574",657.3,"Simu1","KET",200,"cliver",1.19904992457046
"6575",657.4,"Simu1","KET",200,"cliver",1.17000861454998
"6576",657.5,"Simu1","KET",200,"cliver",1.14252671177858
"6577",657.6,"Simu1","KET",200,"cliver",1.11651449992961
"6578",657.7,"Simu1","KET",200,"cliver",1.09188781768706
"6579",657.8,"Simu1","KET",200,"cliver",1.0685676849412
"6580",657.9,"Simu1","KET",200,"cliver",1.04647995609807
"6581",658,"Simu1","KET",200,"cliver",1.02555499844035
"6582",658.1,"Simu1","KET",200,"cliver",1.00572739363326
"6583",658.2,"Simu1","KET",200,"cliver",0.986935660623898
"6584",658.3,"Simu1","KET",200,"cliver",0.969121998299562
"6585",658.4,"Simu1","KET",200,"cliver",0.952232046413515
"6586",658.5,"Simu1","KET",200,"cliver",0.936214663397981
"6587",658.6,"Simu1","KET",200,"cliver",0.921021719790416
"6588",658.7,"Simu1","KET",200,"cliver",0.906607906097184
"6589",658.8,"Simu1","KET",200,"cliver",0.8929305540108
"6590",658.9,"Simu1","KET",200,"cliver",0.879949469983195
"6591",659,"Simu1","KET",200,"cliver",0.867626780234912
"6592",659.1,"Simu1","KET",200,"cliver",0.855926786351439
"6593",659.2,"Simu1","KET",200,"cliver",0.844815830684157
"6594",659.3,"Simu1","KET",200,"cliver",0.834262170834118
"6595",659.4,"Simu1","KET",200,"cliver",0.824235862553696
"6596",659.5,"Simu1","KET",200,"cliver",0.814708650452536
"6597",659.6,"Simu1","KET",200,"cliver",0.805653865941709
"6598",659.7,"Simu1","KET",200,"cliver",0.797046331893917
"6599",659.8,"Simu1","KET",200,"cliver",0.788862273537592
"6600",659.9,"Simu1","KET",200,"cliver",0.781079235140198
"6601",660,"Simu1","KET",200,"cliver",0.773676002069894
"6602",660.1,"Simu1","KET",200,"cliver",0.766632527856038
"6603",660.2,"Simu1","KET",200,"cliver",0.759929865898602
"6604",660.3,"Simu1","KET",200,"cliver",0.75355010550158
"6605",660.4,"Simu1","KET",200,"cliver",0.747476311931407
"6606",660.5,"Simu1","KET",200,"cliver",0.74169247022341
"6607",660.6,"Simu1","KET",200,"cliver",0.736183432479969
"6608",660.7,"Simu1","KET",200,"cliver",0.730934868423117
"6609",660.8,"Simu1","KET",200,"cliver",0.725933218981758
"6610",660.9,"Simu1","KET",200,"cliver",0.721165652710125
"6611",661,"Simu1","KET",200,"cliver",0.716620024848875
"6612",661.1,"Simu1","KET",200,"cliver",0.712284838853926
"6613",661.2,"Simu1","KET",200,"cliver",0.708149210230861
"6614",661.3,"Simu1","KET",200,"cliver",0.704202832524246
"6615",661.4,"Simu1","KET",200,"cliver",0.70043594532217
"6616",661.5,"Simu1","KET",200,"cliver",0.696839304146131
"6617",661.6,"Simu1","KET",200,"cliver",0.693404152105582
"6618",661.7,"Simu1","KET",200,"cliver",0.69012219320496
"6619",661.8,"Simu1","KET",200,"cliver",0.68698556719874
"6620",661.9,"Simu1","KET",200,"cliver",0.683986825897423
"6621",662,"Simu1","KET",200,"cliver",0.681118910833929
"6622",662.1,"Simu1","KET",200,"cliver",0.678375132206114
"6623",662.2,"Simu1","KET",200,"cliver",0.675749149016889
"6624",662.3,"Simu1","KET",200,"cliver",0.673234950338555
"6625",662.4,"Simu1","KET",200,"cliver",0.670826837633047
"6626",662.5,"Simu1","KET",200,"cliver",0.668519408064252
"6627",662.6,"Simu1","KET",200,"cliver",0.666307538742785
"6628",662.7,"Simu1","KET",200,"cliver",0.664186371847531
"6629",662.8,"Simu1","KET",200,"cliver",0.662151300571834
"6630",662.9,"Simu1","KET",200,"cliver",0.660197955845661
"6631",663,"Simu1","KET",200,"cliver",0.658322193788153
"6632",663.1,"Simu1","KET",200,"cliver",0.656520083847891
"6633",663.2,"Simu1","KET",200,"cliver",0.654787897590917
"6634",663.3,"Simu1","KET",200,"cliver",0.653122098099055
"6635",663.4,"Simu1","KET",200,"cliver",0.651519329943422
"6636",663.5,"Simu1","KET",200,"cliver",0.649976409700221
"6637",663.6,"Simu1","KET",200,"cliver",0.6484903169779
"6638",663.7,"Simu1","KET",200,"cliver",0.647058185926718
"6639",663.8,"Simu1","KET",200,"cliver",0.645677297203443
"6640",663.9,"Simu1","KET",200,"cliver",0.644345070365645
"6641",664,"Simu1","KET",200,"cliver",0.643059056671529
"6642",664.1,"Simu1","KET",200,"cliver",0.6418169322627
"6643",664.2,"Simu1","KET",200,"cliver",0.640616491708646
"6644",664.3,"Simu1","KET",200,"cliver",0.639455641892892
"6645",664.4,"Simu1","KET",200,"cliver",0.638332396222046
"6646",664.5,"Simu1","KET",200,"cliver",0.637244869140009
"6647",664.6,"Simu1","KET",200,"cliver",0.636191270930655
"6648",664.7,"Simu1","KET",200,"cliver",0.635169902793287
"6649",664.8,"Simu1","KET",200,"cliver",0.634179152176022
"6650",664.9,"Simu1","KET",200,"cliver",0.633217488353174
"6651",665,"Simu1","KET",200,"cliver",0.632283458233446
"6652",665.1,"Simu1","KET",200,"cliver",0.631375682386519
"6653",665.2,"Simu1","KET",200,"cliver",0.630492851276331
"6654",665.3,"Simu1","KET",200,"cliver",0.62963372168997
"6655",665.4,"Simu1","KET",200,"cliver",0.628797113351752
"6656",665.5,"Simu1","KET",200,"cliver",0.627981905712633
"6657",665.6,"Simu1","KET",200,"cliver",0.627187034905631
"6658",665.7,"Simu1","KET",200,"cliver",0.626411490858495
"6659",665.8,"Simu1","KET",200,"cliver",0.625654314555269
"6660",665.9,"Simu1","KET",200,"cliver",0.624914595438941
"6661",666,"Simu1","KET",200,"cliver",0.624191468947727
"6662",666.1,"Simu1","KET",200,"cliver",0.623484114177985
"6663",666.2,"Simu1","KET",200,"cliver",0.622791751667124
"6664",666.3,"Simu1","KET",200,"cliver",0.622113641290223
"6665",666.4,"Simu1","KET",200,"cliver",0.621449080264429
"6666",666.5,"Simu1","KET",200,"cliver",0.620797401255515
"6667",666.6,"Simu1","KET",200,"cliver",0.620157970581279
"6668",666.7,"Simu1","KET",200,"cliver",0.619530186506763
"6669",666.8,"Simu1","KET",200,"cliver",0.618913477626513
"6670",666.9,"Simu1","KET",200,"cliver",0.618307301329379
"6671",667,"Simu1","KET",200,"cliver",0.617711142341595
"6672",667.1,"Simu1","KET",200,"cliver",0.617124511344074
"6673",667.2,"Simu1","KET",200,"cliver",0.616546943660108
"6674",667.3,"Simu1","KET",200,"cliver",0.615977998009842
"6675",667.4,"Simu1","KET",200,"cliver",0.615417255328068
"6676",667.5,"Simu1","KET",200,"cliver",0.614864317642109
"6677",667.6,"Simu1","KET",200,"cliver",0.614318807006692
"6678",667.7,"Simu1","KET",200,"cliver",0.613780364492885
"6679",667.8,"Simu1","KET",200,"cliver",0.61324864922834
"6680",667.9,"Simu1","KET",200,"cliver",0.612723337486195
"6681",668,"Simu1","KET",200,"cliver",0.61220412182017
"6682",668.1,"Simu1","KET",200,"cliver",0.611690710243471
"6683",668.2,"Simu1","KET",200,"cliver",0.611182825449284
"6684",668.3,"Simu1","KET",200,"cliver",0.610680204070731
"6685",668.4,"Simu1","KET",200,"cliver",0.610182595978265
"6686",668.5,"Simu1","KET",200,"cliver",0.609689763612614
"6687",668.6,"Simu1","KET",200,"cliver",0.609201481351451
"6688",668.7,"Simu1","KET",200,"cliver",0.608717534908077
"6689",668.8,"Simu1","KET",200,"cliver",0.608237720760497
"6690",668.9,"Simu1","KET",200,"cliver",0.607761845609325
"6691",669,"Simu1","KET",200,"cliver",0.607289725863074
"6692",669.1,"Simu1","KET",200,"cliver",0.606821187149431
"6693",669.2,"Simu1","KET",200,"cliver",0.606356063851202
"6694",669.3,"Simu1","KET",200,"cliver",0.605894198665664
"6695",669.4,"Simu1","KET",200,"cliver",0.60543544218616
"6696",669.5,"Simu1","KET",200,"cliver",0.60497965250479
"6697",669.6,"Simu1","KET",200,"cliver",0.604526694835131
"6698",669.7,"Simu1","KET",200,"cliver",0.604076441153994
"6699",669.8,"Simu1","KET",200,"cliver",0.603628769861218
"6700",669.9,"Simu1","KET",200,"cliver",0.603183565456628
"6701",670,"Simu1","KET",200,"cliver",0.602740718233252
"6702",670.1,"Simu1","KET",200,"cliver",0.602300123986005
"6703",670.2,"Simu1","KET",200,"cliver",0.601861683735043
"6704",670.3,"Simu1","KET",200,"cliver",0.601425303463045
"6705",670.4,"Simu1","KET",200,"cliver",0.600990893865732
"6706",670.5,"Simu1","KET",200,"cliver",0.600558370114934
"6707",670.6,"Simu1","KET",200,"cliver",0.600127651633595
"6708",670.7,"Simu1","KET",200,"cliver",0.5996986618821
"6709",670.8,"Simu1","KET",200,"cliver",0.599271328155346
"6710",670.9,"Simu1","KET",200,"cliver",0.598845581390042
"6711",671,"Simu1","KET",200,"cliver",0.598421355981684
"6712",671.1,"Simu1","KET",200,"cliver",0.597998589610755
"6713",671.2,"Simu1","KET",200,"cliver",0.597577223077656
"6714",671.3,"Simu1","KET",200,"cliver",0.597157200145946
"6715",671.4,"Simu1","KET",200,"cliver",0.596738467393463
"6716",671.5,"Simu1","KET",200,"cliver",0.596320974070935
"6717",671.6,"Simu1","KET",200,"cliver",0.595904671967695
"6718",671.7,"Simu1","KET",200,"cliver",0.595489515284155
"6719",671.8,"Simu1","KET",200,"cliver",0.595075460515149
"6720",671.9,"Simu1","KET",200,"cliver",0.594662466548721
"6721",672,"Simu1","KET",200,"cliver",0.597830184663059
"6722",672.1,"Simu1","KET",200,"cliver",4.20814388093538
"6723",672.2,"Simu1","KET",200,"cliver",13.9382714624285
"6724",672.3,"Simu1","KET",200,"cliver",24.3169758581823
"6725",672.4,"Simu1","KET",200,"cliver",33.3789321985851
"6726",672.5,"Simu1","KET",200,"cliver",40.6834201422177
"6727",672.6,"Simu1","KET",200,"cliver",46.2902320090032
"6728",672.7,"Simu1","KET",200,"cliver",50.4030294226006
"6729",672.8,"Simu1","KET",200,"cliver",53.2483725743309
"6730",672.9,"Simu1","KET",200,"cliver",55.037323458013
"6731",673,"Simu1","KET",200,"cliver",55.9555147418494
"6732",673.1,"Simu1","KET",200,"cliver",56.1626579272187
"6733",673.2,"Simu1","KET",200,"cliver",55.7948829432453
"6734",673.3,"Simu1","KET",200,"cliver",54.9676684002884
"6735",673.4,"Simu1","KET",200,"cliver",53.7786518948989
"6736",673.5,"Simu1","KET",200,"cliver",52.3101287760605
"6737",673.6,"Simu1","KET",200,"cliver",50.6312222030268
"6738",673.7,"Simu1","KET",200,"cliver",48.799752511179
"6739",673.8,"Simu1","KET",200,"cliver",46.863846658688
"6740",673.9,"Simu1","KET",200,"cliver",44.8633319552007
"6741",674,"Simu1","KET",200,"cliver",42.8309353301968
"6742",674.1,"Simu1","KET",200,"cliver",40.7933143699843
"6743",674.2,"Simu1","KET",200,"cliver",38.7719637716938
"6744",674.3,"Simu1","KET",200,"cliver",36.7840006850476
"6745",674.4,"Simu1","KET",200,"cliver",34.842831293033
"6746",674.5,"Simu1","KET",200,"cliver",32.9587281849991
"6747",674.6,"Simu1","KET",200,"cliver",31.139336509861
"6748",674.7,"Simu1","KET",200,"cliver",29.3901108405805
"6749",674.8,"Simu1","KET",200,"cliver",27.7146890159861
"6750",674.9,"Simu1","KET",200,"cliver",26.1152099487247
"6751",675,"Simu1","KET",200,"cliver",24.5925857916048
"6752",675.1,"Simu1","KET",200,"cliver",23.1467396731256
"6753",675.2,"Simu1","KET",200,"cliver",21.7768028378878
"6754",675.3,"Simu1","KET",200,"cliver",20.4812809895634
"6755",675.4,"Simu1","KET",200,"cliver",19.2581956860643
"6756",675.5,"Simu1","KET",200,"cliver",18.1052040065438
"6757",675.6,"Simu1","KET",200,"cliver",17.0196982190301
"6758",675.7,"Simu1","KET",200,"cliver",15.9988878039543
"6759",675.8,"Simu1","KET",200,"cliver",15.0398668162539
"6760",675.9,"Simu1","KET",200,"cliver",14.1396691667163
"6761",676,"Simu1","KET",200,"cliver",13.2953135887349
"6762",676.1,"Simu1","KET",200,"cliver",12.503839683747
"6763",676.2,"Simu1","KET",200,"cliver",11.7623359920825
"6764",676.3,"Simu1","KET",200,"cliver",11.0679619953674
"6765",676.4,"Simu1","KET",200,"cliver",10.417964850506
"6766",676.5,"Simu1","KET",200,"cliver",9.80969167245045
"6767",676.6,"Simu1","KET",200,"cliver",9.24059808309364
"6768",676.7,"Simu1","KET",200,"cliver",8.7082537456718
"6769",676.8,"Simu1","KET",200,"cliver",8.21034548340969
"6770",676.9,"Simu1","KET",200,"cliver",7.74467843426385
"6771",677,"Simu1","KET",200,"cliver",7.30917560776837
"6772",677.1,"Simu1","KET",200,"cliver",6.90187617496819
"6773",677.2,"Simu1","KET",200,"cliver",6.52093278676157
"6774",677.3,"Simu1","KET",200,"cliver",6.16460816258313
"6775",677.4,"Simu1","KET",200,"cliver",5.83127113913123
"6776",677.5,"Simu1","KET",200,"cliver",5.51939233338682
"6777",677.6,"Simu1","KET",200,"cliver",5.22753955120969
"6778",677.7,"Simu1","KET",200,"cliver",4.95437305153956
"6779",677.8,"Simu1","KET",200,"cliver",4.69864075374891
"6780",677.9,"Simu1","KET",200,"cliver",4.4591734558594
"6781",678,"Simu1","KET",200,"cliver",4.23488011663377
"6782",678.1,"Simu1","KET",200,"cliver",4.02474324351901
"6783",678.2,"Simu1","KET",200,"cliver",3.82781441918713
"6784",678.3,"Simu1","KET",200,"cliver",3.643209989841
"6785",678.4,"Simu1","KET",200,"cliver",3.47010693167544
"6786",678.5,"Simu1","KET",200,"cliver",3.30773890616068
"6787",678.6,"Simu1","KET",200,"cliver",3.15539251045233
"6788",678.7,"Simu1","KET",200,"cliver",3.01240372556197
"6789",678.8,"Simu1","KET",200,"cliver",2.87815456190073
"6790",678.9,"Simu1","KET",200,"cliver",2.75206989946952
"6791",679,"Simu1","KET",200,"cliver",2.63361451821343
"6792",679.1,"Simu1","KET",200,"cliver",2.52229031274923
"6793",679.2,"Simu1","KET",200,"cliver",2.41763368469366
"6794",679.3,"Simu1","KET",200,"cliver",2.31921310510923
"6795",679.4,"Simu1","KET",200,"cliver",2.22662683913322
"6796",679.5,"Simu1","KET",200,"cliver",2.13950082460404
"6797",679.6,"Simu1","KET",200,"cliver",2.05748669640704
"6798",679.7,"Simu1","KET",200,"cliver",1.98025994828729
"6799",679.8,"Simu1","KET",200,"cliver",1.90751822399066
"6800",679.9,"Simu1","KET",200,"cliver",1.83897972979254
"6801",680,"Simu1","KET",200,"cliver",1.77438176072181
"6802",680.1,"Simu1","KET",200,"cliver",1.71347933306279
"6803",680.2,"Simu1","KET",200,"cliver",1.65604391616226
"6804",680.3,"Simu1","KET",200,"cliver",1.60186225663075
"6805",680.4,"Simu1","KET",200,"cliver",1.55073528863447
"6806",680.5,"Simu1","KET",200,"cliver",1.50247712425067
"6807",680.6,"Simu1","KET",200,"cliver",1.45691411819241
"6808",680.7,"Simu1","KET",200,"cliver",1.41388400153251
"6809",680.8,"Simu1","KET",200,"cliver",1.37323507940513
"6810",680.9,"Simu1","KET",200,"cliver",1.33482548800421
"6811",681,"Simu1","KET",200,"cliver",1.29852250650656
"6812",681.1,"Simu1","KET",200,"cliver",1.26420191983556
"6813",681.2,"Simu1","KET",200,"cliver",1.2317474284624
"6814",681.3,"Simu1","KET",200,"cliver",1.20105010171142
"6815",681.4,"Simu1","KET",200,"cliver",1.17200787129299
"6816",681.5,"Simu1","KET",200,"cliver",1.14452506202403
"6817",681.6,"Simu1","KET",200,"cliver",1.11851195691736
"6818",681.7,"Simu1","KET",200,"cliver",1.09388439403058
"6819",681.8,"Simu1","KET",200,"cliver",1.07056339265982
"6820",681.9,"Simu1","KET",200,"cliver",1.04847480664746
"6821",682,"Simu1","KET",200,"cliver",1.02754900274135
"6822",682.1,"Simu1","KET",200,"cliver",1.00772056209913
"6823",682.2,"Simu1","KET",200,"cliver",0.988928003186196
"6824",682.3,"Simu1","KET",200,"cliver",0.971113524432437
"6825",682.4,"Simu1","KET",200,"cliver",0.954222765156711
"6826",682.5,"Simu1","KET",200,"cliver",0.938204583378666
"6827",682.6,"Simu1","KET",200,"cliver",0.923010849243856
"6828",682.7,"Simu1","KET",200,"cliver",0.908596252886277
"6829",682.8,"Simu1","KET",200,"cliver",0.89491812564455
"6830",682.9,"Simu1","KET",200,"cliver",0.881936273634212
"6831",683,"Simu1","KET",200,"cliver",0.869612822755999
"6832",683.1,"Simu1","KET",200,"cliver",0.857912074291305
"6833",683.2,"Simu1","KET",200,"cliver",0.846800370302301
"6834",683.3,"Simu1","KET",200,"cliver",0.836245968114935
"6835",683.4,"Simu1","KET",200,"cliver",0.82621892321985
"6836",683.5,"Simu1","KET",200,"cliver",0.816690979977647
"6837",683.6,"Simu1","KET",200,"cliver",0.807635469562383
"6838",683.7,"Simu1","KET",200,"cliver",0.799027214621162
"6839",683.8,"Simu1","KET",200,"cliver",0.790842440167653
"6840",683.9,"Simu1","KET",200,"cliver",0.783058690264836
"6841",684,"Simu1","KET",200,"cliver",0.775654750086153
"6842",684.1,"Simu1","KET",200,"cliver",0.768610572975517
"6843",684.2,"Simu1","KET",200,"cliver",0.761907212156271
"6844",684.3,"Simu1","KET",200,"cliver",0.755526756764146
"6845",684.4,"Simu1","KET",200,"cliver",0.749452271905264
"6846",684.5,"Simu1","KET",200,"cliver",0.743667742462204
"6847",684.6,"Simu1","KET",200,"cliver",0.738158020391787
"6848",684.7,"Simu1","KET",200,"cliver",0.732908775277328
"6849",684.8,"Simu1","KET",200,"cliver",0.727906447915513
"6850",684.9,"Simu1","KET",200,"cliver",0.72313820673454
"6851",685,"Simu1","KET",200,"cliver",0.718591906854923
"6852",685.1,"Simu1","KET",200,"cliver",0.714256051618037
"6853",685.2,"Simu1","KET",200,"cliver",0.710119756420256
"6854",685.3,"Simu1","KET",200,"cliver",0.706172714702011
"6855",685.4,"Simu1","KET",200,"cliver",0.702405165952088
"6856",685.5,"Simu1","KET",200,"cliver",0.698807865597291
"6857",685.6,"Simu1","KET",200,"cliver",0.695372056656755
"6858",685.7,"Simu1","KET",200,"cliver",0.692089443048778
"6859",685.8,"Simu1","KET",200,"cliver",0.688952164445677
"6860",685.9,"Simu1","KET",200,"cliver",0.685952772579578
"6861",686,"Simu1","KET",200,"cliver",0.683084208908645
"6862",686.1,"Simu1","KET",200,"cliver",0.680339783559412
"6863",686.2,"Simu1","KET",200,"cliver",0.677713155466753
"6864",686.3,"Simu1","KET",200,"cliver",0.675198313638059
"6865",686.4,"Simu1","KET",200,"cliver",0.672789559473332
"6866",686.5,"Simu1","KET",200,"cliver",0.67048149007737
"6867",686.6,"Simu1","KET",200,"cliver",0.668268982504406
"6868",686.7,"Simu1","KET",200,"cliver",0.666147178879528
"6869",686.8,"Simu1","KET",200,"cliver",0.664111472344744
"6870",686.9,"Simu1","KET",200,"cliver",0.662157493781035
"6871",687,"Simu1","KET",200,"cliver",0.660281099260796
"6872",687.1,"Simu1","KET",200,"cliver",0.658478358187995
"6873",687.2,"Simu1","KET",200,"cliver",0.656745542086105
"6874",687.3,"Simu1","KET",200,"cliver",0.655079113996319
"6875",687.4,"Simu1","KET",200,"cliver",0.653475718450978
"6876",687.5,"Simu1","KET",200,"cliver",0.65193217198928
"6877",687.6,"Simu1","KET",200,"cliver",0.650445454184352
"6878",687.7,"Simu1","KET",200,"cliver",0.649012699152742
"6879",687.8,"Simu1","KET",200,"cliver",0.647631187519042
"6880",687.9,"Simu1","KET",200,"cliver",0.646298338810113
"6881",688,"Simu1","KET",200,"cliver",0.645011704254845
"6882",688.1,"Simu1","KET",200,"cliver",0.643768959966864
"6883",688.2,"Simu1","KET",200,"cliver",0.642567900488951
"6884",688.3,"Simu1","KET",200,"cliver",0.641406432679135
"6885",688.4,"Simu1","KET",200,"cliver",0.640282569919691
"6886",688.5,"Simu1","KET",200,"cliver",0.639194426631288
"6887",688.6,"Simu1","KET",200,"cliver",0.638140213075623
"6888",688.7,"Simu1","KET",200,"cliver",0.637118230430827
"6889",688.8,"Simu1","KET",200,"cliver",0.636126866124811
"6890",688.9,"Simu1","KET",200,"cliver",0.635164589412591
"6891",689,"Simu1","KET",200,"cliver",0.634229947184451
"6892",689.1,"Simu1","KET",200,"cliver",0.633321559992486
"6893",689.2,"Simu1","KET",200,"cliver",0.632438118283844
"6894",689.3,"Simu1","KET",200,"cliver",0.631578378829581
"6895",689.4,"Simu1","KET",200,"cliver",0.630741161338707
"6896",689.5,"Simu1","KET",200,"cliver",0.629925345247563
"6897",689.6,"Simu1","KET",200,"cliver",0.629129866675213
"6898",689.7,"Simu1","KET",200,"cliver",0.628353715536079
"6899",689.8,"Simu1","KET",200,"cliver",0.627595932801482
"6900",689.9,"Simu1","KET",200,"cliver",0.626855607902256
"6901",690,"Simu1","KET",200,"cliver",0.626131876265015
"6902",690.1,"Simu1","KET",200,"cliver",0.625423916975034
"6903",690.2,"Simu1","KET",200,"cliver",0.624730950559136
"6904",690.3,"Simu1","KET",200,"cliver",0.624052236882292
"6905",690.4,"Simu1","KET",200,"cliver",0.623387073151992
"6906",690.5,"Simu1","KET",200,"cliver",0.622734792024787
"6907",690.6,"Simu1","KET",200,"cliver",0.622094759809664
"6908",690.7,"Simu1","KET",200,"cliver",0.621466374763248
"6909",690.8,"Simu1","KET",200,"cliver",0.620849065472043
"6910",690.9,"Simu1","KET",200,"cliver",0.620242289317218
"6911",691,"Simu1","KET",200,"cliver",0.619645531017667
"6912",691.1,"Simu1","KET",200,"cliver",0.619058301247287
"6913",691.2,"Simu1","KET",200,"cliver",0.618480135322671
"6914",691.3,"Simu1","KET",200,"cliver",0.617910591957556
"6915",691.4,"Simu1","KET",200,"cliver",0.617349252080612
"6916",691.5,"Simu1","KET",200,"cliver",0.616795717713312
"6917",691.6,"Simu1","KET",200,"cliver",0.616249610904787
"6918",691.7,"Simu1","KET",200,"cliver",0.615710572720761
"6919",691.8,"Simu1","KET",200,"cliver",0.615178262283771
"6920",691.9,"Simu1","KET",200,"cliver",0.614652355862068
"6921",692,"Simu1","KET",200,"cliver",0.614132546004695
"6922",692.1,"Simu1","KET",200,"cliver",0.613618540720389
"6923",692.2,"Simu1","KET",200,"cliver",0.613110062698059
"6924",692.3,"Simu1","KET",200,"cliver",0.612606848566736
"6925",692.4,"Simu1","KET",200,"cliver",0.612108648192958
"6926",692.5,"Simu1","KET",200,"cliver",0.61161522401371
"6927",692.6,"Simu1","KET",200,"cliver",0.611126350403079
"6928",692.7,"Simu1","KET",200,"cliver",0.610641813070939
"6929",692.8,"Simu1","KET",200,"cliver",0.610161408492006
"6930",692.9,"Simu1","KET",200,"cliver",0.609684943363753
"6931",693,"Simu1","KET",200,"cliver",0.609212234091682
"6932",693.1,"Simu1","KET",200,"cliver",0.608743106300596
"6933",693.2,"Simu1","KET",200,"cliver",0.608277394370539
"6934",693.3,"Simu1","KET",200,"cliver",0.607814940996141
"6935",693.4,"Simu1","KET",200,"cliver",0.607355596768209
"6936",693.5,"Simu1","KET",200,"cliver",0.606899219776412
"6937",693.6,"Simu1","KET",200,"cliver",0.606445675231997
"6938",693.7,"Simu1","KET",200,"cliver",0.60599483510954
"6939",693.8,"Simu1","KET",200,"cliver",0.605546577806737
"6940",693.9,"Simu1","KET",200,"cliver",0.605100787821355
"6941",694,"Simu1","KET",200,"cliver",0.604657355444451
"6942",694.1,"Simu1","KET",200,"cliver",0.604216176469044
"6943",694.2,"Simu1","KET",200,"cliver",0.603777151913472
"6944",694.3,"Simu1","KET",200,"cliver",0.60334018775867
"6945",694.4,"Simu1","KET",200,"cliver",0.602905194698678
"6946",694.5,"Simu1","KET",200,"cliver",0.602472087903716
"6947",694.6,"Simu1","KET",200,"cliver",0.602040786795178
"6948",694.7,"Simu1","KET",200,"cliver",0.601611214831958
"6949",694.8,"Simu1","KET",200,"cliver",0.601183299307523
"6950",694.9,"Simu1","KET",200,"cliver",0.6007569711572
"6951",695,"Simu1","KET",200,"cliver",0.60033216477516
"6952",695.1,"Simu1","KET",200,"cliver",0.599908817840607
"6953",695.2,"Simu1","KET",200,"cliver",0.599486871152711
"6954",695.3,"Simu1","KET",200,"cliver",0.599066268473846
"6955",695.4,"Simu1","KET",200,"cliver",0.598646956380708
"6956",695.5,"Simu1","KET",200,"cliver",0.598228884122921
"6957",695.6,"Simu1","KET",200,"cliver",0.597812003488754
"6958",695.7,"Simu1","KET",200,"cliver",0.597396268677594
"6959",695.8,"Simu1","KET",200,"cliver",0.596981636181662
"6960",695.9,"Simu1","KET",200,"cliver",0.596568065418783
"6961",696,"Simu1","KET",200,"cliver",0.599735210326206
"6962",696.1,"Simu1","KET",200,"cliver",4.21004885528768
"6963",696.2,"Simu1","KET",200,"cliver",13.9401972029774
"6964",696.3,"Simu1","KET",200,"cliver",24.3189367674906
"6965",696.4,"Simu1","KET",200,"cliver",33.3809265551045
"6966",696.5,"Simu1","KET",200,"cliver",40.6854457038172
"6967",696.6,"Simu1","KET",200,"cliver",46.2922854238654
"6968",696.7,"Simu1","KET",200,"cliver",50.4051072339371
"6969",696.8,"Simu1","KET",200,"cliver",53.2504708251013
"6970",696.9,"Simu1","KET",200,"cliver",55.0394416607633
"6971",697,"Simu1","KET",200,"cliver",55.957643540338
"6972",697.1,"Simu1","KET",200,"cliver",56.1647886419242
"6973",697.2,"Simu1","KET",200,"cliver",55.7970208712346
"6974",697.3,"Simu1","KET",200,"cliver",54.9698140006234
"6975",697.4,"Simu1","KET",200,"cliver",53.7808050318543
"6976",697.5,"Simu1","KET",200,"cliver",52.3122883263094
"6977",697.6,"Simu1","KET",200,"cliver",50.6333917866018
"6978",697.7,"Simu1","KET",200,"cliver",48.8019290401048
"6979",697.8,"Simu1","KET",200,"cliver",46.8660423672444
"6980",697.9,"Simu1","KET",200,"cliver",44.8655470812619
"6981",698,"Simu1","KET",200,"cliver",42.8331593806558
"6982",698.1,"Simu1","KET",200,"cliver",40.7955363494738
"6983",698.2,"Simu1","KET",200,"cliver",38.7741587218884
"6984",698.3,"Simu1","KET",200,"cliver",36.7861776305321
"6985",698.4,"Simu1","KET",200,"cliver",34.8450037124233
"6986",698.5,"Simu1","KET",200,"cliver",32.9608902384717
"6987",698.6,"Simu1","KET",200,"cliver",31.14147723871
"6988",698.7,"Simu1","KET",200,"cliver",29.3922297819439
"6989",698.8,"Simu1","KET",200,"cliver",27.7167927385914
"6990",698.9,"Simu1","KET",200,"cliver",26.1173028202747
"6991",699,"Simu1","KET",200,"cliver",24.5946690409747
"6992",699.1,"Simu1","KET",200,"cliver",23.1488123304273
"6993",699.2,"Simu1","KET",200,"cliver",21.7788647246402
"6994",699.3,"Simu1","KET",200,"cliver",20.4833330673345
"6995",699.4,"Simu1","KET",200,"cliver",19.2602389114105
"6996",699.5,"Simu1","KET",200,"cliver",18.1072387140344
"6997",699.6,"Simu1","KET",200,"cliver",17.0217244792231
"6998",699.7,"Simu1","KET",200,"cliver",16.0009058925678
"6999",699.8,"Simu1","KET",200,"cliver",15.0418772191324
"7000",699.9,"Simu1","KET",200,"cliver",14.1416723378192
"7001",700,"Simu1","KET",200,"cliver",13.2973098430983
"7002",700.1,"Simu1","KET",200,"cliver",12.5058291982693
"7003",700.2,"Simu1","KET",200,"cliver",11.7643190221892
"7004",700.3,"Simu1","KET",200,"cliver",11.069938901429
"7005",700.4,"Simu1","KET",200,"cliver",10.4199360030706
"7006",700.5,"Simu1","KET",200,"cliver",9.81165739197671
"7007",700.6,"Simu1","KET",200,"cliver",9.2425586469916
"7008",700.7,"Simu1","KET",200,"cliver",8.71020940509784
"7009",700.8,"Simu1","KET",200,"cliver",8.21229648298366
"7010",700.9,"Simu1","KET",200,"cliver",7.74662500922443
"7011",701,"Simu1","KET",200,"cliver",7.31111797679596
"7012",701.1,"Simu1","KET",200,"cliver",6.90381454045271
"7013",701.2,"Simu1","KET",200,"cliver",6.52286733971321
"7014",701.3,"Simu1","KET",200,"cliver",6.16653908529754
"7015",701.4,"Simu1","KET",200,"cliver",5.83319860439233
"7016",701.5,"Simu1","KET",200,"cliver",5.52131650337624
"7017",701.6,"Simu1","KET",200,"cliver",5.22946057807837
"7018",701.7,"Simu1","KET",200,"cliver",4.95629107878989
"7019",701.8,"Simu1","KET",200,"cliver",4.70055591705612
"7020",701.9,"Simu1","KET",200,"cliver",4.46108588321618
"7021",702,"Simu1","KET",200,"cliver",4.23678992849203
"7022",702.1,"Simu1","KET",200,"cliver",4.02665055333502
"7023",702.2,"Simu1","KET",200,"cliver",3.82971933391759
"7024",702.3,"Simu1","KET",200,"cliver",3.64511261031929
"7025",702.4,"Simu1","KET",200,"cliver",3.47200735290558
"7026",702.5,"Simu1","KET",200,"cliver",3.30963721755984
"7027",702.6,"Simu1","KET",200,"cliver",3.15728879623736
"7028",702.7,"Simu1","KET",200,"cliver",3.01429806524329
"7029",702.8,"Simu1","KET",200,"cliver",2.88004703053061
"7030",702.9,"Simu1","KET",200,"cliver",2.75396056782325
"7031",703,"Simu1","KET",200,"cliver",2.63550345301196
"7032",703.1,"Simu1","KET",200,"cliver",2.52417757692996
"7033",703.2,"Simu1","KET",200,"cliver",2.41951933766524
"7034",703.3,"Simu1","KET",200,"cliver",2.32109720296007
"7035",703.4,"Simu1","KET",200,"cliver",2.22850943481496
"7036",703.5,"Simu1","KET",200,"cliver",2.14138196811504
"7037",703.6,"Simu1","KET",200,"cliver",2.05936643497565
"7038",703.7,"Simu1","KET",200,"cliver",1.98213832654251
"7039",703.8,"Simu1","KET",200,"cliver",1.90939528411601
"7040",703.9,"Simu1","KET",200,"cliver",1.84085551166837
"7041",704,"Simu1","KET",200,"cliver",1.77625630206272
"7042",704.1,"Simu1","KET",200,"cliver",1.71535266957128
"7043",704.2,"Simu1","KET",200,"cliver",1.65791608161358
"7044",704.3,"Simu1","KET",200,"cliver",1.60373328297432
"7045",704.4,"Simu1","KET",200,"cliver",1.55260520611015
"7046",704.5,"Simu1","KET",200,"cliver",1.50434596149315
"7047",704.6,"Simu1","KET",200,"cliver",1.45878190233064
"7048",704.7,"Simu1","KET",200,"cliver",1.41575075828979
"7049",704.8,"Simu1","KET",200,"cliver",1.37510083317113
"7050",704.9,"Simu1","KET",200,"cliver",1.33669026190337
"7051",705,"Simu1","KET",200,"cliver",1.300386322469
"7052",705.1,"Simu1","KET",200,"cliver",1.2660647986677
"7053",705.2,"Simu1","KET",200,"cliver",1.23360938991169
"7054",705.3,"Simu1","KET",200,"cliver",1.20291116452446
"7055",705.4,"Simu1","KET",200,"cliver",1.17386805326997
"7056",705.5,"Simu1","KET",200,"cliver",1.14638438007105
"7057",705.6,"Simu1","KET",200,"cliver",1.1203704270963
"7058",705.7,"Simu1","KET",200,"cliver",1.09574203160557
"7059",705.8,"Simu1","KET",200,"cliver",1.07242021214038
"7060",705.9,"Simu1","KET",200,"cliver",1.05033082182911
"7061",706,"Simu1","KET",200,"cliver",1.02940422674416
"7062",706.1,"Simu1","KET",200,"cliver",1.00957500740564
"7063",706.2,"Simu1","KET",200,"cliver",0.990781681673086
"7064",706.3,"Simu1","KET",200,"cliver",0.972966447401821
"7065",706.4,"Simu1","KET",200,"cliver",0.956074943367089
"7066",706.5,"Simu1","KET",200,"cliver",0.940056027073797
"7067",706.6,"Simu1","KET",200,"cliver",0.924861568180062
"7068",706.7,"Simu1","KET",200,"cliver",0.910446256358623
"7069",706.8,"Simu1","KET",200,"cliver",0.896767422510106
"7070",706.9,"Simu1","KET",200,"cliver",0.883784872334079
"7071",707,"Simu1","KET",200,"cliver",0.871460731336562
"7072",707.1,"Simu1","KET",200,"cliver",0.859759300424581
"7073",707.2,"Simu1","KET",200,"cliver",0.848646921305057
"7074",707.3,"Simu1","KET",200,"cliver",0.838091850966586
"7075",707.4,"Simu1","KET",200,"cliver",0.828064144579371
"7076",707.5,"Simu1","KET",200,"cliver",0.818535546199666
"7077",707.6,"Simu1","KET",200,"cliver",0.809479386712439
"7078",707.7,"Simu1","KET",200,"cliver",0.800870488490129
"7079",707.8,"Simu1","KET",200,"cliver",0.792685076285361
"7080",707.9,"Simu1","KET",200,"cliver",0.784900693912972
"7081",708,"Simu1","KET",200,"cliver",0.777496126310513
"7082",708.1,"Simu1","KET",200,"cliver",0.770451326597729
"7083",708.2,"Simu1","KET",200,"cliver",0.763747347784622
"7084",708.3,"Simu1","KET",200,"cliver",0.75736627880395
"7085",708.4,"Simu1","KET",200,"cliver",0.751291184568807
"7086",708.5,"Simu1","KET",200,"cliver",0.745506049778153
"7087",708.6,"Simu1","KET",200,"cliver",0.739995726214131
"7088",708.7,"Simu1","KET",200,"cliver",0.734745883293894
"7089",708.8,"Simu1","KET",200,"cliver",0.729742961655947
"7090",708.9,"Simu1","KET",200,"cliver",0.724974129577885
"7091",709,"Simu1","KET",200,"cliver",0.720427242036854
"7092",709.1,"Simu1","KET",200,"cliver",0.716090802237755
"7093",709.2,"Simu1","KET",200,"cliver",0.711953925447028
"7094",709.3,"Simu1","KET",200,"cliver",0.708006304981377
"7095",709.4,"Simu1","KET",200,"cliver",0.704238180211761
"7096",709.5,"Simu1","KET",200,"cliver",0.700640306452763
"7097",709.6,"Simu1","KET",200,"cliver",0.697203926616643
"7098",709.7,"Simu1","KET",200,"cliver",0.693920744519897
"7099",709.8,"Simu1","KET",200,"cliver",0.69078289973787
"7100",709.9,"Simu1","KET",200,"cliver",0.687782943910306
"7101",710,"Simu1","KET",200,"cliver",0.684913818407354
"7102",710.1,"Simu1","KET",200,"cliver",0.682168833271709
"7103",710.2,"Simu1","KET",200,"cliver",0.679541647358342
"7104",710.3,"Simu1","KET",200,"cliver",0.677026249598502
"7105",710.4,"Simu1","KET",200,"cliver",0.674616941319641
"7106",710.5,"Simu1","KET",200,"cliver",0.672308319557419
"7107",710.6,"Simu1","KET",200,"cliver",0.670095261300187
"7108",710.7,"Simu1","KET",200,"cliver",0.667972908610247
"7109",710.8,"Simu1","KET",200,"cliver",0.665936654569765
"7110",710.9,"Simu1","KET",200,"cliver",0.663982130002681
"7111",711,"Simu1","KET",200,"cliver",0.662105190927022
"7112",711.1,"Simu1","KET",200,"cliver",0.660301906694931
"7113",711.2,"Simu1","KET",200,"cliver",0.658568548780481
"7114",711.3,"Simu1","KET",200,"cliver",0.656901580177777
"7115",711.4,"Simu1","KET",200,"cliver",0.655297645374269
"7116",711.5,"Simu1","KET",200,"cliver",0.653753560866358
"7117",711.6,"Simu1","KET",200,"cliver",0.652266306186374
"7118",711.7,"Simu1","KET",200,"cliver",0.650833015411967
"7119",711.8,"Simu1","KET",200,"cliver",0.649450969130648
"7120",711.9,"Simu1","KET",200,"cliver",0.648117586833921
"7121",712,"Simu1","KET",200,"cliver",0.646830419716966
"7122",712.1,"Simu1","KET",200,"cliver",0.645587143861268
"7123",712.2,"Simu1","KET",200,"cliver",0.644385553778959
"7124",712.3,"Simu1","KET",200,"cliver",0.643223556298848
"7125",712.4,"Simu1","KET",200,"cliver",0.64209916477534
"7126",712.5,"Simu1","KET",200,"cliver",0.641010493602535
"7127",712.6,"Simu1","KET",200,"cliver",0.639955753016792
"7128",712.7,"Simu1","KET",200,"cliver",0.638933244172081
"7129",712.8,"Simu1","KET",200,"cliver",0.637941354473268
"7130",712.9,"Simu1","KET",200,"cliver",0.636978553153399
"7131",713,"Simu1","KET",200,"cliver",0.636043387081798
"7132",713.1,"Simu1","KET",200,"cliver",0.635134476790574
"7133",713.2,"Simu1","KET",200,"cliver",0.634250512707814
"7134",713.3,"Simu1","KET",200,"cliver",0.633390251586393
"7135",713.4,"Simu1","KET",200,"cliver",0.632552513117982
"7136",713.5,"Simu1","KET",200,"cliver",0.631736176722381
"7137",713.6,"Simu1","KET",200,"cliver",0.630940178502881
"7138",713.7,"Simu1","KET",200,"cliver",0.630163508358854
"7139",713.8,"Simu1","KET",200,"cliver",0.629405207247268
"7140",713.9,"Simu1","KET",200,"cliver",0.628664364585265
"7141",714,"Simu1","KET",200,"cliver",0.627940115786396
"7142",714.1,"Simu1","KET",200,"cliver",0.627231639923473
"7143",714.2,"Simu1","KET",200,"cliver",0.626538157511434
"7144",714.3,"Simu1","KET",200,"cliver",0.625858928403906
"7145",714.4,"Simu1","KET",200,"cliver",0.625193249797557
"7146",714.5,"Simu1","KET",200,"cliver",0.624540454338611
"7147",714.6,"Simu1","KET",200,"cliver",0.623899908326205
"7148",714.7,"Simu1","KET",200,"cliver",0.623271010007562
"7149",714.8,"Simu1","KET",200,"cliver",0.622653187960214
"7150",714.9,"Simu1","KET",200,"cliver",0.622045899556768
"7151",715,"Simu1","KET",200,"cliver",0.621448629507947
"7152",715.1,"Simu1","KET",200,"cliver",0.62086088847985
"7153",715.2,"Simu1","KET",200,"cliver",0.620282211781625
"7154",715.3,"Simu1","KET",200,"cliver",0.619712158119904
"7155",715.4,"Simu1","KET",200,"cliver",0.619150308416574
"7156",715.5,"Simu1","KET",200,"cliver",0.618596264686633
"7157",715.6,"Simu1","KET",200,"cliver",0.61804964897303
"7158",715.7,"Simu1","KET",200,"cliver",0.617510102335585
"7159",715.8,"Simu1","KET",200,"cliver",0.616977283891198
"7160",715.9,"Simu1","KET",200,"cliver",0.616450869902737
"7161",716,"Simu1","KET",200,"cliver",0.615930552914107
"7162",716.1,"Simu1","KET",200,"cliver",0.61541604092913
"7163",716.2,"Simu1","KET",200,"cliver",0.61490705663203
"7164",716.3,"Simu1","KET",200,"cliver",0.614403336647353
"7165",716.4,"Simu1","KET",200,"cliver",0.613904630837359
"7166",716.5,"Simu1","KET",200,"cliver",0.61341070163494
"7167",716.6,"Simu1","KET",200,"cliver",0.612921323410274
"7168",716.7,"Simu1","KET",200,"cliver",0.612436281869499
"7169",716.8,"Simu1","KET",200,"cliver",0.611955373483763
"7170",716.9,"Simu1","KET",200,"cliver",0.61147840494712
"7171",717,"Simu1","KET",200,"cliver",0.61100519266181
"7172",717.1,"Simu1","KET",200,"cliver",0.610535562249516
"7173",717.2,"Simu1","KET",200,"cliver",0.610069348087293
"7174",717.3,"Simu1","KET",200,"cliver",0.609606392866918
"7175",717.4,"Simu1","KET",200,"cliver",0.609146547176466
"7176",717.5,"Simu1","KET",200,"cliver",0.608689669102989
"7177",717.6,"Simu1","KET",200,"cliver",0.608235623855235
"7178",717.7,"Simu1","KET",200,"cliver",0.607784283405382
"7179",717.8,"Simu1","KET",200,"cliver",0.607335526148837
"7180",717.9,"Simu1","KET",200,"cliver",0.606889236581168
"7181",718,"Simu1","KET",200,"cliver",0.60644530499133
"7182",718.1,"Simu1","KET",200,"cliver",0.606003627170328
"7183",718.2,"Simu1","KET",200,"cliver",0.605564104134568
"7184",718.3,"Simu1","KET",200,"cliver",0.605126641863136
"7185",718.4,"Simu1","KET",200,"cliver",0.604691151048297
"7186",718.5,"Simu1","KET",200,"cliver",0.604257546858571
"7187",718.6,"Simu1","KET",200,"cliver",0.603825748713721
"7188",718.7,"Simu1","KET",200,"cliver",0.603395680071074
"7189",718.8,"Simu1","KET",200,"cliver",0.602967268222595
"7190",718.9,"Simu1","KET",200,"cliver",0.602540444102169
"7191",719,"Simu1","KET",200,"cliver",0.602115142102584
"7192",719.1,"Simu1","KET",200,"cliver",0.60169129990171
"7193",719.2,"Simu1","KET",200,"cliver",0.601268858297442
"7194",719.3,"Simu1","KET",200,"cliver",0.600847761050924
"7195",719.4,"Simu1","KET",200,"cliver",0.60042795473767
"7196",719.5,"Simu1","KET",200,"cliver",0.600009388606169
"7197",719.6,"Simu1","KET",200,"cliver",0.599592014443597
"7198",719.7,"Simu1","KET",200,"cliver",0.599175786448287
"7199",719.8,"Simu1","KET",200,"cliver",0.598760661108603
"7200",719.9,"Simu1","KET",200,"cliver",0.598346616768874
"7201",720,"Simu1","KET",200,"cliver",0.601513325613908
