"","time","Simulation","Chemical","dose","variable","value"
"1",0,"Simu1","KET",200,"cliver",0
"2",0.1,"Simu1","KET",200,"cliver",3.89176763064443
"3",0.2,"Simu1","KET",200,"cliver",15.2030020298286
"4",0.3,"Simu1","KET",200,"cliver",27.8400145337106
"5",0.4,"Simu1","KET",200,"cliver",39.4659390291492
"6",0.5,"Simu1","KET",200,"cliver",49.4464363375335
"7",0.6,"Simu1","KET",200,"cliver",57.727684492406
"8",0.7,"Simu1","KET",200,"cliver",64.4404903545698
"9",0.8,"Simu1","KET",200,"cliver",69.7624057110443
"10",0.9,"Simu1","KET",200,"cliver",73.8712047367851
"11",1,"Simu1","KET",200,"cliver",76.9304696716428
"12",1.1,"Simu1","KET",200,"cliver",79.0863134642263
"13",1.2,"Simu1","KET",200,"cliver",80.4677511503936
"14",1.3,"Simu1","KET",200,"cliver",81.188174510326
"15",1.4,"Simu1","KET",200,"cliver",81.3470742202667
"16",1.5,"Simu1","KET",200,"cliver",81.0315344775191
"17",1.6,"Simu1","KET",200,"cliver",80.3178251245281
"18",1.7,"Simu1","KET",200,"cliver",79.2725169069374
"19",1.8,"Simu1","KET",200,"cliver",77.9537346443002
"20",1.9,"Simu1","KET",200,"cliver",76.4122640250317
"21",2,"Simu1","KET",200,"cliver",74.6921151967619
"22",2.1,"Simu1","KET",200,"cliver",72.8313242193294
"23",2.2,"Simu1","KET",200,"cliver",70.8629944242573
"24",2.3,"Simu1","KET",200,"cliver",68.8156342872433
"25",2.4,"Simu1","KET",200,"cliver",66.7137129791952
"26",2.5,"Simu1","KET",200,"cliver",64.5781768314803
"27",2.6,"Simu1","KET",200,"cliver",62.42685280182
"28",2.7,"Simu1","KET",200,"cliver",60.2748731678782
"29",2.8,"Simu1","KET",200,"cliver",58.1349907910205
"30",2.9,"Simu1","KET",200,"cliver",56.0178290303917
"31",3,"Simu1","KET",200,"cliver",53.9321685074714
"32",3.1,"Simu1","KET",200,"cliver",51.8852049647863
"33",3.2,"Simu1","KET",200,"cliver",49.8827531891955
"34",3.3,"Simu1","KET",200,"cliver",47.9294200978485
"35",3.4,"Simu1","KET",200,"cliver",46.0287635592494
"36",3.5,"Simu1","KET",200,"cliver",44.1834402103698
"37",3.6,"Simu1","KET",200,"cliver",42.3953361438738
"38",3.7,"Simu1","KET",200,"cliver",40.6656783927026
"39",3.8,"Simu1","KET",200,"cliver",38.9951312446082
"40",3.9,"Simu1","KET",200,"cliver",37.3838819240674
"41",4,"Simu1","KET",200,"cliver",35.8317171051708
"42",4.1,"Simu1","KET",200,"cliver",34.33808992834
"43",4.2,"Simu1","KET",200,"cliver",32.9021778242214
"44",4.3,"Simu1","KET",200,"cliver",31.5229325231383
"45",4.4,"Simu1","KET",200,"cliver",30.1991237043166
"46",4.5,"Simu1","KET",200,"cliver",28.9293773926495
"47",4.6,"Simu1","KET",200,"cliver",27.7122077496628
"48",4.7,"Simu1","KET",200,"cliver",26.5460457242252
"49",4.8,"Simu1","KET",200,"cliver",25.4292636136526
"50",4.9,"Simu1","KET",200,"cliver",24.3601953734749
"51",5,"Simu1","KET",200,"cliver",23.3371537773719
"52",5.1,"Simu1","KET",200,"cliver",22.3584451198267
"53",5.2,"Simu1","KET",200,"cliver",21.4223818209248
"54",5.3,"Simu1","KET",200,"cliver",20.5272925802807
"55",5.4,"Simu1","KET",200,"cliver",19.6715302857322
"56",5.5,"Simu1","KET",200,"cliver",18.8534793223433
"57",5.6,"Simu1","KET",200,"cliver",18.0715610279219
"58",5.7,"Simu1","KET",200,"cliver",17.3242381007453
"59",5.8,"Simu1","KET",200,"cliver",16.6100176209183
"60",5.9,"Simu1","KET",200,"cliver",15.9274535858504
"61",6,"Simu1","KET",200,"cliver",15.275148576822
"62",6.1,"Simu1","KET",200,"cliver",14.6517546754829
"63",6.2,"Simu1","KET",200,"cliver",14.0559741509379
"64",6.3,"Simu1","KET",200,"cliver",13.4865595587141
"65",6.4,"Simu1","KET",200,"cliver",12.9423133957523
"66",6.5,"Simu1","KET",200,"cliver",12.4220875127999
"67",6.6,"Simu1","KET",200,"cliver",11.9247822609615
"68",6.7,"Simu1","KET",200,"cliver",11.4493454761986
"69",6.8,"Simu1","KET",200,"cliver",10.9947712784963
"70",6.9,"Simu1","KET",200,"cliver",10.5600988520752
"71",7,"Simu1","KET",200,"cliver",10.1444109269468
"72",7.1,"Simu1","KET",200,"cliver",9.7468321306872
"73",7.2,"Simu1","KET",200,"cliver",9.3665275717995
"74",7.3,"Simu1","KET",200,"cliver",9.0027014813612
"75",7.4,"Simu1","KET",200,"cliver",8.65459566206392
"76",7.5,"Simu1","KET",200,"cliver",8.32148783958402
"77",7.6,"Simu1","KET",200,"cliver",8.0026900865535
"78",7.7,"Simu1","KET",200,"cliver",7.69754734893446
"79",7.8,"Simu1","KET",200,"cliver",7.40543600975796
"80",7.9,"Simu1","KET",200,"cliver",7.12576245365271
"81",8,"Simu1","KET",200,"cliver",6.8579616536568
"82",8.1,"Simu1","KET",200,"cliver",6.60149581183066
"83",8.2,"Simu1","KET",200,"cliver",6.35585305984702
"84",8.3,"Simu1","KET",200,"cliver",6.12054620915198
"85",8.4,"Simu1","KET",200,"cliver",5.89511154429606
"86",8.5,"Simu1","KET",200,"cliver",5.67910766247718
"87",8.6,"Simu1","KET",200,"cliver",5.47211436400795
"88",8.7,"Simu1","KET",200,"cliver",5.2737315940777
"89",8.8,"Simu1","KET",200,"cliver",5.08357843303736
"90",8.9,"Simu1","KET",200,"cliver",4.90129213286621
"91",9,"Simu1","KET",200,"cliver",4.72652719900102
"92",9.1,"Simu1","KET",200,"cliver",4.55895451701228
"93",9.2,"Simu1","KET",200,"cliver",4.39826052285648
"94",9.3,"Simu1","KET",200,"cliver",4.24414641482976
"95",9.4,"Simu1","KET",200,"cliver",4.09632740537263
"96",9.5,"Simu1","KET",200,"cliver",3.95453201114596
"97",9.6,"Simu1","KET",200,"cliver",3.81850137988927
"98",9.7,"Simu1","KET",200,"cliver",3.68798865247327
"99",9.8,"Simu1","KET",200,"cliver",3.56275835847344
"100",9.9,"Simu1","KET",200,"cliver",3.44258584362116
"101",10,"Simu1","KET",200,"cliver",3.32725672758399
"102",10.1,"Simu1","KET",200,"cliver",3.21656639060223
"103",10.2,"Simu1","KET",200,"cliver",3.11031948748425
"104",10.3,"Simu1","KET",200,"cliver",3.00832948757241
"105",10.4,"Simu1","KET",200,"cliver",2.91041823929744
"106",10.5,"Simu1","KET",200,"cliver",2.81641555800954
"107",10.6,"Simu1","KET",200,"cliver",2.72615883583497
"108",10.7,"Simu1","KET",200,"cliver",2.63949267236356
"109",10.8,"Simu1","KET",200,"cliver",2.55626852502583
"110",10.9,"Simu1","KET",200,"cliver",2.47634437807075
"111",11,"Simu1","KET",200,"cliver",2.39958442911001
"112",11.1,"Simu1","KET",200,"cliver",2.32585879224883
"113",11.2,"Simu1","KET",200,"cliver",2.2550432168746
"114",11.3,"Simu1","KET",200,"cliver",2.18701882122352
"115",11.4,"Simu1","KET",200,"cliver",2.12167183989239
"116",11.5,"Simu1","KET",200,"cliver",2.05889338450889
"117",11.6,"Simu1","KET",200,"cliver",1.99857921681762
"118",11.7,"Simu1","KET",200,"cliver",1.94062953348117
"119",11.8,"Simu1","KET",200,"cliver",1.88494876193552
"120",11.9,"Simu1","KET",200,"cliver",1.83144536667618
"121",12,"Simu1","KET",200,"cliver",1.78003166538893
"122",12.1,"Simu1","KET",200,"cliver",1.73062365437426
"123",12.2,"Simu1","KET",200,"cliver",1.68314084273966
"124",12.3,"Simu1","KET",200,"cliver",1.63750609487538
"125",12.4,"Simu1","KET",200,"cliver",1.59364548075205
"126",12.5,"Simu1","KET",200,"cliver",1.55148813360655
"127",12.6,"Simu1","KET",200,"cliver",1.51096611460792
"128",12.7,"Simu1","KET",200,"cliver",1.47201428412025
"129",12.8,"Simu1","KET",200,"cliver",1.43457017920236
"130",12.9,"Simu1","KET",200,"cliver",1.3985738970052
"131",13,"Simu1","KET",200,"cliver",1.36396798374813
"132",13.1,"Simu1","KET",200,"cliver",1.33069732897398
"133",13.2,"Simu1","KET",200,"cliver",1.29870906480089
"134",13.3,"Simu1","KET",200,"cliver",1.26795246990549
"135",13.4,"Simu1","KET",200,"cliver",1.23837887798791
"136",13.5,"Simu1","KET",200,"cliver",1.20994159048328
"137",13.6,"Simu1","KET",200,"cliver",1.18259579329873
"138",13.7,"Simu1","KET",200,"cliver",1.15629847736746
"139",13.8,"Simu1","KET",200,"cliver",1.13100836282376
"140",13.9,"Simu1","KET",200,"cliver",1.10668582661405
"141",14,"Simu1","KET",200,"cliver",1.08329283337001
"142",14.1,"Simu1","KET",200,"cliver",1.06079286937964
"143",14.2,"Simu1","KET",200,"cliver",1.03915087950084
"144",14.3,"Simu1","KET",200,"cliver",1.01833320687201
"145",14.4,"Simu1","KET",200,"cliver",0.998307535281881
"146",14.5,"Simu1","KET",200,"cliver",0.979042834068337
"147",14.6,"Simu1","KET",200,"cliver",0.960509305423229
"148",14.7,"Simu1","KET",200,"cliver",0.942678333987228
"149",14.8,"Simu1","KET",200,"cliver",0.925522438624951
"150",14.9,"Simu1","KET",200,"cliver",0.90901522627665
"151",15,"Simu1","KET",200,"cliver",0.893131347788313
"152",15.1,"Simu1","KET",200,"cliver",0.877846455627265
"153",15.2,"Simu1","KET",200,"cliver",0.863137163395362
"154",15.3,"Simu1","KET",200,"cliver",0.848981007056494
"155",15.4,"Simu1","KET",200,"cliver",0.835356407799471
"156",15.5,"Simu1","KET",200,"cliver",0.822242636461488
"157",15.6,"Simu1","KET",200,"cliver",0.809619779441215
"158",15.7,"Simu1","KET",200,"cliver",0.797468706034181
"159",15.8,"Simu1","KET",200,"cliver",0.785771037126576
"160",15.9,"Simu1","KET",200,"cliver",0.774509115186778
"161",16,"Simu1","KET",200,"cliver",0.763665975496983
"162",16.1,"Simu1","KET",200,"cliver",0.753225318570199
"163",16.2,"Simu1","KET",200,"cliver",0.743171483700395
"164",16.3,"Simu1","KET",200,"cliver",0.733489423596374
"165",16.4,"Simu1","KET",200,"cliver",0.724164680052252
"166",16.5,"Simu1","KET",200,"cliver",0.715183360609642
"167",16.6,"Simu1","KET",200,"cliver",0.706532116168818
"168",16.7,"Simu1","KET",200,"cliver",0.698198119508189
"169",16.8,"Simu1","KET",200,"cliver",0.690169044673294
"170",16.9,"Simu1","KET",200,"cliver",0.682433047198368
"171",17,"Simu1","KET",200,"cliver",0.674978745125234
"172",17.1,"Simu1","KET",200,"cliver",0.667795200785902
"173",17.2,"Simu1","KET",200,"cliver",0.660871903316785
"174",17.3,"Simu1","KET",200,"cliver",0.654198751873938
"175",17.4,"Simu1","KET",200,"cliver",0.647766039520068
"176",17.5,"Simu1","KET",200,"cliver",0.641564437755411
"177",17.6,"Simu1","KET",200,"cliver",0.635584981665797
"178",17.7,"Simu1","KET",200,"cliver",0.629819055662425
"179",17.8,"Simu1","KET",200,"cliver",0.624258379788986
"180",17.9,"Simu1","KET",200,"cliver",0.618894996572842
"181",18,"Simu1","KET",200,"cliver",0.613721258397998
"182",18.1,"Simu1","KET",200,"cliver",0.608729815378571
"183",18.2,"Simu1","KET",200,"cliver",0.603913603712343
"184",18.3,"Simu1","KET",200,"cliver",0.599265834494923
"185",18.4,"Simu1","KET",200,"cliver",0.594779982975846
"186",18.5,"Simu1","KET",200,"cliver",0.590449778238733
"187",18.6,"Simu1","KET",200,"cliver",0.5862691932884
"188",18.7,"Simu1","KET",200,"cliver",0.582232435528516
"189",18.8,"Simu1","KET",200,"cliver",0.578333937614135
"190",18.9,"Simu1","KET",200,"cliver",0.574568348664034
"191",19,"Simu1","KET",200,"cliver",0.570930525818465
"192",19.1,"Simu1","KET",200,"cliver",0.567415526128503
"193",19.2,"Simu1","KET",200,"cliver",0.564018598763749
"194",19.3,"Simu1","KET",200,"cliver",0.560735177525703
"195",19.4,"Simu1","KET",200,"cliver",0.55756087365463
"196",19.5,"Simu1","KET",200,"cliver",0.554491468918266
"197",19.6,"Simu1","KET",200,"cliver",0.551522908971162
"198",19.7,"Simu1","KET",200,"cliver",0.548651296973944
"199",19.8,"Simu1","KET",200,"cliver",0.54587288746219
"200",19.9,"Simu1","KET",200,"cliver",0.543184080455046
"201",20,"Simu1","KET",200,"cliver",0.540581415794115
"202",20.1,"Simu1","KET",200,"cliver",0.53806156770353
"203",20.2,"Simu1","KET",200,"cliver",0.535621339562462
"204",20.3,"Simu1","KET",200,"cliver",0.533257658881731
"205",20.4,"Simu1","KET",200,"cliver",0.530967572476445
"206",20.5,"Simu1","KET",200,"cliver",0.528748241826985
"207",20.6,"Simu1","KET",200,"cliver",0.526596938620914
"208",20.7,"Simu1","KET",200,"cliver",0.524511040468708
"209",20.8,"Simu1","KET",200,"cliver",0.522488026786489
"210",20.9,"Simu1","KET",200,"cliver",0.520525474839199
"211",21,"Simu1","KET",200,"cliver",0.518621055937938
"212",21.1,"Simu1","KET",200,"cliver",0.51677253178541
"213",21.2,"Simu1","KET",200,"cliver",0.514977750963691
"214",21.3,"Simu1","KET",200,"cliver",0.513234645558738
"215",21.4,"Simu1","KET",200,"cliver",0.511541227916299
"216",21.5,"Simu1","KET",200,"cliver",0.509895587524068
"217",21.6,"Simu1","KET",200,"cliver",0.508295888015177
"218",21.7,"Simu1","KET",200,"cliver",0.50674036428826
"219",21.8,"Simu1","KET",200,"cliver",0.505227319739548
"220",21.9,"Simu1","KET",200,"cliver",0.503755123602624
"221",22,"Simu1","KET",200,"cliver",0.50232220839162
"222",22.1,"Simu1","KET",200,"cliver",0.500927067443849
"223",22.2,"Simu1","KET",200,"cliver",0.499568252557958
"224",22.3,"Simu1","KET",200,"cliver",0.498244371723912
"225",22.4,"Simu1","KET",200,"cliver",0.496954086941202
"226",22.5,"Simu1","KET",200,"cliver",0.49569611212186
"227",22.6,"Simu1","KET",200,"cliver",0.494469211074962
"228",22.7,"Simu1","KET",200,"cliver",0.493272195569451
"229",22.8,"Simu1","KET",200,"cliver",0.492103923472234
"230",22.9,"Simu1","KET",200,"cliver",0.490963296958615
"231",23,"Simu1","KET",200,"cliver",0.489849260792249
"232",23.1,"Simu1","KET",200,"cliver",0.48876080067192
"233",23.2,"Simu1","KET",200,"cliver",0.487696941642533
"234",23.3,"Simu1","KET",200,"cliver",0.486656746567824
"235",23.4,"Simu1","KET",200,"cliver",0.485639314662392
"236",23.5,"Simu1","KET",200,"cliver",0.48464378008074
"237",23.6,"Simu1","KET",200,"cliver",0.483669310561109
"238",23.7,"Simu1","KET",200,"cliver",0.48271510612198
"239",23.8,"Simu1","KET",200,"cliver",0.481780397809191
"240",23.9,"Simu1","KET",200,"cliver",0.480864446782837
"241",24,"Simu1","KET",200,"cliver",0.48429835476229
"242",24.1,"Simu1","KET",200,"cliver",4.90506815526491
"243",24.2,"Simu1","KET",200,"cliver",17.1288889876845
"244",24.3,"Simu1","KET",200,"cliver",30.6953405071929
"245",24.4,"Simu1","KET",200,"cliver",43.153540203136
"246",24.5,"Simu1","KET",200,"cliver",53.8425292244536
"247",24.6,"Simu1","KET",200,"cliver",62.7109408021603
"248",24.7,"Simu1","KET",200,"cliver",69.9007430384161
"249",24.8,"Simu1","KET",200,"cliver",75.6023879422598
"250",24.9,"Simu1","KET",200,"cliver",80.0060207580588
"251",25,"Simu1","KET",200,"cliver",83.2864447188819
"252",25.1,"Simu1","KET",200,"cliver",85.5997283420543
"253",25.2,"Simu1","KET",200,"cliver",87.0836582250097
"254",25.3,"Simu1","KET",200,"cliver",87.8593760788515
"255",25.4,"Simu1","KET",200,"cliver",88.0331506083041
"256",25.5,"Simu1","KET",200,"cliver",87.6981252283199
"257",25.6,"Simu1","KET",200,"cliver",86.9356684048954
"258",25.7,"Simu1","KET",200,"cliver",85.8172223843618
"259",25.8,"Simu1","KET",200,"cliver",84.4048800164602
"260",25.9,"Simu1","KET",200,"cliver",82.7529161720986
"261",26,"Simu1","KET",200,"cliver",80.9084584876478
"262",26.1,"Simu1","KET",200,"cliver",78.9124139638059
"263",26.2,"Simu1","KET",200,"cliver",76.8002336398021
"264",26.3,"Simu1","KET",200,"cliver",74.6024749965143
"265",26.4,"Simu1","KET",200,"cliver",72.3454248700004
"266",26.5,"Simu1","KET",200,"cliver",70.0515749268052
"267",26.6,"Simu1","KET",200,"cliver",67.7401155130093
"268",26.7,"Simu1","KET",200,"cliver",65.4273451089715
"269",26.8,"Simu1","KET",200,"cliver",63.1269824778081
"270",26.9,"Simu1","KET",200,"cliver",60.8504713598402
"271",27,"Simu1","KET",200,"cliver",58.6072978458637
"272",27.1,"Simu1","KET",200,"cliver",56.4052471856323
"273",27.2,"Simu1","KET",200,"cliver",54.2506144260634
"274",27.3,"Simu1","KET",200,"cliver",52.1483923967707
"275",27.4,"Simu1","KET",200,"cliver",50.1024478568317
"276",27.5,"Simu1","KET",200,"cliver",48.115680740266
"277",27.6,"Simu1","KET",200,"cliver",46.190161160734
"278",27.7,"Simu1","KET",200,"cliver",44.3272469336273
"279",27.8,"Simu1","KET",200,"cliver",42.5276875733973
"280",27.9,"Simu1","KET",200,"cliver",40.791717634239
"281",28,"Simu1","KET",200,"cliver",39.1191391367522
"282",28.1,"Simu1","KET",200,"cliver",37.5093929641366
"283",28.2,"Simu1","KET",200,"cliver",35.9616206385517
"284",28.3,"Simu1","KET",200,"cliver",34.4747183113376
"285",28.4,"Simu1","KET",200,"cliver",33.0473840623197
"286",28.5,"Simu1","KET",200,"cliver",31.6781589680471
"287",28.6,"Simu1","KET",200,"cliver",30.3654624188237
"288",28.7,"Simu1","KET",200,"cliver",29.1076224125336
"289",28.8,"Simu1","KET",200,"cliver",27.9029015653092
"290",28.9,"Simu1","KET",200,"cliver",26.7495193836735
"291",29,"Simu1","KET",200,"cliver",25.645671190883
"292",29.1,"Simu1","KET",200,"cliver",24.5895440550113
"293",29.2,"Simu1","KET",200,"cliver",23.5793301480274
"294",29.3,"Simu1","KET",200,"cliver",22.6132378621997
"295",29.4,"Simu1","KET",200,"cliver",21.6895009794322
"296",29.5,"Simu1","KET",200,"cliver",20.8063861367778
"297",29.6,"Simu1","KET",200,"cliver",19.9621988121971
"298",29.7,"Simu1","KET",200,"cliver",19.1552880366492
"299",29.8,"Simu1","KET",200,"cliver",18.3840500138071
"300",29.9,"Simu1","KET",200,"cliver",17.6469308026811
"301",30,"Simu1","KET",200,"cliver",16.9424281981596
"302",30.1,"Simu1","KET",200,"cliver",16.2690929296192
"303",30.2,"Simu1","KET",200,"cliver",15.6255292843429
"304",30.3,"Simu1","KET",200,"cliver",15.0103952487858
"305",30.4,"Simu1","KET",200,"cliver",14.4224022479369
"306",30.5,"Simu1","KET",200,"cliver",13.8603145523421
"307",30.6,"Simu1","KET",200,"cliver",13.3229484134993
"308",30.7,"Simu1","KET",200,"cliver",12.8091709804236
"309",30.8,"Simu1","KET",200,"cliver",12.3178990428464
"310",30.9,"Simu1","KET",200,"cliver",11.8480976399646
"311",31,"Simu1","KET",200,"cliver",11.3987785680503
"312",31.1,"Simu1","KET",200,"cliver",10.9689988150341
"313",31.2,"Simu1","KET",200,"cliver",10.5578589469562
"314",31.3,"Simu1","KET",200,"cliver",10.1645014661559
"315",31.4,"Simu1","KET",200,"cliver",9.78810915835136
"316",31.5,"Simu1","KET",200,"cliver",9.42790344286326
"317",31.6,"Simu1","KET",200,"cliver",9.08314273780721
"318",31.7,"Simu1","KET",200,"cliver",8.75312084987671
"319",31.8,"Simu1","KET",200,"cliver",8.43716539644002
"320",31.9,"Simu1","KET",200,"cliver",8.13463626608945
"321",32,"Simu1","KET",200,"cliver",7.84492412243797
"322",32.1,"Simu1","KET",200,"cliver",7.56744895478933
"323",32.2,"Simu1","KET",200,"cliver",7.30165867830036
"324",32.3,"Simu1","KET",200,"cliver",7.04702778540013
"325",32.4,"Simu1","KET",200,"cliver",6.80305604952287
"326",32.5,"Simu1","KET",200,"cliver",6.56926728161921
"327",32.6,"Simu1","KET",200,"cliver",6.34520813941595
"328",32.7,"Simu1","KET",200,"cliver",6.13044698898266
"329",32.8,"Simu1","KET",200,"cliver",5.92457281782981
"330",32.9,"Simu1","KET",200,"cliver",5.72719419849261
"331",33,"Simu1","KET",200,"cliver",5.53793830133876
"332",33.1,"Simu1","KET",200,"cliver",5.35644995524071
"333",33.2,"Simu1","KET",200,"cliver",5.18239075445168
"334",33.3,"Simu1","KET",200,"cliver",5.01543821013322
"335",33.4,"Simu1","KET",200,"cliver",4.85528494483222
"336",33.5,"Simu1","KET",200,"cliver",4.70163792817558
"337",33.6,"Simu1","KET",200,"cliver",4.55421775202672
"338",33.7,"Simu1","KET",200,"cliver",4.41275794335978
"339",33.8,"Simu1","KET",200,"cliver",4.27700431312917
"340",33.9,"Simu1","KET",200,"cliver",4.14671433943722
"341",34,"Simu1","KET",200,"cliver",4.02165658333471
"342",34.1,"Simu1","KET",200,"cliver",3.90161013563205
"343",34.2,"Simu1","KET",200,"cliver",3.78636409314959
"344",34.3,"Simu1","KET",200,"cliver",3.67571706288989
"345",34.4,"Simu1","KET",200,"cliver",3.56947669267022
"346",34.5,"Simu1","KET",200,"cliver",3.4674592268108
"347",34.6,"Simu1","KET",200,"cliver",3.36948908553342
"348",34.7,"Simu1","KET",200,"cliver",3.27539846678461
"349",34.8,"Simu1","KET",200,"cliver",3.18502696925735
"350",34.9,"Simu1","KET",200,"cliver",3.09822123544333
"351",35,"Simu1","KET",200,"cliver",3.01483461360424
"352",35.1,"Simu1","KET",200,"cliver",2.93472683761869
"353",35.2,"Simu1","KET",200,"cliver",2.8577637236854
"354",35.3,"Simu1","KET",200,"cliver",2.78381688295077
"355",35.4,"Simu1","KET",200,"cliver",2.71276344916412
"356",35.5,"Simu1","KET",200,"cliver",2.64448582051407
"357",35.6,"Simu1","KET",200,"cliver",2.57887141484491
"358",35.7,"Simu1","KET",200,"cliver",2.51581243749864
"359",35.8,"Simu1","KET",200,"cliver",2.45520566107214
"360",35.9,"Simu1","KET",200,"cliver",2.3969522164195
"361",36,"Simu1","KET",200,"cliver",2.34095739426718
"362",36.1,"Simu1","KET",200,"cliver",2.28713045684693
"363",36.2,"Simu1","KET",200,"cliver",2.23538445898597
"364",36.3,"Simu1","KET",200,"cliver",2.18563607812745
"365",36.4,"Simu1","KET",200,"cliver",2.13780545278507
"366",36.5,"Simu1","KET",200,"cliver",2.09181602896497
"367",36.6,"Simu1","KET",200,"cliver",2.04759441411581
"368",36.7,"Simu1","KET",200,"cliver",2.0050702381939
"369",36.8,"Simu1","KET",200,"cliver",1.96417602145507
"370",36.9,"Simu1","KET",200,"cliver",1.92484704860781
"371",37,"Simu1","KET",200,"cliver",1.88702124898379
"372",37.1,"Simu1","KET",200,"cliver",1.85063908240415
"373",37.2,"Simu1","KET",200,"cliver",1.8156434304344
"374",37.3,"Simu1","KET",200,"cliver",1.78197949274406
"375",37.4,"Simu1","KET",200,"cliver",1.74959468830146
"376",37.5,"Simu1","KET",200,"cliver",1.71843856115034
"377",37.6,"Simu1","KET",200,"cliver",1.6884626905295
"378",37.7,"Simu1","KET",200,"cliver",1.65962060511064
"379",37.8,"Simu1","KET",200,"cliver",1.63186770114334
"380",37.9,"Simu1","KET",200,"cliver",1.60516116430757
"381",38,"Simu1","KET",200,"cliver",1.57945989508611
"382",38.1,"Simu1","KET",200,"cliver",1.55472443747973
"383",38.2,"Simu1","KET",200,"cliver",1.53091691089806
"384",38.3,"Simu1","KET",200,"cliver",1.50800094506873
"385",38.4,"Simu1","KET",200,"cliver",1.48594161781614
"386",38.5,"Simu1","KET",200,"cliver",1.46470539556947
"387",38.6,"Simu1","KET",200,"cliver",1.44426007646741
"388",38.7,"Simu1","KET",200,"cliver",1.42457473593438
"389",38.8,"Simu1","KET",200,"cliver",1.40561967460985
"390",38.9,"Simu1","KET",200,"cliver",1.38736636851891
"391",39,"Simu1","KET",200,"cliver",1.36978742137807
"392",39.1,"Simu1","KET",200,"cliver",1.35285651893639
"393",39.2,"Simu1","KET",200,"cliver",1.33654838525666
"394",39.3,"Simu1","KET",200,"cliver",1.32083874084697
"395",39.4,"Simu1","KET",200,"cliver",1.30570426255765
"396",39.5,"Simu1","KET",200,"cliver",1.29112254516266
"397",39.6,"Simu1","KET",200,"cliver",1.27707206454902
"398",39.7,"Simu1","KET",200,"cliver",1.26353214244151
"399",39.8,"Simu1","KET",200,"cliver",1.25048291259379
"400",39.9,"Simu1","KET",200,"cliver",1.23790528838037
"401",40,"Simu1","KET",200,"cliver",1.22578093172742
"402",40.1,"Simu1","KET",200,"cliver",1.21409222332307
"403",40.2,"Simu1","KET",200,"cliver",1.20282223405118
"404",40.3,"Simu1","KET",200,"cliver",1.19195469759503
"405",40.4,"Simu1","KET",200,"cliver",1.18147398416012
"406",40.5,"Simu1","KET",200,"cliver",1.17136507526759
"407",40.6,"Simu1","KET",200,"cliver",1.1616135395723
"408",40.7,"Simu1","KET",200,"cliver",1.15220550966147
"409",40.8,"Simu1","KET",200,"cliver",1.1431276597922
"410",40.9,"Simu1","KET",200,"cliver",1.13436718452786
"411",41,"Simu1","KET",200,"cliver",1.12591177823536
"412",41.1,"Simu1","KET",200,"cliver",1.11774961540708
"413",41.2,"Simu1","KET",200,"cliver",1.10986933177269
"414",41.3,"Simu1","KET",200,"cliver",1.10226000616791
"415",41.4,"Simu1","KET",200,"cliver",1.0949111431287
"416",41.5,"Simu1","KET",200,"cliver",1.08781265618061
"417",41.6,"Simu1","KET",200,"cliver",1.08095485179464
"418",41.7,"Simu1","KET",200,"cliver",1.07432841398208
"419",41.8,"Simu1","KET",200,"cliver",1.06792438950186
"420",41.9,"Simu1","KET",200,"cliver",1.06173417365559
"421",42,"Simu1","KET",200,"cliver",1.05574949664593
"422",42.1,"Simu1","KET",200,"cliver",1.04996241047553
"423",42.2,"Simu1","KET",200,"cliver",1.0443652763644
"424",42.3,"Simu1","KET",200,"cliver",1.0389507526647
"425",42.4,"Simu1","KET",200,"cliver",1.03371178325282
"426",42.5,"Simu1","KET",200,"cliver",1.02864158637943
"427",42.6,"Simu1","KET",200,"cliver",1.02373364395898
"428",42.7,"Simu1","KET",200,"cliver",1.01898169128112
"429",42.8,"Simu1","KET",200,"cliver",1.01437970712685
"430",42.9,"Simu1","KET",200,"cliver",1.00992190427336
"431",43,"Simu1","KET",200,"cliver",1.00560272037194
"432",43.1,"Simu1","KET",200,"cliver",1.001416809184
"433",43.2,"Simu1","KET",200,"cliver",0.997359032160948
"434",43.3,"Simu1","KET",200,"cliver",0.993424450354288
"435",43.4,"Simu1","KET",200,"cliver",0.989608316642637
"436",43.5,"Simu1","KET",200,"cliver",0.985906068263243
"437",43.6,"Simu1","KET",200,"cliver",0.982313319635802
"438",43.7,"Simu1","KET",200,"cliver",0.978825855467044
"439",43.8,"Simu1","KET",200,"cliver",0.975439624124958
"440",43.9,"Simu1","KET",200,"cliver",0.972150731271979
"441",44,"Simu1","KET",200,"cliver",0.968955433746937
"442",44.1,"Simu1","KET",200,"cliver",0.965850133685925
"443",44.2,"Simu1","KET",200,"cliver",0.962831372872679
"444",44.3,"Simu1","KET",200,"cliver",0.95989582730942
"445",44.4,"Simu1","KET",200,"cliver",0.9570403019995
"446",44.5,"Simu1","KET",200,"cliver",0.954261725933495
"447",44.6,"Simu1","KET",200,"cliver",0.951557147270775
"448",44.7,"Simu1","KET",200,"cliver",0.94892372870886
"449",44.8,"Simu1","KET",200,"cliver",0.946358743033206
"450",44.9,"Simu1","KET",200,"cliver",0.943859568840327
"451",45,"Simu1","KET",200,"cliver",0.941423686427483
"452",45.1,"Simu1","KET",200,"cliver",0.93904867384239
"453",45.2,"Simu1","KET",200,"cliver",0.936732203086702
"454",45.3,"Simu1","KET",200,"cliver",0.934472036467237
"455",45.4,"Simu1","KET",200,"cliver",0.932266023089178
"456",45.5,"Simu1","KET",200,"cliver",0.930112095485697
"457",45.6,"Simu1","KET",200,"cliver",0.928008266378672
"458",45.7,"Simu1","KET",200,"cliver",0.925952625565375
"459",45.8,"Simu1","KET",200,"cliver",0.923943336926214
"460",45.9,"Simu1","KET",200,"cliver",0.92197863554881
"461",46,"Simu1","KET",200,"cliver",0.920056824963864
"462",46.1,"Simu1","KET",200,"cliver",0.918176274488455
"463",46.2,"Simu1","KET",200,"cliver",0.916335416672589
"464",46.3,"Simu1","KET",200,"cliver",0.914532744844964
"465",46.4,"Simu1","KET",200,"cliver",0.912766810754091
"466",46.5,"Simu1","KET",200,"cliver",0.911036222301055
"467",46.6,"Simu1","KET",200,"cliver",0.909339641360354
"468",46.7,"Simu1","KET",200,"cliver",0.907675781685373
"469",46.8,"Simu1","KET",200,"cliver",0.906043406895208
"470",46.9,"Simu1","KET",200,"cliver",0.904441328539682
"471",47,"Simu1","KET",200,"cliver",0.902868404239485
"472",47.1,"Simu1","KET",200,"cliver",0.901323535898548
"473",47.2,"Simu1","KET",200,"cliver",0.899805667985814
"474",47.3,"Simu1","KET",200,"cliver",0.898313785883725
"475",47.4,"Simu1","KET",200,"cliver",0.89684691430082
"476",47.5,"Simu1","KET",200,"cliver",0.89540411574596
"477",47.6,"Simu1","KET",200,"cliver",0.893984489061777
"478",47.7,"Simu1","KET",200,"cliver",0.892587168015054
"479",47.8,"Simu1","KET",200,"cliver",0.891211319941981
"480",47.9,"Simu1","KET",200,"cliver",0.8898561446946
"481",48,"Simu1","KET",200,"cliver",0.892852683762549
"482",48.1,"Simu1","KET",200,"cliver",5.31324138321625
"483",48.2,"Simu1","KET",200,"cliver",17.5370385919958
"484",48.3,"Simu1","KET",200,"cliver",31.1039417765543
"485",48.4,"Simu1","KET",200,"cliver",43.5630129401952
"486",48.5,"Simu1","KET",200,"cliver",54.2531943509548
"487",48.6,"Simu1","KET",200,"cliver",63.1230232653626
"488",48.7,"Simu1","KET",200,"cliver",70.3143875912592
"489",48.8,"Simu1","KET",200,"cliver",76.0176737382368
"490",48.9,"Simu1","KET",200,"cliver",80.4229761953662
"491",49,"Simu1","KET",200,"cliver",83.7050549279141
"492",49.1,"Simu1","KET",200,"cliver",86.0199457630733
"493",49.2,"Simu1","KET",200,"cliver",87.5054245272387
"494",49.3,"Simu1","KET",200,"cliver",88.2826041765223
"495",49.4,"Simu1","KET",200,"cliver",88.4577369181217
"496",49.5,"Simu1","KET",200,"cliver",88.1239252903896
"497",49.6,"Simu1","KET",200,"cliver",87.3626624770481
"498",49.7,"Simu1","KET",200,"cliver",86.2451969647287
"499",49.8,"Simu1","KET",200,"cliver",84.8337311178943
"500",49.9,"Simu1","KET",200,"cliver",83.1824794053389
"501",50,"Simu1","KET",200,"cliver",81.3386045007398
"502",50.1,"Simu1","KET",200,"cliver",79.3430389939246
"503",50.2,"Simu1","KET",200,"cliver",77.2312116352331
"504",50.3,"Simu1","KET",200,"cliver",75.0336901977895
"505",50.4,"Simu1","KET",200,"cliver",72.7767661138464
"506",50.5,"Simu1","KET",200,"cliver",70.4829608318351
"507",50.6,"Simu1","KET",200,"cliver",68.1714723638181
"508",50.7,"Simu1","KET",200,"cliver",65.8585752128679
"509",50.8,"Simu1","KET",200,"cliver",63.5579798600855
"510",50.9,"Simu1","KET",200,"cliver",61.2811519929248
"511",51,"Simu1","KET",200,"cliver",59.0375937337452
"512",51.1,"Simu1","KET",200,"cliver",56.8350923524083
"513",51.2,"Simu1","KET",200,"cliver",54.6799416575998
"514",51.3,"Simu1","KET",200,"cliver",52.5771389949702
"515",51.4,"Simu1","KET",200,"cliver",50.5305595843722
"516",51.5,"Simu1","KET",200,"cliver",48.5431102555352
"517",51.6,"Simu1","KET",200,"cliver",46.6168650888482
"518",51.7,"Simu1","KET",200,"cliver",44.7531852138568
"519",51.8,"Simu1","KET",200,"cliver",42.9528244433331
"520",51.9,"Simu1","KET",200,"cliver",41.216022103213
"521",52,"Simu1","KET",200,"cliver",39.5425843961852
"522",52.1,"Simu1","KET",200,"cliver",37.9319556230674
"523",52.2,"Simu1","KET",200,"cliver",36.3832804410829
"524",52.3,"Simu1","KET",200,"cliver",34.8954581606876
"525",52.4,"Simu1","KET",200,"cliver",33.467189904681
"526",52.5,"Simu1","KET",200,"cliver",32.0970194754291
"527",52.6,"Simu1","KET",200,"cliver",30.7833686817529
"528",52.7,"Simu1","KET",200,"cliver",29.5245677460052
"529",52.8,"Simu1","KET",200,"cliver",28.3188813683484
"530",52.9,"Simu1","KET",200,"cliver",27.1645309719832
"531",53,"Simu1","KET",200,"cliver",26.0597135978158
"532",53.1,"Simu1","KET",200,"cliver",25.0026178603356
"533",53.2,"Simu1","KET",200,"cliver",23.9914373282783
"534",53.3,"Simu1","KET",200,"cliver",23.0243816552325
"535",53.4,"Simu1","KET",200,"cliver",22.0996857512647
"536",53.5,"Simu1","KET",200,"cliver",21.2156172536735
"537",53.6,"Simu1","KET",200,"cliver",20.3704825241868
"538",53.7,"Simu1","KET",200,"cliver",19.5626313730178
"539",53.8,"Simu1","KET",200,"cliver",18.7904606870328
"540",53.9,"Simu1","KET",200,"cliver",18.0524171186065
"541",54,"Simu1","KET",200,"cliver",17.3469989728186
"542",54.1,"Simu1","KET",200,"cliver",16.6727574135775
"543",54.2,"Simu1","KET",200,"cliver",16.0282970942099
"544",54.3,"Simu1","KET",200,"cliver",15.412276305193
"545",54.4,"Simu1","KET",200,"cliver",14.8234067182428
"546",54.5,"Simu1","KET",200,"cliver",14.260452798392
"547",54.6,"Simu1","KET",200,"cliver",13.7222309450703
"548",54.7,"Simu1","KET",200,"cliver",13.2076084135169
"549",54.8,"Simu1","KET",200,"cliver",12.7155020619811
"550",54.9,"Simu1","KET",200,"cliver",12.2448769640938
"551",55,"Simu1","KET",200,"cliver",11.7947449200085
"552",55.1,"Simu1","KET",200,"cliver",11.3641628946527
"553",55.2,"Simu1","KET",200,"cliver",10.9522314070903
"554",55.3,"Simu1","KET",200,"cliver",10.558092891391
"555",55.4,"Simu1","KET",200,"cliver",10.1809300462112
"556",55.5,"Simu1","KET",200,"cliver",9.81996418737748
"557",55.6,"Simu1","KET",200,"cliver",9.4744536152244
"558",55.7,"Simu1","KET",200,"cliver",9.14369200628061
"559",55.8,"Simu1","KET",200,"cliver",8.82700683707562
"560",55.9,"Simu1","KET",200,"cliver",8.52375784625396
"561",56,"Simu1","KET",200,"cliver",8.23333553980159
"562",56.1,"Simu1","KET",200,"cliver",7.95515974300507
"563",56.2,"Simu1","KET",200,"cliver",7.68867820176627
"564",56.3,"Simu1","KET",200,"cliver",7.43336523503919
"565",56.4,"Simu1","KET",200,"cliver",7.18872043952093
"566",56.5,"Simu1","KET",200,"cliver",6.95426744700852
"567",56.6,"Simu1","KET",200,"cliver",6.72955273438077
"568",56.7,"Simu1","KET",200,"cliver",6.51414448582075
"569",56.8,"Simu1","KET",200,"cliver",6.30763150651098
"570",56.9,"Simu1","KET",200,"cliver",6.10962218675172
"571",57,"Simu1","KET",200,"cliver",5.91974351524378
"572",57.1,"Simu1","KET",200,"cliver",5.73764014012487
"573",57.2,"Simu1","KET",200,"cliver",5.56297347622708
"574",57.3,"Simu1","KET",200,"cliver",5.39542085692707
"575",57.4,"Simu1","KET",200,"cliver",5.23467472889625
"576",57.5,"Simu1","KET",200,"cliver",5.08044188802376
"577",57.6,"Simu1","KET",200,"cliver",4.9324427547715
"578",57.7,"Simu1","KET",200,"cliver",4.79041068722286
"579",57.8,"Simu1","KET",200,"cliver",4.65409133010088
"580",57.9,"Simu1","KET",200,"cliver",4.52324199805789
"581",58,"Simu1","KET",200,"cliver",4.39763109157513
"582",58.1,"Simu1","KET",200,"cliver",4.27703754385449
"583",58.2,"Simu1","KET",200,"cliver",4.16125029713334
"584",58.3,"Simu1","KET",200,"cliver",4.05006780690222
"585",58.4,"Simu1","KET",200,"cliver",3.94329757257917
"586",58.5,"Simu1","KET",200,"cliver",3.84075569322265
"587",58.6,"Simu1","KET",200,"cliver",3.74226644693624
"588",58.7,"Simu1","KET",200,"cliver",3.64766189269301
"589",58.8,"Simu1","KET",200,"cliver",3.55678149335373
"590",58.9,"Simu1","KET",200,"cliver",3.46947175870871
"591",59,"Simu1","KET",200,"cliver",3.38558590743166
"592",59.1,"Simu1","KET",200,"cliver",3.30498354689374
"593",59.2,"Simu1","KET",200,"cliver",3.22753036984108
"594",59.3,"Simu1","KET",200,"cliver",3.15309786699002
"595",59.4,"Simu1","KET",200,"cliver",3.08156305464498
"596",59.5,"Simu1","KET",200,"cliver",3.0128082164927
"597",59.6,"Simu1","KET",200,"cliver",2.94672065877437
"598",59.7,"Simu1","KET",200,"cliver",2.88319247808246
"599",59.8,"Simu1","KET",200,"cliver",2.82212034107078
"600",59.9,"Simu1","KET",200,"cliver",2.76340527540781
"601",60,"Simu1","KET",200,"cliver",2.70695247134146
"602",60.1,"Simu1","KET",200,"cliver",2.65267109328058
"603",60.2,"Simu1","KET",200,"cliver",2.60047410083341
"604",60.3,"Simu1","KET",200,"cliver",2.55027807877517
"605",60.4,"Simu1","KET",200,"cliver",2.50200307545089
"606",60.5,"Simu1","KET",200,"cliver",2.45557244914475
"607",60.6,"Simu1","KET",200,"cliver",2.41091272197634
"608",60.7,"Simu1","KET",200,"cliver",2.36795344091283
"609",60.8,"Simu1","KET",200,"cliver",2.32662704550865
"610",60.9,"Simu1","KET",200,"cliver",2.28686874200676
"611",61,"Simu1","KET",200,"cliver",2.24861638345773
"612",61.1,"Simu1","KET",200,"cliver",2.21181035553359
"613",61.2,"Simu1","KET",200,"cliver",2.17639346773264
"614",61.3,"Simu1","KET",200,"cliver",2.14231084968919
"615",61.4,"Simu1","KET",200,"cliver",2.10950985231905
"616",61.5,"Simu1","KET",200,"cliver",2.07793995354715
"617",61.6,"Simu1","KET",200,"cliver",2.04755266837903
"618",61.7,"Simu1","KET",200,"cliver",2.01830146309161
"619",61.8,"Simu1","KET",200,"cliver",1.99014167333169
"620",61.9,"Simu1","KET",200,"cliver",1.96303042592285
"621",62,"Simu1","KET",200,"cliver",1.93692656419301
"622",62.1,"Simu1","KET",200,"cliver",1.91179057664557
"623",62.2,"Simu1","KET",200,"cliver",1.88758452880716
"624",62.3,"Simu1","KET",200,"cliver",1.86427199809439
"625",62.4,"Simu1","KET",200,"cliver",1.84181801155128
"626",62.5,"Simu1","KET",200,"cliver",1.82018898631672
"627",62.6,"Simu1","KET",200,"cliver",1.79935267268929
"628",62.7,"Simu1","KET",200,"cliver",1.77927809966451
"629",62.8,"Simu1","KET",200,"cliver",1.75993552282613
"630",62.9,"Simu1","KET",200,"cliver",1.74129637447952
"631",63,"Simu1","KET",200,"cliver",1.72333321592108
"632",63.1,"Simu1","KET",200,"cliver",1.70601969174362
"633",63.2,"Simu1","KET",200,"cliver",1.68933048608285
"634",63.3,"Simu1","KET",200,"cliver",1.67324128071503
"635",63.4,"Simu1","KET",200,"cliver",1.65772871492066
"636",63.5,"Simu1","KET",200,"cliver",1.64277034703357
"637",63.6,"Simu1","KET",200,"cliver",1.6283446175986
"638",63.7,"Simu1","KET",200,"cliver",1.61443081406552
"639",63.8,"Simu1","KET",200,"cliver",1.60100903694998
"640",63.9,"Simu1","KET",200,"cliver",1.58806016739621
"641",64,"Simu1","KET",200,"cliver",1.57556583607903
"642",64.1,"Simu1","KET",200,"cliver",1.56350839338637
"643",64.2,"Simu1","KET",200,"cliver",1.55187088082568
"644",64.3,"Simu1","KET",200,"cliver",1.54063700360112
"645",64.4,"Simu1","KET",200,"cliver",1.52979110431049
"646",64.5,"Simu1","KET",200,"cliver",1.51931813771349
"647",64.6,"Simu1","KET",200,"cliver",1.50920364652514
"648",64.7,"Simu1","KET",200,"cliver",1.49943373819057
"649",64.8,"Simu1","KET",200,"cliver",1.48999506259916
"650",64.9,"Simu1","KET",200,"cliver",1.48087479069831
"651",65,"Simu1","KET",200,"cliver",1.47206059396863
"652",65.1,"Simu1","KET",200,"cliver",1.46354062472427
"653",65.2,"Simu1","KET",200,"cliver",1.4553034972039
"654",65.3,"Simu1","KET",200,"cliver",1.44733826941903
"655",65.4,"Simu1","KET",200,"cliver",1.43963442572842
"656",65.5,"Simu1","KET",200,"cliver",1.43218186010814
"657",65.6,"Simu1","KET",200,"cliver",1.42497086008866
"658",65.7,"Simu1","KET",200,"cliver",1.41799209133137
"659",65.8,"Simu1","KET",200,"cliver",1.41123658281832
"660",65.9,"Simu1","KET",200,"cliver",1.40469571262986
"661",66,"Simu1","KET",200,"cliver",1.39836119428631
"662",66.1,"Simu1","KET",200,"cliver",1.39222506363055
"663",66.2,"Simu1","KET",200,"cliver",1.38627966622952
"664",66.3,"Simu1","KET",200,"cliver",1.38051764527362
"665",66.4,"Simu1","KET",200,"cliver",1.37493192995378
"666",66.5,"Simu1","KET",200,"cliver",1.36951572429696
"667",66.6,"Simu1","KET",200,"cliver",1.36426249644152
"668",66.7,"Simu1","KET",200,"cliver",1.35916596833485
"669",66.8,"Simu1","KET",200,"cliver",1.3542201058362
"670",66.9,"Simu1","KET",200,"cliver",1.34941910920855
"671",67,"Simu1","KET",200,"cliver",1.3447574039839
"672",67.1,"Simu1","KET",200,"cliver",1.34022963218707
"673",67.2,"Simu1","KET",200,"cliver",1.33583064390373
"674",67.3,"Simu1","KET",200,"cliver",1.33155548917889
"675",67.4,"Simu1","KET",200,"cliver",1.32739941023278
"676",67.5,"Simu1","KET",200,"cliver",1.3233578339815
"677",67.6,"Simu1","KET",200,"cliver",1.31942636485023
"678",67.7,"Simu1","KET",200,"cliver",1.31560077786764
"679",67.8,"Simu1","KET",200,"cliver",1.31187701203014
"680",67.9,"Simu1","KET",200,"cliver",1.30825116392543
"681",68,"Simu1","KET",200,"cliver",1.30471948160507
"682",68.1,"Simu1","KET",200,"cliver",1.30127835869634
"683",68.2,"Simu1","KET",200,"cliver",1.29792432874371
"684",68.3,"Simu1","KET",200,"cliver",1.29465405977122
"685",68.4,"Simu1","KET",200,"cliver",1.2914643490568
"686",68.5,"Simu1","KET",200,"cliver",1.28835211811034
"687",68.6,"Simu1","KET",200,"cliver",1.28531440784745
"688",68.7,"Simu1","KET",200,"cliver",1.28234837395128
"689",68.8,"Simu1","KET",200,"cliver",1.27945128241495
"690",68.9,"Simu1","KET",200,"cliver",1.27662050525757
"691",69,"Simu1","KET",200,"cliver",1.27385351640706
"692",69.1,"Simu1","KET",200,"cliver",1.27114788774316
"693",69.2,"Simu1","KET",200,"cliver",1.26850128529443
"694",69.3,"Simu1","KET",200,"cliver",1.26591146558322
"695",69.4,"Simu1","KET",200,"cliver",1.26337627211279
"696",69.5,"Simu1","KET",200,"cliver",1.26089363199101
"697",69.6,"Simu1","KET",200,"cliver",1.2584615526854
"698",69.7,"Simu1","KET",200,"cliver",1.25607811890426
"699",69.8,"Simu1","KET",200,"cliver",1.25374148959906
"700",69.9,"Simu1","KET",200,"cliver",1.25144989508329
"701",70,"Simu1","KET",200,"cliver",1.24920163426334
"702",70.1,"Simu1","KET",200,"cliver",1.2469950719769
"703",70.2,"Simu1","KET",200,"cliver",1.24482863643476
"704",70.3,"Simu1","KET",200,"cliver",1.24270081676204
"705",70.4,"Simu1","KET",200,"cliver",1.24061016063485
"706",70.5,"Simu1","KET",200,"cliver",1.23855527200876
"707",70.6,"Simu1","KET",200,"cliver",1.23653480893549
"708",70.7,"Simu1","KET",200,"cliver",1.23454748146438
"709",70.8,"Simu1","KET",200,"cliver",1.23259204962526
"710",70.9,"Simu1","KET",200,"cliver",1.23066732148974
"711",71,"Simu1","KET",200,"cliver",1.22877215130768
"712",71.1,"Simu1","KET",200,"cliver",1.22690543771602
"713",71.2,"Simu1","KET",200,"cliver",1.22506612201712
"714",71.3,"Simu1","KET",200,"cliver",1.22325318652395
"715",71.4,"Simu1","KET",200,"cliver",1.22146565296948
"716",71.5,"Simu1","KET",200,"cliver",1.21970258097777
"717",71.6,"Simu1","KET",200,"cliver",1.21796306659444
"718",71.7,"Simu1","KET",200,"cliver",1.21624624087412
"719",71.8,"Simu1","KET",200,"cliver",1.21455126852274
"720",71.9,"Simu1","KET",200,"cliver",1.21287735430504
"721",72,"Simu1","KET",200,"cliver",1.21555551789137
"722",72.1,"Simu1","KET",200,"cliver",5.63566969368064
"723",72.2,"Simu1","KET",200,"cliver",17.8594695917428
"724",72.3,"Simu1","KET",200,"cliver",31.4267554964015
"725",72.4,"Simu1","KET",200,"cliver",43.8865399225033
"726",72.5,"Simu1","KET",200,"cliver",54.5776861114954
"727",72.6,"Simu1","KET",200,"cliver",63.4486565733455
"728",72.7,"Simu1","KET",200,"cliver",70.6412752339921
"729",72.8,"Simu1","KET",200,"cliver",76.3458775219082
"730",72.9,"Simu1","KET",200,"cliver",80.7525160370221
"731",73,"Simu1","KET",200,"cliver",84.0359210355702
"732",73.1,"Simu1","KET",200,"cliver",86.3521086977815
"733",73.2,"Simu1","KET",200,"cliver",87.8388070165536
"734",73.3,"Simu1","KET",200,"cliver",88.6171377616892
"735",73.4,"Simu1","KET",200,"cliver",88.7933416894409
"736",73.5,"Simu1","KET",200,"cliver",88.4604661188183
"737",73.6,"Simu1","KET",200,"cliver",87.700130384883
"738",73.7,"Simu1","KET",200,"cliver",86.5834839769602
"739",73.8,"Simu1","KET",200,"cliver",85.1727284548097
"740",73.9,"Simu1","KET",200,"cliver",83.522103346058
"741",74,"Simu1","KET",200,"cliver",81.6787520323332
"742",74.1,"Simu1","KET",200,"cliver",79.683593723883
"743",74.2,"Simu1","KET",200,"cliver",77.5720567241754
"744",74.3,"Simu1","KET",200,"cliver",75.3747497984935
"745",74.4,"Simu1","KET",200,"cliver",73.1179710948021
"746",74.5,"Simu1","KET",200,"cliver",70.8242244097951
"747",74.6,"Simu1","KET",200,"cliver",68.5127032228919
"748",74.7,"Simu1","KET",200,"cliver",66.1996955014709
"749",74.8,"Simu1","KET",200,"cliver",63.8989249144937
"750",74.9,"Simu1","KET",200,"cliver",61.6218609111415
"751",75,"Simu1","KET",200,"cliver",59.3780054812902
"752",75.1,"Simu1","KET",200,"cliver",57.1751489406444
"753",75.2,"Simu1","KET",200,"cliver",55.019591372315
"754",75.3,"Simu1","KET",200,"cliver",52.9163359609927
"755",75.4,"Simu1","KET",200,"cliver",50.8692617651665
"756",75.5,"Simu1","KET",200,"cliver",48.8812786824581
"757",75.6,"Simu1","KET",200,"cliver",46.9544643936841
"758",75.7,"Simu1","KET",200,"cliver",45.0901840517399
"759",75.8,"Simu1","KET",200,"cliver",43.2891951861101
"760",75.9,"Simu1","KET",200,"cliver",41.551740281234
"761",76,"Simu1","KET",200,"cliver",39.8776284109077
"762",76.1,"Simu1","KET",200,"cliver",38.2663067024683
"763",76.2,"Simu1","KET",200,"cliver",36.7169225579394
"764",76.3,"Simu1","KET",200,"cliver",35.2283778025462
"765",76.4,"Simu1","KET",200,"cliver",33.7993758309604
"766",76.5,"Simu1","KET",200,"cliver",32.428462551904
"767",76.6,"Simu1","KET",200,"cliver",31.1140617345829
"768",76.7,"Simu1","KET",200,"cliver",29.854505397646
"769",76.8,"Simu1","KET",200,"cliver",28.6480598771577
"770",76.9,"Simu1","KET",200,"cliver",27.4929480843249
"771",77,"Simu1","KET",200,"cliver",26.387368415535
"772",77.1,"Simu1","KET",200,"cliver",25.3295107159967
"773",77.2,"Simu1","KET",200,"cliver",24.3175696642858
"774",77.3,"Simu1","KET",200,"cliver",23.3497559091746
"775",77.4,"Simu1","KET",200,"cliver",22.4243052503743
"776",77.5,"Simu1","KET",200,"cliver",21.5394861181781
"777",77.6,"Simu1","KET",200,"cliver",20.6936055776583
"778",77.7,"Simu1","KET",200,"cliver",19.8850140587249
"779",77.8,"Simu1","KET",200,"cliver",19.1121089905219
"780",77.9,"Simu1","KET",200,"cliver",18.3733374967715
"781",78,"Simu1","KET",200,"cliver",17.6671982890799
"782",78.1,"Simu1","KET",200,"cliver",16.9922428785079
"783",78.2,"Simu1","KET",200,"cliver",16.3470762111522
"784",78.3,"Simu1","KET",200,"cliver",15.7303568203067
"785",78.4,"Simu1","KET",200,"cliver",15.1407965757896
"786",78.5,"Simu1","KET",200,"cliver",14.5771601006124
"787",78.6,"Simu1","KET",200,"cliver",14.0382639149786
"788",78.7,"Simu1","KET",200,"cliver",13.5229753609132
"789",78.8,"Simu1","KET",200,"cliver",13.0302113534881
"790",78.9,"Simu1","KET",200,"cliver",12.558936996564
"791",79,"Simu1","KET",200,"cliver",12.1081640966201
"792",79.1,"Simu1","KET",200,"cliver",11.67694960337
"793",79.2,"Simu1","KET",200,"cliver",11.2643940014824
"794",79.3,"Simu1","KET",200,"cliver",10.8696396737465
"795",79.4,"Simu1","KET",200,"cliver",10.4918692527108
"796",79.5,"Simu1","KET",200,"cliver",10.1303039750604
"797",79.6,"Simu1","KET",200,"cliver",9.78420205057173
"798",79.7,"Simu1","KET",200,"cliver",9.45285705530737
"799",79.8,"Simu1","KET",200,"cliver",9.13559635681444
"800",79.9,"Simu1","KET",200,"cliver",8.83177957749137
"801",80,"Simu1","KET",200,"cliver",8.54079710093056
"802",80.1,"Simu1","KET",200,"cliver",8.26206862488405
"803",80.2,"Simu1","KET",200,"cliver",7.99504176349249
"804",80.3,"Simu1","KET",200,"cliver",7.73919070056426
"805",80.4,"Simu1","KET",200,"cliver",7.49401489497919
"806",80.5,"Simu1","KET",200,"cliver",7.25903783868214
"807",80.6,"Simu1","KET",200,"cliver",7.03380586729998
"808",80.7,"Simu1","KET",200,"cliver",6.81788702291575
"809",80.8,"Simu1","KET",200,"cliver",6.61086996819826
"810",80.9,"Simu1","KET",200,"cliver",6.412362950922
"811",81,"Simu1","KET",200,"cliver",6.22199281762446
"812",81.1,"Simu1","KET",200,"cliver",6.03940407497916
"813",81.2,"Simu1","KET",200,"cliver",5.86425799734031
"814",81.3,"Simu1","KET",200,"cliver",5.69623177883709
"815",81.4,"Simu1","KET",200,"cliver",5.53501772833833
"816",81.5,"Simu1","KET",200,"cliver",5.38032250556488
"817",81.6,"Simu1","KET",200,"cliver",5.231866396609
"818",81.7,"Simu1","KET",200,"cliver",5.08938262712176
"819",81.8,"Simu1","KET",200,"cliver",4.95261671144727
"820",81.9,"Simu1","KET",200,"cliver",4.8213258360102
"821",82,"Simu1","KET",200,"cliver",4.69527827529691
"822",82.1,"Simu1","KET",200,"cliver",4.57425283881352
"823",82.2,"Simu1","KET",200,"cliver",4.45803834745319
"824",82.3,"Simu1","KET",200,"cliver",4.34643313775746
"825",82.4,"Simu1","KET",200,"cliver",4.23924459261329
"826",82.5,"Simu1","KET",200,"cliver",4.13628869698106
"827",82.6,"Simu1","KET",200,"cliver",4.03738961732106
"828",82.7,"Simu1","KET",200,"cliver",3.94237930342665
"829",82.8,"Simu1","KET",200,"cliver",3.85109711143139
"830",82.9,"Simu1","KET",200,"cliver",3.76338944683879
"831",83,"Simu1","KET",200,"cliver",3.67910942646386
"832",83.1,"Simu1","KET",200,"cliver",3.59811655823148
"833",83.2,"Simu1","KET",200,"cliver",3.52027643783192
"834",83.3,"Simu1","KET",200,"cliver",3.44546046128907
"835",83.4,"Simu1","KET",200,"cliver",3.37354555254899
"836",83.5,"Simu1","KET",200,"cliver",3.30441390524322
"837",83.6,"Simu1","KET",200,"cliver",3.23795273782819
"838",83.7,"Simu1","KET",200,"cliver",3.17405406134689
"839",83.8,"Simu1","KET",200,"cliver",3.11261445910206
"840",83.9,"Simu1","KET",200,"cliver",3.05353487757157
"841",84,"Simu1","KET",200,"cliver",2.99672042793434
"842",84.1,"Simu1","KET",200,"cliver",2.94208019761239
"843",84.2,"Simu1","KET",200,"cliver",2.88952707126899
"844",84.3,"Simu1","KET",200,"cliver",2.83897756073607
"845",84.4,"Simu1","KET",200,"cliver",2.79035164337521
"846",84.5,"Simu1","KET",200,"cliver",2.74357260840512
"847",84.6,"Simu1","KET",200,"cliver",2.69856691075832
"848",84.7,"Simu1","KET",200,"cliver",2.65526403205305
"849",84.8,"Simu1","KET",200,"cliver",2.61359634829078
"850",84.9,"Simu1","KET",200,"cliver",2.57349900391637
"851",85,"Simu1","KET",200,"cliver",2.53490979189706
"852",85.1,"Simu1","KET",200,"cliver",2.49776903949668
"853",85.2,"Simu1","KET",200,"cliver",2.46201949944094
"854",85.3,"Simu1","KET",200,"cliver",2.42760624618791
"855",85.4,"Simu1","KET",200,"cliver",2.39447657703471
"856",85.5,"Simu1","KET",200,"cliver",2.36257991780717
"857",85.6,"Simu1","KET",200,"cliver",2.33186773289383
"858",85.7,"Simu1","KET",200,"cliver",2.3022934393998
"859",85.8,"Simu1","KET",200,"cliver",2.27381232520883
"860",85.9,"Simu1","KET",200,"cliver",2.24638147075453
"861",86,"Simu1","KET",200,"cliver",2.21995967431284
"862",86.1,"Simu1","KET",200,"cliver",2.1945073806387
"863",86.2,"Simu1","KET",200,"cliver",2.16998661278006
"864",86.3,"Simu1","KET",200,"cliver",2.14636090691149
"865",86.4,"Simu1","KET",200,"cliver",2.12359525003908
"866",86.5,"Simu1","KET",200,"cliver",2.10165602043584
"867",86.6,"Simu1","KET",200,"cliver",2.08051093067568
"868",86.7,"Simu1","KET",200,"cliver",2.06012897314022
"869",86.8,"Simu1","KET",200,"cliver",2.04048036788006
"870",86.9,"Simu1","KET",200,"cliver",2.02153651271885
"871",87,"Simu1","KET",200,"cliver",2.00326993549422
"872",87.1,"Simu1","KET",200,"cliver",1.98565424833526
"873",87.2,"Simu1","KET",200,"cliver",1.96866410388175
"874",87.3,"Simu1","KET",200,"cliver",1.95227515335508
"875",87.4,"Simu1","KET",200,"cliver",1.93646400639595
"876",87.5,"Simu1","KET",200,"cliver",1.92120819258796
"877",87.6,"Simu1","KET",200,"cliver",1.90648612459052
"878",87.7,"Simu1","KET",200,"cliver",1.8922770628085
"879",87.8,"Simu1","KET",200,"cliver",1.87856108152954
"880",87.9,"Simu1","KET",200,"cliver",1.86531903646365
"881",88,"Simu1","KET",200,"cliver",1.85253253362279
"882",88.1,"Simu1","KET",200,"cliver",1.84018389948129
"883",88.2,"Simu1","KET",200,"cliver",1.82825615236103
"884",88.3,"Simu1","KET",200,"cliver",1.81673297498764
"885",88.4,"Simu1","KET",200,"cliver",1.80559868816715
"886",88.5,"Simu1","KET",200,"cliver",1.79483822553434
"887",88.6,"Simu1","KET",200,"cliver",1.78443710932697
"888",88.7,"Simu1","KET",200,"cliver",1.77438142714169
"889",88.8,"Simu1","KET",200,"cliver",1.7646578096299
"890",88.9,"Simu1","KET",200,"cliver",1.75525340909362
"891",89,"Simu1","KET",200,"cliver",1.74615587894327
"892",89.1,"Simu1","KET",200,"cliver",1.73735335398119
"893",89.2,"Simu1","KET",200,"cliver",1.72883443147604
"894",89.3,"Simu1","KET",200,"cliver",1.72058815299517
"895",89.4,"Simu1","KET",200,"cliver",1.71260398696339
"896",89.5,"Simu1","KET",200,"cliver",1.70487181191782
"897",89.6,"Simu1","KET",200,"cliver",1.69738190043028
"898",89.7,"Simu1","KET",200,"cliver",1.6901249036694
"899",89.8,"Simu1","KET",200,"cliver",1.68309183657637
"900",89.9,"Simu1","KET",200,"cliver",1.67627406362904
"901",90,"Simu1","KET",200,"cliver",1.66966328517032
"902",90.1,"Simu1","KET",200,"cliver",1.66325152427795
"903",90.2,"Simu1","KET",200,"cliver",1.65703111415352
"904",90.3,"Simu1","KET",200,"cliver",1.65099468600968
"905",90.4,"Simu1","KET",200,"cliver",1.64513515743547
"906",90.5,"Simu1","KET",200,"cliver",1.63944572122028
"907",90.6,"Simu1","KET",200,"cliver",1.63391983461812
"908",90.7,"Simu1","KET",200,"cliver",1.62855120903444
"909",90.8,"Simu1","KET",200,"cliver",1.62333380011837
"910",90.9,"Simu1","KET",200,"cliver",1.61826179824445
"911",91,"Simu1","KET",200,"cliver",1.61332961936792
"912",91.1,"Simu1","KET",200,"cliver",1.60853189623893
"913",91.2,"Simu1","KET",200,"cliver",1.60386346996117
"914",91.3,"Simu1","KET",200,"cliver",1.59931938188131
"915",91.4,"Simu1","KET",200,"cliver",1.59489486579604
"916",91.5,"Simu1","KET",200,"cliver",1.5905853404641
"917",91.6,"Simu1","KET",200,"cliver",1.58638640241126
"918",91.7,"Simu1","KET",200,"cliver",1.58229381901659
"919",91.8,"Simu1","KET",200,"cliver",1.57830352186888
"920",91.9,"Simu1","KET",200,"cliver",1.57441160038263
"921",92,"Simu1","KET",200,"cliver",1.57061429566322
"922",92.1,"Simu1","KET",200,"cliver",1.56690799461154
"923",92.2,"Simu1","KET",200,"cliver",1.56328922425865
"924",92.3,"Simu1","KET",200,"cliver",1.55975464632131
"925",92.4,"Simu1","KET",200,"cliver",1.5563010519698
"926",92.5,"Simu1","KET",200,"cliver",1.55292535679966
"927",92.6,"Simu1","KET",200,"cliver",1.54962459599927
"928",92.7,"Simu1","KET",200,"cliver",1.54639591970576
"929",92.8,"Simu1","KET",200,"cliver",1.54323658854159
"930",92.9,"Simu1","KET",200,"cliver",1.54014396932503
"931",93,"Simu1","KET",200,"cliver",1.53711553094751
"932",93.1,"Simu1","KET",200,"cliver",1.53414884041132
"933",93.2,"Simu1","KET",200,"cliver",1.53124155902159
"934",93.3,"Simu1","KET",200,"cliver",1.52839143872624
"935",93.4,"Simu1","KET",200,"cliver",1.52559631859832
"936",93.5,"Simu1","KET",200,"cliver",1.52285412145506
"937",93.6,"Simu1","KET",200,"cliver",1.5201628506084
"938",93.7,"Simu1","KET",200,"cliver",1.51752058674172
"939",93.8,"Simu1","KET",200,"cliver",1.51492548490807
"940",93.9,"Simu1","KET",200,"cliver",1.51237577164485
"941",94,"Simu1","KET",200,"cliver",1.50986974220074
"942",94.1,"Simu1","KET",200,"cliver",1.50740575787025
"943",94.2,"Simu1","KET",200,"cliver",1.5049822434318
"944",94.3,"Simu1","KET",200,"cliver",1.5025976846853
"945",94.4,"Simu1","KET",200,"cliver",1.50025062608535
"946",94.5,"Simu1","KET",200,"cliver",1.49793966846631
"947",94.6,"Simu1","KET",200,"cliver",1.49566346685572
"948",94.7,"Simu1","KET",200,"cliver",1.49342072837253
"949",94.8,"Simu1","KET",200,"cliver",1.49121021020697
"950",94.9,"Simu1","KET",200,"cliver",1.48903071767882
"951",95,"Simu1","KET",200,"cliver",1.486881102371
"952",95.1,"Simu1","KET",200,"cliver",1.48476026033559
"953",95.2,"Simu1","KET",200,"cliver",1.4826671303695
"954",95.3,"Simu1","KET",200,"cliver",1.48060069235702
"955",95.4,"Simu1","KET",200,"cliver",1.47855996567665
"956",95.5,"Simu1","KET",200,"cliver",1.47654400766977
"957",95.6,"Simu1","KET",200,"cliver",1.47455191216875
"958",95.7,"Simu1","KET",200,"cliver",1.47258280808206
"959",95.8,"Simu1","KET",200,"cliver",1.47063585803432
"960",95.9,"Simu1","KET",200,"cliver",1.46871027237353
"961",96,"Simu1","KET",200,"cliver",1.47113711275369
"962",96.1,"Simu1","KET",200,"cliver",5.89102797802351
"963",96.2,"Simu1","KET",200,"cliver",18.1148163333361
"964",96.3,"Simu1","KET",200,"cliver",31.6824161901247
"965",96.4,"Simu1","KET",200,"cliver",44.1427686347258
"966",96.5,"Simu1","KET",200,"cliver",54.8346821389314
"967",96.6,"Simu1","KET",200,"cliver",63.7065597467011
"968",96.7,"Simu1","KET",200,"cliver",70.9001747114837
"969",96.8,"Simu1","KET",200,"cliver",76.6058218770499
"970",96.9,"Simu1","KET",200,"cliver",81.0135224804606
"971",97,"Simu1","KET",200,"cliver",84.297979066712
"972",97.1,"Simu1","KET",200,"cliver",86.6151823072703
"973",97.2,"Simu1","KET",200,"cliver",88.1028732752036
"974",97.3,"Simu1","KET",200,"cliver",88.8821385186569
"975",97.4,"Simu1","KET",200,"cliver",89.0592105638353
"976",97.5,"Simu1","KET",200,"cliver",88.7271778797182
"977",97.6,"Simu1","KET",200,"cliver",87.9675242976934
"978",97.7,"Simu1","KET",200,"cliver",86.8514921160181
"979",97.8,"Simu1","KET",200,"cliver",85.4412810213902
"980",97.9,"Simu1","KET",200,"cliver",83.7911055101131
"981",98,"Simu1","KET",200,"cliver",81.9481306854951
"982",98.1,"Simu1","KET",200,"cliver",79.9532915725654
"983",98.2,"Simu1","KET",200,"cliver",77.8420185295142
"984",98.3,"Simu1","KET",200,"cliver",75.6448881667099
"985",98.4,"Simu1","KET",200,"cliver",73.3882011079533
"986",98.5,"Simu1","KET",200,"cliver",71.0944860048183
"987",98.6,"Simu1","KET",200,"cliver",68.7829469181036
"988",98.7,"Simu1","KET",200,"cliver",66.4698656253843
"989",98.8,"Simu1","KET",200,"cliver",64.1689613305102
"990",98.9,"Simu1","KET",200,"cliver",61.891708586089
"991",99,"Simu1","KET",200,"cliver",59.6476177329551
"992",99.1,"Simu1","KET",200,"cliver",57.4444838570154
"993",99.2,"Simu1","KET",200,"cliver",55.2886086066133
"994",99.3,"Simu1","KET",200,"cliver",53.1849971747744
"995",99.4,"Simu1","KET",200,"cliver",51.1375323579194
"996",99.5,"Simu1","KET",200,"cliver",49.1491281442536
"997",99.6,"Simu1","KET",200,"cliver",47.2218654066988
"998",99.7,"Simu1","KET",200,"cliver",45.3571117763743
"999",99.8,"Simu1","KET",200,"cliver",43.5556272652276
"1000",99.9,"Simu1","KET",200,"cliver",41.81765704308
"1001",100,"Simu1","KET",200,"cliver",40.1430127809186
"1002",100.1,"Simu1","KET",200,"cliver",38.5311438912463
"1003",100.2,"Simu1","KET",200,"cliver",36.9811998116648
"1004",100.3,"Simu1","KET",200,"cliver",35.4920843063301
"1005",100.4,"Simu1","KET",200,"cliver",34.0625026042619
"1006",100.5,"Simu1","KET",200,"cliver",32.6910023119828
"1007",100.6,"Simu1","KET",200,"cliver",31.3760087443471
"1008",100.7,"Simu1","KET",200,"cliver",30.1158553399103
"1009",100.8,"Simu1","KET",200,"cliver",28.9088097376999
"1010",100.9,"Simu1","KET",200,"cliver",27.7530960393253
"1011",101,"Simu1","KET",200,"cliver",26.6469137202808
"1012",101.1,"Simu1","KET",200,"cliver",25.5884536000573
"1013",101.2,"Simu1","KET",200,"cliver",24.5759112360697
"1014",101.3,"Simu1","KET",200,"cliver",23.6074980681115
"1015",101.4,"Simu1","KET",200,"cliver",22.6814506042215
"1016",101.5,"Simu1","KET",200,"cliver",21.7960379050989
"1017",101.6,"Simu1","KET",200,"cliver",20.9495675940074
"1018",101.7,"Simu1","KET",200,"cliver",20.1403905928632
"1019",101.8,"Simu1","KET",200,"cliver",19.3669047620298
"1020",101.9,"Simu1","KET",200,"cliver",18.6275576003353
"1021",102,"Simu1","KET",200,"cliver",17.920848142789
"1022",102.1,"Simu1","KET",200,"cliver",17.2453281765333
"1023",102.2,"Simu1","KET",200,"cliver",16.5996028807471
"1024",102.3,"Simu1","KET",200,"cliver",15.9823309829817
"1025",102.4,"Simu1","KET",200,"cliver",15.3922245106052
"1026",102.5,"Simu1","KET",200,"cliver",14.8280482116499
"1027",102.6,"Simu1","KET",200,"cliver",14.2886187024752
"1028",102.7,"Simu1","KET",200,"cliver",13.7728033953922
"1029",102.8,"Simu1","KET",200,"cliver",13.2795192517963
"1030",102.9,"Simu1","KET",200,"cliver",12.807731400191
"1031",103,"Simu1","KET",200,"cliver",12.3564516524972
"1032",103.1,"Simu1","KET",200,"cliver",11.9247369469454
"1033",103.2,"Simu1","KET",200,"cliver",11.5116877416669
"1034",103.3,"Simu1","KET",200,"cliver",11.1164463794789
"1035",103.4,"Simu1","KET",200,"cliver",10.7381954410764
"1036",103.5,"Simu1","KET",200,"cliver",10.3761561009007
"1037",103.6,"Simu1","KET",200,"cliver",10.0295864974492
"1038",103.7,"Simu1","KET",200,"cliver",9.69778012765986
"1039",103.8,"Simu1","KET",200,"cliver",9.38006427317559
"1040",103.9,"Simu1","KET",200,"cliver",9.07579846469132
"1041",104,"Simu1","KET",200,"cliver",8.78437298919745
"1042",104.1,"Simu1","KET",200,"cliver",8.50520744375685
"1043",104.2,"Simu1","KET",200,"cliver",8.23774933845297
"1044",104.3,"Simu1","KET",200,"cliver",7.9814727503042
"1045",104.4,"Simu1","KET",200,"cliver",7.73587702930696
"1046",104.5,"Simu1","KET",200,"cliver",7.50048555693312
"1047",104.6,"Simu1","KET",200,"cliver",7.27484455718687
"1048",104.7,"Simu1","KET",200,"cliver",7.05852195978271
"1049",104.8,"Simu1","KET",200,"cliver",6.85110631468412
"1050",104.9,"Simu1","KET",200,"cliver",6.65220575696417
"1051",105,"Simu1","KET",200,"cliver",6.46144702074553
"1052",105.1,"Simu1","KET",200,"cliver",6.27847450082064
"1053",105.2,"Simu1","KET",200,"cliver",6.10294936042308
"1054",105.3,"Simu1","KET",200,"cliver",5.93454868352577
"1055",105.4,"Simu1","KET",200,"cliver",5.77296466998053
"1056",105.5,"Simu1","KET",200,"cliver",5.61790387177826
"1057",105.6,"Simu1","KET",200,"cliver",5.46908646869528
"1058",105.7,"Simu1","KET",200,"cliver",5.32624558159119
"1059",105.8,"Simu1","KET",200,"cliver",5.18912662163758
"1060",105.9,"Simu1","KET",200,"cliver",5.05748667378421
"1061",106,"Simu1","KET",200,"cliver",4.93109391280444
"1062",106.1,"Simu1","KET",200,"cliver",4.80972705030576
"1063",106.2,"Simu1","KET",200,"cliver",4.69317481113787
"1064",106.3,"Simu1","KET",200,"cliver",4.58123543768327
"1065",106.4,"Simu1","KET",200,"cliver",4.47371622059168
"1066",106.5,"Simu1","KET",200,"cliver",4.3704330545168
"1067",106.6,"Simu1","KET",200,"cliver",4.27121001754533
"1068",106.7,"Simu1","KET",200,"cliver",4.17587897303074
"1069",106.8,"Simu1","KET",200,"cliver",4.08427919260691
"1070",106.9,"Simu1","KET",200,"cliver",3.99625699921331
"1071",107,"Simu1","KET",200,"cliver",3.91166542902315
"1072",107.1,"Simu1","KET",200,"cliver",3.83036391122498
"1073",107.2,"Simu1","KET",200,"cliver",3.75221796466087
"1074",107.3,"Simu1","KET",200,"cliver",3.67709891037571
"1075",107.4,"Simu1","KET",200,"cliver",3.60488359918371
"1076",107.5,"Simu1","KET",200,"cliver",3.53545415340666
"1077",107.6,"Simu1","KET",200,"cliver",3.46869772198669
"1078",107.7,"Simu1","KET",200,"cliver",3.40450624822036
"1079",107.8,"Simu1","KET",200,"cliver",3.34277624940318
"1080",107.9,"Simu1","KET",200,"cliver",3.2834086077153
"1081",108,"Simu1","KET",200,"cliver",3.22630837171662
"1082",108.1,"Simu1","KET",200,"cliver",3.17138456785748
"1083",108.2,"Simu1","KET",200,"cliver",3.11855002144497
"1084",108.3,"Simu1","KET",200,"cliver",3.0677211865378
"1085",108.4,"Simu1","KET",200,"cliver",3.01881798427694
"1086",108.5,"Simu1","KET",200,"cliver",2.9717636491796
"1087",108.6,"Simu1","KET",200,"cliver",2.9264845829625
"1088",108.7,"Simu1","KET",200,"cliver",2.88291021548087
"1089",108.8,"Simu1","KET",200,"cliver",2.84097287239498
"1090",108.9,"Simu1","KET",200,"cliver",2.80060764919845
"1091",109,"Simu1","KET",200,"cliver",2.76175229126492
"1092",109.1,"Simu1","KET",200,"cliver",2.72434707959034
"1093",109.2,"Simu1","KET",200,"cliver",2.68833472192702
"1094",109.3,"Simu1","KET",200,"cliver",2.65366024902331
"1095",109.4,"Simu1","KET",200,"cliver",2.62027091569988
"1096",109.5,"Simu1","KET",200,"cliver",2.58811610650915
"1097",109.6,"Simu1","KET",200,"cliver",2.55714724573959
"1098",109.7,"Simu1","KET",200,"cliver",2.52731771154036
"1099",109.8,"Simu1","KET",200,"cliver",2.49858275395467
"1100",109.9,"Simu1","KET",200,"cliver",2.47089941666277
"1101",110,"Simu1","KET",200,"cliver",2.44422646224665
"1102",110.1,"Simu1","KET",200,"cliver",2.41852430079946
"1103",110.2,"Simu1","KET",200,"cliver",2.39375492171275
"1104",110.3,"Simu1","KET",200,"cliver",2.36988182848383
"1105",110.4,"Simu1","KET",200,"cliver",2.3468699763952
"1106",110.5,"Simu1","KET",200,"cliver",2.32468571292471
"1107",110.6,"Simu1","KET",200,"cliver",2.30329672075463
"1108",110.7,"Simu1","KET",200,"cliver",2.28267196325435
"1109",110.8,"Simu1","KET",200,"cliver",2.26278163231812
"1110",110.9,"Simu1","KET",200,"cliver",2.24359709844615
"1111",111,"Simu1","KET",200,"cliver",2.22509086296279
"1112",111.1,"Simu1","KET",200,"cliver",2.20723651227194
"1113",111.2,"Simu1","KET",200,"cliver",2.1900086740546
"1114",111.3,"Simu1","KET",200,"cliver",2.17338297531882
"1115",111.4,"Simu1","KET",200,"cliver",2.1573360022167
"1116",111.5,"Simu1","KET",200,"cliver",2.14184526154788
"1117",111.6,"Simu1","KET",200,"cliver",2.12688914387278
"1118",111.7,"Simu1","KET",200,"cliver",2.11244688816309
"1119",111.8,"Simu1","KET",200,"cliver",2.09849854792032
"1120",111.9,"Simu1","KET",200,"cliver",2.0850249586972
"1121",112,"Simu1","KET",200,"cliver",2.07200770695934
"1122",112.1,"Simu1","KET",200,"cliver",2.05942910022838
"1123",112.2,"Simu1","KET",200,"cliver",2.04727213845014
"1124",112.3,"Simu1","KET",200,"cliver",2.03552048653434
"1125",112.4,"Simu1","KET",200,"cliver",2.02415844801517
"1126",112.5,"Simu1","KET",200,"cliver",2.01317093978394
"1127",112.6,"Simu1","KET",200,"cliver",2.00254346784798
"1128",112.7,"Simu1","KET",200,"cliver",1.99226210407163
"1129",112.8,"Simu1","KET",200,"cliver",1.98231346385767
"1130",112.9,"Simu1","KET",200,"cliver",1.97268468472901
"1131",113,"Simu1","KET",200,"cliver",1.96336340577277
"1132",113.1,"Simu1","KET",200,"cliver",1.95433774791028
"1133",113.2,"Simu1","KET",200,"cliver",1.94559629495857
"1134",113.3,"Simu1","KET",200,"cliver",1.93712807544996
"1135",113.4,"Simu1","KET",200,"cliver",1.9289225451785
"1136",113.5,"Simu1","KET",200,"cliver",1.92096957044282
"1137",113.6,"Simu1","KET",200,"cliver",1.91325941195678
"1138",113.7,"Simu1","KET",200,"cliver",1.90578270940023
"1139",113.8,"Simu1","KET",200,"cliver",1.8985304665837
"1140",113.9,"Simu1","KET",200,"cliver",1.8914940372017
"1141",114,"Simu1","KET",200,"cliver",1.88466511115072
"1142",114.1,"Simu1","KET",200,"cliver",1.87803570138873
"1143",114.2,"Simu1","KET",200,"cliver",1.87159813131437
"1144",114.3,"Simu1","KET",200,"cliver",1.86534502264454
"1145",114.4,"Simu1","KET",200,"cliver",1.85926928377035
"1146",114.5,"Simu1","KET",200,"cliver",1.85336409857205
"1147",114.6,"Simu1","KET",200,"cliver",1.84762291567441
"1148",114.7,"Simu1","KET",200,"cliver",1.84203943812495
"1149",114.8,"Simu1","KET",200,"cliver",1.83660761347796
"1150",114.9,"Simu1","KET",200,"cliver",1.83132162426798
"1151",115,"Simu1","KET",200,"cliver",1.82617587885734
"1152",115.1,"Simu1","KET",200,"cliver",1.82116500264271
"1153",115.2,"Simu1","KET",200,"cliver",1.81628382960628
"1154",115.3,"Simu1","KET",200,"cliver",1.81152739419801
"1155",115.4,"Simu1","KET",200,"cliver",1.80689092353568
"1156",115.5,"Simu1","KET",200,"cliver",1.80236982991017
"1157",115.6,"Simu1","KET",200,"cliver",1.79795970358378
"1158",115.7,"Simu1","KET",200,"cliver",1.79365630587015
"1159",115.8,"Simu1","KET",200,"cliver",1.78945556248447
"1160",115.9,"Simu1","KET",200,"cliver",1.78535355715343
"1161",116,"Simu1","KET",200,"cliver",1.78134652547453
"1162",116.1,"Simu1","KET",200,"cliver",1.77743084901509
"1163",116.2,"Simu1","KET",200,"cliver",1.77360304964134
"1164",116.3,"Simu1","KET",200,"cliver",1.76985978406867
"1165",116.4,"Simu1","KET",200,"cliver",1.76619783862423
"1166",116.5,"Simu1","KET",200,"cliver",1.76261412421365
"1167",116.6,"Simu1","KET",200,"cliver",1.75910567148379
"1168",116.7,"Simu1","KET",200,"cliver",1.75566962617386
"1169",116.8,"Simu1","KET",200,"cliver",1.75230324464746
"1170",116.9,"Simu1","KET",200,"cliver",1.74900388959862
"1171",117,"Simu1","KET",200,"cliver",1.74576902592479
"1172",117.1,"Simu1","KET",200,"cliver",1.74259621676045
"1173",117.2,"Simu1","KET",200,"cliver",1.73948311966497
"1174",117.3,"Simu1","KET",200,"cliver",1.73642748295865
"1175",117.4,"Simu1","KET",200,"cliver",1.73342714220127
"1176",117.5,"Simu1","KET",200,"cliver",1.73048001680747
"1177",117.6,"Simu1","KET",200,"cliver",1.72758410679364
"1178",117.7,"Simu1","KET",200,"cliver",1.72473748965127
"1179",117.8,"Simu1","KET",200,"cliver",1.72193831734176
"1180",117.9,"Simu1","KET",200,"cliver",1.71918481340791
"1181",118,"Simu1","KET",200,"cliver",1.71647527019761
"1182",118.1,"Simu1","KET",200,"cliver",1.71380804619544
"1183",118.2,"Simu1","KET",200,"cliver",1.71118156345771
"1184",118.3,"Simu1","KET",200,"cliver",1.70859430514724
"1185",118.4,"Simu1","KET",200,"cliver",1.70604481316376
"1186",118.5,"Simu1","KET",200,"cliver",1.70353168586628
"1187",118.6,"Simu1","KET",200,"cliver",1.7010535758839
"1188",118.7,"Simu1","KET",200,"cliver",1.69860918801159
"1189",118.8,"Simu1","KET",200,"cliver",1.69619727718753
"1190",118.9,"Simu1","KET",200,"cliver",1.69381664654907
"1191",119,"Simu1","KET",200,"cliver",1.69146614556401
"1192",119.1,"Simu1","KET",200,"cliver",1.68914466823443
"1193",119.2,"Simu1","KET",200,"cliver",1.6868511513702
"1194",119.3,"Simu1","KET",200,"cliver",1.68458457292943
"1195",119.4,"Simu1","KET",200,"cliver",1.68234395042333
"1196",119.5,"Simu1","KET",200,"cliver",1.68012833938293
"1197",119.6,"Simu1","KET",200,"cliver",1.67793683188527
"1198",119.7,"Simu1","KET",200,"cliver",1.6757685551367
"1199",119.8,"Simu1","KET",200,"cliver",1.67362267011129
"1200",119.9,"Simu1","KET",200,"cliver",1.67149837050687
"1201",120,"Simu1","KET",200,"cliver",1.67372672438847
"1202",120.1,"Simu1","KET",200,"cliver",6.09345187374141
"1203",120.2,"Simu1","KET",200,"cliver",18.3172570738473
"1204",120.3,"Simu1","KET",200,"cliver",31.8850823219574
"1205",120.4,"Simu1","KET",200,"cliver",44.3458751633721
"1206",120.5,"Simu1","KET",200,"cliver",55.0383878022271
"1207",120.6,"Simu1","KET",200,"cliver",63.9109760335905
"1208",120.7,"Simu1","KET",200,"cliver",71.1053736071732
"1209",120.8,"Simu1","KET",200,"cliver",76.8118429982391
"1210",120.9,"Simu1","KET",200,"cliver",81.2203788107039
"1211",121,"Simu1","KET",200,"cliver",84.5056656338192
"1212",121.1,"Simu1","KET",200,"cliver",86.8236836276982
"1213",121.2,"Simu1","KET",200,"cliver",88.3121339917488
"1214",121.3,"Simu1","KET",200,"cliver",89.0921565665753
"1215",121.4,"Simu1","KET",200,"cliver",89.2698600099932
"1216",121.5,"Simu1","KET",200,"cliver",88.9384002503876
"1217",121.6,"Simu1","KET",200,"cliver",88.1793095544027
"1218",121.7,"Simu1","KET",200,"cliver",87.0638155303911
"1219",121.8,"Simu1","KET",200,"cliver",85.6540696109346
"1220",121.9,"Simu1","KET",200,"cliver",84.0042485546016
"1221",122,"Simu1","KET",200,"cliver",82.161619267061
"1222",122.1,"Simu1","KET",200,"cliver",80.1670494309164
"1223",122.2,"Simu1","KET",200,"cliver",78.0559865038685
"1224",122.3,"Simu1","KET",200,"cliver",75.8590242268661
"1225",122.4,"Simu1","KET",200,"cliver",73.60244941633
"1226",122.5,"Simu1","KET",200,"cliver",71.3087889836
"1227",122.6,"Simu1","KET",200,"cliver",68.9972241015266
"1228",122.7,"Simu1","KET",200,"cliver",66.6840522374975
"1229",122.8,"Simu1","KET",200,"cliver",64.3830309233932
"1230",122.9,"Simu1","KET",200,"cliver",62.1056357249839
"1231",123,"Simu1","KET",200,"cliver",59.8613625101066
"1232",123.1,"Simu1","KET",200,"cliver",57.6580033224569
"1233",123.2,"Simu1","KET",200,"cliver",55.5018691374445
"1234",123.3,"Simu1","KET",200,"cliver",53.3979732738376
"1235",123.4,"Simu1","KET",200,"cliver",51.3501999623315
"1236",123.5,"Simu1","KET",200,"cliver",49.3614623473914
"1237",123.6,"Simu1","KET",200,"cliver",47.4338428833242
"1238",123.7,"Simu1","KET",200,"cliver",45.5687128472371
"1239",123.8,"Simu1","KET",200,"cliver",43.7668353663059
"1240",123.9,"Simu1","KET",200,"cliver",42.0284573049785
"1241",124,"Simu1","KET",200,"cliver",40.353391584717
"1242",124.1,"Simu1","KET",200,"cliver",38.7410892899108
"1243",124.2,"Simu1","KET",200,"cliver",37.1907018014544
"1244",124.3,"Simu1","KET",200,"cliver",35.7011345812298
"1245",124.4,"Simu1","KET",200,"cliver",34.2710942202744
"1246",124.5,"Simu1","KET",200,"cliver",32.8991295329523
"1247",124.6,"Simu1","KET",200,"cliver",31.5836670416455
"1248",124.7,"Simu1","KET",200,"cliver",30.3230413559507
"1249",124.8,"Simu1","KET",200,"cliver",29.1155211628634
"1250",124.9,"Simu1","KET",200,"cliver",27.9593314774005
"1251",125,"Simu1","KET",200,"cliver",26.8526726012729
"1252",125.1,"Simu1","KET",200,"cliver",25.7937361246131
"1253",125.2,"Simu1","KET",200,"cliver",24.7807183025494
"1254",125.3,"Simu1","KET",200,"cliver",23.8118311976557
"1255",125.4,"Simu1","KET",200,"cliver",22.8853118700918
"1256",125.5,"Simu1","KET",200,"cliver",21.9994298736415
"1257",125.6,"Simu1","KET",200,"cliver",21.1524932721194
"1258",125.7,"Simu1","KET",200,"cliver",20.3428533767413
"1259",125.8,"Simu1","KET",200,"cliver",19.5689083875751
"1260",125.9,"Simu1","KET",200,"cliver",18.8291060979193
"1261",126,"Simu1","KET",200,"cliver",18.1219457970967
"1262",126.1,"Simu1","KET",200,"cliver",17.4459794901464
"1263",126.2,"Simu1","KET",200,"cliver",16.799812540201
"1264",126.3,"Simu1","KET",200,"cliver",16.1821038270874
"1265",126.4,"Simu1","KET",200,"cliver",15.5915655031311
"1266",126.5,"Simu1","KET",200,"cliver",15.0269624158058
"1267",126.6,"Simu1","KET",200,"cliver",14.4871112576419
"1268",126.7,"Simu1","KET",200,"cliver",13.9708794960701
"1269",126.8,"Simu1","KET",200,"cliver",13.4771841288261
"1270",126.9,"Simu1","KET",200,"cliver",13.0049903040071
"1271",127,"Simu1","KET",200,"cliver",12.5533098381265
"1272",127.1,"Simu1","KET",200,"cliver",12.1211996605687
"1273",127.2,"Simu1","KET",200,"cliver",11.7077602084984
"1274",127.3,"Simu1","KET",200,"cliver",11.3121337932162
"1275",127.4,"Simu1","KET",200,"cliver",10.9335029546292
"1276",127.5,"Simu1","KET",200,"cliver",10.5710888182225
"1277",127.6,"Simu1","KET",200,"cliver",10.2241494663587
"1278",127.7,"Simu1","KET",200,"cliver",9.89197833360297
"1279",127.8,"Simu1","KET",200,"cliver",9.57390263386773
"1280",127.9,"Simu1","KET",200,"cliver",9.26928182554776
"1281",128,"Simu1","KET",200,"cliver",8.97750611945967
"1282",128.1,"Simu1","KET",200,"cliver",8.69799503324552
"1283",128.2,"Simu1","KET",200,"cliver",8.43019599489769
"1284",128.3,"Simu1","KET",200,"cliver",8.17358299720678
"1285",128.4,"Simu1","KET",200,"cliver",7.92765530421455
"1286",128.5,"Simu1","KET",200,"cliver",7.69193621016188
"1287",128.6,"Simu1","KET",200,"cliver",7.46597185092462
"1288",128.7,"Simu1","KET",200,"cliver",7.24933006752093
"1289",128.8,"Simu1","KET",200,"cliver",7.04159932093669
"1290",128.9,"Simu1","KET",200,"cliver",6.84238765724374
"1291",129,"Simu1","KET",200,"cliver",6.65132172176971
"1292",129.1,"Simu1","KET",200,"cliver",6.46804582092133
"1293",129.2,"Simu1","KET",200,"cliver",6.29222103016998
"1294",129.3,"Simu1","KET",200,"cliver",6.12352434647522
"1295",129.4,"Simu1","KET",200,"cliver",5.9616478835559
"1296",129.5,"Simu1","KET",200,"cliver",5.80629810827361
"1297",129.6,"Simu1","KET",200,"cliver",5.6571951163883
"1298",129.7,"Simu1","KET",200,"cliver",5.51407194594466
"1299",129.8,"Simu1","KET",200,"cliver",5.37667392657239
"1300",129.9,"Simu1","KET",200,"cliver",5.24475806301254
"1301",130,"Simu1","KET",200,"cliver",5.11809245121569
"1302",130.1,"Simu1","KET",200,"cliver",4.99645572539567
"1303",130.2,"Simu1","KET",200,"cliver",4.87963653447212
"1304",130.3,"Simu1","KET",200,"cliver",4.76743304638986
"1305",130.4,"Simu1","KET",200,"cliver",4.65965247885799
"1306",130.5,"Simu1","KET",200,"cliver",4.55611065510997
"1307",130.6,"Simu1","KET",200,"cliver",4.45663158334275
"1308",130.7,"Simu1","KET",200,"cliver",4.36104705855264
"1309",130.8,"Simu1","KET",200,"cliver",4.26919628554533
"1310",130.9,"Simu1","KET",200,"cliver",4.18092552195481
"1311",131,"Simu1","KET",200,"cliver",4.09608774016364
"1312",131.1,"Simu1","KET",200,"cliver",4.01454230707354
"1313",131.2,"Simu1","KET",200,"cliver",3.93615468073566
"1314",131.3,"Simu1","KET",200,"cliver",3.86079612287871
"1315",131.4,"Simu1","KET",200,"cliver",3.78834342645666
"1316",131.5,"Simu1","KET",200,"cliver",3.71867865736894
"1317",131.6,"Simu1","KET",200,"cliver",3.65168890955379
"1318",131.7,"Simu1","KET",200,"cliver",3.58726607270079
"1319",131.8,"Simu1","KET",200,"cliver",3.52530661187234
"1320",131.9,"Simu1","KET",200,"cliver",3.46571135836541
"1321",132,"Simu1","KET",200,"cliver",3.40838531118286
"1322",132.1,"Simu1","KET",200,"cliver",3.35323744851978
"1323",132.2,"Simu1","KET",200,"cliver",3.30018054870488
"1324",132.3,"Simu1","KET",200,"cliver",3.24913102007061
"1325",132.4,"Simu1","KET",200,"cliver",3.2000087392562
"1326",132.5,"Simu1","KET",200,"cliver",3.15273689747762
"1327",132.6,"Simu1","KET",200,"cliver",3.10724185432565
"1328",132.7,"Simu1","KET",200,"cliver",3.06345299867918
"1329",132.8,"Simu1","KET",200,"cliver",3.021302616346
"1330",132.9,"Simu1","KET",200,"cliver",2.9807257640655
"1331",133,"Simu1","KET",200,"cliver",2.94166014953037
"1332",133.1,"Simu1","KET",200,"cliver",2.90404601710391
"1333",133.2,"Simu1","KET",200,"cliver",2.86782603893023
"1334",133.3,"Simu1","KET",200,"cliver",2.83294521114882
"1335",133.4,"Simu1","KET",200,"cliver",2.79935075494644
"1336",133.5,"Simu1","KET",200,"cliver",2.76699202219309
"1337",133.6,"Simu1","KET",200,"cliver",2.73582040542296
"1338",133.7,"Simu1","KET",200,"cliver",2.70578925193607
"1339",133.8,"Simu1","KET",200,"cliver",2.6768537818089
"1340",133.9,"Simu1","KET",200,"cliver",2.64897100961498
"1341",134,"Simu1","KET",200,"cliver",2.62209966966773
"1342",134.1,"Simu1","KET",200,"cliver",2.59620014460839
"1343",134.2,"Simu1","KET",200,"cliver",2.57123439717217
"1344",134.3,"Simu1","KET",200,"cliver",2.54716590497496
"1345",134.4,"Simu1","KET",200,"cliver",2.52395959817215
"1346",134.5,"Simu1","KET",200,"cliver",2.50158179984912
"1347",134.6,"Simu1","KET",200,"cliver",2.48000016901088
"1348",134.7,"Simu1","KET",200,"cliver",2.45918364604565
"1349",134.8,"Simu1","KET",200,"cliver",2.43910240054396
"1350",134.9,"Simu1","KET",200,"cliver",2.41972778136137
"1351",135,"Simu1","KET",200,"cliver",2.40103226881883
"1352",135.1,"Simu1","KET",200,"cliver",2.38298942894063
"1353",135.2,"Simu1","KET",200,"cliver",2.36557386963499
"1354",135.3,"Simu1","KET",200,"cliver",2.34876119872722
"1355",135.4,"Simu1","KET",200,"cliver",2.33252798376041
"1356",135.5,"Simu1","KET",200,"cliver",2.31685171348296
"1357",135.6,"Simu1","KET",200,"cliver",2.30171076094642
"1358",135.7,"Simu1","KET",200,"cliver",2.28708434814067
"1359",135.8,"Simu1","KET",200,"cliver",2.27295251209782
"1360",135.9,"Simu1","KET",200,"cliver",2.25929607239898
"1361",136,"Simu1","KET",200,"cliver",2.246096600022
"1362",136.1,"Simu1","KET",200,"cliver",2.23333638747075
"1363",136.2,"Simu1","KET",200,"cliver",2.22099842012994
"1364",136.3,"Simu1","KET",200,"cliver",2.20906634879176
"1365",136.4,"Simu1","KET",200,"cliver",2.19752446330366
"1366",136.5,"Simu1","KET",200,"cliver",2.18635766728865
"1367",136.6,"Simu1","KET",200,"cliver",2.17555145389204
"1368",136.7,"Simu1","KET",200,"cliver",2.16509188251077
"1369",136.8,"Simu1","KET",200,"cliver",2.15496555646319
"1370",136.9,"Simu1","KET",200,"cliver",2.14515960155971
"1371",137,"Simu1","KET",200,"cliver",2.13566164553587
"1372",137.1,"Simu1","KET",200,"cliver",2.12645979831186
"1373",137.2,"Simu1","KET",200,"cliver",2.11754263304359
"1374",137.3,"Simu1","KET",200,"cliver",2.10889916793232
"1375",137.4,"Simu1","KET",200,"cliver",2.10051884876121
"1376",137.5,"Simu1","KET",200,"cliver",2.09239153212877
"1377",137.6,"Simu1","KET",200,"cliver",2.08450746935017
"1378",137.7,"Simu1","KET",200,"cliver",2.07685729099905
"1379",137.8,"Simu1","KET",200,"cliver",2.06943199206339
"1380",137.9,"Simu1","KET",200,"cliver",2.06222291769037
"1381",138,"Simu1","KET",200,"cliver",2.05522174949598
"1382",138.1,"Simu1","KET",200,"cliver",2.04842049241659
"1383",138.2,"Simu1","KET",200,"cliver",2.04181146208019
"1384",138.3,"Simu1","KET",200,"cliver",2.03538727267643
"1385",138.4,"Simu1","KET",200,"cliver",2.02914082530516
"1386",138.5,"Simu1","KET",200,"cliver",2.02306529678413
"1387",138.6,"Simu1","KET",200,"cliver",2.01715412889743
"1388",138.7,"Simu1","KET",200,"cliver",2.01140101806694
"1389",138.8,"Simu1","KET",200,"cliver",2.00579990542964
"1390",138.9,"Simu1","KET",200,"cliver",2.00034496730483
"1391",139,"Simu1","KET",200,"cliver",1.99503060603535
"1392",139.1,"Simu1","KET",200,"cliver",1.98985144118808
"1393",139.2,"Simu1","KET",200,"cliver",1.98480230109928
"1394",139.3,"Simu1","KET",200,"cliver",1.97987821475114
"1395",139.4,"Simu1","KET",200,"cliver",1.97507440396628
"1396",139.5,"Simu1","KET",200,"cliver",1.97038627590762
"1397",139.6,"Simu1","KET",200,"cliver",1.96580941587154
"1398",139.7,"Simu1","KET",200,"cliver",1.96133958036268
"1399",139.8,"Simu1","KET",200,"cliver",1.95697269043931
"1400",139.9,"Simu1","KET",200,"cliver",1.95270482531837
"1401",140,"Simu1","KET",200,"cliver",1.94853221623032
"1402",140.1,"Simu1","KET",200,"cliver",1.94445124051352
"1403",140.2,"Simu1","KET",200,"cliver",1.94045841593904
"1404",140.3,"Simu1","KET",200,"cliver",1.93655039525662
"1405",140.4,"Simu1","KET",200,"cliver",1.93272396095323
"1406",140.5,"Simu1","KET",200,"cliver",1.92897602021576
"1407",140.6,"Simu1","KET",200,"cliver",1.92530360008995
"1408",140.7,"Simu1","KET",200,"cliver",1.92170384282771
"1409",140.8,"Simu1","KET",200,"cliver",1.91817400141561
"1410",140.9,"Simu1","KET",200,"cliver",1.91471143527731
"1411",141,"Simu1","KET",200,"cliver",1.91131360614322
"1412",141.1,"Simu1","KET",200,"cliver",1.90797807408074
"1413",141.2,"Simu1","KET",200,"cliver",1.90470249367893
"1414",141.3,"Simu1","KET",200,"cliver",1.90148461038148
"1415",141.4,"Simu1","KET",200,"cliver",1.89832225696217
"1416",141.5,"Simu1","KET",200,"cliver",1.89521335013738
"1417",141.6,"Simu1","KET",200,"cliver",1.89215588731016
"1418",141.7,"Simu1","KET",200,"cliver",1.88914794344078
"1419",141.8,"Simu1","KET",200,"cliver",1.88618766803895
"1420",141.9,"Simu1","KET",200,"cliver",1.88327328227265
"1421",142,"Simu1","KET",200,"cliver",1.88040307618944
"1422",142.1,"Simu1","KET",200,"cliver",1.8775754060455
"1423",142.2,"Simu1","KET",200,"cliver",1.87478869173846
"1424",142.3,"Simu1","KET",200,"cliver",1.87204141433983
"1425",142.4,"Simu1","KET",200,"cliver",1.86933211372321
"1426",142.5,"Simu1","KET",200,"cliver",1.86665938628455
"1427",142.6,"Simu1","KET",200,"cliver",1.86402188275092
"1428",142.7,"Simu1","KET",200,"cliver",1.8614183060742
"1429",142.8,"Simu1","KET",200,"cliver",1.85884740940663
"1430",142.9,"Simu1","KET",200,"cliver",1.85630799415476
"1431",143,"Simu1","KET",200,"cliver",1.853798908109
"1432",143.1,"Simu1","KET",200,"cliver",1.85131904364565
"1433",143.2,"Simu1","KET",200,"cliver",1.84886733599873
"1434",143.3,"Simu1","KET",200,"cliver",1.84644276159882
"1435",143.4,"Simu1","KET",200,"cliver",1.84404433647623
"1436",143.5,"Simu1","KET",200,"cliver",1.84167111472629
"1437",143.6,"Simu1","KET",200,"cliver",1.83932218703395
"1438",143.7,"Simu1","KET",200,"cliver",1.83699667925572
"1439",143.8,"Simu1","KET",200,"cliver",1.83469375105656
"1440",143.9,"Simu1","KET",200,"cliver",1.8324125949092
"1441",144,"Simu1","KET",200,"cliver",1.83448425682646
"1442",144.1,"Simu1","KET",200,"cliver",6.25406835152227
"1443",144.2,"Simu1","KET",200,"cliver",18.4778721988182
"1444",144.3,"Simu1","KET",200,"cliver",32.0458887938572
"1445",144.4,"Simu1","KET",200,"cliver",44.5070390760647
"1446",144.5,"Simu1","KET",200,"cliver",55.2000349589905
"1447",144.6,"Simu1","KET",200,"cliver",64.0731943605007
"1448",144.7,"Simu1","KET",200,"cliver",71.2682192220289
"1449",144.8,"Simu1","KET",200,"cliver",76.9753464884957
"1450",144.9,"Simu1","KET",200,"cliver",81.3845543119361
"1451",145,"Simu1","KET",200,"cliver",84.6704989233596
"1452",145.1,"Simu1","KET",200,"cliver",86.9891477675805
"1453",145.2,"Simu1","KET",200,"cliver",88.4782191333738
"1454",145.3,"Simu1","KET",200,"cliver",89.2587764786768
"1455",145.4,"Simu1","KET",200,"cliver",89.4370608924517
"1456",145.5,"Simu1","KET",200,"cliver",89.1061382399863
"1457",145.6,"Simu1","KET",200,"cliver",88.3475067675857
"1458",145.7,"Simu1","KET",200,"cliver",87.232357972664
"1459",145.8,"Simu1","KET",200,"cliver",85.8229817117693
"1460",145.9,"Simu1","KET",200,"cliver",84.1735031856386
"1461",146,"Simu1","KET",200,"cliver",82.3311120991593
"1462",146.1,"Simu1","KET",200,"cliver",80.3367570657963
"1463",146.2,"Simu1","KET",200,"cliver",78.2258573611356
"1464",146.3,"Simu1","KET",200,"cliver",76.028993866793
"1465",146.4,"Simu1","KET",200,"cliver",73.7724457496248
"1466",146.5,"Simu1","KET",200,"cliver",71.4787740374449
"1467",146.6,"Simu1","KET",200,"cliver",69.1672066848227
"1468",146.7,"Simu1","KET",200,"cliver",66.8540198893956
"1469",146.8,"Simu1","KET",200,"cliver",64.5529254207851
"1470",146.9,"Simu1","KET",200,"cliver",62.2754030472794
"1471",147,"Simu1","KET",200,"cliver",60.0309756440479
"1472",147.1,"Simu1","KET",200,"cliver",57.8274465728496
"1473",147.2,"Simu1","KET",200,"cliver",55.6711199840123
"1474",147.3,"Simu1","KET",200,"cliver",53.5670032243917
"1475",147.4,"Simu1","KET",200,"cliver",51.5189839182149
"1476",147.5,"Simu1","KET",200,"cliver",49.5299819756239
"1477",147.6,"Simu1","KET",200,"cliver",47.602083050265
"1478",147.7,"Simu1","KET",200,"cliver",45.7366582949266
"1479",147.8,"Simu1","KET",200,"cliver",43.9344710847604
"1480",147.9,"Simu1","KET",200,"cliver",42.1957703046319
"1481",148,"Simu1","KET",200,"cliver",40.5203713299665
"1482",148.1,"Simu1","KET",200,"cliver",38.9077268519064
"1483",148.2,"Simu1","KET",200,"cliver",37.356989175496
"1484",148.3,"Simu1","KET",200,"cliver",35.8670647385398
"1485",148.4,"Simu1","KET",200,"cliver",34.4366613818608
"1486",148.5,"Simu1","KET",200,"cliver",33.0643291581928
"1487",148.6,"Simu1","KET",200,"cliver",31.7484955868479
"1488",148.7,"Simu1","KET",200,"cliver",30.4874960895871
"1489",148.8,"Simu1","KET",200,"cliver",29.2796001338612
"1490",148.9,"Simu1","KET",200,"cliver",28.1230335026475
"1491",149,"Simu1","KET",200,"cliver",27.0159972026917
"1492",149.1,"Simu1","KET",200,"cliver",25.9566834330867
"1493",149.2,"Simu1","KET",200,"cliver",24.9432889926279
"1494",149.3,"Simu1","KET",200,"cliver",23.9740264394512
"1495",149.4,"Simu1","KET",200,"cliver",23.0471332855066
"1496",149.5,"Simu1","KET",200,"cliver",22.1608794858154
"1497",149.6,"Simu1","KET",200,"cliver",21.313573454845
"1498",149.7,"Simu1","KET",200,"cliver",20.5035668113951
"1499",149.8,"Simu1","KET",200,"cliver",19.729258026938
"1500",149.9,"Simu1","KET",200,"cliver",18.9890951324605
"1501",150,"Simu1","KET",200,"cliver",18.2815776220193
"1502",150.1,"Simu1","KET",200,"cliver",17.6052576746013
"1503",150.2,"Simu1","KET",200,"cliver",16.95874079996
"1504",150.3,"Simu1","KET",200,"cliver",16.3406860002927
"1505",150.4,"Simu1","KET",200,"cliver",15.7498055281043
"1506",150.5,"Simu1","KET",200,"cliver",15.1848643105251
"1507",150.6,"Simu1","KET",200,"cliver",14.6446791010816
"1508",150.7,"Simu1","KET",200,"cliver",14.1281174115392
"1509",150.8,"Simu1","KET",200,"cliver",13.6340962692183
"1510",150.9,"Simu1","KET",200,"cliver",13.1615808381765
"1511",151,"Simu1","KET",200,"cliver",12.7095829387569
"1512",151.1,"Simu1","KET",200,"cliver",12.2771594934435
"1513",151.2,"Simu1","KET",200,"cliver",11.8634109231767
"1514",151.3,"Simu1","KET",200,"cliver",11.4674795145711
"1515",151.4,"Simu1","KET",200,"cliver",11.0885477753139
"1516",151.5,"Simu1","KET",200,"cliver",10.7258367920802
"1517",151.6,"Simu1","KET",200,"cliver",10.3786046027251
"1518",151.7,"Simu1","KET",200,"cliver",10.0461445923764
"1519",151.8,"Simu1","KET",200,"cliver",9.72778392123647
"1520",151.9,"Simu1","KET",200,"cliver",9.42288199031979
"1521",152,"Simu1","KET",200,"cliver",9.13082894996087
"1522",152.1,"Simu1","KET",200,"cliver",8.85104425473622
"1523",152.2,"Simu1","KET",200,"cliver",8.58297526744743
"1524",152.3,"Simu1","KET",200,"cliver",8.32609591397463
"1525",152.4,"Simu1","KET",200,"cliver",8.07990539009531
"1526",152.5,"Simu1","KET",200,"cliver",7.8439269207646
"1527",152.6,"Simu1","KET",200,"cliver",7.61770657184899
"1528",152.7,"Simu1","KET",200,"cliver",7.40081211389652
"1529",152.8,"Simu1","KET",200,"cliver",7.19283193718078
"1530",152.9,"Simu1","KET",200,"cliver",6.99337401706652
"1531",153,"Simu1","KET",200,"cliver",6.80206492835265
"1532",153.1,"Simu1","KET",200,"cliver",6.61854890724889
"1533",153.2,"Simu1","KET",200,"cliver",6.44248695946637
"1534",153.3,"Simu1","KET",200,"cliver",6.27355601280444
"1535",153.4,"Simu1","KET",200,"cliver",6.11144811254036
"1536",153.5,"Simu1","KET",200,"cliver",5.9558696579022
"1537",153.6,"Simu1","KET",200,"cliver",5.80654067789622
"1538",153.7,"Simu1","KET",200,"cliver",5.66319414476144
"1539",153.8,"Simu1","KET",200,"cliver",5.52557532333269
"1540",153.9,"Simu1","KET",200,"cliver",5.39344115461948
"1541",154,"Simu1","KET",200,"cliver",5.26655967194393
"1542",154.1,"Simu1","KET",200,"cliver",5.14470944802618
"1543",154.2,"Simu1","KET",200,"cliver",5.02767907145364
"1544",154.3,"Simu1","KET",200,"cliver",4.9152666510213
"1545",154.4,"Simu1","KET",200,"cliver",4.80727934648679
"1546",154.5,"Simu1","KET",200,"cliver",4.70353292434036
"1547",154.6,"Simu1","KET",200,"cliver",4.60385133724965
"1548",154.7,"Simu1","KET",200,"cliver",4.5080663258979
"1549",154.8,"Simu1","KET",200,"cliver",4.41601704198992
"1550",154.9,"Simu1","KET",200,"cliver",4.3275496912747
"1551",155,"Simu1","KET",200,"cliver",4.24251719545652
"1552",155.1,"Simu1","KET",200,"cliver",4.16077887195478
"1553",155.2,"Simu1","KET",200,"cliver",4.0822001305172
"1554",155.3,"Simu1","KET",200,"cliver",4.0066521857419
"1555",155.4,"Simu1","KET",200,"cliver",3.93401178461306
"1556",155.5,"Simu1","KET",200,"cliver",3.86416094820472
"1557",155.6,"Simu1","KET",200,"cliver",3.79698672675611
"1558",155.7,"Simu1","KET",200,"cliver",3.73238096736669
"1559",155.8,"Simu1","KET",200,"cliver",3.67024009360025
"1560",155.9,"Simu1","KET",200,"cliver",3.61046489632857
"1561",156,"Simu1","KET",200,"cliver",3.55296033518334
"1562",156.1,"Simu1","KET",200,"cliver",3.49763535002261
"1563",156.2,"Simu1","KET",200,"cliver",3.44440268185242
"1564",156.3,"Simu1","KET",200,"cliver",3.39317870267677
"1565",156.4,"Simu1","KET",200,"cliver",3.34388325378069
"1566",156.5,"Simu1","KET",200,"cliver",3.29643949197981
"1567",156.6,"Simu1","KET",200,"cliver",3.25077374339793
"1568",156.7,"Simu1","KET",200,"cliver",3.20681536436014
"1569",156.8,"Simu1","KET",200,"cliver",3.1644966090128
"1570",156.9,"Simu1","KET",200,"cliver",3.12375250330739
"1571",157,"Simu1","KET",200,"cliver",3.08452072500169
"1572",157.1,"Simu1","KET",200,"cliver",3.04674148935711
"1573",157.2,"Simu1","KET",200,"cliver",3.01035744022835
"1574",157.3,"Simu1","KET",200,"cliver",2.97531354625946
"1575",157.4,"Simu1","KET",200,"cliver",2.94155700191698
"1576",157.5,"Simu1","KET",200,"cliver",2.90903713310676
"1577",157.6,"Simu1","KET",200,"cliver",2.87770530713613
"1578",157.7,"Simu1","KET",200,"cliver",2.84751484679715
"1579",157.8,"Simu1","KET",200,"cliver",2.81842094835929
"1580",157.9,"Simu1","KET",200,"cliver",2.79038060327243
"1581",158,"Simu1","KET",200,"cliver",2.76335252339221
"1582",158.1,"Simu1","KET",200,"cliver",2.73729706955083
"1583",158.2,"Simu1","KET",200,"cliver",2.71217618330643
"1584",158.3,"Simu1","KET",200,"cliver",2.68795332171336
"1585",158.4,"Simu1","KET",200,"cliver",2.66459339496486
"1586",158.5,"Simu1","KET",200,"cliver",2.64206270676777
"1587",158.6,"Simu1","KET",200,"cliver",2.6203288973167
"1588",158.7,"Simu1","KET",200,"cliver",2.59936088874239
"1589",158.8,"Simu1","KET",200,"cliver",2.57912883291596
"1590",158.9,"Simu1","KET",200,"cliver",2.55960406149727
"1591",159,"Simu1","KET",200,"cliver",2.54075903812105
"1592",159.1,"Simu1","KET",200,"cliver",2.52256731262091
"1593",159.2,"Simu1","KET",200,"cliver",2.50500347719628
"1594",159.3,"Simu1","KET",200,"cliver",2.48804312443233
"1595",159.4,"Simu1","KET",200,"cliver",2.47166280708792
"1596",159.5,"Simu1","KET",200,"cliver",2.45583999957038
"1597",159.6,"Simu1","KET",200,"cliver",2.44055306102093
"1598",159.7,"Simu1","KET",200,"cliver",2.42578119993794
"1599",159.8,"Simu1","KET",200,"cliver",2.4115044402689
"1600",159.9,"Simu1","KET",200,"cliver",2.39770358890589
"1601",160,"Simu1","KET",200,"cliver",2.38436020452201
"1602",160.1,"Simu1","KET",200,"cliver",2.37145656768979
"1603",160.2,"Simu1","KET",200,"cliver",2.35897565222537
"1604",160.3,"Simu1","KET",200,"cliver",2.34690109770472
"1605",160.4,"Simu1","KET",200,"cliver",2.33521718310133
"1606",160.5,"Simu1","KET",200,"cliver",2.32390880149666
"1607",160.6,"Simu1","KET",200,"cliver",2.31296143581723
"1608",160.7,"Simu1","KET",200,"cliver",2.30236113555464
"1609",160.8,"Simu1","KET",200,"cliver",2.29209449442618
"1610",160.9,"Simu1","KET",200,"cliver",2.28214862893662
"1611",161,"Simu1","KET",200,"cliver",2.27251115780268
"1612",161.1,"Simu1","KET",200,"cliver",2.26317018220405
"1613",161.2,"Simu1","KET",200,"cliver",2.25411426682629
"1614",161.3,"Simu1","KET",200,"cliver",2.24533242166247
"1615",161.4,"Simu1","KET",200,"cliver",2.23681408454198
"1616",161.5,"Simu1","KET",200,"cliver",2.2285491043564
"1617",161.6,"Simu1","KET",200,"cliver",2.22052772495348
"1618",161.7,"Simu1","KET",200,"cliver",2.21274056967177
"1619",161.8,"Simu1","KET",200,"cliver",2.20517862648955
"1620",161.9,"Simu1","KET",200,"cliver",2.19783323376289
"1621",162,"Simu1","KET",200,"cliver",2.19069606652872
"1622",162.1,"Simu1","KET",200,"cliver",2.18375912334999
"1623",162.2,"Simu1","KET",200,"cliver",2.17701471368066
"1624",162.3,"Simu1","KET",200,"cliver",2.17045544572974
"1625",162.4,"Simu1","KET",200,"cliver",2.16407421480388
"1626",162.5,"Simu1","KET",200,"cliver",2.15786419210944
"1627",162.6,"Simu1","KET",200,"cliver",2.15181881399533
"1628",162.7,"Simu1","KET",200,"cliver",2.14593177161903
"1629",162.8,"Simu1","KET",200,"cliver",2.14019700101875
"1630",162.9,"Simu1","KET",200,"cliver",2.13460867357548
"1631",163,"Simu1","KET",200,"cliver",2.1291611868493
"1632",163.1,"Simu1","KET",200,"cliver",2.12384915577505
"1633",163.2,"Simu1","KET",200,"cliver",2.11866740420305
"1634",163.3,"Simu1","KET",200,"cliver",2.11361095677106
"1635",163.4,"Simu1","KET",200,"cliver",2.10867503109442
"1636",163.5,"Simu1","KET",200,"cliver",2.10385503026163
"1637",163.6,"Simu1","KET",200,"cliver",2.09914653562341
"1638",163.7,"Simu1","KET",200,"cliver",2.0945452998634
"1639",163.8,"Simu1","KET",200,"cliver",2.09004724033965
"1640",163.9,"Simu1","KET",200,"cliver",2.08564843268594
"1641",164,"Simu1","KET",200,"cliver",2.08134510466284
"1642",164.1,"Simu1","KET",200,"cliver",2.0771336302486
"1643",164.2,"Simu1","KET",200,"cliver",2.07301052396045
"1644",164.3,"Simu1","KET",200,"cliver",2.06897243539724
"1645",164.4,"Simu1","KET",200,"cliver",2.06501614399471
"1646",164.5,"Simu1","KET",200,"cliver",2.06113855398502
"1647",164.6,"Simu1","KET",200,"cliver",2.05733668955264
"1648",164.7,"Simu1","KET",200,"cliver",2.05360769017866
"1649",164.8,"Simu1","KET",200,"cliver",2.04994880616644
"1650",164.9,"Simu1","KET",200,"cliver",2.04635739434118
"1651",165,"Simu1","KET",200,"cliver",2.04283091391693
"1652",165.1,"Simu1","KET",200,"cliver",2.03936692252418
"1653",165.2,"Simu1","KET",200,"cliver",2.03596307239198
"1654",165.3,"Simu1","KET",200,"cliver",2.03261710667841
"1655",165.4,"Simu1","KET",200,"cliver",2.0293268559437
"1656",165.5,"Simu1","KET",200,"cliver",2.02609023476039
"1657",165.6,"Simu1","KET",200,"cliver",2.02290523845513
"1658",165.7,"Simu1","KET",200,"cliver",2.01976993997712
"1659",165.8,"Simu1","KET",200,"cliver",2.01668248688811
"1660",165.9,"Simu1","KET",200,"cliver",2.01364109846929
"1661",166,"Simu1","KET",200,"cliver",2.01064406294054
"1662",166.1,"Simu1","KET",200,"cliver",2.0076897347876
"1663",166.2,"Simu1","KET",200,"cliver",2.004776532193
"1664",166.3,"Simu1","KET",200,"cliver",2.00190293456672
"1665",166.4,"Simu1","KET",200,"cliver",1.99906748017263
"1666",166.5,"Simu1","KET",200,"cliver",1.99626876384706
"1667",166.6,"Simu1","KET",200,"cliver",1.99350543480594
"1668",166.7,"Simu1","KET",200,"cliver",1.99077619453693
"1669",166.8,"Simu1","KET",200,"cliver",1.98807979477334
"1670",166.9,"Simu1","KET",200,"cliver",1.9854150355467
"1671",167,"Simu1","KET",200,"cliver",1.98278076331483
"1672",167.1,"Simu1","KET",200,"cliver",1.98017586916245
"1673",167.2,"Simu1","KET",200,"cliver",1.97759928707169
"1674",167.3,"Simu1","KET",200,"cliver",1.97504999225959
"1675",167.4,"Simu1","KET",200,"cliver",1.97252699958007
"1676",167.5,"Simu1","KET",200,"cliver",1.9700293619879
"1677",167.6,"Simu1","KET",200,"cliver",1.96755616906218
"1678",167.7,"Simu1","KET",200,"cliver",1.96510654558715
"1679",167.8,"Simu1","KET",200,"cliver",1.96267965019049
"1680",167.9,"Simu1","KET",200,"cliver",1.96027467435807
"1681",168,"Simu1","KET",200,"cliver",1.96222266652672
"1682",168.1,"Simu1","KET",200,"cliver",6.38169980486078
"1683",168.2,"Simu1","KET",200,"cliver",18.6055059979362
"1684",168.3,"Simu1","KET",200,"cliver",32.173673554379
"1685",168.4,"Simu1","KET",200,"cliver",44.6351054978346
"1686",168.5,"Simu1","KET",200,"cliver",55.3284828772489
"1687",168.6,"Simu1","KET",200,"cliver",64.2020939056434
"1688",168.7,"Simu1","KET",200,"cliver",71.3976154083428
"1689",168.8,"Simu1","KET",200,"cliver",77.1052640073313
"1690",168.9,"Simu1","KET",200,"cliver",81.5150016874535
"1691",169,"Simu1","KET",200,"cliver",84.8014719662032
"1692",169.1,"Simu1","KET",200,"cliver",87.1206323233447
"1693",169.2,"Simu1","KET",200,"cliver",88.6101933437951
"1694",169.3,"Simu1","KET",200,"cliver",89.3912127577586
"1695",169.4,"Simu1","KET",200,"cliver",89.5699292733828
"1696",169.5,"Simu1","KET",200,"cliver",89.239398573217
"1697",169.6,"Simu1","KET",200,"cliver",88.4811136631366
"1698",169.7,"Simu1","KET",200,"cliver",87.3662715135353
"1699",169.8,"Simu1","KET",200,"cliver",85.9571094736391
"1700",169.9,"Simu1","KET",200,"cliver",84.3078267956547
"1701",170,"Simu1","KET",200,"cliver",82.4655507400145
"1702",170.1,"Simu1","KET",200,"cliver",80.4713431681729
"1703",170.2,"Simu1","KET",200,"cliver",78.3606303232804
"1704",170.3,"Simu1","KET",200,"cliver",76.1638734495703
"1705",170.4,"Simu1","KET",200,"cliver",73.9074264547033
"1706",170.5,"Simu1","KET",200,"cliver",71.6138322900451
"1707",170.6,"Simu1","KET",200,"cliver",69.3022886747936
"1708",170.7,"Simu1","KET",200,"cliver",66.9890825475232
"1709",170.8,"Simu1","KET",200,"cliver",64.687923196202
"1710",170.9,"Simu1","KET",200,"cliver",62.4102975378424
"1711",171,"Simu1","KET",200,"cliver",60.1657508268707
"1712",171.1,"Simu1","KET",200,"cliver",57.9620925379696
"1713",171.2,"Simu1","KET",200,"cliver",55.805616508554
"1714",171.3,"Simu1","KET",200,"cliver",53.7013261053084
"1715",171.4,"Simu1","KET",200,"cliver",51.6531133641669
"1716",171.5,"Simu1","KET",200,"cliver",49.6639039875908
"1717",171.6,"Simu1","KET",200,"cliver",47.7357855801723
"1718",171.7,"Simu1","KET",200,"cliver",45.8701287950502
"1719",171.8,"Simu1","KET",200,"cliver",44.0676973156328
"1720",171.9,"Simu1","KET",200,"cliver",42.3287418605162
"1721",172,"Simu1","KET",200,"cliver",40.6530798135495
"1722",172.1,"Simu1","KET",200,"cliver",39.0401650871847
"1723",172.2,"Simu1","KET",200,"cliver",37.4891506877497
"1724",172.3,"Simu1","KET",200,"cliver",35.9989438454686
"1725",172.4,"Simu1","KET",200,"cliver",34.5682534204614
"1726",172.5,"Simu1","KET",200,"cliver",33.1956304618123
"1727",172.6,"Simu1","KET",200,"cliver",31.8795032880173
"1728",172.7,"Simu1","KET",200,"cliver",30.6182080026355
"1729",172.8,"Simu1","KET",200,"cliver",29.4100146658037
"1730",172.9,"Simu1","KET",200,"cliver",28.253149654901
"1731",173,"Simu1","KET",200,"cliver",27.1458145426801
"1732",173.1,"Simu1","KET",200,"cliver",26.0862020315334
"1733",173.2,"Simu1","KET",200,"cliver",25.0725093578007
"1734",173.3,"Simu1","KET",200,"cliver",24.1029494711342
"1735",173.4,"Simu1","KET",200,"cliver",23.1757602417337
"1736",173.5,"Simu1","KET",200,"cliver",22.2892119478594
"1737",173.6,"Simu1","KET",200,"cliver",21.4416132881058
"1738",173.7,"Simu1","KET",200,"cliver",20.6313161286259
"1739",173.8,"Simu1","KET",200,"cliver",19.8567191575319
"1740",173.9,"Simu1","KET",200,"cliver",19.1162705958557
"1741",174,"Simu1","KET",200,"cliver",18.4084701023353
"1742",174.1,"Simu1","KET",200,"cliver",17.7318699961797
"1743",174.2,"Simu1","KET",200,"cliver",17.0850759050134
"1744",174.3,"Simu1","KET",200,"cliver",16.4667469291767
"1745",174.4,"Simu1","KET",200,"cliver",15.8755954016589
"1746",174.5,"Simu1","KET",200,"cliver",15.310386313846
"1747",174.6,"Simu1","KET",200,"cliver",14.7699364686288
"1748",174.7,"Simu1","KET",200,"cliver",14.2531134138714
"1749",174.8,"Simu1","KET",200,"cliver",13.7588342005752
"1750",174.9,"Simu1","KET",200,"cliver",13.286064005976
"1751",175,"Simu1","KET",200,"cliver",12.8338146541308
"1752",175.1,"Simu1","KET",200,"cliver",12.4011430626514
"1753",175.2,"Simu1","KET",200,"cliver",11.9871496398689
"1754",175.3,"Simu1","KET",200,"cliver",11.59097665298
"1755",175.4,"Simu1","KET",200,"cliver",11.2118065843248
"1756",175.5,"Simu1","KET",200,"cliver",10.8488604900345
"1757",175.6,"Simu1","KET",200,"cliver",10.50139637285
"1758",175.7,"Simu1","KET",200,"cliver",10.1687075787988
"1759",175.8,"Simu1","KET",200,"cliver",9.85012122555543
"1760",175.9,"Simu1","KET",200,"cliver",9.54499666868975
"1761",176,"Simu1","KET",200,"cliver",9.25272401062252
"1762",176.1,"Simu1","KET",200,"cliver",8.97272265594472
"1763",176.2,"Simu1","KET",200,"cliver",8.70443991576295
"1764",176.3,"Simu1","KET",200,"cliver",8.44734966288276
"1765",176.4,"Simu1","KET",200,"cliver",8.2009510389256
"1766",176.5,"Simu1","KET",200,"cliver",7.96476721387232
"1767",176.6,"Simu1","KET",200,"cliver",7.73834419803002
"1768",176.7,"Simu1","KET",200,"cliver",7.5212497059982
"1769",176.8,"Simu1","KET",200,"cliver",7.31307207195883
"1770",176.9,"Simu1","KET",200,"cliver",7.11341921514884
"1771",177,"Simu1","KET",200,"cliver",6.92191765435331
"1772",177.1,"Simu1","KET",200,"cliver",6.73821157002295
"1773",177.2,"Simu1","KET",200,"cliver",6.56196191248999
"1774",177.3,"Simu1","KET",200,"cliver",6.39284555465165
"1775",177.4,"Simu1","KET",200,"cliver",6.23055448744036
"1776",177.5,"Simu1","KET",200,"cliver",6.07479505637017
"1777",177.6,"Simu1","KET",200,"cliver",5.925287237432
"1778",177.7,"Simu1","KET",200,"cliver",5.78176395060574
"1779",177.8,"Simu1","KET",200,"cliver",5.64397040926984
"1780",177.9,"Simu1","KET",200,"cliver",5.51166350381847
"1781",178,"Simu1","KET",200,"cliver",5.38461121783198
"1782",178.1,"Simu1","KET",200,"cliver",5.26259207518959
"1783",178.2,"Simu1","KET",200,"cliver",5.14539461656026
"1784",178.3,"Simu1","KET",200,"cliver",5.03281690375924
"1785",178.4,"Simu1","KET",200,"cliver",4.92466605051502
"1786",178.5,"Simu1","KET",200,"cliver",4.82075777824751
"1787",178.6,"Simu1","KET",200,"cliver",4.72091599551757
"1788",178.7,"Simu1","KET",200,"cliver",4.62497239986426
"1789",178.8,"Simu1","KET",200,"cliver",4.5327661008213
"1790",178.9,"Simu1","KET",200,"cliver",4.44414326292488
"1791",179,"Simu1","KET",200,"cliver",4.35895676762025
"1792",179.1,"Simu1","KET",200,"cliver",4.27706589301674
"1793",179.2,"Simu1","KET",200,"cliver",4.19833601049449
"1794",179.3,"Simu1","KET",200,"cliver",4.12263829721608
"1795",179.4,"Simu1","KET",200,"cliver",4.04984946364972
"1796",179.5,"Simu1","KET",200,"cliver",3.97985149526066
"1797",179.6,"Simu1","KET",200,"cliver",3.91253140757408
"1798",179.7,"Simu1","KET",200,"cliver",3.84778101385681
"1799",179.8,"Simu1","KET",200,"cliver",3.78549670470706
"1800",179.9,"Simu1","KET",200,"cliver",3.72557923888299
"1801",180,"Simu1","KET",200,"cliver",3.66793354473941
"1802",180.1,"Simu1","KET",200,"cliver",3.61246853167883
"1803",180.2,"Simu1","KET",200,"cliver",3.55909691105738
"1804",180.3,"Simu1","KET",200,"cliver",3.50773502601884
"1805",180.4,"Simu1","KET",200,"cliver",3.45830268976158
"1806",180.5,"Simu1","KET",200,"cliver",3.41072303177198
"1807",180.6,"Simu1","KET",200,"cliver",3.36492235158588
"1808",180.7,"Simu1","KET",200,"cliver",3.32082997966518
"1809",180.8,"Simu1","KET",200,"cliver",3.27837814500333
"1810",180.9,"Simu1","KET",200,"cliver",3.23750184909153
"1811",181,"Simu1","KET",200,"cliver",3.19813874590419
"1812",181.1,"Simu1","KET",200,"cliver",3.16022902758078
"1813",181.2,"Simu1","KET",200,"cliver",3.12371531550028
"1814",181.3,"Simu1","KET",200,"cliver",3.08854255646173
"1815",181.4,"Simu1","KET",200,"cliver",3.05465792370201
"1816",181.5,"Simu1","KET",200,"cliver",3.0220107224976
"1817",181.6,"Simu1","KET",200,"cliver",2.99055230011205
"1818",181.7,"Simu1","KET",200,"cliver",2.9602359598648
"1819",181.8,"Simu1","KET",200,"cliver",2.93101687910947
"1820",181.9,"Simu1","KET",200,"cliver",2.90285203092274
"1821",182,"Simu1","KET",200,"cliver",2.87570010931592
"1822",182.1,"Simu1","KET",200,"cliver",2.8495214577922
"1823",182.2,"Simu1","KET",200,"cliver",2.82427800108267
"1824",182.3,"Simu1","KET",200,"cliver",2.79993317990353
"1825",182.4,"Simu1","KET",200,"cliver",2.77645188858603
"1826",182.5,"Simu1","KET",200,"cliver",2.75380041543854
"1827",182.6,"Simu1","KET",200,"cliver",2.73194638570845
"1828",182.7,"Simu1","KET",200,"cliver",2.71085870701848
"1829",182.8,"Simu1","KET",200,"cliver",2.69050751715936
"1830",182.9,"Simu1","KET",200,"cliver",2.67086413412643
"1831",183,"Simu1","KET",200,"cliver",2.6519010082945
"1832",183.1,"Simu1","KET",200,"cliver",2.63359167663089
"1833",183.2,"Simu1","KET",200,"cliver",2.61591071885168
"1834",183.3,"Simu1","KET",200,"cliver",2.59883371543107
"1835",183.4,"Simu1","KET",200,"cliver",2.582337207379
"1836",183.5,"Simu1","KET",200,"cliver",2.56639865770594
"1837",183.6,"Simu1","KET",200,"cliver",2.55099641449847
"1838",183.7,"Simu1","KET",200,"cliver",2.536109675533
"1839",183.8,"Simu1","KET",200,"cliver",2.5217184543584
"1840",183.9,"Simu1","KET",200,"cliver",2.50780354778234
"1841",184,"Simu1","KET",200,"cliver",2.49434650469885
"1842",184.1,"Simu1","KET",200,"cliver",2.48132959619804
"1843",184.2,"Simu1","KET",200,"cliver",2.46873578690184
"1844",184.3,"Simu1","KET",200,"cliver",2.45654870747197
"1845",184.4,"Simu1","KET",200,"cliver",2.44475262823962
"1846",184.5,"Simu1","KET",200,"cliver",2.43333243390801
"1847",184.6,"Simu1","KET",200,"cliver",2.42227359928192
"1848",184.7,"Simu1","KET",200,"cliver",2.41156216598019
"1849",184.8,"Simu1","KET",200,"cliver",2.40118472008922
"1850",184.9,"Simu1","KET",200,"cliver",2.39112837071756
"1851",185,"Simu1","KET",200,"cliver",2.38138072941361
"1852",185.1,"Simu1","KET",200,"cliver",2.37192989040988
"1853",185.2,"Simu1","KET",200,"cliver",2.36276441165944
"1854",185.3,"Simu1","KET",200,"cliver",2.35387329663118
"1855",185.4,"Simu1","KET",200,"cliver",2.34524597683248
"1856",185.5,"Simu1","KET",200,"cliver",2.33687229502908
"1857",185.6,"Simu1","KET",200,"cliver",2.32874248913316
"1858",185.7,"Simu1","KET",200,"cliver",2.32084717673236
"1859",185.8,"Simu1","KET",200,"cliver",2.31317734023316
"1860",185.9,"Simu1","KET",200,"cliver",2.30572431259354
"1861",186,"Simu1","KET",200,"cliver",2.29847976362086
"1862",186.1,"Simu1","KET",200,"cliver",2.29143568681187
"1863",186.2,"Simu1","KET",200,"cliver",2.28458438671287
"1864",186.3,"Simu1","KET",200,"cliver",2.27791846677883
"1865",186.4,"Simu1","KET",200,"cliver",2.27143081771139
"1866",186.5,"Simu1","KET",200,"cliver",2.26511460625631
"1867",186.6,"Simu1","KET",200,"cliver",2.258963264442
"1868",186.7,"Simu1","KET",200,"cliver",2.25297047924117
"1869",186.8,"Simu1","KET",200,"cliver",2.2471301826389
"1870",186.9,"Simu1","KET",200,"cliver",2.24143654209054
"1871",187,"Simu1","KET",200,"cliver",2.2358839513542
"1872",187.1,"Simu1","KET",200,"cliver",2.23046702168255
"1873",187.2,"Simu1","KET",200,"cliver",2.2251805733598
"1874",187.3,"Simu1","KET",200,"cliver",2.22001962757015
"1875",187.4,"Simu1","KET",200,"cliver",2.21497939858435
"1876",187.5,"Simu1","KET",200,"cliver",2.21005528625194
"1877",187.6,"Simu1","KET",200,"cliver",2.20524286878696
"1878",187.7,"Simu1","KET",200,"cliver",2.20053789583555
"1879",187.8,"Simu1","KET",200,"cliver",2.19593628181422
"1880",187.9,"Simu1","KET",200,"cliver",2.19143409950823
"1881",188,"Simu1","KET",200,"cliver",2.18702757391972
"1882",188.1,"Simu1","KET",200,"cliver",2.18271307635574
"1883",188.2,"Simu1","KET",200,"cliver",2.17848711874681
"1884",188.3,"Simu1","KET",200,"cliver",2.1743463481869
"1885",188.4,"Simu1","KET",200,"cliver",2.17028754168609
"1886",188.5,"Simu1","KET",200,"cliver",2.16630760112763
"1887",188.6,"Simu1","KET",200,"cliver",2.16240354842131
"1888",188.7,"Simu1","KET",200,"cliver",2.1585725208455
"1889",188.8,"Simu1","KET",200,"cliver",2.15481176657043
"1890",188.9,"Simu1","KET",200,"cliver",2.15111864035562
"1891",189,"Simu1","KET",200,"cliver",2.14749059941466
"1892",189.1,"Simu1","KET",200,"cliver",2.14392519944074
"1893",189.2,"Simu1","KET",200,"cliver",2.14042009078675
"1894",189.3,"Simu1","KET",200,"cliver",2.13697301479378
"1895",189.4,"Simu1","KET",200,"cliver",2.13358180026235
"1896",189.5,"Simu1","KET",200,"cliver",2.13024436006068
"1897",189.6,"Simu1","KET",200,"cliver",2.12695868786478
"1898",189.7,"Simu1","KET",200,"cliver",2.12372285502507
"1899",189.8,"Simu1","KET",200,"cliver",2.12053500755478
"1900",189.9,"Simu1","KET",200,"cliver",2.11739336323515
"1901",190,"Simu1","KET",200,"cliver",2.11429620883316
"1902",190.1,"Simu1","KET",200,"cliver",2.11124189742711
"1903",190.2,"Simu1","KET",200,"cliver",2.10822884583613
"1904",190.3,"Simu1","KET",200,"cliver",2.10525553214936
"1905",190.4,"Simu1","KET",200,"cliver",2.10232049335104
"1906",190.5,"Simu1","KET",200,"cliver",2.09942232303772
"1907",190.6,"Simu1","KET",200,"cliver",2.09655966922407
"1908",190.7,"Simu1","KET",200,"cliver",2.0937312322338
"1909",190.8,"Simu1","KET",200,"cliver",2.09093576267233
"1910",190.9,"Simu1","KET",200,"cliver",2.08817205947818
"1911",191,"Simu1","KET",200,"cliver",2.08543896804986
"1912",191.1,"Simu1","KET",200,"cliver",2.08273537844547
"1913",191.2,"Simu1","KET",200,"cliver",2.08006022365202
"1914",191.3,"Simu1","KET",200,"cliver",2.07741247792194
"1915",191.4,"Simu1","KET",200,"cliver",2.0747911551741
"1916",191.5,"Simu1","KET",200,"cliver",2.07219530745669
"1917",191.6,"Simu1","KET",200,"cliver",2.06962402346986
"1918",191.7,"Simu1","KET",200,"cliver",2.06707642714554
"1919",191.8,"Simu1","KET",200,"cliver",2.06455167628354
"1920",191.9,"Simu1","KET",200,"cliver",2.06204896151491
"1921",192,"Simu1","KET",200,"cliver",2.06389935809589
"1922",192.1,"Simu1","KET",200,"cliver",6.4832976739217
"1923",192.2,"Simu1","KET",200,"cliver",18.7071099433056
"1924",192.3,"Simu1","KET",200,"cliver",32.2753962420772
"1925",192.4,"Simu1","KET",200,"cliver",44.7370493650115
"1926",192.5,"Simu1","KET",200,"cliver",55.4307272319764
"1927",192.6,"Simu1","KET",200,"cliver",64.3046949006109
"1928",192.7,"Simu1","KET",200,"cliver",71.500609400843
"1929",192.8,"Simu1","KET",200,"cliver",77.2086711266703
"1930",192.9,"Simu1","KET",200,"cliver",81.618825319622
"1931",193,"Simu1","KET",200,"cliver",84.905717674725
"1932",193.1,"Simu1","KET",200,"cliver",87.2253041957958
"1933",193.2,"Simu1","KET",200,"cliver",88.7152424767403
"1934",193.3,"Simu1","KET",200,"cliver",89.4967152725124
"1935",193.4,"Simu1","KET",200,"cliver",89.6757601349217
"1936",193.5,"Simu1","KET",200,"cliver",89.3455361969234
"1937",193.6,"Simu1","KET",200,"cliver",88.5874698314711
"1938",193.7,"Simu1","KET",200,"cliver",87.4729085652419
"1939",193.8,"Simu1","KET",200,"cliver",86.0639237809411
"1940",193.9,"Simu1","KET",200,"cliver",84.4147762142465
"1941",194,"Simu1","KET",200,"cliver",82.5728078825879
"1942",194.1,"Simu1","KET",200,"cliver",80.5788355145927
"1943",194.2,"Simu1","KET",200,"cliver",78.4681698258122
"1944",194.3,"Simu1","KET",200,"cliver",76.2714718057132
"1945",194.4,"Simu1","KET",200,"cliver",74.0150716036983
"1946",194.5,"Simu1","KET",200,"cliver",71.7215002028892
"1947",194.6,"Simu1","KET",200,"cliver",69.409949234759
"1948",194.7,"Simu1","KET",200,"cliver",67.0967120547888
"1949",194.8,"Simu1","KET",200,"cliver",64.7955182038085
"1950",194.9,"Simu1","KET",200,"cliver",62.5178350079523
"1951",195,"Simu1","KET",200,"cliver",60.2731776212806
"1952",195.1,"Simu1","KET",200,"cliver",58.0693771791389
"1953",195.2,"Simu1","KET",200,"cliver",55.9127595080669
"1954",195.3,"Simu1","KET",200,"cliver",53.8083278024591
"1955",195.4,"Simu1","KET",200,"cliver",51.759960095632
"1956",195.5,"Simu1","KET",200,"cliver",49.7705772469812
"1957",195.6,"Simu1","KET",200,"cliver",47.8422729411415
"1958",195.7,"Simu1","KET",200,"cliver",45.9764240313159
"1959",195.8,"Simu1","KET",200,"cliver",44.1737947912984
"1960",195.9,"Simu1","KET",200,"cliver",42.4346340397505
"1961",196,"Simu1","KET",200,"cliver",40.7587590241453
"1962",196.1,"Simu1","KET",200,"cliver",39.1456255047179
"1963",196.2,"Simu1","KET",200,"cliver",37.5943882284833
"1964",196.3,"Simu1","KET",200,"cliver",36.1039550454604
"1965",196.4,"Simu1","KET",200,"cliver",34.6730349518112
"1966",196.5,"Simu1","KET",200,"cliver",33.3001794447891
"1967",196.6,"Simu1","KET",200,"cliver",31.9838176180905
"1968",196.7,"Simu1","KET",200,"cliver",30.7222862509635
"1969",196.8,"Simu1","KET",200,"cliver",29.5138558934826
"1970",196.9,"Simu1","KET",200,"cliver",28.3567533066165
"1971",197,"Simu1","KET",200,"cliver",27.2491804253218
"1972",197.1,"Simu1","KET",200,"cliver",26.1893303394515
"1973",197.2,"Simu1","KET",200,"cliver",25.1754006413923
"1974",197.3,"Simu1","KET",200,"cliver",24.2056045775722
"1975",197.4,"Simu1","KET",200,"cliver",23.2781802718242
"1976",197.5,"Simu1","KET",200,"cliver",22.3913982359854
"1977",197.6,"Simu1","KET",200,"cliver",21.5435673853618
"1978",197.7,"Simu1","KET",200,"cliver",20.733039777408
"1979",197.8,"Simu1","KET",200,"cliver",19.958214263077
"1980",197.9,"Simu1","KET",200,"cliver",19.2175392030099
"1981",198,"Simu1","KET",200,"cliver",18.5095143780065
"1982",198.1,"Simu1","KET",200,"cliver",17.8326922132584
"1983",198.2,"Simu1","KET",200,"cliver",17.1856784256907
"1984",198.3,"Simu1","KET",200,"cliver",16.5671321888957
"1985",198.4,"Simu1","KET",200,"cliver",15.9757658951829
"1986",198.5,"Simu1","KET",200,"cliver",15.4103445833112
"1987",198.6,"Simu1","KET",200,"cliver",14.8696850926423
"1988",198.7,"Simu1","KET",200,"cliver",14.352654997107
"1989",198.8,"Simu1","KET",200,"cliver",13.8581713648052
"1990",198.9,"Simu1","KET",200,"cliver",13.3851993818812
"1991",199,"Simu1","KET",200,"cliver",12.9327508737
"1992",199.1,"Simu1","KET",200,"cliver",12.4998827526381
"1993",199.2,"Simu1","KET",200,"cliver",12.0856954160136
"1994",199.3,"Simu1","KET",200,"cliver",11.6893311148742
"1995",199.4,"Simu1","KET",200,"cliver",11.309972310827
"1996",199.5,"Simu1","KET",200,"cliver",10.946840035227
"1997",199.6,"Simu1","KET",200,"cliver",10.5991922625228
"1998",199.7,"Simu1","KET",200,"cliver",10.26632230741
"1999",199.8,"Simu1","KET",200,"cliver",9.9475572536061
"2000",199.9,"Simu1","KET",200,"cliver",9.64225642046936
"2001",200,"Simu1","KET",200,"cliver",9.34980987229678
"2002",200.1,"Simu1","KET",200,"cliver",9.06963697395905
"2003",200.2,"Simu1","KET",200,"cliver",8.80118499552948
"2004",200.3,"Simu1","KET",200,"cliver",8.54392776771939
"2005",200.4,"Simu1","KET",200,"cliver",8.2973643892208
"2006",200.5,"Simu1","KET",200,"cliver",8.06101798645392
"2007",200.6,"Simu1","KET",200,"cliver",7.83443452571897
"2008",200.7,"Simu1","KET",200,"cliver",7.61718167734154
"2009",200.8,"Simu1","KET",200,"cliver",7.40884773105632
"2010",200.9,"Simu1","KET",200,"cliver",7.20904056163253
"2011",201,"Simu1","KET",200,"cliver",7.01738664352749
"2012",201.1,"Simu1","KET",200,"cliver",6.83353011307331
"2013",201.2,"Simu1","KET",200,"cliver",6.65713187676919
"2014",201.3,"Simu1","KET",200,"cliver",6.48786876404321
"2015",201.4,"Simu1","KET",200,"cliver",6.32543272279963
"2016",201.5,"Simu1","KET",200,"cliver",6.16953005602833
"2017",201.6,"Simu1","KET",200,"cliver",6.01988069774794
"2018",201.7,"Simu1","KET",200,"cliver",5.87621752655847
"2019",201.8,"Simu1","KET",200,"cliver",5.73828571508817
"2020",201.9,"Simu1","KET",200,"cliver",5.60584211364359
"2021",202,"Simu1","KET",200,"cliver",5.47865466640657
"2022",202.1,"Simu1","KET",200,"cliver",5.35650185856738
"2023",202.2,"Simu1","KET",200,"cliver",5.23917219283192
"2024",202.3,"Simu1","KET",200,"cliver",5.12646369379148
"2025",202.4,"Simu1","KET",200,"cliver",5.01818343869968
"2026",202.5,"Simu1","KET",200,"cliver",4.91414711325753
"2027",202.6,"Simu1","KET",200,"cliver",4.81417859106708
"2028",202.7,"Simu1","KET",200,"cliver",4.71810953547328
"2029",202.8,"Simu1","KET",200,"cliver",4.62577902257004
"2030",202.9,"Simu1","KET",200,"cliver",4.5370331842108
"2031",203,"Simu1","KET",200,"cliver",4.45172486991958
"2032",203.1,"Simu1","KET",200,"cliver",4.36971332663466
"2033",203.2,"Simu1","KET",200,"cliver",4.29086389530641
"2034",203.3,"Simu1","KET",200,"cliver",4.2150477234013
"2035",203.4,"Simu1","KET",200,"cliver",4.1421414924183
"2036",203.5,"Simu1","KET",200,"cliver",4.07202715957155
"2037",203.6,"Simu1","KET",200,"cliver",4.00459171284268
"2038",203.7,"Simu1","KET",200,"cliver",3.93972693865127
"2039",203.8,"Simu1","KET",200,"cliver",3.87732920143342
"2040",203.9,"Simu1","KET",200,"cliver",3.81729923445913
"2041",204,"Simu1","KET",200,"cliver",3.75954194125727
"2042",204.1,"Simu1","KET",200,"cliver",3.70396620705432
"2043",204.2,"Simu1","KET",200,"cliver",3.65048471966783
"2044",204.3,"Simu1","KET",200,"cliver",3.59901379932804
"2045",204.4,"Simu1","KET",200,"cliver",3.54947323693221
"2046",204.5,"Simu1","KET",200,"cliver",3.50178614026546
"2047",204.6,"Simu1","KET",200,"cliver",3.45587878774951
"2048",204.7,"Simu1","KET",200,"cliver",3.41168048930705
"2049",204.8,"Simu1","KET",200,"cliver",3.36912345395315
"2050",204.9,"Simu1","KET",200,"cliver",3.3281426637496
"2051",205,"Simu1","KET",200,"cliver",3.28867575377912
"2052",205.1,"Simu1","KET",200,"cliver",3.25066289781392
"2053",205.2,"Simu1","KET",200,"cliver",3.21404669937756
"2054",205.3,"Simu1","KET",200,"cliver",3.17877208791336
"2055",205.4,"Simu1","KET",200,"cliver",3.14478621979048
"2056",205.5,"Simu1","KET",200,"cliver",3.11203838389393
"2057",205.6,"Simu1","KET",200,"cliver",3.08047991156033
"2058",205.7,"Simu1","KET",200,"cliver",3.05006409063509
"2059",205.8,"Simu1","KET",200,"cliver",3.02074608343949
"2060",205.9,"Simu1","KET",200,"cliver",2.99248284844845
"2061",206,"Simu1","KET",200,"cliver",2.96523306549119
"2062",206.1,"Simu1","KET",200,"cliver",2.93895706429774
"2063",206.2,"Simu1","KET",200,"cliver",2.91361675622441
"2064",206.3,"Simu1","KET",200,"cliver",2.8891755690007
"2065",206.4,"Simu1","KET",200,"cliver",2.86559838434905
"2066",206.5,"Simu1","KET",200,"cliver",2.84285147833708
"2067",206.6,"Simu1","KET",200,"cliver",2.82090246432968
"2068",206.7,"Simu1","KET",200,"cliver",2.7997202384159
"2069",206.8,"Simu1","KET",200,"cliver",2.77927492719209
"2070",206.9,"Simu1","KET",200,"cliver",2.75953783778943
"2071",207,"Simu1","KET",200,"cliver",2.74048141004015
"2072",207.1,"Simu1","KET",200,"cliver",2.72207917068165
"2073",207.2,"Simu1","KET",200,"cliver",2.70430568950412
"2074",207.3,"Simu1","KET",200,"cliver",2.68713653735167
"2075",207.4,"Simu1","KET",200,"cliver",2.67054824589175
"2076",207.5,"Simu1","KET",200,"cliver",2.65451826907203
"2077",207.6,"Simu1","KET",200,"cliver",2.63902494618823
"2078",207.7,"Simu1","KET",200,"cliver",2.62404746649016
"2079",207.8,"Simu1","KET",200,"cliver",2.60956583525702
"2080",207.9,"Simu1","KET",200,"cliver",2.59556084127649
"2081",208,"Simu1","KET",200,"cliver",2.58201402566523
"2082",208.1,"Simu1","KET",200,"cliver",2.56890765197176
"2083",208.2,"Simu1","KET",200,"cliver",2.55622467750543
"2084",208.3,"Simu1","KET",200,"cliver",2.5439487258379
"2085",208.4,"Simu1","KET",200,"cliver",2.53206406042642
"2086",208.5,"Simu1","KET",200,"cliver",2.52055555931018
"2087",208.6,"Simu1","KET",200,"cliver",2.50940869083381
"2088",208.7,"Simu1","KET",200,"cliver",2.49860949035394
"2089",208.8,"Simu1","KET",200,"cliver",2.48814453788693
"2090",208.9,"Simu1","KET",200,"cliver",2.47800093665793
"2091",209,"Simu1","KET",200,"cliver",2.46816629251305
"2092",209.1,"Simu1","KET",200,"cliver",2.45862869415841
"2093",209.2,"Simu1","KET",200,"cliver",2.44937669419131
"2094",209.3,"Simu1","KET",200,"cliver",2.44039929089054
"2095",209.4,"Simu1","KET",200,"cliver",2.43168591073408
"2096",209.5,"Simu1","KET",200,"cliver",2.42322639161423
"2097",209.6,"Simu1","KET",200,"cliver",2.4150109667211
"2098",209.7,"Simu1","KET",200,"cliver",2.40703024906705
"2099",209.8,"Simu1","KET",200,"cliver",2.39927521662569
"2100",209.9,"Simu1","KET",200,"cliver",2.3917371980603
"2101",210,"Simu1","KET",200,"cliver",2.38440785901754
"2102",210.1,"Simu1","KET",200,"cliver",2.3772791889634
"2103",210.2,"Simu1","KET",200,"cliver",2.37034348853947
"2104",210.3,"Simu1","KET",200,"cliver",2.3635933574182
"2105",210.4,"Simu1","KET",200,"cliver",2.35702168263724
"2106",210.5,"Simu1","KET",200,"cliver",2.35062162739326
"2107",210.6,"Simu1","KET",200,"cliver",2.34438662027693
"2108",210.7,"Simu1","KET",200,"cliver",2.33831034493126
"2109",210.8,"Simu1","KET",200,"cliver",2.33238673011624
"2110",210.9,"Simu1","KET",200,"cliver",2.32660994016365
"2111",211,"Simu1","KET",200,"cliver",2.32097436580631
"2112",211.1,"Simu1","KET",200,"cliver",2.31547461536693
"2113",211.2,"Simu1","KET",200,"cliver",2.31010550629214
"2114",211.3,"Simu1","KET",200,"cliver",2.304862057018
"2115",211.4,"Simu1","KET",200,"cliver",2.29973947915387
"2116",211.5,"Simu1","KET",200,"cliver",2.29473316997189
"2117",211.6,"Simu1","KET",200,"cliver",2.28983870519013
"2118",211.7,"Simu1","KET",200,"cliver",2.28505183203759
"2119",211.8,"Simu1","KET",200,"cliver",2.28036846259004
"2120",211.9,"Simu1","KET",200,"cliver",2.275784667366
"2121",212,"Simu1","KET",200,"cliver",2.2712966691725
"2122",212.1,"Simu1","KET",200,"cliver",2.26690083719095
"2123",212.2,"Simu1","KET",200,"cliver",2.26259368129342
"2124",212.3,"Simu1","KET",200,"cliver",2.25837184658053
"2125",212.4,"Simu1","KET",200,"cliver",2.25423210813206
"2126",212.5,"Simu1","KET",200,"cliver",2.25017136596202
"2127",212.6,"Simu1","KET",200,"cliver",2.24618664017003
"2128",212.7,"Simu1","KET",200,"cliver",2.24227506628156
"2129",212.8,"Simu1","KET",200,"cliver",2.23843389076932
"2130",212.9,"Simu1","KET",200,"cliver",2.23466046674894
"2131",213,"Simu1","KET",200,"cliver",2.23095224984206
"2132",213.1,"Simu1","KET",200,"cliver",2.22730679420017
"2133",213.2,"Simu1","KET",200,"cliver",2.22372174868312
"2134",213.3,"Simu1","KET",200,"cliver",2.22019485318604
"2135",213.4,"Simu1","KET",200,"cliver",2.21672393510907
"2136",213.5,"Simu1","KET",200,"cliver",2.21330690596416
"2137",213.6,"Simu1","KET",200,"cliver",2.20994175811373
"2138",213.7,"Simu1","KET",200,"cliver",2.20662656163592
"2139",213.8,"Simu1","KET",200,"cliver",2.20335946131165
"2140",213.9,"Simu1","KET",200,"cliver",2.20013867372853
"2141",214,"Simu1","KET",200,"cliver",2.19696248449733
"2142",214.1,"Simu1","KET",200,"cliver",2.19382924557635
"2143",214.2,"Simu1","KET",200,"cliver",2.19073737269976
"2144",214.3,"Simu1","KET",200,"cliver",2.18768534290563
"2145",214.4,"Simu1","KET",200,"cliver",2.1846716921599
"2146",214.5,"Simu1","KET",200,"cliver",2.18169501307255
"2147",214.6,"Simu1","KET",200,"cliver",2.17875395270237
"2148",214.7,"Simu1","KET",200,"cliver",2.17584721044685
"2149",214.8,"Simu1","KET",200,"cliver",2.1729735360139
"2150",214.9,"Simu1","KET",200,"cliver",2.1701317274723
"2151",215,"Simu1","KET",200,"cliver",2.16732062937769
"2152",215.1,"Simu1","KET",200,"cliver",2.16453913097122
"2153",215.2,"Simu1","KET",200,"cliver",2.16178616444812
"2154",215.3,"Simu1","KET",200,"cliver",2.15906070329332
"2155",215.4,"Simu1","KET",200,"cliver",2.15636176068163
"2156",215.5,"Simu1","KET",200,"cliver",2.15368838793995
"2157",215.6,"Simu1","KET",200,"cliver",2.15103967306909
"2158",215.7,"Simu1","KET",200,"cliver",2.14841473932286
"2159",215.8,"Simu1","KET",200,"cliver",2.14581274384228
"2160",215.9,"Simu1","KET",200,"cliver",2.14323287651141
"2161",216,"Simu1","KET",200,"cliver",2.14500622355763
"2162",216.1,"Simu1","KET",200,"cliver",6.5643307420876
"2163",216.2,"Simu1","KET",200,"cliver",18.7881284707082
"2164",216.3,"Simu1","KET",200,"cliver",32.3564984758309
"2165",216.4,"Simu1","KET",200,"cliver",44.8183164760354
"2166",216.5,"Simu1","KET",200,"cliver",55.5122247444571
"2167",216.6,"Simu1","KET",200,"cliver",64.3864698936313
"2168",216.7,"Simu1","KET",200,"cliver",71.5826931713134
"2169",216.8,"Simu1","KET",200,"cliver",77.2910811573185
"2170",216.9,"Simu1","KET",200,"cliver",81.7015696531357
"2171",217,"Simu1","KET",200,"cliver",84.9887934118589
"2172",217.1,"Simu1","KET",200,"cliver",87.3086907447713
"2173",217.2,"Simu1","KET",200,"cliver",88.7989615651104
"2174",217.3,"Simu1","KET",200,"cliver",89.5806614150427
"2175",217.4,"Simu1","KET",200,"cliver",89.7599996291817
"2176",217.5,"Simu1","KET",200,"cliver",89.430047641342
"2177",217.6,"Simu1","KET",200,"cliver",88.6722782257298
"2178",217.7,"Simu1","KET",200,"cliver",87.5579267796213
"2179",217.8,"Simu1","KET",200,"cliver",86.1491880840329
"2180",217.9,"Simu1","KET",200,"cliver",84.500279179403
"2181",218,"Simu1","KET",200,"cliver",82.658366134737
"2182",218.1,"Simu1","KET",200,"cliver",80.6643874503224
"2183",218.2,"Simu1","KET",200,"cliver",78.5537771412105
"2184",218.3,"Simu1","KET",200,"cliver",76.357121089544
"2185",218.4,"Simu1","KET",200,"cliver",74.1007291888102
"2186",218.5,"Simu1","KET",200,"cliver",71.8071374895397
"2187",218.6,"Simu1","KET",200,"cliver",69.4955574673274
"2188",218.7,"Simu1","KET",200,"cliver",67.1822799778164
"2189",218.8,"Simu1","KET",200,"cliver",64.8810341781041
"2190",218.9,"Simu1","KET",200,"cliver",62.6033047165086
"2191",219,"Simu1","KET",200,"cliver",60.358611484755
"2192",219.1,"Simu1","KET",200,"cliver",58.1547587965843
"2193",219.2,"Simu1","KET",200,"cliver",55.998057469437
"2194",219.3,"Simu1","KET",200,"cliver",53.8935217564794
"2195",219.4,"Simu1","KET",200,"cliver",51.8450431952736
"2196",219.5,"Simu1","KET",200,"cliver",49.8555440911
"2197",219.6,"Simu1","KET",200,"cliver",47.927113239881
"2198",219.7,"Simu1","KET",200,"cliver",46.0611258417733
"2199",219.8,"Simu1","KET",200,"cliver",44.2583491063236
"2200",219.9,"Simu1","KET",200,"cliver",42.5190349902264
"2201",220,"Simu1","KET",200,"cliver",40.8430015281435
"2202",220.1,"Simu1","KET",200,"cliver",39.2297040879659
"2203",220.2,"Simu1","KET",200,"cliver",37.678297682517
"2204",220.3,"Simu1","KET",200,"cliver",36.1876912451405
"2205",220.4,"Simu1","KET",200,"cliver",34.7565947981246
"2206",220.5,"Simu1","KET",200,"cliver",33.3835603783281
"2207",220.6,"Simu1","KET",200,"cliver",32.0670173856606
"2208",220.7,"Simu1","KET",200,"cliver",30.8053030086922
"2209",220.8,"Simu1","KET",200,"cliver",29.5966883152781
"2210",220.9,"Simu1","KET",200,"cliver",28.4394005329521
"2211",221,"Simu1","KET",200,"cliver",27.3316419791155
"2212",221.1,"Simu1","KET",200,"cliver",26.2716060480671
"2213",221.2,"Simu1","KET",200,"cliver",25.2574906206274
"2214",221.3,"Simu1","KET",200,"cliver",24.2875092245508
"2215",221.4,"Simu1","KET",200,"cliver",23.3599002367027
"2216",221.5,"Simu1","KET",200,"cliver",22.4729343832881
"2217",221.6,"Simu1","KET",200,"cliver",21.6249207645805
"2218",221.7,"Simu1","KET",200,"cliver",20.8142116050241
"2219",221.8,"Simu1","KET",200,"cliver",20.0392059065062
"2220",221.9,"Simu1","KET",200,"cliver",19.2983521613086
"2221",222,"Simu1","KET",200,"cliver",18.5901502620433
"2222",222.1,"Simu1","KET",200,"cliver",17.9131527290388
"2223",222.2,"Simu1","KET",200,"cliver",17.265965361247
"2224",222.3,"Simu1","KET",200,"cliver",16.6472474016544
"2225",222.4,"Simu1","KET",200,"cliver",16.0557112991457
"2226",222.5,"Simu1","KET",200,"cliver",15.4901221379275
"2227",222.6,"Simu1","KET",200,"cliver",14.9492967932444
"2228",222.7,"Simu1","KET",200,"cliver",14.4321028663683
"2229",222.8,"Simu1","KET",200,"cliver",13.9374574447127
"2230",222.9,"Simu1","KET",200,"cliver",13.4643257263822
"2231",223,"Simu1","KET",200,"cliver",13.011719542435
"2232",223.1,"Simu1","KET",200,"cliver",12.5786958051828
"2233",223.2,"Simu1","KET",200,"cliver",12.164354906744
"2234",223.3,"Simu1","KET",200,"cliver",11.7678390884063
"2235",223.4,"Simu1","KET",200,"cliver",11.3883307980161
"2236",223.5,"Simu1","KET",200,"cliver",11.0250510496678
"2237",223.6,"Simu1","KET",200,"cliver",10.6772577974805
"2238",223.7,"Simu1","KET",200,"cliver",10.3442443331389
"2239",223.8,"Simu1","KET",200,"cliver",10.025337715028
"2240",223.9,"Simu1","KET",200,"cliver",9.71989723518442
"2241",224,"Simu1","KET",200,"cliver",9.42731292889456
"2242",224.1,"Simu1","KET",200,"cliver",9.1470041305953
"2243",224.2,"Simu1","KET",200,"cliver",8.87841807872742
"2244",224.3,"Simu1","KET",200,"cliver",8.62102857140978
"2245",224.4,"Simu1","KET",200,"cliver",8.37433467399496
"2246",224.5,"Simu1","KET",200,"cliver",8.13785947896328
"2247",224.6,"Simu1","KET",200,"cliver",7.91114891822343
"2248",224.7,"Simu1","KET",200,"cliver",7.69377062740386
"2249",224.8,"Simu1","KET",200,"cliver",7.48531286137705
"2250",224.9,"Simu1","KET",200,"cliver",7.28538345999278
"2251",225,"Simu1","KET",200,"cliver",7.09360886279265
"2252",225.1,"Simu1","KET",200,"cliver",6.9096331713153
"2253",225.2,"Simu1","KET",200,"cliver",6.73311725747044
"2254",225.3,"Simu1","KET",200,"cliver",6.56373791636354
"2255",225.4,"Simu1","KET",200,"cliver",6.40118706189417
"2256",225.5,"Simu1","KET",200,"cliver",6.2451709634145
"2257",225.6,"Simu1","KET",200,"cliver",6.09540952171929
"2258",225.7,"Simu1","KET",200,"cliver",5.95163558263802
"2259",225.8,"Simu1","KET",200,"cliver",5.81359428651294
"2260",225.9,"Simu1","KET",200,"cliver",5.68104245187493
"2261",226,"Simu1","KET",200,"cliver",5.55374799166282
"2262",226.1,"Simu1","KET",200,"cliver",5.4314893603757
"2263",226.2,"Simu1","KET",200,"cliver",5.31405503059159
"2264",226.3,"Simu1","KET",200,"cliver",5.20124299735478
"2265",226.4,"Simu1","KET",200,"cliver",5.09286030896555
"2266",226.5,"Simu1","KET",200,"cliver",4.98872262276359
"2267",226.6,"Simu1","KET",200,"cliver",4.88865378458419
"2268",226.7,"Simu1","KET",200,"cliver",4.79248543060436
"2269",226.8,"Simu1","KET",200,"cliver",4.70005661035294
"2270",226.9,"Simu1","KET",200,"cliver",4.6112134297192
"2271",227,"Simu1","KET",200,"cliver",4.52580871285429
"2272",227.1,"Simu1","KET",200,"cliver",4.44370168191705
"2273",227.2,"Simu1","KET",200,"cliver",4.36475765366807
"2274",227.3,"Simu1","KET",200,"cliver",4.28884775196741
"2275",227.4,"Simu1","KET",200,"cliver",4.21584863528309
"2276",227.5,"Simu1","KET",200,"cliver",4.14564223836621
"2277",227.6,"Simu1","KET",200,"cliver",4.0781155272961
"2278",227.7,"Simu1","KET",200,"cliver",4.01316026714281
"2279",227.8,"Simu1","KET",200,"cliver",3.95067280153696
"2280",227.9,"Simu1","KET",200,"cliver",3.89055384347779
"2281",228,"Simu1","KET",200,"cliver",3.8327082767488
"2282",228.1,"Simu1","KET",200,"cliver",3.77704496734707
"2283",228.2,"Simu1","KET",200,"cliver",3.72347658436654
"2284",228.3,"Simu1","KET",200,"cliver",3.67191942981057
"2285",228.4,"Simu1","KET",200,"cliver",3.62229327683696
"2286",228.5,"Simu1","KET",200,"cliver",3.57452121596759
"2287",228.6,"Simu1","KET",200,"cliver",3.52852950882692
"2288",228.7,"Simu1","KET",200,"cliver",3.48424744899665
"2289",228.8,"Simu1","KET",200,"cliver",3.44160722959767
"2290",228.9,"Simu1","KET",200,"cliver",3.40054381723436
"2291",229,"Simu1","KET",200,"cliver",3.36099483195779
"2292",229.1,"Simu1","KET",200,"cliver",3.32290043292545
"2293",229.2,"Simu1","KET",200,"cliver",3.28620320945342
"2294",229.3,"Simu1","KET",200,"cliver",3.25084807717517
"2295",229.4,"Simu1","KET",200,"cliver",3.21678217903783
"2296",229.5,"Simu1","KET",200,"cliver",3.18395479088288
"2297",229.6,"Simu1","KET",200,"cliver",3.15231723137263
"2298",229.7,"Simu1","KET",200,"cliver",3.12182277603845
"2299",229.8,"Simu1","KET",200,"cliver",3.09242657523874
"2300",229.9,"Simu1","KET",200,"cliver",3.06408557582794
"2301",230,"Simu1","KET",200,"cliver",3.03675844634845
"2302",230.1,"Simu1","KET",200,"cliver",3.01040550556867
"2303",230.2,"Simu1","KET",200,"cliver",2.98498865420001
"2304",230.3,"Simu1","KET",200,"cliver",2.96047130963573
"2305",230.4,"Simu1","KET",200,"cliver",2.93681834356275
"2306",230.5,"Simu1","KET",200,"cliver",2.91399602230575
"2307",230.6,"Simu1","KET",200,"cliver",2.89197194977162
"2308",230.7,"Simu1","KET",200,"cliver",2.87071501286872
"2309",230.8,"Simu1","KET",200,"cliver",2.85019532928275
"2310",230.9,"Simu1","KET",200,"cliver",2.83038419749699
"2311",231,"Simu1","KET",200,"cliver",2.81125404895131
"2312",231.1,"Simu1","KET",200,"cliver",2.7927784022394
"2313",231.2,"Simu1","KET",200,"cliver",2.77493181924974
"2314",231.3,"Simu1","KET",200,"cliver",2.75768986316003
"2315",231.4,"Simu1","KET",200,"cliver",2.7410290582001
"2316",231.5,"Simu1","KET",200,"cliver",2.7249268511025
"2317",231.6,"Simu1","KET",200,"cliver",2.70936157416411
"2318",231.7,"Simu1","KET",200,"cliver",2.6943124098462
"2319",231.8,"Simu1","KET",200,"cliver",2.67975935684385
"2320",231.9,"Simu1","KET",200,"cliver",2.66568319755924
"2321",232,"Simu1","KET",200,"cliver",2.65206546691657
"2322",232.1,"Simu1","KET",200,"cliver",2.6388884224595
"2323",232.2,"Simu1","KET",200,"cliver",2.62613501567474
"2324",232.3,"Simu1","KET",200,"cliver",2.61378886448838
"2325",232.4,"Simu1","KET",200,"cliver",2.60183422688408
"2326",232.5,"Simu1","KET",200,"cliver",2.5902559755945
"2327",232.6,"Simu1","KET",200,"cliver",2.57903957381992
"2328",232.7,"Simu1","KET",200,"cliver",2.56817105193017
"2329",232.8,"Simu1","KET",200,"cliver",2.55763698510777
"2330",232.9,"Simu1","KET",200,"cliver",2.54742447189253
"2331",233,"Simu1","KET",200,"cliver",2.53752111358941
"2332",233.1,"Simu1","KET",200,"cliver",2.52791499450329
"2333",233.2,"Simu1","KET",200,"cliver",2.51859466296608
"2334",233.3,"Simu1","KET",200,"cliver",2.50954911312301
"2335",233.4,"Simu1","KET",200,"cliver",2.50076776744647
"2336",233.5,"Simu1","KET",200,"cliver",2.4922404599473
"2337",233.6,"Simu1","KET",200,"cliver",2.48395742005458
"2338",233.7,"Simu1","KET",200,"cliver",2.47590925713654
"2339",233.8,"Simu1","KET",200,"cliver",2.46808694563602
"2340",233.9,"Simu1","KET",200,"cliver",2.4604818107955
"2341",234,"Simu1","KET",200,"cliver",2.45308551494753
"2342",234.1,"Simu1","KET",200,"cliver",2.44589004434746
"2343",234.2,"Simu1","KET",200,"cliver",2.43888769652655
"2344",234.3,"Simu1","KET",200,"cliver",2.43207106814424
"2345",234.4,"Simu1","KET",200,"cliver",2.42543304331951
"2346",234.5,"Simu1","KET",200,"cliver",2.41896678242186
"2347",234.6,"Simu1","KET",200,"cliver",2.41266571130346
"2348",234.7,"Simu1","KET",200,"cliver",2.4065235109548
"2349",234.8,"Simu1","KET",200,"cliver",2.40053410756671
"2350",234.9,"Simu1","KET",200,"cliver",2.3946916629826
"2351",235,"Simu1","KET",200,"cliver",2.38899056552522
"2352",235.1,"Simu1","KET",200,"cliver",2.3834254211831
"2353",235.2,"Simu1","KET",200,"cliver",2.37799104514222
"2354",235.3,"Simu1","KET",200,"cliver",2.37268245364928
"2355",235.4,"Simu1","KET",200,"cliver",2.36749485619334
"2356",235.5,"Simu1","KET",200,"cliver",2.36242364799315
"2357",235.6,"Simu1","KET",200,"cliver",2.35746440277821
"2358",235.7,"Simu1","KET",200,"cliver",2.35261286585174
"2359",235.8,"Simu1","KET",200,"cliver",2.34786494742461
"2360",235.9,"Simu1","KET",200,"cliver",2.34321671620933
"2361",236,"Simu1","KET",200,"cliver",2.33866439326406
"2362",236.1,"Simu1","KET",200,"cliver",2.33420434607655
"2363",236.2,"Simu1","KET",200,"cliver",2.32983308287883
"2364",236.3,"Simu1","KET",200,"cliver",2.32554724718331
"2365",236.4,"Simu1","KET",200,"cliver",2.32134361253179
"2366",236.5,"Simu1","KET",200,"cliver",2.31721907744889
"2367",236.6,"Simu1","KET",200,"cliver",2.31317066059198
"2368",236.7,"Simu1","KET",200,"cliver",2.30919549608983
"2369",236.8,"Simu1","KET",200,"cliver",2.3052908290626
"2370",236.9,"Simu1","KET",200,"cliver",2.30145401131612
"2371",237,"Simu1","KET",200,"cliver",2.29768249720356
"2372",237.1,"Simu1","KET",200,"cliver",2.29397383964802
"2373",237.2,"Simu1","KET",200,"cliver",2.2903256863197
"2374",237.3,"Simu1","KET",200,"cliver",2.2867357759616
"2375",237.4,"Simu1","KET",200,"cliver",2.28320193485804
"2376",237.5,"Simu1","KET",200,"cliver",2.27972207344032
"2377",237.6,"Simu1","KET",200,"cliver",2.27629418302417
"2378",237.7,"Simu1","KET",200,"cliver",2.27291633267403
"2379",237.8,"Simu1","KET",200,"cliver",2.26958666618888
"2380",237.9,"Simu1","KET",200,"cliver",2.2663033992053
"2381",238,"Simu1","KET",200,"cliver",2.26306481641278
"2382",238.1,"Simu1","KET",200,"cliver",2.25986926887725
"2383",238.2,"Simu1","KET",200,"cliver",2.25671517146839
"2384",238.3,"Simu1","KET",200,"cliver",2.25360100038679
"2385",238.4,"Simu1","KET",200,"cliver",2.25052529078705
"2386",238.5,"Simu1","KET",200,"cliver",2.2474866344931
"2387",238.6,"Simu1","KET",200,"cliver",2.24448367780212
"2388",238.7,"Simu1","KET",200,"cliver",2.24151511937362
"2389",238.8,"Simu1","KET",200,"cliver",2.23857970820046
"2390",238.9,"Simu1","KET",200,"cliver",2.23567624165844
"2391",239,"Simu1","KET",200,"cliver",2.23280356363166
"2392",239.1,"Simu1","KET",200,"cliver",2.22996056271043
"2393",239.2,"Simu1","KET",200,"cliver",2.22714617045914
"2394",239.3,"Simu1","KET",200,"cliver",2.22435935975125
"2395",239.4,"Simu1","KET",200,"cliver",2.22159914316883
"2396",239.5,"Simu1","KET",200,"cliver",2.21886457146414
"2397",239.6,"Simu1","KET",200,"cliver",2.21615473208084
"2398",239.7,"Simu1","KET",200,"cliver",2.21346874773255
"2399",239.8,"Simu1","KET",200,"cliver",2.21080577503644
"2400",239.9,"Simu1","KET",200,"cliver",2.20816501777797
"2401",240,"Simu1","KET",200,"cliver",2.20987755046351
"2402",240.1,"Simu1","KET",200,"cliver",6.62915176379872
"2403",240.2,"Simu1","KET",200,"cliver",18.8529662683912
"2404",240.3,"Simu1","KET",200,"cliver",32.4214297086684
"2405",240.4,"Simu1","KET",200,"cliver",44.8834107996366
"2406",240.5,"Simu1","KET",200,"cliver",55.5775309110351
"2407",240.6,"Simu1","KET",200,"cliver",64.4520207279457
"2408",240.7,"Simu1","KET",200,"cliver",71.6485084062456
"2409",240.8,"Simu1","KET",200,"cliver",77.3571711805851
"2410",240.9,"Simu1","KET",200,"cliver",81.7679396440592
"2411",241,"Simu1","KET",200,"cliver",85.0554328041963
"2412",241.1,"Simu1","KET",200,"cliver",87.3755886831062
"2413",241.2,"Simu1","KET",200,"cliver",88.8661029288612
"2414",241.3,"Simu1","KET",200,"cliver",89.6480242031977
"2415",241.4,"Simu1","KET",200,"cliver",89.8276374513133
"2416",241.5,"Simu1","KET",200,"cliver",89.4977960201009
"2417",241.6,"Simu1","KET",200,"cliver",88.7401820593057
"2418",241.7,"Simu1","KET",200,"cliver",87.6259078523703
"2419",241.8,"Simu1","KET",200,"cliver",86.2172961007903
"2420",241.9,"Simu1","KET",200,"cliver",84.5686241540779
"2421",242,"Simu1","KET",200,"cliver",82.7268592340902
"2422",242.1,"Simu1","KET",200,"cliver",80.7329799466568
"2423",242.2,"Simu1","KET",200,"cliver",78.6224637879317
"2424",242.3,"Simu1","KET",200,"cliver",76.4258901771463
"2425",242.4,"Simu1","KET",200,"cliver",74.1695536505087
"2426",242.5,"Simu1","KET",200,"cliver",71.8759694858048
"2427",242.6,"Simu1","KET",200,"cliver",69.5643576313681
"2428",242.7,"Simu1","KET",200,"cliver",67.2510485509859
"2429",242.8,"Simu1","KET",200,"cliver",64.9497747398261
"2430",242.9,"Simu1","KET",200,"cliver",62.6720017858036
"2431",243,"Simu1","KET",200,"cliver",60.427244038905
"2432",243.1,"Simu1","KET",200,"cliver",58.2233129214566
"2433",243.2,"Simu1","KET",200,"cliver",56.0665266241749
"2434",243.3,"Simu1","KET",200,"cliver",53.961899996708
"2435",243.4,"Simu1","KET",200,"cliver",51.9133219607464
"2436",243.5,"Simu1","KET",200,"cliver",49.9237141888178
"2437",243.6,"Simu1","KET",200,"cliver",47.9951673393954
"2438",243.7,"Simu1","KET",200,"cliver",46.1290585396599
"2439",243.8,"Simu1","KET",200,"cliver",44.3261556391416
"2440",243.9,"Simu1","KET",200,"cliver",42.5867105862129
"2441",244,"Simu1","KET",200,"cliver",40.9105417367376
"2442",244.1,"Simu1","KET",200,"cliver",39.2971052203311
"2443",244.2,"Simu1","KET",200,"cliver",37.7455567866161
"2444",244.3,"Simu1","KET",200,"cliver",36.2548058660197
"2445",244.4,"Simu1","KET",200,"cliver",34.8235632691394
"2446",244.5,"Simu1","KET",200,"cliver",33.450381351176
"2447",244.6,"Simu1","KET",200,"cliver",32.1336894588341
"2448",244.7,"Simu1","KET",200,"cliver",30.871825032441
"2449",244.8,"Simu1","KET",200,"cliver",29.663059788353
"2450",244.9,"Simu1","KET",200,"cliver",28.5056217071336
"2451",245,"Simu1","KET",200,"cliver",27.3977128222022
"2452",245.1,"Simu1","KET",200,"cliver",26.3375264309916
"2453",245.2,"Simu1","KET",200,"cliver",25.3232604530732
"2454",245.3,"Simu1","KET",200,"cliver",24.3531290713914
"2455",245.4,"Simu1","KET",200,"cliver",23.425370617135
"2456",245.5,"Simu1","KET",200,"cliver",22.5382557584275
"2457",245.6,"Simu1","KET",200,"cliver",21.6900937245035
"2458",245.7,"Simu1","KET",200,"cliver",20.8792369806333
"2459",245.8,"Simu1","KET",200,"cliver",20.1040847549868
"2460",245.9,"Simu1","KET",200,"cliver",19.3630857051587
"2461",246,"Simu1","KET",200,"cliver",18.6547398328531
"2462",246.1,"Simu1","KET",200,"cliver",17.977599740317
"2463",246.2,"Simu1","KET",200,"cliver",17.3302713740429
"2464",246.3,"Simu1","KET",200,"cliver",16.7114140241431
"2465",246.4,"Simu1","KET",200,"cliver",16.119740175462
"2466",246.5,"Simu1","KET",200,"cliver",15.5540149802567
"2467",246.6,"Simu1","KET",200,"cliver",15.0130553609327
"2468",246.7,"Simu1","KET",200,"cliver",14.4957289231019
"2469",246.8,"Simu1","KET",200,"cliver",14.0009527595423
"2470",246.9,"Simu1","KET",200,"cliver",13.5276920587974
"2471",247,"Simu1","KET",200,"cliver",13.0749586646953
"2472",247.1,"Simu1","KET",200,"cliver",12.6418094931626
"2473",247.2,"Simu1","KET",200,"cliver",12.2273449300609
"2474",247.3,"Simu1","KET",200,"cliver",11.8307072025709
"2475",247.4,"Simu1","KET",200,"cliver",11.4510788903044
"2476",247.5,"Simu1","KET",200,"cliver",11.0876810787231
"2477",247.6,"Simu1","KET",200,"cliver",10.7397715495778
"2478",247.7,"Simu1","KET",200,"cliver",10.4066433754023
"2479",247.8,"Simu1","KET",200,"cliver",10.0876235629273
"2480",247.9,"Simu1","KET",200,"cliver",9.78207146579666
"2481",248,"Simu1","KET",200,"cliver",9.4893771453405
"2482",248.1,"Simu1","KET",200,"cliver",9.20895988696104
"2483",248.2,"Simu1","KET",200,"cliver",8.94026686371592
"2484",248.3,"Simu1","KET",200,"cliver",8.6827718380544
"2485",248.4,"Simu1","KET",200,"cliver",8.43597386013679
"2486",248.5,"Simu1","KET",200,"cliver",8.19939600085328
"2487",248.6,"Simu1","KET",200,"cliver",7.9725841574019
"2488",248.7,"Simu1","KET",200,"cliver",7.75510592843656
"2489",248.8,"Simu1","KET",200,"cliver",7.54654953776948
"2490",248.9,"Simu1","KET",200,"cliver",7.34652279813569
"2491",249,"Simu1","KET",200,"cliver",7.15465212096582
"2492",249.1,"Simu1","KET",200,"cliver",6.97058157760688
"2493",249.2,"Simu1","KET",200,"cliver",6.79397200976206
"2494",249.3,"Simu1","KET",200,"cliver",6.6245001837867
"2495",249.4,"Simu1","KET",200,"cliver",6.46185798590031
"2496",249.5,"Simu1","KET",200,"cliver",6.30575165795433
"2497",249.6,"Simu1","KET",200,"cliver",6.15590107325197
"2498",249.7,"Simu1","KET",200,"cliver",6.01203905053492
"2499",249.8,"Simu1","KET",200,"cliver",5.87391070373237
"2500",249.9,"Simu1","KET",200,"cliver",5.74127282556495
"2501",250,"Simu1","KET",200,"cliver",5.61389330360402
"2502",250.1,"Simu1","KET",200,"cliver",5.49155056739772
"2503",250.2,"Simu1","KET",200,"cliver",5.37403306506848
"2504",250.3,"Simu1","KET",200,"cliver",5.26113876774373
"2505",250.4,"Simu1","KET",200,"cliver",5.15267470032678
"2506",250.5,"Simu1","KET",200,"cliver",5.04845649725697
"2507",250.6,"Simu1","KET",200,"cliver",4.94830798196089
"2508",250.7,"Simu1","KET",200,"cliver",4.85206076870553
"2509",250.8,"Simu1","KET",200,"cliver",4.75955388561373
"2510",250.9,"Simu1","KET",200,"cliver",4.67063341767085
"2511",251,"Simu1","KET",200,"cliver",4.58515216861083
"2512",251.1,"Simu1","KET",200,"cliver",4.50296934065549
"2513",251.2,"Simu1","KET",200,"cliver",4.42395023110642
"2514",251.3,"Simu1","KET",200,"cliver",4.34796594483921
"2515",251.4,"Simu1","KET",200,"cliver",4.27489312180504
"2516",251.5,"Simu1","KET",200,"cliver",4.20461367869743
"2517",251.6,"Simu1","KET",200,"cliver",4.13701456398985
"2518",251.7,"Simu1","KET",200,"cliver",4.07198752559165
"2519",251.8,"Simu1","KET",200,"cliver",4.00942889041071
"2520",251.9,"Simu1","KET",200,"cliver",3.94923935515382
"2521",252,"Simu1","KET",200,"cliver",3.89132378773409
"2522",252.1,"Simu1","KET",200,"cliver",3.83559103869234
"2523",252.2,"Simu1","KET",200,"cliver",3.78195376207304
"2524",252.3,"Simu1","KET",200,"cliver",3.73032824522803
"2525",252.4,"Simu1","KET",200,"cliver",3.68063424705283
"2526",252.5,"Simu1","KET",200,"cliver",3.63279484418929
"2527",252.6,"Simu1","KET",200,"cliver",3.5867362847563
"2528",252.7,"Simu1","KET",200,"cliver",3.54238784919574
"2529",252.8,"Simu1","KET",200,"cliver",3.49968171784645
"2530",252.9,"Simu1","KET",200,"cliver",3.45855284488126
"2531",253,"Simu1","KET",200,"cliver",3.41893883826154
"2532",253.1,"Simu1","KET",200,"cliver",3.38077984538898
"2533",253.2,"Simu1","KET",200,"cliver",3.34401844415023
"2534",253.3,"Simu1","KET",200,"cliver",3.3085995390681
"2535",253.4,"Simu1","KET",200,"cliver",3.27447026229031
"2536",253.5,"Simu1","KET",200,"cliver",3.24157987916263
"2537",253.6,"Simu1","KET",200,"cliver",3.20987969814796
"2538",253.7,"Simu1","KET",200,"cliver",3.1793229848673
"2539",253.8,"Simu1","KET",200,"cliver",3.14986488005066
"2540",253.9,"Simu1","KET",200,"cliver",3.12146232119896
"2541",254,"Simu1","KET",200,"cliver",3.09407396776912
"2542",254.1,"Simu1","KET",200,"cliver",3.06766012970521
"2543",254.2,"Simu1","KET",200,"cliver",3.04218269914893
"2544",254.3,"Simu1","KET",200,"cliver",3.01760508517179
"2545",254.4,"Simu1","KET",200,"cliver",2.99389215138036
"2546",254.5,"Simu1","KET",200,"cliver",2.97101015625431
"2547",254.6,"Simu1","KET",200,"cliver",2.94892669608465
"2548",254.7,"Simu1","KET",200,"cliver",2.92761065038693
"2549",254.8,"Simu1","KET",200,"cliver",2.90703212967112
"2550",254.9,"Simu1","KET",200,"cliver",2.88716242545623
"2551",255,"Simu1","KET",200,"cliver",2.86797396242345
"2552",255.1,"Simu1","KET",200,"cliver",2.84944025260789
"2553",255.2,"Simu1","KET",200,"cliver",2.83153585153412
"2554",255.3,"Simu1","KET",200,"cliver",2.81423631620527
"2555",255.4,"Simu1","KET",200,"cliver",2.79751816486082
"2556",255.5,"Simu1","KET",200,"cliver",2.78135883842206
"2557",255.6,"Simu1","KET",200,"cliver",2.76573666354879
"2558",255.7,"Simu1","KET",200,"cliver",2.75063081723448
"2559",255.8,"Simu1","KET",200,"cliver",2.73602129287101
"2560",255.9,"Simu1","KET",200,"cliver",2.72188886771737
"2561",256,"Simu1","KET",200,"cliver",2.70821507171003
"2562",256.1,"Simu1","KET",200,"cliver",2.694982157556
"2563",256.2,"Simu1","KET",200,"cliver",2.68217307205217
"2564",256.3,"Simu1","KET",200,"cliver",2.66977142857742
"2565",256.4,"Simu1","KET",200,"cliver",2.65776148070674
"2566",256.5,"Simu1","KET",200,"cliver",2.64612809689868
"2567",256.6,"Simu1","KET",200,"cliver",2.63485673621014
"2568",256.7,"Simu1","KET",200,"cliver",2.62393342499447
"2569",256.8,"Simu1","KET",200,"cliver",2.61334473454098
"2570",256.9,"Simu1","KET",200,"cliver",2.60307775961595
"2571",257,"Simu1","KET",200,"cliver",2.59312009786698
"2572",257.1,"Simu1","KET",200,"cliver",2.58345983005433
"2573",257.2,"Simu1","KET",200,"cliver",2.57408550107481
"2574",257.3,"Simu1","KET",200,"cliver",2.56498610174472
"2575",257.4,"Simu1","KET",200,"cliver",2.55615105131069
"2576",257.5,"Simu1","KET",200,"cliver",2.54757018065779
"2577",257.6,"Simu1","KET",200,"cliver",2.53923371618646
"2578",257.7,"Simu1","KET",200,"cliver",2.53113226433042
"2579",257.8,"Simu1","KET",200,"cliver",2.52325679668939
"2580",257.9,"Simu1","KET",200,"cliver",2.5155986357514
"2581",258,"Simu1","KET",200,"cliver",2.50814944118046
"2582",258.1,"Simu1","KET",200,"cliver",2.5009011966468
"2583",258.2,"Simu1","KET",200,"cliver",2.4938461971774
"2584",258.3,"Simu1","KET",200,"cliver",2.48697703700586
"2585",258.4,"Simu1","KET",200,"cliver",2.48028659790132
"2586",258.5,"Simu1","KET",200,"cliver",2.47376803795718
"2587",258.6,"Simu1","KET",200,"cliver",2.46741478082101
"2588",258.7,"Simu1","KET",200,"cliver",2.46122050534794
"2589",258.8,"Simu1","KET",200,"cliver",2.45517913566064
"2590",258.9,"Simu1","KET",200,"cliver",2.44928483159944
"2591",259,"Simu1","KET",200,"cliver",2.44353197954714
"2592",259.1,"Simu1","KET",200,"cliver",2.43791518361345
"2593",259.2,"Simu1","KET",200,"cliver",2.43242925716481
"2594",259.3,"Simu1","KET",200,"cliver",2.4270692146858
"2595",259.4,"Simu1","KET",200,"cliver",2.42183026395898
"2596",259.5,"Simu1","KET",200,"cliver",2.41670779855056
"2597",259.6,"Simu1","KET",200,"cliver",2.4116973905897
"2598",259.7,"Simu1","KET",200,"cliver",2.4067947838299
"2599",259.8,"Simu1","KET",200,"cliver",2.40199588698132
"2600",259.9,"Simu1","KET",200,"cliver",2.39729676730325
"2601",260,"Simu1","KET",200,"cliver",2.3926936444466
"2602",260.1,"Simu1","KET",200,"cliver",2.38818288453645
"2603",260.2,"Simu1","KET",200,"cliver",2.38376099448528
"2604",260.3,"Simu1","KET",200,"cliver",2.37942461652771
"2605",260.4,"Simu1","KET",200,"cliver",2.37517052296823
"2606",260.5,"Simu1","KET",200,"cliver",2.37099561113333
"2607",260.6,"Simu1","KET",200,"cliver",2.36689689852014
"2608",260.7,"Simu1","KET",200,"cliver",2.36287151813396
"2609",260.8,"Simu1","KET",200,"cliver",2.35891671400701
"2610",260.9,"Simu1","KET",200,"cliver",2.35502983689159
"2611",261,"Simu1","KET",200,"cliver",2.35120834012068
"2612",261.1,"Simu1","KET",200,"cliver",2.34744977562945
"2613",261.2,"Simu1","KET",200,"cliver",2.34375179013135
"2614",261.3,"Simu1","KET",200,"cliver",2.34011212144289
"2615",261.4,"Simu1","KET",200,"cliver",2.33652859495113
"2616",261.5,"Simu1","KET",200,"cliver",2.3329991202184
"2617",261.6,"Simu1","KET",200,"cliver",2.32952168771889
"2618",261.7,"Simu1","KET",200,"cliver",2.32609436570195
"2619",261.8,"Simu1","KET",200,"cliver",2.32271529717719
"2620",261.9,"Simu1","KET",200,"cliver",2.31938269701657
"2621",262,"Simu1","KET",200,"cliver",2.31609484916902
"2622",262.1,"Simu1","KET",200,"cliver",2.31285010398313
"2623",262.2,"Simu1","KET",200,"cliver",2.30964687563371
"2624",262.3,"Simu1","KET",200,"cliver",2.30648363964826
"2625",262.4,"Simu1","KET",200,"cliver",2.3033589305293
"2626",262.5,"Simu1","KET",200,"cliver",2.30027133946904
"2627",262.6,"Simu1","KET",200,"cliver",2.29721951215263
"2628",262.7,"Simu1","KET",200,"cliver",2.2942021466466
"2629",262.8,"Simu1","KET",200,"cliver",2.29121799136922
"2630",262.9,"Simu1","KET",200,"cliver",2.28826584313956
"2631",263,"Simu1","KET",200,"cliver",2.2853445453022
"2632",263.1,"Simu1","KET",200,"cliver",2.28245298592458
"2633",263.2,"Simu1","KET",200,"cliver",2.27959009606436
"2634",263.3,"Simu1","KET",200,"cliver",2.27675484810385
"2635",263.4,"Simu1","KET",200,"cliver",2.27394625414903
"2636",263.5,"Simu1","KET",200,"cliver",2.27116336449066
"2637",263.6,"Simu1","KET",200,"cliver",2.26840526612499
"2638",263.7,"Simu1","KET",200,"cliver",2.26567108133186
"2639",263.8,"Simu1","KET",200,"cliver",2.26295996630781
"2640",263.9,"Simu1","KET",200,"cliver",2.26027117551512
"2641",264,"Simu1","KET",200,"cliver",2.26193587997419
"2642",264.1,"Simu1","KET",200,"cliver",6.68117282348665
"2643",264.2,"Simu1","KET",200,"cliver",18.9049968260282
"2644",264.3,"Simu1","KET",200,"cliver",32.4735267304105
"2645",264.4,"Simu1","KET",200,"cliver",44.9356261068537
"2646",264.5,"Simu1","KET",200,"cliver",55.6299046156655
"2647",264.6,"Simu1","KET",200,"cliver",64.5045809529122
"2648",264.7,"Simu1","KET",200,"cliver",71.7012736175078
"2649",264.8,"Simu1","KET",200,"cliver",77.4101511702894
"2650",264.9,"Simu1","KET",200,"cliver",81.8211351350676
"2651",265,"Simu1","KET",200,"cliver",85.1088490380276
"2652",265.1,"Simu1","KET",200,"cliver",87.4292219967775
"2653",265.2,"Simu1","KET",200,"cliver",88.9199475281295
"2654",265.3,"Simu1","KET",200,"cliver",89.7020758079226
"2655",265.4,"Simu1","KET",200,"cliver",89.8818122793661
"2656",265.5,"Simu1","KET",200,"cliver",89.5522259282938
"2657",265.6,"Simu1","KET",200,"cliver",88.7947873684597
"2658",265.7,"Simu1","KET",200,"cliver",87.6807302138629
"2659",265.8,"Simu1","KET",200,"cliver",86.272251827525
"2660",265.9,"Simu1","KET",200,"cliver",84.6235662866126
"2661",266,"Simu1","KET",200,"cliver",82.7818368123073
"2662",266.1,"Simu1","KET",200,"cliver",80.7880050177481
"2663",266.2,"Simu1","KET",200,"cliver",78.6775129412878
"2664",266.3,"Simu1","KET",200,"cliver",76.4809478868297
"2665",266.4,"Simu1","KET",200,"cliver",74.2246137135099
"2666",266.5,"Simu1","KET",200,"cliver",71.9310428549956
"2667",266.6,"Simu1","KET",200,"cliver",69.6194518654351
"2668",266.7,"Simu1","KET",200,"cliver",67.3061380411963
"2669",266.8,"Simu1","KET",200,"cliver",65.0048333156712
"2670",266.9,"Simu1","KET",200,"cliver",62.7270220494922
"2671",267,"Simu1","KET",200,"cliver",60.4822244377402
"2672",267.1,"Simu1","KET",200,"cliver",58.2782468034509
"2673",267.2,"Simu1","KET",200,"cliver",56.121402400489
"2674",267.3,"Simu1","KET",200,"cliver",54.0167071910804
"2675",267.4,"Simu1","KET",200,"cliver",51.9680538352491
"2676",267.5,"Simu1","KET",200,"cliver",49.9783658668452
"2677",267.6,"Simu1","KET",200,"cliver",48.049733769378
"2678",267.7,"Simu1","KET",200,"cliver",46.1835339763272
"2679",267.8,"Simu1","KET",200,"cliver",44.3805346246955
"2680",267.9,"Simu1","KET",200,"cliver",42.6409890634928
"2681",268,"Simu1","KET",200,"cliver",40.9647164435343
"2682",268.1,"Simu1","KET",200,"cliver",39.3511731325227
"2683",268.2,"Simu1","KET",200,"cliver",37.7995150280433
"2684",268.3,"Simu1","KET",200,"cliver",36.308651940963
"2685",268.4,"Simu1","KET",200,"cliver",34.8772947702025
"2686",268.5,"Simu1","KET",200,"cliver",33.503996351483
"2687",268.6,"Simu1","KET",200,"cliver",32.1871867849384
"2688",268.7,"Simu1","KET",200,"cliver",30.9252038903602
"2689",268.8,"Simu1","KET",200,"cliver",29.7163193255135
"2690",268.9,"Simu1","KET",200,"cliver",28.5587608664988
"2691",269,"Simu1","KET",200,"cliver",27.4507313269996
"2692",269.1,"Simu1","KET",200,"cliver",26.390424544106
"2693",269.2,"Simu1","KET",200,"cliver",25.3760387963449
"2694",269.3,"Simu1","KET",200,"cliver",24.4057879713883
"2695",269.4,"Simu1","KET",200,"cliver",23.4779107700276
"2696",269.5,"Simu1","KET",200,"cliver",22.5906782063851
"2697",269.6,"Simu1","KET",200,"cliver",21.742399634615
"2698",269.7,"Simu1","KET",200,"cliver",20.9314275026278
"2699",269.8,"Simu1","KET",200,"cliver",20.15616100873
"2700",269.9,"Simu1","KET",200,"cliver",19.4150488172844
"2701",270,"Simu1","KET",200,"cliver",18.7065909670894
"2702",270.1,"Simu1","KET",200,"cliver",18.0293401030253
"2703",270.2,"Simu1","KET",200,"cliver",17.3819021292079
"2704",270.3,"Simu1","KET",200,"cliver",16.7629363767637
"2705",270.4,"Simu1","KET",200,"cliver",16.1711553670649
"2706",270.5,"Simu1","KET",200,"cliver",15.6053242414749
"2707",270.6,"Simu1","KET",200,"cliver",15.0642599185282
"2708",270.7,"Simu1","KET",200,"cliver",14.5468300307183
"2709",270.8,"Simu1","KET",200,"cliver",14.0519516860569
"2710",270.9,"Simu1","KET",200,"cliver",13.5785900935985
"2711",271,"Simu1","KET",200,"cliver",13.1257570865548
"2712",271.1,"Simu1","KET",200,"cliver",12.6925095715374
"2713",271.2,"Simu1","KET",200,"cliver",12.2779479280688
"2714",271.3,"Simu1","KET",200,"cliver",11.8812143787718
"2715",271.4,"Simu1","KET",200,"cliver",11.5014913474529
"2716",271.5,"Simu1","KET",200,"cliver",11.1379998194187
"2717",271.6,"Simu1","KET",200,"cliver",10.7899977158566
"2718",271.7,"Simu1","KET",200,"cliver",10.4567782919407
"2719",271.8,"Simu1","KET",200,"cliver",10.1376685664644
"2720",271.9,"Simu1","KET",200,"cliver",9.83202778922404
"2721",272,"Simu1","KET",200,"cliver",9.53924595106008
"2722",272.1,"Simu1","KET",200,"cliver",9.25874234010078
"2723",272.2,"Simu1","KET",200,"cliver",8.98996414695648
"2724",272.3,"Simu1","KET",200,"cliver",8.73238512066936
"2725",272.4,"Simu1","KET",200,"cliver",8.4855042765256
"2726",272.5,"Simu1","KET",200,"cliver",8.24884465621958
"2727",272.6,"Simu1","KET",200,"cliver",8.02195214037409
"2728",272.7,"Simu1","KET",200,"cliver",7.80439431301482
"2729",272.8,"Simu1","KET",200,"cliver",7.59575937725567
"2730",272.9,"Simu1","KET",200,"cliver",7.39565512118418
"2731",273,"Simu1","KET",200,"cliver",7.20370793271352
"2732",273.1,"Simu1","KET",200,"cliver",7.01956186200661
"2733",273.2,"Simu1","KET",200,"cliver",6.84287772995241
"2734",273.3,"Simu1","KET",200,"cliver",6.67333228107913
"2735",273.4,"Simu1","KET",200,"cliver",6.51061737923224
"2736",273.5,"Simu1","KET",200,"cliver",6.35443924430181
"2737",273.6,"Simu1","KET",200,"cliver",6.20451772827135
"2738",273.7,"Simu1","KET",200,"cliver",6.06058562886026
"2739",273.8,"Simu1","KET",200,"cliver",5.9223880390425
"2740",273.9,"Simu1","KET",200,"cliver",5.78968173075364
"2741",274,"Simu1","KET",200,"cliver",5.66223457115947
"2742",274.1,"Simu1","KET",200,"cliver",5.53982496981834
"2743",274.2,"Simu1","KET",200,"cliver",5.42224135521944
"2744",274.3,"Simu1","KET",200,"cliver",5.30928167917922
"2745",274.4,"Simu1","KET",200,"cliver",5.2007529476416
"2746",274.5,"Simu1","KET",200,"cliver",5.09647077647779
"2747",274.6,"Simu1","KET",200,"cliver",4.99625897094699
"2748",274.7,"Simu1","KET",200,"cliver",4.89994912754099
"2749",274.8,"Simu1","KET",200,"cliver",4.80738025699092
"2750",274.9,"Simu1","KET",200,"cliver",4.71839842727368
"2751",275,"Simu1","KET",200,"cliver",4.63285642550962
"2752",275.1,"Simu1","KET",200,"cliver",4.55061343770173
"2753",275.2,"Simu1","KET",200,"cliver",4.47153474532142
"2754",275.3,"Simu1","KET",200,"cliver",4.39549143779631
"2755",275.4,"Simu1","KET",200,"cliver",4.32236014000878
"2756",275.5,"Simu1","KET",200,"cliver",4.25202275396007
"2757",275.6,"Simu1","KET",200,"cliver",4.18436621380322
"2758",275.7,"Simu1","KET",200,"cliver",4.11928225349303
"2759",275.8,"Simu1","KET",200,"cliver",4.05666718634222
"2760",275.9,"Simu1","KET",200,"cliver",3.9964216958153
"2761",276,"Simu1","KET",200,"cliver",3.93845063693303
"2762",276.1,"Simu1","KET",200,"cliver",3.88266284768533
"2763",276.2,"Simu1","KET",200,"cliver",3.82897096990012
"2764",276.3,"Simu1","KET",200,"cliver",3.77729127904031
"2765",276.4,"Simu1","KET",200,"cliver",3.72754352243409
"2766",276.5,"Simu1","KET",200,"cliver",3.67965076547096
"2767",276.6,"Simu1","KET",200,"cliver",3.63353924532539
"2768",276.7,"Simu1","KET",200,"cliver",3.58913823179628
"2769",276.8,"Simu1","KET",200,"cliver",3.54637989487361
"2770",276.9,"Simu1","KET",200,"cliver",3.50519917866833
"2771",277,"Simu1","KET",200,"cliver",3.46553368136105
"2772",277.1,"Simu1","KET",200,"cliver",3.42732354084722
"2773",277.2,"Simu1","KET",200,"cliver",3.39051132577507
"2774",277.3,"Simu1","KET",200,"cliver",3.35504193168999
"2775",277.4,"Simu1","KET",200,"cliver",3.32086248201707
"2776",277.5,"Simu1","KET",200,"cliver",3.28792223362782
"2777",277.6,"Simu1","KET",200,"cliver",3.25617248675317
"2778",277.7,"Simu1","KET",200,"cliver",3.22556649901827
"2779",277.8,"Simu1","KET",200,"cliver",3.19605940338723
"2780",277.9,"Simu1","KET",200,"cliver",3.16760812981915
"2781",278,"Simu1","KET",200,"cliver",3.14017133044775
"2782",278.1,"Simu1","KET",200,"cliver",3.11370930810651
"2783",278.2,"Simu1","KET",200,"cliver",3.08818394803361
"2784",278.3,"Simu1","KET",200,"cliver",3.06355865259847
"2785",278.4,"Simu1","KET",200,"cliver",3.03979827890189
"2786",278.5,"Simu1","KET",200,"cliver",3.01686907910879
"2787",278.6,"Simu1","KET",200,"cliver",2.99473864338128
"2788",278.7,"Simu1","KET",200,"cliver",2.97337584528692
"2789",278.8,"Simu1","KET",200,"cliver",2.95275078956359
"2790",278.9,"Simu1","KET",200,"cliver",2.93283476212926
"2791",279,"Simu1","KET",200,"cliver",2.91360018223057
"2792",279.1,"Simu1","KET",200,"cliver",2.89502055662999
"2793",279.2,"Simu1","KET",200,"cliver",2.87707043573686
"2794",279.3,"Simu1","KET",200,"cliver",2.85972537159213
"2795",279.4,"Simu1","KET",200,"cliver",2.84296187762183
"2796",279.5,"Simu1","KET",200,"cliver",2.82675739007845
"2797",279.6,"Simu1","KET",200,"cliver",2.81109023109349
"2798",279.7,"Simu1","KET",200,"cliver",2.79593957326878
"2799",279.8,"Simu1","KET",200,"cliver",2.78128540573724
"2800",279.9,"Simu1","KET",200,"cliver",2.76710850162783
"2801",280,"Simu1","KET",200,"cliver",2.7533903868724
"2802",280.1,"Simu1","KET",200,"cliver",2.74011331029499
"2803",280.2,"Simu1","KET",200,"cliver",2.72726021492776
"2804",280.3,"Simu1","KET",200,"cliver",2.71481471049966
"2805",280.4,"Simu1","KET",200,"cliver",2.70276104704727
"2806",280.5,"Simu1","KET",200,"cliver",2.69108408959903
"2807",280.6,"Simu1","KET",200,"cliver",2.67976929388686
"2808",280.7,"Simu1","KET",200,"cliver",2.66880268304126
"2809",280.8,"Simu1","KET",200,"cliver",2.65817082522774
"2810",280.9,"Simu1","KET",200,"cliver",2.64786081218502
"2811",281,"Simu1","KET",200,"cliver",2.63786023862647
"2812",281.1,"Simu1","KET",200,"cliver",2.62815718246879
"2813",281.2,"Simu1","KET",200,"cliver",2.61874018585318
"2814",281.3,"Simu1","KET",200,"cliver",2.60959823692569
"2815",281.4,"Simu1","KET",200,"cliver",2.60072075234548
"2816",281.5,"Simu1","KET",200,"cliver",2.59209756049055
"2817",281.6,"Simu1","KET",200,"cliver",2.58371888533218
"2818",281.7,"Simu1","KET",200,"cliver",2.57557533095058
"2819",281.8,"Simu1","KET",200,"cliver",2.56765786666532
"2820",281.9,"Simu1","KET",200,"cliver",2.55995781275539
"2821",282,"Simu1","KET",200,"cliver",2.55246682674482
"2822",282.1,"Simu1","KET",200,"cliver",2.54517689023074
"2823",282.2,"Simu1","KET",200,"cliver",2.53808029623196
"2824",282.3,"Simu1","KET",200,"cliver",2.5311696370368
"2825",282.4,"Simu1","KET",200,"cliver",2.52443779253015
"2826",282.5,"Simu1","KET",200,"cliver",2.51787791898033
"2827",282.6,"Simu1","KET",200,"cliver",2.51148343826711
"2828",282.7,"Simu1","KET",200,"cliver",2.50524802753349
"2829",282.8,"Simu1","KET",200,"cliver",2.49916560924382
"2830",282.9,"Simu1","KET",200,"cliver",2.4932303416324
"2831",283,"Simu1","KET",200,"cliver",2.48743660952656
"2832",283.1,"Simu1","KET",200,"cliver",2.48177901552961
"2833",283.2,"Simu1","KET",200,"cliver",2.47625237154913
"2834",283.3,"Simu1","KET",200,"cliver",2.4708516906569
"2835",283.4,"Simu1","KET",200,"cliver",2.46557217926732
"2836",283.5,"Simu1","KET",200,"cliver",2.46040922962165
"2837",283.6,"Simu1","KET",200,"cliver",2.45535841256601
"2838",283.7,"Simu1","KET",200,"cliver",2.45041547061145
"2839",283.8,"Simu1","KET",200,"cliver",2.44557631126496
"2840",283.9,"Simu1","KET",200,"cliver",2.44083700062078
"2841",284,"Simu1","KET",200,"cliver",2.43619375720163
"2842",284.1,"Simu1","KET",200,"cliver",2.43164294604012
"2843",284.2,"Simu1","KET",200,"cliver",2.42718107299084
"2844",284.3,"Simu1","KET",200,"cliver",2.42280477926407
"2845",284.4,"Simu1","KET",200,"cliver",2.41851083617236
"2846",284.5,"Simu1","KET",200,"cliver",2.41429614008166
"2847",284.6,"Simu1","KET",200,"cliver",2.41015770755904
"2848",284.7,"Simu1","KET",200,"cliver",2.40609267070912
"2849",284.8,"Simu1","KET",200,"cliver",2.40209827269199
"2850",284.9,"Simu1","KET",200,"cliver",2.39817186341541
"2851",285,"Simu1","KET",200,"cliver",2.39431089539456
"2852",285.1,"Simu1","KET",200,"cliver",2.39051291977261
"2853",285.2,"Simu1","KET",200,"cliver",2.38677558249613
"2854",285.3,"Simu1","KET",200,"cliver",2.38309662063893
"2855",285.4,"Simu1","KET",200,"cliver",2.37947385886884
"2856",285.5,"Simu1","KET",200,"cliver",2.37590520605166
"2857",285.6,"Simu1","KET",200,"cliver",2.37238865198699
"2858",285.7,"Simu1","KET",200,"cliver",2.36892226427088
"2859",285.8,"Simu1","KET",200,"cliver",2.36550418528019
"2860",285.9,"Simu1","KET",200,"cliver",2.36213262927405
"2861",286,"Simu1","KET",200,"cliver",2.35880587960782
"2862",286.1,"Simu1","KET",200,"cliver",2.35552228605513
"2863",286.2,"Simu1","KET",200,"cliver",2.35228026223388
"2864",286.3,"Simu1","KET",200,"cliver",2.34907828313209
"2865",286.4,"Simu1","KET",200,"cliver",2.34591488272969
"2866",286.5,"Simu1","KET",200,"cliver",2.34278865171261
"2867",286.6,"Simu1","KET",200,"cliver",2.3396982352755
"2868",286.7,"Simu1","KET",200,"cliver",2.33664233100969
"2869",286.8,"Simu1","KET",200,"cliver",2.33361968687301
"2870",286.9,"Simu1","KET",200,"cliver",2.33062909923838
"2871",287,"Simu1","KET",200,"cliver",2.32766941101803
"2872",287.1,"Simu1","KET",200,"cliver",2.32473950986046
"2873",287.2,"Simu1","KET",200,"cliver",2.32183832641729
"2874",287.3,"Simu1","KET",200,"cliver",2.31896483267729
"2875",287.4,"Simu1","KET",200,"cliver",2.316118040365
"2876",287.5,"Simu1","KET",200,"cliver",2.31329699940143
"2877",287.6,"Simu1","KET",200,"cliver",2.31050079642437
"2878",287.7,"Simu1","KET",200,"cliver",2.30772855336613
"2879",287.8,"Simu1","KET",200,"cliver",2.3049794260864
"2880",287.9,"Simu1","KET",200,"cliver",2.30225260334826
"2881",288,"Simu1","KET",200,"cliver",2.3038791020566
"2882",288.1,"Simu1","KET",200,"cliver",6.72308517687416
"2883",288.2,"Simu1","KET",200,"cliver",18.946911184537
"2884",288.3,"Simu1","KET",200,"cliver",32.5154904168332
"2885",288.4,"Simu1","KET",200,"cliver",44.9776818026574
"2886",288.5,"Simu1","KET",200,"cliver",55.6720852729511
"2887",288.6,"Simu1","KET",200,"cliver",64.5469101277986
"2888",288.7,"Simu1","KET",200,"cliver",71.7437662669012
"2889",288.8,"Simu1","KET",200,"cliver",77.4528159464129
"2890",288.9,"Simu1","KET",200,"cliver",81.8639740812147
"2891",289,"Simu1","KET",200,"cliver",85.1518624795629
"2892",289.1,"Simu1","KET",200,"cliver",87.4724106810458
"2893",289.2,"Simu1","KET",200,"cliver",88.963290905847
"2894",289.3,"Simu1","KET",200,"cliver",89.7455554006202
"2895",289.4,"Simu1","KET",200,"cliver",89.925439306944
"2896",289.5,"Simu1","KET",200,"cliver",89.5959315783142
"2897",289.6,"Simu1","KET",200,"cliver",88.8385936940472
"2898",289.7,"Simu1","KET",200,"cliver",87.7246716333409
"2899",289.8,"Simu1","KET",200,"cliver",86.3163283745932
"2900",289.9,"Simu1","KET",200,"cliver",84.6677393467706
"2901",290,"Simu1","KET",200,"cliver",82.8261058188941
"2902",290.1,"Simu1","KET",200,"cliver",80.8323586119527
"2903",290.2,"Simu1","KET",200,"cliver",78.7219317839394
"2904",290.3,"Simu1","KET",200,"cliver",76.5253899922306
"2905",290.4,"Simu1","KET",200,"cliver",74.2690509460615
"2906",290.5,"Simu1","KET",200,"cliver",71.9754871848299
"2907",290.6,"Simu1","KET",200,"cliver",69.6639079451162
"2908",290.7,"Simu1","KET",200,"cliver",67.350589516457
"2909",290.8,"Simu1","KET",200,"cliver",65.0492599729333
"2910",290.9,"Simu1","KET",200,"cliver",62.7714135189287
"2911",291,"Simu1","KET",200,"cliver",60.5265778421107
"2912",291.1,"Simu1","KET",200,"cliver",58.3225583944143
"2913",291.2,"Simu1","KET",200,"cliver",56.1656649762739
"2914",291.3,"Simu1","KET",200,"cliver",54.0609131186409
"2915",291.4,"Simu1","KET",200,"cliver",52.0121974431433
"2916",291.5,"Simu1","KET",200,"cliver",50.022443003192
"2917",291.6,"Simu1","KET",200,"cliver",48.0937401513145
"2918",291.7,"Simu1","KET",200,"cliver",46.2274651911419
"2919",291.8,"Simu1","KET",200,"cliver",44.4243869299459
"2920",291.9,"Simu1","KET",200,"cliver",42.6847594487082
"2921",292,"Simu1","KET",200,"cliver",41.0084023528583
"2922",292.1,"Simu1","KET",200,"cliver",39.3947722149474
"2923",292.2,"Simu1","KET",200,"cliver",37.8430251795918
"2924",292.3,"Simu1","KET",200,"cliver",36.3520714143246
"2925",292.4,"Simu1","KET",200,"cliver",34.9206221725891
"2926",292.5,"Simu1","KET",200,"cliver",33.5472305621611
"2927",292.6,"Simu1","KET",200,"cliver",32.2303268977724
"2928",292.7,"Simu1","KET",200,"cliver",30.9682492105455
"2929",292.8,"Simu1","KET",200,"cliver",29.7592693763435
"2930",292.9,"Simu1","KET",200,"cliver",28.6016153732
"2931",293,"Simu1","KET",200,"cliver",27.4934901869296
"2932",293.1,"Simu1","KET",200,"cliver",26.4330878043298
"2933",293.2,"Simu1","KET",200,"cliver",25.4186066424534
"2934",293.3,"Simu1","KET",200,"cliver",24.4482607182087
"2935",293.4,"Simu1","KET",200,"cliver",23.5202888483276
"2936",293.5,"Simu1","KET",200,"cliver",22.6329621479666
"2937",293.6,"Simu1","KET",200,"cliver",21.7845900598253
"2938",293.7,"Simu1","KET",200,"cliver",20.9735251106731
"2939",293.8,"Simu1","KET",200,"cliver",20.1981665685937
"2940",293.9,"Simu1","KET",200,"cliver",19.4569631576779
"2941",294,"Simu1","KET",200,"cliver",18.7484149698597
"2942",294.1,"Simu1","KET",200,"cliver",18.0710746956368
"2943",294.2,"Simu1","KET",200,"cliver",17.4235482772692
"2944",294.3,"Simu1","KET",200,"cliver",16.8044950762905
"2945",294.4,"Simu1","KET",200,"cliver",16.2126276391205
"2946",294.5,"Simu1","KET",200,"cliver",15.6467111275932
"2947",294.6,"Simu1","KET",200,"cliver",15.1055624761934
"2948",294.7,"Simu1","KET",200,"cliver",14.5880493288774
"2949",294.8,"Simu1","KET",200,"cliver",14.0930888010876
"2950",294.9,"Simu1","KET",200,"cliver",13.6196461058933
"2951",295,"Simu1","KET",200,"cliver",13.1667330775396
"2952",295.1,"Simu1","KET",200,"cliver",12.7334066209378
"2953",295.2,"Simu1","KET",200,"cliver",12.3187671114066
"2954",295.3,"Simu1","KET",200,"cliver",11.9219567651546
"2955",295.4,"Simu1","KET",200,"cliver",11.5421579976616
"2956",295.5,"Simu1","KET",200,"cliver",11.1785917842402
"2957",295.6,"Simu1","KET",200,"cliver",10.8305160346114
"2958",295.7,"Simu1","KET",200,"cliver",10.4972239911911
"2959",295.8,"Simu1","KET",200,"cliver",10.1780426589054
"2960",295.9,"Simu1","KET",200,"cliver",9.8723312727538
"2961",296,"Simu1","KET",200,"cliver",9.57947980795319
"2962",296.1,"Simu1","KET",200,"cliver",9.29890753632222
"2963",296.2,"Simu1","KET",200,"cliver",9.03006163161031
"2964",296.3,"Simu1","KET",200,"cliver",8.77241582558626
"2965",296.4,"Simu1","KET",200,"cliver",8.52546911590467
"2966",296.5,"Simu1","KET",200,"cliver",8.28874452634617
"2967",296.6,"Simu1","KET",200,"cliver",8.06178791942142
"2968",296.7,"Simu1","KET",200,"cliver",7.84416686092416
"2969",296.8,"Simu1","KET",200,"cliver",7.63546953567824
"2970",296.9,"Simu1","KET",200,"cliver",7.43530371347213
"2971",297,"Simu1","KET",200,"cliver",7.24329576395639
"2972",297.1,"Simu1","KET",200,"cliver",7.0590897191114
"2973",297.2,"Simu1","KET",200,"cliver",6.88234638176275
"2974",297.3,"Simu1","KET",200,"cliver",6.71274247852697
"2975",297.4,"Simu1","KET",200,"cliver",6.54996985551696
"2976",297.5,"Simu1","KET",200,"cliver",6.39373471509361
"2977",297.6,"Simu1","KET",200,"cliver",6.2437568919362
"2978",297.7,"Simu1","KET",200,"cliver",6.09976916670348
"2979",297.8,"Simu1","KET",200,"cliver",5.96151661556915
"2980",297.9,"Simu1","KET",200,"cliver",5.82875599394668
"2981",298,"Simu1","KET",200,"cliver",5.70125515274894
"2982",298.1,"Simu1","KET",200,"cliver",5.57879248556993
"2983",298.2,"Simu1","KET",200,"cliver",5.46115640523714
"2984",298.3,"Simu1","KET",200,"cliver",5.34814484822158
"2985",298.4,"Simu1","KET",200,"cliver",5.23956480542734
"2986",298.5,"Simu1","KET",200,"cliver",5.13523187799155
"2987",298.6,"Simu1","KET",200,"cliver",5.0349698567502
"2988",298.7,"Simu1","KET",200,"cliver",4.93861032408712
"2989",298.8,"Simu1","KET",200,"cliver",4.8459922769405
"2990",298.9,"Simu1","KET",200,"cliver",4.75696176980656
"2991",299,"Simu1","KET",200,"cliver",4.67137157663494
"2992",299.1,"Simu1","KET",200,"cliver",4.58908087056645
"2993",299.2,"Simu1","KET",200,"cliver",4.50995492051673
"2994",299.3,"Simu1","KET",200,"cliver",4.43386480366093
"2995",299.4,"Simu1","KET",200,"cliver",4.3606871329283
"2996",299.5,"Simu1","KET",200,"cliver",4.29030379866236
"2997",299.6,"Simu1","KET",200,"cliver",4.22260172364985
"2998",299.7,"Simu1","KET",200,"cliver",4.15747263076646
"2999",299.8,"Simu1","KET",200,"cliver",4.09481282252849
"3000",299.9,"Simu1","KET",200,"cliver",4.03452297188273
"3001",300,"Simu1","KET",200,"cliver",3.9765079236031
"3002",300.1,"Simu1","KET",200,"cliver",3.92067650570004
"3003",300.2,"Simu1","KET",200,"cliver",3.86694135028549
"3004",300.3,"Simu1","KET",200,"cliver",3.81521872336577
"3005",300.4,"Simu1","KET",200,"cliver",3.76542836306457
"3006",300.5,"Simu1","KET",200,"cliver",3.71749332581338
"3007",300.6,"Simu1","KET",200,"cliver",3.67133984007044
"3008",300.7,"Simu1","KET",200,"cliver",3.62689716715547
"3009",300.8,"Simu1","KET",200,"cliver",3.58409746881119
"3010",300.9,"Simu1","KET",200,"cliver",3.54287568112766
"3011",301,"Simu1","KET",200,"cliver",3.50316939448581
"3012",301.1,"Simu1","KET",200,"cliver",3.46491873919756
"3013",301.2,"Simu1","KET",200,"cliver",3.42806627653884
"3014",301.3,"Simu1","KET",200,"cliver",3.39255689488895
"3015",301.4,"Simu1","KET",200,"cliver",3.3583377107081
"3016",301.5,"Simu1","KET",200,"cliver",3.32535797409929
"3017",301.6,"Simu1","KET",200,"cliver",3.29356897871646
"3018",301.7,"Simu1","KET",200,"cliver",3.26292397579463
"3019",301.8,"Simu1","KET",200,"cliver",3.23337809209001
"3020",301.9,"Simu1","KET",200,"cliver",3.20488825153155
"3021",302,"Simu1","KET",200,"cliver",3.17741310039558
"3022",302.1,"Simu1","KET",200,"cliver",3.15091293582685
"3023",302.2,"Simu1","KET",200,"cliver",3.12534963753923
"3024",302.3,"Simu1","KET",200,"cliver",3.10068660253823
"3025",302.4,"Simu1","KET",200,"cliver",3.07688868271657
"3026",302.5,"Simu1","KET",200,"cliver",3.05392212518283
"3027",302.6,"Simu1","KET",200,"cliver",3.03175451519053
"3028",302.7,"Simu1","KET",200,"cliver",3.01035472154264
"3029",302.8,"Simu1","KET",200,"cliver",2.9896928443525
"3030",302.9,"Simu1","KET",200,"cliver",2.96974016504987
"3031",303,"Simu1","KET",200,"cliver",2.95046909852576
"3032",303.1,"Simu1","KET",200,"cliver",2.93185314731605
"3033",303.2,"Simu1","KET",200,"cliver",2.91386685772905
"3034",303.3,"Simu1","KET",200,"cliver",2.89648577782669
"3035",303.4,"Simu1","KET",200,"cliver",2.87968641717478
"3036",303.5,"Simu1","KET",200,"cliver",2.86344620828098
"3037",303.6,"Simu1","KET",200,"cliver",2.84774346964424
"3038",303.7,"Simu1","KET",200,"cliver",2.83255737034293
"3039",303.8,"Simu1","KET",200,"cliver",2.8178678960926
"3040",303.9,"Simu1","KET",200,"cliver",2.80365581670793
"3041",304,"Simu1","KET",200,"cliver",2.78990265490662
"3042",304.1,"Simu1","KET",200,"cliver",2.77659065639592
"3043",304.2,"Simu1","KET",200,"cliver",2.76370276118575
"3044",304.3,"Simu1","KET",200,"cliver",2.75122257607478
"3045",304.4,"Simu1","KET",200,"cliver",2.73913434825856
"3046",304.5,"Simu1","KET",200,"cliver",2.72742294001116
"3047",304.6,"Simu1","KET",200,"cliver",2.71607380439431
"3048",304.7,"Simu1","KET",200,"cliver",2.70507296195011
"3049",304.8,"Simu1","KET",200,"cliver",2.69440697833505
"3050",304.9,"Simu1","KET",200,"cliver",2.6840629428559
"3051",305,"Simu1","KET",200,"cliver",2.67402844786894
"3052",305.1,"Simu1","KET",200,"cliver",2.66429156900641
"3053",305.2,"Simu1","KET",200,"cliver",2.65484084619554
"3054",305.3,"Simu1","KET",200,"cliver",2.64566526543686
"3055",305.4,"Simu1","KET",200,"cliver",2.63675424131044
"3056",305.5,"Simu1","KET",200,"cliver",2.6280976001796
"3057",305.6,"Simu1","KET",200,"cliver",2.61968556406349
"3058",305.7,"Simu1","KET",200,"cliver",2.61150873515088
"3059",305.8,"Simu1","KET",200,"cliver",2.60355808092872
"3060",305.9,"Simu1","KET",200,"cliver",2.59582491990052
"3061",306,"Simu1","KET",200,"cliver",2.58830090787015
"3062",306.1,"Simu1","KET",200,"cliver",2.58097802476835
"3063",306.2,"Simu1","KET",200,"cliver",2.5738485619996
"3064",306.3,"Simu1","KET",200,"cliver",2.56690511028844
"3065",306.4,"Simu1","KET",200,"cliver",2.56014054800496
"3066",306.5,"Simu1","KET",200,"cliver",2.55354802995016
"3067",306.6,"Simu1","KET",200,"cliver",2.54712097658256
"3068",306.7,"Simu1","KET",200,"cliver",2.54085306366854
"3069",306.8,"Simu1","KET",200,"cliver",2.53473821233914
"3070",306.9,"Simu1","KET",200,"cliver",2.52877057953725
"3071",307,"Simu1","KET",200,"cliver",2.5229445488395
"3072",307.1,"Simu1","KET",200,"cliver",2.5172547216379
"3073",307.2,"Simu1","KET",200,"cliver",2.51169590866691
"3074",307.3,"Simu1","KET",200,"cliver",2.5062631218622
"3075",307.4,"Simu1","KET",200,"cliver",2.50095156653793
"3076",307.5,"Simu1","KET",200,"cliver",2.49575663386988
"3077",307.6,"Simu1","KET",200,"cliver",2.49067389367235
"3078",307.7,"Simu1","KET",200,"cliver",2.48569908745718
"3079",307.8,"Simu1","KET",200,"cliver",2.48082812176376
"3080",307.9,"Simu1","KET",200,"cliver",2.47605706174933
"3081",308,"Simu1","KET",200,"cliver",2.47138212502928
"3082",308.1,"Simu1","KET",200,"cliver",2.46679967575757
"3083",308.2,"Simu1","KET",200,"cliver",2.462306218938
"3084",308.3,"Simu1","KET",200,"cliver",2.45789839495697
"3085",308.4,"Simu1","KET",200,"cliver",2.45357297432922
"3086",308.5,"Simu1","KET",200,"cliver",2.4493268526482
"3087",308.6,"Simu1","KET",200,"cliver",2.44515704573288
"3088",308.7,"Simu1","KET",200,"cliver",2.44106068496351
"3089",308.8,"Simu1","KET",200,"cliver",2.43703501279872
"3090",308.9,"Simu1","KET",200,"cliver",2.43307737846701
"3091",309,"Simu1","KET",200,"cliver",2.42918523382578
"3092",309.1,"Simu1","KET",200,"cliver",2.42535612938125
"3093",309.2,"Simu1","KET",200,"cliver",2.42158771046315
"3094",309.3,"Simu1","KET",200,"cliver",2.41787771354797
"3095",309.4,"Simu1","KET",200,"cliver",2.41422396272505
"3096",309.5,"Simu1","KET",200,"cliver",2.41062436629998
"3097",309.6,"Simu1","KET",200,"cliver",2.40707691352985
"3098",309.7,"Simu1","KET",200,"cliver",2.40357967148526
"3099",309.8,"Simu1","KET",200,"cliver",2.40013078203418
"3100",309.9,"Simu1","KET",200,"cliver",2.39672845894288
"3101",310,"Simu1","KET",200,"cliver",2.39337098508933
"3102",310.1,"Simu1","KET",200,"cliver",2.39005670978478
"3103",310.2,"Simu1","KET",200,"cliver",2.38678404619927
"3104",310.3,"Simu1","KET",200,"cliver",2.38355146888697
"3105",310.4,"Simu1","KET",200,"cliver",2.38035751140756
"3106",310.5,"Simu1","KET",200,"cliver",2.37720076403983
"3107",310.6,"Simu1","KET",200,"cliver",2.37407987158403
"3108",310.7,"Simu1","KET",200,"cliver",2.37099353124935
"3109",310.8,"Simu1","KET",200,"cliver",2.36794049062339
"3110",310.9,"Simu1","KET",200,"cliver",2.36491954572034
"3111",311,"Simu1","KET",200,"cliver",2.36192953910482
"3112",311.1,"Simu1","KET",200,"cliver",2.35896935808848
"3113",311.2,"Simu1","KET",200,"cliver",2.35603793299648
"3114",311.3,"Simu1","KET",200,"cliver",2.35313423550122
"3115",311.4,"Simu1","KET",200,"cliver",2.35025727702058
"3116",311.5,"Simu1","KET",200,"cliver",2.34740610717833
"3117",311.6,"Simu1","KET",200,"cliver",2.34457981232412
"3118",311.7,"Simu1","KET",200,"cliver",2.34177751411092
"3119",311.8,"Simu1","KET",200,"cliver",2.33899836812752
"3120",311.9,"Simu1","KET",200,"cliver",2.3362416335207
"3121",312,"Simu1","KET",200,"cliver",2.33783849809002
"3122",312.1,"Simu1","KET",200,"cliver",6.75701388455116
"3123",312.2,"Simu1","KET",200,"cliver",18.9808387628623
"3124",312.3,"Simu1","KET",200,"cliver",32.5494611999741
"3125",312.4,"Simu1","KET",200,"cliver",45.0117320982415
"3126",312.5,"Simu1","KET",200,"cliver",55.7062419811056
"3127",312.6,"Simu1","KET",200,"cliver",64.5811918215426
"3128",312.7,"Simu1","KET",200,"cliver",71.7781847524959
"3129",312.8,"Simu1","KET",200,"cliver",77.4873774309844
"3130",312.9,"Simu1","KET",200,"cliver",81.8986817477888
"3131",313,"Simu1","KET",200,"cliver",85.186713659288
"3132",313.1,"Simu1","KET",200,"cliver",87.5073963104383
"3133",313.2,"Simu1","KET",200,"cliver",88.998418637094
"3134",313.3,"Simu1","KET",200,"cliver",89.7808273556427
"3135",313.4,"Simu1","KET",200,"cliver",89.9608253397025
"3136",313.5,"Simu1","KET",200,"cliver",89.6314794649918
"3137",313.6,"Simu1","KET",200,"cliver",88.8742594681821
"3138",313.7,"Simu1","KET",200,"cliver",87.7603981394227
"3139",313.8,"Simu1","KET",200,"cliver",86.3520907657505
"3140",313.9,"Simu1","KET",200,"cliver",84.7035544402452
"3141",314,"Simu1","KET",200,"cliver",82.8619547406221
"3142",314.1,"Simu1","KET",200,"cliver",80.8682264868789
"3143",314.2,"Simu1","KET",200,"cliver",78.7578096372108
"3144",314.3,"Simu1","KET",200,"cliver",76.5612966199901
"3145",314.4,"Simu1","KET",200,"cliver",74.304998588493
"3146",314.5,"Simu1","KET",200,"cliver",72.0114507534819
"3147",314.6,"Simu1","KET",200,"cliver",69.6998660016218
"3148",314.7,"Simu1","KET",200,"cliver",67.3865384131613
"3149",314.8,"Simu1","KET",200,"cliver",65.085201422781
"3150",314.9,"Simu1","KET",200,"cliver",62.8073427166505
"3151",315,"Simu1","KET",200,"cliver",60.5624843571467
"3152",315.1,"Simu1","KET",200,"cliver",58.3584329747243
"3153",315.2,"Simu1","KET",200,"cliver",56.2015021697424
"3154",315.3,"Simu1","KET",200,"cliver",54.0967090241903
"3155",315.4,"Simu1","KET",200,"cliver",52.0479475967151
"3156",315.5,"Simu1","KET",200,"cliver",50.0581424622269
"3157",315.6,"Simu1","KET",200,"cliver",48.1293846294307
"3158",315.7,"Simu1","KET",200,"cliver",46.2630514990909
"3159",315.8,"Simu1","KET",200,"cliver",44.459912383005
"3160",315.9,"Simu1","KET",200,"cliver",42.7202211798364
"3161",316,"Simu1","KET",200,"cliver",41.0437977231242
"3162",316.1,"Simu1","KET",200,"cliver",39.4300991040985
"3163",316.2,"Simu1","KET",200,"cliver",37.8782819150579
"3164",316.3,"Simu1","KET",200,"cliver",36.3872565439962
"3165",316.4,"Simu1","KET",200,"cliver",34.9557343866155
"3166",316.5,"Simu1","KET",200,"cliver",33.582268758903
"3167",316.6,"Simu1","KET",200,"cliver",32.2652902337393
"3168",316.7,"Simu1","KET",200,"cliver",31.0031370676116
"3169",316.8,"Simu1","KET",200,"cliver",29.7940813038078
"3170",316.9,"Simu1","KET",200,"cliver",28.6363510629822
"3171",317,"Simu1","KET",200,"cliver",27.5281494764276
"3172",317.1,"Simu1","KET",200,"cliver",26.4676706744826
"3173",317.2,"Simu1","KET",200,"cliver",25.453113200439
"3174",317.3,"Simu1","KET",200,"cliver",24.4826911772307
"3175",317.4,"Simu1","KET",200,"cliver",23.554643515101
"3176",317.5,"Simu1","KET",200,"cliver",22.6672414158304
"3177",317.6,"Simu1","KET",200,"cliver",21.8187944010652
"3178",317.7,"Simu1","KET",200,"cliver",21.0076550664436
"3179",317.8,"Simu1","KET",200,"cliver",20.2322227390594
"3180",317.9,"Simu1","KET",200,"cliver",19.4909461942449
"3181",318,"Simu1","KET",200,"cliver",18.7823255688993
"3182",318.1,"Simu1","KET",200,"cliver",18.1049135926371
"3183",318.2,"Simu1","KET",200,"cliver",17.4573162400297
"3184",318.3,"Simu1","KET",200,"cliver",16.8381928998515
"3185",318.4,"Simu1","KET",200,"cliver",16.246256140802
"3186",318.5,"Simu1","KET",200,"cliver",15.680271142733
"3187",318.6,"Simu1","KET",200,"cliver",15.1390548541631
"3188",318.7,"Simu1","KET",200,"cliver",14.6214749293951
"3189",318.8,"Simu1","KET",200,"cliver",14.126448490927
"3190",318.9,"Simu1","KET",200,"cliver",13.6529407559859
"3191",319,"Simu1","KET",200,"cliver",13.1999635603937
"3192",319.1,"Simu1","KET",200,"cliver",12.7665738083072
"3193",319.2,"Simu1","KET",200,"cliver",12.3518718722005
"3194",319.3,"Simu1","KET",200,"cliver",11.954999963593
"3195",319.4,"Simu1","KET",200,"cliver",11.5751404916558
"3196",319.5,"Simu1","KET",200,"cliver",11.2115144239727
"3197",319.6,"Simu1","KET",200,"cliver",10.8633796612882
"3198",319.7,"Simu1","KET",200,"cliver",10.5300294359537
"3199",319.8,"Simu1","KET",200,"cliver",10.2107907418933
"3200",319.9,"Simu1","KET",200,"cliver",9.90502280230181
"3201",320,"Simu1","KET",200,"cliver",9.6121155799114
"3202",320.1,"Simu1","KET",200,"cliver",9.33148833347724
"3203",320.2,"Simu1","KET",200,"cliver",9.06258822322924
"3204",320.3,"Simu1","KET",200,"cliver",8.80488896701717
"3205",320.4,"Simu1","KET",200,"cliver",8.55788954827315
"3206",320.5,"Simu1","KET",200,"cliver",8.32111297632305
"3207",320.6,"Simu1","KET",200,"cliver",8.09410509905434
"3208",320.7,"Simu1","KET",200,"cliver",7.8764334675256
"3209",320.8,"Simu1","KET",200,"cliver",7.66768625176416
"3210",320.9,"Simu1","KET",200,"cliver",7.46747120674473
"3211",321,"Simu1","KET",200,"cliver",7.27541468732837
"3212",321.1,"Simu1","KET",200,"cliver",7.09116071076527
"3213",321.2,"Simu1","KET",200,"cliver",6.91437006524088
"3214",321.3,"Simu1","KET",200,"cliver",6.74471946284935
"3215",321.4,"Simu1","KET",200,"cliver",6.58190073532171
"3216",321.5,"Simu1","KET",200,"cliver",6.42562007079927
"3217",321.6,"Simu1","KET",200,"cliver",6.27559728992131
"3218",321.7,"Simu1","KET",200,"cliver",6.13156515950141
"3219",321.8,"Simu1","KET",200,"cliver",5.99326874207633
"3220",321.9,"Simu1","KET",200,"cliver",5.86046477964098
"3221",322,"Simu1","KET",200,"cliver",5.73292110991786
"3222",322.1,"Simu1","KET",200,"cliver",5.61041611354414
"3223",322.2,"Simu1","KET",200,"cliver",5.49273819063729
"3224",322.3,"Simu1","KET",200,"cliver",5.37968526519997
"3225",322.4,"Simu1","KET",200,"cliver",5.27106431591784
"3226",322.5,"Simu1","KET",200,"cliver",5.16669093196185
"3227",322.6,"Simu1","KET",200,"cliver",5.06638889245567
"3228",322.7,"Simu1","KET",200,"cliver",4.9699897683252
"3229",322.8,"Simu1","KET",200,"cliver",4.87733254530503
"3230",322.9,"Simu1","KET",200,"cliver",4.78826326694098
"3231",323,"Simu1","KET",200,"cliver",4.70263469648488
"3232",323.1,"Simu1","KET",200,"cliver",4.62030599663045
"3233",323.2,"Simu1","KET",200,"cliver",4.54114242609479
"3234",323.3,"Simu1","KET",200,"cliver",4.46501505210069
"3235",323.4,"Simu1","KET",200,"cliver",4.39180047786804
"3236",323.5,"Simu1","KET",200,"cliver",4.32138058427129
"3237",323.6,"Simu1","KET",200,"cliver",4.25364228486488
"3238",323.7,"Simu1","KET",200,"cliver",4.18847729352539
"3239",323.8,"Simu1","KET",200,"cliver",4.12578190399974
"3240",323.9,"Simu1","KET",200,"cliver",4.06545678069081
"3241",324,"Simu1","KET",200,"cliver",4.00740676005045
"3242",324.1,"Simu1","KET",200,"cliver",3.95154066198445
"3243",324.2,"Simu1","KET",200,"cliver",3.8977711107144
"3244",324.3,"Simu1","KET",200,"cliver",3.84601436456513
"3245",324.4,"Simu1","KET",200,"cliver",3.79619015418391
"3246",324.5,"Simu1","KET",200,"cliver",3.7482215287269
"3247",324.6,"Simu1","KET",200,"cliver",3.7020347095737
"3248",324.7,"Simu1","KET",200,"cliver",3.65755895115786
"3249",324.8,"Simu1","KET",200,"cliver",3.61472640852424
"3250",324.9,"Simu1","KET",200,"cliver",3.57347201124889
"3251",325,"Simu1","KET",200,"cliver",3.53373334337868
"3252",325.1,"Simu1","KET",200,"cliver",3.49545052906713
"3253",325.2,"Simu1","KET",200,"cliver",3.45856612360333
"3254",325.3,"Simu1","KET",200,"cliver",3.42302500954736
"3255",325.4,"Simu1","KET",200,"cliver",3.38877429770356
"3256",325.5,"Simu1","KET",200,"cliver",3.35576323267871
"3257",325.6,"Simu1","KET",200,"cliver",3.32394310278614
"3258",325.7,"Simu1","KET",200,"cliver",3.29326715407206
"3259",325.8,"Simu1","KET",200,"cliver",3.26369050825192
"3260",325.9,"Simu1","KET",200,"cliver",3.2351700843581
"3261",326,"Simu1","KET",200,"cliver",3.20766452391109
"3262",326.1,"Simu1","KET",200,"cliver",3.18113411943675
"3263",326.2,"Simu1","KET",200,"cliver",3.15554074616367
"3264",326.3,"Simu1","KET",200,"cliver",3.1308477967421
"3265",326.4,"Simu1","KET",200,"cliver",3.1070201188361
"3266",326.5,"Simu1","KET",200,"cliver",3.08402395544895
"3267",326.6,"Simu1","KET",200,"cliver",3.061826887849
"3268",326.7,"Simu1","KET",200,"cliver",3.04039778097085
"3269",326.8,"Simu1","KET",200,"cliver",3.01970673117333
"3270",326.9,"Simu1","KET",200,"cliver",2.99972501624231
"3271",327,"Simu1","KET",200,"cliver",2.9804250475327
"3272",327.1,"Simu1","KET",200,"cliver",2.96178032414904
"3273",327.2,"Simu1","KET",200,"cliver",2.94376538907024
"3274",327.3,"Simu1","KET",200,"cliver",2.92635578712803
"3275",327.4,"Simu1","KET",200,"cliver",2.90952802475437
"3276",327.5,"Simu1","KET",200,"cliver",2.89325953141687
"3277",327.6,"Simu1","KET",200,"cliver",2.87752862266556
"3278",327.7,"Simu1","KET",200,"cliver",2.86231446471852
"3279",327.8,"Simu1","KET",200,"cliver",2.84759704051715
"3280",327.9,"Simu1","KET",200,"cliver",2.83335711718567
"3281",328,"Simu1","KET",200,"cliver",2.8195762148327
"3282",328.1,"Simu1","KET",200,"cliver",2.8062365766354
"3283",328.2,"Simu1","KET",200,"cliver",2.79332114015047
"3284",328.3,"Simu1","KET",200,"cliver",2.78081350979798
"3285",328.4,"Simu1","KET",200,"cliver",2.76869793046727
"3286",328.5,"Simu1","KET",200,"cliver",2.75695926219667
"3287",328.6,"Simu1","KET",200,"cliver",2.74558295588051
"3288",328.7,"Simu1","KET",200,"cliver",2.73455502995987
"3289",328.8,"Simu1","KET",200,"cliver",2.72386204805473
"3290",328.9,"Simu1","KET",200,"cliver",2.71349109749788
"3291",329,"Simu1","KET",200,"cliver",2.70342976873242
"3292",329.1,"Simu1","KET",200,"cliver",2.69366613553637
"3293",329.2,"Simu1","KET",200,"cliver",2.68418873604
"3294",329.3,"Simu1","KET",200,"cliver",2.67498655450248
"3295",329.4,"Simu1","KET",200,"cliver",2.66604900381636
"3296",329.5,"Simu1","KET",200,"cliver",2.65736590870985
"3297",329.6,"Simu1","KET",200,"cliver",2.64892748961772
"3298",329.7,"Simu1","KET",200,"cliver",2.64072434719362
"3299",329.8,"Simu1","KET",200,"cliver",2.63274744743719
"3300",329.9,"Simu1","KET",200,"cliver",2.62498810741095
"3301",330,"Simu1","KET",200,"cliver",2.61743798152279
"3302",330.1,"Simu1","KET",200,"cliver",2.61008904835106
"3303",330.2,"Simu1","KET",200,"cliver",2.60293359799014
"3304",330.3,"Simu1","KET",200,"cliver",2.59596421989551
"3305",330.4,"Simu1","KET",200,"cliver",2.58917379120794
"3306",330.5,"Simu1","KET",200,"cliver",2.5825554655377
"3307",330.6,"Simu1","KET",200,"cliver",2.57610266218997
"3308",330.7,"Simu1","KET",200,"cliver",2.56980905581403
"3309",330.8,"Simu1","KET",200,"cliver",2.56366856645896
"3310",330.9,"Simu1","KET",200,"cliver",2.55767535001974
"3311",331,"Simu1","KET",200,"cliver",2.55182378905814
"3312",331.1,"Simu1","KET",200,"cliver",2.54610848398324
"3313",331.2,"Simu1","KET",200,"cliver",2.54052424457765
"3314",331.3,"Simu1","KET",200,"cliver",2.5350660818552
"3315",331.4,"Simu1","KET",200,"cliver",2.52972920023734
"3316",331.5,"Simu1","KET",200,"cliver",2.52450899003534
"3317",331.6,"Simu1","KET",200,"cliver",2.51940102022634
"3318",331.7,"Simu1","KET",200,"cliver",2.5144010315115
"3319",331.8,"Simu1","KET",200,"cliver",2.50950492964519
"3320",331.9,"Simu1","KET",200,"cliver",2.50470877902447
"3321",332,"Simu1","KET",200,"cliver",2.50000879652861
"3322",332.1,"Simu1","KET",200,"cliver",2.49540134559881
"3323",332.2,"Simu1","KET",200,"cliver",2.49088293054865
"3324",332.3,"Simu1","KET",200,"cliver",2.4864501910962
"3325",332.4,"Simu1","KET",200,"cliver",2.48209989710904
"3326",332.5,"Simu1","KET",200,"cliver",2.47782894355397
"3327",332.6,"Simu1","KET",200,"cliver",2.4736343456432
"3328",332.7,"Simu1","KET",200,"cliver",2.46951323416939
"3329",332.8,"Simu1","KET",200,"cliver",2.46546285102223
"3330",332.9,"Simu1","KET",200,"cliver",2.4614805448793
"3331",333,"Simu1","KET",200,"cliver",2.45756376706454
"3332",333.1,"Simu1","KET",200,"cliver",2.45371006756759
"3333",333.2,"Simu1","KET",200,"cliver",2.44991709121794
"3334",333.3,"Simu1","KET",200,"cliver",2.44618257400767
"3335",333.4,"Simu1","KET",200,"cliver",2.44250433955705
"3336",333.5,"Simu1","KET",200,"cliver",2.43888029571741
"3337",333.6,"Simu1","KET",200,"cliver",2.43530843130591
"3338",333.7,"Simu1","KET",200,"cliver",2.43178681296713
"3339",333.8,"Simu1","KET",200,"cliver",2.42831358215646
"3340",333.9,"Simu1","KET",200,"cliver",2.42488695224057
"3341",334,"Simu1","KET",200,"cliver",2.42150520571044
"3342",334.1,"Simu1","KET",200,"cliver",2.41816669150248
"3343",334.2,"Simu1","KET",200,"cliver",2.41486982242369
"3344",334.3,"Simu1","KET",200,"cliver",2.41161307267656
"3345",334.4,"Simu1","KET",200,"cliver",2.40839497548016
"3346",334.5,"Simu1","KET",200,"cliver",2.40521412078331
"3347",334.6,"Simu1","KET",200,"cliver",2.4020691530666
"3348",334.7,"Simu1","KET",200,"cliver",2.39895876922956
"3349",334.8,"Simu1","KET",200,"cliver",2.39588171655979
"3350",334.9,"Simu1","KET",200,"cliver",2.3928367907808
"3351",335,"Simu1","KET",200,"cliver",2.38982283417555
"3352",335.1,"Simu1","KET",200,"cliver",2.3868387337828
"3353",335.2,"Simu1","KET",200,"cliver",2.38388341966326
"3354",335.3,"Simu1","KET",200,"cliver",2.38095586323302
"3355",335.4,"Simu1","KET",200,"cliver",2.37805507566158
"3356",335.5,"Simu1","KET",200,"cliver",2.37518010633197
"3357",335.6,"Simu1","KET",200,"cliver",2.37233004136049
"3358",335.7,"Simu1","KET",200,"cliver",2.3695040021739
"3359",335.8,"Simu1","KET",200,"cliver",2.36670114416016
"3360",335.9,"Simu1","KET",200,"cliver",2.36392065707365
"3361",336,"Simu1","KET",200,"cliver",2.36549356228818
"3362",336.1,"Simu1","KET",200,"cliver",6.78464383143336
"3363",336.2,"Simu1","KET",200,"cliver",19.0084303945709
"3364",336.3,"Simu1","KET",200,"cliver",32.5770338444354
"3365",336.4,"Simu1","KET",200,"cliver",45.0393160074509
"3366",336.5,"Simu1","KET",200,"cliver",55.7338650111361
"3367",336.6,"Simu1","KET",200,"cliver",64.6088765061969
"3368",336.7,"Simu1","KET",200,"cliver",71.8059476162974
"3369",336.8,"Simu1","KET",200,"cliver",77.5152302166426
"3370",336.9,"Simu1","KET",200,"cliver",81.9266317269888
"3371",337,"Simu1","KET",200,"cliver",85.21476319269
"3372",337.1,"Simu1","KET",200,"cliver",87.535541628854
"3373",337.2,"Simu1","KET",200,"cliver",89.0266895659178
"3374",337.3,"Simu1","KET",200,"cliver",89.8091628855764
"3375",337.4,"Simu1","KET",200,"cliver",89.9893911598429
"3376",337.5,"Simu1","KET",200,"cliver",89.6601108265574
"3377",337.6,"Simu1","KET",200,"cliver",88.9029274992304
"3378",337.7,"Simu1","KET",200,"cliver",87.789044748781
"3379",337.8,"Simu1","KET",200,"cliver",86.3808097592421
"3380",337.9,"Simu1","KET",200,"cliver",84.7324298707798
"3381",338,"Simu1","KET",200,"cliver",82.8908964676271
"3382",338.1,"Simu1","KET",200,"cliver",80.8972228710942
"3383",338.2,"Simu1","KET",200,"cliver",78.7868707722771
"3384",338.3,"Simu1","KET",200,"cliver",76.5904107019225
"3385",338.4,"Simu1","KET",200,"cliver",74.3341491716117
"3386",338.5,"Simu1","KET",200,"cliver",72.0405958839728
"3387",338.6,"Simu1","KET",200,"cliver",69.7289895445247
"3388",338.7,"Simu1","KET",200,"cliver",67.4156563876092
"3389",338.8,"Simu1","KET",200,"cliver",65.1143200322492
"3390",338.9,"Simu1","KET",200,"cliver",62.8364506553617
"3391",339,"Simu1","KET",200,"cliver",60.591568233982
"3392",339.1,"Simu1","KET",200,"cliver",58.3874880065113
"3393",339.2,"Simu1","KET",200,"cliver",56.2305289439055
"3394",339.3,"Simu1","KET",200,"cliver",54.1257064255972
"3395",339.4,"Simu1","KET",200,"cliver",52.0769112828252
"3396",339.5,"Simu1","KET",200,"cliver",50.0870677808097
"3397",339.6,"Simu1","KET",200,"cliver",48.158268699666
"3398",339.7,"Simu1","KET",200,"cliver",46.2918926476004
"3399",339.8,"Simu1","KET",200,"cliver",44.4887088211243
"3400",339.9,"Simu1","KET",200,"cliver",42.748970691396
"3401",340,"Simu1","KET",200,"cliver",41.0724981917284
"3402",340.1,"Simu1","KET",200,"cliver",39.4587488708457
"3403",340.2,"Simu1","KET",200,"cliver",37.906879705494
"3404",340.3,"Simu1","KET",200,"cliver",36.4158024481261
"3405",340.4,"Simu1","KET",200,"cliver",34.9842265986134
"3406",340.5,"Simu1","KET",200,"cliver",33.6107042878772
"3407",340.6,"Simu1","KET",200,"cliver",32.293668620181
"3408",340.7,"Simu1","KET",200,"cliver",31.0314603246089
"3409",340.8,"Simu1","KET",200,"cliver",29.8223527903963
"3410",340.9,"Simu1","KET",200,"cliver",28.6645683175147
"3411",341,"Simu1","KET",200,"cliver",27.5563097751562
"3412",341.1,"Simu1","KET",200,"cliver",26.4957739512484
"3413",341.2,"Simu1","KET",200,"cliver",25.4811597631788
"3414",341.3,"Simu1","KET",200,"cliver",24.5106807751672
"3415",341.4,"Simu1","KET",200,"cliver",23.5825757454337
"3416",341.5,"Simu1","KET",200,"cliver",22.6951160670781
"3417",341.6,"Simu1","KET",200,"cliver",21.846610948149
"3418",341.7,"Simu1","KET",200,"cliver",21.0354135387617
"3419",341.8,"Simu1","KET",200,"cliver",20.2599240258379
"3420",341.9,"Simu1","KET",200,"cliver",19.5185913023052
"3421",342,"Simu1","KET",200,"cliver",18.8099150706989
"3422",342.1,"Simu1","KET",200,"cliver",18.1324478144262
"3423",342.2,"Simu1","KET",200,"cliver",17.4847956496684
"3424",342.3,"Simu1","KET",200,"cliver",16.8656181656105
"3425",342.4,"Simu1","KET",200,"cliver",16.2736279486038
"3426",342.5,"Simu1","KET",200,"cliver",15.7075900931963
"3427",342.6,"Simu1","KET",200,"cliver",15.1663215184868
"3428",342.7,"Simu1","KET",200,"cliver",14.6486899237951
"3429",342.8,"Simu1","KET",200,"cliver",14.1536124745192
"3430",342.9,"Simu1","KET",200,"cliver",13.6800543878792
"3431",343,"Simu1","KET",200,"cliver",13.22702748056
"3432",343.1,"Simu1","KET",200,"cliver",12.7935886503486
"3433",343.2,"Simu1","KET",200,"cliver",12.3788382769018
"3434",343.3,"Simu1","KET",200,"cliver",11.9819185761292
"3435",343.4,"Simu1","KET",200,"cliver",11.6020119518446
"3436",343.5,"Simu1","KET",200,"cliver",11.2383393624699
"3437",343.6,"Simu1","KET",200,"cliver",10.8901587020504
"3438",343.7,"Simu1","KET",200,"cliver",10.5567631982697
"3439",343.8,"Simu1","KET",200,"cliver",10.2374798390456
"3440",343.9,"Simu1","KET",200,"cliver",9.93166783917684
"3441",344,"Simu1","KET",200,"cliver",9.63871715205716
"3442",344.1,"Simu1","KET",200,"cliver",9.35804702742311
"3443",344.2,"Simu1","KET",200,"cliver",9.08910461660314
"3444",344.3,"Simu1","KET",200,"cliver",8.83136362801487
"3445",344.4,"Simu1","KET",200,"cliver",8.58432303503522
"3446",344.5,"Simu1","KET",200,"cliver",8.3475058366678
"3447",344.6,"Simu1","KET",200,"cliver",8.12045787048073
"3448",344.7,"Simu1","KET",200,"cliver",7.90274667720513
"3449",344.8,"Simu1","KET",200,"cliver",7.69396041639313
"3450",344.9,"Simu1","KET",200,"cliver",7.49370683240841
"3451",345,"Simu1","KET",200,"cliver",7.30161226947192
"3452",345.1,"Simu1","KET",200,"cliver",7.11732073423796
"3453",345.2,"Simu1","KET",200,"cliver",6.94049300434447
"3454",345.3,"Simu1","KET",200,"cliver",6.77080578137601
"3455",345.4,"Simu1","KET",200,"cliver",6.60795088660891
"3456",345.5,"Simu1","KET",200,"cliver",6.45163449781764
"3457",345.6,"Simu1","KET",200,"cliver",6.30157642538544
"3458",345.7,"Simu1","KET",200,"cliver",6.1575094259886
"3459",345.8,"Simu1","KET",200,"cliver",6.0191785521504
"3460",345.9,"Simu1","KET",200,"cliver",5.88634053598607
"3461",346,"Simu1","KET",200,"cliver",5.75876320548402
"3462",346.1,"Simu1","KET",200,"cliver",5.63622493170644
"3463",346.2,"Simu1","KET",200,"cliver",5.51851410534909
"3464",346.3,"Simu1","KET",200,"cliver",5.40542864115115
"3465",346.4,"Simu1","KET",200,"cliver",5.29677550870297
"3466",346.5,"Simu1","KET",200,"cliver",5.19237028825206
"3467",346.6,"Simu1","KET",200,"cliver",5.09203675017337
"3468",346.7,"Simu1","KET",200,"cliver",4.99560645682346
"3469",346.8,"Simu1","KET",200,"cliver",4.90291838554081
"3470",346.9,"Simu1","KET",200,"cliver",4.81381857164914
"3471",347,"Simu1","KET",200,"cliver",4.72815977035454
"3472",347.1,"Simu1","KET",200,"cliver",4.64580113648231
"3473",347.2,"Simu1","KET",200,"cliver",4.56660792105739
"3474",347.3,"Simu1","KET",200,"cliver",4.49045118378489
"3475",347.4,"Simu1","KET",200,"cliver",4.4172075205401
"3476",347.5,"Simu1","KET",200,"cliver",4.34675880502489
"3477",347.6,"Simu1","KET",200,"cliver",4.27899194379152
"3478",347.7,"Simu1","KET",200,"cliver",4.21379864388279
"3479",347.8,"Simu1","KET",200,"cliver",4.15107519237795
"3480",347.9,"Simu1","KET",200,"cliver",4.09072224717605
"3481",348,"Simu1","KET",200,"cliver",4.03264463838665
"3482",348.1,"Simu1","KET",200,"cliver",3.97675117973309
"3483",348.2,"Simu1","KET",200,"cliver",3.92295448941016
"3484",348.3,"Simu1","KET",200,"cliver",3.87117081986906
"3485",348.4,"Simu1","KET",200,"cliver",3.82131989603472
"3486",348.5,"Simu1","KET",200,"cliver",3.77332476148946
"3487",348.6,"Simu1","KET",200,"cliver",3.72711163218483
"3488",348.7,"Simu1","KET",200,"cliver",3.68260975726965
"3489",348.8,"Simu1","KET",200,"cliver",3.63975128664359
"3490",348.9,"Simu1","KET",200,"cliver",3.59847114487415
"3491",349,"Simu1","KET",200,"cliver",3.55870691113375
"3492",349.1,"Simu1","KET",200,"cliver",3.52039870483291
"3493",349.2,"Simu1","KET",200,"cliver",3.48348907664624
"3494",349.3,"Simu1","KET",200,"cliver",3.44792290464494
"3495",349.4,"Simu1","KET",200,"cliver",3.41364729526728
"3496",349.5,"Simu1","KET",200,"cliver",3.38061148887397
"3497",349.6,"Simu1","KET",200,"cliver",3.3487667696496
"3498",349.7,"Simu1","KET",200,"cliver",3.31806637962622
"3499",349.8,"Simu1","KET",200,"cliver",3.28846543661697
"3500",349.9,"Simu1","KET",200,"cliver",3.25992085586112
"3501",350,"Simu1","KET",200,"cliver",3.2323912751926
"3502",350.1,"Simu1","KET",200,"cliver",3.20583698355483
"3503",350.2,"Simu1","KET",200,"cliver",3.1802198526953
"3504",350.3,"Simu1","KET",200,"cliver",3.15550327188192
"3505",350.4,"Simu1","KET",200,"cliver",3.13165208549296
"3506",350.5,"Simu1","KET",200,"cliver",3.10863253333995
"3507",350.6,"Simu1","KET",200,"cliver",3.08641219359112
"3508",350.7,"Simu1","KET",200,"cliver",3.06495992817044
"3509",350.8,"Simu1","KET",200,"cliver",3.04424583051301
"3510",350.9,"Simu1","KET",200,"cliver",3.02424117556569
"3511",351,"Simu1","KET",200,"cliver",3.00491837192691
"3512",351.1,"Simu1","KET",200,"cliver",2.98625091602513
"3513",351.2,"Simu1","KET",200,"cliver",2.96821334824145
"3514",351.3,"Simu1","KET",200,"cliver",2.95078121088598
"3515",351.4,"Simu1","KET",200,"cliver",2.93393100794317
"3516",351.5,"Simu1","KET",200,"cliver",2.91764016650533
"3517",351.6,"Simu1","KET",200,"cliver",2.90188699981735
"3518",351.7,"Simu1","KET",200,"cliver",2.88665067186052
"3519",351.8,"Simu1","KET",200,"cliver",2.87191116340588
"3520",351.9,"Simu1","KET",200,"cliver",2.85764923947192
"3521",352,"Simu1","KET",200,"cliver",2.84384641812436
"3522",352.1,"Simu1","KET",200,"cliver",2.83048494055864
"3523",352.2,"Simu1","KET",200,"cliver",2.81754774240911
"3524",352.3,"Simu1","KET",200,"cliver",2.8050184262312
"3525",352.4,"Simu1","KET",200,"cliver",2.79288123510582
"3526",352.5,"Simu1","KET",200,"cliver",2.78112102731739
"3527",352.6,"Simu1","KET",200,"cliver",2.7697232520594
"3528",352.7,"Simu1","KET",200,"cliver",2.75867392612359
"3529",352.8,"Simu1","KET",200,"cliver",2.74795961153069
"3530",352.9,"Simu1","KET",200,"cliver",2.73756739406283
"3531",353,"Simu1","KET",200,"cliver",2.72748486265969
"3532",353.1,"Simu1","KET",200,"cliver",2.71770008964176
"3533",353.2,"Simu1","KET",200,"cliver",2.70820161172634
"3534",353.3,"Simu1","KET",200,"cliver",2.69897841180287
"3535",353.4,"Simu1","KET",200,"cliver",2.6900199014362
"3536",353.5,"Simu1","KET",200,"cliver",2.68131590406759
"3537",353.6,"Simu1","KET",200,"cliver",2.6728566388845
"3538",353.7,"Simu1","KET",200,"cliver",2.66463270533165
"3539",353.8,"Simu1","KET",200,"cliver",2.65663506823708
"3540",353.9,"Simu1","KET",200,"cliver",2.6488550435279
"3541",354,"Simu1","KET",200,"cliver",2.64128428451173
"3542",354.1,"Simu1","KET",200,"cliver",2.63391476870071
"3543",354.2,"Simu1","KET",200,"cliver",2.62673878515609
"3544",354.3,"Simu1","KET",200,"cliver",2.6197489223323
"3545",354.4,"Simu1","KET",200,"cliver",2.61293805640021
"3546",354.5,"Simu1","KET",200,"cliver",2.60629934003034
"3547",354.6,"Simu1","KET",200,"cliver",2.59982619161742
"3548",354.7,"Simu1","KET",200,"cliver",2.59351228492867
"3549",354.8,"Simu1","KET",200,"cliver",2.58735153915868
"3550",354.9,"Simu1","KET",200,"cliver",2.58133810937461
"3551",355,"Simu1","KET",200,"cliver",2.5754663773363
"3552",355.1,"Simu1","KET",200,"cliver",2.56973094267605
"3553",355.2,"Simu1","KET",200,"cliver",2.56412661442395
"3554",355.3,"Simu1","KET",200,"cliver",2.55864840286498
"3555",355.4,"Simu1","KET",200,"cliver",2.55329151171456
"3556",355.5,"Simu1","KET",200,"cliver",2.54805133060013
"3557",355.6,"Simu1","KET",200,"cliver",2.54292342783644
"3558",355.7,"Simu1","KET",200,"cliver",2.53790354348311
"3559",355.8,"Simu1","KET",200,"cliver",2.53298758267314
"3560",355.9,"Simu1","KET",200,"cliver",2.52817160920177
"3561",356,"Simu1","KET",200,"cliver",2.52345183936539
"3562",356.1,"Simu1","KET",200,"cliver",2.51882463604068
"3563",356.2,"Simu1","KET",200,"cliver",2.51428650299446
"3564",356.3,"Simu1","KET",200,"cliver",2.50983407941527
"3565",356.4,"Simu1","KET",200,"cliver",2.50546413465787
"3566",356.5,"Simu1","KET",200,"cliver",2.50117356319237
"3567",356.6,"Simu1","KET",200,"cliver",2.49695937974996
"3568",356.7,"Simu1","KET",200,"cliver",2.49281871465743
"3569",356.8,"Simu1","KET",200,"cliver",2.48874880935329
"3570",356.9,"Simu1","KET",200,"cliver",2.48474701207818
"3571",357,"Simu1","KET",200,"cliver",2.4808107737328
"3572",357.1,"Simu1","KET",200,"cliver",2.47693764389696
"3573",357.2,"Simu1","KET",200,"cliver",2.47312526700318
"3574",357.3,"Simu1","KET",200,"cliver",2.46937137865909
"3575",357.4,"Simu1","KET",200,"cliver",2.46567380211259
"3576",357.5,"Simu1","KET",200,"cliver",2.46203044485437
"3577",357.6,"Simu1","KET",200,"cliver",2.45843929535227
"3578",357.7,"Simu1","KET",200,"cliver",2.45489841991256
"3579",357.8,"Simu1","KET",200,"cliver",2.45140595966289
"3580",357.9,"Simu1","KET",200,"cliver",2.44796012765253
"3581",358,"Simu1","KET",200,"cliver",2.44455920606496
"3582",358.1,"Simu1","KET",200,"cliver",2.44120154353876
"3583",358.2,"Simu1","KET",200,"cliver",2.4378855525924
"3584",358.3,"Simu1","KET",200,"cliver",2.43460970714887
"3585",358.4,"Simu1","KET",200,"cliver",2.43137254015645
"3586",358.5,"Simu1","KET",200,"cliver",2.42817264130165
"3587",358.6,"Simu1","KET",200,"cliver",2.42500865481089
"3588",358.7,"Simu1","KET",200,"cliver",2.42187927733744
"3589",358.8,"Simu1","KET",200,"cliver",2.4187832559303
"3590",358.9,"Simu1","KET",200,"cliver",2.41571938608176
"3591",359,"Simu1","KET",200,"cliver",2.41268650985076
"3592",359.1,"Simu1","KET",200,"cliver",2.40968351405891
"3593",359.2,"Simu1","KET",200,"cliver",2.40670932855652
"3594",359.3,"Simu1","KET",200,"cliver",2.40376292455572
"3595",359.4,"Simu1","KET",200,"cliver",2.40084331302836
"3596",359.5,"Simu1","KET",200,"cliver",2.39794954316583
"3597",359.6,"Simu1","KET",200,"cliver",2.39508070089869
"3598",359.7,"Simu1","KET",200,"cliver",2.39223590747361
"3599",359.8,"Simu1","KET",200,"cliver",2.38941431808549
"3600",359.9,"Simu1","KET",200,"cliver",2.38661516717832
"3601",360,"Simu1","KET",200,"cliver",2.3881695242476
"3602",360.1,"Simu1","KET",200,"cliver",6.80731497424786
"3603",360.2,"Simu1","KET",200,"cliver",19.031154035568
"3604",360.3,"Simu1","KET",200,"cliver",32.5998447831379
"3605",360.4,"Simu1","KET",200,"cliver",45.0622337134381
"3606",360.5,"Simu1","KET",200,"cliver",55.7569003165172
"3607",360.6,"Simu1","KET",200,"cliver",64.6320340447375
"3608",360.7,"Simu1","KET",200,"cliver",71.8292286499153
"3609",360.8,"Simu1","KET",200,"cliver",77.5386327437513
"3610",360.9,"Simu1","KET",200,"cliver",81.950150676173
"3611",361,"Simu1","KET",200,"cliver",85.2383958733776
"3612",361.1,"Simu1","KET",200,"cliver",87.5593078687853
"3613",361.2,"Simu1","KET",200,"cliver",89.0505967278004
"3614",361.3,"Simu1","KET",200,"cliver",89.8331466827573
"3615",361.4,"Simu1","KET",200,"cliver",90.0132887598669
"3616",361.5,"Simu1","KET",200,"cliver",89.6841622013799
"3617",361.6,"Simu1","KET",200,"cliver",88.9270492393234
"3618",361.7,"Simu1","KET",200,"cliver",87.8132220269902
"3619",361.8,"Simu1","KET",200,"cliver",86.4049678719146
"3620",361.9,"Simu1","KET",200,"cliver",84.7566409829443
"3621",362,"Simu1","KET",200,"cliver",82.9151787264586
"3622",362.1,"Simu1","KET",200,"cliver",80.9215302605037
"3623",362.2,"Simu1","KET",200,"cliver",78.8111965312594
"3624",362.3,"Simu1","KET",200,"cliver",76.614752781099
"3625",362.4,"Simu1","KET",200,"cliver",74.3585054200677
"3626",362.5,"Simu1","KET",200,"cliver",72.0649685595688
"3627",362.6,"Simu1","KET",200,"cliver",69.7533566521512
"3628",362.7,"Simu1","KET",200,"cliver",67.4400003821799
"3629",362.8,"Simu1","KET",200,"cliver",65.1386429680824
"3630",362.9,"Simu1","KET",200,"cliver",62.8607572164114
"3631",363,"Simu1","KET",200,"cliver",60.6158542420168
"3632",363.1,"Simu1","KET",200,"cliver",58.4117444905564
"3633",363.2,"Simu1","KET",200,"cliver",56.2547499661039
"3634",363.3,"Simu1","KET",200,"cliver",54.149890242373
"3635",363.4,"Simu1","KET",200,"cliver",52.1010568385088
"3636",363.5,"Simu1","KET",200,"cliver",50.1111725343496
"3637",363.6,"Simu1","KET",200,"cliver",48.1823294202509
"3638",363.7,"Simu1","KET",200,"cliver",46.3159068548991
"3639",363.8,"Simu1","KET",200,"cliver",44.5126750032961
"3640",363.9,"Simu1","KET",200,"cliver",42.7728876512119
"3641",364,"Simu1","KET",200,"cliver",41.0963646260675
"3642",364.1,"Simu1","KET",200,"cliver",39.4825634982316
"3643",364.2,"Simu1","KET",200,"cliver",37.9306415201186
"3644",364.3,"Simu1","KET",200,"cliver",36.4395095444554
"3645",364.4,"Simu1","KET",200,"cliver",35.0078792843513
"3646",364.5,"Simu1","KET",200,"cliver",33.6343042425996
"3647",364.6,"Simu1","KET",200,"cliver",32.3172152292743
"3648",364.7,"Simu1","KET",200,"cliver",31.0549507877073
"3649",364.8,"Simu1","KET",200,"cliver",29.8457832329613
"3650",364.9,"Simu1","KET",200,"cliver",28.6879409065637
"3651",365,"Simu1","KET",200,"cliver",27.5796271269494
"3652",365.1,"Simu1","KET",200,"cliver",26.5190362032646
"3653",365.2,"Simu1","KET",200,"cliver",25.5043668514612
"3654",365.3,"Simu1","KET",200,"cliver",24.5338333497683
"3655",365.4,"Simu1","KET",200,"cliver",23.6056747417891
"3656",365.5,"Simu1","KET",200,"cliver",22.7181623458457
"3657",365.6,"Simu1","KET",200,"cliver",21.8696057889476
"3658",365.7,"Simu1","KET",200,"cliver",21.0583577617195
"3659",365.8,"Simu1","KET",200,"cliver",20.2828176743563
"3660",365.9,"Simu1","KET",200,"cliver",19.5414343734025
"3661",366,"Simu1","KET",200,"cliver",18.8327080568319
"3662",366.1,"Simu1","KET",200,"cliver",18.1551915062415
"3663",366.2,"Simu1","KET",200,"cliver",17.5074907410829
"3664",366.3,"Simu1","KET",200,"cliver",16.8882651879458
"3665",366.4,"Simu1","KET",200,"cliver",16.2962274464048
"3666",366.5,"Simu1","KET",200,"cliver",15.7301427198721
"3667",366.6,"Simu1","KET",200,"cliver",15.1888279746805
"3668",366.7,"Simu1","KET",200,"cliver",14.6711508783121
"3669",366.8,"Simu1","KET",200,"cliver",14.1760285622039
"3670",366.9,"Simu1","KET",200,"cliver",13.7024262483538
"3671",367,"Simu1","KET",200,"cliver",13.2493557734952
"3672",367.1,"Simu1","KET",200,"cliver",12.8158740393743
"3673",367.2,"Simu1","KET",200,"cliver",12.4010814132116
"3674",367.3,"Simu1","KET",200,"cliver",12.0041200987349
"3675",367.4,"Simu1","KET",200,"cliver",11.6241724950179
"3676",367.5,"Simu1","KET",200,"cliver",11.2604595575023
"3677",367.6,"Simu1","KET",200,"cliver",10.9122391730285
"3678",367.7,"Simu1","KET",200,"cliver",10.5788045585325
"3679",367.8,"Simu1","KET",200,"cliver",10.2594826912143
"3680",367.9,"Simu1","KET",200,"cliver",9.95363277641197
"3681",368,"Simu1","KET",200,"cliver",9.66064475803882
"3682",368.1,"Simu1","KET",200,"cliver",9.37993787524754
"3683",368.2,"Simu1","KET",200,"cliver",9.11095926799113
"3684",368.3,"Simu1","KET",200,"cliver",8.85318263329299
"3685",368.4,"Simu1","KET",200,"cliver",8.60610693332113
"3686",368.5,"Simu1","KET",200,"cliver",8.36925515585611
"3687",368.6,"Simu1","KET",200,"cliver",8.1421731270248
"3688",368.7,"Simu1","KET",200,"cliver",7.92442837596883
"3689",368.8,"Simu1","KET",200,"cliver",7.71560905071119
"3690",368.9,"Simu1","KET",200,"cliver",7.5153228842115
"3691",369,"Simu1","KET",200,"cliver",7.32319620936953
"3692",369.1,"Simu1","KET",200,"cliver",7.13887302157547
"3693",369.2,"Simu1","KET",200,"cliver",6.96201408729563
"3694",369.3,"Simu1","KET",200,"cliver",6.79229609708423
"3695",369.4,"Simu1","KET",200,"cliver",6.62941086134799
"3696",369.5,"Simu1","KET",200,"cliver",6.47306454715015
"3697",369.6,"Simu1","KET",200,"cliver",6.32297695432298
"3698",369.7,"Simu1","KET",200,"cliver",6.17888082916502
"3699",369.8,"Simu1","KET",200,"cliver",6.04052121400852
"3700",369.9,"Simu1","KET",200,"cliver",5.90765483097041
"3701",370,"Simu1","KET",200,"cliver",5.78004949823504
"3702",370.1,"Simu1","KET",200,"cliver",5.6574835772568
"3703",370.2,"Simu1","KET",200,"cliver",5.5397454493234
"3704",370.3,"Simu1","KET",200,"cliver",5.42663301996826
"3705",370.4,"Simu1","KET",200,"cliver",5.31795324977514
"3706",370.5,"Simu1","KET",200,"cliver",5.21352171019686
"3707",370.6,"Simu1","KET",200,"cliver",5.11316216301744
"3708",370.7,"Simu1","KET",200,"cliver",5.01670616219656
"3709",370.8,"Simu1","KET",200,"cliver",4.92399267687553
"3710",370.9,"Simu1","KET",200,"cliver",4.83486773438215
"3711",371,"Simu1","KET",200,"cliver",4.7491840821254
"3712",371.1,"Simu1","KET",200,"cliver",4.66680086732775
"3713",371.2,"Simu1","KET",200,"cliver",4.58758333360222
"3714",371.3,"Simu1","KET",200,"cliver",4.5114025334309
"3715",371.4,"Simu1","KET",200,"cliver",4.43813505565283
"3716",371.5,"Simu1","KET",200,"cliver",4.3676627671171
"3717",371.6,"Simu1","KET",200,"cliver",4.29987256770313
"3718",371.7,"Simu1","KET",200,"cliver",4.2346561579574
"3719",371.8,"Simu1","KET",200,"cliver",4.17190981863609
"3720",371.9,"Simu1","KET",200,"cliver",4.11153420148518
"3721",372,"Simu1","KET",200,"cliver",4.05343413062767
"3722",372.1,"Simu1","KET",200,"cliver",3.99751841396325
"3723",372.2,"Simu1","KET",200,"cliver",3.9436996640225
"3724",372.3,"Simu1","KET",200,"cliver",3.89189412774826
"3725",372.4,"Simu1","KET",200,"cliver",3.84202152470895
"3726",372.5,"Simu1","KET",200,"cliver",3.79400489328064
"3727",372.6,"Simu1","KET",200,"cliver",3.74777044435426
"3728",372.7,"Simu1","KET",200,"cliver",3.70324742215901
"3729",372.8,"Simu1","KET",200,"cliver",3.66036797181339
"3730",372.9,"Simu1","KET",200,"cliver",3.61906701323941
"3731",373,"Simu1","KET",200,"cliver",3.57928212109624
"3732",373.1,"Simu1","KET",200,"cliver",3.54095341040985
"3733",373.2,"Simu1","KET",200,"cliver",3.50402342759564
"3734",373.3,"Simu1","KET",200,"cliver",3.46843704658786
"3735",373.4,"Simu1","KET",200,"cliver",3.4341413698071
"3736",373.5,"Simu1","KET",200,"cliver",3.40108563371258
"3737",373.6,"Simu1","KET",200,"cliver",3.36922111870054
"3738",373.7,"Simu1","KET",200,"cliver",3.33850106312481
"3739",373.8,"Simu1","KET",200,"cliver",3.30888058122763
"3740",373.9,"Simu1","KET",200,"cliver",3.28031658478179
"3741",374,"Simu1","KET",200,"cliver",3.25276770825648
"3742",374.1,"Simu1","KET",200,"cliver",3.22619423732932
"3743",374.2,"Simu1","KET",200,"cliver",3.20055804057829
"3744",374.3,"Simu1","KET",200,"cliver",3.17582250419551
"3745",374.4,"Simu1","KET",200,"cliver",3.15195246957448
"3746",374.5,"Simu1","KET",200,"cliver",3.12891417363086
"3747",374.6,"Simu1","KET",200,"cliver",3.10667519172331
"3748",374.7,"Simu1","KET",200,"cliver",3.08520438304984
"3749",374.8,"Simu1","KET",200,"cliver",3.06447183840118
"3750",374.9,"Simu1","KET",200,"cliver",3.04444883015911
"3751",375,"Simu1","KET",200,"cliver",3.02510776443412
"3752",375.1,"Simu1","KET",200,"cliver",3.00642213524164
"3753",375.2,"Simu1","KET",200,"cliver",2.98836648062251
"3754",375.3,"Simu1","KET",200,"cliver",2.97091634061732
"3755",375.4,"Simu1","KET",200,"cliver",2.95404821700981
"3756",375.5,"Simu1","KET",200,"cliver",2.93773953475832
"3757",375.6,"Simu1","KET",200,"cliver",2.92196860503872
"3758",375.7,"Simu1","KET",200,"cliver",2.90671458982629
"3759",375.8,"Simu1","KET",200,"cliver",2.8919574679473
"3760",375.9,"Simu1","KET",200,"cliver",2.87767800253494
"3761",376,"Simu1","KET",200,"cliver",2.86385770982739
"3762",376.1,"Simu1","KET",200,"cliver",2.85047882924862
"3763",376.2,"Simu1","KET",200,"cliver",2.83752429471597
"3764",376.3,"Simu1","KET",200,"cliver",2.82497770712074
"3765",376.4,"Simu1","KET",200,"cliver",2.81282330793097
"3766",376.5,"Simu1","KET",200,"cliver",2.80104595386812
"3767",376.6,"Simu1","KET",200,"cliver",2.78963109261103
"3768",376.7,"Simu1","KET",200,"cliver",2.77856473948373
"3769",376.8,"Simu1","KET",200,"cliver",2.76783345508476
"3770",376.9,"Simu1","KET",200,"cliver",2.75742432381825
"3771",377,"Simu1","KET",200,"cliver",2.74732493328879
"3772",377.1,"Simu1","KET",200,"cliver",2.73752335452338
"3773",377.2,"Simu1","KET",200,"cliver",2.72800812298618
"3774",377.3,"Simu1","KET",200,"cliver",2.71876822035265
"3775",377.4,"Simu1","KET",200,"cliver",2.70979305701165
"3776",377.5,"Simu1","KET",200,"cliver",2.70107245526527
"3777",377.6,"Simu1","KET",200,"cliver",2.69259663319753
"3778",377.7,"Simu1","KET",200,"cliver",2.68435618918438
"3779",377.8,"Simu1","KET",200,"cliver",2.67634208701867
"3780",377.9,"Simu1","KET",200,"cliver",2.66854564162489
"3781",378,"Simu1","KET",200,"cliver",2.66095850533964
"3782",378.1,"Simu1","KET",200,"cliver",2.65357265473465
"3783",378.2,"Simu1","KET",200,"cliver",2.64638037796049
"3784",378.3,"Simu1","KET",200,"cliver",2.63937426258963
"3785",378.4,"Simu1","KET",200,"cliver",2.6325471839389
"3786",378.5,"Simu1","KET",200,"cliver",2.62589229385182
"3787",378.6,"Simu1","KET",200,"cliver",2.61940300992234
"3788",378.7,"Simu1","KET",200,"cliver",2.61307300514227
"3789",378.8,"Simu1","KET",200,"cliver",2.60689619795539
"3790",378.9,"Simu1","KET",200,"cliver",2.60086674270193
"3791",379,"Simu1","KET",200,"cliver",2.59497902043786
"3792",379.1,"Simu1","KET",200,"cliver",2.58922763011403
"3793",379.2,"Simu1","KET",200,"cliver",2.58360738010077
"3794",379.3,"Simu1","KET",200,"cliver",2.57811328004429
"3795",379.4,"Simu1","KET",200,"cliver",2.57274053304158
"3796",379.5,"Simu1","KET",200,"cliver",2.56748452812139
"3797",379.6,"Simu1","KET",200,"cliver",2.56234083301887
"3798",379.7,"Simu1","KET",200,"cliver",2.55730518723253
"3799",379.8,"Simu1","KET",200,"cliver",2.55237349535216
"3800",379.9,"Simu1","KET",200,"cliver",2.54754182064714
"3801",380,"Simu1","KET",200,"cliver",2.5428063789048
"3802",380.1,"Simu1","KET",200,"cliver",2.53816353250901
"3803",380.2,"Simu1","KET",200,"cliver",2.53360978474955
"3804",380.3,"Simu1","KET",200,"cliver",2.52914177435316
"3805",380.4,"Simu1","KET",200,"cliver",2.52475627022753
"3806",380.5,"Simu1","KET",200,"cliver",2.52045016641003
"3807",380.6,"Simu1","KET",200,"cliver",2.51622047721292
"3808",380.7,"Simu1","KET",200,"cliver",2.51206433255746
"3809",380.8,"Simu1","KET",200,"cliver",2.5079789734896
"3810",380.9,"Simu1","KET",200,"cliver",2.50396174786994
"3811",381,"Simu1","KET",200,"cliver",2.50001010623131
"3812",381.1,"Simu1","KET",200,"cliver",2.49612159779738
"3813",381.2,"Simu1","KET",200,"cliver",2.49229386665592
"3814",381.3,"Simu1","KET",200,"cliver",2.48852464808081
"3815",381.4,"Simu1","KET",200,"cliver",2.48481176499685
"3816",381.5,"Simu1","KET",200,"cliver",2.48115312458193
"3817",381.6,"Simu1","KET",200,"cliver",2.47754671500108
"3818",381.7,"Simu1","KET",200,"cliver",2.47399060226738
"3819",381.8,"Simu1","KET",200,"cliver",2.47048292722466
"3820",381.9,"Simu1","KET",200,"cliver",2.46702190264735
"3821",382,"Simu1","KET",200,"cliver",2.46360581045289
"3822",382.1,"Simu1","KET",200,"cliver",2.46023299902224
"3823",382.2,"Simu1","KET",200,"cliver",2.4569018806244
"3824",382.3,"Simu1","KET",200,"cliver",2.45361092894085
"3825",382.4,"Simu1","KET",200,"cliver",2.45035867668598
"3826",382.5,"Simu1","KET",200,"cliver",2.4471437133198
"3827",382.6,"Simu1","KET",200,"cliver",2.44396468284942
"3828",382.7,"Simu1","KET",200,"cliver",2.4408202817157
"3829",382.8,"Simu1","KET",200,"cliver",2.43770925676191
"3830",382.9,"Simu1","KET",200,"cliver",2.43463040328111
"3831",383,"Simu1","KET",200,"cliver",2.43158256313927
"3832",383.1,"Simu1","KET",200,"cliver",2.42856462297106
"3833",383.2,"Simu1","KET",200,"cliver",2.42557551244571
"3834",383.3,"Simu1","KET",200,"cliver",2.42261420259997
"3835",383.4,"Simu1","KET",200,"cliver",2.41967970423571
"3836",383.5,"Simu1","KET",200,"cliver",2.4167710663797
"3837",383.6,"Simu1","KET",200,"cliver",2.41388737480296
"3838",383.7,"Simu1","KET",200,"cliver",2.41102775059758
"3839",383.8,"Simu1","KET",200,"cliver",2.40819134880842
"3840",383.9,"Simu1","KET",200,"cliver",2.4053773560992
"3841",384,"Simu1","KET",200,"cliver",2.40691678251546
"3842",384.1,"Simu1","KET",200,"cliver",6.8260496445598
"3843",384.2,"Simu1","KET",200,"cliver",19.0498918483321
"3844",384.3,"Simu1","KET",200,"cliver",32.6186074525697
"3845",384.4,"Simu1","KET",200,"cliver",45.0810404608986
"3846",384.5,"Simu1","KET",200,"cliver",55.7757658813993
"3847",384.6,"Simu1","KET",200,"cliver",64.650968814438
"3848",384.7,"Simu1","KET",200,"cliver",71.8482393301725
"3849",384.8,"Simu1","KET",200,"cliver",77.5577230860195
"3850",384.9,"Simu1","KET",200,"cliver",81.9693218699626
"3851",385,"Simu1","KET",200,"cliver",85.2576474185832
"3852",385.1,"Simu1","KET",200,"cliver",87.5786179369555
"3853",385.2,"Simu1","KET",200,"cliver",89.0699058335416
"3854",385.3,"Simu1","KET",200,"cliver",89.852555547796
"3855",385.4,"Simu1","KET",200,"cliver",90.0328498230943
"3856",385.5,"Simu1","KET",200,"cliver",89.7036407202805
"3857",385.6,"Simu1","KET",200,"cliver",88.9466203686907
"3858",385.7,"Simu1","KET",200,"cliver",87.8329178109171
"3859",385.8,"Simu1","KET",200,"cliver",86.4248109873949
"3860",385.9,"Simu1","KET",200,"cliver",84.7764381700966
"3861",386,"Simu1","KET",200,"cliver",82.9349729701612
"3862",386.1,"Simu1","KET",200,"cliver",80.9413710251974
"3863",386.2,"Simu1","KET",200,"cliver",78.8310616154899
"3864",386.3,"Simu1","KET",200,"cliver",76.6346314888953
"3865",386.4,"Simu1","KET",200,"cliver",74.3783623423424
"3866",386.5,"Simu1","KET",200,"cliver",72.0848117271591
"3867",386.6,"Simu1","KET",200,"cliver",69.7732265938426
"3868",386.7,"Simu1","KET",200,"cliver",67.4598952574375
"3869",386.8,"Simu1","KET",200,"cliver",65.1585358019339
"3870",386.9,"Simu1","KET",200,"cliver",62.8806315590533
"3871",387,"Simu1","KET",200,"cliver",60.6357133429963
"3872",387.1,"Simu1","KET",200,"cliver",58.4315946307972
"3873",387.2,"Simu1","KET",200,"cliver",56.2745883842862
"3874",387.3,"Simu1","KET",200,"cliver",54.1697088865232
"3875",387.4,"Simu1","KET",200,"cliver",52.1208503449621
"3876",387.5,"Simu1","KET",200,"cliver",50.1309397835357
"3877",387.6,"Simu1","KET",200,"cliver",48.2020700450722
"3878",387.7,"Simu1","KET",200,"cliver",46.3356188784078
"3879",387.8,"Simu1","KET",200,"cliver",44.5323556054525
"3880",387.9,"Simu1","KET",200,"cliver",42.7925347220483
"3881",388,"Simu1","KET",200,"cliver",41.1159770332185
"3882",388.1,"Simu1","KET",200,"cliver",39.5021403797906
"3883",388.2,"Simu1","KET",200,"cliver",37.9501818193581
"3884",388.3,"Simu1","KET",200,"cliver",36.4590121541705
"3885",388.4,"Simu1","KET",200,"cliver",35.0273432749844
"3886",388.5,"Simu1","KET",200,"cliver",33.6537290069878
"3887",388.6,"Simu1","KET",200,"cliver",32.3366003544456
"3888",388.7,"Simu1","KET",200,"cliver",31.0742959266536
"3889",388.8,"Simu1","KET",200,"cliver",29.8650880962827
"3890",388.9,"Simu1","KET",200,"cliver",28.7072053031084
"3891",389,"Simu1","KET",200,"cliver",27.5988509710687
"3892",389.1,"Simu1","KET",200,"cliver",26.5382194891215
"3893",389.2,"Simu1","KET",200,"cliver",25.5235096302636
"3894",389.3,"Simu1","KET",200,"cliver",24.5529357264883
"3895",389.4,"Simu1","KET",200,"cliver",23.6247368785032
"3896",389.5,"Simu1","KET",200,"cliver",22.7371844580374
"3897",389.6,"Simu1","KET",200,"cliver",21.888588135895
"3898",389.7,"Simu1","KET",200,"cliver",21.0773006385551
"3899",389.8,"Simu1","KET",200,"cliver",20.3017214083424
"3900",389.9,"Simu1","KET",200,"cliver",19.5602993215086
"3901",390,"Simu1","KET",200,"cliver",18.8515346020681
"3902",390.1,"Simu1","KET",200,"cliver",18.1739800531876
"3903",390.2,"Simu1","KET",200,"cliver",17.5262417120948
"3904",390.3,"Simu1","KET",200,"cliver",16.9069790203716
"3905",390.4,"Simu1","KET",200,"cliver",16.3149045898573
"3906",390.5,"Simu1","KET",200,"cliver",15.7487836343855
"3907",390.6,"Simu1","KET",200,"cliver",15.207433128417
"3908",390.7,"Simu1","KET",200,"cliver",14.6897207452648
"3909",390.8,"Simu1","KET",200,"cliver",14.1945636203203
"3910",390.9,"Simu1","KET",200,"cliver",13.7209269778589
"3911",391,"Simu1","KET",200,"cliver",13.2678226554059
"3912",391.1,"Simu1","KET",200,"cliver",12.8343075542681
"3913",391.2,"Simu1","KET",200,"cliver",12.4194820401247
"3914",391.3,"Simu1","KET",200,"cliver",12.0224883141451
"3915",391.4,"Simu1","KET",200,"cliver",11.642508771924
"3916",391.5,"Simu1","KET",200,"cliver",11.2787643646234
"3917",391.6,"Simu1","KET",200,"cliver",10.9305129741188
"3918",391.7,"Simu1","KET",200,"cliver",10.5970478117864
"3919",391.8,"Simu1","KET",200,"cliver",10.2776958487468
"3920",391.9,"Simu1","KET",200,"cliver",9.97181628380935
"3921",392,"Simu1","KET",200,"cliver",9.67879905397936
"3922",392.1,"Simu1","KET",200,"cliver",9.39806339118634
"3923",392.2,"Simu1","KET",200,"cliver",9.12905642789926
"3924",392.3,"Simu1","KET",200,"cliver",8.87125185344601
"3925",392.4,"Simu1","KET",200,"cliver",8.62414862214908
"3926",392.5,"Simu1","KET",200,"cliver",8.38726971378683
"3927",392.6,"Simu1","KET",200,"cliver",8.16016094638272
"3928",392.7,"Simu1","KET",200,"cliver",7.94238984092065
"3929",392.8,"Simu1","KET",200,"cliver",7.73354453722963
"3930",392.9,"Simu1","KET",200,"cliver",7.53323276007865
"3931",393,"Simu1","KET",200,"cliver",7.34108083420225
"3932",393.1,"Simu1","KET",200,"cliver",7.15673274685248
"3933",393.2,"Simu1","KET",200,"cliver",6.97984925639881
"3934",393.3,"Simu1","KET",200,"cliver",6.81010704536182
"3935",393.4,"Simu1","KET",200,"cliver",6.64719791619615
"3936",393.5,"Simu1","KET",200,"cliver",6.49082802810501
"3937",393.6,"Simu1","KET",200,"cliver",6.34071717315943
"3938",393.7,"Simu1","KET",200,"cliver",6.19659809000332
"3939",393.8,"Simu1","KET",200,"cliver",6.05821581342923
"3940",393.9,"Simu1","KET",200,"cliver",5.92532705813632
"3941",394,"Simu1","KET",200,"cliver",5.79769963501775
"3942",394.1,"Simu1","KET",200,"cliver",5.67511189836687
"3943",394.2,"Simu1","KET",200,"cliver",5.55735222244362
"3944",394.3,"Simu1","KET",200,"cliver",5.44421850589012
"3945",394.4,"Simu1","KET",200,"cliver",5.33551770254131
"3946",394.5,"Simu1","KET",200,"cliver",5.23106537723415
"3947",394.6,"Simu1","KET",200,"cliver",5.13068528527526
"3948",394.7,"Simu1","KET",200,"cliver",5.03420897428936
"3949",394.8,"Simu1","KET",200,"cliver",4.94147540722344
"3950",394.9,"Simu1","KET",200,"cliver",4.85233060535345
"3951",395,"Simu1","KET",200,"cliver",4.7666273101779
"3952",395.1,"Simu1","KET",200,"cliver",4.68422466314605
"3953",395.2,"Simu1","KET",200,"cliver",4.60498790223341
"3954",395.3,"Simu1","KET",200,"cliver",4.52878807442029
"3955",395.4,"Simu1","KET",200,"cliver",4.4555017631789
"3956",395.5,"Simu1","KET",200,"cliver",4.38501083012456
"3957",395.6,"Simu1","KET",200,"cliver",4.31720217003356
"3958",395.7,"Simu1","KET",200,"cliver",4.25196747847778
"3959",395.8,"Simu1","KET",200,"cliver",4.18920303136565
"3960",395.9,"Simu1","KET",200,"cliver",4.12880947572018
"3961",396,"Simu1","KET",200,"cliver",4.07069163106391
"3962",396.1,"Simu1","KET",200,"cliver",4.01475830081631
"3963",396.2,"Simu1","KET",200,"cliver",3.96092209314558
"3964",396.3,"Simu1","KET",200,"cliver",3.90909925074794
"3965",396.4,"Simu1","KET",200,"cliver",3.85920948905911
"3966",396.5,"Simu1","KET",200,"cliver",3.81117584243254
"3967",396.6,"Simu1","KET",200,"cliver",3.76492451784491
"3968",396.7,"Simu1","KET",200,"cliver",3.72038475571771
"3969",396.8,"Simu1","KET",200,"cliver",3.67748869746575
"3970",396.9,"Simu1","KET",200,"cliver",3.63617125940927
"3971",397,"Simu1","KET",200,"cliver",3.5963700127053
"3972",397.1,"Simu1","KET",200,"cliver",3.55802506897449
"3973",397.2,"Simu1","KET",200,"cliver",3.52107897132147
"3974",397.3,"Simu1","KET",200,"cliver",3.48547659046223
"3975",397.4,"Simu1","KET",200,"cliver",3.45116502568946
"3976",397.5,"Simu1","KET",200,"cliver",3.41809351042269
"3977",397.6,"Simu1","KET",200,"cliver",3.38621332210441
"3978",397.7,"Simu1","KET",200,"cliver",3.35547769621851
"3979",397.8,"Simu1","KET",200,"cliver",3.32584174421906
"3980",397.9,"Simu1","KET",200,"cliver",3.29726237517042
"3981",398,"Simu1","KET",200,"cliver",3.26969822091101
"3982",398.1,"Simu1","KET",200,"cliver",3.24310956456345
"3983",398.2,"Simu1","KET",200,"cliver",3.21745827222442
"3984",398.3,"Simu1","KET",200,"cliver",3.19270772767665
"3985",398.4,"Simu1","KET",200,"cliver",3.16882276997431
"3986",398.5,"Simu1","KET",200,"cliver",3.14576963376175
"3987",398.6,"Simu1","KET",200,"cliver",3.12351589219262
"3988",398.7,"Simu1","KET",200,"cliver",3.1020304023246
"3989",398.8,"Simu1","KET",200,"cliver",3.08128325287091
"3990",398.9,"Simu1","KET",200,"cliver",3.06124571419711
"3991",399,"Simu1","KET",200,"cliver",3.04189019045701
"3992",399.1,"Simu1","KET",200,"cliver",3.02319017376731
"3993",399.2,"Simu1","KET",200,"cliver",3.00512020032638
"3994",399.3,"Simu1","KET",200,"cliver",2.9876558083872
"3995",399.4,"Simu1","KET",200,"cliver",2.97077349799917
"3996",399.5,"Simu1","KET",200,"cliver",2.95445069243815
"3997",399.6,"Simu1","KET",200,"cliver",2.93866570124796
"3998",399.7,"Simu1","KET",200,"cliver",2.92339768482076
"3999",399.8,"Simu1","KET",200,"cliver",2.90862662044738
"4000",399.9,"Simu1","KET",200,"cliver",2.89433326977185
"4001",400,"Simu1","KET",200,"cliver",2.88049914758818
"4002",400.1,"Simu1","KET",200,"cliver",2.8671064919199
"4003",400.2,"Simu1","KET",200,"cliver",2.85413823532635
"4004",400.3,"Simu1","KET",200,"cliver",2.84157797738216
"4005",400.4,"Simu1","KET",200,"cliver",2.82940995827878
"4006",400.5,"Simu1","KET",200,"cliver",2.81761903349998
"4007",400.6,"Simu1","KET",200,"cliver",2.80619064952477
"4008",400.7,"Simu1","KET",200,"cliver",2.79511082051404
"4009",400.8,"Simu1","KET",200,"cliver",2.78436610593888
"4010",400.9,"Simu1","KET",200,"cliver",2.77394358911064
"4011",401,"Simu1","KET",200,"cliver",2.76383085657472
"4012",401.1,"Simu1","KET",200,"cliver",2.75401597833159
"4013",401.2,"Simu1","KET",200,"cliver",2.74448748885055
"4014",401.3,"Simu1","KET",200,"cliver",2.73523436884295
"4015",401.4,"Simu1","KET",200,"cliver",2.72624602776339
"4016",401.5,"Simu1","KET",200,"cliver",2.7175122870087
"4017",401.6,"Simu1","KET",200,"cliver",2.70902336378568
"4018",401.7,"Simu1","KET",200,"cliver",2.70076985562039
"4019",401.8,"Simu1","KET",200,"cliver",2.69274272548222
"4020",401.9,"Simu1","KET",200,"cliver",2.68493328749786
"4021",402,"Simu1","KET",200,"cliver",2.67733319323104
"4022",402.1,"Simu1","KET",200,"cliver",2.66993441850474
"4023",402.2,"Simu1","KET",200,"cliver",2.66272925074421
"4024",402.3,"Simu1","KET",200,"cliver",2.65571027681933
"4025",402.4,"Simu1","KET",200,"cliver",2.64887037136636
"4026",402.5,"Simu1","KET",200,"cliver",2.64220268556961
"4027",402.6,"Simu1","KET",200,"cliver",2.63570063638452
"4028",402.7,"Simu1","KET",200,"cliver",2.62935789618448
"4029",402.8,"Simu1","KET",200,"cliver",2.62316838281432
"4030",402.9,"Simu1","KET",200,"cliver",2.61712625003418
"4031",403,"Simu1","KET",200,"cliver",2.61122587833825
"4032",403.1,"Simu1","KET",200,"cliver",2.60546186613331
"4033",403.2,"Simu1","KET",200,"cliver",2.59982902126281
"4034",403.3,"Simu1","KET",200,"cliver",2.59432235286272
"4035",403.4,"Simu1","KET",200,"cliver",2.58893706353597
"4036",403.5,"Simu1","KET",200,"cliver",2.58366854183282
"4037",403.6,"Simu1","KET",200,"cliver",2.57851235502513
"4038",403.7,"Simu1","KET",200,"cliver",2.57346424216278
"4039",403.8,"Simu1","KET",200,"cliver",2.56852010740115
"4040",403.9,"Simu1","KET",200,"cliver",2.563676013589
"4041",404,"Simu1","KET",200,"cliver",2.55892817610637
"4042",404.1,"Simu1","KET",200,"cliver",2.55427295694278
"4043",404.2,"Simu1","KET",200,"cliver",2.54970685900617
"4044",404.3,"Simu1","KET",200,"cliver",2.54522652065356
"4045",404.4,"Simu1","KET",200,"cliver",2.54082871043469
"4046",404.5,"Simu1","KET",200,"cliver",2.53651032204033
"4047",404.6,"Simu1","KET",200,"cliver",2.53226836944715
"4048",404.7,"Simu1","KET",200,"cliver",2.52809998225151
"4049",404.8,"Simu1","KET",200,"cliver",2.52400240118476
"4050",404.9,"Simu1","KET",200,"cliver",2.5199729738029
"4051",405,"Simu1","KET",200,"cliver",2.51600915034386
"4052",405.1,"Simu1","KET",200,"cliver",2.51210847974575
"4053",405.2,"Simu1","KET",200,"cliver",2.50826860581987
"4054",405.3,"Simu1","KET",200,"cliver",2.5044872635724
"4055",405.4,"Simu1","KET",200,"cliver",2.50076227566895
"4056",405.5,"Simu1","KET",200,"cliver",2.49709154903643
"4057",405.6,"Simu1","KET",200,"cliver",2.49347307159687
"4058",405.7,"Simu1","KET",200,"cliver",2.48990490912804
"4059",405.8,"Simu1","KET",200,"cliver",2.48638520224593
"4060",405.9,"Simu1","KET",200,"cliver",2.48291216350433
"4061",406,"Simu1","KET",200,"cliver",2.47948407460704
"4062",406.1,"Simu1","KET",200,"cliver",2.47609928372811
"4063",406.2,"Simu1","KET",200,"cliver",2.47275620293621
"4064",406.3,"Simu1","KET",200,"cliver",2.46945330571878
"4065",406.4,"Simu1","KET",200,"cliver",2.4661891246023
"4066",406.5,"Simu1","KET",200,"cliver",2.46296224886479
"4067",406.6,"Simu1","KET",200,"cliver",2.45977132233711
"4068",406.7,"Simu1","KET",200,"cliver",2.45661504128939
"4069",406.8,"Simu1","KET",200,"cliver",2.45349215239955
"4070",406.9,"Simu1","KET",200,"cliver",2.45040145080048
"4071",407,"Simu1","KET",200,"cliver",2.44734177820298
"4072",407.1,"Simu1","KET",200,"cliver",2.44431202109143
"4073",407.2,"Simu1","KET",200,"cliver",2.44131110898943
"4074",407.3,"Simu1","KET",200,"cliver",2.43833801279265
"4075",407.4,"Simu1","KET",200,"cliver",2.43539174316628
"4076",407.5,"Simu1","KET",200,"cliver",2.43247134900464
"4077",407.6,"Simu1","KET",200,"cliver",2.42957591595041
"4078",407.7,"Simu1","KET",200,"cliver",2.42670456497131
"4079",407.8,"Simu1","KET",200,"cliver",2.42385645099188
"4080",407.9,"Simu1","KET",200,"cliver",2.42103076842731
"4081",408,"Simu1","KET",200,"cliver",2.4225585544867
"4082",408.1,"Simu1","KET",200,"cliver",6.84168120269495
"4083",408.2,"Simu1","KET",200,"cliver",19.0655245916576
"4084",408.3,"Simu1","KET",200,"cliver",32.6342590145845
"4085",408.4,"Simu1","KET",200,"cliver",45.0967270173935
"4086",408.5,"Simu1","KET",200,"cliver",55.7914999776969
"4087",408.6,"Simu1","KET",200,"cliver",64.6667596552835
"4088",408.7,"Simu1","KET",200,"cliver",71.86409264013
"4089",408.8,"Simu1","KET",200,"cliver",77.5736423162122
"4090",408.9,"Simu1","KET",200,"cliver",81.9853085843837
"4091",409,"Simu1","KET",200,"cliver",85.2737014125009
"4092",409.1,"Simu1","KET",200,"cliver",87.594747010689
"4093",409.2,"Simu1","KET",200,"cliver",89.0860867309436
"4094",409.3,"Simu1","KET",200,"cliver",89.868810267326
"4095",409.4,"Simu1","KET",200,"cliver",90.0490848121292
"4096",409.5,"Simu1","KET",200,"cliver",89.7199722568504
"4097",409.6,"Simu1","KET",200,"cliver",88.9630430115053
"4098",409.7,"Simu1","KET",200,"cliver",87.849413385419
"4099",409.8,"Simu1","KET",200,"cliver",86.4413219962527
"4100",409.9,"Simu1","KET",200,"cliver",84.792978356863
"4101",410,"Simu1","KET",200,"cliver",82.9515363922235
"4102",410.1,"Simu1","KET",200,"cliver",80.9579208694945
"4103",410.2,"Simu1","KET",200,"cliver",78.8476007380211
"4104",410.3,"Simu1","KET",200,"cliver",76.651174234762
"4105",410.4,"Simu1","KET",200,"cliver",74.3949351268892
"4106",410.5,"Simu1","KET",200,"cliver",72.1014121090026
"4107",410.6,"Simu1","KET",200,"cliver",69.7898279181912
"4108",410.7,"Simu1","KET",200,"cliver",67.4764866787042
"4109",410.8,"Simu1","KET",200,"cliver",65.1751220854473
"4110",410.9,"Simu1","KET",200,"cliver",62.8972180462935
"4111",411,"Simu1","KET",200,"cliver",60.652296161449
"4112",411.1,"Simu1","KET",200,"cliver",58.4481660847175
"4113",411.2,"Simu1","KET",200,"cliver",56.2911441706316
"4114",411.3,"Simu1","KET",200,"cliver",54.1862483203592
"4115",411.4,"Simu1","KET",200,"cliver",52.1373727155241
"4116",411.5,"Simu1","KET",200,"cliver",50.1474427267793
"4117",411.6,"Simu1","KET",200,"cliver",48.2185507533483
"4118",411.7,"Simu1","KET",200,"cliver",46.3520754355894
"4119",411.8,"Simu1","KET",200,"cliver",44.548786900821
"4120",411.9,"Simu1","KET",200,"cliver",42.8089397098163
"4121",412,"Simu1","KET",200,"cliver",41.132354458148
"4122",412.1,"Simu1","KET",200,"cliver",39.518489035946
"4123",412.2,"Simu1","KET",200,"cliver",37.9665007887671
"4124",412.3,"Simu1","KET",200,"cliver",36.4753007609058
"4125",412.4,"Simu1","KET",200,"cliver",35.0436009377343
"4126",412.5,"Simu1","KET",200,"cliver",33.6699551903451
"4127",412.6,"Simu1","KET",200,"cliver",32.35279459735
"4128",412.7,"Simu1","KET",200,"cliver",31.0904578845954
"4129",412.8,"Simu1","KET",200,"cliver",29.8812175249599
"4130",412.9,"Simu1","KET",200,"cliver",28.7233020309619
"4131",413,"Simu1","KET",200,"cliver",27.6149148907057
"4132",413.1,"Simu1","KET",200,"cliver",26.5542505582963
"4133",413.2,"Simu1","KET",200,"cliver",25.5395078693293
"4134",413.3,"Simu1","KET",200,"cliver",24.5689012094257
"4135",413.4,"Simu1","KET",200,"cliver",23.640669724062
"4136",413.5,"Simu1","KET",200,"cliver",22.7530848248808
"4137",413.6,"Simu1","KET",200,"cliver",21.9044562198298
"4138",413.7,"Simu1","KET",200,"cliver",21.0931366689551
"4139",413.8,"Simu1","KET",200,"cliver",20.3175256435328
"4140",413.9,"Simu1","KET",200,"cliver",19.5760720445046
"4141",414,"Simu1","KET",200,"cliver",18.8672761173437
"4142",414.1,"Simu1","KET",200,"cliver",18.1896906840092
"4143",414.2,"Simu1","KET",200,"cliver",17.5419217978508
"4144",414.3,"Simu1","KET",200,"cliver",16.9226289138886
"4145",414.4,"Simu1","KET",200,"cliver",16.3305246551542
"4146",414.5,"Simu1","KET",200,"cliver",15.7643742446461
"4147",414.6,"Simu1","KET",200,"cliver",15.2229946635612
"4148",414.7,"Simu1","KET",200,"cliver",14.7052535904367
"4149",414.8,"Simu1","KET",200,"cliver",14.2100681644543
"4150",414.9,"Simu1","KET",200,"cliver",13.7364036124674
"4151",415,"Simu1","KET",200,"cliver",13.2832717733995
"4152",415.1,"Simu1","KET",200,"cliver",12.8497295487315
"4153",415.2,"Simu1","KET",200,"cliver",12.4348773032414
"4154",415.3,"Simu1","KET",200,"cliver",12.0378572363253
"4155",415.4,"Simu1","KET",200,"cliver",11.6578517410698
"4156",415.5,"Simu1","KET",200,"cliver",11.2940817654578
"4157",415.6,"Simu1","KET",200,"cliver",10.9458051875695
"4158",415.7,"Simu1","KET",200,"cliver",10.6123152144504
"4159",415.8,"Simu1","KET",200,"cliver",10.2929388124408
"4160",415.9,"Simu1","KET",200,"cliver",9.98703517518861
"4161",416,"Simu1","KET",200,"cliver",9.69399423420784
"4162",416.1,"Simu1","KET",200,"cliver",9.41323521565263
"4163",416.2,"Simu1","KET",200,"cliver",9.14420524598055
"4164",416.3,"Simu1","KET",200,"cliver",8.88637800831722
"4165",416.4,"Simu1","KET",200,"cliver",8.63925245062028
"4166",416.5,"Simu1","KET",200,"cliver",8.40235154617962
"4167",416.6,"Simu1","KET",200,"cliver",8.1752211064724
"4168",416.7,"Simu1","KET",200,"cliver",7.95742864586692
"4169",416.8,"Simu1","KET",200,"cliver",7.7485622975398
"4170",416.9,"Simu1","KET",200,"cliver",7.54822977957515
"4171",417,"Simu1","KET",200,"cliver",7.35605741001184
"4172",417.1,"Simu1","KET",200,"cliver",7.1716891694325
"4173",417.2,"Simu1","KET",200,"cliver",6.99478580958112
"4174",417.3,"Simu1","KET",200,"cliver",6.8250240064016
"4175",417.4,"Simu1","KET",200,"cliver",6.6620955558264
"4176",417.5,"Simu1","KET",200,"cliver",6.50570661060246
"4177",417.6,"Simu1","KET",200,"cliver",6.35557695642253
"4178",417.7,"Simu1","KET",200,"cliver",6.21143932563819
"4179",417.8,"Simu1","KET",200,"cliver",6.07303874684047
"4180",417.9,"Simu1","KET",200,"cliver",5.94013192862219
"4181",418,"Simu1","KET",200,"cliver",5.8124866758703
"4182",418.1,"Simu1","KET",200,"cliver",5.68988133697635
"4183",418.2,"Simu1","KET",200,"cliver",5.57210428040604
"4184",418.3,"Simu1","KET",200,"cliver",5.45895339911689
"4185",418.4,"Simu1","KET",200,"cliver",5.35023564136832
"4186",418.5,"Simu1","KET",200,"cliver",5.24576656653379
"4187",418.6,"Simu1","KET",200,"cliver",5.14536992457746
"4188",418.7,"Simu1","KET",200,"cliver",5.04887725789419
"4189",418.8,"Simu1","KET",200,"cliver",4.95612752431512
"4190",418.9,"Simu1","KET",200,"cliver",4.86696674011147
"4191",419,"Simu1","KET",200,"cliver",4.78124764188871
"4192",419.1,"Simu1","KET",200,"cliver",4.69882936631783
"4193",419.2,"Simu1","KET",200,"cliver",4.61957714671037
"4194",419.3,"Simu1","KET",200,"cliver",4.54336202549415
"4195",419.4,"Simu1","KET",200,"cliver",4.47006058169829
"4196",419.5,"Simu1","KET",200,"cliver",4.39955467260344
"4197",419.6,"Simu1","KET",200,"cliver",4.33173118875881
"4198",419.7,"Simu1","KET",200,"cliver",4.26648182161542
"4199",419.8,"Simu1","KET",200,"cliver",4.20370284306498
"4200",419.9,"Simu1","KET",200,"cliver",4.14329489621622
"4201",420,"Simu1","KET",200,"cliver",4.08516279677811
"4202",420.1,"Simu1","KET",200,"cliver",4.02921534445561
"4203",420.2,"Simu1","KET",200,"cliver",3.97536514379964
"4204",420.3,"Simu1","KET",200,"cliver",3.92352843398442
"4205",420.4,"Simu1","KET",200,"cliver",3.87362492701684
"4206",420.5,"Simu1","KET",200,"cliver",3.82557765391288
"4207",420.6,"Simu1","KET",200,"cliver",3.7793128184025
"4208",420.7,"Simu1","KET",200,"cliver",3.73475965774801
"4209",420.8,"Simu1","KET",200,"cliver",3.69185031029079
"4210",420.9,"Simu1","KET",200,"cliver",3.65051968936121
"4211",421,"Simu1","KET",200,"cliver",3.61070536320818
"4212",421.1,"Simu1","KET",200,"cliver",3.57234744062468
"4213",421.2,"Simu1","KET",200,"cliver",3.53538846196632
"4214",421.3,"Simu1","KET",200,"cliver",3.49977329527662
"4215",421.4,"Simu1","KET",200,"cliver",3.46544903725042
"4216",421.5,"Simu1","KET",200,"cliver",3.43236491878227
"4217",421.6,"Simu1","KET",200,"cliver",3.40047221486088
"4218",421.7,"Simu1","KET",200,"cliver",3.36972415858582
"4219",421.8,"Simu1","KET",200,"cliver",3.34007585909457
"4220",421.9,"Simu1","KET",200,"cliver",3.31148422320087
"4221",422,"Simu1","KET",200,"cliver",3.28390788055692
"4222",422.1,"Simu1","KET",200,"cliver",3.25730711216182
"4223",422.2,"Simu1","KET",200,"cliver",3.23164378204989
"4224",422.3,"Simu1","KET",200,"cliver",3.20688127200107
"4225",422.4,"Simu1","KET",200,"cliver",3.18298441912469
"4226",422.5,"Simu1","KET",200,"cliver",3.15991945617676
"4227",422.6,"Simu1","KET",200,"cliver",3.13765395447781
"4228",422.7,"Simu1","KET",200,"cliver",3.11615676930589
"4229",422.8,"Simu1","KET",200,"cliver",3.0953979876468
"4230",422.9,"Simu1","KET",200,"cliver",3.07534887818933
"4231",423,"Simu1","KET",200,"cliver",3.05598184345991
"4232",423.1,"Simu1","KET",200,"cliver",3.03727037399592
"4233",423.2,"Simu1","KET",200,"cliver",3.01918900446328
"4234",423.3,"Simu1","KET",200,"cliver",3.001713271628
"4235",423.4,"Simu1","KET",200,"cliver",2.98481967409674
"4236",423.5,"Simu1","KET",200,"cliver",2.96848563374569
"4237",423.6,"Simu1","KET",200,"cliver",2.95268945876079
"4238",423.7,"Simu1","KET",200,"cliver",2.93741030821709
"4239",423.8,"Simu1","KET",200,"cliver",2.92262815812782
"4240",423.9,"Simu1","KET",200,"cliver",2.90832376889788
"4241",424,"Simu1","KET",200,"cliver",2.89447865411954
"4242",424.1,"Simu1","KET",200,"cliver",2.88107505065087
"4243",424.2,"Simu1","KET",200,"cliver",2.86809588992113
"4244",424.3,"Simu1","KET",200,"cliver",2.85552477040905
"4245",424.4,"Simu1","KET",200,"cliver",2.8433459312436
"4246",424.5,"Simu1","KET",200,"cliver",2.83154422687836
"4247",424.6,"Simu1","KET",200,"cliver",2.82010510279366
"4248",424.7,"Simu1","KET",200,"cliver",2.80901457218224
"4249",424.8,"Simu1","KET",200,"cliver",2.79825919357666
"4250",424.9,"Simu1","KET",200,"cliver",2.78782604937854
"4251",425,"Simu1","KET",200,"cliver",2.7777027252515
"4252",425.1,"Simu1","KET",200,"cliver",2.7678772903414
"4253",425.2,"Simu1","KET",200,"cliver",2.75833827828924
"4254",425.3,"Simu1","KET",200,"cliver",2.74907466900369
"4255",425.4,"Simu1","KET",200,"cliver",2.74007587116148
"4256",425.5,"Simu1","KET",200,"cliver",2.73133170540566
"4257",425.6,"Simu1","KET",200,"cliver",2.72283238821265
"4258",425.7,"Simu1","KET",200,"cliver",2.71456851640077
"4259",425.8,"Simu1","KET",200,"cliver",2.70653105225374
"4260",425.9,"Simu1","KET",200,"cliver",2.69871130923392
"4261",426,"Simu1","KET",200,"cliver",2.69110093826139
"4262",426.1,"Simu1","KET",200,"cliver",2.68369191453564
"4263",426.2,"Simu1","KET",200,"cliver",2.67647652487787
"4264",426.3,"Simu1","KET",200,"cliver",2.66944735557285
"4265",426.4,"Simu1","KET",200,"cliver",2.66259728069004
"4266",426.5,"Simu1","KET",200,"cliver",2.65591945086474
"4267",426.6,"Simu1","KET",200,"cliver",2.64940728252064
"4268",426.7,"Simu1","KET",200,"cliver",2.64305444751607
"4269",426.8,"Simu1","KET",200,"cliver",2.63685486319702
"4270",426.9,"Simu1","KET",200,"cliver",2.6308026828405
"4271",427,"Simu1","KET",200,"cliver",2.62489228647278
"4272",427.1,"Simu1","KET",200,"cliver",2.61911827204751
"4273",427.2,"Simu1","KET",200,"cliver",2.61347544696931
"4274",427.3,"Simu1","KET",200,"cliver",2.60795881994918
"4275",427.4,"Simu1","KET",200,"cliver",2.6025635931785
"4276",427.5,"Simu1","KET",200,"cliver",2.59728515480907
"4277",427.6,"Simu1","KET",200,"cliver",2.59211907172683
"4278",427.7,"Simu1","KET",200,"cliver",2.58706108260802
"4279",427.8,"Simu1","KET",200,"cliver",2.58210709124621
"4280",427.9,"Simu1","KET",200,"cliver",2.57725316013981
"4281",428,"Simu1","KET",200,"cliver",2.57249550432966
"4282",428.1,"Simu1","KET",200,"cliver",2.56783048547681
"4283",428.2,"Simu1","KET",200,"cliver",2.5632546061712
"4284",428.3,"Simu1","KET",200,"cliver",2.55876450446193
"4285",428.4,"Simu1","KET",200,"cliver",2.55435694860062
"4286",428.5,"Simu1","KET",200,"cliver",2.55002883198939
"4287",428.6,"Simu1","KET",200,"cliver",2.54577716832544
"4288",428.7,"Simu1","KET",200,"cliver",2.54159908693453
"4289",428.8,"Simu1","KET",200,"cliver",2.53749182828604
"4290",428.9,"Simu1","KET",200,"cliver",2.53345273968232
"4291",429,"Simu1","KET",200,"cliver",2.52947927111572
"4292",429.1,"Simu1","KET",200,"cliver",2.52556897128658
"4293",429.2,"Simu1","KET",200,"cliver",2.52171948377598
"4294",429.3,"Simu1","KET",200,"cliver",2.51792854336723
"4295",429.4,"Simu1","KET",200,"cliver",2.51419397251011
"4296",429.5,"Simu1","KET",200,"cliver",2.5105136779226
"4297",429.6,"Simu1","KET",200,"cliver",2.5068856473244
"4298",429.7,"Simu1","KET",200,"cliver",2.50330794629741
"4299",429.8,"Simu1","KET",200,"cliver",2.49977871526793
"4300",429.9,"Simu1","KET",200,"cliver",2.49629616660612
"4301",430,"Simu1","KET",200,"cliver",2.49285858183793
"4302",430.1,"Simu1","KET",200,"cliver",2.48946430896523
"4303",430.2,"Simu1","KET",200,"cliver",2.48611175988993
"4304",430.3,"Simu1","KET",200,"cliver",2.48279940793802
"4305",430.4,"Simu1","KET",200,"cliver",2.4795257854796
"4306",430.5,"Simu1","KET",200,"cliver",2.47628948164127
"4307",430.6,"Simu1","KET",200,"cliver",2.47308914010723
"4308",430.7,"Simu1","KET",200,"cliver",2.4699234570056
"4309",430.8,"Simu1","KET",200,"cliver",2.46679117887673
"4310",430.9,"Simu1","KET",200,"cliver",2.46369110072029
"4311",431,"Simu1","KET",200,"cliver",2.46062206411802
"4312",431.1,"Simu1","KET",200,"cliver",2.4575829554293
"4313",431.2,"Simu1","KET",200,"cliver",2.45457270405665
"4314",431.3,"Simu1","KET",200,"cliver",2.45159028077843
"4315",431.4,"Simu1","KET",200,"cliver",2.44863469614621
"4316",431.5,"Simu1","KET",200,"cliver",2.44570499894418
"4317",431.6,"Simu1","KET",200,"cliver",2.44280027470837
"4318",431.7,"Simu1","KET",200,"cliver",2.43991964430312
"4319",431.8,"Simu1","KET",200,"cliver",2.43706226255282
"4320",431.9,"Simu1","KET",200,"cliver",2.43422731705879
"4321",432,"Simu1","KET",200,"cliver",2.43574592589245
"4322",432.1,"Simu1","KET",200,"cliver",6.85485107978949
"4323",432.2,"Simu1","KET",200,"cliver",19.0786527334491
"4324",432.3,"Simu1","KET",200,"cliver",32.6473529539384
"4325",432.4,"Simu1","KET",200,"cliver",45.1098037034453
"4326",432.5,"Simu1","KET",200,"cliver",55.8045761961353
"4327",432.6,"Simu1","KET",200,"cliver",64.6798497693744
"4328",432.7,"Simu1","KET",200,"cliver",71.8772077570576
"4329",432.8,"Simu1","KET",200,"cliver",77.5867908743801
"4330",432.9,"Simu1","KET",200,"cliver",81.9984993255337
"4331",433,"Simu1","KET",200,"cliver",85.286934825137
"4332",433.1,"Simu1","KET",200,"cliver",87.6080149386598
"4333",433.2,"Simu1","KET",200,"cliver",89.0994463721833
"4334",433.3,"Simu1","KET",200,"cliver",89.8822041302088
"4335",433.4,"Simu1","KET",200,"cliver",90.0625285359676
"4336",433.5,"Simu1","KET",200,"cliver",89.7335146138
"4337",433.6,"Simu1","KET",200,"cliver",88.9765898075124
"4338",433.7,"Simu1","KET",200,"cliver",87.8630002155214
"4339",433.8,"Simu1","KET",200,"cliver",86.4549475597349
"4340",433.9,"Simu1","KET",200,"cliver",84.8066373742253
"4341",434,"Simu1","KET",200,"cliver",82.965229108025
"4342",434.1,"Simu1","KET",200,"cliver",80.971659579052
"4343",434.2,"Simu1","KET",200,"cliver",78.8613502293547
"4344",434.3,"Simu1","KET",200,"cliver",76.6649218645339
"4345",434.4,"Simu1","KET",200,"cliver",74.4086967066925
"4346",434.5,"Simu1","KET",200,"cliver",72.1151962504981
"4347",434.6,"Simu1","KET",200,"cliver",69.8036257198438
"4348",434.7,"Simu1","KET",200,"cliver",67.4902866562271
"4349",434.8,"Simu1","KET",200,"cliver",65.188920969932
"4350",434.9,"Simu1","KET",200,"cliver",62.9110176273665
"4351",435,"Simu1","KET",200,"cliver",60.6660962686223
"4352",435.1,"Simu1","KET",200,"cliver",58.4619632742145
"4353",435.2,"Simu1","KET",200,"cliver",56.3049348015306
"4354",435.3,"Simu1","KET",200,"cliver",54.2000305036217
"4355",435.4,"Simu1","KET",200,"cliver",52.1511455273906
"4356",435.5,"Simu1","KET",200,"cliver",50.1612048735267
"4357",435.6,"Simu1","KET",200,"cliver",48.232300424626
"4358",435.7,"Simu1","KET",200,"cliver",46.3658109337042
"4359",435.8,"Simu1","KET",200,"cliver",44.5625069754397
"4360",435.9,"Simu1","KET",200,"cliver",42.8226433674857
"4361",436,"Simu1","KET",200,"cliver",41.1460407052519
"4362",436.1,"Simu1","KET",200,"cliver",39.5321568653385
"4363",436.2,"Simu1","KET",200,"cliver",37.9801493018991
"4364",436.3,"Simu1","KET",200,"cliver",36.488929219952
"4365",436.4,"Simu1","KET",200,"cliver",35.0572087121478
"4366",436.5,"Simu1","KET",200,"cliver",33.6835417053896
"4367",436.6,"Simu1","KET",200,"cliver",32.3663593578672
"4368",436.7,"Simu1","KET",200,"cliver",31.1040004702394
"4369",436.8,"Simu1","KET",200,"cliver",29.8947375894295
"4370",436.9,"Simu1","KET",200,"cliver",28.7367992906487
"4371",437,"Simu1","KET",200,"cliver",27.6283891171324
"4372",437.1,"Simu1","KET",200,"cliver",26.5677015759436
"4373",437.2,"Simu1","KET",200,"cliver",25.5529355537825
"4374",437.3,"Simu1","KET",200,"cliver",24.582305482963
"4375",437.4,"Simu1","KET",200,"cliver",23.6540505502129
"4376",437.5,"Simu1","KET",200,"cliver",22.7664422041394
"4377",437.6,"Simu1","KET",200,"cliver",21.9177901866398
"4378",437.7,"Simu1","KET",200,"cliver",21.1064472888659
"4379",437.8,"Simu1","KET",200,"cliver",20.3308130100028
"4380",437.9,"Simu1","KET",200,"cliver",19.5893362757061
"4381",438,"Simu1","KET",200,"cliver",18.8805173533861
"4382",438.1,"Simu1","KET",200,"cliver",18.2029090845581
"4383",438.2,"Simu1","KET",200,"cliver",17.5551175399067
"4384",438.3,"Simu1","KET",200,"cliver",16.9358021896279
"4385",438.4,"Simu1","KET",200,"cliver",16.3436756697282
"4386",438.5,"Simu1","KET",200,"cliver",15.7775032144043
"4387",438.6,"Simu1","KET",200,"cliver",15.2361018152054
"4388",438.7,"Simu1","KET",200,"cliver",14.7183391588089
"4389",438.8,"Simu1","KET",200,"cliver",14.2231323910029
"4390",438.9,"Simu1","KET",200,"cliver",13.7494467440653
"4391",439,"Simu1","KET",200,"cliver",13.2962940613737
"4392",439.1,"Simu1","KET",200,"cliver",12.862731247868
"4393",439.2,"Simu1","KET",200,"cliver",12.4478586707796
"4394",439.3,"Simu1","KET",200,"cliver",12.0508185310647
"4395",439.4,"Simu1","KET",200,"cliver",11.6707932226243
"4396",439.5,"Simu1","KET",200,"cliver",11.3070036936032
"4397",439.6,"Simu1","KET",200,"cliver",10.9587078216363
"4398",439.7,"Simu1","KET",200,"cliver",10.6251988127642
"4399",439.8,"Simu1","KET",200,"cliver",10.3058036318279
"4400",439.9,"Simu1","KET",200,"cliver",9.99988147055011
"4401",440,"Simu1","KET",200,"cliver",9.70682225814492
"4402",440.1,"Simu1","KET",200,"cliver",9.42604521813396
"4403",440.2,"Simu1","KET",200,"cliver",9.15699747404802
"4404",440.3,"Simu1","KET",200,"cliver",8.89915270583144
"4405",440.4,"Simu1","KET",200,"cliver",8.65200985805342
"4406",440.5,"Simu1","KET",200,"cliver",8.4150919004283
"4407",440.6,"Simu1","KET",200,"cliver",8.18794464065384
"4408",440.7,"Simu1","KET",200,"cliver",7.97013558922814
"4409",440.8,"Simu1","KET",200,"cliver",7.76125287535734
"4410",440.9,"Simu1","KET",200,"cliver",7.56090421306309
"4411",441,"Simu1","KET",200,"cliver",7.36871591624383
"4412",441.1,"Simu1","KET",200,"cliver",7.18433196128873
"4413",441.2,"Simu1","KET",200,"cliver",7.00741309571668
"4414",441.3,"Simu1","KET",200,"cliver",6.83763599122736
"4415",441.4,"Simu1","KET",200,"cliver",6.67469243949865
"4416",441.5,"Simu1","KET",200,"cliver",6.51828858902266
"4417",441.6,"Simu1","KET",200,"cliver",6.36814422124846
"4418",441.7,"Simu1","KET",200,"cliver",6.2239920643048
"4419",441.8,"Simu1","KET",200,"cliver",6.08557714258804
"4420",441.9,"Simu1","KET",200,"cliver",5.95265616053056
"4421",442,"Simu1","KET",200,"cliver",5.82499691889898
"4422",442.1,"Simu1","KET",200,"cliver",5.7023777620101
"4423",442.2,"Simu1","KET",200,"cliver",5.58458705430515
"4424",442.3,"Simu1","KET",200,"cliver",5.47142268477125
"4425",442.4,"Simu1","KET",200,"cliver",5.36269159775699
"4426",442.5,"Simu1","KET",200,"cliver",5.25820934878471
"4427",442.6,"Simu1","KET",200,"cliver",5.15779968402013
"4428",442.7,"Simu1","KET",200,"cliver",5.06129414213332
"4429",442.8,"Simu1","KET",200,"cliver",4.96853167729873
"4430",442.9,"Simu1","KET",200,"cliver",4.87935830219725
"4431",443,"Simu1","KET",200,"cliver",4.79362674991036
"4432",443.1,"Simu1","KET",200,"cliver",4.7111961536539
"4433",443.2,"Simu1","KET",200,"cliver",4.63193174335488
"4434",443.3,"Simu1","KET",200,"cliver",4.55570455812723
"4435",443.4,"Simu1","KET",200,"cliver",4.48239117375614
"4436",443.5,"Simu1","KET",200,"cliver",4.41187344434799
"4437",443.6,"Simu1","KET",200,"cliver",4.34403825734756
"4438",443.7,"Simu1","KET",200,"cliver",4.27877730117114
"4439",443.8,"Simu1","KET",200,"cliver",4.21598684474494
"4440",443.9,"Simu1","KET",200,"cliver",4.15556752828055
"4441",444,"Simu1","KET",200,"cliver",4.09742416465765
"4442",444.1,"Simu1","KET",200,"cliver",4.04146555081898
"4443",444.2,"Simu1","KET",200,"cliver",3.98760428861959
"4444",444.3,"Simu1","KET",200,"cliver",3.93575661460334
"4445",444.4,"Simu1","KET",200,"cliver",3.88584223821152
"4446",444.5,"Simu1","KET",200,"cliver",3.83778418795807
"4447",444.6,"Simu1","KET",200,"cliver",3.79150866513207
"4448",444.7,"Simu1","KET",200,"cliver",3.74694490461776
"4449",444.8,"Simu1","KET",200,"cliver",3.70402504243927
"4450",444.9,"Simu1","KET",200,"cliver",3.66268398966896
"4451",445,"Simu1","KET",200,"cliver",3.62285931235576
"4452",445.1,"Simu1","KET",200,"cliver",3.58449111714986
"4453",445.2,"Simu1","KET",200,"cliver",3.54752194232034
"4454",445.3,"Simu1","KET",200,"cliver",3.51189665387927
"4455",445.4,"Simu1","KET",200,"cliver",3.47756234654392
"4456",445.5,"Simu1","KET",200,"cliver",3.444468249284
"4457",445.6,"Simu1","KET",200,"cliver",3.41256563521503
"4458",445.7,"Simu1","KET",200,"cliver",3.38180773561399
"4459",445.8,"Simu1","KET",200,"cliver",3.3521496578452
"4460",445.9,"Simu1","KET",200,"cliver",3.32354830699762
"4461",446,"Simu1","KET",200,"cliver",3.29596231104589
"4462",446.1,"Simu1","KET",200,"cliver",3.26935194935773
"4463",446.2,"Simu1","KET",200,"cliver",3.24367908438125
"4464",446.3,"Simu1","KET",200,"cliver",3.21890709635419
"4465",446.4,"Simu1","KET",200,"cliver",3.19500082088677
"4466",446.5,"Simu1","KET",200,"cliver",3.17192648927788
"4467",446.6,"Simu1","KET",200,"cliver",3.14965167143164
"4468",446.7,"Simu1","KET",200,"cliver",3.12814522124993
"4469",446.8,"Simu1","KET",200,"cliver",3.10737722438136
"4470",446.9,"Simu1","KET",200,"cliver",3.08731894821559
"4471",447,"Simu1","KET",200,"cliver",3.0679427940169
"4472",447.1,"Simu1","KET",200,"cliver",3.0492222510967
"4473",447.2,"Simu1","KET",200,"cliver",3.03113185293013
"4474",447.3,"Simu1","KET",200,"cliver",3.0136471351268
"4475",447.4,"Simu1","KET",200,"cliver",2.9967445951704
"4476",447.5,"Simu1","KET",200,"cliver",2.98040165384668
"4477",447.6,"Simu1","KET",200,"cliver",2.9645966182829
"4478",447.7,"Simu1","KET",200,"cliver",2.94930864652632
"4479",447.8,"Simu1","KET",200,"cliver",2.93451771359245
"4480",447.9,"Simu1","KET",200,"cliver",2.92020457891773
"4481",448,"Simu1","KET",200,"cliver",2.90635075515447
"4482",448.1,"Simu1","KET",200,"cliver",2.89293847824853
"4483",448.2,"Simu1","KET",200,"cliver",2.8799506787439
"4484",448.3,"Simu1","KET",200,"cliver",2.86737095426035
"4485",448.4,"Simu1","KET",200,"cliver",2.85518354309334
"4486",448.5,"Simu1","KET",200,"cliver",2.84337329888785
"4487",448.6,"Simu1","KET",200,"cliver",2.83192566633968
"4488",448.7,"Simu1","KET",200,"cliver",2.82082665788055
"4489",448.8,"Simu1","KET",200,"cliver",2.81006283130486
"4490",448.9,"Simu1","KET",200,"cliver",2.79962126829823
"4491",449,"Simu1","KET",200,"cliver",2.78948955382988
"4492",449.1,"Simu1","KET",200,"cliver",2.77965575637216
"4493",449.2,"Simu1","KET",200,"cliver",2.77010840891301
"4494",449.3,"Simu1","KET",200,"cliver",2.76083649072779
"4495",449.4,"Simu1","KET",200,"cliver",2.75182940987916
"4496",449.5,"Simu1","KET",200,"cliver",2.74307698641476
"4497",449.6,"Simu1","KET",200,"cliver",2.73456943623376
"4498",449.7,"Simu1","KET",200,"cliver",2.72629735559487
"4499",449.8,"Simu1","KET",200,"cliver",2.71825170623927
"4500",449.9,"Simu1","KET",200,"cliver",2.71042380110342
"4501",450,"Simu1","KET",200,"cliver",2.70280529059765
"4502",450.1,"Simu1","KET",200,"cliver",2.69538814942732
"4503",450.2,"Simu1","KET",200,"cliver",2.68816466393474
"4504",450.3,"Simu1","KET",200,"cliver",2.68112741994054
"4505",450.4,"Simu1","KET",200,"cliver",2.67426929106435
"4506",450.5,"Simu1","KET",200,"cliver",2.66758342750557
"4507",450.6,"Simu1","KET",200,"cliver",2.66106324526542
"4508",450.7,"Simu1","KET",200,"cliver",2.65470241579292
"4509",450.8,"Simu1","KET",200,"cliver",2.6484948560374
"4510",450.9,"Simu1","KET",200,"cliver",2.64243471889154
"4511",451,"Simu1","KET",200,"cliver",2.63651638400925
"4512",451.1,"Simu1","KET",200,"cliver",2.63073444898338
"4513",451.2,"Simu1","KET",200,"cliver",2.62508372086901
"4514",451.3,"Simu1","KET",200,"cliver",2.61955920803849
"4515",451.4,"Simu1","KET",200,"cliver",2.61415611235515
"4516",451.5,"Simu1","KET",200,"cliver",2.60886982165295
"4517",451.6,"Simu1","KET",200,"cliver",2.60369590250997
"4518",451.7,"Simu1","KET",200,"cliver",2.5986300933042
"4519",451.8,"Simu1","KET",200,"cliver",2.59366829754032
"4520",451.9,"Simu1","KET",200,"cliver",2.58880657743689
"4521",452,"Simu1","KET",200,"cliver",2.58404114776368
"4522",452.1,"Simu1","KET",200,"cliver",2.57936836991921
"4523",452.2,"Simu1","KET",200,"cliver",2.57478474623909
"4524",452.3,"Simu1","KET",200,"cliver",2.57028691452612
"4525",452.4,"Simu1","KET",200,"cliver",2.56587164279333
"4526",452.5,"Simu1","KET",200,"cliver",2.56153582421177
"4527",452.6,"Simu1","KET",200,"cliver",2.55727647225484
"4528",452.7,"Simu1","KET",200,"cliver",2.55309071603156
"4529",452.8,"Simu1","KET",200,"cliver",2.54897579580136
"4530",452.9,"Simu1","KET",200,"cliver",2.54492905866328
"4531",453,"Simu1","KET",200,"cliver",2.54094795441274
"4532",453.1,"Simu1","KET",200,"cliver",2.53703003155938
"4533",453.2,"Simu1","KET",200,"cliver",2.53317293349957
"4534",453.3,"Simu1","KET",200,"cliver",2.52937439483772
"4535",453.4,"Simu1","KET",200,"cliver",2.52563223785036
"4536",453.5,"Simu1","KET",200,"cliver",2.52194436908767
"4537",453.6,"Simu1","KET",200,"cliver",2.51830877610685
"4538",453.7,"Simu1","KET",200,"cliver",2.51472352433238
"4539",453.8,"Simu1","KET",200,"cliver",2.51118675403813
"4540",453.9,"Simu1","KET",200,"cliver",2.50769667744661
"4541",454,"Simu1","KET",200,"cliver",2.50425157594076
"4542",454.1,"Simu1","KET",200,"cliver",2.50084979738395
"4543",454.2,"Simu1","KET",200,"cliver",2.49748975354392
"4544",454.3,"Simu1","KET",200,"cliver",2.49416991761671
"4545",454.4,"Simu1","KET",200,"cliver",2.49088882184655
"4546",454.5,"Simu1","KET",200,"cliver",2.48764505523814
"4547",454.6,"Simu1","KET",200,"cliver",2.48443726135755
"4548",454.7,"Simu1","KET",200,"cliver",2.4812641362185
"4549",454.8,"Simu1","KET",200,"cliver",2.47812442625051
"4550",454.9,"Simu1","KET",200,"cliver",2.47501692634587
"4551",455,"Simu1","KET",200,"cliver",2.4719404779823
"4552",455.1,"Simu1","KET",200,"cliver",2.46889396741842
"4553",455.2,"Simu1","KET",200,"cliver",2.46587632395908
"4554",455.3,"Simu1","KET",200,"cliver",2.46288651828805
"4555",455.4,"Simu1","KET",200,"cliver",2.45992356086521
"4556",455.5,"Simu1","KET",200,"cliver",2.45698650038593
"4557",455.6,"Simu1","KET",200,"cliver",2.45407442230014
"4558",455.7,"Simu1","KET",200,"cliver",2.45118644738876
"4559",455.8,"Simu1","KET",200,"cliver",2.44832173039532
"4560",455.9,"Simu1","KET",200,"cliver",2.44547945883491
"4561",456,"Simu1","KET",200,"cliver",2.44699080317241
"4562",456.1,"Simu1","KET",200,"cliver",6.86610037139777
"4563",456.2,"Simu1","KET",200,"cliver",19.0899521668088
"4564",456.3,"Simu1","KET",200,"cliver",32.6587235261385
"4565",456.4,"Simu1","KET",200,"cliver",45.1212533893792
"4566",456.5,"Simu1","KET",200,"cliver",55.8161071950157
"4567",456.6,"Simu1","KET",200,"cliver",64.6914610294682
"4568",456.7,"Simu1","KET",200,"cliver",71.8888966983275
"4569",456.8,"Simu1","KET",200,"cliver",77.598553715607
"4570",456.9,"Simu1","KET",200,"cliver",82.0103289091311
"4571",457,"Simu1","KET",200,"cliver",85.2988298180557
"4572",457.1,"Simu1","KET",200,"cliver",87.6199914118748
"4573",457.2,"Simu1","KET",200,"cliver",89.1114241010594
"4574",457.3,"Simu1","KET",200,"cliver",89.894228480954
"4575",457.4,"Simu1","KET",200,"cliver",90.0746175420267
"4576",457.5,"Simu1","KET",200,"cliver",89.7455940436213
"4577",457.6,"Simu1","KET",200,"cliver",88.9887865396327
"4578",457.7,"Simu1","KET",200,"cliver",87.875205973222
"4579",457.8,"Simu1","KET",200,"cliver",86.4671165827778
"4580",457.9,"Simu1","KET",200,"cliver",84.8188559697646
"4581",458,"Simu1","KET",200,"cliver",82.9774817749793
"4582",458.1,"Simu1","KET",200,"cliver",80.9839234797823
"4583",458.2,"Simu1","KET",200,"cliver",78.8736601633887
"4584",458.3,"Simu1","KET",200,"cliver",76.6772693975984
"4585",458.4,"Simu1","KET",200,"cliver",74.4210602910721
"4586",458.5,"Simu1","KET",200,"cliver",72.1275465013345
"4587",458.6,"Simu1","KET",200,"cliver",69.8159434831903
"4588",458.7,"Simu1","KET",200,"cliver",67.5025825447413
"4589",458.8,"Simu1","KET",200,"cliver",65.201208282049
"4590",458.9,"Simu1","KET",200,"cliver",62.9232945034052
"4591",459,"Simu1","KET",200,"cliver",60.678352670789
"4592",459.1,"Simu1","KET",200,"cliver",58.4741938368432
"4593",459.2,"Simu1","KET",200,"cliver",56.3171408554908
"4594",459.3,"Simu1","KET",200,"cliver",54.21221417653
"4595",459.4,"Simu1","KET",200,"cliver",52.1633060722
"4596",459.5,"Simu1","KET",200,"cliver",50.1733399938307
"4597",459.6,"Simu1","KET",200,"cliver",48.2444086994894
"4598",459.7,"Simu1","KET",200,"cliver",46.3778922160203
"4599",459.8,"Simu1","KET",200,"cliver",44.5745613407485
"4600",459.9,"Simu1","KET",200,"cliver",42.8346704414692
"4601",460,"Simu1","KET",200,"cliver",41.1580398893899
"4602",460.1,"Simu1","KET",200,"cliver",39.5441277708374
"4603",460.2,"Simu1","KET",200,"cliver",37.9920919892545
"4604",460.3,"Simu1","KET",200,"cliver",36.5008443698406
"4605",460.4,"Simu1","KET",200,"cliver",35.0690962264307
"4606",460.5,"Simu1","KET",200,"cliver",33.6954011782953
"4607",460.6,"Simu1","KET",200,"cliver",32.3781906361665
"4608",460.7,"Simu1","KET",200,"cliver",31.1158035920274
"4609",460.8,"Simu1","KET",200,"cliver",29.9065124162099
"4610",460.9,"Simu1","KET",200,"cliver",28.7485457359684
"4611",461,"Simu1","KET",200,"cliver",27.6401075715963
"4612",461.1,"Simu1","KET",200,"cliver",26.579392655565
"4613",461.2,"Simu1","KET",200,"cliver",25.5645996861726
"4614",461.3,"Simu1","KET",200,"cliver",24.593943628223
"4615",461.4,"Simu1","KET",200,"cliver",23.6656640963497
"4616",461.5,"Simu1","KET",200,"cliver",22.778031016804
"4617",461.6,"Simu1","KET",200,"cliver",21.929353038607
"4618",461.7,"Simu1","KET",200,"cliver",21.1179838279012
"4619",461.8,"Simu1","KET",200,"cliver",20.342323743805
"4620",461.9,"Simu1","KET",200,"cliver",19.6008217725254
"4621",462,"Simu1","KET",200,"cliver",18.8919779541422
"4622",462.1,"Simu1","KET",200,"cliver",18.2143450822809
"4623",462.2,"Simu1","KET",200,"cliver",17.5665291800697
"4624",462.3,"Simu1","KET",200,"cliver",16.9471897329542
"4625",462.4,"Simu1","KET",200,"cliver",16.3550394248234
"4626",462.5,"Simu1","KET",200,"cliver",15.7888435533761
"4627",462.6,"Simu1","KET",200,"cliver",15.2474192179703
"4628",462.7,"Simu1","KET",200,"cliver",14.7296341697157
"4629",462.8,"Simu1","KET",200,"cliver",14.2344055131999
"4630",462.9,"Simu1","KET",200,"cliver",13.7606983995971
"4631",463,"Simu1","KET",200,"cliver",13.3075246327235
"4632",463.1,"Simu1","KET",200,"cliver",12.8739411295836
"4633",463.2,"Simu1","KET",200,"cliver",12.459048277704
"4634",463.3,"Simu1","KET",200,"cliver",12.0619882723562
"4635",463.4,"Simu1","KET",200,"cliver",11.6819434807079
"4636",463.5,"Simu1","KET",200,"cliver",11.3181348321193
"4637",463.6,"Simu1","KET",200,"cliver",10.969820198922
"4638",463.7,"Simu1","KET",200,"cliver",10.6362927852086
"4639",463.8,"Simu1","KET",200,"cliver",10.3168795480675
"4640",463.9,"Simu1","KET",200,"cliver",10.0109396669686
"4641",464,"Simu1","KET",200,"cliver",9.71786306006803
"4642",464.1,"Simu1","KET",200,"cliver",9.43706894307371
"4643",464.2,"Simu1","KET",200,"cliver",9.16800443280424
"4644",464.3,"Simu1","KET",200,"cliver",8.91014320144046
"4645",464.4,"Simu1","KET",200,"cliver",8.66298418489182
"4646",464.5,"Simu1","KET",200,"cliver",8.42605034457567
"4647",464.6,"Simu1","KET",200,"cliver",8.19888748076101
"4648",464.7,"Simu1","KET",200,"cliver",7.98106309687492
"4649",464.8,"Simu1","KET",200,"cliver",7.77216531495783
"4650",464.9,"Simu1","KET",200,"cliver",7.57180184180177
"4651",465,"Simu1","KET",200,"cliver",7.37959898428524
"4652",465.1,"Simu1","KET",200,"cliver",7.19520071208876
"4653",465.2,"Simu1","KET",200,"cliver",7.01826776622692
"4654",465.3,"Simu1","KET",200,"cliver",6.84847681199096
"4655",465.4,"Simu1","KET",200,"cliver",6.68551963474325
"4656",465.5,"Simu1","KET",200,"cliver",6.52910237683973
"4657",465.6,"Simu1","KET",200,"cliver",6.37894481377866
"4658",465.7,"Simu1","KET",200,"cliver",6.2347796678892
"4659",465.8,"Simu1","KET",200,"cliver",6.09635195789313
"4660",465.9,"Simu1","KET",200,"cliver",5.96341838267853
"4661",466,"Simu1","KET",200,"cliver",5.83574673761192
"4662",466.1,"Simu1","KET",200,"cliver",5.71311536175485
"4663",466.2,"Simu1","KET",200,"cliver",5.5953126144282
"4664",466.3,"Simu1","KET",200,"cliver",5.48213637962607
"4665",466.4,"Simu1","KET",200,"cliver",5.37339359683051
"4666",466.5,"Simu1","KET",200,"cliver",5.26889981682585
"4667",466.6,"Simu1","KET",200,"cliver",5.16847878116776
"4668",466.7,"Simu1","KET",200,"cliver",5.07196202403014
"4669",466.8,"Simu1","KET",200,"cliver",4.97918849520984
"4670",466.9,"Simu1","KET",200,"cliver",4.89000420312798
"4671",467,"Simu1","KET",200,"cliver",4.80426187672149
"4672",467.1,"Simu1","KET",200,"cliver",4.7218206451726
"4673",467.2,"Simu1","KET",200,"cliver",4.64254573448246
"4674",467.3,"Simu1","KET",200,"cliver",4.56630817994484
"4675",467.4,"Simu1","KET",200,"cliver",4.49298455362714
"4676",467.5,"Simu1","KET",200,"cliver",4.42245670602228
"4677",467.6,"Simu1","KET",200,"cliver",4.35461152106105
"4678",467.7,"Simu1","KET",200,"cliver",4.28934068374151
"4679",467.8,"Simu1","KET",200,"cliver",4.22654045966508
"4680",467.9,"Simu1","KET",200,"cliver",4.16611148581077
"4681",468,"Simu1","KET",200,"cliver",4.10795857191606
"4682",468.1,"Simu1","KET",200,"cliver",4.05199051186947
"4683",468.2,"Simu1","KET",200,"cliver",3.99811990455735
"4684",468.3,"Simu1","KET",200,"cliver",3.94626298363818
"4685",468.4,"Simu1","KET",200,"cliver",3.89633945574943
"4686",468.5,"Simu1","KET",200,"cliver",3.84827234668086
"4687",468.6,"Simu1","KET",200,"cliver",3.80198785507524
"4688",468.7,"Simu1","KET",200,"cliver",3.75741521324493
"4689",468.8,"Simu1","KET",200,"cliver",3.7144865547158
"4690",468.9,"Simu1","KET",200,"cliver",3.673136788134
"4691",469,"Simu1","KET",200,"cliver",3.63330347719229
"4692",469.1,"Simu1","KET",200,"cliver",3.59492672625269
"4693",469.2,"Simu1","KET",200,"cliver",3.55794907136221
"4694",469.3,"Simu1","KET",200,"cliver",3.52231537637536
"4695",469.4,"Simu1","KET",200,"cliver",3.48797273391445
"4696",469.5,"Simu1","KET",200,"cliver",3.45487037091585
"4697",469.6,"Simu1","KET",200,"cliver",3.42295955852133
"4698",469.7,"Simu1","KET",200,"cliver",3.39219352609191
"4699",469.8,"Simu1","KET",200,"cliver",3.36252737913223
"4700",469.9,"Simu1","KET",200,"cliver",3.33391802092642
"4701",470,"Simu1","KET",200,"cliver",3.30632407769775
"4702",470.1,"Simu1","KET",200,"cliver",3.27970582711455
"4703",470.2,"Simu1","KET",200,"cliver",3.25402512997598
"4704",470.3,"Simu1","KET",200,"cliver",3.22924536491998
"4705",470.4,"Simu1","KET",200,"cliver",3.20533136600476
"4706",470.5,"Simu1","KET",200,"cliver",3.18224936302365
"4707",470.6,"Simu1","KET",200,"cliver",3.15996692442048
"4708",470.7,"Simu1","KET",200,"cliver",3.13845290268056
"4709",470.8,"Simu1","KET",200,"cliver",3.11767738207866
"4710",470.9,"Simu1","KET",200,"cliver",3.09761162867209
"4711",471,"Simu1","KET",200,"cliver",3.07822804243317
"4712",471.1,"Simu1","KET",200,"cliver",3.05950011142049
"4713",471.2,"Simu1","KET",200,"cliver",3.04140236789446
"4714",471.3,"Simu1","KET",200,"cliver",3.02391034628688
"4715",471.4,"Simu1","KET",200,"cliver",3.00700054293955
"4716",471.5,"Simu1","KET",200,"cliver",2.99065037753133
"4717",471.6,"Simu1","KET",200,"cliver",2.97483815611647
"4718",471.7,"Simu1","KET",200,"cliver",2.9595430357021
"4719",471.8,"Simu1","KET",200,"cliver",2.94474499029556
"4720",471.9,"Simu1","KET",200,"cliver",2.93042477835618
"4721",472,"Simu1","KET",200,"cliver",2.91656391158928
"4722",472.1,"Simu1","KET",200,"cliver",2.90314462502301
"4723",472.2,"Simu1","KET",200,"cliver",2.89014984831204
"4724",472.3,"Simu1","KET",200,"cliver",2.87756317821437
"4725",472.4,"Simu1","KET",200,"cliver",2.8653688521905
"4726",472.5,"Simu1","KET",200,"cliver",2.85355172307638
"4727",472.6,"Simu1","KET",200,"cliver",2.842097234784
"4728",472.7,"Simu1","KET",200,"cliver",2.83099139898569
"4729",472.8,"Simu1","KET",200,"cliver",2.82022077274021
"4730",472.9,"Simu1","KET",200,"cliver",2.80977243702055
"4731",473,"Simu1","KET",200,"cliver",2.79963397610562
"4732",473.1,"Simu1","KET",200,"cliver",2.78979345779916
"4733",473.2,"Simu1","KET",200,"cliver",2.78023941444148
"4734",473.3,"Simu1","KET",200,"cliver",2.77096082468068
"4735",473.4,"Simu1","KET",200,"cliver",2.76194709597194
"4736",473.5,"Simu1","KET",200,"cliver",2.75318804777457
"4737",473.6,"Simu1","KET",200,"cliver",2.74467389541803
"4738",473.7,"Simu1","KET",200,"cliver",2.7363952346093
"4739",473.8,"Simu1","KET",200,"cliver",2.7283430265553
"4740",473.9,"Simu1","KET",200,"cliver",2.72050858367519
"4741",474,"Simu1","KET",200,"cliver",2.71288355587838
"4742",474.1,"Simu1","KET",200,"cliver",2.70545991738527
"4743",474.2,"Simu1","KET",200,"cliver",2.69822995406859
"4744",474.3,"Simu1","KET",200,"cliver",2.69118625129437
"4745",474.4,"Simu1","KET",200,"cliver",2.68432168224211
"4746",474.5,"Simu1","KET",200,"cliver",2.67762939668513
"4747",474.6,"Simu1","KET",200,"cliver",2.67110281021218
"4748",474.7,"Simu1","KET",200,"cliver",2.66473559387296
"4749",474.8,"Simu1","KET",200,"cliver",2.65852166423029
"4750",474.9,"Simu1","KET",200,"cliver",2.6524551738027
"4751",475,"Simu1","KET",200,"cliver",2.64653050188193
"4752",475.1,"Simu1","KET",200,"cliver",2.64074224571028
"4753",475.2,"Simu1","KET",200,"cliver",2.63508521200354
"4754",475.3,"Simu1","KET",200,"cliver",2.62955440880564
"4755",475.4,"Simu1","KET",200,"cliver",2.62414503766206
"4756",475.5,"Simu1","KET",200,"cliver",2.61885248609914
"4757",475.6,"Simu1","KET",200,"cliver",2.61367232039721
"4758",475.7,"Simu1","KET",200,"cliver",2.60860027864611
"4759",475.8,"Simu1","KET",200,"cliver",2.60363226407165
"4760",475.9,"Simu1","KET",200,"cliver",2.59876433862251
"4761",476,"Simu1","KET",200,"cliver",2.59399271680728
"4762",476.1,"Simu1","KET",200,"cliver",2.58931375977172
"4763",476.2,"Simu1","KET",200,"cliver",2.58472396960683
"4764",476.3,"Simu1","KET",200,"cliver",2.5802199838787
"4765",476.4,"Simu1","KET",200,"cliver",2.57579857037131
"4766",476.5,"Simu1","KET",200,"cliver",2.57145662203404
"4767",476.6,"Simu1","KET",200,"cliver",2.56719115212578
"4768",476.7,"Simu1","KET",200,"cliver",2.56299928954797
"4769",476.8,"Simu1","KET",200,"cliver",2.55887827435918
"4770",476.9,"Simu1","KET",200,"cliver",2.55482545346406
"4771",477,"Simu1","KET",200,"cliver",2.55083827646995
"4772",477.1,"Simu1","KET",200,"cliver",2.54691429170447
"4773",477.2,"Simu1","KET",200,"cliver",2.54305114238785
"4774",477.3,"Simu1","KET",200,"cliver",2.53924656295407
"4775",477.4,"Simu1","KET",200,"cliver",2.53549837551474
"4776",477.5,"Simu1","KET",200,"cliver",2.53180448646041
"4777",477.6,"Simu1","KET",200,"cliver",2.52816288319384
"4778",477.7,"Simu1","KET",200,"cliver",2.52457163099007
"4779",477.8,"Simu1","KET",200,"cliver",2.52102886997832
"4780",477.9,"Simu1","KET",200,"cliver",2.51753281224113
"4781",478,"Simu1","KET",200,"cliver",2.51408173902599
"4782",478.1,"Simu1","KET",200,"cliver",2.51067399806518
"4783",478.2,"Simu1","KET",200,"cliver",2.5073080009996
"4784",478.3,"Simu1","KET",200,"cliver",2.50398222090249
"4785",478.4,"Simu1","KET",200,"cliver",2.50069518989929
"4786",478.5,"Simu1","KET",200,"cliver",2.49744549687966
"4787",478.6,"Simu1","KET",200,"cliver",2.49423178529839
"4788",478.7,"Simu1","KET",200,"cliver",2.49105275106147
"4789",478.8,"Simu1","KET",200,"cliver",2.48790714049414
"4790",478.9,"Simu1","KET",200,"cliver",2.48479374838775
"4791",479,"Simu1","KET",200,"cliver",2.48171141612235
"4792",479.1,"Simu1","KET",200,"cliver",2.47865902986195
"4793",479.2,"Simu1","KET",200,"cliver",2.47563551881987
"4794",479.3,"Simu1","KET",200,"cliver",2.47263985359124
"4795",479.4,"Simu1","KET",200,"cliver",2.46967104455013
"4796",479.5,"Simu1","KET",200,"cliver",2.46672814030885
"4797",479.6,"Simu1","KET",200,"cliver",2.46381022623688
"4798",479.7,"Simu1","KET",200,"cliver",2.46091642303725
"4799",479.8,"Simu1","KET",200,"cliver",2.45804588537742
"4800",479.9,"Simu1","KET",200,"cliver",2.45519779889568
"4801",480,"Simu1","KET",200,"cliver",2.45670324192638
"4802",480.1,"Simu1","KET",200,"cliver",6.87580277383661
"4803",480.2,"Simu1","KET",200,"cliver",19.0996540283838
"4804",480.3,"Simu1","KET",200,"cliver",32.6684412926426
"4805",480.4,"Simu1","KET",200,"cliver",45.1309985811297
"4806",480.5,"Simu1","KET",200,"cliver",55.8258877054546
"4807",480.6,"Simu1","KET",200,"cliver",64.7012820502024
"4808",480.7,"Simu1","KET",200,"cliver",71.8987613192329
"4809",480.8,"Simu1","KET",200,"cliver",77.6084635230502
"4810",480.9,"Simu1","KET",200,"cliver",82.020288121525
"4811",481,"Simu1","KET",200,"cliver",85.3088293700278
"4812",481.1,"Simu1","KET",200,"cliver",87.630006229179
"4813",481.2,"Simu1","KET",200,"cliver",89.121499482583
"4814",481.3,"Simu1","KET",200,"cliver",89.9043442138495
"4815",481.4,"Simu1","KET",200,"cliver",90.084763742931
"4816",481.5,"Simu1","KET",200,"cliver",89.7557953854737
"4817",481.6,"Simu1","KET",200,"cliver",88.9990185472845
"4818",481.7,"Simu1","KET",200,"cliver",87.885464563544
"4819",481.8,"Simu1","KET",200,"cliver",86.4774421843365
"4820",481.9,"Simu1","KET",200,"cliver",84.8291821111078
"4821",482,"Simu1","KET",200,"cliver",82.9878000451913
"4822",482.1,"Simu1","KET",200,"cliver",80.9942689789077
"4823",482.2,"Simu1","KET",200,"cliver",78.8840174297481
"4824",482.3,"Simu1","KET",200,"cliver",76.6876368607962
"4825",482.4,"Simu1","KET",200,"cliver",74.4314148059242
"4826",482.5,"Simu1","KET",200,"cliver",72.1378840551954
"4827",482.6,"Simu1","KET",200,"cliver",69.8262929879638
"4828",482.7,"Simu1","KET",200,"cliver",67.5129524165166
"4829",482.8,"Simu1","KET",200,"cliver",65.2115819083464
"4830",482.9,"Simu1","KET",200,"cliver",62.9336577919857
"4831",483,"Simu1","KET",200,"cliver",60.6887066095531
"4832",483.1,"Simu1","KET",200,"cliver",58.4845445035474
"4833",483.2,"Simu1","KET",200,"cliver",56.3274884862482
"4834",483.3,"Simu1","KET",200,"cliver",54.2225538288164
"4835",483.4,"Simu1","KET",200,"cliver",52.1736337274992
"4836",483.5,"Simu1","KET",200,"cliver",50.1836549358598
"4837",483.6,"Simu1","KET",200,"cliver",48.2547113445959
"4838",483.7,"Simu1","KET",200,"cliver",46.3881818840177
"4839",483.8,"Simu1","KET",200,"cliver",44.5848364005514
"4840",483.9,"Simu1","KET",200,"cliver",42.8449295437512
"4841",484,"Simu1","KET",200,"cliver",41.1682824291817
"4842",484.1,"Simu1","KET",200,"cliver",39.5543534349776
"4843",484.2,"Simu1","KET",200,"cliver",38.0023001383706
"4844",484.3,"Simu1","KET",200,"cliver",36.5110337062795
"4845",484.4,"Simu1","KET",200,"cliver",35.079266309413
"4846",484.5,"Simu1","KET",200,"cliver",33.7055520692782
"4847",484.6,"Simu1","KET",200,"cliver",32.388322309367
"4848",484.7,"Simu1","KET",200,"cliver",31.1259159325177
"4849",484.8,"Simu1","KET",200,"cliver",29.9166055522432
"4850",484.9,"Simu1","KET",200,"cliver",28.7586198283889
"4851",485,"Simu1","KET",200,"cliver",27.6501623895455
"4852",485.1,"Simu1","KET",200,"cliver",26.5894278164573
"4853",485.2,"Simu1","KET",200,"cliver",25.574615053505
"4854",485.3,"Simu1","KET",200,"cliver",24.6039385836537
"4855",485.4,"Simu1","KET",200,"cliver",23.675637642681
"4856",485.5,"Simu1","KET",200,"cliver",22.7879837245285
"4857",485.6,"Simu1","KET",200,"cliver",21.9392866094103
"4858",485.7,"Simu1","KET",200,"cliver",21.1278991199671
"4859",485.8,"Simu1","KET",200,"cliver",20.352220782309
"4860",485.9,"Simu1","KET",200,"cliver",19.6107005457352
"4861",486,"Simu1","KET",200,"cliver",18.9018386977849
"4862",486.1,"Simu1","KET",200,"cliver",18.2241880962155
"4863",486.2,"Simu1","KET",200,"cliver",17.5763548244047
"4864",486.3,"Simu1","KET",200,"cliver",16.9569983623745
"4865",486.4,"Simu1","KET",200,"cliver",16.3648313535196
"4866",486.5,"Simu1","KET",200,"cliver",15.7986190370353
"4867",486.6,"Simu1","KET",200,"cliver",15.2571784070859
"4868",486.7,"Simu1","KET",200,"cliver",14.7393771515223
"4869",486.8,"Simu1","KET",200,"cliver",14.2441324155309
"4870",486.9,"Simu1","KET",200,"cliver",13.77040942923
"4871",487,"Simu1","KET",200,"cliver",13.3172200321892
"4872",487.1,"Simu1","KET",200,"cliver",12.8836211243787
"4873",487.2,"Simu1","KET",200,"cliver",12.4687130671409
"4874",487.3,"Simu1","KET",200,"cliver",12.0716380546993
"4875",487.4,"Simu1","KET",200,"cliver",11.6915784734027
"4876",487.5,"Simu1","KET",200,"cliver",11.3277552631172
"4877",487.6,"Simu1","KET",200,"cliver",10.9794262926129
"4878",487.7,"Simu1","KET",200,"cliver",10.6458847585928
"4879",487.8,"Simu1","KET",200,"cliver",10.3264576161575
"4880",487.9,"Simu1","KET",200,"cliver",10.020504046942
"4881",488,"Simu1","KET",200,"cliver",9.72741396979043
"4882",488.1,"Simu1","KET",200,"cliver",9.44660659763875
"4883",488.2,"Simu1","KET",200,"cliver",9.17752904327376
"4884",488.3,"Simu1","KET",200,"cliver",8.91965497578222
"4885",488.4,"Simu1","KET",200,"cliver",8.67248332880113
"4886",488.5,"Simu1","KET",200,"cliver",8.43553706108101
"4887",488.6,"Simu1","KET",200,"cliver",8.20836196936702
"4888",488.7,"Simu1","KET",200,"cliver",7.9905255531972
"4889",488.8,"Simu1","KET",200,"cliver",7.78161593087212
"4890",488.9,"Simu1","KET",200,"cliver",7.5812408055788
"4891",489,"Simu1","KET",200,"cliver",7.38902648051019
"4892",489.1,"Simu1","KET",200,"cliver",7.20461692146326
"4893",489.2,"Simu1","KET",200,"cliver",7.02767286548114
"4894",489.3,"Simu1","KET",200,"cliver",6.85787097392011
"4895",489.4,"Simu1","KET",200,"cliver",6.69490302826784
"4896",489.5,"Simu1","KET",200,"cliver",6.53847516699162
"4897",489.6,"Simu1","KET",200,"cliver",6.38830716168505
"4898",489.7,"Simu1","KET",200,"cliver",6.24413173079419
"4899",489.8,"Simu1","KET",200,"cliver",6.10569388921132
"4900",489.9,"Simu1","KET",200,"cliver",5.97275033204923
"4901",490,"Simu1","KET",200,"cliver",5.84506885094281
"4902",490.1,"Simu1","KET",200,"cliver",5.72242778126645
"4903",490.2,"Simu1","KET",200,"cliver",5.60461547870924
"4904",490.3,"Simu1","KET",200,"cliver",5.49142982369731
"4905",490.4,"Simu1","KET",200,"cliver",5.38267775220993
"4906",490.5,"Simu1","KET",200,"cliver",5.27817481159262
"4907",490.6,"Simu1","KET",200,"cliver",5.1777447400273
"4908",490.7,"Simu1","KET",200,"cliver",5.08121906838198
"4909",490.8,"Simu1","KET",200,"cliver",4.98843674321704
"4910",490.9,"Simu1","KET",200,"cliver",4.89924376978469
"4911",491,"Simu1","KET",200,"cliver",4.81349287392757
"4912",491.1,"Simu1","KET",200,"cliver",4.73104318180371
"4913",491.2,"Simu1","KET",200,"cliver",4.65175991645865
"4914",491.3,"Simu1","KET",200,"cliver",4.57551411029925
"4915",491.4,"Simu1","KET",200,"cliver",4.50218233257703
"4916",491.5,"Simu1","KET",200,"cliver",4.43164643103565
"4917",491.6,"Simu1","KET",200,"cliver",4.36379328692431
"4918",491.7,"Simu1","KET",200,"cliver",4.29851458262716
"4919",491.8,"Simu1","KET",200,"cliver",4.23570658119876
"4920",491.9,"Simu1","KET",200,"cliver",4.17526991713662
"4921",492,"Simu1","KET",200,"cliver",4.11710939776073
"4922",492.1,"Simu1","KET",200,"cliver",4.06113381460514
"4923",492.2,"Simu1","KET",200,"cliver",4.00725576426382
"4924",492.3,"Simu1","KET",200,"cliver",3.95539147816393
"4925",492.4,"Simu1","KET",200,"cliver",3.90546066077133
"4926",492.5,"Simu1","KET",200,"cliver",3.85738633576264
"4927",492.6,"Simu1","KET",200,"cliver",3.81109469972476
"4928",492.7,"Simu1","KET",200,"cliver",3.76651498297028
"4929",492.8,"Simu1","KET",200,"cliver",3.72357931708017
"4930",492.9,"Simu1","KET",200,"cliver",3.68222260880891
"4931",493,"Simu1","KET",200,"cliver",3.64238242001075
"4932",493.1,"Simu1","KET",200,"cliver",3.60399885326044
"4933",493.2,"Simu1","KET",200,"cliver",3.56701444286754
"4934",493.3,"Simu1","KET",200,"cliver",3.53137405099776
"4935",493.4,"Simu1","KET",200,"cliver",3.49702476863255
"4936",493.5,"Simu1","KET",200,"cliver",3.46391582111355
"4937",493.6,"Simu1","KET",200,"cliver",3.43199847803315
"4938",493.7,"Simu1","KET",200,"cliver",3.40122596724725
"4939",493.8,"Simu1","KET",200,"cliver",3.37155339279859
"4940",493.9,"Simu1","KET",200,"cliver",3.34293765655141
"4941",494,"Simu1","KET",200,"cliver",3.31533738335
"4942",494.1,"Simu1","KET",200,"cliver",3.28871284952352
"4943",494.2,"Simu1","KET",200,"cliver",3.26302591457084
"4944",494.3,"Simu1","KET",200,"cliver",3.23823995586745
"4945",494.4,"Simu1","KET",200,"cliver",3.21431980624589
"4946",494.5,"Simu1","KET",200,"cliver",3.19123169430973
"4947",494.6,"Simu1","KET",200,"cliver",3.16894318734787
"4948",494.7,"Simu1","KET",200,"cliver",3.14742313672469
"4949",494.8,"Simu1","KET",200,"cliver",3.12664162562703
"4950",494.9,"Simu1","KET",200,"cliver",3.10656991905638
"4951",495,"Simu1","KET",200,"cliver",3.08718041596063
"4952",495.1,"Simu1","KET",200,"cliver",3.06844660340438
"4953",495.2,"Simu1","KET",200,"cliver",3.05034301268357
"4954",495.3,"Simu1","KET",200,"cliver",3.03284517729431
"4955",495.4,"Simu1","KET",200,"cliver",3.0159295926707
"4956",495.5,"Simu1","KET",200,"cliver",2.99957367761106
"4957",495.6,"Simu1","KET",200,"cliver",2.98375573731552
"4958",495.7,"Simu1","KET",200,"cliver",2.96845492796282
"4959",495.8,"Simu1","KET",200,"cliver",2.95365122275689
"4960",495.9,"Simu1","KET",200,"cliver",2.93932537937795
"4961",496,"Simu1","KET",200,"cliver",2.92545890877576
"4962",496.1,"Simu1","KET",200,"cliver",2.91203404524584
"4963",496.2,"Simu1","KET",200,"cliver",2.89903371773249
"4964",496.3,"Simu1","KET",200,"cliver",2.88644152230498
"4965",496.4,"Simu1","KET",200,"cliver",2.87424169575608
"4966",496.5,"Simu1","KET",200,"cliver",2.86241909027441
"4967",496.6,"Simu1","KET",200,"cliver",2.85095914914444
"4968",496.7,"Simu1","KET",200,"cliver",2.83984788343026
"4969",496.8,"Simu1","KET",200,"cliver",2.82907184960103
"4970",496.9,"Simu1","KET",200,"cliver",2.81861812805828
"4971",497,"Simu1","KET",200,"cliver",2.80847430252709
"4972",497.1,"Simu1","KET",200,"cliver",2.7986284402745
"4973",497.2,"Simu1","KET",200,"cliver",2.78906907312064
"4974",497.3,"Simu1","KET",200,"cliver",2.7797851792096
"4975",497.4,"Simu1","KET",200,"cliver",2.77076616550814
"4976",497.5,"Simu1","KET",200,"cliver",2.76200185100234
"4977",497.6,"Simu1","KET",200,"cliver",2.75348245056312
"4978",497.7,"Simu1","KET",200,"cliver",2.74519855945321
"4979",497.8,"Simu1","KET",200,"cliver",2.73714113844916
"4980",497.9,"Simu1","KET",200,"cliver",2.72930149955317
"4981",498,"Simu1","KET",200,"cliver",2.72167129227075
"4982",498.1,"Simu1","KET",200,"cliver",2.71424249043102
"4983",498.2,"Simu1","KET",200,"cliver",2.70700737952774
"4984",498.3,"Simu1","KET",200,"cliver",2.6999585445598
"4985",498.4,"Simu1","KET",200,"cliver",2.69308885835117
"4986",498.5,"Simu1","KET",200,"cliver",2.68639147033076
"4987",498.6,"Simu1","KET",200,"cliver",2.6798597957538
"4988",498.7,"Simu1","KET",200,"cliver",2.67348750534699
"4989",498.8,"Simu1","KET",200,"cliver",2.66726851536029
"4990",498.9,"Simu1","KET",200,"cliver",2.66119697800931
"4991",499,"Simu1","KET",200,"cliver",2.65526727229244
"4992",499.1,"Simu1","KET",200,"cliver",2.64947399516789
"4993",499.2,"Simu1","KET",200,"cliver",2.64381195307639
"4994",499.3,"Simu1","KET",200,"cliver",2.63827615379553
"4995",499.4,"Simu1","KET",200,"cliver",2.63286179861288
"4996",499.5,"Simu1","KET",200,"cliver",2.62756427480508
"4997",499.6,"Simu1","KET",200,"cliver",2.62237914841071
"4998",499.7,"Simu1","KET",200,"cliver",2.61730215728553
"4999",499.8,"Simu1","KET",200,"cliver",2.61232920442872
"5000",499.9,"Simu1","KET",200,"cliver",2.60745635156956
"5001",500,"Simu1","KET",200,"cliver",2.60267981300425
"5002",500.1,"Simu1","KET",200,"cliver",2.59799594967289
"5003",500.2,"Simu1","KET",200,"cliver",2.59340126346742
"5004",500.3,"Simu1","KET",200,"cliver",2.58889239176123
"5005",500.4,"Simu1","KET",200,"cliver",2.58446610215173
"5006",500.5,"Simu1","KET",200,"cliver",2.5801192874077
"5007",500.6,"Simu1","KET",200,"cliver",2.5758489606132
"5008",500.7,"Simu1","KET",200,"cliver",2.57165225050046
"5009",500.8,"Simu1","KET",200,"cliver",2.56752639696423
"5010",500.9,"Simu1","KET",200,"cliver",2.56346874675057
"5011",501,"Simu1","KET",200,"cliver",2.55947674931334
"5012",501.1,"Simu1","KET",200,"cliver",2.55554795283156
"5013",501.2,"Simu1","KET",200,"cliver",2.55168000038165
"5014",501.3,"Simu1","KET",200,"cliver",2.54787062625835
"5015",501.4,"Simu1","KET",200,"cliver",2.54411765243851
"5016",501.5,"Simu1","KET",200,"cliver",2.54041898518225
"5017",501.6,"Simu1","KET",200,"cliver",2.53677261176604
"5018",501.7,"Simu1","KET",200,"cliver",2.53317659734269
"5019",501.8,"Simu1","KET",200,"cliver",2.52962908192312
"5020",501.9,"Simu1","KET",200,"cliver",2.52612827747533
"5021",502,"Simu1","KET",200,"cliver",2.52267246513595
"5022",502.1,"Simu1","KET",200,"cliver",2.51925999252995
"5023",502.2,"Simu1","KET",200,"cliver",2.51588927119433
"5024",502.3,"Simu1","KET",200,"cliver",2.51255877410179
"5025",502.4,"Simu1","KET",200,"cliver",2.50926703328039
"5026",502.5,"Simu1","KET",200,"cliver",2.50601263752556
"5027",502.6,"Simu1","KET",200,"cliver",2.50279423020085
"5028",502.7,"Simu1","KET",200,"cliver",2.49961050712392
"5029",502.8,"Simu1","KET",200,"cliver",2.49646021453451
"5030",502.9,"Simu1","KET",200,"cliver",2.49334214714119
"5031",503,"Simu1","KET",200,"cliver",2.49025514624382
"5032",503.1,"Simu1","KET",200,"cliver",2.48719809792883
"5033",503.2,"Simu1","KET",200,"cliver",2.4841699313344
"5034",503.3,"Simu1","KET",200,"cliver",2.48116961698289
"5035",503.4,"Simu1","KET",200,"cliver",2.47819616517792
"5036",503.5,"Simu1","KET",200,"cliver",2.47524862446359
"5037",503.6,"Simu1","KET",200,"cliver",2.47232608014329
"5038",503.7,"Simu1","KET",200,"cliver",2.4694276528561
"5039",503.8,"Simu1","KET",200,"cliver",2.46655249720846
"5040",503.9,"Simu1","KET",200,"cliver",2.4636998005841
"5041",504,"Simu1","KET",200,"cliver",2.46520072989876
"5042",504.1,"Simu1","KET",200,"cliver",6.88430220098972
"5043",504.2,"Simu1","KET",200,"cliver",19.1081612563352
"5044",504.3,"Simu1","KET",200,"cliver",32.6769610012594
"5045",504.4,"Simu1","KET",200,"cliver",45.1395379104531
"5046",504.5,"Simu1","KET",200,"cliver",55.8344530590027
"5047",504.6,"Simu1","KET",200,"cliver",64.7098783128267
"5048",504.7,"Simu1","KET",200,"cliver",71.9073919004299
"5049",504.8,"Simu1","KET",200,"cliver",77.617130437961
"5050",504.9,"Simu1","KET",200,"cliver",82.0289884461964
"5051",505,"Simu1","KET",200,"cliver",85.3175716414216
"5052",505.1,"Simu1","KET",200,"cliver",87.6388106509371
"5053",505.2,"Simu1","KET",200,"cliver",89.1303381137583
"5054",505.3,"Simu1","KET",200,"cliver",89.9132167308928
"5055",505.4,"Simu1","KET",200,"cliver",90.0936384144335
"5056",505.5,"Simu1","KET",200,"cliver",89.7647118975
"5057",505.6,"Simu1","KET",200,"cliver",89.0078630824148
"5058",505.7,"Simu1","KET",200,"cliver",87.8942584894839
"5059",505.8,"Simu1","KET",200,"cliver",86.4862480667124
"5060",505.9,"Simu1","KET",200,"cliver",84.8380935012459
"5061",506,"Simu1","KET",200,"cliver",82.9967624958222
"5062",506.1,"Simu1","KET",200,"cliver",81.0032428134276
"5063",506.2,"Simu1","KET",200,"cliver",78.8930118066767
"5064",506.3,"Simu1","KET",200,"cliver",76.6966514026298
"5065",506.4,"Simu1","KET",200,"cliver",74.4404599615008
"5066",506.5,"Simu1","KET",200,"cliver",72.1469552196611
"5067",506.6,"Simu1","KET",200,"cliver",69.8353615856158
"5068",506.7,"Simu1","KET",200,"cliver",67.5220129788787
"5069",506.8,"Simu1","KET",200,"cliver",65.2206447740097
"5070",506.9,"Simu1","KET",200,"cliver",62.9427260846438
"5071",507,"Simu1","KET",200,"cliver",60.697774988713
"5072",507.1,"Simu1","KET",200,"cliver",58.4936065857597
"5073",507.2,"Simu1","KET",200,"cliver",56.3365425017714
"5074",507.3,"Simu1","KET",200,"cliver",54.2316008719331
"5075",507.4,"Simu1","KET",200,"cliver",52.1826738602818
"5076",507.5,"Simu1","KET",200,"cliver",50.1926863184778
"5077",507.6,"Simu1","KET",200,"cliver",48.2637319395085
"5078",507.7,"Simu1","KET",200,"cliver",46.3971907033538
"5079",507.8,"Simu1","KET",200,"cliver",44.5938331501504
"5080",507.9,"Simu1","KET",200,"cliver",42.8539137811045
"5081",508,"Simu1","KET",200,"cliver",41.1772533657169
"5082",508.1,"Simu1","KET",200,"cliver",39.5633102940374
"5083",508.2,"Simu1","KET",200,"cliver",38.0112424186225
"5084",508.3,"Simu1","KET",200,"cliver",36.5199611240573
"5085",508.4,"Simu1","KET",200,"cliver",35.0881790036763
"5086",508.5,"Simu1","KET",200,"cliver",33.7144500470513
"5087",508.6,"Simu1","KET",200,"cliver",32.3972051058551
"5088",508.7,"Simu1","KET",200,"cliver",31.1347830518643
"5089",508.8,"Simu1","KET",200,"cliver",29.9254567794064
"5090",508.9,"Simu1","KET",200,"cliver",28.7674550161636
"5091",509,"Simu1","KET",200,"cliver",27.658981322932
"5092",509.1,"Simu1","KET",200,"cliver",26.598230386452
"5093",509.2,"Simu1","KET",200,"cliver",25.5834012714953
"5094",509.3,"Simu1","KET",200,"cliver",24.6127085021233
"5095",509.4,"Simu1","KET",200,"cliver",23.684391293837
"5096",509.5,"Simu1","KET",200,"cliver",22.7967211664675
"5097",509.6,"Simu1","KET",200,"cliver",21.9480079360404
"5098",509.7,"Simu1","KET",200,"cliver",21.1366044589113
"5099",509.8,"Simu1","KET",200,"cliver",20.3609103217612
"5100",509.9,"Simu1","KET",200,"cliver",19.6193745421329
"5101",510,"Simu1","KET",200,"cliver",18.9104972937665
"5102",510.1,"Simu1","KET",200,"cliver",18.2328313723045
"5103",510.2,"Simu1","KET",200,"cliver",17.5849828679996
"5104",510.3,"Simu1","KET",200,"cliver",16.9656112974987
"5105",510.4,"Simu1","KET",200,"cliver",16.3734293210922
"5106",510.5,"Simu1","KET",200,"cliver",15.8072021863583
"5107",510.6,"Simu1","KET",200,"cliver",15.2657468869575
"5108",510.7,"Simu1","KET",200,"cliver",14.7479311255741
"5109",510.8,"Simu1","KET",200,"cliver",14.252672068596
"5110",510.9,"Simu1","KET",200,"cliver",13.778934965903
"5111",511,"Simu1","KET",200,"cliver",13.3257316705825
"5112",511.1,"Simu1","KET",200,"cliver",12.892119101036
"5113",511.2,"Simu1","KET",200,"cliver",12.4771976272852
"5114",511.3,"Simu1","KET",200,"cliver",12.0801094426611
"5115",511.4,"Simu1","KET",200,"cliver",11.7000369334093
"5116",511.5,"Simu1","KET",200,"cliver",11.336201039142
"5117",511.6,"Simu1","KET",200,"cliver",10.9878596281039
"5118",511.7,"Simu1","KET",200,"cliver",10.6543058952946
"5119",511.8,"Simu1","KET",200,"cliver",10.3348667943254
"5120",511.9,"Simu1","KET",200,"cliver",10.0289015074829
"5121",512,"Simu1","KET",200,"cliver",9.73579994547672
"5122",512.1,"Simu1","KET",200,"cliver",9.45498131411419
"5123",512.2,"Simu1","KET",200,"cliver",9.18589280451375
"5124",512.3,"Simu1","KET",200,"cliver",8.92800818562641
"5125",512.4,"Simu1","KET",200,"cliver",8.68082629683884
"5126",512.5,"Simu1","KET",200,"cliver",8.44386991641058
"5127",512.6,"Simu1","KET",200,"cliver",8.21668478482248
"5128",512.7,"Simu1","KET",200,"cliver",7.99883846771857
"5129",512.8,"Simu1","KET",200,"cliver",7.78991913271279
"5130",512.9,"Simu1","KET",200,"cliver",7.58953442911836
"5131",513,"Simu1","KET",200,"cliver",7.39731060403924
"5132",513.1,"Simu1","KET",200,"cliver",7.21289164412355
"5133",513.2,"Simu1","KET",200,"cliver",7.0359383326976
"5134",513.3,"Simu1","KET",200,"cliver",6.86612735358648
"5135",513.4,"Simu1","KET",200,"cliver",6.70315048486759
"5136",513.5,"Simu1","KET",200,"cliver",6.54671385343589
"5137",513.6,"Simu1","KET",200,"cliver",6.39653722255894
"5138",513.7,"Simu1","KET",200,"cliver",6.25235330662637
"5139",513.8,"Simu1","KET",200,"cliver",6.11390715707319
"5140",513.9,"Simu1","KET",200,"cliver",5.98095551388748
"5141",514,"Simu1","KET",200,"cliver",5.8532661208874
"5142",514.1,"Simu1","KET",200,"cliver",5.73061722821873
"5143",514.2,"Simu1","KET",200,"cliver",5.61279716505185
"5144",514.3,"Simu1","KET",200,"cliver",5.49960384289616
"5145",514.4,"Simu1","KET",200,"cliver",5.39084422434332
"5146",514.5,"Simu1","KET",200,"cliver",5.28633385120775
"5147",514.6,"Simu1","KET",200,"cliver",5.18589644406911
"5148",514.7,"Simu1","KET",200,"cliver",5.0893635270076
"5149",514.8,"Simu1","KET",200,"cliver",4.99657405021921
"5150",514.9,"Simu1","KET",200,"cliver",4.9073740213478
"5151",515,"Simu1","KET",200,"cliver",4.82161616279508
"5152",515.1,"Simu1","KET",200,"cliver",4.73915959553214
"5153",515.2,"Simu1","KET",200,"cliver",4.65986953972042
"5154",515.3,"Simu1","KET",200,"cliver",4.58361702678971
"5155",515.4,"Simu1","KET",200,"cliver",4.510278624687
"5156",515.5,"Simu1","KET",200,"cliver",4.4397361787928
"5157",515.6,"Simu1","KET",200,"cliver",4.37187656777067
"5158",515.7,"Simu1","KET",200,"cliver",4.30659147191602
"5159",515.8,"Simu1","KET",200,"cliver",4.24377715256454
"5160",515.9,"Simu1","KET",200,"cliver",4.18333424244349
"5161",516,"Simu1","KET",200,"cliver",4.12516754693893
"5162",516.1,"Simu1","KET",200,"cliver",4.06918585565566
"5163",516.2,"Simu1","KET",200,"cliver",4.01530176339143
"5164",516.3,"Simu1","KET",200,"cliver",3.96343149987451
"5165",516.4,"Simu1","KET",200,"cliver",3.91349476788975
"5166",516.5,"Simu1","KET",200,"cliver",3.86541458943409
"5167",516.6,"Simu1","KET",200,"cliver",3.81911715945004
"5168",516.7,"Simu1","KET",200,"cliver",3.77453170666234
"5169",516.8,"Simu1","KET",200,"cliver",3.73159036111212
"5170",516.9,"Simu1","KET",200,"cliver",3.69022802804716
"5171",517,"Simu1","KET",200,"cliver",3.65038226784416
"5172",517.1,"Simu1","KET",200,"cliver",3.61199318163669
"5173",517.2,"Simu1","KET",200,"cliver",3.57500330233264
"5174",517.3,"Simu1","KET",200,"cliver",3.53935749073318
"5175",517.4,"Simu1","KET",200,"cliver",3.50500283648897
"5176",517.5,"Simu1","KET",200,"cliver",3.47188856364344
"5177",517.6,"Simu1","KET",200,"cliver",3.4399659405244
"5178",517.7,"Simu1","KET",200,"cliver",3.40918819375673
"5179",517.8,"Simu1","KET",200,"cliver",3.37951042618466
"5180",517.9,"Simu1","KET",200,"cliver",3.35088953850547
"5181",518,"Simu1","KET",200,"cliver",3.32328415442704
"5182",518.1,"Simu1","KET",200,"cliver",3.29665454917259
"5183",518.2,"Simu1","KET",200,"cliver",3.27096258116519
"5184",518.3,"Simu1","KET",200,"cliver",3.24617162673366
"5185",518.4,"Simu1","KET",200,"cliver",3.22224651769242
"5186",518.5,"Simu1","KET",200,"cliver",3.19915348165455
"5187",518.6,"Simu1","KET",200,"cliver",3.17686008494598
"5188",518.7,"Simu1","KET",200,"cliver",3.15533517799479
"5189",518.8,"Simu1","KET",200,"cliver",3.13454884307768
"5190",518.9,"Simu1","KET",200,"cliver",3.11447234431158
"5191",519,"Simu1","KET",200,"cliver",3.09507807978452
"5192",519.1,"Simu1","KET",200,"cliver",3.07633953572564
"5193",519.2,"Simu1","KET",200,"cliver",3.0582312426192
"5194",519.3,"Simu1","KET",200,"cliver",3.04072873317284
"5195",519.4,"Simu1","KET",200,"cliver",3.02380850205486
"5196",519.5,"Simu1","KET",200,"cliver",3.00744796731968
"5197",519.6,"Simu1","KET",200,"cliver",2.99162543344521
"5198",519.7,"Simu1","KET",200,"cliver",2.97632005590882
"5199",519.8,"Simu1","KET",200,"cliver",2.9615118072336
"5200",519.9,"Simu1","KET",200,"cliver",2.94718144443882
"5201",520,"Simu1","KET",200,"cliver",2.93331047783264
"5202",520.1,"Simu1","KET",200,"cliver",2.91988114108792
"5203",520.2,"Simu1","KET",200,"cliver",2.90687636254474
"5204",520.3,"Simu1","KET",200,"cliver",2.89427973768605
"5205",520.4,"Simu1","KET",200,"cliver",2.88207550273574
"5206",520.5,"Simu1","KET",200,"cliver",2.87024850933049
"5207",520.6,"Simu1","KET",200,"cliver",2.8587842002194
"5208",520.7,"Simu1","KET",200,"cliver",2.8476685859472
"5209",520.8,"Simu1","KET",200,"cliver",2.83688822247934
"5210",520.9,"Simu1","KET",200,"cliver",2.82643018972889
"5211",521,"Simu1","KET",200,"cliver",2.81628207094717
"5212",521.1,"Simu1","KET",200,"cliver",2.80643193294183
"5213",521.2,"Simu1","KET",200,"cliver",2.79686830708763
"5214",521.3,"Simu1","KET",200,"cliver",2.78758017109682
"5215",521.4,"Simu1","KET",200,"cliver",2.77855693151753
"5216",521.5,"Simu1","KET",200,"cliver",2.76978840693
"5217",521.6,"Simu1","KET",200,"cliver",2.76126481181179
"5218",521.7,"Simu1","KET",200,"cliver",2.75297674104434
"5219",521.8,"Simu1","KET",200,"cliver",2.74491515503465
"5220",521.9,"Simu1","KET",200,"cliver",2.7370713654268
"5221",522,"Simu1","KET",200,"cliver",2.72943702137922
"5222",522.1,"Simu1","KET",200,"cliver",2.72200409638472
"5223",522.2,"Simu1","KET",200,"cliver",2.71476487561116
"5224",522.3,"Simu1","KET",200,"cliver",2.70771194374172
"5225",522.4,"Simu1","KET",200,"cliver",2.70083817329444
"5226",522.5,"Simu1","KET",200,"cliver",2.69413671340184
"5227",522.6,"Simu1","KET",200,"cliver",2.68760097903203
"5228",522.7,"Simu1","KET",200,"cliver",2.68122464063356
"5229",522.8,"Simu1","KET",200,"cliver",2.67500161418697
"5230",522.9,"Simu1","KET",200,"cliver",2.6689260516469
"5231",523,"Simu1","KET",200,"cliver",2.66299233175893
"5232",523.1,"Simu1","KET",200,"cliver",2.65719505123646
"5233",523.2,"Simu1","KET",200,"cliver",2.65152901628308
"5234",523.3,"Simu1","KET",200,"cliver",2.64598923444675
"5235",523.4,"Simu1","KET",200,"cliver",2.64057090679264
"5236",523.5,"Simu1","KET",200,"cliver",2.63526942038199
"5237",523.6,"Simu1","KET",200,"cliver",2.63008034104485
"5238",523.7,"Simu1","KET",200,"cliver",2.624999406435
"5239",523.8,"Simu1","KET",200,"cliver",2.62002251935608
"5240",523.9,"Simu1","KET",200,"cliver",2.61514574134804
"5241",524,"Simu1","KET",200,"cliver",2.61036528652368
"5242",524.1,"Simu1","KET",200,"cliver",2.60567751564564
"5243",524.2,"Simu1","KET",200,"cliver",2.60107893043397
"5244",524.3,"Simu1","KET",200,"cliver",2.59656616809565
"5245",524.4,"Simu1","KET",200,"cliver",2.59213599606701
"5246",524.5,"Simu1","KET",200,"cliver",2.58778530696084
"5247",524.6,"Simu1","KET",200,"cliver",2.58351111371024
"5248",524.7,"Simu1","KET",200,"cliver",2.57931054490123
"5249",524.8,"Simu1","KET",200,"cliver",2.57518084028705
"5250",524.9,"Simu1","KET",200,"cliver",2.57111934647681
"5251",525,"Simu1","KET",200,"cliver",2.56712351279171
"5252",525.1,"Simu1","KET",200,"cliver",2.5631908872824
"5253",525.2,"Simu1","KET",200,"cliver",2.55931911290105
"5254",525.3,"Simu1","KET",200,"cliver",2.55550592382209
"5255",525.4,"Simu1","KET",200,"cliver",2.55174914190591
"5256",525.5,"Simu1","KET",200,"cliver",2.54804667329991
"5257",525.6,"Simu1","KET",200,"cliver",2.54439650517146
"5258",525.7,"Simu1","KET",200,"cliver",2.54079670256772
"5259",525.8,"Simu1","KET",200,"cliver",2.53724540539737
"5260",525.9,"Simu1","KET",200,"cliver",2.53374082552944
"5261",526,"Simu1","KET",200,"cliver",2.53028124400475
"5262",526.1,"Simu1","KET",200,"cliver",2.52686500835553
"5263",526.2,"Simu1","KET",200,"cliver",2.523490530029
"5264",526.3,"Simu1","KET",200,"cliver",2.52015628191095
"5265",526.4,"Simu1","KET",200,"cliver",2.51686079594532
"5266",526.5,"Simu1","KET",200,"cliver",2.5136026608461
"5267",526.6,"Simu1","KET",200,"cliver",2.51038051989801
"5268",526.7,"Simu1","KET",200,"cliver",2.50719306884238
"5269",526.8,"Simu1","KET",200,"cliver",2.50403905384507
"5270",526.9,"Simu1","KET",200,"cliver",2.50091726954313
"5271",527,"Simu1","KET",200,"cliver",2.49782655716717
"5272",527.1,"Simu1","KET",200,"cliver",2.49476580273657
"5273",527.2,"Simu1","KET",200,"cliver",2.49173393532461
"5274",527.3,"Simu1","KET",200,"cliver",2.48872992539081
"5275",527.4,"Simu1","KET",200,"cliver",2.48575278317795
"5276",527.5,"Simu1","KET",200,"cliver",2.48280155717118
"5277",527.6,"Simu1","KET",200,"cliver",2.47987533261688
"5278",527.7,"Simu1","KET",200,"cliver",2.47697323009887
"5279",527.8,"Simu1","KET",200,"cliver",2.47409440416981
"5280",527.9,"Simu1","KET",200,"cliver",2.47123804219505
"5281",528,"Simu1","KET",200,"cliver",2.4727352692536
"5282",528.1,"Simu1","KET",200,"cliver",6.89182387526214
"5283",528.2,"Simu1","KET",200,"cliver",19.1156406342141
"5284",528.3,"Simu1","KET",200,"cliver",32.6843989751673
"5285",528.4,"Simu1","KET",200,"cliver",45.1469456983567
"5286",528.5,"Simu1","KET",200,"cliver",55.8418431216506
"5287",528.6,"Simu1","KET",200,"cliver",64.7172619998253
"5288",528.7,"Simu1","KET",200,"cliver",71.9147784073292
"5289",528.8,"Simu1","KET",200,"cliver",77.6245271794959
"5290",528.9,"Simu1","KET",200,"cliver",82.036402168449
"5291",529,"Simu1","KET",200,"cliver",85.3250029849809
"5292",529.1,"Simu1","KET",200,"cliver",87.6462397781207
"5293",529.2,"Simu1","KET",200,"cliver",89.1377938198311
"5294",529.3,"Simu1","KET",200,"cliver",89.9207072929306
"5295",529.4,"Simu1","KET",200,"cliver",90.1011813250794
"5296",529.5,"Simu1","KET",200,"cliver",89.7722300765384
"5297",529.6,"Simu1","KET",200,"cliver",89.0154419197167
"5298",529.7,"Simu1","KET",200,"cliver",87.9019808674592
"5299",529.8,"Simu1","KET",200,"cliver",86.4940178467161
"5300",529.9,"Simu1","KET",200,"cliver",84.8457993244955
"5301",530,"Simu1","KET",200,"cliver",83.0044726106071
"5302",530.1,"Simu1","KET",200,"cliver",81.0109693795823
"5303",530.2,"Simu1","KET",200,"cliver",78.9007148896632
"5304",530.3,"Simu1","KET",200,"cliver",76.7043329999029
"5305",530.4,"Simu1","KET",200,"cliver",74.448144482579
"5306",530.5,"Simu1","KET",200,"cliver",72.1546691663121
"5307",530.6,"Simu1","KET",200,"cliver",69.8431137410119
"5308",530.7,"Simu1","KET",200,"cliver",67.5297815599304
"5309",530.8,"Simu1","KET",200,"cliver",65.2284150568256
"5310",530.9,"Simu1","KET",200,"cliver",62.9505030424949
"5311",531,"Simu1","KET",200,"cliver",60.7055654061433
"5312",531.1,"Simu1","KET",200,"cliver",58.5014093101373
"5313",531.2,"Simu1","KET",200,"cliver",56.3443516991798
"5314",531.3,"Simu1","KET",200,"cliver",54.2394127265295
"5315",531.4,"Simu1","KET",200,"cliver",52.1904878992815
"5316",531.5,"Simu1","KET",200,"cliver",50.2005026478291
"5317",531.6,"Simu1","KET",200,"cliver",48.2715493626577
"5318",531.7,"Simu1","KET",200,"cliver",46.4050072764709
"5319",531.8,"Simu1","KET",200,"cliver",44.6016473659496
"5320",531.9,"Simu1","KET",200,"cliver",42.8617248072299
"5321",532,"Simu1","KET",200,"cliver",41.1850605504397
"5322",532.1,"Simu1","KET",200,"cliver",39.5711128221392
"5323",532.2,"Simu1","KET",200,"cliver",38.0190394009823
"5324",532.3,"Simu1","KET",200,"cliver",36.5277517834818
"5325",532.4,"Simu1","KET",200,"cliver",35.0959623290575
"5326",532.5,"Simu1","KET",200,"cliver",33.7222252151751
"5327",532.6,"Simu1","KET",200,"cliver",32.4049718334096
"5328",532.7,"Simu1","KET",200,"cliver",31.1425411979709
"5329",532.8,"Simu1","KET",200,"cliver",29.933206049649
"5330",532.9,"Simu1","KET",200,"cliver",28.775195140121
"5331",533,"Simu1","KET",200,"cliver",27.6667121737
"5332",533.1,"Simu1","KET",200,"cliver",26.6059518038472
"5333",533.2,"Simu1","KET",200,"cliver",25.5911130492724
"5334",533.3,"Simu1","KET",200,"cliver",24.620410460726
"5335",533.4,"Simu1","KET",200,"cliver",23.692083331003
"5336",533.5,"Simu1","KET",200,"cliver",22.8044032034598
"5337",533.6,"Simu1","KET",200,"cliver",21.9556799041987
"5338",533.7,"Simu1","KET",200,"cliver",21.1442662987002
"5339",533.8,"Simu1","KET",200,"cliver",20.3685619513565
"5340",533.9,"Simu1","KET",200,"cliver",19.6270158446978
"5341",534,"Simu1","KET",200,"cliver",18.9181282953851
"5342",534.1,"Simu1","KET",200,"cliver",18.2404521871942
"5343",534.2,"Simu1","KET",200,"cliver",17.5925936266538
"5344",534.3,"Simu1","KET",200,"cliver",16.9732121139555
"5345",534.4,"Simu1","KET",200,"cliver",16.3810203097947
"5346",534.5,"Simu1","KET",200,"cliver",15.8147834682514
"5347",534.6,"Simu1","KET",200,"cliver",15.2733185963837
"5348",534.7,"Simu1","KET",200,"cliver",14.7554933924321
"5349",534.8,"Simu1","KET",200,"cliver",14.2602250102111
"5350",534.9,"Simu1","KET",200,"cliver",13.7864786868422
"5351",535,"Simu1","KET",200,"cliver",13.3332662676848
"5352",535.1,"Simu1","KET",200,"cliver",12.8996446571081
"5353",535.2,"Simu1","KET",200,"cliver",12.4847142195016
"5354",535.3,"Simu1","KET",200,"cliver",12.0876171509675
"5355",535.4,"Simu1","KET",200,"cliver",11.7075358387753
"5356",535.5,"Simu1","KET",200,"cliver",11.3436912228697
"5357",535.6,"Simu1","KET",200,"cliver",10.9953411713171
"5358",535.7,"Simu1","KET",200,"cliver",10.6617788793952
"5359",535.8,"Simu1","KET",200,"cliver",10.3423313001512
"5360",535.9,"Simu1","KET",200,"cliver",10.036357612629
"5361",536,"Simu1","KET",200,"cliver",9.74324773260889
"5362",536.1,"Simu1","KET",200,"cliver",9.46242086954621
"5363",536.2,"Simu1","KET",200,"cliver",9.1933241323787
"5364",536.3,"Simu1","KET",200,"cliver",8.9354311860287
"5365",536.4,"Simu1","KET",200,"cliver",8.68824095970237
"5366",536.5,"Simu1","KET",200,"cliver",8.45127640748547
"5367",536.6,"Simu1","KET",200,"cliver",8.22408332125634
"5368",536.7,"Simu1","KET",200,"cliver",8.00622919556205
"5369",536.8,"Simu1","KET",200,"cliver",7.79730214358188
"5370",536.9,"Simu1","KET",200,"cliver",7.59690986328536
"5371",537,"Simu1","KET",200,"cliver",7.40467865253635
"5372",537.1,"Simu1","KET",200,"cliver",7.22025247174802
"5373",537.2,"Simu1","KET",200,"cliver",7.04329205255404
"5374",537.3,"Simu1","KET",200,"cliver",6.87347405089011
"5375",537.4,"Simu1","KET",200,"cliver",6.71049024281812
"5376",537.5,"Simu1","KET",200,"cliver",6.55404676138374
"5377",537.6,"Simu1","KET",200,"cliver",6.40386337278068
"5378",537.7,"Simu1","KET",200,"cliver",6.25967279008884
"5379",537.8,"Simu1","KET",200,"cliver",6.12122002287722
"5380",537.9,"Simu1","KET",200,"cliver",5.98826176098491
"5381",538,"Simu1","KET",200,"cliver",5.8605657908283
"5382",538.1,"Simu1","KET",200,"cliver",5.73791044262696
"5383",538.2,"Simu1","KET",200,"cliver",5.62008406698351
"5384",538.3,"Simu1","KET",200,"cliver",5.50688453931075
"5385",538.4,"Simu1","KET",200,"cliver",5.39811879065162
"5386",538.5,"Simu1","KET",200,"cliver",5.29360236349332
"5387",538.6,"Simu1","KET",200,"cliver",5.19315899124036
"5388",538.7,"Simu1","KET",200,"cliver",5.09662020007542
"5389",538.8,"Simu1","KET",200,"cliver",5.00382493195966
"5390",538.9,"Simu1","KET",200,"cliver",4.91461918763461
"5391",539,"Simu1","KET",200,"cliver",4.82885568851455
"5392",539.1,"Simu1","KET",200,"cliver",4.74639355641957
"5393",539.2,"Simu1","KET",200,"cliver",4.66709801014941
"5394",539.3,"Simu1","KET",200,"cliver",4.59084007795688
"5395",539.4,"Simu1","KET",200,"cliver",4.51749632502946
"5396",539.5,"Simu1","KET",200,"cliver",4.4469485951354
"5397",539.6,"Simu1","KET",200,"cliver",4.37908376563826
"5398",539.7,"Simu1","KET",200,"cliver",4.31379351512563
"5399",539.8,"Simu1","KET",200,"cliver",4.25097410294382
"5400",539.9,"Simu1","KET",200,"cliver",4.19052615996946
"5401",540,"Simu1","KET",200,"cliver",4.13235448998743
"5402",540.1,"Simu1","KET",200,"cliver",4.07636788108222
"5403",540.2,"Simu1","KET",200,"cliver",4.02247892648233
"5404",540.3,"Simu1","KET",200,"cliver",3.97060385433235
"5405",540.4,"Simu1","KET",200,"cliver",3.92066236589735
"5406",540.5,"Simu1","KET",200,"cliver",3.87257748173308
"5407",540.6,"Simu1","KET",200,"cliver",3.82627539538448
"5408",540.7,"Simu1","KET",200,"cliver",3.7816853342008
"5409",540.8,"Simu1","KET",200,"cliver",3.73873942687584
"5410",540.9,"Simu1","KET",200,"cliver",3.69737257735188
"5411",541,"Simu1","KET",200,"cliver",3.65752234474328
"5412",541.1,"Simu1","KET",200,"cliver",3.61912882895709
"5413",541.2,"Simu1","KET",200,"cliver",3.58213456170593
"5414",541.3,"Simu1","KET",200,"cliver",3.54648440262786
"5415",541.4,"Simu1","KET",200,"cliver",3.51212544024435
"5416",541.5,"Simu1","KET",200,"cliver",3.47900689750292
"5417",541.6,"Simu1","KET",200,"cliver",3.44708004166675
"5418",541.7,"Simu1","KET",200,"cliver",3.41629809832584
"5419",541.8,"Simu1","KET",200,"cliver",3.38661616931894
"5420",541.9,"Simu1","KET",200,"cliver",3.3579911543669
"5421",542,"Simu1","KET",200,"cliver",3.3303816762295
"5422",542.1,"Simu1","KET",200,"cliver",3.3037480092093
"5423",542.2,"Simu1","KET",200,"cliver",3.2780520108349
"5424",542.3,"Simu1","KET",200,"cliver",3.25325705656652
"5425",542.4,"Simu1","KET",200,"cliver",3.22932797737524
"5426",542.5,"Simu1","KET",200,"cliver",3.20623100005538
"5427",542.6,"Simu1","KET",200,"cliver",3.18393369013783
"5428",542.7,"Simu1","KET",200,"cliver",3.16240489727891
"5429",542.8,"Simu1","KET",200,"cliver",3.14161470300601
"5430",542.9,"Simu1","KET",200,"cliver",3.12153437070866
"5431",543,"Simu1","KET",200,"cliver",3.10213629776871
"5432",543.1,"Simu1","KET",200,"cliver",3.08339396972986
"5433",543.2,"Simu1","KET",200,"cliver",3.06528191641106
"5434",543.3,"Simu1","KET",200,"cliver",3.04777566987418
"5435",543.4,"Simu1","KET",200,"cliver",3.03085172416077
"5436",543.5,"Simu1","KET",200,"cliver",3.014487496717
"5437",543.6,"Simu1","KET",200,"cliver",2.99866129143045
"5438",543.7,"Simu1","KET",200,"cliver",2.9833522632057
"5439",543.8,"Simu1","KET",200,"cliver",2.96854038400994
"5440",543.9,"Simu1","KET",200,"cliver",2.9542064103231
"5441",544,"Simu1","KET",200,"cliver",2.94033185192999
"5442",544.1,"Simu1","KET",200,"cliver",2.92689894199576
"5443",544.2,"Simu1","KET",200,"cliver",2.91389060836783
"5444",544.3,"Simu1","KET",200,"cliver",2.90129044605124
"5445",544.4,"Simu1","KET",200,"cliver",2.88908269080625
"5446",544.5,"Simu1","KET",200,"cliver",2.8772521938198
"5447",544.6,"Simu1","KET",200,"cliver",2.86578439740474
"5448",544.7,"Simu1","KET",200,"cliver",2.8546653116827
"5449",544.8,"Simu1","KET",200,"cliver",2.84388149220872
"5450",544.9,"Simu1","KET",200,"cliver",2.83342001849786
"5451",545,"Simu1","KET",200,"cliver",2.82326847341541
"5452",545.1,"Simu1","KET",200,"cliver",2.81341492339467
"5453",545.2,"Simu1","KET",200,"cliver",2.8038478994474
"5454",545.3,"Simu1","KET",200,"cliver",2.79455637893382
"5455",545.4,"Simu1","KET",200,"cliver",2.78552976806078
"5456",545.5,"Simu1","KET",200,"cliver",2.77675788507757
"5457",545.6,"Simu1","KET",200,"cliver",2.76823094414088
"5458",545.7,"Simu1","KET",200,"cliver",2.7599395398211
"5459",545.8,"Simu1","KET",200,"cliver",2.75187463222366
"5460",545.9,"Simu1","KET",200,"cliver",2.74402753270031
"5461",546,"Simu1","KET",200,"cliver",2.73638989012607
"5462",546.1,"Simu1","KET",200,"cliver",2.72895367771907
"5463",546.2,"Simu1","KET",200,"cliver",2.72171118038093
"5464",546.3,"Simu1","KET",200,"cliver",2.71465498253675
"5465",546.4,"Simu1","KET",200,"cliver",2.70777795645445
"5466",546.5,"Simu1","KET",200,"cliver",2.70107325102414
"5467",546.6,"Simu1","KET",200,"cliver",2.69453428097903
"5468",546.7,"Simu1","KET",200,"cliver",2.68815471654001
"5469",546.8,"Simu1","KET",200,"cliver",2.68192847346703
"5470",546.9,"Simu1","KET",200,"cliver",2.67584970350095
"5471",547,"Simu1","KET",200,"cliver",2.66991278518022
"5472",547.1,"Simu1","KET",200,"cliver",2.66411231501755
"5473",547.2,"Simu1","KET",200,"cliver",2.65844309902206
"5474",547.3,"Simu1","KET",200,"cliver",2.65290014455332
"5475",547.4,"Simu1","KET",200,"cliver",2.64747865249398
"5476",547.5,"Simu1","KET",200,"cliver",2.64217400972844
"5477",547.6,"Simu1","KET",200,"cliver",2.63698178191544
"5478",547.7,"Simu1","KET",200,"cliver",2.63189770654283
"5479",547.8,"Simu1","KET",200,"cliver",2.62691768625348
"5480",547.9,"Simu1","KET",200,"cliver",2.62203778243161
"5481",548,"Simu1","KET",200,"cliver",2.61725420903921
"5482",548.1,"Simu1","KET",200,"cliver",2.61256332669278
"5483",548.2,"Simu1","KET",200,"cliver",2.60796163697089
"5484",548.3,"Simu1","KET",200,"cliver",2.60344577694344
"5485",548.4,"Simu1","KET",200,"cliver",2.59901251391399
"5486",548.5,"Simu1","KET",200,"cliver",2.59465874036678
"5487",548.6,"Simu1","KET",200,"cliver",2.59038146911036
"5488",548.7,"Simu1","KET",200,"cliver",2.58617782861017
"5489",548.8,"Simu1","KET",200,"cliver",2.58204505850266
"5490",548.9,"Simu1","KET",200,"cliver",2.5779805052838
"5491",549,"Simu1","KET",200,"cliver",2.57398161816527
"5492",549.1,"Simu1","KET",200,"cliver",2.57004594509164
"5493",549.2,"Simu1","KET",200,"cliver",2.56617112891235
"5494",549.3,"Simu1","KET",200,"cliver",2.56235490370236
"5495",549.4,"Simu1","KET",200,"cliver",2.55859509122573
"5496",549.5,"Simu1","KET",200,"cliver",2.55488959753656
"5497",549.6,"Simu1","KET",200,"cliver",2.5512364097119
"5498",549.7,"Simu1","KET",200,"cliver",2.54763359271144
"5499",549.8,"Simu1","KET",200,"cliver",2.54407928635916
"5500",549.9,"Simu1","KET",200,"cliver",2.54057170244207
"5501",550,"Simu1","KET",200,"cliver",2.53710912192156
"5502",550.1,"Simu1","KET",200,"cliver",2.53368989225294
"5503",550.2,"Simu1","KET",200,"cliver",2.53031242480899
"5504",550.3,"Simu1","KET",200,"cliver",2.52697519240336
"5505",550.4,"Simu1","KET",200,"cliver",2.52367672691017
"5506",550.5,"Simu1","KET",200,"cliver",2.5204156169758
"5507",550.6,"Simu1","KET",200,"cliver",2.51719050581948
"5508",550.7,"Simu1","KET",200,"cliver",2.51400008911913
"5509",550.8,"Simu1","KET",200,"cliver",2.51084311297921
"5510",550.9,"Simu1","KET",200,"cliver",2.5077183719773
"5511",551,"Simu1","KET",200,"cliver",2.50462470728645
"5512",551.1,"Simu1","KET",200,"cliver",2.50156100487028
"5513",551.2,"Simu1","KET",200,"cliver",2.49852619374805
"5514",551.3,"Simu1","KET",200,"cliver",2.49551924432698
"5515",551.4,"Simu1","KET",200,"cliver",2.49253916679922
"5516",551.5,"Simu1","KET",200,"cliver",2.48958500960085
"5517",551.6,"Simu1","KET",200,"cliver",2.48665585793076
"5518",551.7,"Simu1","KET",200,"cliver",2.48375083232674
"5519",551.8,"Simu1","KET",200,"cliver",2.48086908729688
"5520",551.9,"Simu1","KET",200,"cliver",2.47800981028329
"5521",552,"Simu1","KET",200,"cliver",2.47950406806623
"5522",552.1,"Simu1","KET",200,"cliver",6.89859545725366
"5523",552.2,"Simu1","KET",200,"cliver",19.1224581378665
"5524",552.3,"Simu1","KET",200,"cliver",32.6912833702173
"5525",552.4,"Simu1","KET",200,"cliver",45.1539019612473
"5526",552.5,"Simu1","KET",200,"cliver",55.8488702284481
"5527",552.6,"Simu1","KET",200,"cliver",64.7243562699725
"5528",552.7,"Simu1","KET",200,"cliver",71.9219353179812
"5529",552.8,"Simu1","KET",200,"cliver",77.63174176012
"5530",552.9,"Simu1","KET",200,"cliver",82.0436721808404
"5531",553,"Simu1","KET",200,"cliver",85.3323185425585
"5532",553.1,"Simu1","KET",200,"cliver",87.6535980437502
"5533",553.2,"Simu1","KET",200,"cliver",89.1451900980407
"5534",553.3,"Simu1","KET",200,"cliver",89.9281285731932
"5535",553.4,"Simu1","KET",200,"cliver",90.1086330867074
"5536",553.5,"Simu1","KET",200,"cliver",89.7797516421011
"5537",553.6,"Simu1","KET",200,"cliver",89.0229773809844
"5538",553.7,"Simu1","KET",200,"cliver",87.9094970874792
"5539",553.8,"Simu1","KET",200,"cliver",86.5015638484954
"5540",553.9,"Simu1","KET",200,"cliver",84.8533389571298
"5541",554,"Simu1","KET",200,"cliver",83.0120202030332
"5542",554.1,"Simu1","KET",200,"cliver",81.0185350553225
"5543",554.2,"Simu1","KET",200,"cliver",78.9083227550986
"5544",554.3,"Simu1","KET",200,"cliver",76.7119499801472
"5545",554.4,"Simu1","KET",200,"cliver",74.4557267748755
"5546",554.5,"Simu1","KET",200,"cliver",72.1622271427818
"5547",554.6,"Simu1","KET",200,"cliver",69.8506740811706
"5548",554.7,"Simu1","KET",200,"cliver",67.5373455522694
"5549",554.8,"Simu1","KET",200,"cliver",65.2359681224375
"5550",554.9,"Simu1","KET",200,"cliver",62.9580371099545
"5551",555,"Simu1","KET",200,"cliver",60.7130833574285
"5552",555.1,"Simu1","KET",200,"cliver",58.5089154188488
"5553",555.2,"Simu1","KET",200,"cliver",56.3518452934599
"5554",555.3,"Simu1","KET",200,"cliver",54.2468904962389
"5555",555.4,"Simu1","KET",200,"cliver",52.1979481180696
"5556",555.5,"Simu1","KET",200,"cliver",50.2079457134702
"5557",555.6,"Simu1","KET",200,"cliver",48.2789758244873
"5558",555.7,"Simu1","KET",200,"cliver",46.4124167311843
"5559",555.8,"Simu1","KET",200,"cliver",44.6090390156884
"5560",555.9,"Simu1","KET",200,"cliver",42.8690982573591
"5561",556,"Simu1","KET",200,"cliver",41.1924158458583
"5562",556.1,"Simu1","KET",200,"cliver",39.5784500434254
"5563",556.2,"Simu1","KET",200,"cliver",38.0263584722701
"5564",556.3,"Simu1","KET",200,"cliver",36.5350525966092
"5565",556.4,"Simu1","KET",200,"cliver",35.1032448899355
"5566",556.5,"Simu1","KET",200,"cliver",33.7294896327081
"5567",556.6,"Simu1","KET",200,"cliver",32.4122182299857
"5568",556.7,"Simu1","KET",200,"cliver",31.1497696973029
"5569",556.8,"Simu1","KET",200,"cliver",29.940416802145
"5570",556.9,"Simu1","KET",200,"cliver",28.7823883270296
"5571",557,"Simu1","KET",200,"cliver",27.6738880004971
"5572",557.1,"Simu1","KET",200,"cliver",26.6131104881287
"5573",557.2,"Simu1","KET",200,"cliver",25.5982548182903
"5574",557.3,"Simu1","KET",200,"cliver",24.6275355544688
"5575",557.4,"Simu1","KET",200,"cliver",23.6991920025768
"5576",557.5,"Simu1","KET",200,"cliver",22.8114957155601
"5577",557.6,"Simu1","KET",200,"cliver",21.9627565255258
"5578",557.7,"Simu1","KET",200,"cliver",21.1513273025646
"5579",557.8,"Simu1","KET",200,"cliver",20.3756076153872
"5580",557.9,"Simu1","KET",200,"cliver",19.6340464500139
"5581",558,"Simu1","KET",200,"cliver",18.9251441251103
"5582",558.1,"Simu1","KET",200,"cliver",18.2474535251095
"5583",558.2,"Simu1","KET",200,"cliver",17.5995807563742
"5584",558.3,"Simu1","KET",200,"cliver",16.9801853183659
"5585",558.4,"Simu1","KET",200,"cliver",16.3879798704219
"5586",558.5,"Simu1","KET",200,"cliver",15.8217296644863
"5587",558.6,"Simu1","KET",200,"cliver",15.2802517047245
"5588",558.7,"Simu1","KET",200,"cliver",14.7624136866323
"5589",558.8,"Simu1","KET",200,"cliver",14.2671327608765
"5590",558.9,"Simu1","KET",200,"cliver",13.7933741605894
"5591",559,"Simu1","KET",200,"cliver",13.3401497268171
"5592",559.1,"Simu1","KET",200,"cliver",12.9065163595143
"5593",559.2,"Simu1","KET",200,"cliver",12.4915744185664
"5594",559.3,"Simu1","KET",200,"cliver",12.0944660953822
"5595",559.4,"Simu1","KET",200,"cliver",11.7143737723351
"5596",559.5,"Simu1","KET",200,"cliver",11.350518384352
"5597",559.6,"Simu1","KET",200,"cliver",11.0021577944302
"5598",559.7,"Simu1","KET",200,"cliver",10.6685851927437
"5599",559.8,"Simu1","KET",200,"cliver",10.3491275271966
"5600",559.9,"Simu1","KET",200,"cliver",10.0431439716633
"5601",560,"Simu1","KET",200,"cliver",9.75002443675455
"5602",560.1,"Simu1","KET",200,"cliver",9.46918812677923
"5603",560.2,"Simu1","KET",200,"cliver",9.20008214556224
"5604",560.3,"Simu1","KET",200,"cliver",8.94218015295322
"5605",560.4,"Simu1","KET",200,"cliver",8.69498107313452
"5606",560.5,"Simu1","KET",200,"cliver",8.45800785523359
"5607",560.6,"Simu1","KET",200,"cliver",8.23080628625071
"5608",560.7,"Simu1","KET",200,"cliver",8.01294385588666
"5609",560.8,"Simu1","KET",200,"cliver",7.80400867254767
"5610",560.9,"Simu1","KET",200,"cliver",7.6036084295547
"5611",561,"Simu1","KET",200,"cliver",7.41136942021048
"5612",561.1,"Simu1","KET",200,"cliver",7.22693560044382
"5613",561.2,"Simu1","KET",200,"cliver",7.04996769748557
"5614",561.3,"Simu1","KET",200,"cliver",6.88014236296287
"5615",561.4,"Simu1","KET",200,"cliver",6.71715136872803
"5616",561.5,"Simu1","KET",200,"cliver",6.56070084371277
"5617",561.6,"Simu1","KET",200,"cliver",6.41051055008937
"5618",561.7,"Simu1","KET",200,"cliver",6.26631319700952
"5619",561.8,"Simu1","KET",200,"cliver",6.127853790209
"5620",561.9,"Simu1","KET",200,"cliver",5.99488901578869
"5621",562,"Simu1","KET",200,"cliver",5.86718665652016
"5622",562.1,"Simu1","KET",200,"cliver",5.74452503907002
"5623",562.2,"Simu1","KET",200,"cliver",5.62669251057891
"5624",562.3,"Simu1","KET",200,"cliver",5.51348694308781
"5625",562.4,"Simu1","KET",200,"cliver",5.40471526435666
"5626",562.5,"Simu1","KET",200,"cliver",5.3001930136782
"5627",562.6,"Simu1","KET",200,"cliver",5.19974392135057
"5628",562.7,"Simu1","KET",200,"cliver",5.1031995105256
"5629",562.8,"Simu1","KET",200,"cliver",5.01039872021567
"5630",562.9,"Simu1","KET",200,"cliver",4.92118754830281
"5631",563,"Simu1","KET",200,"cliver",4.83541871342126
"5632",563.1,"Simu1","KET",200,"cliver",4.75295133468607
"5633",563.2,"Simu1","KET",200,"cliver",4.67365062826588
"5634",563.3,"Simu1","KET",200,"cliver",4.5973876198568
"5635",563.4,"Simu1","KET",200,"cliver",4.52403887216303
"5636",563.5,"Simu1","KET",200,"cliver",4.45348622654035
"5637",563.6,"Simu1","KET",200,"cliver",4.38561655800832
"5638",563.7,"Simu1","KET",200,"cliver",4.32032154287738
"5639",563.8,"Simu1","KET",200,"cliver",4.25749743828236
"5640",563.9,"Simu1","KET",200,"cliver",4.19704487295245
"5641",564,"Simu1","KET",200,"cliver",4.13886864858739
"5642",564.1,"Simu1","KET",200,"cliver",4.08287755124704
"5643",564.2,"Simu1","KET",200,"cliver",4.02898417219427
"5644",564.3,"Simu1","KET",200,"cliver",3.97710473766555
"5645",564.4,"Simu1","KET",200,"cliver",3.92715894707386
"5646",564.5,"Simu1","KET",200,"cliver",3.87906981917747
"5647",564.6,"Simu1","KET",200,"cliver",3.83276354577722
"5648",564.7,"Simu1","KET",200,"cliver",3.78816935252854
"5649",564.8,"Simu1","KET",200,"cliver",3.74521936648153
"5650",564.9,"Simu1","KET",200,"cliver",3.70384848998477
"5651",565,"Simu1","KET",200,"cliver",3.66399428060639
"5652",565.1,"Simu1","KET",200,"cliver",3.625596836753
"5653",565.2,"Simu1","KET",200,"cliver",3.58859868868135
"5654",565.3,"Simu1","KET",200,"cliver",3.5529446946173
"5655",565.4,"Simu1","KET",200,"cliver",3.51858194171264
"5656",565.5,"Simu1","KET",200,"cliver",3.48545965158645
"5657",565.6,"Simu1","KET",200,"cliver",3.45352909021343
"5658",565.7,"Simu1","KET",200,"cliver",3.42274348193395
"5659",565.8,"Simu1","KET",200,"cliver",3.39305792737494
"5660",565.9,"Simu1","KET",200,"cliver",3.36442932508215
"5661",566,"Simu1","KET",200,"cliver",3.33681629667598
"5662",566.1,"Simu1","KET",200,"cliver",3.31017911535422
"5663",566.2,"Simu1","KET",200,"cliver",3.28447963757433
"5664",566.3,"Simu1","KET",200,"cliver",3.25968123775809
"5665",566.4,"Simu1","KET",200,"cliver",3.2357487458699
"5666",566.5,"Simu1","KET",200,"cliver",3.21264838772824
"5667",566.6,"Simu1","KET",200,"cliver",3.19034772791813
"5668",566.7,"Simu1","KET",200,"cliver",3.16881561517888
"5669",566.8,"Simu1","KET",200,"cliver",3.14802213014911
"5670",566.9,"Simu1","KET",200,"cliver",3.12793853535709
"5671",567,"Simu1","KET",200,"cliver",3.10853722735007
"5672",567.1,"Simu1","KET",200,"cliver",3.08979169086287
"5673",567.2,"Simu1","KET",200,"cliver",3.07167645493055
"5674",567.3,"Simu1","KET",200,"cliver",3.05416705085543
"5675",567.4,"Simu1","KET",200,"cliver",3.0372399719431
"5676",567.5,"Simu1","KET",200,"cliver",3.0208726349267
"5677",567.6,"Simu1","KET",200,"cliver",3.00504334300296
"5678",567.7,"Simu1","KET",200,"cliver",2.98973125040717
"5679",567.8,"Simu1","KET",200,"cliver",2.97491632845812
"5680",567.9,"Simu1","KET",200,"cliver",2.96057933300765
"5681",568,"Simu1","KET",200,"cliver",2.94670177323217
"5682",568.1,"Simu1","KET",200,"cliver",2.93326588170749
"5683",568.2,"Simu1","KET",200,"cliver",2.92025458571023
"5684",568.3,"Simu1","KET",200,"cliver",2.90765147969258
"5685",568.4,"Simu1","KET",200,"cliver",2.89544079887937
"5686",568.5,"Simu1","KET",200,"cliver",2.88360739393901
"5687",568.6,"Simu1","KET",200,"cliver",2.87213670668222
"5688",568.7,"Simu1","KET",200,"cliver",2.86101474674431
"5689",568.8,"Simu1","KET",200,"cliver",2.85022806920945
"5690",568.9,"Simu1","KET",200,"cliver",2.83976375313676
"5691",569,"Simu1","KET",200,"cliver",2.82960938095009
"5692",569.1,"Simu1","KET",200,"cliver",2.81975301865532
"5693",569.2,"Simu1","KET",200,"cliver",2.81018319685037
"5694",569.3,"Simu1","KET",200,"cliver",2.80088889249484
"5695",569.4,"Simu1","KET",200,"cliver",2.79185951140772
"5696",569.5,"Simu1","KET",200,"cliver",2.78308487146283
"5697",569.6,"Simu1","KET",200,"cliver",2.77455518645343
"5698",569.7,"Simu1","KET",200,"cliver",2.76626105059807
"5699",569.8,"Simu1","KET",200,"cliver",2.75819342366164
"5700",569.9,"Simu1","KET",200,"cliver",2.75034361666626
"5701",570,"Simu1","KET",200,"cliver",2.74270327816794
"5702",570.1,"Simu1","KET",200,"cliver",2.73526438107603
"5703",570.2,"Simu1","KET",200,"cliver",2.72801920999332
"5704",570.3,"Simu1","KET",200,"cliver",2.72096034905567
"5705",570.4,"Simu1","KET",200,"cliver",2.71408067025116
"5706",570.5,"Simu1","KET",200,"cliver",2.70737332219902
"5707",570.6,"Simu1","KET",200,"cliver",2.70083171937039
"5708",570.7,"Simu1","KET",200,"cliver",2.69444953173252
"5709",570.8,"Simu1","KET",200,"cliver",2.68822067479994
"5710",570.9,"Simu1","KET",200,"cliver",2.68213930007605
"5711",571,"Simu1","KET",200,"cliver",2.67619978586955
"5712",571.1,"Simu1","KET",200,"cliver",2.67039672847084
"5713",571.2,"Simu1","KET",200,"cliver",2.66472493367395
"5714",571.3,"Simu1","KET",200,"cliver",2.65917940863035
"5715",571.4,"Simu1","KET",200,"cliver",2.65375535402135
"5716",571.5,"Simu1","KET",200,"cliver",2.6484481565366
"5717",571.6,"Simu1","KET",200,"cliver",2.64325338164638
"5718",571.7,"Simu1","KET",200,"cliver",2.63816676665627
"5719",571.8,"Simu1","KET",200,"cliver",2.63318421403278
"5720",571.9,"Simu1","KET",200,"cliver",2.62830178498955
"5721",572,"Simu1","KET",200,"cliver",2.62351569332354
"5722",572.1,"Simu1","KET",200,"cliver",2.61882229949165
"5723",572.2,"Simu1","KET",200,"cliver",2.61421810491801
"5724",572.3,"Simu1","KET",200,"cliver",2.60969974652317
"5725",572.4,"Simu1","KET",200,"cliver",2.60526399146624
"5726",572.5,"Simu1","KET",200,"cliver",2.6009077320917
"5727",572.6,"Simu1","KET",200,"cliver",2.59662798107294
"5728",572.7,"Simu1","KET",200,"cliver",2.59242186674468
"5729",572.8,"Simu1","KET",200,"cliver",2.5882866286169
"5730",572.9,"Simu1","KET",200,"cliver",2.5842196130633
"5731",573,"Simu1","KET",200,"cliver",2.58021826917725
"5732",573.1,"Simu1","KET",200,"cliver",2.57628014478893
"5733",573.2,"Simu1","KET",200,"cliver",2.57240288263712
"5734",573.3,"Simu1","KET",200,"cliver",2.56858421668976
"5735",573.4,"Simu1","KET",200,"cliver",2.56482196860741
"5736",573.5,"Simu1","KET",200,"cliver",2.56111404434408
"5737",573.6,"Simu1","KET",200,"cliver",2.55745843087999
"5738",573.7,"Simu1","KET",200,"cliver",2.5538531930812
"5739",573.8,"Simu1","KET",200,"cliver",2.55029647068112
"5740",573.9,"Simu1","KET",200,"cliver",2.54678647537921
"5741",574,"Simu1","KET",200,"cliver",2.54332148805212
"5742",574.1,"Simu1","KET",200,"cliver",2.53989985607328
"5743",574.2,"Simu1","KET",200,"cliver",2.5365199907362
"5744",574.3,"Simu1","KET",200,"cliver",2.53318036477792
"5745",574.4,"Simu1","KET",200,"cliver",2.52987950999846
"5746",574.5,"Simu1","KET",200,"cliver",2.52661601497251
"5747",574.6,"Simu1","KET",200,"cliver",2.52338852284998
"5748",574.7,"Simu1","KET",200,"cliver",2.52019572924174
"5749",574.8,"Simu1","KET",200,"cliver",2.51703638018742
"5750",574.9,"Simu1","KET",200,"cliver",2.51390927020188
"5751",575,"Simu1","KET",200,"cliver",2.51081324039748
"5752",575.1,"Simu1","KET",200,"cliver",2.50774717667918
"5753",575.2,"Simu1","KET",200,"cliver",2.50471000800948
"5754",575.3,"Simu1","KET",200,"cliver",2.50170070474073
"5755",575.4,"Simu1","KET",200,"cliver",2.49871827701195
"5756",575.5,"Simu1","KET",200,"cliver",2.49576177320789
"5757",575.6,"Simu1","KET",200,"cliver",2.49283027847772
"5758",575.7,"Simu1","KET",200,"cliver",2.48992291331119
"5759",575.8,"Simu1","KET",200,"cliver",2.48703883216989
"5760",575.9,"Simu1","KET",200,"cliver",2.4841772224606
"5761",576,"Simu1","KET",200,"cliver",2.4856691761674
"5762",576.1,"Simu1","KET",200,"cliver",6.90475680077214
"5763",576.2,"Simu1","KET",200,"cliver",19.1286083202681
"5764",576.3,"Simu1","KET",200,"cliver",32.6974279308049
"5765",576.4,"Simu1","KET",200,"cliver",45.1600439732094
"5766",576.5,"Simu1","KET",200,"cliver",55.8550166630132
"5767",576.6,"Simu1","KET",200,"cliver",64.7305136054339
"5768",576.7,"Simu1","KET",200,"cliver",71.9281090594426
"5769",576.8,"Simu1","KET",200,"cliver",77.6379353968334
"5770",576.9,"Simu1","KET",200,"cliver",82.0498854340008
"5771",577,"Simu1","KET",200,"cliver",85.338560009365
"5772",577.1,"Simu1","KET",200,"cliver",87.6598705547907
"5773",577.2,"Simu1","KET",200,"cliver",89.1514968959413
"5774",577.3,"Simu1","KET",200,"cliver",89.9344787513786
"5775",577.4,"Simu1","KET",200,"cliver",90.1150137983692
"5776",577.5,"Simu1","KET",200,"cliver",89.7861651161078
"5777",577.6,"Simu1","KET",200,"cliver",89.0293997212812
"5778",577.7,"Simu1","KET",200,"cliver",87.9159489608126
"5779",577.8,"Simu1","KET",200,"cliver",86.5080072259001
"5780",577.9,"Simu1","KET",200,"cliver",84.8597906472119
"5781",578,"Simu1","KET",200,"cliver",83.0184664470418
"5782",578.1,"Simu1","KET",200,"cliver",81.0249708007551
"5783",578.2,"Simu1","KET",200,"cliver",78.9147433118447
"5784",578.3,"Simu1","KET",200,"cliver",76.7183770665213
"5785",578.4,"Simu1","KET",200,"cliver",74.4621857395429
"5786",578.5,"Simu1","KET",200,"cliver",72.168707163118
"5787",578.6,"Simu1","KET",200,"cliver",69.8571561419639
"5788",578.7,"Simu1","KET",200,"cliver",67.5438286818963
"5789",578.8,"Simu1","KET",200,"cliver",65.2424598566211
"5790",578.9,"Simu1","KET",200,"cliver",62.9645393030815
"5791",579,"Simu1","KET",200,"cliver",60.7195912620048
"5792",579.1,"Simu1","KET",200,"cliver",58.5154245159553
"5793",579.2,"Simu1","KET",200,"cliver",56.3583546633663
"5794",579.3,"Simu1","KET",200,"cliver",54.2534006883599
"5795",579.4,"Simu1","KET",200,"cliver",52.2044585287297
"5796",579.5,"Simu1","KET",200,"cliver",50.214454605139
"5797",579.6,"Simu1","KET",200,"cliver",48.2854816889235
"5798",579.7,"Simu1","KET",200,"cliver",46.4189188385844
"5799",579.8,"Simu1","KET",200,"cliver",44.6155369306024
"5800",579.9,"Simu1","KET",200,"cliver",42.8755913486755
"5801",580,"Simu1","KET",200,"cliver",41.1989033297266
"5802",580.1,"Simu1","KET",200,"cliver",39.5849312593777
"5803",580.2,"Simu1","KET",200,"cliver",38.0328329803453
"5804",580.3,"Simu1","KET",200,"cliver",36.5415200199545
"5805",580.4,"Simu1","KET",200,"cliver",35.1097048317674
"5806",580.5,"Simu1","KET",200,"cliver",33.735941705936
"5807",580.6,"Simu1","KET",200,"cliver",32.418662115097
"5808",580.7,"Simu1","KET",200,"cliver",31.1562051452924
"5809",580.8,"Simu1","KET",200,"cliver",29.946843599885
"5810",580.9,"Simu1","KET",200,"cliver",28.7888062921116
"5811",581,"Simu1","KET",200,"cliver",27.6802969827506
"5812",581.1,"Simu1","KET",200,"cliver",26.6195103733358
"5813",581.2,"Simu1","KET",200,"cliver",25.6046455237555
"5814",581.3,"Simu1","KET",200,"cliver",24.6339170219396
"5815",581.4,"Simu1","KET",200,"cliver",23.7055641947214
"5816",581.5,"Simu1","KET",200,"cliver",22.8178586155875
"5817",581.6,"Simu1","KET",200,"cliver",21.9691101364657
"5818",581.7,"Simu1","KET",200,"cliver",21.1576716449424
"5819",581.8,"Simu1","KET",200,"cliver",20.3819427245745
"5820",581.9,"Simu1","KET",200,"cliver",19.6403723744363
"5821",582,"Simu1","KET",200,"cliver",18.9314609251271
"5822",582.1,"Simu1","KET",200,"cliver",18.2537612720962
"5823",582.2,"Simu1","KET",200,"cliver",17.6058795316669
"5824",582.3,"Simu1","KET",200,"cliver",16.98647521064
"5825",582.4,"Simu1","KET",200,"cliver",16.3942609748863
"5826",582.5,"Simu1","KET",200,"cliver",15.8280020824237
"5827",582.6,"Simu1","KET",200,"cliver",15.2865155428548
"5828",582.7,"Simu1","KET",200,"cliver",14.7686690561019
"5829",582.8,"Simu1","KET",200,"cliver",14.2733797762703
"5830",582.9,"Simu1","KET",200,"cliver",13.7996129395796
"5831",583,"Simu1","KET",200,"cliver",13.3463803895627
"5832",583.1,"Simu1","KET",200,"cliver",12.9127390280357
"5833",583.2,"Simu1","KET",200,"cliver",12.4977892161695
"5834",583.3,"Simu1","KET",200,"cliver",12.1006731462136
"5835",583.4,"Simu1","KET",200,"cliver",11.7205732010247
"5836",583.5,"Simu1","KET",200,"cliver",11.3567103156754
"5837",583.6,"Simu1","KET",200,"cliver",11.0083423529788
"5838",583.7,"Simu1","KET",200,"cliver",10.6747625026306
"5839",583.8,"Simu1","KET",200,"cliver",10.3552977118093
"5840",583.9,"Simu1","KET",200,"cliver",10.0493071534511
"5841",584,"Simu1","KET",200,"cliver",9.75618073703907
"5842",584.1,"Simu1","KET",200,"cliver",9.47533766557524
"5843",584.2,"Simu1","KET",200,"cliver",9.20622504141674
"5844",584.3,"Simu1","KET",200,"cliver",8.94831652285541
"5845",584.4,"Simu1","KET",200,"cliver",8.70111103240435
"5846",584.5,"Simu1","KET",200,"cliver",8.46413151741864
"5847",584.6,"Simu1","KET",200,"cliver",8.23692376304095
"5848",584.7,"Simu1","KET",200,"cliver",8.01905525705803
"5849",584.8,"Simu1","KET",200,"cliver",7.81011410592218
"5850",584.9,"Simu1","KET",200,"cliver",7.60970800092744
"5851",585,"Simu1","KET",200,"cliver",7.41746323332046
"5852",585.1,"Simu1","KET",200,"cliver",7.23302375695923
"5853",585.2,"Simu1","KET",200,"cliver",7.05605029699372
"5854",585.3,"Simu1","KET",200,"cliver",6.88621950295952
"5855",585.4,"Simu1","KET",200,"cliver",6.72322314461087
"5856",585.5,"Simu1","KET",200,"cliver",6.56676734878325
"5857",585.6,"Simu1","KET",200,"cliver",6.41657187556139
"5858",585.7,"Simu1","KET",200,"cliver",6.27236943202182
"5859",585.8,"Simu1","KET",200,"cliver",6.13390502183989
"5860",585.9,"Simu1","KET",200,"cliver",6.00093532907385
"5861",586,"Simu1","KET",200,"cliver",5.87322813447386
"5862",586.1,"Simu1","KET",200,"cliver",5.75056176270722
"5863",586.2,"Simu1","KET",200,"cliver",5.63272455893823
"5864",586.3,"Simu1","KET",200,"cliver",5.51951439326988
"5865",586.4,"Simu1","KET",200,"cliver",5.41073819155158
"5866",586.5,"Simu1","KET",200,"cliver",5.30621149119272
"5867",586.6,"Simu1","KET",200,"cliver",5.20575802063807
"5868",586.7,"Simu1","KET",200,"cliver",5.10920930122077
"5869",586.8,"Simu1","KET",200,"cliver",5.01640427017063
"5870",586.9,"Simu1","KET",200,"cliver",4.92718892361511
"5871",587,"Simu1","KET",200,"cliver",4.84141597846878
"5872",587.1,"Simu1","KET",200,"cliver",4.75894455216338
"5873",587.2,"Simu1","KET",200,"cliver",4.67963985922028
"5874",587.3,"Simu1","KET",200,"cliver",4.60337292372304
"5875",587.4,"Simu1","KET",200,"cliver",4.53002030679746
"5876",587.5,"Simu1","KET",200,"cliver",4.45946384825566
"5877",587.6,"Simu1","KET",200,"cliver",4.39159042160845
"5878",587.7,"Simu1","KET",200,"cliver",4.32629170169216
"5879",587.8,"Simu1","KET",200,"cliver",4.26346394420157
"5880",587.9,"Simu1","KET",200,"cliver",4.20300777645954
"5881",588,"Simu1","KET",200,"cliver",4.14482799879291
"5882",588.1,"Simu1","KET",200,"cliver",4.08883339592147
"5883",588.2,"Simu1","KET",200,"cliver",4.03493655780023
"5884",588.3,"Simu1","KET",200,"cliver",3.98305370939153
"5885",588.4,"Simu1","KET",200,"cliver",3.93310454886561
"5886",588.5,"Simu1","KET",200,"cliver",3.88501209376866
"5887",588.6,"Simu1","KET",200,"cliver",3.83870253471989
"5888",588.7,"Simu1","KET",200,"cliver",3.79410509622354
"5889",588.8,"Simu1","KET",200,"cliver",3.75115190420848
"5890",588.9,"Simu1","KET",200,"cliver",3.70977785993033
"5891",589,"Simu1","KET",200,"cliver",3.66992051989277
"5892",589.1,"Simu1","KET",200,"cliver",3.63151998146621
"5893",589.2,"Simu1","KET",200,"cliver",3.59451877389875
"5894",589.3,"Simu1","KET",200,"cliver",3.55886175443437
"5895",589.4,"Simu1","KET",200,"cliver",3.52449600926919
"5896",589.5,"Simu1","KET",200,"cliver",3.49137075909227
"5897",589.6,"Simu1","KET",200,"cliver",3.45943726897351
"5898",589.7,"Simu1","KET",200,"cliver",3.42864876237308
"5899",589.8,"Simu1","KET",200,"cliver",3.39896033906176
"5900",589.9,"Simu1","KET",200,"cliver",3.37032889675265
"5901",590,"Simu1","KET",200,"cliver",3.34271305625642
"5902",590.1,"Simu1","KET",200,"cliver",3.31607308998355
"5903",590.2,"Simu1","KET",200,"cliver",3.29037085362603
"5904",590.3,"Simu1","KET",200,"cliver",3.26556972086177
"5905",590.4,"Simu1","KET",200,"cliver",3.24163452093214
"5906",590.5,"Simu1","KET",200,"cliver",3.21853147895285
"5907",590.6,"Simu1","KET",200,"cliver",3.19622815882602
"5908",590.7,"Simu1","KET",200,"cliver",3.17469340862744
"5909",590.8,"Simu1","KET",200,"cliver",3.15389730835117
"5910",590.9,"Simu1","KET",200,"cliver",3.13381111989924
"5911",591,"Simu1","KET",200,"cliver",3.11440723921056
"5912",591.1,"Simu1","KET",200,"cliver",3.0956591504292
"5913",591.2,"Simu1","KET",200,"cliver",3.07754138201652
"5914",591.3,"Simu1","KET",200,"cliver",3.06002946471775
"5915",591.4,"Simu1","KET",200,"cliver",3.04309989129758
"5916",591.5,"Simu1","KET",200,"cliver",3.02673007796394
"5917",591.6,"Simu1","KET",200,"cliver",3.01089832740377
"5918",591.7,"Simu1","KET",200,"cliver",2.99558379335743
"5919",591.8,"Simu1","KET",200,"cliver",2.98076644666341
"5920",591.9,"Simu1","KET",200,"cliver",2.96642704270732
"5921",592,"Simu1","KET",200,"cliver",2.95254709021314
"5922",592.1,"Simu1","KET",200,"cliver",2.93910882131767
"5923",592.2,"Simu1","KET",200,"cliver",2.92609516287148
"5924",592.3,"Simu1","KET",200,"cliver",2.91348970891348
"5925",592.4,"Simu1","KET",200,"cliver",2.90127669426755
"5926",592.5,"Simu1","KET",200,"cliver",2.88944096921311
"5927",592.6,"Simu1","KET",200,"cliver",2.87796797518353
"5928",592.7,"Simu1","KET",200,"cliver",2.86684372144815
"5929",592.8,"Simu1","KET",200,"cliver",2.85605476273621
"5930",592.9,"Simu1","KET",200,"cliver",2.84558817776255
"5931",593,"Simu1","KET",200,"cliver",2.83543154861717
"5932",593.1,"Simu1","KET",200,"cliver",2.82557294098225
"5933",593.2,"Simu1","KET",200,"cliver",2.81600088514184
"5934",593.3,"Simu1","KET",200,"cliver",2.8067043577512
"5935",593.4,"Simu1","KET",200,"cliver",2.79767276433428
"5936",593.5,"Simu1","KET",200,"cliver",2.78889592247889
"5937",593.6,"Simu1","KET",200,"cliver",2.780364045701
"5938",593.7,"Simu1","KET",200,"cliver",2.7720677279504
"5939",593.8,"Simu1","KET",200,"cliver",2.7639979287315
"5940",593.9,"Simu1","KET",200,"cliver",2.75614595881392
"5941",594,"Simu1","KET",200,"cliver",2.74850346650897
"5942",594.1,"Simu1","KET",200,"cliver",2.74106242448887
"5943",594.2,"Simu1","KET",200,"cliver",2.7338151171266
"5944",594.3,"Simu1","KET",200,"cliver",2.72675412833537
"5945",594.4,"Simu1","KET",200,"cliver",2.71987232988746
"5946",594.5,"Simu1","KET",200,"cliver",2.7131628701931
"5947",594.6,"Simu1","KET",200,"cliver",2.70661916352084
"5948",594.7,"Simu1","KET",200,"cliver",2.70023487964173
"5949",594.8,"Simu1","KET",200,"cliver",2.6940039338802
"5950",594.9,"Simu1","KET",200,"cliver",2.68792047755551
"5951",595,"Simu1","KET",200,"cliver",2.68197888879795
"5952",595.1,"Simu1","KET",200,"cliver",2.67617376372514
"5953",595.2,"Simu1","KET",200,"cliver",2.67049990796376
"5954",595.3,"Simu1","KET",200,"cliver",2.66495232850316
"5955",595.4,"Simu1","KET",200,"cliver",2.65952622586769
"5956",595.5,"Simu1","KET",200,"cliver",2.65421698659492
"5957",595.6,"Simu1","KET",200,"cliver",2.64902017600791
"5958",595.7,"Simu1","KET",200,"cliver",2.64393153126962
"5959",595.8,"Simu1","KET",200,"cliver",2.63894695470849
"5960",595.9,"Simu1","KET",200,"cliver",2.63406250740445
"5961",596,"Simu1","KET",200,"cliver",2.62927440302498
"5962",596.1,"Simu1","KET",200,"cliver",2.6245790019016
"5963",596.2,"Simu1","KET",200,"cliver",2.61997280533709
"5964",596.3,"Simu1","KET",200,"cliver",2.61545245013446
"5965",596.4,"Simu1","KET",200,"cliver",2.61101470333902
"5966",596.5,"Simu1","KET",200,"cliver",2.60665645718511
"5967",596.6,"Simu1","KET",200,"cliver",2.60237472423948
"5968",596.7,"Simu1","KET",200,"cliver",2.59816663273357
"5969",596.8,"Simu1","KET",200,"cliver",2.59402942207743
"5970",596.9,"Simu1","KET",200,"cliver",2.589960438548
"5971",597,"Simu1","KET",200,"cliver",2.58595713114498
"5972",597.1,"Simu1","KET",200,"cliver",2.58201704760789
"5973",597.2,"Simu1","KET",200,"cliver",2.57813783058773
"5974",597.3,"Simu1","KET",200,"cliver",2.57431721396749
"5975",597.4,"Simu1","KET",200,"cliver",2.57055301932551
"5976",597.5,"Simu1","KET",200,"cliver",2.56684315253619
"5977",597.6,"Simu1","KET",200,"cliver",2.56318560050271
"5978",597.7,"Simu1","KET",200,"cliver",2.55957842801657
"5979",597.8,"Simu1","KET",200,"cliver",2.55601977473899
"5980",597.9,"Simu1","KET",200,"cliver",2.55250785229957
"5981",598,"Simu1","KET",200,"cliver",2.54904094150737
"5982",598.1,"Simu1","KET",200,"cliver",2.54561738967035
"5983",598.2,"Simu1","KET",200,"cliver",2.54223560801869
"5984",598.3,"Simu1","KET",200,"cliver",2.53889406922815
"5985",598.4,"Simu1","KET",200,"cliver",2.53559130503939
"5986",598.5,"Simu1","KET",200,"cliver",2.53232590396969
"5987",598.6,"Simu1","KET",200,"cliver",2.52909650911339
"5988",598.7,"Simu1","KET",200,"cliver",2.52590181602757
"5989",598.8,"Simu1","KET",200,"cliver",2.52274057069978
"5990",598.9,"Simu1","KET",200,"cliver",2.51961156759452
"5991",599,"Simu1","KET",200,"cliver",2.51651364777537
"5992",599.1,"Simu1","KET",200,"cliver",2.5134456971001
"5993",599.2,"Simu1","KET",200,"cliver",2.51040664448554
"5994",599.3,"Simu1","KET",200,"cliver",2.5073954602398
"5995",599.4,"Simu1","KET",200,"cliver",2.50441115445912
"5996",599.5,"Simu1","KET",200,"cliver",2.50145277548683
"5997",599.6,"Simu1","KET",200,"cliver",2.49851940843202
"5998",599.7,"Simu1","KET",200,"cliver",2.49561017374562
"5999",599.8,"Simu1","KET",200,"cliver",2.49272422585167
"6000",599.9,"Simu1","KET",200,"cliver",2.48986075213995
"6001",600,"Simu1","KET",200,"cliver",2.49135083259718
"6002",600.1,"Simu1","KET",200,"cliver",6.91043525170778
"6003",600.2,"Simu1","KET",200,"cliver",19.134270834936
"6004",600.3,"Simu1","KET",200,"cliver",32.7030768633573
"6005",600.4,"Simu1","KET",200,"cliver",45.1656903884721
"6006",600.5,"Simu1","KET",200,"cliver",55.8606675647082
"6007",600.6,"Simu1","KET",200,"cliver",64.7361744375435
"6008",600.7,"Simu1","KET",200,"cliver",71.9337835749445
"6009",600.8,"Simu1","KET",200,"cliver",77.6436269712666
"6010",600.9,"Simu1","KET",200,"cliver",82.0555963964937
"6011",601,"Simu1","KET",200,"cliver",85.344289725724
"6012",601.1,"Simu1","KET",200,"cliver",87.6656159178682
"6013",601.2,"Simu1","KET",200,"cliver",89.1572552413251
"6014",601.3,"Simu1","KET",200,"cliver",89.9402470994503
"6015",601.4,"Simu1","KET",200,"cliver",90.1208004156742
"6016",601.5,"Simu1","KET",200,"cliver",89.7919580383948
"6017",601.6,"Simu1","KET",200,"cliver",89.0352051483552
"6018",601.7,"Simu1","KET",200,"cliver",87.9216913224932
"6019",601.8,"Simu1","KET",200,"cliver",86.5137066490536
"6020",601.9,"Simu1","KET",200,"cliver",84.8656337631872
"6021",602,"Simu1","KET",200,"cliver",83.0243937593334
"6022",602.1,"Simu1","KET",200,"cliver",81.0309261794036
"6023",602.2,"Simu1","KET",200,"cliver",78.9207359800516
"6024",602.3,"Simu1","KET",200,"cliver",76.7244217903876
"6025",602.4,"Simu1","KET",200,"cliver",74.4682884157924
"6026",602.5,"Simu1","KET",200,"cliver",72.1748520172915
"6027",602.6,"Simu1","KET",200,"cliver",69.8633271377559
"6028",602.7,"Simu1","KET",200,"cliver",67.5500147310966
"6029",602.8,"Simu1","KET",200,"cliver",65.2486269732543
"6030",602.9,"Simu1","KET",200,"cliver",62.9706703433332
"6031",603,"Simu1","KET",200,"cliver",60.7257016227068
"6032",603.1,"Simu1","KET",200,"cliver",58.5215307470727
"6033",603.2,"Simu1","KET",200,"cliver",56.3644562155915
"6034",603.3,"Simu1","KET",200,"cliver",54.2594903213877
"6035",603.4,"Simu1","KET",200,"cliver",52.2105338029175
"6036",603.5,"Simu1","KET",200,"cliver",50.2205185614432
"6037",603.6,"Simu1","KET",200,"cliver",48.2915371372517
"6038",603.7,"Simu1","KET",200,"cliver",46.4249655979201
"6039",603.8,"Simu1","KET",200,"cliver",44.6215736033432
"6040",603.9,"Simu1","KET",200,"cliver",42.8816175233173
"6041",604,"Simu1","KET",200,"cliver",41.2049196283749
"6042",604.1,"Simu1","KET",200,"cliver",39.5909382207686
"6043",604.2,"Simu1","KET",200,"cliver",38.0388305469328
"6044",604.3,"Simu1","KET",200,"cliver",36.5475079447143
"6045",604.4,"Simu1","KET",200,"cliver",35.1156830834471
"6046",604.5,"Simu1","KET",200,"cliver",33.7419104507256
"6047",604.6,"Simu1","KET",200,"cliver",32.4246214991988
"6048",604.7,"Simu1","KET",200,"cliver",31.1621552360951
"6049",604.8,"Simu1","KET",200,"cliver",29.9527844120094
"6050",604.9,"Simu1","KET",200,"cliver",28.7947378635412
"6051",605,"Simu1","KET",200,"cliver",27.6862193836149
"6052",605.1,"Simu1","KET",200,"cliver",26.6254236781492
"6053",605.2,"Simu1","KET",200,"cliver",25.6105497975302
"6054",605.3,"Simu1","KET",200,"cliver",24.6398123296926
"6055",605.4,"Simu1","KET",200,"cliver",23.711450612706
"6056",605.5,"Simu1","KET",200,"cliver",22.823736230764
"6057",605.6,"Simu1","KET",200,"cliver",21.9749790401093
"6058",605.7,"Simu1","KET",200,"cliver",21.1635319298954
"6059",605.8,"Simu1","KET",200,"cliver",20.3877944870157
"6060",605.9,"Simu1","KET",200,"cliver",19.6462157156022
"6061",606,"Simu1","KET",200,"cliver",18.9372959506605
"6062",606.1,"Simu1","KET",200,"cliver",18.2595880902111
"6063",606.2,"Simu1","KET",200,"cliver",17.6116982520657
"6064",606.3,"Simu1","KET",200,"cliver",16.99228594589
"6065",606.4,"Simu1","KET",200,"cliver",16.4000638401605
"6066",606.5,"Simu1","KET",200,"cliver",15.8337971946288
"6067",606.6,"Simu1","KET",200,"cliver",15.2923030198769
"6068",606.7,"Simu1","KET",200,"cliver",14.7744490167317
"6069",606.8,"Simu1","KET",200,"cliver",14.2791523398075
"6070",606.9,"Simu1","KET",200,"cliver",13.8053782256289
"6071",607,"Simu1","KET",200,"cliver",13.3521385178039
"6072",607.1,"Simu1","KET",200,"cliver",12.9184901180161
"6073",607.2,"Simu1","KET",200,"cliver",12.503533387103
"6074",607.3,"Simu1","KET",200,"cliver",12.1064105167822
"6075",607.4,"Simu1","KET",200,"cliver",11.7263038891939
"6076",607.5,"Simu1","KET",200,"cliver",11.3624344385292
"6077",607.6,"Simu1","KET",200,"cliver",11.0140600265758
"6078",607.7,"Simu1","KET",200,"cliver",10.6804738418723
"6079",607.8,"Simu1","KET",200,"cliver",10.361002830321
"6080",607.9,"Simu1","KET",200,"cliver",10.0550061634757
"6081",608,"Simu1","KET",200,"cliver",9.76187374934321
"6082",608.1,"Simu1","KET",200,"cliver",9.48102478937562
"6083",608.2,"Simu1","KET",200,"cliver",9.211906384321
"6084",608.3,"Simu1","KET",200,"cliver",8.95399219076444
"6085",608.4,"Simu1","KET",200,"cliver",8.7067811294641
"6086",608.5,"Simu1","KET",200,"cliver",8.46979614598748
"6087",608.6,"Simu1","KET",200,"cliver",8.2425830236584
"6088",608.7,"Simu1","KET",200,"cliver",8.02470924839731
"6089",608.8,"Simu1","KET",200,"cliver",7.81576292479349
"6090",608.9,"Simu1","KET",200,"cliver",7.61535174226442
"6091",609,"Simu1","KET",200,"cliver",7.42310199016324
"6092",609.1,"Simu1","KET",200,"cliver",7.23865762044106
"6093",609.2,"Simu1","KET",200,"cliver",7.06167935633892
"6094",609.3,"Simu1","KET",200,"cliver",6.89184384548942
"6095",609.4,"Simu1","KET",200,"cliver",6.72884285575177
"6096",609.5,"Simu1","KET",200,"cliver",6.5723825120751
"6097",609.6,"Simu1","KET",200,"cliver",6.42218257266919
"6098",609.7,"Simu1","KET",200,"cliver",6.27797574275091
"6099",609.8,"Simu1","KET",200,"cliver",6.13950702415422
"6100",609.9,"Simu1","KET",200,"cliver",6.00653309911586
"6101",610,"Simu1","KET",200,"cliver",5.87882174658584
"6102",610.1,"Simu1","KET",200,"cliver",5.75615128945617
"6103",610.2,"Simu1","KET",200,"cliver",5.63831007114347
"6104",610.3,"Simu1","KET",200,"cliver",5.52509596001822
"6105",610.4,"Simu1","KET",200,"cliver",5.41631588022588
"6106",610.5,"Simu1","KET",200,"cliver",5.31178536750291
"6107",610.6,"Simu1","KET",200,"cliver",5.21132814865087
"6108",610.7,"Simu1","KET",200,"cliver",5.11477574338463
"6109",610.8,"Simu1","KET",200,"cliver",5.02196708734982
"6110",610.9,"Simu1","KET",200,"cliver",4.93274817511987
"6111",611,"Simu1","KET",200,"cliver",4.84697172208427
"6112",611.1,"Simu1","KET",200,"cliver",4.76449684417853
"6113",611.2,"Simu1","KET",200,"cliver",4.68518875445795
"6114",611.3,"Simu1","KET",200,"cliver",4.60891847557094
"6115",611.4,"Simu1","KET",200,"cliver",4.53556256723889
"6116",611.5,"Simu1","KET",200,"cliver",4.46500286789956
"6117",611.6,"Simu1","KET",200,"cliver",4.39712624971929
"6118",611.7,"Simu1","KET",200,"cliver",4.33182438621992
"6119",611.8,"Simu1","KET",200,"cliver",4.26899353181155
"6120",611.9,"Simu1","KET",200,"cliver",4.20853431256188
"6121",612,"Simu1","KET",200,"cliver",4.15035152757168
"6122",612.1,"Simu1","KET",200,"cliver",4.0943539603638
"6123",612.2,"Simu1","KET",200,"cliver",4.04045419972519
"6124",612.3,"Simu1","KET",200,"cliver",3.98856846947673
"6125",612.4,"Simu1","KET",200,"cliver",3.93861646667516
"6126",612.5,"Simu1","KET",200,"cliver",3.89052120778103
"6127",612.6,"Simu1","KET",200,"cliver",3.8442088823549
"6128",612.7,"Simu1","KET",200,"cliver",3.79960871386829
"6129",612.8,"Simu1","KET",200,"cliver",3.75665282724401
"6130",612.9,"Simu1","KET",200,"cliver",3.7152761227572
"6131",613,"Simu1","KET",200,"cliver",3.67541615595602
"6132",613.1,"Simu1","KET",200,"cliver",3.63701302327974
"6133",613.2,"Simu1","KET",200,"cliver",3.60000925306948
"6134",613.3,"Simu1","KET",200,"cliver",3.564349701686
"6135",613.4,"Simu1","KET",200,"cliver",3.52998145446543
"6136",613.5,"Simu1","KET",200,"cliver",3.4968537312596
"6137",613.6,"Simu1","KET",200,"cliver",3.46491779632339
"6138",613.7,"Simu1","KET",200,"cliver",3.43412687232378
"6139",613.8,"Simu1","KET",200,"cliver",3.40443605825968
"6140",613.9,"Simu1","KET",200,"cliver",3.37580225109322
"6141",614,"Simu1","KET",200,"cliver",3.3481840709045
"6142",614.1,"Simu1","KET",200,"cliver",3.32154178939343
"6143",614.2,"Simu1","KET",200,"cliver",3.29583726156099
"6144",614.3,"Simu1","KET",200,"cliver",3.27103386041291
"6145",614.4,"Simu1","KET",200,"cliver",3.247096414537
"6146",614.5,"Simu1","KET",200,"cliver",3.22399114841378
"6147",614.6,"Simu1","KET",200,"cliver",3.20168562532778
"6148",614.7,"Simu1","KET",200,"cliver",3.18014869275453
"6149",614.8,"Simu1","KET",200,"cliver",3.15935043010483
"6150",614.9,"Simu1","KET",200,"cliver",3.13926209871392
"6151",615,"Simu1","KET",200,"cliver",3.11985609397008
"6152",615.1,"Simu1","KET",200,"cliver",3.10110589948222
"6153",615.2,"Simu1","KET",200,"cliver",3.08298604319198
"6154",615.3,"Simu1","KET",200,"cliver",3.06547205533972
"6155",615.4,"Simu1","KET",200,"cliver",3.04854042819978
"6156",615.5,"Simu1","KET",200,"cliver",3.032168577504
"6157",615.6,"Simu1","KET",200,"cliver",3.01633480547686
"6158",615.7,"Simu1","KET",200,"cliver",3.00101826540982
"6159",615.8,"Simu1","KET",200,"cliver",2.98619892770549
"6160",615.9,"Simu1","KET",200,"cliver",2.97185754732635
"6161",616,"Simu1","KET",200,"cliver",2.95797563258574
"6162",616.1,"Simu1","KET",200,"cliver",2.94453541522174
"6163",616.2,"Simu1","KET",200,"cliver",2.93151982169811
"6164",616.3,"Simu1","KET",200,"cliver",2.91891244567828
"6165",616.4,"Simu1","KET",200,"cliver",2.90669752162178
"6166",616.5,"Simu1","KET",200,"cliver",2.89485989945459
"6167",616.6,"Simu1","KET",200,"cliver",2.88338502026709
"6168",616.7,"Simu1","KET",200,"cliver",2.87225889299592
"6169",616.8,"Simu1","KET",200,"cliver",2.86146807204756
"6170",616.9,"Simu1","KET",200,"cliver",2.85099963582381
"6171",617,"Simu1","KET",200,"cliver",2.84084116611108
"6172",617.1,"Simu1","KET",200,"cliver",2.83098072829701
"6173",617.2,"Simu1","KET",200,"cliver",2.82140685238009
"6174",617.3,"Simu1","KET",200,"cliver",2.81210851473866
"6175",617.4,"Simu1","KET",200,"cliver",2.80307512062813
"6176",617.5,"Simu1","KET",200,"cliver",2.79429648737597
"6177",617.6,"Simu1","KET",200,"cliver",2.78576282824573
"6178",617.7,"Simu1","KET",200,"cliver",2.7774647369425
"6179",617.8,"Simu1","KET",200,"cliver",2.76939317273344
"6180",617.9,"Simu1","KET",200,"cliver",2.76153944615825
"6181",618,"Simu1","KET",200,"cliver",2.75389520530538
"6182",618.1,"Simu1","KET",200,"cliver",2.74645242263099
"6183",618.2,"Simu1","KET",200,"cliver",2.73920338229873
"6184",618.3,"Simu1","KET",200,"cliver",2.73214066801889
"6185",618.4,"Simu1","KET",200,"cliver",2.72525715136715
"6186",618.5,"Simu1","KET",200,"cliver",2.71854598056322
"6187",618.6,"Simu1","KET",200,"cliver",2.71200056969104
"6188",618.7,"Simu1","KET",200,"cliver",2.70561458834279
"6189",618.8,"Simu1","KET",200,"cliver",2.6993819516696
"6190",618.9,"Simu1","KET",200,"cliver",2.69329681082283
"6191",619,"Simu1","KET",200,"cliver",2.68735354377016
"6192",619.1,"Simu1","KET",200,"cliver",2.68154674647163
"6193",619.2,"Simu1","KET",200,"cliver",2.6758712244013
"6194",619.3,"Simu1","KET",200,"cliver",2.67032198440069
"6195",619.4,"Simu1","KET",200,"cliver",2.66489422685094
"6196",619.5,"Simu1","KET",200,"cliver",2.65958333815097
"6197",619.6,"Simu1","KET",200,"cliver",2.6543848834895
"6198",619.7,"Simu1","KET",200,"cliver",2.64929459989941
"6199",619.8,"Simu1","KET",200,"cliver",2.64430838958318
"6200",619.9,"Simu1","KET",200,"cliver",2.63942231349872
"6201",620,"Simu1","KET",200,"cliver",2.63463258519542
"6202",620.1,"Simu1","KET",200,"cliver",2.62993556489039
"6203",620.2,"Simu1","KET",200,"cliver",2.62532775377565
"6204",620.3,"Simu1","KET",200,"cliver",2.62080578854696
"6205",620.4,"Simu1","KET",200,"cliver",2.61636643614581
"6206",620.5,"Simu1","KET",200,"cliver",2.61200658870601
"6207",620.6,"Simu1","KET",200,"cliver",2.60772325869697
"6208",620.7,"Simu1","KET",200,"cliver",2.6035135742559
"6209",620.8,"Simu1","KET",200,"cliver",2.59937477470165
"6210",620.9,"Simu1","KET",200,"cliver",2.59530420622282
"6211",621,"Simu1","KET",200,"cliver",2.59129931773366
"6212",621.1,"Simu1","KET",200,"cliver",2.58735765689091
"6213",621.2,"Simu1","KET",200,"cliver",2.58347686626549
"6214",621.3,"Simu1","KET",200,"cliver",2.57965467966283
"6215",621.4,"Simu1","KET",200,"cliver",2.57588891858621
"6216",621.5,"Simu1","KET",200,"cliver",2.57217748883741
"6217",621.6,"Simu1","KET",200,"cliver",2.56851837724928
"6218",621.7,"Simu1","KET",200,"cliver",2.56490964854525
"6219",621.8,"Simu1","KET",200,"cliver",2.5613494423207
"6220",621.9,"Simu1","KET",200,"cliver",2.55783597014143
"6221",622,"Simu1","KET",200,"cliver",2.55436751275484
"6222",622.1,"Simu1","KET",200,"cliver",2.55094241740913
"6223",622.2,"Simu1","KET",200,"cliver",2.54755909527671
"6224",622.3,"Simu1","KET",200,"cliver",2.54421601897738
"6225",622.4,"Simu1","KET",200,"cliver",2.54091172019768
"6226",622.5,"Simu1","KET",200,"cliver",2.53764478740249
"6227",622.6,"Simu1","KET",200,"cliver",2.53441386363543
"6228",622.7,"Simu1","KET",200,"cliver",2.53121764440452
"6229",622.8,"Simu1","KET",200,"cliver",2.52805487564983
"6230",622.9,"Simu1","KET",200,"cliver",2.52492435178986
"6231",623,"Simu1","KET",200,"cliver",2.52182491384377
"6232",623.1,"Simu1","KET",200,"cliver",2.51875544762623
"6233",623.2,"Simu1","KET",200,"cliver",2.51571488201243
"6234",623.3,"Simu1","KET",200,"cliver",2.51270218727017
"6235",623.4,"Simu1","KET",200,"cliver",2.50971637345666
"6236",623.5,"Simu1","KET",200,"cliver",2.50675648887748
"6237",623.6,"Simu1","KET",200,"cliver",2.50382161860516
"6238",623.7,"Simu1","KET",200,"cliver",2.50091088305528
"6239",623.8,"Simu1","KET",200,"cliver",2.49802343661801
"6240",623.9,"Simu1","KET",200,"cliver",2.49515846648772
"6241",624,"Simu1","KET",200,"cliver",2.49664713667557
"6242",624.1,"Simu1","KET",200,"cliver",6.9157402946409
"6243",624.2,"Simu1","KET",200,"cliver",19.1396174456671
"6244",624.3,"Simu1","KET",200,"cliver",32.7084717690649
"6245",624.4,"Simu1","KET",200,"cliver",45.1711355215336
"6246",624.5,"Simu1","KET",200,"cliver",55.8661622576135
"6247",624.6,"Simu1","KET",200,"cliver",64.7417165588646
"6248",624.7,"Simu1","KET",200,"cliver",71.939370476065
"6249",624.8,"Simu1","KET",200,"cliver",77.6492556171287
"6250",624.9,"Simu1","KET",200,"cliver",82.0612625106528
"6251",625,"Simu1","KET",200,"cliver",85.3499937285839
"6252",625.1,"Simu1","KET",200,"cliver",87.6713756147213
"6253",625.2,"Simu1","KET",200,"cliver",89.1630284378428
"6254",625.3,"Simu1","KET",200,"cliver",89.9460390857377
"6255",625.4,"Simu1","KET",200,"cliver",90.1266127834845
"6256",625.5,"Simu1","KET",200,"cliver",89.7978708231578
"6257",625.6,"Simu1","KET",200,"cliver",89.0411186178036
"6258",625.7,"Simu1","KET",200,"cliver",87.9276940674579
"6259",625.8,"Simu1","KET",200,"cliver",86.5198035926935
"6260",625.9,"Simu1","KET",200,"cliver",84.871617584284
"6261",626,"Simu1","KET",200,"cliver",83.0303319386792
"6262",626.1,"Simu1","KET",200,"cliver",81.0368777436826
"6263",626.2,"Simu1","KET",200,"cliver",78.9266869224336
"6264",626.3,"Simu1","KET",200,"cliver",76.7303266144336
"6265",626.4,"Simu1","KET",200,"cliver",74.4741197802072
"6266",626.5,"Simu1","KET",200,"cliver",72.1806396187241
"6267",626.6,"Simu1","KET",200,"cliver",69.8690968019557
"6268",626.7,"Simu1","KET",200,"cliver",67.5557719184806
"6269",626.8,"Simu1","KET",200,"cliver",65.2543946114634
"6270",626.9,"Simu1","KET",200,"cliver",62.976461916881
"6271",627,"Simu1","KET",200,"cliver",60.7315040748851
"6272",627.1,"Simu1","KET",200,"cliver",58.5273287089968
"6273",627.2,"Simu1","KET",200,"cliver",56.3702479769911
"6274",627.3,"Simu1","KET",200,"cliver",54.2652801728004
"6275",627.4,"Simu1","KET",200,"cliver",52.2163228543386
"6276",627.5,"Simu1","KET",200,"cliver",50.2263035864872
"6277",627.6,"Simu1","KET",200,"cliver",48.2973148871998
"6278",627.7,"Simu1","KET",200,"cliver",46.4307352268694
"6279",627.8,"Simu1","KET",200,"cliver",44.6273354757324
"6280",627.9,"Simu1","KET",200,"cliver",42.8873714210836
"6281",628,"Simu1","KET",200,"cliver",41.2106645666445
"6282",628.1,"Simu1","KET",200,"cliver",39.5966732812087
"6283",628.2,"Simu1","KET",200,"cliver",38.0445553290149
"6284",628.3,"Simu1","KET",200,"cliver",36.5532223249218
"6285",628.4,"Simu1","KET",200,"cliver",35.1213868683915
"6286",628.5,"Simu1","KET",200,"cliver",33.7476033414667
"6287",628.6,"Simu1","KET",200,"cliver",32.4303032440308
"6288",628.7,"Simu1","KET",200,"cliver",31.1678256902686
"6289",628.8,"Simu1","KET",200,"cliver",29.9584435335031
"6290",628.9,"Simu1","KET",200,"cliver",28.8003856370791
"6291",629,"Simu1","KET",200,"cliver",27.6918558001964
"6292",629.1,"Simu1","KET",200,"cliver",26.631048753456
"6293",629.2,"Simu1","KET",200,"cliver",25.6161635851502
"6294",629.3,"Simu1","KET",200,"cliver",24.6454149128108
"6295",629.4,"Simu1","KET",200,"cliver",23.7170420903451
"6296",629.5,"Simu1","KET",200,"cliver",22.8293167134082
"6297",629.6,"Simu1","KET",200,"cliver",21.9805486523303
"6298",629.7,"Simu1","KET",200,"cliver",21.1690908112753
"6299",629.8,"Simu1","KET",200,"cliver",20.3933427889553
"6300",629.9,"Simu1","KET",200,"cliver",19.6517535975384
"6301",630,"Simu1","KET",200,"cliver",18.9428235783729
"6302",630.1,"Simu1","KET",200,"cliver",18.2651056354675
"6303",630.2,"Simu1","KET",200,"cliver",17.6172058919155
"6304",630.3,"Simu1","KET",200,"cliver",16.9977838612578
"6305",630.4,"Simu1","KET",200,"cliver",16.4055522144781
"6306",630.5,"Simu1","KET",200,"cliver",15.8392762129735
"6307",630.6,"Simu1","KET",200,"cliver",15.2977728683811
"6308",630.7,"Simu1","KET",200,"cliver",14.7799098819467
"6309",630.8,"Simu1","KET",200,"cliver",14.2846044082784
"6310",630.9,"Simu1","KET",200,"cliver",13.8108216831088
"6311",631,"Simu1","KET",200,"cliver",13.3575735487625
"6312",631.1,"Simu1","KET",200,"cliver",12.9239169053032
"6313",631.2,"Simu1","KET",200,"cliver",12.5089521116629
"6314",631.3,"Simu1","KET",200,"cliver",12.1118213573487
"6315",631.4,"Simu1","KET",200,"cliver",11.7317070220043
"6316",631.5,"Simu1","KET",200,"cliver",11.3678300371032
"6317",631.6,"Simu1","KET",200,"cliver",11.0194482615456
"6318",631.7,"Simu1","KET",200,"cliver",10.6858548808459
"6319",631.8,"Simu1","KET",200,"cliver",10.3663768377577
"6320",631.9,"Simu1","KET",200,"cliver",10.0603733005837
"6321",632,"Simu1","KET",200,"cliver",9.76723417400526
"6322",632.1,"Simu1","KET",200,"cliver",9.48637865609466
"6323",632.2,"Simu1","KET",200,"cliver",9.21725384418548
"6324",632.3,"Simu1","KET",200,"cliver",8.95933339142461
"6325",632.4,"Simu1","KET",200,"cliver",8.71211621512124
"6326",632.5,"Simu1","KET",200,"cliver",8.47512525739718
"6327",632.6,"Simu1","KET",200,"cliver",8.24790629814426
"6328",632.7,"Simu1","KET",200,"cliver",8.03002681987723
"6329",632.8,"Simu1","KET",200,"cliver",7.8210749237875
"6330",632.9,"Simu1","KET",200,"cliver",7.62065829594582
"6331",633,"Simu1","KET",200,"cliver",7.42840322240457
"6332",633.1,"Simu1","KET",200,"cliver",7.24395365185679
"6333",633.2,"Simu1","KET",200,"cliver",7.06697030433254
"6334",633.3,"Simu1","KET",200,"cliver",6.89712982430589
"6335",633.4,"Simu1","KET",200,"cliver",6.7341239765352
"6336",633.5,"Simu1","KET",200,"cliver",6.57765888292886
"6337",633.6,"Simu1","KET",200,"cliver",6.42745429871466
"6338",633.7,"Simu1","KET",200,"cliver",6.28324292618901
"6339",633.8,"Simu1","KET",200,"cliver",6.14476976432769
"6340",633.9,"Simu1","KET",200,"cliver",6.01179149257269
"6341",634,"Simu1","KET",200,"cliver",5.88407588714353
"6342",634.1,"Simu1","KET",200,"cliver",5.7614012682645
"6343",634.2,"Simu1","KET",200,"cliver",5.64355597674863
"6344",634.3,"Simu1","KET",200,"cliver",5.53033787842597
"6345",634.4,"Simu1","KET",200,"cliver",5.42155389496449
"6346",634.5,"Simu1","KET",200,"cliver",5.31701955968601
"6347",634.6,"Simu1","KET",200,"cliver",5.21655859703889
"6348",634.7,"Simu1","KET",200,"cliver",5.1200025244469
"6349",634.8,"Simu1","KET",200,"cliver",5.02719027532042
"6350",634.9,"Simu1","KET",200,"cliver",4.93796784205983
"6351",635,"Simu1","KET",200,"cliver",4.8521879379408
"6352",635.1,"Simu1","KET",200,"cliver",4.76970967684115
"6353",635.2,"Simu1","KET",200,"cliver",4.69039826981408
"6354",635.3,"Simu1","KET",200,"cliver",4.61412473756059
"6355",635.4,"Simu1","KET",200,"cliver",4.54076563790866
"6356",635.5,"Simu1","KET",200,"cliver",4.47020280745578
"6357",635.6,"Simu1","KET",200,"cliver",4.40232311657892
"6358",635.7,"Simu1","KET",200,"cliver",4.33701823706104
"6359",635.8,"Simu1","KET",200,"cliver",4.27418442162238
"6360",635.9,"Simu1","KET",200,"cliver",4.21372229468879
"6361",636,"Simu1","KET",200,"cliver",4.15553665376632
"6362",636.1,"Simu1","KET",200,"cliver",4.09953628082831
"6363",636.2,"Simu1","KET",200,"cliver",4.04563376315704
"6364",636.3,"Simu1","KET",200,"cliver",3.99374532311205
"6365",636.4,"Simu1","KET",200,"cliver",3.94379065633106
"6366",636.5,"Simu1","KET",200,"cliver",3.89569277789698
"6367",636.6,"Simu1","KET",200,"cliver",3.84937787603272
"6368",636.7,"Simu1","KET",200,"cliver",3.80477517291149
"6369",636.8,"Simu1","KET",200,"cliver",3.76181679219528
"6370",636.9,"Simu1","KET",200,"cliver",3.72043763293583
"6371",637,"Simu1","KET",200,"cliver",3.68057524949428
"6372",637.1,"Simu1","KET",200,"cliver",3.64216973715765
"6373",637.2,"Simu1","KET",200,"cliver",3.60516362314897
"6374",637.3,"Simu1","KET",200,"cliver",3.56950176274409
"6375",637.4,"Simu1","KET",200,"cliver",3.53513124022651
"6376",637.5,"Simu1","KET",200,"cliver",3.50200127442702
"6377",637.6,"Simu1","KET",200,"cliver",3.47006312860975
"6378",637.7,"Simu1","KET",200,"cliver",3.4392700244807
"6379",637.8,"Simu1","KET",200,"cliver",3.40957706010668
"6380",637.9,"Simu1","KET",200,"cliver",3.38094113154568
"6381",638,"Simu1","KET",200,"cliver",3.35332085800107
"6382",638.1,"Simu1","KET",200,"cliver",3.32667651032232
"6383",638.2,"Simu1","KET",200,"cliver",3.30096994268579
"6384",638.3,"Simu1","KET",200,"cliver",3.2761645272976
"6385",638.4,"Simu1","KET",200,"cliver",3.25222509197022
"6386",638.5,"Simu1","KET",200,"cliver",3.2291178604324
"6387",638.6,"Simu1","KET",200,"cliver",3.20681039523984
"6388",638.7,"Simu1","KET",200,"cliver",3.18527154316153
"6389",638.8,"Simu1","KET",200,"cliver",3.16447138292321
"6390",638.9,"Simu1","KET",200,"cliver",3.14438117519615
"6391",639,"Simu1","KET",200,"cliver",3.12497331472503
"6392",639.1,"Simu1","KET",200,"cliver",3.10622128449499
"6393",639.2,"Simu1","KET",200,"cliver",3.08809961184301
"6394",639.3,"Simu1","KET",200,"cliver",3.0705838264235
"6395",639.4,"Simu1","KET",200,"cliver",3.05365041994296
"6396",639.5,"Simu1","KET",200,"cliver",3.03727680758292
"6397",639.6,"Simu1","KET",200,"cliver",3.02144129103465
"6398",639.7,"Simu1","KET",200,"cliver",3.00612302307293
"6399",639.8,"Simu1","KET",200,"cliver",2.99130197359975
"6400",639.9,"Simu1","KET",200,"cliver",2.97695889709257
"6401",640,"Simu1","KET",200,"cliver",2.96307530139482
"6402",640.1,"Simu1","KET",200,"cliver",2.94963341778938
"6403",640.2,"Simu1","KET",200,"cliver",2.93661617229901
"6404",640.3,"Simu1","KET",200,"cliver",2.92400715815997
"6405",640.4,"Simu1","KET",200,"cliver",2.91179060941803
"6406",640.5,"Simu1","KET",200,"cliver",2.89995137559839
"6407",640.6,"Simu1","KET",200,"cliver",2.88847489740328
"6408",640.7,"Simu1","KET",200,"cliver",2.87734718339341
"6409",640.8,"Simu1","KET",200,"cliver",2.86655478761116
"6410",640.9,"Simu1","KET",200,"cliver",2.85608478810578
"6411",641,"Simu1","KET",200,"cliver",2.84592476632224
"6412",641.1,"Simu1","KET",200,"cliver",2.83606278731761
"6413",641.2,"Simu1","KET",200,"cliver",2.82648738077023
"6414",641.3,"Simu1","KET",200,"cliver",2.8171875227485
"6415",641.4,"Simu1","KET",200,"cliver",2.80815261820774
"6416",641.5,"Simu1","KET",200,"cliver",2.79937248418488
"6417",641.6,"Simu1","KET",200,"cliver",2.79083733366219
"6418",641.7,"Simu1","KET",200,"cliver",2.78253776007245
"6419",641.8,"Simu1","KET",200,"cliver",2.77446472241924
"6420",641.9,"Simu1","KET",200,"cliver",2.76660953098708
"6421",642,"Simu1","KET",200,"cliver",2.75896383361743
"6422",642.1,"Simu1","KET",200,"cliver",2.75151960252741
"6423",642.2,"Simu1","KET",200,"cliver",2.74426912164923
"6424",642.3,"Simu1","KET",200,"cliver",2.73720497446927
"6425",642.4,"Simu1","KET",200,"cliver",2.73032003234644
"6426",642.5,"Simu1","KET",200,"cliver",2.72360744329068
"6427",642.6,"Simu1","KET",200,"cliver",2.71706062118293
"6428",642.7,"Simu1","KET",200,"cliver",2.71067323541892
"6429",642.8,"Simu1","KET",200,"cliver",2.70443920095969
"6430",642.9,"Simu1","KET",200,"cliver",2.69835266877264
"6431",643,"Simu1","KET",200,"cliver",2.69240801664745
"6432",643.1,"Simu1","KET",200,"cliver",2.68659984037195
"6433",643.2,"Simu1","KET",200,"cliver",2.68092294525354
"6434",643.3,"Simu1","KET",200,"cliver",2.67537233797252
"6435",643.4,"Simu1","KET",200,"cliver",2.66994321875405
"6436",643.5,"Simu1","KET",200,"cliver",2.66463097384614
"6437",643.6,"Simu1","KET",200,"cliver",2.65943116829149
"6438",643.7,"Simu1","KET",200,"cliver",2.65433953898176
"6439",643.8,"Simu1","KET",200,"cliver",2.64935198798277
"6440",643.9,"Simu1","KET",200,"cliver",2.64446457612028
"6441",644,"Simu1","KET",200,"cliver",2.63967351681581
"6442",644.1,"Simu1","KET",200,"cliver",2.63497517016279
"6443",644.2,"Simu1","KET",200,"cliver",2.63036603723361
"6444",644.3,"Simu1","KET",200,"cliver",2.62584275460831
"6445",644.4,"Simu1","KET",200,"cliver",2.62140208911647
"6446",644.5,"Simu1","KET",200,"cliver",2.61704093278364
"6447",644.6,"Simu1","KET",200,"cliver",2.61275629797451
"6448",644.7,"Simu1","KET",200,"cliver",2.60854531272505
"6449",644.8,"Simu1","KET",200,"cliver",2.60440521625614
"6450",644.9,"Simu1","KET",200,"cliver",2.60033335466169
"6451",645,"Simu1","KET",200,"cliver",2.59632717676434
"6452",645.1,"Simu1","KET",200,"cliver",2.59238423013222
"6453",645.2,"Simu1","KET",200,"cliver",2.58850215725058
"6454",645.3,"Simu1","KET",200,"cliver",2.58467869184201
"6455",645.4,"Simu1","KET",200,"cliver",2.58091165532968
"6456",645.5,"Simu1","KET",200,"cliver",2.57719895343786
"6457",645.6,"Simu1","KET",200,"cliver",2.57353857292448
"6458",645.7,"Simu1","KET",200,"cliver",2.56992857844053
"6459",645.8,"Simu1","KET",200,"cliver",2.56636710951132
"6460",645.9,"Simu1","KET",200,"cliver",2.56285237763492
"6461",646,"Simu1","KET",200,"cliver",2.55938266349319
"6462",646.1,"Simu1","KET",200,"cliver",2.55595631427101
"6463",646.2,"Simu1","KET",200,"cliver",2.55257174107953
"6464",646.3,"Simu1","KET",200,"cliver",2.54922741647933
"6465",646.4,"Simu1","KET",200,"cliver",2.54592187209967
"6466",646.5,"Simu1","KET",200,"cliver",2.54265369635006
"6467",646.6,"Simu1","KET",200,"cliver",2.53942153222058
"6468",646.7,"Simu1","KET",200,"cliver",2.53622407516749
"6469",646.8,"Simu1","KET",200,"cliver",2.53306007108077
"6470",646.9,"Simu1","KET",200,"cliver",2.52992831433055
"6471",647,"Simu1","KET",200,"cliver",2.52682764588917
"6472",647.1,"Simu1","KET",200,"cliver",2.52375695152606
"6473",647.2,"Simu1","KET",200,"cliver",2.52071516007265
"6474",647.3,"Simu1","KET",200,"cliver",2.51770124175442
"6475",647.4,"Simu1","KET",200,"cliver",2.51471420658769
"6476",647.5,"Simu1","KET",200,"cliver",2.51175310283848
"6477",647.6,"Simu1","KET",200,"cliver",2.50881701554108
"6478",647.7,"Simu1","KET",200,"cliver",2.50590506507407
"6479",647.8,"Simu1","KET",200,"cliver",2.50301640579149
"6480",647.9,"Simu1","KET",200,"cliver",2.50015023496799
"6481",648,"Simu1","KET",200,"cliver",2.5016376499111
"6482",648.1,"Simu1","KET",200,"cliver",6.92073005646628
"6483",648.2,"Simu1","KET",200,"cliver",19.1446101651879
"6484",648.3,"Simu1","KET",200,"cliver",32.7134731405344
"6485",648.4,"Simu1","KET",200,"cliver",45.176150721111
"6486",648.5,"Simu1","KET",200,"cliver",55.8711953105137
"6487",648.6,"Simu1","KET",200,"cliver",64.7467703393156
"6488",648.7,"Simu1","KET",200,"cliver",71.9444468700597
"6489",648.8,"Simu1","KET",200,"cliver",77.6543557067736
"6490",648.9,"Simu1","KET",200,"cliver",82.066386738155
"6491",649,"Simu1","KET",200,"cliver",85.3551420173254
"6492",649.1,"Simu1","KET",200,"cliver",87.6765463036107
"6493",649.2,"Simu1","KET",200,"cliver",89.1682499074701
"6494",649.3,"Simu1","KET",200,"cliver",89.9512817477517
"6495",649.4,"Simu1","KET",200,"cliver",90.1319310338679
"6496",649.5,"Simu1","KET",200,"cliver",89.8030851347769
"6497",649.6,"Simu1","KET",200,"cliver",89.0463734321413
"6498",649.7,"Simu1","KET",200,"cliver",87.9329369989065
"6499",649.8,"Simu1","KET",200,"cliver",86.5250812494676
"6500",649.9,"Simu1","KET",200,"cliver",84.8769291948614
"6501",650,"Simu1","KET",200,"cliver",83.0356493839159
"6502",650.1,"Simu1","KET",200,"cliver",81.0422043649758
"6503",650.2,"Simu1","KET",200,"cliver",78.9320294700238
"6504",650.3,"Simu1","KET",200,"cliver",76.7357061479502
"6505",650.4,"Simu1","KET",200,"cliver",74.4795226589512
"6506",650.5,"Simu1","KET",200,"cliver",72.1860262681563
"6507",650.6,"Simu1","KET",200,"cliver",69.8744700147649
"6508",650.7,"Simu1","KET",200,"cliver",67.5611498001352
"6509",650.8,"Simu1","KET",200,"cliver",65.2597825131931
"6510",650.9,"Simu1","KET",200,"cliver",62.9818513706473
"6511",651,"Simu1","KET",200,"cliver",60.7368879927997
"6512",651.1,"Simu1","KET",200,"cliver",58.5327075707629
"6513",651.2,"Simu1","KET",200,"cliver",56.3756247870021
"6514",651.3,"Simu1","KET",200,"cliver",54.2706551285681
"6515",651.4,"Simu1","KET",200,"cliver",52.2216937542734
"6516",651.5,"Simu1","KET",200,"cliver",50.2316687574956
"6517",651.6,"Simu1","KET",200,"cliver",48.3026741800059
"6518",651.7,"Simu1","KET",200,"cliver",46.4360889071514
"6519",651.8,"Simu1","KET",200,"cliver",44.6326832464287
"6520",651.9,"Simu1","KET",200,"cliver",42.8927125893885
"6521",652,"Simu1","KET",200,"cliver",41.2159986171881
"6522",652.1,"Simu1","KET",200,"cliver",39.602000024505
"6523",652.2,"Simu1","KET",200,"cliver",38.0498746632581
"6524",652.3,"Simu1","KET",200,"cliver",36.5585340572858
"6525",652.4,"Simu1","KET",200,"cliver",35.1266907613481
"6526",652.5,"Simu1","KET",200,"cliver",33.7528992218781
"6527",652.6,"Simu1","KET",200,"cliver",32.4355910219045
"6528",652.7,"Simu1","KET",200,"cliver",31.1731053015938
"6529",652.8,"Simu1","KET",200,"cliver",29.9637149145044
"6530",652.9,"Simu1","KET",200,"cliver",28.8056487440697
"6531",653,"Simu1","KET",200,"cliver",27.6971106151207
"6532",653.1,"Simu1","KET",200,"cliver",26.6362952821216
"6533",653.2,"Simu1","KET",200,"cliver",25.6214018479208
"6534",653.3,"Simu1","KET",200,"cliver",24.6506449410489
"6535",653.4,"Simu1","KET",200,"cliver",23.7222639281975
"6536",653.5,"Simu1","KET",200,"cliver",22.8345304188293
"6537",653.6,"Simu1","KET",200,"cliver",21.9857542950595
"6538",653.7,"Simu1","KET",200,"cliver",21.174288470036
"6539",653.8,"Simu1","KET",200,"cliver",20.3985325500235
"6540",653.9,"Simu1","KET",200,"cliver",19.6569355543862
"6541",654,"Simu1","KET",200,"cliver",18.9479978311392
"6542",654.1,"Simu1","KET",200,"cliver",18.270272289884
"6543",654.2,"Simu1","KET",200,"cliver",17.6223650581834
"6544",654.3,"Simu1","KET",200,"cliver",17.0029356532686
"6545",654.4,"Simu1","KET",200,"cliver",16.4106967492797
"6546",654.5,"Simu1","KET",200,"cliver",15.84441361023
"6547",654.6,"Simu1","KET",200,"cliver",15.3029032497673
"6548",654.7,"Simu1","KET",200,"cliver",14.7850333704505
"6549",654.8,"Simu1","KET",200,"cliver",14.2897211279154
"6550",654.9,"Simu1","KET",200,"cliver",13.8159317587426
"6551",655,"Simu1","KET",200,"cliver",13.3626771054474
"6552",655.1,"Simu1","KET",200,"cliver",12.9290140678914
"6553",655.2,"Simu1","KET",200,"cliver",12.5140430045542
"6554",655.3,"Simu1","KET",200,"cliver",12.1169061043043
"6555",655.4,"Simu1","KET",200,"cliver",11.7367857459266
"6556",655.5,"Simu1","KET",200,"cliver",11.3729028597981
"6557",655.6,"Simu1","KET",200,"cliver",11.0245153035237
"6558",655.7,"Simu1","KET",200,"cliver",10.6909162611745
"6559",655.8,"Simu1","KET",200,"cliver",10.3714326739394
"6560",655.9,"Simu1","KET",200,"cliver",10.0654237084399
"6561",656,"Simu1","KET",200,"cliver",9.77227926757036
"6562",656.1,"Simu1","KET",200,"cliver",9.49141854752878
"6563",656.2,"Simu1","KET",200,"cliver",9.22228864370636
"6564",656.3,"Simu1","KET",200,"cliver",8.96436320725297
"6565",656.4,"Simu1","KET",200,"cliver",8.71714115343498
"6566",656.5,"Simu1","KET",200,"cliver",8.48014542229457
"6567",656.6,"Simu1","KET",200,"cliver",8.25292179161702
"6568",656.7,"Simu1","KET",200,"cliver",8.03503774180611
"6569",656.8,"Simu1","KET",200,"cliver",7.82608137191494
"6570",656.9,"Simu1","KET",200,"cliver",7.62566036584976
"6571",657,"Simu1","KET",200,"cliver",7.43340100753141
"6572",657.1,"Simu1","KET",200,"cliver",7.2489472435331
"6573",657.2,"Simu1","KET",200,"cliver",7.07195979177066
"6574",657.3,"Simu1","KET",200,"cliver",6.90211529461165
"6575",657.4,"Simu1","KET",200,"cliver",6.73910551472616
"6576",657.5,"Simu1","KET",200,"cliver",6.58263657195984
"6577",657.6,"Simu1","KET",200,"cliver",6.43242821950398
"6578",657.7,"Simu1","KET",200,"cliver",6.28821315764424
"6579",657.8,"Simu1","KET",200,"cliver",6.14973638337312
"6580",657.9,"Simu1","KET",200,"cliver",6.01675457417979
"6581",658,"Simu1","KET",200,"cliver",5.88903550436357
"6582",658.1,"Simu1","KET",200,"cliver",5.76635749226182
"6583",658.2,"Simu1","KET",200,"cliver",5.64850887683436
"6584",658.3,"Simu1","KET",200,"cliver",5.53528752209251
"6585",658.4,"Simu1","KET",200,"cliver",5.42650034792077
"6586",658.5,"Simu1","KET",200,"cliver",5.3219628858934
"6587",658.6,"Simu1","KET",200,"cliver",5.22149885874716
"6588",658.7,"Simu1","KET",200,"cliver",5.12493978223287
"6589",658.8,"Simu1","KET",200,"cliver",5.03212458812085
"6590",658.9,"Simu1","KET",200,"cliver",4.94289926720353
"6591",659,"Simu1","KET",200,"cliver",4.85711653119066
"6592",659.1,"Simu1","KET",200,"cliver",4.77463549243089
"6593",659.2,"Simu1","KET",200,"cliver",4.69532136048279
"6594",659.3,"Simu1","KET",200,"cliver",4.61904515458657
"6595",659.4,"Simu1","KET",200,"cliver",4.54568343114419
"6596",659.5,"Simu1","KET",200,"cliver",4.47511802536235
"6597",659.6,"Simu1","KET",200,"cliver",4.40723580626166
"6598",659.7,"Simu1","KET",200,"cliver",4.34192844430205
"6599",659.8,"Simu1","KET",200,"cliver",4.27909219091362
"6600",659.9,"Simu1","KET",200,"cliver",4.21862766926464
"6601",660,"Simu1","KET",200,"cliver",4.16043967563576
"6602",660.1,"Simu1","KET",200,"cliver",4.10443699080646
"6603",660.2,"Simu1","KET",200,"cliver",4.05053220089603
"6604",660.3,"Simu1","KET",200,"cliver",3.99864152713129
"6605",660.4,"Simu1","KET",200,"cliver",3.948684664047
"6606",660.5,"Simu1","KET",200,"cliver",3.90058462565232
"6607",660.6,"Simu1","KET",200,"cliver",3.85426759912495
"6608",660.7,"Simu1","KET",200,"cliver",3.80966280562124
"6609",660.8,"Simu1","KET",200,"cliver",3.76670236781319
"6610",660.9,"Simu1","KET",200,"cliver",3.72532118378881
"6611",661,"Simu1","KET",200,"cliver",3.68545680697251
"6612",661.1,"Simu1","KET",200,"cliver",3.64704933174034
"6613",661.2,"Simu1","KET",200,"cliver",3.61004128442926
"6614",661.3,"Simu1","KET",200,"cliver",3.57437751945328
"6615",661.4,"Simu1","KET",200,"cliver",3.54000512025792
"6616",661.5,"Simu1","KET",200,"cliver",3.50687330485943
"6617",661.6,"Simu1","KET",200,"cliver",3.47493333573018
"6618",661.7,"Simu1","KET",200,"cliver",3.44413843380667
"6619",661.8,"Simu1","KET",200,"cliver",3.41444369640777
"6620",661.9,"Simu1","KET",200,"cliver",3.38580601886474
"6621",662,"Simu1","KET",200,"cliver",3.35818401967485
"6622",662.1,"Simu1","KET",200,"cliver",3.33153796900157
"6623",662.2,"Simu1","KET",200,"cliver",3.30582972035488
"6624",662.3,"Simu1","KET",200,"cliver",3.28102264529361
"6625",662.4,"Simu1","KET",200,"cliver",3.25708157100155
"6626",662.5,"Simu1","KET",200,"cliver",3.23397272059697
"6627",662.6,"Simu1","KET",200,"cliver",3.2116636560427
"6628",662.7,"Simu1","KET",200,"cliver",3.19012322353217
"6629",662.8,"Simu1","KET",200,"cliver",3.16932150123225
"6630",662.9,"Simu1","KET",200,"cliver",3.14922974927154
"6631",663,"Simu1","KET",200,"cliver",3.1298203618681
"6632",663.1,"Simu1","KET",200,"cliver",3.11106682149593
"6633",663.2,"Simu1","KET",200,"cliver",3.09294365499593
"6634",663.3,"Simu1","KET",200,"cliver",3.07542639154101
"6635",663.4,"Simu1","KET",200,"cliver",3.05849152237043
"6636",663.5,"Simu1","KET",200,"cliver",3.04211646221239
"6637",663.6,"Simu1","KET",200,"cliver",3.0262795123183
"6638",663.7,"Simu1","KET",200,"cliver",3.0109598250362
"6639",663.8,"Simu1","KET",200,"cliver",2.9961373698541
"6640",663.9,"Simu1","KET",200,"cliver",2.98179290084791
"6641",664,"Simu1","KET",200,"cliver",2.96790792547154
"6642",664.1,"Simu1","KET",200,"cliver",2.95446467463009
"6643",664.2,"Simu1","KET",200,"cliver",2.94144607397996
"6644",664.3,"Simu1","KET",200,"cliver",2.92883571640212
"6645",664.4,"Simu1","KET",200,"cliver",2.91661783559781
"6646",664.5,"Simu1","KET",200,"cliver",2.90477728075817
"6647",664.6,"Simu1","KET",200,"cliver",2.89329949226155
"6648",664.7,"Simu1","KET",200,"cliver",2.88217047835465
"6649",664.8,"Simu1","KET",200,"cliver",2.87137679277545
"6650",664.9,"Simu1","KET",200,"cliver",2.86090551327808
"6651",665,"Simu1","KET",200,"cliver",2.85074422102149
"6652",665.1,"Simu1","KET",200,"cliver",2.8408809807855
"6653",665.2,"Simu1","KET",200,"cliver",2.83130432197976
"6654",665.3,"Simu1","KET",200,"cliver",2.82200322041227
"6655",665.4,"Simu1","KET",200,"cliver",2.81296708078596
"6656",665.5,"Simu1","KET",200,"cliver",2.80418571989324
"6657",665.6,"Simu1","KET",200,"cliver",2.7956493504794
"6658",665.7,"Simu1","KET",200,"cliver",2.78734856574764
"6659",665.8,"Simu1","KET",200,"cliver",2.77927432447908
"6660",665.9,"Simu1","KET",200,"cliver",2.77141793674274
"6661",666,"Simu1","KET",200,"cliver",2.7637710501713
"6662",666.1,"Simu1","KET",200,"cliver",2.7563256367796
"6663",666.2,"Simu1","KET",200,"cliver",2.74907398030397
"6664",666.3,"Simu1","KET",200,"cliver",2.742008664041
"6665",666.4,"Simu1","KET",200,"cliver",2.73512255916581
"6666",666.5,"Simu1","KET",200,"cliver",2.72840881351032
"6667",666.6,"Simu1","KET",200,"cliver",2.72186084078305
"6668",666.7,"Simu1","KET",200,"cliver",2.71547231021278
"6669",666.8,"Simu1","KET",200,"cliver",2.70923713659886
"6670",666.9,"Simu1","KET",200,"cliver",2.7031494707521
"6671",667,"Simu1","KET",200,"cliver",2.6972036903106
"6672",667.1,"Simu1","KET",200,"cliver",2.69139439091536
"6673",667.2,"Simu1","KET",200,"cliver",2.68571637773168
"6674",667.3,"Simu1","KET",200,"cliver",2.68016465730224
"6675",667.4,"Simu1","KET",200,"cliver",2.67473442971897
"6676",667.5,"Simu1","KET",200,"cliver",2.66942108110089
"6677",667.6,"Simu1","KET",200,"cliver",2.66422017636587
"6678",667.7,"Simu1","KET",200,"cliver",2.65912745228468
"6679",667.8,"Simu1","KET",200,"cliver",2.65413881080616
"6680",667.9,"Simu1","KET",200,"cliver",2.64925031264281
"6681",668,"Simu1","KET",200,"cliver",2.64445817110653
"6682",668.1,"Simu1","KET",200,"cliver",2.63975874618468
"6683",668.2,"Simu1","KET",200,"cliver",2.63514853884693
"6684",668.3,"Simu1","KET",200,"cliver",2.63062418557397
"6685",668.4,"Simu1","KET",200,"cliver",2.62618245309917
"6686",668.5,"Simu1","KET",200,"cliver",2.62182023335502
"6687",668.6,"Simu1","KET",200,"cliver",2.61753453861614
"6688",668.7,"Simu1","KET",200,"cliver",2.61332249683132
"6689",668.8,"Simu1","KET",200,"cliver",2.6091813471371
"6690",668.9,"Simu1","KET",200,"cliver",2.60510843554576
"6691",669,"Simu1","KET",200,"cliver",2.60110121080096
"6692",669.1,"Simu1","KET",200,"cliver",2.59715722039443
"6693",669.2,"Simu1","KET",200,"cliver",2.59327410673747
"6694",669.3,"Simu1","KET",200,"cliver",2.58944960348114
"6695",669.4,"Simu1","KET",200,"cliver",2.58568153197938
"6696",669.5,"Simu1","KET",200,"cliver",2.5819677978895
"6697",669.6,"Simu1","KET",200,"cliver",2.57830638790466
"6698",669.7,"Simu1","KET",200,"cliver",2.57469536661315
"6699",669.8,"Simu1","KET",200,"cliver",2.57113287347965
"6700",669.9,"Simu1","KET",200,"cliver",2.56761711994356
"6701",670,"Simu1","KET",200,"cliver",2.56414638663
"6702",670.1,"Simu1","KET",200,"cliver",2.56071902066895
"6703",670.2,"Simu1","KET",200,"cliver",2.55733343311845
"6704",670.3,"Simu1","KET",200,"cliver",2.5539880964877
"6705",670.4,"Simu1","KET",200,"cliver",2.55068154235627
"6706",670.5,"Simu1","KET",200,"cliver",2.54741235908562
"6707",670.6,"Simu1","KET",200,"cliver",2.5441791896193
"6708",670.7,"Simu1","KET",200,"cliver",2.5409807293686
"6709",670.8,"Simu1","KET",200,"cliver",2.53781572418001
"6710",670.9,"Simu1","KET",200,"cliver",2.53468296838155
"6711",671,"Simu1","KET",200,"cliver",2.53158130290487
"6712",671.1,"Simu1","KET",200,"cliver",2.52850961348002
"6713",671.2,"Simu1","KET",200,"cliver",2.52546682890034
"6714",671.3,"Simu1","KET",200,"cliver",2.52245191935448
"6715",671.4,"Simu1","KET",200,"cliver",2.51946389482314
"6716",671.5,"Simu1","KET",200,"cliver",2.51650180353785
"6717",671.6,"Simu1","KET",200,"cliver",2.51356473049958
"6718",671.7,"Simu1","KET",200,"cliver",2.51065179605466
"6719",671.8,"Simu1","KET",200,"cliver",2.50776215452596
"6720",671.9,"Simu1","KET",200,"cliver",2.50489499302846
"6721",672,"Simu1","KET",200,"cliver",2.50638143068456
"6722",672.1,"Simu1","KET",200,"cliver",6.92546362932662
"6723",672.2,"Simu1","KET",200,"cliver",19.1493026843954
"6724",672.3,"Simu1","KET",200,"cliver",32.7181224669345
"6725",672.4,"Simu1","KET",200,"cliver",45.1807651262573
"6726",672.5,"Simu1","KET",200,"cliver",55.8757848760934
"6727",672.6,"Simu1","KET",200,"cliver",64.7513446814888
"6728",672.7,"Simu1","KET",200,"cliver",71.9490140162326
"6729",672.8,"Simu1","KET",200,"cliver",77.6589223667503
"6730",672.9,"Simu1","KET",200,"cliver",82.070958788871
"6731",673,"Simu1","KET",200,"cliver",85.3597220177569
"6732",673.1,"Simu1","KET",200,"cliver",87.6811268502017
"6733",673.2,"Simu1","KET",200,"cliver",89.1728420274785
"6734",673.3,"Simu1","KET",200,"cliver",89.9558925369763
"6735",673.4,"Simu1","KET",200,"cliver",90.1364982614412
"6736",673.5,"Simu1","KET",200,"cliver",89.8076929406166
"6737",673.6,"Simu1","KET",200,"cliver",89.0509159550333
"6738",673.7,"Simu1","KET",200,"cliver",87.9375754124482
"6739",673.8,"Simu1","KET",200,"cliver",86.5297487845762
"6740",673.9,"Simu1","KET",200,"cliver",84.8816022450397
"6741",674,"Simu1","KET",200,"cliver",83.0403561505099
"6742",674.1,"Simu1","KET",200,"cliver",81.0469385291
"6743",674.2,"Simu1","KET",200,"cliver",78.9367806703976
"6744",674.3,"Simu1","KET",200,"cliver",76.7404514226589
"6745",674.4,"Simu1","KET",200,"cliver",74.4842698439679
"6746",674.5,"Simu1","KET",200,"cliver",72.1908109822715
"6747",674.6,"Simu1","KET",200,"cliver",69.8792879341515
"6748",674.7,"Simu1","KET",200,"cliver",67.5659802017998
"6749",674.8,"Simu1","KET",200,"cliver",65.2646175014811
"6750",674.9,"Simu1","KET",200,"cliver",62.9866970222556
"6751",675,"Simu1","KET",200,"cliver",60.74174912421
"6752",675.1,"Simu1","KET",200,"cliver",58.5375815595884
"6753",675.2,"Simu1","KET",200,"cliver",56.380506625701
"6754",675.3,"Simu1","KET",200,"cliver",54.2755427576067
"6755",675.4,"Simu1","KET",200,"cliver",52.2265876474683
"6756",675.5,"Simu1","KET",200,"cliver",50.2365689878563
"6757",675.6,"Simu1","KET",200,"cliver",48.3075794211628
"6758",675.7,"Simu1","KET",200,"cliver",46.4409975393325
"6759",675.8,"Simu1","KET",200,"cliver",44.6375943292169
"6760",675.9,"Simu1","KET",200,"cliver",42.8976256884378
"6761",676,"Simu1","KET",200,"cliver",41.2209132250153
"6762",676.1,"Simu1","KET",200,"cliver",39.6069154066504
"6763",676.2,"Simu1","KET",200,"cliver",38.0547900911562
"6764",676.3,"Simu1","KET",200,"cliver",36.563448981331
"6765",676.4,"Simu1","KET",200,"cliver",35.1316047588493
"6766",676.5,"Simu1","KET",200,"cliver",33.7578118824675
"6767",676.6,"Simu1","KET",200,"cliver",32.4405019235722
"6768",676.7,"Simu1","KET",200,"cliver",31.1780140618345
"6769",676.8,"Simu1","KET",200,"cliver",29.9686212139882
"6770",676.9,"Simu1","KET",200,"cliver",28.8105522995501
"6771",677,"Simu1","KET",200,"cliver",27.7020111700305
"6772",677.1,"Simu1","KET",200,"cliver",26.6411926040607
"6773",677.2,"Simu1","KET",200,"cliver",25.6262957340713
"6774",677.3,"Simu1","KET",200,"cliver",24.6555352180289
"6775",677.4,"Simu1","KET",200,"cliver",23.727150446698
"6776",677.5,"Simu1","KET",200,"cliver",22.8394130492141
"6777",677.6,"Simu1","KET",200,"cliver",21.990632926269
"6778",677.7,"Simu1","KET",200,"cliver",21.1791630095062
"6779",677.8,"Simu1","KET",200,"cliver",20.4034029224281
"6780",677.9,"Simu1","KET",200,"cliver",19.661801699478
"6781",678,"Simu1","KET",200,"cliver",18.9528597019471
"6782",678.1,"Simu1","KET",200,"cliver",18.2751298516378
"6783",678.2,"Simu1","KET",200,"cliver",17.627218287459
"6784",678.3,"Simu1","KET",200,"cliver",17.0077845369431
"6785",678.4,"Simu1","KET",200,"cliver",16.4155412833855
"6786",678.5,"Simu1","KET",200,"cliver",15.8492537989537
"6787",678.6,"Simu1","KET",200,"cliver",15.3077391046448
"6788",678.7,"Simu1","KET",200,"cliver",14.7898649097531
"6789",678.8,"Simu1","KET",200,"cliver",14.2945483758233
"6790",678.9,"Simu1","KET",200,"cliver",13.8207547443951
"6791",679,"Simu1","KET",200,"cliver",13.3674958626393
"6792",679.1,"Simu1","KET",200,"cliver",12.9338286345796
"6793",679.2,"Simu1","KET",200,"cliver",12.5188534223091
"6794",679.3,"Simu1","KET",200,"cliver",12.121712417773
"6795",679.4,"Simu1","KET",200,"cliver",11.7415880023994
"6796",679.5,"Simu1","KET",200,"cliver",11.3777011088564
"6797",679.6,"Simu1","KET",200,"cliver",11.0293095967105
"6798",679.7,"Simu1","KET",200,"cliver",10.6957066516685
"6799",679.8,"Simu1","KET",200,"cliver",10.3762192162544
"6800",679.9,"Simu1","KET",200,"cliver",10.0702064581631
"6801",680,"Simu1","KET",200,"cliver",9.77705828113379
"6802",680.1,"Simu1","KET",200,"cliver",9.49619388199956
"6803",680.2,"Simu1","KET",200,"cliver",9.2270603565935
"6804",680.3,"Simu1","KET",200,"cliver",8.96913135633253
"6805",680.4,"Simu1","KET",200,"cliver",8.7219057965953
"6806",680.5,"Simu1","KET",200,"cliver",8.48490661739888
"6807",680.6,"Simu1","KET",200,"cliver",8.25767959638011
"6808",680.7,"Simu1","KET",200,"cliver",8.03979221367234
"6809",680.8,"Simu1","KET",200,"cliver",7.83083256797053
"6810",680.9,"Simu1","KET",200,"cliver",7.63040834276319
"6811",681,"Simu1","KET",200,"cliver",7.43814582144394
"6812",681.1,"Simu1","KET",200,"cliver",7.25368894998627
"6813",681.2,"Simu1","KET",200,"cliver",7.07669844565266
"6814",681.3,"Simu1","KET",200,"cliver",6.90685095011328
"6815",681.4,"Simu1","KET",200,"cliver",6.74383822529688
"6816",681.5,"Simu1","KET",200,"cliver",6.58736639026599
"6817",681.6,"Simu1","KET",200,"cliver",6.43715519739449
"6818",681.7,"Simu1","KET",200,"cliver",6.29293734612435
"6819",681.8,"Simu1","KET",200,"cliver",6.15445783258293
"6820",681.9,"Simu1","KET",200,"cliver",6.02147333337579
"6821",682,"Simu1","KET",200,"cliver",5.89375162190324
"6822",682.1,"Simu1","KET",200,"cliver",5.77107101559214
"6823",682.2,"Simu1","KET",200,"cliver",5.65321985248387
"6824",682.3,"Simu1","KET",200,"cliver",5.53999599566624
"6825",682.4,"Simu1","KET",200,"cliver",5.43120636409738
"6826",682.5,"Simu1","KET",200,"cliver",5.3266664884244
"6827",682.6,"Simu1","KET",200,"cliver",5.22620009045833
"6828",682.7,"Simu1","KET",200,"cliver",5.12963868502541
"6829",682.8,"Simu1","KET",200,"cliver",5.03682120297832
"6830",682.9,"Simu1","KET",200,"cliver",4.9475936342032
"6831",683,"Simu1","KET",200,"cliver",4.8618086895048
"6832",683.1,"Simu1","KET",200,"cliver",4.77932548033445
"6833",683.2,"Simu1","KET",200,"cliver",4.70000921536407
"6834",683.3,"Simu1","KET",200,"cliver",4.62373091295906
"6835",683.4,"Simu1","KET",200,"cliver",4.55036712865793
"6836",683.5,"Simu1","KET",200,"cliver",4.4797996968151
"6837",683.6,"Simu1","KET",200,"cliver",4.41191548561094
"6838",683.7,"Simu1","KET",200,"cliver",4.3466061646783
"6839",683.8,"Simu1","KET",200,"cliver",4.2837679846337
"6840",683.9,"Simu1","KET",200,"cliver",4.22330156784546
"6841",684,"Simu1","KET",200,"cliver",4.16511170980804
"6842",684.1,"Simu1","KET",200,"cliver",4.10910719052884
"6843",684.2,"Simu1","KET",200,"cliver",4.05520059536934
"6844",684.3,"Simu1","KET",200,"cliver",4.00330814481307
"6845",684.4,"Simu1","KET",200,"cliver",3.95334953266597
"6846",684.5,"Simu1","KET",200,"cliver",3.90524777222291
"6847",684.6,"Simu1","KET",200,"cliver",3.85892904996185
"6848",684.7,"Simu1","KET",200,"cliver",3.8143225863537
"6849",684.8,"Simu1","KET",200,"cliver",3.77136050339979
"6850",684.9,"Simu1","KET",200,"cliver",3.72997769853267
"6851",685,"Simu1","KET",200,"cliver",3.69011172453477
"6852",685.1,"Simu1","KET",200,"cliver",3.65170267515427
"6853",685.2,"Simu1","KET",200,"cliver",3.61469307611456
"6854",685.3,"Simu1","KET",200,"cliver",3.57902778123026
"6855",685.4,"Simu1","KET",200,"cliver",3.5446538733614
"6856",685.5,"Simu1","KET",200,"cliver",3.51152056995232
"6857",685.6,"Simu1","KET",200,"cliver",3.47957913291697
"6858",685.7,"Simu1","KET",200,"cliver",3.44878278264676
"6859",685.8,"Simu1","KET",200,"cliver",3.41908661592869
"6860",685.9,"Simu1","KET",200,"cliver",3.39044752757507
"6861",686,"Simu1","KET",200,"cliver",3.36282413557697
"6862",686.1,"Simu1","KET",200,"cliver",3.3361767096042
"6863",686.2,"Simu1","KET",200,"cliver",3.31046710268541
"6864",686.3,"Simu1","KET",200,"cliver",3.28565868591024
"6865",686.4,"Simu1","KET",200,"cliver",3.2617162860052
"6866",686.5,"Simu1","KET",200,"cliver",3.23860612564292
"6867",686.6,"Simu1","KET",200,"cliver",3.21629576635212
"6868",686.7,"Simu1","KET",200,"cliver",3.19475405390328
"6869",686.8,"Simu1","KET",200,"cliver",3.1739510660514
"6870",686.9,"Simu1","KET",200,"cliver",3.15385806252415
"6871",687,"Simu1","KET",200,"cliver",3.1344474371491
"6872",687.1,"Simu1","KET",200,"cliver",3.11569267202008
"6873",687.2,"Simu1","KET",200,"cliver",3.09756829360803
"6874",687.3,"Simu1","KET",200,"cliver",3.08004983072584
"6875",687.4,"Simu1","KET",200,"cliver",3.06311377426246
"6876",687.5,"Simu1","KET",200,"cliver",3.04673753860528
"6877",687.6,"Simu1","KET",200,"cliver",3.03089942467417
"6878",687.7,"Simu1","KET",200,"cliver",3.01557858449473
"6879",687.8,"Simu1","KET",200,"cliver",3.00075498724139
"6880",687.9,"Simu1","KET",200,"cliver",2.98640938668513
"6881",688,"Simu1","KET",200,"cliver",2.97252328998342
"6882",688.1,"Simu1","KET",200,"cliver",2.95907892775318
"6883",688.2,"Simu1","KET",200,"cliver",2.94605922537067
"6884",688.3,"Simu1","KET",200,"cliver",2.9334477754446
"6885",688.4,"Simu1","KET",200,"cliver",2.92122881141165
"6886",688.5,"Simu1","KET",200,"cliver",2.90938718220587
"6887",688.6,"Simu1","KET",200,"cliver",2.89790832795583
"6888",688.7,"Simu1","KET",200,"cliver",2.88677825666557
"6889",688.8,"Simu1","KET",200,"cliver",2.87598352183736
"6890",688.9,"Simu1","KET",200,"cliver",2.86551120099642
"6891",689,"Simu1","KET",200,"cliver",2.85534887507936
"6892",689.1,"Simu1","KET",200,"cliver",2.84548460865007
"6893",689.2,"Simu1","KET",200,"cliver",2.83590693090856
"6894",689.3,"Simu1","KET",200,"cliver",2.82660481745926
"6895",689.4,"Simu1","KET",200,"cliver",2.81756767280753
"6896",689.5,"Simu1","KET",200,"cliver",2.80878531355393
"6897",689.6,"Simu1","KET",200,"cliver",2.80024795225756
"6898",689.7,"Simu1","KET",200,"cliver",2.79194618194092
"6899",689.8,"Simu1","KET",200,"cliver",2.78387096120975
"6900",689.9,"Simu1","KET",200,"cliver",2.77601359996287
"6901",690,"Simu1","KET",200,"cliver",2.76836574566785
"6902",690.1,"Simu1","KET",200,"cliver",2.7609193701793
"6903",690.2,"Simu1","KET",200,"cliver",2.75366675707812
"6904",690.3,"Simu1","KET",200,"cliver",2.7466004895101
"6905",690.4,"Simu1","KET",200,"cliver",2.73971343850408
"6906",690.5,"Simu1","KET",200,"cliver",2.73299875175012
"6907",690.6,"Simu1","KET",200,"cliver",2.72644984281915
"6908",690.7,"Simu1","KET",200,"cliver",2.72006038080647
"6909",690.8,"Simu1","KET",200,"cliver",2.71382428038204
"6910",690.9,"Simu1","KET",200,"cliver",2.70773569223119
"6911",691,"Simu1","KET",200,"cliver",2.70178899387034
"6912",691.1,"Simu1","KET",200,"cliver",2.69597878082253
"6913",691.2,"Simu1","KET",200,"cliver",2.69029985813867
"6914",691.3,"Simu1","KET",200,"cliver",2.68474723225058
"6915",691.4,"Simu1","KET",200,"cliver",2.67931610314272
"6916",691.5,"Simu1","KET",200,"cliver",2.67400185682992
"6917",691.6,"Simu1","KET",200,"cliver",2.66880005812908
"6918",691.7,"Simu1","KET",200,"cliver",2.66370644371311
"6919",691.8,"Simu1","KET",200,"cliver",2.658716915436
"6920",691.9,"Simu1","KET",200,"cliver",2.65382753391833
"6921",692,"Simu1","KET",200,"cliver",2.64903451238294
"6922",692.1,"Simu1","KET",200,"cliver",2.64433421073086
"6923",692.2,"Simu1","KET",200,"cliver",2.63972312984817
"6924",692.3,"Simu1","KET",200,"cliver",2.63519790613451
"6925",692.4,"Simu1","KET",200,"cliver",2.63075530624476
"6926",692.5,"Simu1","KET",200,"cliver",2.62639222203536
"6927",692.6,"Simu1","KET",200,"cliver",2.62210566570725
"6928",692.7,"Simu1","KET",200,"cliver",2.61789276513785
"6929",692.8,"Simu1","KET",200,"cliver",2.61375075939458
"6930",692.9,"Simu1","KET",200,"cliver",2.60967699442275
"6931",693,"Simu1","KET",200,"cliver",2.60566891890116
"6932",693.1,"Simu1","KET",200,"cliver",2.60172408025873
"6933",693.2,"Simu1","KET",200,"cliver",2.59784012084592
"6934",693.3,"Simu1","KET",200,"cliver",2.59401477425485
"6935",693.4,"Simu1","KET",200,"cliver",2.59024586178242
"6936",693.5,"Simu1","KET",200,"cliver",2.58653128903068
"6937",693.6,"Simu1","KET",200,"cliver",2.58286904263927
"6938",693.7,"Simu1","KET",200,"cliver",2.57925718714467
"6939",693.8,"Simu1","KET",200,"cliver",2.5756938619614
"6940",693.9,"Simu1","KET",200,"cliver",2.57217727848028
"6941",694,"Simu1","KET",200,"cliver",2.56870571727939
"6942",694.1,"Simu1","KET",200,"cliver",2.56527752544317
"6943",694.2,"Simu1","KET",200,"cliver",2.56189111398557
"6944",694.3,"Simu1","KET",200,"cliver",2.55854495537312
"6945",694.4,"Simu1","KET",200,"cliver",2.55523758114406
"6946",694.5,"Simu1","KET",200,"cliver",2.55196757961982
"6947",694.6,"Simu1","KET",200,"cliver",2.54873359370526
"6948",694.7,"Simu1","KET",200,"cliver",2.54553431877416
"6949",694.8,"Simu1","KET",200,"cliver",2.54236850063671
"6950",694.9,"Simu1","KET",200,"cliver",2.53923493358582
"6951",695,"Simu1","KET",200,"cliver",2.53613245851911
"6952",695.1,"Simu1","KET",200,"cliver",2.53305996113374
"6953",695.2,"Simu1","KET",200,"cliver",2.53001637019117
"6954",695.3,"Simu1","KET",200,"cliver",2.52700065584923
"6955",695.4,"Simu1","KET",200,"cliver",2.52401182805874
"6956",695.5,"Simu1","KET",200,"cliver",2.52104893502235
"6957",695.6,"Simu1","KET",200,"cliver",2.51811106171308
"6958",695.7,"Simu1","KET",200,"cliver",2.51519732845018
"6959",695.8,"Simu1","KET",200,"cliver",2.51230688953031
"6960",695.9,"Simu1","KET",200,"cliver",2.50943896798325
"6961",696,"Simu1","KET",200,"cliver",2.51092462206514
"6962",696.1,"Simu1","KET",200,"cliver",6.93001107090613
"6963",696.2,"Simu1","KET",200,"cliver",19.1538956920616
"6964",696.3,"Simu1","KET",200,"cliver",32.7227796793577
"6965",696.4,"Simu1","KET",200,"cliver",45.1854893278988
"6966",696.5,"Simu1","KET",200,"cliver",55.8805733403133
"6967",696.6,"Simu1","KET",200,"cliver",64.7561925081557
"6968",696.7,"Simu1","KET",200,"cliver",71.9539158878757
"6969",696.8,"Simu1","KET",200,"cliver",77.6638728720972
"6970",696.9,"Simu1","KET",200,"cliver",82.0759560321825
"6971",697,"Simu1","KET",200,"cliver",85.3647542851312
"6972",697.1,"Simu1","KET",200,"cliver",87.6861822853248
"6973",697.2,"Simu1","KET",200,"cliver",89.1779175204025
"6974",697.3,"Simu1","KET",200,"cliver",89.9609934038029
"6975",697.4,"Simu1","KET",200,"cliver",90.1416479860934
"6976",697.5,"Simu1","KET",200,"cliver",89.8128402606008
"6977",697.6,"Simu1","KET",200,"cliver",89.0561529507093
"6978",697.7,"Simu1","KET",200,"cliver",87.9428146459234
"6979",697.8,"Simu1","KET",200,"cliver",86.5349579775511
"6980",697.9,"Simu1","KET",200,"cliver",84.8868300239049
"6981",698,"Simu1","KET",200,"cliver",83.0455868008784
"6982",698.1,"Simu1","KET",200,"cliver",81.0521647740057
"6983",698.2,"Simu1","KET",200,"cliver",78.9419826935708
"6984",698.3,"Simu1","KET",200,"cliver",76.745633096273
"6985",698.4,"Simu1","KET",200,"cliver",74.4894653165801
"6986",698.5,"Simu1","KET",200,"cliver",72.1960163444557
"6987",698.6,"Simu1","KET",200,"cliver",69.8844844864766
"6988",698.7,"Simu1","KET",200,"cliver",67.5711607943733
"6989",698.8,"Simu1","KET",200,"cliver",65.2697884411351
"6990",698.9,"Simu1","KET",200,"cliver",62.9918633878027
"6991",699,"Simu1","KET",200,"cliver",60.7469088328416
"6992",699.1,"Simu1","KET",200,"cliver",58.5427302720421
"6993",699.2,"Simu1","KET",200,"cliver",56.3856428831155
"6994",699.3,"Simu1","KET",200,"cliver",54.2806675600517
"6995",699.4,"Simu1","KET",200,"cliver",52.2317016135306
"6996",699.5,"Simu1","KET",200,"cliver",50.2416713924243
"6997",699.6,"Simu1","KET",200,"cliver",48.3126692621767
"6998",699.7,"Simu1","KET",200,"cliver",46.4460744709026
"6999",699.8,"Simu1","KET",200,"cliver",44.6426584887571
"7000",699.9,"Simu1","KET",200,"cliver",42.9026771352488
"7001",700,"Simu1","KET",200,"cliver",41.2259517910124
"7002",700.1,"Simu1","KET",200,"cliver",39.6119409197307
"7003",700.2,"Simu1","KET",200,"cliver",38.0598025402592
"7004",700.3,"Simu1","KET",200,"cliver",36.5684484647076
"7005",700.4,"Simu1","KET",200,"cliver",35.1365913727388
"7006",700.5,"Simu1","KET",200,"cliver",33.7627856975434
"7007",700.6,"Simu1","KET",200,"cliver",32.4454630348096
"7008",700.7,"Simu1","KET",200,"cliver",31.1829626089116
"7009",700.8,"Simu1","KET",200,"cliver",29.9735573552465
"7010",700.9,"Simu1","KET",200,"cliver",28.8154762038337
"7011",701,"Simu1","KET",200,"cliver",27.7069230149391
"7012",701.1,"Simu1","KET",200,"cliver",26.6460925807023
"7013",701.2,"Simu1","KET",200,"cliver",25.631184046637
"7014",701.3,"Simu1","KET",200,"cliver",24.6604120789773
"7015",701.4,"Simu1","KET",200,"cliver",23.7320160731086
"7016",701.5,"Simu1","KET",200,"cliver",22.8442676621507
"7017",701.6,"Simu1","KET",200,"cliver",21.9954767509665
"7018",701.7,"Simu1","KET",200,"cliver",21.1839962744783
"7019",701.8,"Simu1","KET",200,"cliver",20.4082258578314
"7020",701.9,"Simu1","KET",200,"cliver",19.6666145358596
"7021",702,"Simu1","KET",200,"cliver",18.9576626696548
"7022",702.1,"Simu1","KET",200,"cliver",18.2799231804127
"7023",702.2,"Simu1","KET",200,"cliver",17.6320022058529
"7024",702.3,"Simu1","KET",200,"cliver",17.0125592716556
"7025",702.4,"Simu1","KET",200,"cliver",16.4203070587398
"7026",702.5,"Simu1","KET",200,"cliver",15.8540108365433
"7027",702.6,"Simu1","KET",200,"cliver",15.3124876231867
"7028",702.7,"Simu1","KET",200,"cliver",14.7946051246316
"7029",702.8,"Simu1","KET",200,"cliver",14.299280498541
"7030",702.9,"Simu1","KET",200,"cliver",13.825478982722
"7031",703,"Simu1","KET",200,"cliver",13.3722124205246
"7032",703.1,"Simu1","KET",200,"cliver",12.9385377119549
"7033",703.2,"Simu1","KET",200,"cliver",12.5235552148916
"7034",703.3,"Simu1","KET",200,"cliver",12.1264071169775
"7035",703.4,"Simu1","KET",200,"cliver",11.7462757953243
"7036",703.5,"Simu1","KET",200,"cliver",11.3823821782717
"7037",703.6,"Simu1","KET",200,"cliver",11.0339841210281
"7038",703.7,"Simu1","KET",200,"cliver",10.700374804926
"7039",703.8,"Simu1","KET",200,"cliver",10.3808811681275
"7040",703.9,"Simu1","KET",200,"cliver",10.0748623739998
"7041",704,"Simu1","KET",200,"cliver",9.7817083219937
"7042",704.1,"Simu1","KET",200,"cliver",9.50083820469646
"7043",704.2,"Simu1","KET",200,"cliver",9.23169911374517
"7044",704.3,"Simu1","KET",200,"cliver",8.97376469642027
"7045",704.4,"Simu1","KET",200,"cliver",8.72653386403055
"7046",704.5,"Simu1","KET",200,"cliver",8.4895295525934
"7047",704.6,"Simu1","KET",200,"cliver",8.26229753580715
"7048",704.7,"Simu1","KET",200,"cliver",8.04440528995631
"7049",704.8,"Simu1","KET",200,"cliver",7.83544090998909
"7050",704.9,"Simu1","KET",200,"cliver",7.63501207569794
"7051",705,"Simu1","KET",200,"cliver",7.44274506685697
"7052",705.1,"Simu1","KET",200,"cliver",7.25828382590906
"7053",705.2,"Simu1","KET",200,"cliver",7.08128906667692
"7054",705.3,"Simu1","KET",200,"cliver",6.91143742747491
"7055",705.4,"Simu1","KET",200,"cliver",6.7484206669558
"7056",705.5,"Simu1","KET",200,"cliver",6.59194490098746
"7057",705.6,"Simu1","KET",200,"cliver",6.44172987883266
"7058",705.7,"Simu1","KET",200,"cliver",6.29750829690505
"7059",705.8,"Simu1","KET",200,"cliver",6.15902514838419
"7060",705.9,"Simu1","KET",200,"cliver",6.02603710700652
"7061",706,"Simu1","KET",200,"cliver",5.89831194338117
"7062",706.1,"Simu1","KET",200,"cliver",5.77562797222089
"7063",706.2,"Simu1","KET",200,"cliver",5.65777352892866
"7064",706.3,"Simu1","KET",200,"cliver",5.54454647402783
"7065",706.4,"Simu1","KET",200,"cliver",5.43575372398436
"7066",706.5,"Simu1","KET",200,"cliver",5.33121080702412
"7067",706.6,"Simu1","KET",200,"cliver",5.23074144260394
"7068",706.7,"Simu1","KET",200,"cliver",5.13417714326638
"7069",706.8,"Simu1","KET",200,"cliver",5.0413568376511
"7070",706.9,"Simu1","KET",200,"cliver",4.95212651348976
"7071",707,"Simu1","KET",200,"cliver",4.86633887949445
"7072",707.1,"Simu1","KET",200,"cliver",4.78385304508641
"7073",707.2,"Simu1","KET",200,"cliver",4.70453421696871
"7074",707.3,"Simu1","KET",200,"cliver",4.6282534115962
"7075",707.4,"Simu1","KET",200,"cliver",4.55488718265275
"7076",707.5,"Simu1","KET",200,"cliver",4.48431736269297
"7077",707.6,"Simu1","KET",200,"cliver",4.41643081815133
"7078",707.7,"Simu1","KET",200,"cliver",4.35111921696717
"7079",707.8,"Simu1","KET",200,"cliver",4.28827880811428
"7080",707.9,"Simu1","KET",200,"cliver",4.22781021236742
"7081",708,"Simu1","KET",200,"cliver",4.16961822367536
"7082",708.1,"Simu1","KET",200,"cliver",4.11361162054648
"7083",708.2,"Simu1","KET",200,"cliver",4.05970298688858
"7084",708.3,"Simu1","KET",200,"cliver",4.00780854177548
"7085",708.4,"Simu1","KET",200,"cliver",3.95784797764609
"7086",708.5,"Simu1","KET",200,"cliver",3.90974430646978
"7087",708.6,"Simu1","KET",200,"cliver",3.86342371343899
"7088",708.7,"Simu1","KET",200,"cliver",3.81881541777863
"7089",708.8,"Simu1","KET",200,"cliver",3.77585154028274
"7090",708.9,"Simu1","KET",200,"cliver",3.73446697721256
"7091",709,"Simu1","KET",200,"cliver",3.69459928021491
"7092",709.1,"Simu1","KET",200,"cliver",3.6561885419373
"7093",709.2,"Simu1","KET",200,"cliver",3.61917728703641
"7094",709.3,"Simu1","KET",200,"cliver",3.58351036829296
"7095",709.4,"Simu1","KET",200,"cliver",3.54913486756478
"7096",709.5,"Simu1","KET",200,"cliver",3.51600000132479
"7097",709.6,"Simu1","KET",200,"cliver",3.48405703054554
"7098",709.7,"Simu1","KET",200,"cliver",3.45325917470613
"7099",709.8,"Simu1","KET",200,"cliver",3.42356152970946
"7100",709.9,"Simu1","KET",200,"cliver",3.39492098951112
"7101",710,"Simu1","KET",200,"cliver",3.36729617127195
"7102",710.1,"Simu1","KET",200,"cliver",3.34064734385733
"7103",710.2,"Simu1","KET",200,"cliver",3.31493635951652
"7104",710.3,"Simu1","KET",200,"cliver",3.29012658858395
"7105",710.4,"Simu1","KET",200,"cliver",3.26618285705449
"7106",710.5,"Simu1","KET",200,"cliver",3.24307138689195
"7107",710.6,"Simu1","KET",200,"cliver",3.2207597389383
"7108",710.7,"Simu1","KET",200,"cliver",3.19921675829881
"7109",710.8,"Simu1","KET",200,"cliver",3.17841252208422
"7110",710.9,"Simu1","KET",200,"cliver",3.15831828939797
"7111",711,"Simu1","KET",200,"cliver",3.138906453463
"7112",711.1,"Simu1","KET",200,"cliver",3.12015049578753
"7113",711.2,"Simu1","KET",200,"cliver",3.10202494227532
"7114",711.3,"Simu1","KET",200,"cliver",3.08450532118999
"7115",711.4,"Simu1","KET",200,"cliver",3.06756812288852
"7116",711.5,"Simu1","KET",200,"cliver",3.05119076124312
"7117",711.6,"Simu1","KET",200,"cliver",3.03535153667477
"7118",711.7,"Simu1","KET",200,"cliver",3.02002960072599
"7119",711.8,"Simu1","KET",200,"cliver",3.00520492210344
"7120",711.9,"Simu1","KET",200,"cliver",2.99085825412518
"7121",712,"Simu1","KET",200,"cliver",2.97697110351013
"7122",712.1,"Simu1","KET",200,"cliver",2.96352570045063
"7123",712.2,"Simu1","KET",200,"cliver",2.95050496991189
"7124",712.3,"Simu1","KET",200,"cliver",2.93789250410467
"7125",712.4,"Simu1","KET",200,"cliver",2.9256725360804
"7126",712.5,"Simu1","KET",200,"cliver",2.9138299144002
"7127",712.6,"Simu1","KET",200,"cliver",2.90235007883163
"7128",712.7,"Simu1","KET",200,"cliver",2.89121903702931
"7129",712.8,"Simu1","KET",200,"cliver",2.88042334215732
"7130",712.9,"Simu1","KET",200,"cliver",2.86995007141351
"7131",713,"Simu1","KET",200,"cliver",2.85978680541762
"7132",713.1,"Simu1","KET",200,"cliver",2.84992160842695
"7133",713.2,"Simu1","KET",200,"cliver",2.84034300934472
"7134",713.3,"Simu1","KET",200,"cliver",2.8310399834882
"7135",713.4,"Simu1","KET",200,"cliver",2.82200193508483
"7136",713.5,"Simu1","KET",200,"cliver",2.81321868046624
"7137",713.6,"Simu1","KET",200,"cliver",2.80468043193133
"7138",713.7,"Simu1","KET",200,"cliver",2.79637778225078
"7139",713.8,"Simu1","KET",200,"cliver",2.78830168978674
"7140",713.9,"Simu1","KET",200,"cliver",2.7804434642023
"7141",714,"Simu1","KET",200,"cliver",2.77279475273696
"7142",714.1,"Simu1","KET",200,"cliver",2.76534752702473
"7143",714.2,"Simu1","KET",200,"cliver",2.75809407043303
"7144",714.3,"Simu1","KET",200,"cliver",2.75102696590117
"7145",714.4,"Simu1","KET",200,"cliver",2.74413908425824
"7146",714.5,"Simu1","KET",200,"cliver",2.73742357300107
"7147",714.6,"Simu1","KET",200,"cliver",2.73087384551368
"7148",714.7,"Simu1","KET",200,"cliver",2.72448357071057
"7149",714.8,"Simu1","KET",200,"cliver",2.71824666308684
"7150",714.9,"Simu1","KET",200,"cliver",2.71215727315867
"7151",715,"Simu1","KET",200,"cliver",2.7062097782789
"7152",715.1,"Simu1","KET",200,"cliver",2.70039877381234
"7153",715.2,"Simu1","KET",200,"cliver",2.6947190646569
"7154",715.3,"Simu1","KET",200,"cliver",2.68916565709642
"7155",715.4,"Simu1","KET",200,"cliver",2.68373375097224
"7156",715.5,"Simu1","KET",200,"cliver",2.67841873216082
"7157",715.6,"Simu1","KET",200,"cliver",2.67321616534522
"7158",715.7,"Simu1","KET",200,"cliver",2.66812178706895
"7159",715.8,"Simu1","KET",200,"cliver",2.66313149906086
"7160",715.9,"Simu1","KET",200,"cliver",2.65824136182055
"7161",716,"Simu1","KET",200,"cliver",2.65344758845386
"7162",716.1,"Simu1","KET",200,"cliver",2.64874653874873
"7163",716.2,"Simu1","KET",200,"cliver",2.64413471348183
"7164",716.3,"Simu1","KET",200,"cliver",2.6396087489471
"7165",716.4,"Simu1","KET",200,"cliver",2.63516541169719
"7166",716.5,"Simu1","KET",200,"cliver",2.63080159348967
"7167",716.6,"Simu1","KET",200,"cliver",2.62651430642996
"7168",716.7,"Simu1","KET",200,"cliver",2.62230067830311
"7169",716.8,"Simu1","KET",200,"cliver",2.61815794808723
"7170",716.9,"Simu1","KET",200,"cliver",2.61408346164131
"7171",717,"Simu1","KET",200,"cliver",2.61007466756072
"7172",717.1,"Simu1","KET",200,"cliver",2.60612911319369
"7173",717.2,"Simu1","KET",200,"cliver",2.60224444081272
"7174",717.3,"Simu1","KET",200,"cliver",2.59841838393456
"7175",717.4,"Simu1","KET",200,"cliver",2.59464876378326
"7176",717.5,"Simu1","KET",200,"cliver",2.59093348589045
"7177",717.6,"Simu1","KET",200,"cliver",2.58727053682771
"7178",717.7,"Simu1","KET",200,"cliver",2.58365798106574
"7179",717.8,"Simu1","KET",200,"cliver",2.58009395795545
"7180",717.9,"Simu1","KET",200,"cliver",2.57657667882623
"7181",718,"Simu1","KET",200,"cliver",2.57310442419676
"7182",718.1,"Simu1","KET",200,"cliver",2.56967554109407
"7183",718.2,"Simu1","KET",200,"cliver",2.56628844047663
"7184",718.3,"Simu1","KET",200,"cliver",2.56294159475736
"7185",718.4,"Simu1","KET",200,"cliver",2.55963353542266
"7186",718.5,"Simu1","KET",200,"cliver",2.55636285074391
"7187",718.6,"Simu1","KET",200,"cliver",2.55312818357755
"7188",718.7,"Simu1","KET",200,"cliver",2.54992822925059
"7189",718.8,"Simu1","KET",200,"cliver",2.54676173352803
"7190",718.9,"Simu1","KET",200,"cliver",2.5436274906591
"7191",719,"Simu1","KET",200,"cliver",2.5405243414992
"7192",719.1,"Simu1","KET",200,"cliver",2.5374511717047
"7193",719.2,"Simu1","KET",200,"cliver",2.53440690999764
"7194",719.3,"Simu1","KET",200,"cliver",2.53139052649775
"7195",719.4,"Simu1","KET",200,"cliver",2.52840103111905
"7196",719.5,"Simu1","KET",200,"cliver",2.52543747202863
"7197",719.6,"Simu1","KET",200,"cliver",2.52249893416509
"7198",719.7,"Simu1","KET",200,"cliver",2.51958453781451
"7199",719.8,"Simu1","KET",200,"cliver",2.51669343724143
"7200",719.9,"Simu1","KET",200,"cliver",2.51382485458912
"7201",720,"Simu1","KET",200,"cliver",2.5153098459731
