"","time","Simulation","Chemical","dose","variable","value"
"1",0,"Simu1","NIT",50,"cliver",0
"2",0.1,"Simu1","NIT",50,"cliver",0.245033809028396
"3",0.2,"Simu1","NIT",50,"cliver",0.365618257428454
"4",0.3,"Simu1","NIT",50,"cliver",0.406097372626294
"5",0.4,"Simu1","NIT",50,"cliver",0.426097522794824
"6",0.5,"Simu1","NIT",50,"cliver",0.438936798230176
"7",0.6,"Simu1","NIT",50,"cliver",0.448105164268809
"8",0.7,"Simu1","NIT",50,"cliver",0.45466903823229
"9",0.8,"Simu1","NIT",50,"cliver",0.4590765790462
"10",0.9,"Simu1","NIT",50,"cliver",0.461602844370864
"11",1,"Simu1","NIT",50,"cliver",0.462463619782884
"12",1.1,"Simu1","NIT",50,"cliver",0.461844229789812
"13",1.2,"Simu1","NIT",50,"cliver",0.459909754634686
"14",1.3,"Simu1","NIT",50,"cliver",0.456808688100278
"15",1.4,"Simu1","NIT",50,"cliver",0.452674592384299
"16",1.5,"Simu1","NIT",50,"cliver",0.447628121379193
"17",1.6,"Simu1","NIT",50,"cliver",0.44177840022486
"18",1.7,"Simu1","NIT",50,"cliver",0.435224344998992
"19",1.8,"Simu1","NIT",50,"cliver",0.428055656013018
"20",1.9,"Simu1","NIT",50,"cliver",0.420353687387265
"21",2,"Simu1","NIT",50,"cliver",0.412192349850419
"22",2.1,"Simu1","NIT",50,"cliver",0.403638871704404
"23",2.2,"Simu1","NIT",50,"cliver",0.394754431697285
"24",2.3,"Simu1","NIT",50,"cliver",0.38559470197833
"25",2.4,"Simu1","NIT",50,"cliver",0.376210350043095
"26",2.5,"Simu1","NIT",50,"cliver",0.366647504664438
"27",2.6,"Simu1","NIT",50,"cliver",0.356948169126007
"28",2.7,"Simu1","NIT",50,"cliver",0.347150579079858
"29",2.8,"Simu1","NIT",50,"cliver",0.337289520547627
"30",2.9,"Simu1","NIT",50,"cliver",0.327396622269318
"31",3,"Simu1","NIT",50,"cliver",0.317500624353643
"32",3.1,"Simu1","NIT",50,"cliver",0.307627620115891
"33",3.2,"Simu1","NIT",50,"cliver",0.297801272407532
"34",3.3,"Simu1","NIT",50,"cliver",0.288043009933613
"35",3.4,"Simu1","NIT",50,"cliver",0.278372207705697
"36",3.5,"Simu1","NIT",50,"cliver",0.268806352413577
"37",3.6,"Simu1","NIT",50,"cliver",0.259361192653088
"38",3.7,"Simu1","NIT",50,"cliver",0.250050875298631
"39",3.8,"Simu1","NIT",50,"cliver",0.240888070039913
"40",3.9,"Simu1","NIT",50,"cliver",0.231884083382893
"41",4,"Simu1","NIT",50,"cliver",0.223048962638001
"42",4.1,"Simu1","NIT",50,"cliver",0.214391589843683
"43",4.2,"Simu1","NIT",50,"cliver",0.205919767435273
"44",4.3,"Simu1","NIT",50,"cliver",0.197640295611622
"45",4.4,"Simu1","NIT",50,"cliver",0.189559042124211
"46",4.5,"Simu1","NIT",50,"cliver",0.18168100490267
"47",4.6,"Simu1","NIT",50,"cliver",0.17401036823757
"48",4.7,"Simu1","NIT",50,"cliver",0.166550553002022
"49",4.8,"Simu1","NIT",50,"cliver",0.159304261386244
"50",4.9,"Simu1","NIT",50,"cliver",0.152273516625096
"51",5,"Simu1","NIT",50,"cliver",0.14545969856173
"52",5.1,"Simu1","NIT",50,"cliver",0.138863575433189
"53",5.2,"Simu1","NIT",50,"cliver",0.132485332875228
"54",5.3,"Simu1","NIT",50,"cliver",0.126324600146733
"55",5.4,"Simu1","NIT",50,"cliver",0.120380475608157
"56",5.5,"Simu1","NIT",50,"cliver",0.114651549543473
"57",5.6,"Simu1","NIT",50,"cliver",0.109135930344421
"58",5.7,"Simu1","NIT",50,"cliver",0.103831262852631
"59",5.8,"Simu1","NIT",50,"cliver",0.0987347681708177
"60",5.9,"Simu1","NIT",50,"cliver",0.0938432448515877
"61",6,"Simu1","NIT",50,"cliver",0.0901942040987616
"62",6.1,"Simu1","NIT",50,"cliver",0.35592042038677
"63",6.2,"Simu1","NIT",50,"cliver",0.484044906186807
"64",6.3,"Simu1","NIT",50,"cliver",0.526812402084473
"65",6.4,"Simu1","NIT",50,"cliver",0.546972120078527
"66",6.5,"Simu1","NIT",50,"cliver",0.559153318382392
"67",6.6,"Simu1","NIT",50,"cliver",0.567273706261123
"68",6.7,"Simu1","NIT",50,"cliver",0.572542079210291
"69",6.8,"Simu1","NIT",50,"cliver",0.575466795345727
"70",6.9,"Simu1","NIT",50,"cliver",0.576357350818074
"71",7,"Simu1","NIT",50,"cliver",0.575452788281675
"72",7.1,"Simu1","NIT",50,"cliver",0.572958455220198
"73",7.2,"Simu1","NIT",50,"cliver",0.569056727652501
"74",7.3,"Simu1","NIT",50,"cliver",0.563910616300132
"75",7.4,"Simu1","NIT",50,"cliver",0.557666958435525
"76",7.5,"Simu1","NIT",50,"cliver",0.550458167638712
"77",7.6,"Simu1","NIT",50,"cliver",0.542403988378546
"78",7.7,"Simu1","NIT",50,"cliver",0.533612708511182
"79",7.8,"Simu1","NIT",50,"cliver",0.524182352750606
"80",7.9,"Simu1","NIT",50,"cliver",0.514201788982398
"81",8,"Simu1","NIT",50,"cliver",0.503751751346654
"82",8.1,"Simu1","NIT",50,"cliver",0.492905489653087
"83",8.2,"Simu1","NIT",50,"cliver",0.481729561637376
"84",8.3,"Simu1","NIT",50,"cliver",0.47028443029183
"85",8.4,"Simu1","NIT",50,"cliver",0.458625057266947
"86",8.5,"Simu1","NIT",50,"cliver",0.446801394483957
"87",8.6,"Simu1","NIT",50,"cliver",0.434858830313104
"88",8.7,"Simu1","NIT",50,"cliver",0.422838581925037
"89",8.8,"Simu1","NIT",50,"cliver",0.410778049002306
"90",8.9,"Simu1","NIT",50,"cliver",0.398711181230955
"91",9,"Simu1","NIT",50,"cliver",0.386668674668803
"92",9.1,"Simu1","NIT",50,"cliver",0.374678446462297
"93",9.2,"Simu1","NIT",50,"cliver",0.362765541945867
"94",9.3,"Simu1","NIT",50,"cliver",0.350952691634709
"95",9.4,"Simu1","NIT",50,"cliver",0.339260258702114
"96",9.5,"Simu1","NIT",50,"cliver",0.327706678454122
"97",9.6,"Simu1","NIT",50,"cliver",0.316308462303084
"98",9.7,"Simu1","NIT",50,"cliver",0.305080471516759
"99",9.8,"Simu1","NIT",50,"cliver",0.29403572135748
"100",9.9,"Simu1","NIT",50,"cliver",0.283185729553966
"101",10,"Simu1","NIT",50,"cliver",0.2725407653203
"102",10.1,"Simu1","NIT",50,"cliver",0.262109901992209
"103",10.2,"Simu1","NIT",50,"cliver",0.25190105679352
"104",10.3,"Simu1","NIT",50,"cliver",0.241921065468003
"105",10.4,"Simu1","NIT",50,"cliver",0.232175778417895
"106",10.5,"Simu1","NIT",50,"cliver",0.222670148182732
"107",10.6,"Simu1","NIT",50,"cliver",0.213408295177868
"108",10.7,"Simu1","NIT",50,"cliver",0.204393571482295
"109",10.8,"Simu1","NIT",50,"cliver",0.195628622723899
"110",10.9,"Simu1","NIT",50,"cliver",0.187115427253528
"111",11,"Simu1","NIT",50,"cliver",0.178855329443842
"112",11.1,"Simu1","NIT",50,"cliver",0.170849079751103
"113",11.2,"Simu1","NIT",50,"cliver",0.163096871320599
"114",11.3,"Simu1","NIT",50,"cliver",0.155598370142463
"115",11.4,"Simu1","NIT",50,"cliver",0.148352741020604
"116",11.5,"Simu1","NIT",50,"cliver",0.141358663728079
"117",11.6,"Simu1","NIT",50,"cliver",0.134614346928211
"118",11.7,"Simu1","NIT",50,"cliver",0.128117549757965
"119",11.8,"Simu1","NIT",50,"cliver",0.121865602006067
"120",11.9,"Simu1","NIT",50,"cliver",0.115855413305266
"121",12,"Simu1","NIT",50,"cliver",0.111124881512888
"122",12.1,"Simu1","NIT",50,"cliver",0.376136720768619
"123",12.2,"Simu1","NIT",50,"cliver",0.50403944317259
"124",12.3,"Simu1","NIT",50,"cliver",0.546383950326013
"125",12.4,"Simu1","NIT",50,"cliver",0.566004615478054
"126",12.5,"Simu1","NIT",50,"cliver",0.577615933862936
"127",12.6,"Simu1","NIT",50,"cliver",0.585162096460167
"128",12.7,"Simu1","NIT",50,"cliver",0.589864851414476
"129",12.8,"Simu1","NIT",50,"cliver",0.592235321055248
"130",12.9,"Simu1","NIT",50,"cliver",0.592583605303033
"131",13,"Simu1","NIT",50,"cliver",0.591149414505037
"132",13.1,"Simu1","NIT",50,"cliver",0.588138599582483
"133",13.2,"Simu1","NIT",50,"cliver",0.583733155299842
"134",13.3,"Simu1","NIT",50,"cliver",0.578096184573688
"135",13.4,"Simu1","NIT",50,"cliver",0.571374474406499
"136",13.5,"Simu1","NIT",50,"cliver",0.563700316697974
"137",13.6,"Simu1","NIT",50,"cliver",0.55519332117207
"138",13.7,"Simu1","NIT",50,"cliver",0.545961628557481
"139",13.8,"Simu1","NIT",50,"cliver",0.536103088218321
"140",13.9,"Simu1","NIT",50,"cliver",0.525706395624153
"141",14,"Simu1","NIT",50,"cliver",0.51485205202154
"142",14.1,"Simu1","NIT",50,"cliver",0.503613125703789
"143",14.2,"Simu1","NIT",50,"cliver",0.492055947701733
"144",14.3,"Simu1","NIT",50,"cliver",0.480240751745175
"145",14.4,"Simu1","NIT",50,"cliver",0.468222257663114
"146",14.5,"Simu1","NIT",50,"cliver",0.456050177983954
"147",14.6,"Simu1","NIT",50,"cliver",0.443769654926834
"148",14.7,"Simu1","NIT",50,"cliver",0.431421656045065
"149",14.8,"Simu1","NIT",50,"cliver",0.419043339999608
"150",14.9,"Simu1","NIT",50,"cliver",0.406668387030719
"151",15,"Simu1","NIT",50,"cliver",0.394327293130876
"152",15.1,"Simu1","NIT",50,"cliver",0.382047635049134
"153",15.2,"Simu1","NIT",50,"cliver",0.369854312790085
"154",15.3,"Simu1","NIT",50,"cliver",0.357769772040359
"155",15.4,"Simu1","NIT",50,"cliver",0.345814207002949
"156",15.5,"Simu1","NIT",50,"cliver",0.334005744925628
"157",15.6,"Simu1","NIT",50,"cliver",0.322360614751411
"158",15.7,"Simu1","NIT",50,"cliver",0.310893302065655
"159",15.8,"Simu1","NIT",50,"cliver",0.299616691497765
"160",15.9,"Simu1","NIT",50,"cliver",0.288542197091387
"161",16,"Simu1","NIT",50,"cliver",0.277679881376759
"162",16.1,"Simu1","NIT",50,"cliver",0.267038565172582
"163",16.2,"Simu1","NIT",50,"cliver",0.256625927487
"164",16.3,"Simu1","NIT",50,"cliver",0.24644859685105
"165",16.4,"Simu1","NIT",50,"cliver",0.23651223441938
"166",16.5,"Simu1","NIT",50,"cliver",0.22682160939207
"167",16.6,"Simu1","NIT",50,"cliver",0.217380667156678
"168",16.7,"Simu1","NIT",50,"cliver",0.208192590438225
"169",16.8,"Simu1","NIT",50,"cliver",0.199259853872705
"170",16.9,"Simu1","NIT",50,"cliver",0.190584272453391
"171",17,"Simu1","NIT",50,"cliver",0.182167044159396
"172",17.1,"Simu1","NIT",50,"cliver",0.174008787144581
"173",17.2,"Simu1","NIT",50,"cliver",0.166109571939785
"174",17.3,"Simu1","NIT",50,"cliver",0.158468949216235
"175",17.4,"Simu1","NIT",50,"cliver",0.15108597358747
"176",17.5,"Simu1","NIT",50,"cliver",0.143959224135881
"177",17.6,"Simu1","NIT",50,"cliver",0.137086822203092
"178",17.7,"Simu1","NIT",50,"cliver",0.130466447408459
"179",17.8,"Simu1","NIT",50,"cliver",0.124095352000209
"180",17.9,"Simu1","NIT",50,"cliver",0.117970376354974
"181",18,"Simu1","NIT",50,"cliver",0.113129405571575
"182",18.1,"Simu1","NIT",50,"cliver",0.378064639663071
"183",18.2,"Simu1","NIT",50,"cliver",0.505935167413553
"184",18.3,"Simu1","NIT",50,"cliver",0.548230592865809
"185",18.4,"Simu1","NIT",50,"cliver",0.567792650852596
"186",18.5,"Simu1","NIT",50,"cliver",0.579341946489044
"187",18.6,"Simu1","NIT",50,"cliver",0.586828324842741
"188",18.7,"Simu1","NIT",50,"cliver",0.59147212159367
"189",18.8,"Simu1","NIT",50,"cliver",0.59378525227112
"190",18.9,"Simu1","NIT",50,"cliver",0.594077711733406
"191",19,"Simu1","NIT",50,"cliver",0.592589618474134
"192",19.1,"Simu1","NIT",50,"cliver",0.589526854958465
"193",19.2,"Simu1","NIT",50,"cliver",0.585070793441981
"194",19.3,"Simu1","NIT",50,"cliver",0.579384763921273
"195",19.4,"Simu1","NIT",50,"cliver",0.5726156332353
"196",19.5,"Simu1","NIT",50,"cliver",0.564895639027717
"197",19.6,"Simu1","NIT",50,"cliver",0.556344259165662
"198",19.7,"Simu1","NIT",50,"cliver",0.547069525252637
"199",19.8,"Simu1","NIT",50,"cliver",0.537169337572752
"200",19.9,"Simu1","NIT",50,"cliver",0.526732451251718
"201",20,"Simu1","NIT",50,"cliver",0.515839284187283
"202",20.1,"Simu1","NIT",50,"cliver",0.504562810607807
"203",20.2,"Simu1","NIT",50,"cliver",0.49296931464985
"204",20.3,"Simu1","NIT",50,"cliver",0.481119024584455
"205",20.4,"Simu1","NIT",50,"cliver",0.469066641659799
"206",20.5,"Simu1","NIT",50,"cliver",0.456861839452638
"207",20.6,"Simu1","NIT",50,"cliver",0.444549696896049
"208",20.7,"Simu1","NIT",50,"cliver",0.4321711832031
"209",20.8,"Simu1","NIT",50,"cliver",0.419763382770415
"210",20.9,"Simu1","NIT",50,"cliver",0.407359936478538
"211",21,"Simu1","NIT",50,"cliver",0.394991333493813
"212",21.1,"Simu1","NIT",50,"cliver",0.382685143526524
"213",21.2,"Simu1","NIT",50,"cliver",0.370466204544061
"214",21.3,"Simu1","NIT",50,"cliver",0.358356921295318
"215",21.4,"Simu1","NIT",50,"cliver",0.34637747955975
"216",21.5,"Simu1","NIT",50,"cliver",0.334545977206408
"217",21.6,"Simu1","NIT",50,"cliver",0.322878588843278
"218",21.7,"Simu1","NIT",50,"cliver",0.311389785889847
"219",21.8,"Simu1","NIT",50,"cliver",0.30009244026958
"220",21.9,"Simu1","NIT",50,"cliver",0.288997925614209
"221",22,"Simu1","NIT",50,"cliver",0.278116274539149
"222",22.1,"Simu1","NIT",50,"cliver",0.267456294712605
"223",22.2,"Simu1","NIT",50,"cliver",0.257025643039871
"224",22.3,"Simu1","NIT",50,"cliver",0.246830918279585
"225",22.4,"Simu1","NIT",50,"cliver",0.236877759997269
"226",22.5,"Simu1","NIT",50,"cliver",0.227170920609511
"227",22.6,"Simu1","NIT",50,"cliver",0.217714325656852
"228",22.7,"Simu1","NIT",50,"cliver",0.208511136732912
"229",22.8,"Simu1","NIT",50,"cliver",0.199563811169485
"230",22.9,"Simu1","NIT",50,"cliver",0.190874147666671
"231",23,"Simu1","NIT",50,"cliver",0.182443329036486
"232",23.1,"Simu1","NIT",50,"cliver",0.174271956769489
"233",23.2,"Simu1","NIT",50,"cliver",0.166360090071701
"234",23.3,"Simu1","NIT",50,"cliver",0.158707262401897
"235",23.4,"Simu1","NIT",50,"cliver",0.151312525362398
"236",23.5,"Simu1","NIT",50,"cliver",0.144174447575369
"237",23.6,"Simu1","NIT",50,"cliver",0.137291124682426
"238",23.7,"Simu1","NIT",50,"cliver",0.130660223221197
"239",23.8,"Simu1","NIT",50,"cliver",0.12427900707756
"240",23.9,"Simu1","NIT",50,"cliver",0.118144309669833
"241",24,"Simu1","NIT",50,"cliver",0.113293989226462
"242",24.1,"Simu1","NIT",50,"cliver",0.378222606386112
"243",24.2,"Simu1","NIT",50,"cliver",0.50609158673386
"244",24.3,"Simu1","NIT",50,"cliver",0.548383439105226
"245",24.4,"Simu1","NIT",50,"cliver",0.567940393103837
"246",24.5,"Simu1","NIT",50,"cliver",0.579484697789296
"247",24.6,"Simu1","NIT",50,"cliver",0.586966062442397
"248",24.7,"Simu1","NIT",50,"cliver",0.591604941634393
"249",24.8,"Simu1","NIT",50,"cliver",0.593913077258829
"250",24.9,"Simu1","NIT",50,"cliver",0.594201034675152
"251",25,"Simu1","NIT",50,"cliver",0.592708936567457
"252",25.1,"Simu1","NIT",50,"cliver",0.58964140969335
"253",25.2,"Simu1","NIT",50,"cliver",0.585181044783621
"254",25.3,"Simu1","NIT",50,"cliver",0.579490999117429
"255",25.4,"Simu1","NIT",50,"cliver",0.572717899401011
"256",25.5,"Simu1","NIT",50,"cliver",0.56499401511502
"257",25.6,"Simu1","NIT",50,"cliver",0.556438848466706
"258",25.7,"Simu1","NIT",50,"cliver",0.547160556176722
"259",25.8,"Simu1","NIT",50,"cliver",0.537256996229855
"260",25.9,"Simu1","NIT",50,"cliver",0.526816794051877
"261",26,"Simu1","NIT",50,"cliver",0.515920385709078
"262",26.1,"Simu1","NIT",50,"cliver",0.504640793890482
"263",26.2,"Simu1","NIT",50,"cliver",0.49304431013748
"264",26.3,"Simu1","NIT",50,"cliver",0.481191132091918
"265",26.4,"Simu1","NIT",50,"cliver",0.469135949311275
"266",26.5,"Simu1","NIT",50,"cliver",0.456928433328369
"267",26.6,"Simu1","NIT",50,"cliver",0.444613682264773
"268",26.7,"Simu1","NIT",50,"cliver",0.432232624787031
"269",26.8,"Simu1","NIT",50,"cliver",0.419822385068452
"270",26.9,"Simu1","NIT",50,"cliver",0.407416608620812
"271",27,"Simu1","NIT",50,"cliver",0.395045755188142
"272",27.1,"Simu1","NIT",50,"cliver",0.382737365480364
"273",27.2,"Simu1","NIT",50,"cliver",0.370516305024704
"274",27.3,"Simu1","NIT",50,"cliver",0.358404986475301
"275",27.4,"Simu1","NIT",50,"cliver",0.346423572227006
"276",27.5,"Simu1","NIT",50,"cliver",0.33459015679068
"277",27.6,"Simu1","NIT",50,"cliver",0.322920937483866
"278",27.7,"Simu1","NIT",50,"cliver",0.31143036958838
"279",27.8,"Simu1","NIT",50,"cliver",0.300131312148623
"280",27.9,"Simu1","NIT",50,"cliver",0.289035154712183
"281",28,"Simu1","NIT",50,"cliver",0.278151930428059
"282",28.1,"Simu1","NIT",50,"cliver",0.267490427915745
"283",28.2,"Simu1","NIT",50,"cliver",0.257058305125506
"284",28.3,"Simu1","NIT",50,"cliver",0.246862165959425
"285",28.4,"Simu1","NIT",50,"cliver",0.236907644862733
"286",28.5,"Simu1","NIT",50,"cliver",0.227199486308548
"287",28.6,"Simu1","NIT",50,"cliver",0.217741613699999
"288",28.7,"Simu1","NIT",50,"cliver",0.208537189901113
"289",28.8,"Simu1","NIT",50,"cliver",0.199588672572348
"290",28.9,"Simu1","NIT",50,"cliver",0.190897858645491
"291",29,"Simu1","NIT",50,"cliver",0.182465927893992
"292",29.1,"Simu1","NIT",50,"cliver",0.174293482044766
"293",29.2,"Simu1","NIT",50,"cliver",0.166380575962202
"294",29.3,"Simu1","NIT",50,"cliver",0.158726748446705
"295",29.4,"Simu1","NIT",50,"cliver",0.151331040714027
"296",29.5,"Simu1","NIT",50,"cliver",0.144192023714742
"297",29.6,"Simu1","NIT",50,"cliver",0.137307805177113
"298",29.7,"Simu1","NIT",50,"cliver",0.130676053814531
"299",29.8,"Simu1","NIT",50,"cliver",0.12429401392481
"300",29.9,"Simu1","NIT",50,"cliver",0.118158507642987
"301",30,"Simu1","NIT",50,"cliver",0.113307430994206
"302",30.1,"Simu1","NIT",50,"cliver",0.378235375200757
"303",30.2,"Simu1","NIT",50,"cliver",0.506102829431664
"304",30.3,"Simu1","NIT",50,"cliver",0.548394740510734
"305",30.4,"Simu1","NIT",50,"cliver",0.567950991789095
"306",30.5,"Simu1","NIT",50,"cliver",0.579494775508951
"307",30.6,"Simu1","NIT",50,"cliver",0.586974739460556
"308",30.7,"Simu1","NIT",50,"cliver",0.591612647594876
"309",30.8,"Simu1","NIT",50,"cliver",0.593921157480662
"310",30.9,"Simu1","NIT",50,"cliver",0.594208462743885
"311",31,"Simu1","NIT",50,"cliver",0.592715903066767
"312",31.1,"Simu1","NIT",50,"cliver",0.589648129585525
"313",31.2,"Simu1","NIT",50,"cliver",0.585187308530117
"314",31.3,"Simu1","NIT",50,"cliver",0.579496999289728
"315",31.4,"Simu1","NIT",50,"cliver",0.572723616504449
"316",31.5,"Simu1","NIT",50,"cliver",0.56499938727967
"317",31.6,"Simu1","NIT",50,"cliver",0.55644399539372
"318",31.7,"Simu1","NIT",50,"cliver",0.547165490902292
"319",31.8,"Simu1","NIT",50,"cliver",0.537261636932651
"320",31.9,"Simu1","NIT",50,"cliver",0.52682113495951
"321",32,"Simu1","NIT",50,"cliver",0.515924485846161
"322",32.1,"Simu1","NIT",50,"cliver",0.504644691970585
"323",32.2,"Simu1","NIT",50,"cliver",0.493048003757497
"324",32.3,"Simu1","NIT",50,"cliver",0.481194617015774
"325",32.4,"Simu1","NIT",50,"cliver",0.469139236818178
"326",32.5,"Simu1","NIT",50,"cliver",0.456931544461533
"327",32.6,"Simu1","NIT",50,"cliver",0.444616630880753
"328",32.7,"Simu1","NIT",50,"cliver",0.432235415673256
"329",32.8,"Simu1","NIT",50,"cliver",0.419825023093606
"330",32.9,"Simu1","NIT",50,"cliver",0.407419103100728
"331",33,"Simu1","NIT",50,"cliver",0.395048115909744
"332",33.1,"Simu1","NIT",50,"cliver",0.382739598965031
"333",33.2,"Simu1","NIT",50,"cliver",0.370518415877327
"334",33.3,"Simu1","NIT",50,"cliver",0.35840698021563
"335",33.4,"Simu1","NIT",50,"cliver",0.346425454874696
"336",33.5,"Simu1","NIT",50,"cliver",0.334591934678743
"337",33.6,"Simu1","NIT",50,"cliver",0.322922616252176
"338",33.7,"Simu1","NIT",50,"cliver",0.31143195495065
"339",33.8,"Simu1","NIT",50,"cliver",0.300132806565594
"340",33.9,"Simu1","NIT",50,"cliver",0.289036556690262
"341",34,"Simu1","NIT",50,"cliver",0.278153240076485
"342",34.1,"Simu1","NIT",50,"cliver",0.267491650946001
"343",34.2,"Simu1","NIT",50,"cliver",0.257059442885814
"344",34.3,"Simu1","NIT",50,"cliver",0.246863219747495
"345",34.4,"Simu1","NIT",50,"cliver",0.236908618950893
"346",34.5,"Simu1","NIT",50,"cliver",0.227200387094862
"347",34.6,"Simu1","NIT",50,"cliver",0.217742447990687
"348",34.7,"Simu1","NIT",50,"cliver",0.208537963794774
"349",34.8,"Simu1","NIT",50,"cliver",0.199589389669354
"350",34.9,"Simu1","NIT",50,"cliver",0.190898522222971
"351",35,"Simu1","NIT",50,"cliver",0.182466542123741
"352",35.1,"Simu1","NIT",50,"cliver",0.174294051304722
"353",35.2,"Simu1","NIT",50,"cliver",0.166381105191291
"354",35.3,"Simu1","NIT",50,"cliver",0.158727240392029
"355",35.4,"Simu1","NIT",50,"cliver",0.151331498534128
"356",35.5,"Simu1","NIT",50,"cliver",0.144192446622323
"357",35.6,"Simu1","NIT",50,"cliver",0.137308194833656
"358",35.7,"Simu1","NIT",50,"cliver",0.130676412796853
"359",35.8,"Simu1","NIT",50,"cliver",0.124294343716268
"360",35.9,"Simu1","NIT",50,"cliver",0.118158820367339
"361",36,"Simu1","NIT",50,"cliver",0.113307666792381
"362",36.1,"Simu1","NIT",50,"cliver",0.3782364259626
"363",36.2,"Simu1","NIT",50,"cliver",0.506103704933281
"364",36.3,"Simu1","NIT",50,"cliver",0.548394579937939
"365",36.4,"Simu1","NIT",50,"cliver",0.567950843440014
"366",36.5,"Simu1","NIT",50,"cliver",0.579495586121346
"367",36.6,"Simu1","NIT",50,"cliver",0.586975387752694
"368",36.7,"Simu1","NIT",50,"cliver",0.591614290272178
"369",36.8,"Simu1","NIT",50,"cliver",0.593922294034553
"370",36.9,"Simu1","NIT",50,"cliver",0.594209824766879
"371",37,"Simu1","NIT",50,"cliver",0.592716845129847
"372",37.1,"Simu1","NIT",50,"cliver",0.589648960658193
"373",37.2,"Simu1","NIT",50,"cliver",0.585188297852517
"374",37.3,"Simu1","NIT",50,"cliver",0.579497862331566
"375",37.4,"Simu1","NIT",50,"cliver",0.572724405536286
"376",37.5,"Simu1","NIT",50,"cliver",0.565000178972768
"377",37.6,"Simu1","NIT",50,"cliver",0.556444705458546
"378",37.7,"Simu1","NIT",50,"cliver",0.54716613185851
"379",37.8,"Simu1","NIT",50,"cliver",0.537262282260323
"380",37.9,"Simu1","NIT",50,"cliver",0.526821798740782
"381",38,"Simu1","NIT",50,"cliver",0.515925117908486
"382",38.1,"Simu1","NIT",50,"cliver",0.50464526723986
"383",38.2,"Simu1","NIT",50,"cliver",0.493048547674213
"384",38.3,"Simu1","NIT",50,"cliver",0.481195157571548
"385",38.4,"Simu1","NIT",50,"cliver",0.469139771883932
"386",38.5,"Simu1","NIT",50,"cliver",0.456932057700431
"387",38.6,"Simu1","NIT",50,"cliver",0.444617118417519
"388",38.7,"Simu1","NIT",50,"cliver",0.432235886242733
"389",38.8,"Simu1","NIT",50,"cliver",0.419825482768853
"390",38.9,"Simu1","NIT",50,"cliver",0.407419549650189
"391",39,"Simu1","NIT",50,"cliver",0.395048545600219
"392",39.1,"Simu1","NIT",50,"cliver",0.382740012278418
"393",39.2,"Simu1","NIT",50,"cliver",0.370518815703809
"394",39.3,"Simu1","NIT",50,"cliver",0.358407367803744
"395",39.4,"Simu1","NIT",50,"cliver",0.346425829482489
"396",39.5,"Simu1","NIT",50,"cliver",0.334592295755445
"397",39.6,"Simu1","NIT",50,"cliver",0.322922964520628
"398",39.7,"Simu1","NIT",50,"cliver",0.311432291211961
"399",39.8,"Simu1","NIT",50,"cliver",0.30013313100169
"400",39.9,"Simu1","NIT",50,"cliver",0.289036869431492
"401",40,"Simu1","NIT",50,"cliver",0.278153541555303
"402",40.1,"Simu1","NIT",50,"cliver",0.267491941564218
"403",40.2,"Simu1","NIT",50,"cliver",0.257059722823753
"404",40.3,"Simu1","NIT",50,"cliver",0.246863489217699
"405",40.4,"Simu1","NIT",50,"cliver",0.236908878262747
"406",40.5,"Simu1","NIT",50,"cliver",0.227200636523229
"407",40.6,"Simu1","NIT",50,"cliver",0.217742687765641
"408",40.7,"Simu1","NIT",50,"cliver",0.208538194159448
"409",40.8,"Simu1","NIT",50,"cliver",0.199589610868983
"410",40.9,"Simu1","NIT",50,"cliver",0.19089873449005
"411",41,"Simu1","NIT",50,"cliver",0.182466745684887
"412",41.1,"Simu1","NIT",50,"cliver",0.174294246394136
"413",41.2,"Simu1","NIT",50,"cliver",0.166381292024148
"414",41.3,"Simu1","NIT",50,"cliver",0.158727419198976
"415",41.4,"Simu1","NIT",50,"cliver",0.151331669505386
"416",41.5,"Simu1","NIT",50,"cliver",0.144192610035661
"417",41.6,"Simu1","NIT",50,"cliver",0.137308351004668
"418",41.7,"Simu1","NIT",50,"cliver",0.130676561939292
"419",41.8,"Simu1","NIT",50,"cliver",0.12429448556044
"420",41.9,"Simu1","NIT",50,"cliver",0.118158953105641
"421",42,"Simu1","NIT",50,"cliver",0.113307838496422
"422",42.1,"Simu1","NIT",50,"cliver",0.378235970906621
"423",42.2,"Simu1","NIT",50,"cliver",0.506103438623126
"424",42.3,"Simu1","NIT",50,"cliver",0.548394547710839
"425",42.4,"Simu1","NIT",50,"cliver",0.567950663562176
"426",42.5,"Simu1","NIT",50,"cliver",0.579493997524511
"427",42.6,"Simu1","NIT",50,"cliver",0.586975208897026
"428",42.7,"Simu1","NIT",50,"cliver",0.591613836405664
"429",42.8,"Simu1","NIT",50,"cliver",0.593921799345455
"430",42.9,"Simu1","NIT",50,"cliver",0.594209257817271
"431",43,"Simu1","NIT",50,"cliver",0.592716124549935
"432",43.1,"Simu1","NIT",50,"cliver",0.589648418712063
"433",43.2,"Simu1","NIT",50,"cliver",0.585187757661971
"434",43.3,"Simu1","NIT",50,"cliver",0.579497299202309
"435",43.4,"Simu1","NIT",50,"cliver",0.572723880332268
"436",43.5,"Simu1","NIT",50,"cliver",0.56499974864656
"437",43.6,"Simu1","NIT",50,"cliver",0.556444374326899
"438",43.7,"Simu1","NIT",50,"cliver",0.547165777614395
"439",43.8,"Simu1","NIT",50,"cliver",0.537261862511433
"440",43.9,"Simu1","NIT",50,"cliver",0.526821382101015
"441",44,"Simu1","NIT",50,"cliver",0.51592474644479
"442",44.1,"Simu1","NIT",50,"cliver",0.50464492581494
"443",44.2,"Simu1","NIT",50,"cliver",0.493048200222147
"444",44.3,"Simu1","NIT",50,"cliver",0.481194797962782
"445",44.4,"Simu1","NIT",50,"cliver",0.46913940958868
"446",44.5,"Simu1","NIT",50,"cliver",0.456931719669797
"447",44.6,"Simu1","NIT",50,"cliver",0.444616764434603
"448",44.7,"Simu1","NIT",50,"cliver",0.432235534764972
"449",44.8,"Simu1","NIT",50,"cliver",0.419825168450252
"450",44.9,"Simu1","NIT",50,"cliver",0.407419269920342
"451",45,"Simu1","NIT",50,"cliver",0.395048260708997
"452",45.1,"Simu1","NIT",50,"cliver",0.382739718088578
"453",45.2,"Simu1","NIT",50,"cliver",0.370518527468379
"454",45.3,"Simu1","NIT",50,"cliver",0.358407076392941
"455",45.4,"Simu1","NIT",50,"cliver",0.346425545442393
"456",45.5,"Simu1","NIT",50,"cliver",0.334592032041742
"457",45.6,"Simu1","NIT",50,"cliver",0.322922699136495
"458",45.7,"Simu1","NIT",50,"cliver",0.311432038793554
"459",45.8,"Simu1","NIT",50,"cliver",0.300132902381287
"460",45.9,"Simu1","NIT",50,"cliver",0.28903663773003
"461",46,"Simu1","NIT",50,"cliver",0.278153303619793
"462",46.1,"Simu1","NIT",50,"cliver",0.267491720162368
"463",46.2,"Simu1","NIT",50,"cliver",0.257059516876092
"464",46.3,"Simu1","NIT",50,"cliver",0.246863283120776
"465",46.4,"Simu1","NIT",50,"cliver",0.236908674447243
"466",46.5,"Simu1","NIT",50,"cliver",0.227200444137805
"467",46.6,"Simu1","NIT",50,"cliver",0.217742504723829
"468",46.7,"Simu1","NIT",50,"cliver",0.208538014814008
"469",46.8,"Simu1","NIT",50,"cliver",0.199589436967378
"470",46.9,"Simu1","NIT",50,"cliver",0.190898568154394
"471",47,"Simu1","NIT",50,"cliver",0.182466586854604
"472",47.1,"Simu1","NIT",50,"cliver",0.174294091800255
"473",47.2,"Simu1","NIT",50,"cliver",0.166381145180139
"474",47.3,"Simu1","NIT",50,"cliver",0.158727274827183
"475",47.4,"Simu1","NIT",50,"cliver",0.151331538891446
"476",47.5,"Simu1","NIT",50,"cliver",0.144192506023682
"477",47.6,"Simu1","NIT",50,"cliver",0.137308255823387
"478",47.7,"Simu1","NIT",50,"cliver",0.130676449682865
"479",47.8,"Simu1","NIT",50,"cliver",0.124294370393984
"480",47.9,"Simu1","NIT",50,"cliver",0.118158852858064
"481",48,"Simu1","NIT",50,"cliver",0.113307719759366
"482",48.1,"Simu1","NIT",50,"cliver",0.37823551269145
"483",48.2,"Simu1","NIT",50,"cliver",0.506103267823862
"484",48.3,"Simu1","NIT",50,"cliver",0.548393950863482
"485",48.4,"Simu1","NIT",50,"cliver",0.567950180497035
"486",48.5,"Simu1","NIT",50,"cliver",0.579493781304277
"487",48.6,"Simu1","NIT",50,"cliver",0.58697488080507
"488",48.7,"Simu1","NIT",50,"cliver",0.591613557416203
"489",48.8,"Simu1","NIT",50,"cliver",0.593921742624083
"490",48.9,"Simu1","NIT",50,"cliver",0.594209237859591
"491",49,"Simu1","NIT",50,"cliver",0.592716337014267
"492",49.1,"Simu1","NIT",50,"cliver",0.589648428912708
"493",49.2,"Simu1","NIT",50,"cliver",0.585187682931537
"494",49.3,"Simu1","NIT",50,"cliver",0.579497167634413
"495",49.4,"Simu1","NIT",50,"cliver",0.572723664153139
"496",49.5,"Simu1","NIT",50,"cliver",0.564999502934904
"497",49.6,"Simu1","NIT",50,"cliver",0.556444116586651
"498",49.7,"Simu1","NIT",50,"cliver",0.547165537006164
"499",49.8,"Simu1","NIT",50,"cliver",0.537261648573098
"500",49.9,"Simu1","NIT",50,"cliver",0.52682116728015
"501",50,"Simu1","NIT",50,"cliver",0.515924525946565
"502",50.1,"Simu1","NIT",50,"cliver",0.504644709365946
"503",50.2,"Simu1","NIT",50,"cliver",0.493048001777937
"504",50.3,"Simu1","NIT",50,"cliver",0.481194617549334
"505",50.4,"Simu1","NIT",50,"cliver",0.469139246370669
"506",50.5,"Simu1","NIT",50,"cliver",0.456931552098458
"507",50.6,"Simu1","NIT",50,"cliver",0.444616629538895
"508",50.7,"Simu1","NIT",50,"cliver",0.432235409776114
"509",50.8,"Simu1","NIT",50,"cliver",0.419825018287768
"510",50.9,"Simu1","NIT",50,"cliver",0.407419098617813
"511",51,"Simu1","NIT",50,"cliver",0.395048108383024
"512",51.1,"Simu1","NIT",50,"cliver",0.382739588031071
"513",51.2,"Simu1","NIT",50,"cliver",0.370518403641393
"514",51.3,"Simu1","NIT",50,"cliver",0.35840696771992
"515",51.4,"Simu1","NIT",50,"cliver",0.346425441402501
"516",51.5,"Simu1","NIT",50,"cliver",0.334591919565327
"517",51.6,"Simu1","NIT",50,"cliver",0.322922600035727
"518",51.7,"Simu1","NIT",50,"cliver",0.311431938210558
"519",51.8,"Simu1","NIT",50,"cliver",0.30013278916124
"520",51.9,"Simu1","NIT",50,"cliver",0.289036538420842
"521",52,"Simu1","NIT",50,"cliver",0.278153221229101
"522",52.1,"Simu1","NIT",50,"cliver",0.267491631819557
"523",52.2,"Simu1","NIT",50,"cliver",0.257059423494712
"524",52.3,"Simu1","NIT",50,"cliver",0.246863200075011
"525",52.4,"Simu1","NIT",50,"cliver",0.236908599101335
"526",52.5,"Simu1","NIT",50,"cliver",0.227200367189549
"527",52.6,"Simu1","NIT",50,"cliver",0.217742428096134
"528",52.7,"Simu1","NIT",50,"cliver",0.208537943950306
"529",52.8,"Simu1","NIT",50,"cliver",0.199589369919841
"530",52.9,"Simu1","NIT",50,"cliver",0.190898502624285
"531",53,"Simu1","NIT",50,"cliver",0.182466522730708
"532",53.1,"Simu1","NIT",50,"cliver",0.174294032160377
"533",53.2,"Simu1","NIT",50,"cliver",0.166381086323005
"534",53.3,"Simu1","NIT",50,"cliver",0.158727221835084
"535",53.4,"Simu1","NIT",50,"cliver",0.151331480311172
"536",53.5,"Simu1","NIT",50,"cliver",0.144192428788642
"537",53.6,"Simu1","NIT",50,"cliver",0.137308177534431
"538",53.7,"Simu1","NIT",50,"cliver",0.130676395959474
"539",53.8,"Simu1","NIT",50,"cliver",0.124294327166748
"540",53.9,"Simu1","NIT",50,"cliver",0.118158803839362
"541",54,"Simu1","NIT",50,"cliver",0.113307653143614
"542",54.1,"Simu1","NIT",50,"cliver",0.378236440062046
"543",54.2,"Simu1","NIT",50,"cliver",0.506103587919511
"544",54.3,"Simu1","NIT",50,"cliver",0.548394951871869
"545",54.4,"Simu1","NIT",50,"cliver",0.56795075230611
"546",54.5,"Simu1","NIT",50,"cliver",0.579494966764508
"547",54.6,"Simu1","NIT",50,"cliver",0.586975279886318
"548",54.7,"Simu1","NIT",50,"cliver",0.591613901429951
"549",54.8,"Simu1","NIT",50,"cliver",0.59392203597266
"550",54.9,"Simu1","NIT",50,"cliver",0.594209649025102
"551",55,"Simu1","NIT",50,"cliver",0.592716786761649
"552",55.1,"Simu1","NIT",50,"cliver",0.589648835340114
"553",55.2,"Simu1","NIT",50,"cliver",0.585187963420122
"554",55.3,"Simu1","NIT",50,"cliver",0.579497594163308
"555",55.4,"Simu1","NIT",50,"cliver",0.572724206960584
"556",55.5,"Simu1","NIT",50,"cliver",0.56499997294094
"557",55.6,"Simu1","NIT",50,"cliver",0.556444536644414
"558",55.7,"Simu1","NIT",50,"cliver",0.547166024704357
"559",55.8,"Simu1","NIT",50,"cliver",0.537262189028084
"560",55.9,"Simu1","NIT",50,"cliver",0.526821692122888
"561",56,"Simu1","NIT",50,"cliver",0.515925021737143
"562",56.1,"Simu1","NIT",50,"cliver",0.504645197567694
"563",56.2,"Simu1","NIT",50,"cliver",0.493048501131565
"564",56.3,"Simu1","NIT",50,"cliver",0.481195114259225
"565",56.4,"Simu1","NIT",50,"cliver",0.469139725099556
"566",56.5,"Simu1","NIT",50,"cliver",0.45693201406424
"567",56.6,"Simu1","NIT",50,"cliver",0.444617083913462
"568",56.7,"Simu1","NIT",50,"cliver",0.432235859852462
"569",56.8,"Simu1","NIT",50,"cliver",0.419825458007055
"570",56.9,"Simu1","NIT",50,"cliver",0.407419526844491
"571",57,"Simu1","NIT",50,"cliver",0.395048522923695
"572",57.1,"Simu1","NIT",50,"cliver",0.382739997463232
"573",57.2,"Simu1","NIT",50,"cliver",0.370518797804273
"574",57.3,"Simu1","NIT",50,"cliver",0.358407362353071
"575",57.4,"Simu1","NIT",50,"cliver",0.346425790550054
"576",57.5,"Simu1","NIT",50,"cliver",0.334592273110451
"577",57.6,"Simu1","NIT",50,"cliver",0.322922952351047
"578",57.7,"Simu1","NIT",50,"cliver",0.311432295048665
"579",57.8,"Simu1","NIT",50,"cliver",0.300133130294015
"580",57.9,"Simu1","NIT",50,"cliver",0.289036867518602
"581",58,"Simu1","NIT",50,"cliver",0.278153559593517
"582",58.1,"Simu1","NIT",50,"cliver",0.267491977247846
"583",58.2,"Simu1","NIT",50,"cliver",0.257059788766548
"584",58.3,"Simu1","NIT",50,"cliver",0.246863558865242
"585",58.4,"Simu1","NIT",50,"cliver",0.236908972259735
"586",58.5,"Simu1","NIT",50,"cliver",0.227200719589426
"587",58.6,"Simu1","NIT",50,"cliver",0.217742813180484
"588",58.7,"Simu1","NIT",50,"cliver",0.208538331739517
"589",58.8,"Simu1","NIT",50,"cliver",0.199589762093858
"590",58.9,"Simu1","NIT",50,"cliver",0.190898787842259
"591",59,"Simu1","NIT",50,"cliver",0.182466816508673
"592",59.1,"Simu1","NIT",50,"cliver",0.174294387790043
"593",59.2,"Simu1","NIT",50,"cliver",0.166381392818259
"594",59.3,"Simu1","NIT",50,"cliver",0.158727413597379
"595",59.4,"Simu1","NIT",50,"cliver",0.151331660205604
"596",59.5,"Simu1","NIT",50,"cliver",0.144192573287875
"597",59.6,"Simu1","NIT",50,"cliver",0.13730826996867
"598",59.7,"Simu1","NIT",50,"cliver",0.130676459470212
"599",59.8,"Simu1","NIT",50,"cliver",0.124294390739813
"600",59.9,"Simu1","NIT",50,"cliver",0.118158933436777
"601",60,"Simu1","NIT",50,"cliver",0.113307908260116
"602",60.1,"Simu1","NIT",50,"cliver",0.378236484993079
"603",60.2,"Simu1","NIT",50,"cliver",0.506105377702642
"604",60.3,"Simu1","NIT",50,"cliver",0.548397026763731
"605",60.4,"Simu1","NIT",50,"cliver",0.567953459044028
"606",60.5,"Simu1","NIT",50,"cliver",0.57949791142868
"607",60.6,"Simu1","NIT",50,"cliver",0.586978750777831
"608",60.7,"Simu1","NIT",50,"cliver",0.59161718939243
"609",60.8,"Simu1","NIT",50,"cliver",0.59392523007594
"610",60.9,"Simu1","NIT",50,"cliver",0.594212807139172
"611",61,"Simu1","NIT",50,"cliver",0.592719850054489
"612",61.1,"Simu1","NIT",50,"cliver",0.58965205873712
"613",61.2,"Simu1","NIT",50,"cliver",0.5851913416501
"614",61.3,"Simu1","NIT",50,"cliver",0.579500883743712
"615",61.4,"Simu1","NIT",50,"cliver",0.572727358658761
"616",61.5,"Simu1","NIT",50,"cliver",0.56500309348294
"617",61.6,"Simu1","NIT",50,"cliver",0.556447660423038
"618",61.7,"Simu1","NIT",50,"cliver",0.547169093129202
"619",61.8,"Simu1","NIT",50,"cliver",0.537265194544558
"620",61.9,"Simu1","NIT",50,"cliver",0.526824654413703
"621",62,"Simu1","NIT",50,"cliver",0.515927939851419
"622",62.1,"Simu1","NIT",50,"cliver",0.504648067980348
"623",62.2,"Simu1","NIT",50,"cliver",0.493051315551554
"624",62.3,"Simu1","NIT",50,"cliver",0.481197876670843
"625",62.4,"Simu1","NIT",50,"cliver",0.469142439596276
"626",62.5,"Simu1","NIT",50,"cliver",0.456934679002441
"627",62.6,"Simu1","NIT",50,"cliver",0.444619693811279
"628",62.7,"Simu1","NIT",50,"cliver",0.432238411062087
"629",62.8,"Simu1","NIT",50,"cliver",0.419827953301242
"630",62.9,"Simu1","NIT",50,"cliver",0.407421965495264
"631",63,"Simu1","NIT",50,"cliver",0.395050907337273
"632",63.1,"Simu1","NIT",50,"cliver",0.382742319370648
"633",63.2,"Simu1","NIT",50,"cliver",0.370521066899074
"634",63.3,"Simu1","NIT",50,"cliver",0.358409562380478
"635",63.4,"Simu1","NIT",50,"cliver",0.346427967478404
"636",63.5,"Simu1","NIT",50,"cliver",0.334594377354498
"637",63.6,"Simu1","NIT",50,"cliver",0.322924989702814
"638",63.7,"Simu1","NIT",50,"cliver",0.311434259967541
"639",63.8,"Simu1","NIT",50,"cliver",0.300135043657373
"640",63.9,"Simu1","NIT",50,"cliver",0.289038726196037
"641",64,"Simu1","NIT",50,"cliver",0.278155342782726
"642",64.1,"Simu1","NIT",50,"cliver",0.267493687715483
"643",64.2,"Simu1","NIT",50,"cliver",0.25706141444832
"644",64.3,"Simu1","NIT",50,"cliver",0.24686512689005
"645",64.4,"Simu1","NIT",50,"cliver",0.236910462563982
"646",64.5,"Simu1","NIT",50,"cliver",0.227202168093547
"647",64.6,"Simu1","NIT",50,"cliver",0.217744167315982
"648",64.7,"Simu1","NIT",50,"cliver",0.20853962241934
"649",64.8,"Simu1","NIT",50,"cliver",0.199590988579907
"650",64.9,"Simu1","NIT",50,"cliver",0.190900062427412
"651",65,"Simu1","NIT",50,"cliver",0.182468024669111
"652",65.1,"Simu1","NIT",50,"cliver",0.174295477260211
"653",65.2,"Simu1","NIT",50,"cliver",0.16638247563666
"654",65.3,"Simu1","NIT",50,"cliver",0.158728556426318
"655",65.4,"Simu1","NIT",50,"cliver",0.151332761281493
"656",65.5,"Simu1","NIT",50,"cliver",0.144193657245336
"657",65.6,"Simu1","NIT",50,"cliver",0.137309354699927
"658",65.7,"Simu1","NIT",50,"cliver",0.130677522852076
"659",65.8,"Simu1","NIT",50,"cliver",0.124295404922267
"660",65.9,"Simu1","NIT",50,"cliver",0.11815983207378
"661",66,"Simu1","NIT",50,"cliver",0.113308674150833
"662",66.1,"Simu1","NIT",50,"cliver",0.378236447581715
"663",66.2,"Simu1","NIT",50,"cliver",0.506103534084685
"664",66.3,"Simu1","NIT",50,"cliver",0.548394328307609
"665",66.4,"Simu1","NIT",50,"cliver",0.567950095542638
"666",66.5,"Simu1","NIT",50,"cliver",0.579494756635825
"667",66.6,"Simu1","NIT",50,"cliver",0.586974967287096
"668",66.7,"Simu1","NIT",50,"cliver",0.591613610891118
"669",66.8,"Simu1","NIT",50,"cliver",0.593921668710096
"670",66.9,"Simu1","NIT",50,"cliver",0.594209207577806
"671",67,"Simu1","NIT",50,"cliver",0.592716207491154
"672",67.1,"Simu1","NIT",50,"cliver",0.589648247619447
"673",67.2,"Simu1","NIT",50,"cliver",0.585187547480874
"674",67.3,"Simu1","NIT",50,"cliver",0.5794970962224
"675",67.4,"Simu1","NIT",50,"cliver",0.572723630958715
"676",67.5,"Simu1","NIT",50,"cliver",0.564999412713427
"677",67.6,"Simu1","NIT",50,"cliver",0.556443929716371
"678",67.7,"Simu1","NIT",50,"cliver",0.547165326112867
"679",67.8,"Simu1","NIT",50,"cliver",0.537261466052197
"680",67.9,"Simu1","NIT",50,"cliver",0.526820987756145
"681",68,"Simu1","NIT",50,"cliver",0.515924309667165
"682",68.1,"Simu1","NIT",50,"cliver",0.504644457775689
"683",68.2,"Simu1","NIT",50,"cliver",0.493047736660444
"684",68.3,"Simu1","NIT",50,"cliver",0.481194350117963
"685",68.4,"Simu1","NIT",50,"cliver",0.469138972344739
"686",68.5,"Simu1","NIT",50,"cliver",0.456931266307534
"687",68.6,"Simu1","NIT",50,"cliver",0.444616334574556
"688",68.7,"Simu1","NIT",50,"cliver",0.432235111160761
"689",68.8,"Simu1","NIT",50,"cliver",0.419824718401038
"690",68.9,"Simu1","NIT",50,"cliver",0.407418797178961
"691",69,"Simu1","NIT",50,"cliver",0.395047805449687
"692",69.1,"Simu1","NIT",50,"cliver",0.382739284826711
"693",69.2,"Simu1","NIT",50,"cliver",0.370518101608508
"694",69.3,"Simu1","NIT",50,"cliver",0.358406667777899
"695",69.4,"Simu1","NIT",50,"cliver",0.346425144006045
"696",69.5,"Simu1","NIT",50,"cliver",0.334591625100713
"697",69.6,"Simu1","NIT",50,"cliver",0.322922308944496
"698",69.7,"Simu1","NIT",50,"cliver",0.311431651009032
"699",69.8,"Simu1","NIT",50,"cliver",0.300132506410686
"700",69.9,"Simu1","NIT",50,"cliver",0.289036260550298
"701",70,"Simu1","NIT",50,"cliver",0.278152948571628
"702",70.1,"Simu1","NIT",50,"cliver",0.26749136454467
"703",70.2,"Simu1","NIT",50,"cliver",0.257059161808074
"704",70.3,"Simu1","NIT",50,"cliver",0.246862944206528
"705",70.4,"Simu1","NIT",50,"cliver",0.236908349240013
"706",70.5,"Simu1","NIT",50,"cliver",0.227200123456765
"707",70.6,"Simu1","NIT",50,"cliver",0.217742190587612
"708",70.7,"Simu1","NIT",50,"cliver",0.208537712772318
"709",70.8,"Simu1","NIT",50,"cliver",0.199589145166226
"710",70.9,"Simu1","NIT",50,"cliver",0.190898284347457
"711",71,"Simu1","NIT",50,"cliver",0.182466310956902
"712",71.1,"Simu1","NIT",50,"cliver",0.174293826912591
"713",71.2,"Simu1","NIT",50,"cliver",0.166380887614498
"714",71.3,"Simu1","NIT",50,"cliver",0.158727029661592
"715",71.4,"Simu1","NIT",50,"cliver",0.151331294642523
"716",71.5,"Simu1","NIT",50,"cliver",0.144192249601473
"717",71.6,"Simu1","NIT",50,"cliver",0.137308004802592
"718",71.7,"Simu1","NIT",50,"cliver",0.130676229633312
"719",71.8,"Simu1","NIT",50,"cliver",0.124294167105374
"720",71.9,"Simu1","NIT",50,"cliver",0.118158652223528
"721",72,"Simu1","NIT",50,"cliver",0.113307472539662
"722",72.1,"Simu1","NIT",50,"cliver",0.378235713102291
"723",72.2,"Simu1","NIT",50,"cliver",0.506105904358926
"724",72.3,"Simu1","NIT",50,"cliver",0.548394611556841
"725",72.4,"Simu1","NIT",50,"cliver",0.567950404598869
"726",72.5,"Simu1","NIT",50,"cliver",0.579496226904325
"727",72.6,"Simu1","NIT",50,"cliver",0.58697637407513
"728",72.7,"Simu1","NIT",50,"cliver",0.591614693337738
"729",72.8,"Simu1","NIT",50,"cliver",0.593922599491508
"730",72.9,"Simu1","NIT",50,"cliver",0.594210157222705
"731",73,"Simu1","NIT",50,"cliver",0.592717147955279
"732",73.1,"Simu1","NIT",50,"cliver",0.589649259757769
"733",73.2,"Simu1","NIT",50,"cliver",0.585188591764702
"734",73.3,"Simu1","NIT",50,"cliver",0.579498161383197
"735",73.4,"Simu1","NIT",50,"cliver",0.572724702365239
"736",73.5,"Simu1","NIT",50,"cliver",0.565000471691422
"737",73.6,"Simu1","NIT",50,"cliver",0.556445004739178
"738",73.7,"Simu1","NIT",50,"cliver",0.54716643666527
"739",73.8,"Simu1","NIT",50,"cliver",0.537262587254887
"740",73.9,"Simu1","NIT",50,"cliver",0.526822100050827
"741",74,"Simu1","NIT",50,"cliver",0.5159254172232
"742",74.1,"Simu1","NIT",50,"cliver",0.504645566191284
"743",74.2,"Simu1","NIT",50,"cliver",0.493048845817699
"744",74.3,"Simu1","NIT",50,"cliver",0.481195453147328
"745",74.4,"Simu1","NIT",50,"cliver",0.469140063703004
"746",74.5,"Simu1","NIT",50,"cliver",0.456932345802902
"747",74.6,"Simu1","NIT",50,"cliver",0.444617403039419
"748",74.7,"Simu1","NIT",50,"cliver",0.432236167012262
"749",74.8,"Simu1","NIT",50,"cliver",0.419825759042944
"750",74.9,"Simu1","NIT",50,"cliver",0.407419821058037
"751",75,"Simu1","NIT",50,"cliver",0.39504881205794
"752",75.1,"Simu1","NIT",50,"cliver",0.382740273713587
"753",75.2,"Simu1","NIT",50,"cliver",0.370519071924564
"754",75.3,"Simu1","NIT",50,"cliver",0.358407618587249
"755",75.4,"Simu1","NIT",50,"cliver",0.346426074691067
"756",75.5,"Simu1","NIT",50,"cliver",0.33459253533249
"757",75.6,"Simu1","NIT",50,"cliver",0.322923198414356
"758",75.7,"Simu1","NIT",50,"cliver",0.311432519346698
"759",75.8,"Simu1","NIT",50,"cliver",0.30013335331723
"760",75.9,"Simu1","NIT",50,"cliver",0.289037085905862
"761",76,"Simu1","NIT",50,"cliver",0.278153752161402
"762",76.1,"Simu1","NIT",50,"cliver",0.267492146297549
"763",76.2,"Simu1","NIT",50,"cliver",0.257059921691108
"764",76.3,"Simu1","NIT",50,"cliver",0.246863682235186
"765",76.4,"Simu1","NIT",50,"cliver",0.236909065453287
"766",76.5,"Simu1","NIT",50,"cliver",0.227200817916312
"767",76.6,"Simu1","NIT",50,"cliver",0.217742863400755
"768",76.7,"Simu1","NIT",50,"cliver",0.208538364084238
"769",76.8,"Simu1","NIT",50,"cliver",0.19958977513487
"770",76.9,"Simu1","NIT",50,"cliver",0.190898893153707
"771",77,"Simu1","NIT",50,"cliver",0.182466898810181
"772",77.1,"Simu1","NIT",50,"cliver",0.174294394050762
"773",77.2,"Simu1","NIT",50,"cliver",0.166381434285608
"774",77.3,"Simu1","NIT",50,"cliver",0.158727556143401
"775",77.4,"Simu1","NIT",50,"cliver",0.151331801216134
"776",77.5,"Simu1","NIT",50,"cliver",0.144192736600182
"777",77.6,"Simu1","NIT",50,"cliver",0.137308472516561
"778",77.7,"Simu1","NIT",50,"cliver",0.130676678490249
"779",77.8,"Simu1","NIT",50,"cliver",0.12429459723381
"780",77.9,"Simu1","NIT",50,"cliver",0.118159060030075
"781",78,"Simu1","NIT",50,"cliver",0.113307949098898
"782",78.1,"Simu1","NIT",50,"cliver",0.3782359996384
"783",78.2,"Simu1","NIT",50,"cliver",0.506104721393458
"784",78.3,"Simu1","NIT",50,"cliver",0.548396208257076
"785",78.4,"Simu1","NIT",50,"cliver",0.567953266841518
"786",78.5,"Simu1","NIT",50,"cliver",0.579498036112103
"787",78.6,"Simu1","NIT",50,"cliver",0.586977603079335
"788",78.7,"Simu1","NIT",50,"cliver",0.591615755903893
"789",78.8,"Simu1","NIT",50,"cliver",0.5939238471824
"790",78.9,"Simu1","NIT",50,"cliver",0.594210952324595
"791",79,"Simu1","NIT",50,"cliver",0.592718691799806
"792",79.1,"Simu1","NIT",50,"cliver",0.589651110571122
"793",79.2,"Simu1","NIT",50,"cliver",0.585190345043708
"794",79.3,"Simu1","NIT",50,"cliver",0.579499773502397
"795",79.4,"Simu1","NIT",50,"cliver",0.572726511182183
"796",79.5,"Simu1","NIT",50,"cliver",0.565002159402602
"797",79.6,"Simu1","NIT",50,"cliver",0.556446600792489
"798",79.7,"Simu1","NIT",50,"cliver",0.547168122215674
"799",79.8,"Simu1","NIT",50,"cliver",0.537264274480803
"800",79.9,"Simu1","NIT",50,"cliver",0.526823731441588
"801",80,"Simu1","NIT",50,"cliver",0.515926949989118
"802",80.1,"Simu1","NIT",50,"cliver",0.50464711325367
"803",80.2,"Simu1","NIT",50,"cliver",0.493050428973062
"804",80.3,"Simu1","NIT",50,"cliver",0.481197003731811
"805",80.4,"Simu1","NIT",50,"cliver",0.469141558651082
"806",80.5,"Simu1","NIT",50,"cliver",0.456933819561594
"807",80.6,"Simu1","NIT",50,"cliver",0.444618864194327
"808",80.7,"Simu1","NIT",50,"cliver",0.432237608678913
"809",80.8,"Simu1","NIT",50,"cliver",0.419827162812473
"810",80.9,"Simu1","NIT",50,"cliver",0.407421181861859
"811",81,"Simu1","NIT",50,"cliver",0.395050143542491
"812",81.1,"Simu1","NIT",50,"cliver",0.382741580795058
"813",81.2,"Simu1","NIT",50,"cliver",0.370520345342906
"814",81.3,"Simu1","NIT",50,"cliver",0.358408854052349
"815",81.4,"Simu1","NIT",50,"cliver",0.346427277094435
"816",81.5,"Simu1","NIT",50,"cliver",0.334593707790195
"817",81.6,"Simu1","NIT",50,"cliver",0.322924338827805
"818",81.7,"Simu1","NIT",50,"cliver",0.31143362575649
"819",81.8,"Simu1","NIT",50,"cliver",0.300134426644051
"820",81.9,"Simu1","NIT",50,"cliver",0.289038127651451
"821",82,"Simu1","NIT",50,"cliver",0.278154762599165
"822",82.1,"Simu1","NIT",50,"cliver",0.267493124973238
"823",82.2,"Simu1","NIT",50,"cliver",0.257060868780886
"824",82.3,"Simu1","NIT",50,"cliver",0.246864598569305
"825",82.4,"Simu1","NIT",50,"cliver",0.236909951732316
"826",82.5,"Simu1","NIT",50,"cliver",0.227201674355779
"827",82.6,"Simu1","NIT",50,"cliver",0.21774369020703
"828",82.7,"Simu1","NIT",50,"cliver",0.208539161766899
"829",82.8,"Simu1","NIT",50,"cliver",0.199590544282894
"830",82.9,"Simu1","NIT",50,"cliver",0.190899634213549
"831",83,"Simu1","NIT",50,"cliver",0.182467612184096
"832",83.1,"Simu1","NIT",50,"cliver",0.174295080228564
"833",83.2,"Simu1","NIT",50,"cliver",0.166382093833482
"834",83.3,"Simu1","NIT",50,"cliver",0.158728189582171
"835",83.4,"Simu1","NIT",50,"cliver",0.151332409067857
"836",83.5,"Simu1","NIT",50,"cliver",0.144193319356718
"837",83.6,"Simu1","NIT",50,"cliver",0.137309030818742
"838",83.7,"Simu1","NIT",50,"cliver",0.130677212761059
"839",83.8,"Simu1","NIT",50,"cliver",0.124295108448871
"840",83.9,"Simu1","NIT",50,"cliver",0.118159548943601
"841",84,"Simu1","NIT",50,"cliver",0.113308416869601
"842",84.1,"Simu1","NIT",50,"cliver",0.37823649725535
"843",84.2,"Simu1","NIT",50,"cliver",0.506105274195619
"844",84.3,"Simu1","NIT",50,"cliver",0.548396908891527
"845",84.4,"Simu1","NIT",50,"cliver",0.567953225258013
"846",84.5,"Simu1","NIT",50,"cliver",0.579497245126868
"847",84.6,"Simu1","NIT",50,"cliver",0.586978506173574
"848",84.7,"Simu1","NIT",50,"cliver",0.591616902112441
"849",84.8,"Simu1","NIT",50,"cliver",0.593924899866582
"850",84.9,"Simu1","NIT",50,"cliver",0.594212359825854
"851",85,"Simu1","NIT",50,"cliver",0.592719458907409
"852",85.1,"Simu1","NIT",50,"cliver",0.58965157994468
"853",85.2,"Simu1","NIT",50,"cliver",0.585190825274062
"854",85.3,"Simu1","NIT",50,"cliver",0.579500314806795
"855",85.4,"Simu1","NIT",50,"cliver",0.572726763811224
"856",85.5,"Simu1","NIT",50,"cliver",0.565002559001127
"857",85.6,"Simu1","NIT",50,"cliver",0.556447146783175
"858",85.7,"Simu1","NIT",50,"cliver",0.54716854460116
"859",85.8,"Simu1","NIT",50,"cliver",0.537264617607942
"860",85.9,"Simu1","NIT",50,"cliver",0.526824084779681
"861",86,"Simu1","NIT",50,"cliver",0.515927392937568
"862",86.1,"Simu1","NIT",50,"cliver",0.504647530237914
"863",86.2,"Simu1","NIT",50,"cliver",0.493050774394785
"864",86.3,"Simu1","NIT",50,"cliver",0.481197336530993
"865",86.4,"Simu1","NIT",50,"cliver",0.469141909394274
"866",86.5,"Simu1","NIT",50,"cliver",0.456934159672486
"867",86.6,"Simu1","NIT",50,"cliver",0.444619181561123
"868",86.7,"Simu1","NIT",50,"cliver",0.432237904782509
"869",86.8,"Simu1","NIT",50,"cliver",0.419827455050778
"870",86.9,"Simu1","NIT",50,"cliver",0.407421476896181
"871",87,"Simu1","NIT",50,"cliver",0.395050428237962
"872",87.1,"Simu1","NIT",50,"cliver",0.382741849268158
"873",87.2,"Simu1","NIT",50,"cliver",0.37052060603928
"874",87.3,"Simu1","NIT",50,"cliver",0.358409111348919
"875",87.4,"Simu1","NIT",50,"cliver",0.346427526540437
"876",87.5,"Simu1","NIT",50,"cliver",0.334593946499989
"877",87.6,"Simu1","NIT",50,"cliver",0.322924569009411
"878",87.7,"Simu1","NIT",50,"cliver",0.311433849714398
"879",87.8,"Simu1","NIT",50,"cliver",0.300134643732877
"880",87.9,"Simu1","NIT",50,"cliver",0.289038336610199
"881",88,"Simu1","NIT",50,"cliver",0.278154963602071
"882",88.1,"Simu1","NIT",50,"cliver",0.267493319013505
"883",88.2,"Simu1","NIT",50,"cliver",0.25706105622209
"884",88.3,"Simu1","NIT",50,"cliver",0.246864779072606
"885",88.4,"Simu1","NIT",50,"cliver",0.23691012511236
"886",88.5,"Simu1","NIT",50,"cliver",0.227201840990549
"887",88.6,"Simu1","NIT",50,"cliver",0.217743850503866
"888",88.7,"Simu1","NIT",50,"cliver",0.208539315803445
"889",88.8,"Simu1","NIT",50,"cliver",0.199590692067136
"890",88.9,"Simu1","NIT",50,"cliver",0.190899775933586
"891",89,"Simu1","NIT",50,"cliver",0.182467748089928
"892",89.1,"Simu1","NIT",50,"cliver",0.174295210479193
"893",89.2,"Simu1","NIT",50,"cliver",0.16638221851926
"894",89.3,"Simu1","NIT",50,"cliver",0.158728308852352
"895",89.4,"Simu1","NIT",50,"cliver",0.151332523089621
"896",89.5,"Simu1","NIT",50,"cliver",0.144193428326224
"897",89.6,"Simu1","NIT",50,"cliver",0.137309134786803
"898",89.7,"Simu1","NIT",50,"cliver",0.130677311916563
"899",89.8,"Simu1","NIT",50,"cliver",0.124295202873563
"900",89.9,"Simu1","NIT",50,"cliver",0.118159638496043
"901",90,"Simu1","NIT",50,"cliver",0.113308507364994
"902",90.1,"Simu1","NIT",50,"cliver",0.37823682160607
"903",90.2,"Simu1","NIT",50,"cliver",0.506104479241312
"904",90.3,"Simu1","NIT",50,"cliver",0.548395684808432
"905",90.4,"Simu1","NIT",50,"cliver",0.567952024021136
"906",90.5,"Simu1","NIT",50,"cliver",0.579494830150176
"907",90.6,"Simu1","NIT",50,"cliver",0.586976424308573
"908",90.7,"Simu1","NIT",50,"cliver",0.591615034019152
"909",90.8,"Simu1","NIT",50,"cliver",0.593922859840901
"910",90.9,"Simu1","NIT",50,"cliver",0.594210183196314
"911",91,"Simu1","NIT",50,"cliver",0.592717184389157
"912",91.1,"Simu1","NIT",50,"cliver",0.589649169328141
"913",91.2,"Simu1","NIT",50,"cliver",0.58518825406164
"914",91.3,"Simu1","NIT",50,"cliver",0.579497846636828
"915",91.4,"Simu1","NIT",50,"cliver",0.572724650722482
"916",91.5,"Simu1","NIT",50,"cliver",0.565000543099842
"917",91.6,"Simu1","NIT",50,"cliver",0.556445161966266
"918",91.7,"Simu1","NIT",50,"cliver",0.547166650896862
"919",91.8,"Simu1","NIT",50,"cliver",0.537262844004104
"920",91.9,"Simu1","NIT",50,"cliver",0.526822400638212
"921",92,"Simu1","NIT",50,"cliver",0.515925718295538
"922",92.1,"Simu1","NIT",50,"cliver",0.504645815884977
"923",92.2,"Simu1","NIT",50,"cliver",0.493049051091412
"924",92.3,"Simu1","NIT",50,"cliver",0.481195650158288
"925",92.4,"Simu1","NIT",50,"cliver",0.469140266065374
"926",92.5,"Simu1","NIT",50,"cliver",0.456932541517062
"927",92.6,"Simu1","NIT",50,"cliver",0.444617579997596
"928",92.7,"Simu1","NIT",50,"cliver",0.432236327352081
"929",92.8,"Simu1","NIT",50,"cliver",0.419825911185635
"930",92.9,"Simu1","NIT",50,"cliver",0.407419968957223
"931",93,"Simu1","NIT",50,"cliver",0.395048953151737
"932",93.1,"Simu1","NIT",50,"cliver",0.38274040657224
"933",93.2,"Simu1","NIT",50,"cliver",0.37051919565004
"934",93.3,"Simu1","NIT",50,"cliver",0.358407738178064
"935",93.4,"Simu1","NIT",50,"cliver",0.346426185822757
"936",93.5,"Simu1","NIT",50,"cliver",0.334592647741014
"937",93.6,"Simu1","NIT",50,"cliver",0.322923291133621
"938",93.7,"Simu1","NIT",50,"cliver",0.311432596171674
"939",93.8,"Simu1","NIT",50,"cliver",0.300133431287574
"940",93.9,"Simu1","NIT",50,"cliver",0.289037179952773
"941",94,"Simu1","NIT",50,"cliver",0.278153846397035
"942",94.1,"Simu1","NIT",50,"cliver",0.267492248412349
"943",94.2,"Simu1","NIT",50,"cliver",0.257060026349905
"944",94.3,"Simu1","NIT",50,"cliver",0.246863796257539
"945",94.4,"Simu1","NIT",50,"cliver",0.236909178921346
"946",94.5,"Simu1","NIT",50,"cliver",0.227200939831422
"947",94.6,"Simu1","NIT",50,"cliver",0.217743015880385
"948",94.7,"Simu1","NIT",50,"cliver",0.208538519270876
"949",94.8,"Simu1","NIT",50,"cliver",0.199589938002498
"950",94.9,"Simu1","NIT",50,"cliver",0.190899025065451
"951",95,"Simu1","NIT",50,"cliver",0.182467064925959
"952",95.1,"Simu1","NIT",50,"cliver",0.174294619373145
"953",95.2,"Simu1","NIT",50,"cliver",0.166381656738258
"954",95.3,"Simu1","NIT",50,"cliver",0.15872774184361
"955",95.4,"Simu1","NIT",50,"cliver",0.151331975500138
"956",95.5,"Simu1","NIT",50,"cliver",0.144192935875999
"957",95.6,"Simu1","NIT",50,"cliver",0.137308627865388
"958",95.7,"Simu1","NIT",50,"cliver",0.13067676401864
"959",95.8,"Simu1","NIT",50,"cliver",0.124294712638043
"960",95.9,"Simu1","NIT",50,"cliver",0.118159202913567
"961",96,"Simu1","NIT",50,"cliver",0.113308165142643
"962",96.1,"Simu1","NIT",50,"cliver",0.378236297033651
"963",96.2,"Simu1","NIT",50,"cliver",0.506103766081256
"964",96.3,"Simu1","NIT",50,"cliver",0.548394856289587
"965",96.4,"Simu1","NIT",50,"cliver",0.567951654333869
"966",96.5,"Simu1","NIT",50,"cliver",0.579496188898294
"967",96.6,"Simu1","NIT",50,"cliver",0.586975629683842
"968",96.7,"Simu1","NIT",50,"cliver",0.591613717077018
"969",96.8,"Simu1","NIT",50,"cliver",0.593921898984702
"970",96.9,"Simu1","NIT",50,"cliver",0.594208677334319
"971",97,"Simu1","NIT",50,"cliver",0.592716535213639
"972",97.1,"Simu1","NIT",50,"cliver",0.589648875722577
"973",97.2,"Simu1","NIT",50,"cliver",0.585188201829486
"974",97.3,"Simu1","NIT",50,"cliver",0.579497551013555
"975",97.4,"Simu1","NIT",50,"cliver",0.572724264604561
"976",97.5,"Simu1","NIT",50,"cliver",0.564999975470508
"977",97.6,"Simu1","NIT",50,"cliver",0.55644441792513
"978",97.7,"Simu1","NIT",50,"cliver",0.54716593631641
"979",97.8,"Simu1","NIT",50,"cliver",0.537262098020197
"980",97.9,"Simu1","NIT",50,"cliver",0.526821550576106
"981",98,"Simu1","NIT",50,"cliver",0.515924873185666
"982",98.1,"Simu1","NIT",50,"cliver",0.504645086884955
"983",98.2,"Simu1","NIT",50,"cliver",0.493048391732099
"984",98.3,"Simu1","NIT",50,"cliver",0.481194978807518
"985",98.4,"Simu1","NIT",50,"cliver",0.46913957488443
"986",98.5,"Simu1","NIT",50,"cliver",0.45693187102739
"987",98.6,"Simu1","NIT",50,"cliver",0.444616950394583
"988",98.7,"Simu1","NIT",50,"cliver",0.432235722137002
"989",98.8,"Simu1","NIT",50,"cliver",0.419825311852948
"990",98.9,"Simu1","NIT",50,"cliver",0.407419376372419
"991",99,"Simu1","NIT",50,"cliver",0.395048378117352
"992",99.1,"Simu1","NIT",50,"cliver",0.38273985129971
"993",99.2,"Simu1","NIT",50,"cliver",0.370518656892903
"994",99.3,"Simu1","NIT",50,"cliver",0.358407209309988
"995",99.4,"Simu1","NIT",50,"cliver",0.346425673335624
"996",99.5,"Simu1","NIT",50,"cliver",0.334592144016598
"997",99.6,"Simu1","NIT",50,"cliver",0.32292281689134
"998",99.7,"Simu1","NIT",50,"cliver",0.311432146458363
"999",99.8,"Simu1","NIT",50,"cliver",0.300132986915075
"1000",99.9,"Simu1","NIT",50,"cliver",0.289036728145117
"1001",100,"Simu1","NIT",50,"cliver",0.278153405900537
"1002",100.1,"Simu1","NIT",50,"cliver",0.267491811203254
"1003",100.2,"Simu1","NIT",50,"cliver",0.257059594417877
"1004",100.3,"Simu1","NIT",50,"cliver",0.246863363177274
"1005",100.4,"Simu1","NIT",50,"cliver",0.236908757149885
"1006",100.5,"Simu1","NIT",50,"cliver",0.227200519813228
"1007",100.6,"Simu1","NIT",50,"cliver",0.217742573701543
"1008",100.7,"Simu1","NIT",50,"cliver",0.208538083146239
"1009",100.8,"Simu1","NIT",50,"cliver",0.199589503936479
"1010",100.9,"Simu1","NIT",50,"cliver",0.190898631347104
"1011",101,"Simu1","NIT",50,"cliver",0.182466645713999
"1012",101.1,"Simu1","NIT",50,"cliver",0.17429414968268
"1013",101.2,"Simu1","NIT",50,"cliver",0.166381198924305
"1014",101.3,"Simu1","NIT",50,"cliver",0.158727329453315
"1015",101.4,"Simu1","NIT",50,"cliver",0.151331583240604
"1016",101.5,"Simu1","NIT",50,"cliver",0.144192526464537
"1017",101.6,"Simu1","NIT",50,"cliver",0.137308264650041
"1018",101.7,"Simu1","NIT",50,"cliver",0.130676467219795
"1019",101.8,"Simu1","NIT",50,"cliver",0.124294383333561
"1020",101.9,"Simu1","NIT",50,"cliver",0.118158862373807
"1021",102,"Simu1","NIT",50,"cliver",0.113307760847928
"1022",102.1,"Simu1","NIT",50,"cliver",0.378235536460116
"1023",102.2,"Simu1","NIT",50,"cliver",0.506102586753914
"1024",102.3,"Simu1","NIT",50,"cliver",0.548393386048507
"1025",102.4,"Simu1","NIT",50,"cliver",0.567949183020477
"1026",102.5,"Simu1","NIT",50,"cliver",0.579493874107516
"1027",102.6,"Simu1","NIT",50,"cliver",0.586974111136506
"1028",102.7,"Simu1","NIT",50,"cliver",0.591612778712014
"1029",102.8,"Simu1","NIT",50,"cliver",0.593920882767494
"1030",102.9,"Simu1","NIT",50,"cliver",0.594208405484033
"1031",103,"Simu1","NIT",50,"cliver",0.592715465422037
"1032",103.1,"Simu1","NIT",50,"cliver",0.589647517713008
"1033",103.2,"Simu1","NIT",50,"cliver",0.585186824691119
"1034",103.3,"Simu1","NIT",50,"cliver",0.579496414821269
"1035",103.4,"Simu1","NIT",50,"cliver",0.572722963857708
"1036",103.5,"Simu1","NIT",50,"cliver",0.564998782442247
"1037",103.6,"Simu1","NIT",50,"cliver",0.556443321675779
"1038",103.7,"Simu1","NIT",50,"cliver",0.547164727569437
"1039",103.8,"Simu1","NIT",50,"cliver",0.537260878869891
"1040",103.9,"Simu1","NIT",50,"cliver",0.52682042265638
"1041",104,"Simu1","NIT",50,"cliver",0.515923767289428
"1042",104.1,"Simu1","NIT",50,"cliver",0.504643933047663
"1043",104.2,"Simu1","NIT",50,"cliver",0.493047225605555
"1044",104.3,"Simu1","NIT",50,"cliver",0.481193853641279
"1045",104.4,"Simu1","NIT",50,"cliver",0.469138492863314
"1046",104.5,"Simu1","NIT",50,"cliver",0.456930803797734
"1047",104.6,"Simu1","NIT",50,"cliver",0.444615887301494
"1048",104.7,"Simu1","NIT",50,"cliver",0.432234678139694
"1049",104.8,"Simu1","NIT",50,"cliver",0.41982429979074
"1050",104.9,"Simu1","NIT",50,"cliver",0.407418393171338
"1051",105,"Simu1","NIT",50,"cliver",0.395047415658445
"1052",105.1,"Simu1","NIT",50,"cliver",0.382738908602284
"1053",105.2,"Simu1","NIT",50,"cliver",0.370517738505545
"1054",105.3,"Simu1","NIT",50,"cliver",0.358406317590671
"1055",105.4,"Simu1","NIT",50,"cliver",0.346424806511694
"1056",105.5,"Simu1","NIT",50,"cliver",0.334591299934403
"1057",105.6,"Simu1","NIT",50,"cliver",0.322921995705496
"1058",105.7,"Simu1","NIT",50,"cliver",0.311431349370889
"1059",105.8,"Simu1","NIT",50,"cliver",0.300132216096921
"1060",105.9,"Simu1","NIT",50,"cliver",0.289035981231451
"1061",106,"Simu1","NIT",50,"cliver",0.278152679968319
"1062",106.1,"Simu1","NIT",50,"cliver",0.267491106361947
"1063",106.2,"Simu1","NIT",50,"cliver",0.257058913754722
"1064",106.3,"Simu1","NIT",50,"cliver",0.246862705990345
"1065",106.4,"Simu1","NIT",50,"cliver",0.236908120580115
"1066",106.5,"Simu1","NIT",50,"cliver",0.227199904086995
"1067",106.6,"Simu1","NIT",50,"cliver",0.217741980244974
"1068",106.7,"Simu1","NIT",50,"cliver",0.208537511192777
"1069",106.8,"Simu1","NIT",50,"cliver",0.199588952095629
"1070",106.9,"Simu1","NIT",50,"cliver",0.190898099540005
"1071",107,"Simu1","NIT",50,"cliver",0.18246613417206
"1072",107.1,"Simu1","NIT",50,"cliver",0.174293657909069
"1073",107.2,"Simu1","NIT",50,"cliver",0.166380726161543
"1074",107.3,"Simu1","NIT",50,"cliver",0.158726875525228
"1075",107.4,"Simu1","NIT",50,"cliver",0.15133114760793
"1076",107.5,"Simu1","NIT",50,"cliver",0.144192109426604
"1077",107.6,"Simu1","NIT",50,"cliver",0.137307871307909
"1078",107.7,"Simu1","NIT",50,"cliver",0.130676102518049
"1079",107.8,"Simu1","NIT",50,"cliver",0.12429404634231
"1080",107.9,"Simu1","NIT",50,"cliver",0.118158532925889
"1081",108,"Simu1","NIT",50,"cliver",0.11330742648102
"1082",108.1,"Simu1","NIT",50,"cliver",0.378235690348879
"1083",108.2,"Simu1","NIT",50,"cliver",0.506106132142065
"1084",108.3,"Simu1","NIT",50,"cliver",0.548394703372289
"1085",108.4,"Simu1","NIT",50,"cliver",0.567951120055737
"1086",108.5,"Simu1","NIT",50,"cliver",0.579495512124725
"1087",108.6,"Simu1","NIT",50,"cliver",0.586975593159054
"1088",108.7,"Simu1","NIT",50,"cliver",0.591614518176788
"1089",108.8,"Simu1","NIT",50,"cliver",0.593922539849672
"1090",108.9,"Simu1","NIT",50,"cliver",0.594210092774378
"1091",109,"Simu1","NIT",50,"cliver",0.592717122012626
"1092",109.1,"Simu1","NIT",50,"cliver",0.58964926489199
"1093",109.2,"Simu1","NIT",50,"cliver",0.585188601861505
"1094",109.3,"Simu1","NIT",50,"cliver",0.579498177761661
"1095",109.4,"Simu1","NIT",50,"cliver",0.572724723698986
"1096",109.5,"Simu1","NIT",50,"cliver",0.565000494352639
"1097",109.6,"Simu1","NIT",50,"cliver",0.55644503119516
"1098",109.7,"Simu1","NIT",50,"cliver",0.547166467242484
"1099",109.8,"Simu1","NIT",50,"cliver",0.537262620014617
"1100",109.9,"Simu1","NIT",50,"cliver",0.526822133465403
"1101",110,"Simu1","NIT",50,"cliver",0.515925451789803
"1102",110.1,"Simu1","NIT",50,"cliver",0.504645602657545
"1103",110.2,"Simu1","NIT",50,"cliver",0.493048883890673
"1104",110.3,"Simu1","NIT",50,"cliver",0.481195491973918
"1105",110.4,"Simu1","NIT",50,"cliver",0.469140102888864
"1106",110.5,"Simu1","NIT",50,"cliver",0.456932385463841
"1107",110.6,"Simu1","NIT",50,"cliver",0.444617443206518
"1108",110.7,"Simu1","NIT",50,"cliver",0.432236207433252
"1109",110.8,"Simu1","NIT",50,"cliver",0.419825799454741
"1110",110.9,"Simu1","NIT",50,"cliver",0.407419861363963
"1111",111,"Simu1","NIT",50,"cliver",0.395048852230076
"1112",111.1,"Simu1","NIT",50,"cliver",0.382740313671458
"1113",111.2,"Simu1","NIT",50,"cliver",0.370519111550501
"1114",111.3,"Simu1","NIT",50,"cliver",0.35840765779281
"1115",111.4,"Simu1","NIT",50,"cliver",0.346426113425913
"1116",111.5,"Simu1","NIT",50,"cliver",0.334592573550528
"1117",111.6,"Simu1","NIT",50,"cliver",0.322923236059791
"1118",111.7,"Simu1","NIT",50,"cliver",0.311432556367885
"1119",111.8,"Simu1","NIT",50,"cliver",0.300133389677522
"1120",111.9,"Simu1","NIT",50,"cliver",0.289037121575629
"1121",112,"Simu1","NIT",50,"cliver",0.278153787105482
"1122",112.1,"Simu1","NIT",50,"cliver",0.267492180488295
"1123",112.2,"Simu1","NIT",50,"cliver",0.257059955108307
"1124",112.3,"Simu1","NIT",50,"cliver",0.246863714861936
"1125",112.4,"Simu1","NIT",50,"cliver",0.236909097273173
"1126",112.5,"Simu1","NIT",50,"cliver",0.227200848914971
"1127",112.6,"Simu1","NIT",50,"cliver",0.217742893568205
"1128",112.7,"Simu1","NIT",50,"cliver",0.208538393413672
"1129",112.8,"Simu1","NIT",50,"cliver",0.199589803620524
"1130",112.9,"Simu1","NIT",50,"cliver",0.190898920791298
"1131",113,"Simu1","NIT",50,"cliver",0.182466925598
"1132",113.1,"Simu1","NIT",50,"cliver",0.174294419989304
"1133",113.2,"Simu1","NIT",50,"cliver",0.166381459376755
"1134",113.3,"Simu1","NIT",50,"cliver",0.158727580390332
"1135",113.4,"Simu1","NIT",50,"cliver",0.151331824623836
"1136",113.5,"Simu1","NIT",50,"cliver",0.144192759174832
"1137",113.6,"Simu1","NIT",50,"cliver",0.137308494266718
"1138",113.7,"Simu1","NIT",50,"cliver",0.130676699423174
"1139",113.8,"Simu1","NIT",50,"cliver",0.124294617356856
"1140",113.9,"Simu1","NIT",50,"cliver",0.118159079355951
"1141",114,"Simu1","NIT",50,"cliver",0.11330796362996
"1142",114.1,"Simu1","NIT",50,"cliver",0.378236149656257
"1143",114.2,"Simu1","NIT",50,"cliver",0.506103414105267
"1144",114.3,"Simu1","NIT",50,"cliver",0.548394302046801
"1145",114.4,"Simu1","NIT",50,"cliver",0.567950139494298
"1146",114.5,"Simu1","NIT",50,"cliver",0.579494855610857
"1147",114.6,"Simu1","NIT",50,"cliver",0.586975111780877
"1148",114.7,"Simu1","NIT",50,"cliver",0.591613791540957
"1149",114.8,"Simu1","NIT",50,"cliver",0.59392190905696
"1150",114.9,"Simu1","NIT",50,"cliver",0.594209431692194
"1151",115,"Simu1","NIT",50,"cliver",0.592716499850038
"1152",115.1,"Simu1","NIT",50,"cliver",0.589648552016393
"1153",115.2,"Simu1","NIT",50,"cliver",0.585187866541654
"1154",115.3,"Simu1","NIT",50,"cliver",0.579497465924728
"1155",115.4,"Simu1","NIT",50,"cliver",0.572724005046645
"1156",115.5,"Simu1","NIT",50,"cliver",0.564999809902256
"1157",115.6,"Simu1","NIT",50,"cliver",0.556444332773886
"1158",115.7,"Simu1","NIT",50,"cliver",0.547165727395036
"1159",115.8,"Simu1","NIT",50,"cliver",0.537261866591234
"1160",115.9,"Simu1","NIT",50,"cliver",0.526821394242097
"1161",116,"Simu1","NIT",50,"cliver",0.515924723112888
"1162",116.1,"Simu1","NIT",50,"cliver",0.504644870069131
"1163",116.2,"Simu1","NIT",50,"cliver",0.493048144991259
"1164",116.3,"Simu1","NIT",50,"cliver",0.481194756053087
"1165",116.4,"Simu1","NIT",50,"cliver",0.469139376928995
"1166",116.5,"Simu1","NIT",50,"cliver",0.456931668725969
"1167",116.6,"Simu1","NIT",50,"cliver",0.444616733147984
"1168",116.7,"Simu1","NIT",50,"cliver",0.432235504911673
"1169",116.8,"Simu1","NIT",50,"cliver",0.419825107349638
"1170",116.9,"Simu1","NIT",50,"cliver",0.407419181296285
"1171",117,"Simu1","NIT",50,"cliver",0.395048184147554
"1172",117.1,"Simu1","NIT",50,"cliver",0.382739657463902
"1173",117.2,"Simu1","NIT",50,"cliver",0.370518467870666
"1174",117.3,"Simu1","NIT",50,"cliver",0.358407027499456
"1175",117.4,"Simu1","NIT",50,"cliver",0.346425496953641
"1176",117.5,"Simu1","NIT",50,"cliver",0.33459197099864
"1177",117.6,"Simu1","NIT",50,"cliver",0.322922647567467
"1178",117.7,"Simu1","NIT",50,"cliver",0.31143198219574
"1179",117.8,"Simu1","NIT",50,"cliver",0.300132830030946
"1180",117.9,"Simu1","NIT",50,"cliver",0.28903657644663
"1181",118,"Simu1","NIT",50,"cliver",0.278153256682624
"1182",118.1,"Simu1","NIT",50,"cliver",0.267491664808452
"1183",118.2,"Simu1","NIT",50,"cliver",0.257059454160174
"1184",118.3,"Simu1","NIT",50,"cliver",0.246863228590327
"1185",118.4,"Simu1","NIT",50,"cliver",0.236908625627903
"1186",118.5,"Simu1","NIT",50,"cliver",0.227200391848621
"1187",118.6,"Simu1","NIT",50,"cliver",0.217742450991461
"1188",118.7,"Simu1","NIT",50,"cliver",0.20853796519865
"1189",118.8,"Simu1","NIT",50,"cliver",0.199589389642949
"1190",118.9,"Simu1","NIT",50,"cliver",0.190898520919202
"1191",119,"Simu1","NIT",50,"cliver",0.18246653967906
"1192",119.1,"Simu1","NIT",50,"cliver",0.17429404784326
"1193",119.2,"Simu1","NIT",50,"cliver",0.166381100827999
"1194",119.3,"Simu1","NIT",50,"cliver",0.158727235234335
"1195",119.4,"Simu1","NIT",50,"cliver",0.151331492677172
"1196",119.5,"Simu1","NIT",50,"cliver",0.1441924401752
"1197",119.6,"Simu1","NIT",50,"cliver",0.137308188067131
"1198",119.7,"Simu1","NIT",50,"cliver",0.130676405610823
"1199",119.8,"Simu1","NIT",50,"cliver",0.124294336129699
"1200",119.9,"Simu1","NIT",50,"cliver",0.118158809741333
"1201",120,"Simu1","NIT",50,"cliver",0.113307715210751
"1202",120.1,"Simu1","NIT",50,"cliver",0.378236013553537
"1203",120.2,"Simu1","NIT",50,"cliver",0.50610479946442
"1204",120.3,"Simu1","NIT",50,"cliver",0.548395593976892
"1205",120.4,"Simu1","NIT",50,"cliver",0.567951815588051
"1206",120.5,"Simu1","NIT",50,"cliver",0.579495179597313
"1207",120.6,"Simu1","NIT",50,"cliver",0.586976677354642
"1208",120.7,"Simu1","NIT",50,"cliver",0.591615375057216
"1209",120.8,"Simu1","NIT",50,"cliver",0.593923205272762
"1210",120.9,"Simu1","NIT",50,"cliver",0.594210869908991
"1211",121,"Simu1","NIT",50,"cliver",0.592718114346253
"1212",121.1,"Simu1","NIT",50,"cliver",0.589650165305224
"1213",121.2,"Simu1","NIT",50,"cliver",0.585189509090475
"1214",121.3,"Simu1","NIT",50,"cliver",0.579499089555942
"1215",121.4,"Simu1","NIT",50,"cliver",0.572725626195705
"1216",121.5,"Simu1","NIT",50,"cliver",0.565001380451038
"1217",121.6,"Simu1","NIT",50,"cliver",0.556445926597758
"1218",121.7,"Simu1","NIT",50,"cliver",0.547167368098685
"1219",121.8,"Simu1","NIT",50,"cliver",0.537263528372647
"1220",121.9,"Simu1","NIT",50,"cliver",0.526823021783154
"1221",122,"Simu1","NIT",50,"cliver",0.51592634831239
"1222",122.1,"Simu1","NIT",50,"cliver",0.504646500743024
"1223",122.2,"Simu1","NIT",50,"cliver",0.493049775013898
"1224",122.3,"Simu1","NIT",50,"cliver",0.48119637047048
"1225",122.4,"Simu1","NIT",50,"cliver",0.469140963909261
"1226",122.5,"Simu1","NIT",50,"cliver",0.456933228543742
"1227",122.6,"Simu1","NIT",50,"cliver",0.444618267599544
"1228",122.7,"Simu1","NIT",50,"cliver",0.432237014639202
"1229",122.8,"Simu1","NIT",50,"cliver",0.419826586657477
"1230",122.9,"Simu1","NIT",50,"cliver",0.407420633048983
"1231",123,"Simu1","NIT",50,"cliver",0.395049600275254
"1232",123.1,"Simu1","NIT",50,"cliver",0.382741051901387
"1233",123.2,"Simu1","NIT",50,"cliver",0.370519839202674
"1234",123.3,"Simu1","NIT",50,"cliver",0.358408363833936
"1235",123.4,"Simu1","NIT",50,"cliver",0.346426773747988
"1236",123.5,"Simu1","NIT",50,"cliver",0.334593216591157
"1237",123.6,"Simu1","NIT",50,"cliver",0.32292385309996
"1238",123.7,"Simu1","NIT",50,"cliver",0.311433141439976
"1239",123.8,"Simu1","NIT",50,"cliver",0.300133954677065
"1240",123.9,"Simu1","NIT",50,"cliver",0.289037684900312
"1241",124,"Simu1","NIT",50,"cliver",0.27815434782104
"1242",124.1,"Simu1","NIT",50,"cliver",0.267492713842776
"1243",124.2,"Simu1","NIT",50,"cliver",0.257060465173188
"1244",124.3,"Simu1","NIT",50,"cliver",0.246864217044735
"1245",124.4,"Simu1","NIT",50,"cliver",0.236909608751977
"1246",124.5,"Simu1","NIT",50,"cliver",0.227201357904228
"1247",124.6,"Simu1","NIT",50,"cliver",0.217743403148133
"1248",124.7,"Simu1","NIT",50,"cliver",0.208538881339143
"1249",124.8,"Simu1","NIT",50,"cliver",0.199590302352294
"1250",124.9,"Simu1","NIT",50,"cliver",0.190899392819402
"1251",125,"Simu1","NIT",50,"cliver",0.182467466649253
"1252",125.1,"Simu1","NIT",50,"cliver",0.174294892027712
"1253",125.2,"Simu1","NIT",50,"cliver",0.166381825112712
"1254",125.3,"Simu1","NIT",50,"cliver",0.158728037135811
"1255",125.4,"Simu1","NIT",50,"cliver",0.151332269774897
"1256",125.5,"Simu1","NIT",50,"cliver",0.144193064697439
"1257",125.6,"Simu1","NIT",50,"cliver",0.137308809045791
"1258",125.7,"Simu1","NIT",50,"cliver",0.130677010045435
"1259",125.8,"Simu1","NIT",50,"cliver",0.124294906273015
"1260",125.9,"Simu1","NIT",50,"cliver",0.118159343808625
"1261",126,"Simu1","NIT",50,"cliver",0.113308204727585
"1262",126.1,"Simu1","NIT",50,"cliver",0.378236154447786
"1263",126.2,"Simu1","NIT",50,"cliver",0.506103238615771
"1264",126.3,"Simu1","NIT",50,"cliver",0.548394251601244
"1265",126.4,"Simu1","NIT",50,"cliver",0.567949977766361
"1266",126.5,"Simu1","NIT",50,"cliver",0.579494461208219
"1267",126.6,"Simu1","NIT",50,"cliver",0.586974672601313
"1268",126.7,"Simu1","NIT",50,"cliver",0.591613159558587
"1269",126.8,"Simu1","NIT",50,"cliver",0.5939213042155
"1270",126.9,"Simu1","NIT",50,"cliver",0.594208931332928
"1271",127,"Simu1","NIT",50,"cliver",0.592715921782849
"1272",127.1,"Simu1","NIT",50,"cliver",0.589648080498792
"1273",127.2,"Simu1","NIT",50,"cliver",0.585187352357696
"1274",127.3,"Simu1","NIT",50,"cliver",0.579496887784785
"1275",127.4,"Simu1","NIT",50,"cliver",0.572723376184529
"1276",127.5,"Simu1","NIT",50,"cliver",0.56499911416681
"1277",127.6,"Simu1","NIT",50,"cliver",0.556443687082912
"1278",127.7,"Simu1","NIT",50,"cliver",0.547165143524128
"1279",127.8,"Simu1","NIT",50,"cliver",0.537261284573884
"1280",127.9,"Simu1","NIT",50,"cliver",0.526820785771202
"1281",128,"Simu1","NIT",50,"cliver",0.515924111721137
"1282",128.1,"Simu1","NIT",50,"cliver",0.50464428475539
"1283",128.2,"Simu1","NIT",50,"cliver",0.493047585228411
"1284",128.3,"Simu1","NIT",50,"cliver",0.481194204965664
"1285",128.4,"Simu1","NIT",50,"cliver",0.469138828509686
"1286",128.5,"Simu1","NIT",50,"cliver",0.456931130052261
"1287",128.6,"Simu1","NIT",50,"cliver",0.44461620992631
"1288",128.7,"Simu1","NIT",50,"cliver",0.432234995366325
"1289",128.8,"Simu1","NIT",50,"cliver",0.419824607788101
"1290",128.9,"Simu1","NIT",50,"cliver",0.407418691300987
"1291",129,"Simu1","NIT",50,"cliver",0.395047705541858
"1292",129.1,"Simu1","NIT",50,"cliver",0.38273919115392
"1293",129.2,"Simu1","NIT",50,"cliver",0.370518013208739
"1294",129.3,"Simu1","NIT",50,"cliver",0.358406583764233
"1295",129.4,"Simu1","NIT",50,"cliver",0.346425064229054
"1296",129.5,"Simu1","NIT",50,"cliver",0.334591549669073
"1297",129.6,"Simu1","NIT",50,"cliver",0.322922237675273
"1298",129.7,"Simu1","NIT",50,"cliver",0.31143158351359
"1299",129.8,"Simu1","NIT",50,"cliver",0.300132442527696
"1300",129.9,"Simu1","NIT",50,"cliver",0.289036200082431
"1301",130,"Simu1","NIT",50,"cliver",0.278152891250516
"1302",130.1,"Simu1","NIT",50,"cliver",0.267491310223471
"1303",130.2,"Simu1","NIT",50,"cliver",0.257059110371542
"1304",130.3,"Simu1","NIT",50,"cliver",0.246862895539036
"1305",130.4,"Simu1","NIT",50,"cliver",0.236908303187184
"1306",130.5,"Simu1","NIT",50,"cliver",0.227200079870519
"1307",130.6,"Simu1","NIT",50,"cliver",0.21774214936657
"1308",130.7,"Simu1","NIT",50,"cliver",0.208537673819604
"1309",130.8,"Simu1","NIT",50,"cliver",0.199589108363282
"1310",130.9,"Simu1","NIT",50,"cliver",0.1908982495812
"1311",131,"Simu1","NIT",50,"cliver",0.18246627813848
"1312",131.1,"Simu1","NIT",50,"cliver",0.174293795954561
"1313",131.2,"Simu1","NIT",50,"cliver",0.166380858430166
"1314",131.3,"Simu1","NIT",50,"cliver",0.158727002156817
"1315",131.4,"Simu1","NIT",50,"cliver",0.151331268751684
"1316",131.5,"Simu1","NIT",50,"cliver",0.144192225221765
"1317",131.6,"Simu1","NIT",50,"cliver",0.137307981920116
"1318",131.7,"Simu1","NIT",50,"cliver",0.130676208028899
"1319",131.8,"Simu1","NIT",50,"cliver",0.124294146678861
"1320",131.9,"Simu1","NIT",50,"cliver",0.118158629140044
"1321",132,"Simu1","NIT",50,"cliver",0.113307517832993
"1322",132.1,"Simu1","NIT",50,"cliver",0.378236225209232
"1323",132.2,"Simu1","NIT",50,"cliver",0.506104195775121
"1324",132.3,"Simu1","NIT",50,"cliver",0.548395352858168
"1325",132.4,"Simu1","NIT",50,"cliver",0.567950980567182
"1326",132.5,"Simu1","NIT",50,"cliver",0.579496792548729
"1327",132.6,"Simu1","NIT",50,"cliver",0.586976940669047
"1328",132.7,"Simu1","NIT",50,"cliver",0.591615240312288
"1329",132.8,"Simu1","NIT",50,"cliver",0.593923227243316
"1330",132.9,"Simu1","NIT",50,"cliver",0.594210744223794
"1331",133,"Simu1","NIT",50,"cliver",0.592717792097631
"1332",133.1,"Simu1","NIT",50,"cliver",0.589649864271971
"1333",133.2,"Simu1","NIT",50,"cliver",0.585189190148556
"1334",133.3,"Simu1","NIT",50,"cliver",0.579498774615769
"1335",133.4,"Simu1","NIT",50,"cliver",0.572725324260648
"1336",133.5,"Simu1","NIT",50,"cliver",0.565001124377629
"1337",133.6,"Simu1","NIT",50,"cliver",0.556445652092203
"1338",133.7,"Simu1","NIT",50,"cliver",0.547167045822439
"1339",133.8,"Simu1","NIT",50,"cliver",0.537263182196432
"1340",133.9,"Simu1","NIT",50,"cliver",0.526822699714932
"1341",134,"Simu1","NIT",50,"cliver",0.515926013850491
"1342",134.1,"Simu1","NIT",50,"cliver",0.504646149844636
"1343",134.2,"Simu1","NIT",50,"cliver",0.49304941269531
"1344",134.3,"Simu1","NIT",50,"cliver",0.481196007937372
"1345",134.4,"Simu1","NIT",50,"cliver",0.469140610495577
"1346",134.5,"Simu1","NIT",50,"cliver",0.456932882825146
"1347",134.6,"Simu1","NIT",50,"cliver",0.444617927255127
"1348",134.7,"Simu1","NIT",50,"cliver",0.432236678260785
"1349",134.8,"Simu1","NIT",50,"cliver",0.419826258684079
"1350",134.9,"Simu1","NIT",50,"cliver",0.407420309585077
"1351",135,"Simu1","NIT",50,"cliver",0.395049288918483
"1352",135.1,"Simu1","NIT",50,"cliver",0.382740738369332
"1353",135.2,"Simu1","NIT",50,"cliver",0.37051952443223
"1354",135.3,"Simu1","NIT",50,"cliver",0.358408059287654
"1355",135.4,"Simu1","NIT",50,"cliver",0.346426503712419
"1356",135.5,"Simu1","NIT",50,"cliver",0.334592952571448
"1357",135.6,"Simu1","NIT",50,"cliver",0.322923603831947
"1358",135.7,"Simu1","NIT",50,"cliver",0.31143291307562
"1359",135.8,"Simu1","NIT",50,"cliver",0.300133735510119
"1360",135.9,"Simu1","NIT",50,"cliver",0.289037456584186
"1361",136,"Simu1","NIT",50,"cliver",0.278154111532376
"1362",136.1,"Simu1","NIT",50,"cliver",0.267492494465985
"1363",136.2,"Simu1","NIT",50,"cliver",0.257060258780906
"1364",136.3,"Simu1","NIT",50,"cliver",0.246864008368037
"1365",136.4,"Simu1","NIT",50,"cliver",0.236909380773347
"1366",136.5,"Simu1","NIT",50,"cliver",0.227201122588243
"1367",136.6,"Simu1","NIT",50,"cliver",0.217743157579083
"1368",136.7,"Simu1","NIT",50,"cliver",0.208538647917684
"1369",136.8,"Simu1","NIT",50,"cliver",0.199590048792952
"1370",136.9,"Simu1","NIT",50,"cliver",0.190899156812561
"1371",137,"Simu1","NIT",50,"cliver",0.182467152644836
"1372",137.1,"Simu1","NIT",50,"cliver",0.17429463823202
"1373",137.2,"Simu1","NIT",50,"cliver",0.166381669001816
"1374",137.3,"Simu1","NIT",50,"cliver",0.158727781573609
"1375",137.4,"Simu1","NIT",50,"cliver",0.151332017566154
"1376",137.5,"Simu1","NIT",50,"cliver",0.144192944033501
"1377",137.6,"Simu1","NIT",50,"cliver",0.137308671287906
"1378",137.7,"Simu1","NIT",50,"cliver",0.130676868686351
"1379",137.8,"Simu1","NIT",50,"cliver",0.124294779376308
"1380",137.9,"Simu1","NIT",50,"cliver",0.118159256502411
"1381",138,"Simu1","NIT",50,"cliver",0.113308158916563
"1382",138.1,"Simu1","NIT",50,"cliver",0.378236214970528
"1383",138.2,"Simu1","NIT",50,"cliver",0.506104156694379
"1384",138.3,"Simu1","NIT",50,"cliver",0.548395799771753
"1385",138.4,"Simu1","NIT",50,"cliver",0.567952363591729
"1386",138.5,"Simu1","NIT",50,"cliver",0.579497612933867
"1387",138.6,"Simu1","NIT",50,"cliver",0.586976940651571
"1388",138.7,"Simu1","NIT",50,"cliver",0.591615536582743
"1389",138.8,"Simu1","NIT",50,"cliver",0.593923795797409
"1390",138.9,"Simu1","NIT",50,"cliver",0.594211369746068
"1391",139,"Simu1","NIT",50,"cliver",0.592718402569939
"1392",139.1,"Simu1","NIT",50,"cliver",0.5896505424315
"1393",139.2,"Simu1","NIT",50,"cliver",0.585189848820977
"1394",139.3,"Simu1","NIT",50,"cliver",0.579499387857517
"1395",139.4,"Simu1","NIT",50,"cliver",0.572725876142648
"1396",139.5,"Simu1","NIT",50,"cliver",0.565001602954494
"1397",139.6,"Simu1","NIT",50,"cliver",0.556446149052928
"1398",139.7,"Simu1","NIT",50,"cliver",0.547167584568129
"1399",139.8,"Simu1","NIT",50,"cliver",0.537263706585346
"1400",139.9,"Simu1","NIT",50,"cliver",0.526823182195492
"1401",140,"Simu1","NIT",50,"cliver",0.515926476290553
"1402",140.1,"Simu1","NIT",50,"cliver",0.504646612814288
"1403",140.2,"Simu1","NIT",50,"cliver",0.493049875797809
"1404",140.3,"Simu1","NIT",50,"cliver",0.481196457902298
"1405",140.4,"Simu1","NIT",50,"cliver",0.469141041967282
"1406",140.5,"Simu1","NIT",50,"cliver",0.45693330156176
"1407",140.6,"Simu1","NIT",50,"cliver",0.444618337854823
"1408",140.7,"Simu1","NIT",50,"cliver",0.432237079007748
"1409",140.8,"Simu1","NIT",50,"cliver",0.419826646748125
"1410",140.9,"Simu1","NIT",50,"cliver",0.407420684915538
"1411",141,"Simu1","NIT",50,"cliver",0.395049652928377
"1412",141.1,"Simu1","NIT",50,"cliver",0.382741091736765
"1413",141.2,"Simu1","NIT",50,"cliver",0.370519866871508
"1414",141.3,"Simu1","NIT",50,"cliver",0.358408390490483
"1415",141.4,"Simu1","NIT",50,"cliver",0.346426823883288
"1416",141.5,"Simu1","NIT",50,"cliver",0.334593262156794
"1417",141.6,"Simu1","NIT",50,"cliver",0.322923903103143
"1418",141.7,"Simu1","NIT",50,"cliver",0.311433202119601
"1419",141.8,"Simu1","NIT",50,"cliver",0.300134014549215
"1420",141.9,"Simu1","NIT",50,"cliver",0.289037725842292
"1421",142,"Simu1","NIT",50,"cliver",0.278154371092335
"1422",142.1,"Simu1","NIT",50,"cliver",0.267492744558838
"1423",142.2,"Simu1","NIT",50,"cliver",0.257060499659739
"1424",142.3,"Simu1","NIT",50,"cliver",0.246864240273257
"1425",142.4,"Simu1","NIT",50,"cliver",0.236909603894929
"1426",142.5,"Simu1","NIT",50,"cliver",0.227201337110402
"1427",142.6,"Simu1","NIT",50,"cliver",0.217743363726191
"1428",142.7,"Simu1","NIT",50,"cliver",0.208538845915232
"1429",142.8,"Simu1","NIT",50,"cliver",0.199590238833152
"1430",142.9,"Simu1","NIT",50,"cliver",0.190899339083275
"1431",143,"Simu1","NIT",50,"cliver",0.182467327351157
"1432",143.1,"Simu1","NIT",50,"cliver",0.174294805578584
"1433",143.2,"Simu1","NIT",50,"cliver",0.166381829182721
"1434",143.3,"Simu1","NIT",50,"cliver",0.158727934775474
"1435",143.4,"Simu1","NIT",50,"cliver",0.151332163987713
"1436",143.5,"Simu1","NIT",50,"cliver",0.144193083854044
"1437",143.6,"Simu1","NIT",50,"cliver",0.137308804729987
"1438",143.7,"Simu1","NIT",50,"cliver",0.130676995862363
"1439",143.8,"Simu1","NIT",50,"cliver",0.124294900304823
"1440",143.9,"Simu1","NIT",50,"cliver",0.118159349797811
"1441",144,"Simu1","NIT",50,"cliver",0.113308232521739
"1442",144.1,"Simu1","NIT",50,"cliver",0.378236502946696
"1443",144.2,"Simu1","NIT",50,"cliver",0.506105276915813
"1444",144.3,"Simu1","NIT",50,"cliver",0.548396331885326
"1445",144.4,"Simu1","NIT",50,"cliver",0.567953271218036
"1446",144.5,"Simu1","NIT",50,"cliver",0.579497031983696
"1447",144.6,"Simu1","NIT",50,"cliver",0.586977668053915
"1448",144.7,"Simu1","NIT",50,"cliver",0.591616076218187
"1449",144.8,"Simu1","NIT",50,"cliver",0.59392404900579
"1450",144.9,"Simu1","NIT",50,"cliver",0.594211600200511
"1451",145,"Simu1","NIT",50,"cliver",0.592718608964546
"1452",145.1,"Simu1","NIT",50,"cliver",0.589650685424663
"1453",145.2,"Simu1","NIT",50,"cliver",0.585190012698982
"1454",145.3,"Simu1","NIT",50,"cliver",0.579499567413916
"1455",145.4,"Simu1","NIT",50,"cliver",0.572726102249967
"1456",145.5,"Simu1","NIT",50,"cliver",0.565001875497545
"1457",145.6,"Simu1","NIT",50,"cliver",0.556446378821585
"1458",145.7,"Simu1","NIT",50,"cliver",0.547167770769398
"1459",145.8,"Simu1","NIT",50,"cliver",0.537263895295608
"1460",145.9,"Simu1","NIT",50,"cliver",0.526823393589247
"1461",146,"Simu1","NIT",50,"cliver",0.515926689432661
"1462",146.1,"Simu1","NIT",50,"cliver",0.504646808687161
"1463",146.2,"Simu1","NIT",50,"cliver",0.493050056950616
"1464",146.3,"Simu1","NIT",50,"cliver",0.481196636748526
"1465",146.4,"Simu1","NIT",50,"cliver",0.46914122225331
"1466",146.5,"Simu1","NIT",50,"cliver",0.456933477719114
"1467",146.6,"Simu1","NIT",50,"cliver",0.444618506191892
"1468",146.7,"Simu1","NIT",50,"cliver",0.432237241512173
"1469",146.8,"Simu1","NIT",50,"cliver",0.419826806081363
"1470",146.9,"Simu1","NIT",50,"cliver",0.407420841073972
"1471",147,"Simu1","NIT",50,"cliver",0.395049804721846
"1472",147.1,"Simu1","NIT",50,"cliver",0.38274123883062
"1473",147.2,"Simu1","NIT",50,"cliver",0.370520009798906
"1474",147.3,"Simu1","NIT",50,"cliver",0.358408529696782
"1475",147.4,"Simu1","NIT",50,"cliver",0.346426959339375
"1476",147.5,"Simu1","NIT",50,"cliver",0.334593393685354
"1477",147.6,"Simu1","NIT",50,"cliver",0.3229240307149
"1478",147.7,"Simu1","NIT",50,"cliver",0.311433325969118
"1479",147.8,"Simu1","NIT",50,"cliver",0.300134134646242
"1480",147.9,"Simu1","NIT",50,"cliver",0.289037842260915
"1481",148,"Simu1","NIT",50,"cliver",0.278154483952667
"1482",148.1,"Simu1","NIT",50,"cliver",0.267492853908543
"1483",148.2,"Simu1","NIT",50,"cliver",0.257060605506393
"1484",148.3,"Simu1","NIT",50,"cliver",0.246864342644723
"1485",148.4,"Simu1","NIT",50,"cliver",0.236909702864102
"1486",148.5,"Simu1","NIT",50,"cliver",0.227201432748814
"1487",148.6,"Simu1","NIT",50,"cliver",0.217743456070215
"1488",148.7,"Simu1","NIT",50,"cliver",0.208538935002926
"1489",148.8,"Simu1","NIT",50,"cliver",0.199590324727286
"1490",148.9,"Simu1","NIT",50,"cliver",0.190899421850692
"1491",149,"Simu1","NIT",50,"cliver",0.182467407040771
"1492",149.1,"Simu1","NIT",50,"cliver",0.174294882242895
"1493",149.2,"Simu1","NIT",50,"cliver",0.166381902875214
"1494",149.3,"Simu1","NIT",50,"cliver",0.158728005567884
"1495",149.4,"Simu1","NIT",50,"cliver",0.151332231919758
"1496",149.5,"Simu1","NIT",50,"cliver",0.144193149022325
"1497",149.6,"Simu1","NIT",50,"cliver",0.137308867114595
"1498",149.7,"Simu1","NIT",50,"cliver",0.130677055704516
"1499",149.8,"Simu1","NIT",50,"cliver",0.12429495761842
"1500",149.9,"Simu1","NIT",50,"cliver",0.118159404200192
"1501",150,"Simu1","NIT",50,"cliver",0.113308281020103
"1502",150.1,"Simu1","NIT",50,"cliver",0.378236385515737
"1503",150.2,"Simu1","NIT",50,"cliver",0.506103730464468
"1504",150.3,"Simu1","NIT",50,"cliver",0.548394679213755
"1505",150.4,"Simu1","NIT",50,"cliver",0.567950994583568
"1506",150.5,"Simu1","NIT",50,"cliver",0.579495408738986
"1507",150.6,"Simu1","NIT",50,"cliver",0.586976314543351
"1508",150.7,"Simu1","NIT",50,"cliver",0.591614442025122
"1509",150.8,"Simu1","NIT",50,"cliver",0.593922335721612
"1510",150.9,"Simu1","NIT",50,"cliver",0.594209805875269
"1511",151,"Simu1","NIT",50,"cliver",0.592716802848964
"1512",151.1,"Simu1","NIT",50,"cliver",0.589648976562568
"1513",151.2,"Simu1","NIT",50,"cliver",0.585188232080249
"1514",151.3,"Simu1","NIT",50,"cliver",0.579497758001852
"1515",151.4,"Simu1","NIT",50,"cliver",0.572724222645298
"1516",151.5,"Simu1","NIT",50,"cliver",0.564999967684842
"1517",151.6,"Simu1","NIT",50,"cliver",0.55644455120806
"1518",151.7,"Simu1","NIT",50,"cliver",0.547166001534091
"1519",151.8,"Simu1","NIT",50,"cliver",0.537262122535556
"1520",151.9,"Simu1","NIT",50,"cliver",0.526821609921939
"1521",152,"Simu1","NIT",50,"cliver",0.515924930613153
"1522",152.1,"Simu1","NIT",50,"cliver",0.504645097918624
"1523",152.2,"Simu1","NIT",50,"cliver",0.493048386220037
"1524",152.3,"Simu1","NIT",50,"cliver",0.481194990407169
"1525",152.4,"Simu1","NIT",50,"cliver",0.469139599984687
"1526",152.5,"Simu1","NIT",50,"cliver",0.456931889115288
"1527",152.6,"Simu1","NIT",50,"cliver",0.444616955426039
"1528",152.7,"Simu1","NIT",50,"cliver",0.432235725459135
"1529",152.8,"Simu1","NIT",50,"cliver",0.419825321956401
"1530",152.9,"Simu1","NIT",50,"cliver",0.407419389898799
"1531",153,"Simu1","NIT",50,"cliver",0.395048388603561
"1532",153.1,"Simu1","NIT",50,"cliver",0.382739858228359
"1533",153.2,"Simu1","NIT",50,"cliver",0.370518663913872
"1534",153.3,"Simu1","NIT",50,"cliver",0.358407218055382
"1535",153.4,"Simu1","NIT",50,"cliver",0.346425682187423
"1536",153.5,"Simu1","NIT",50,"cliver",0.334592151286321
"1537",153.6,"Simu1","NIT",50,"cliver",0.322922822896143
"1538",153.7,"Simu1","NIT",50,"cliver",0.311432152374405
"1539",153.8,"Simu1","NIT",50,"cliver",0.300132995138308
"1540",153.9,"Simu1","NIT",50,"cliver",0.289036736494666
"1541",154,"Simu1","NIT",50,"cliver",0.27815341157216
"1542",154.1,"Simu1","NIT",50,"cliver",0.267491814601338
"1543",154.2,"Simu1","NIT",50,"cliver",0.2570595989688
"1544",154.3,"Simu1","NIT",50,"cliver",0.246863368517579
"1545",154.4,"Simu1","NIT",50,"cliver",0.236908760715069
"1546",154.5,"Simu1","NIT",50,"cliver",0.227200522140689
"1547",154.6,"Simu1","NIT",50,"cliver",0.217742576589359
"1548",154.7,"Simu1","NIT",50,"cliver",0.208538086205616
"1549",154.8,"Simu1","NIT",50,"cliver",0.199589506127549
"1550",154.9,"Simu1","NIT",50,"cliver",0.190898632952857
"1551",155,"Simu1","NIT",50,"cliver",0.182466647357434
"1552",155.1,"Simu1","NIT",50,"cliver",0.174294151265185
"1553",155.2,"Simu1","NIT",50,"cliver",0.166381200081635
"1554",155.3,"Simu1","NIT",50,"cliver",0.158727330407525
"1555",155.4,"Simu1","NIT",50,"cliver",0.1513315838652
"1556",155.5,"Simu1","NIT",50,"cliver",0.144192527474108
"1557",155.6,"Simu1","NIT",50,"cliver",0.137308271578415
"1558",155.7,"Simu1","NIT",50,"cliver",0.130676485363473
"1559",155.8,"Simu1","NIT",50,"cliver",0.124294412043404
"1560",155.9,"Simu1","NIT",50,"cliver",0.118158882677698
"1561",156,"Simu1","NIT",50,"cliver",0.113307775814475
"1562",156.1,"Simu1","NIT",50,"cliver",0.378235962825643
"1563",156.2,"Simu1","NIT",50,"cliver",0.506103416442593
"1564",156.3,"Simu1","NIT",50,"cliver",0.548394606351441
"1565",156.4,"Simu1","NIT",50,"cliver",0.567950411173053
"1566",156.5,"Simu1","NIT",50,"cliver",0.579495909179827
"1567",156.6,"Simu1","NIT",50,"cliver",0.586975988319905
"1568",156.7,"Simu1","NIT",50,"cliver",0.591614311915931
"1569",156.8,"Simu1","NIT",50,"cliver",0.593922193178353
"1570",156.9,"Simu1","NIT",50,"cliver",0.594209733144961
"1571",157,"Simu1","NIT",50,"cliver",0.592716684697631
"1572",157.1,"Simu1","NIT",50,"cliver",0.589648829438861
"1573",157.2,"Simu1","NIT",50,"cliver",0.585188147790982
"1574",157.3,"Simu1","NIT",50,"cliver",0.579497690733756
"1575",157.4,"Simu1","NIT",50,"cliver",0.572724204964151
"1576",157.5,"Simu1","NIT",50,"cliver",0.564999957621942
"1577",157.6,"Simu1","NIT",50,"cliver",0.556444511195489
"1578",157.7,"Simu1","NIT",50,"cliver",0.547165961199069
"1579",157.8,"Simu1","NIT",50,"cliver",0.537262107944199
"1580",157.9,"Simu1","NIT",50,"cliver",0.526821609733537
"1581",158,"Simu1","NIT",50,"cliver",0.515924928479934
"1582",158.1,"Simu1","NIT",50,"cliver",0.504645090114925
"1583",158.2,"Simu1","NIT",50,"cliver",0.493048381211653
"1584",158.3,"Simu1","NIT",50,"cliver",0.481194993523675
"1585",158.4,"Simu1","NIT",50,"cliver",0.469139607683398
"1586",158.5,"Simu1","NIT",50,"cliver",0.456931897063016
"1587",158.6,"Simu1","NIT",50,"cliver",0.444616964038286
"1588",158.7,"Simu1","NIT",50,"cliver",0.432235736936194
"1589",158.8,"Simu1","NIT",50,"cliver",0.419825336581705
"1590",158.9,"Simu1","NIT",50,"cliver",0.40741940642918
"1591",159,"Simu1","NIT",50,"cliver",0.395048406258655
"1592",159.1,"Simu1","NIT",50,"cliver",0.382739877189007
"1593",159.2,"Simu1","NIT",50,"cliver",0.370518684463196
"1594",159.3,"Simu1","NIT",50,"cliver",0.35840724000202
"1595",159.4,"Simu1","NIT",50,"cliver",0.346425705136145
"1596",159.5,"Simu1","NIT",50,"cliver",0.334592175043124
"1597",159.6,"Simu1","NIT",50,"cliver",0.322922847442456
"1598",159.7,"Simu1","NIT",50,"cliver",0.311432177618951
"1599",159.8,"Simu1","NIT",50,"cliver",0.300133020855361
"1600",159.9,"Simu1","NIT",50,"cliver",0.289036762687533
"1601",160,"Simu1","NIT",50,"cliver",0.278153438132022
"1602",160.1,"Simu1","NIT",50,"cliver",0.267491841415449
"1603",160.2,"Simu1","NIT",50,"cliver",0.257059625921708
"1604",160.3,"Simu1","NIT",50,"cliver",0.246863395526998
"1605",160.4,"Simu1","NIT",50,"cliver",0.236908787724765
"1606",160.5,"Simu1","NIT",50,"cliver",0.227200549076842
"1607",160.6,"Simu1","NIT",50,"cliver",0.217742603368418
"1608",160.7,"Simu1","NIT",50,"cliver",0.20853811276857
"1609",160.8,"Simu1","NIT",50,"cliver",0.199589532427879
"1610",160.9,"Simu1","NIT",50,"cliver",0.190898658939318
"1611",161,"Simu1","NIT",50,"cliver",0.182466672975736
"1612",161.1,"Simu1","NIT",50,"cliver",0.174294176474422
"1613",161.2,"Simu1","NIT",50,"cliver",0.166381224842488
"1614",161.3,"Simu1","NIT",50,"cliver",0.158727354690974
"1615",161.4,"Simu1","NIT",50,"cliver",0.151331607629868
"1616",161.5,"Simu1","NIT",50,"cliver",0.144192550708391
"1617",161.6,"Simu1","NIT",50,"cliver",0.137308294228473
"1618",161.7,"Simu1","NIT",50,"cliver",0.130676507522526
"1619",161.8,"Simu1","NIT",50,"cliver",0.124294433508593
"1620",161.9,"Simu1","NIT",50,"cliver",0.118158907667606
"1621",162,"Simu1","NIT",50,"cliver",0.113307801725222
"1622",162.1,"Simu1","NIT",50,"cliver",0.378235914199589
"1623",162.2,"Simu1","NIT",50,"cliver",0.506103260104699
"1624",162.3,"Simu1","NIT",50,"cliver",0.548394225979971
"1625",162.4,"Simu1","NIT",50,"cliver",0.567951125313797
"1626",162.5,"Simu1","NIT",50,"cliver",0.579494895190676
"1627",162.6,"Simu1","NIT",50,"cliver",0.586974743445869
"1628",162.7,"Simu1","NIT",50,"cliver",0.591613921587278
"1629",162.8,"Simu1","NIT",50,"cliver",0.593921812791589
"1630",162.9,"Simu1","NIT",50,"cliver",0.59420933721251
"1631",163,"Simu1","NIT",50,"cliver",0.592716406708122
"1632",163.1,"Simu1","NIT",50,"cliver",0.589648523588738
"1633",163.2,"Simu1","NIT",50,"cliver",0.585187797257458
"1634",163.3,"Simu1","NIT",50,"cliver",0.579497287145142
"1635",163.4,"Simu1","NIT",50,"cliver",0.572723751679456
"1636",163.5,"Simu1","NIT",50,"cliver",0.564999583277069
"1637",163.6,"Simu1","NIT",50,"cliver",0.556444215280611
"1638",163.7,"Simu1","NIT",50,"cliver",0.547165644065502
"1639",163.8,"Simu1","NIT",50,"cliver",0.537261779652064
"1640",163.9,"Simu1","NIT",50,"cliver",0.526821311150915
"1641",164,"Simu1","NIT",50,"cliver",0.515924670041179
"1642",164.1,"Simu1","NIT",50,"cliver",0.504644845059952
"1643",164.2,"Simu1","NIT",50,"cliver",0.493048128686018
"1644",164.3,"Simu1","NIT",50,"cliver",0.481194735285835
"1645",164.4,"Simu1","NIT",50,"cliver",0.469139356519866
"1646",164.5,"Simu1","NIT",50,"cliver",0.456931658000873
"1647",164.6,"Simu1","NIT",50,"cliver",0.444616721702843
"1648",164.7,"Simu1","NIT",50,"cliver",0.432235502785481
"1649",164.8,"Simu1","NIT",50,"cliver",0.419825108582219
"1650",164.9,"Simu1","NIT",50,"cliver",0.407419181386357
"1651",165,"Simu1","NIT",50,"cliver",0.3950481922612
"1652",165.1,"Simu1","NIT",50,"cliver",0.382739667634363
"1653",165.2,"Simu1","NIT",50,"cliver",0.370518476621116
"1654",165.3,"Simu1","NIT",50,"cliver",0.358407042098098
"1655",165.4,"Simu1","NIT",50,"cliver",0.346425512050236
"1656",165.5,"Simu1","NIT",50,"cliver",0.334591985118254
"1657",165.6,"Simu1","NIT",50,"cliver",0.322922668153924
"1658",165.7,"Simu1","NIT",50,"cliver",0.311432000197514
"1659",165.8,"Simu1","NIT",50,"cliver",0.300132848429762
"1660",165.9,"Simu1","NIT",50,"cliver",0.289036599035446
"1661",166,"Simu1","NIT",50,"cliver",0.278153277695577
"1662",166.1,"Simu1","NIT",50,"cliver",0.267491683539355
"1663",166.2,"Simu1","NIT",50,"cliver",0.257059474857064
"1664",166.3,"Simu1","NIT",50,"cliver",0.246863250801965
"1665",166.4,"Simu1","NIT",50,"cliver",0.236908646471908
"1666",166.5,"Simu1","NIT",50,"cliver",0.22720041202678
"1667",166.6,"Simu1","NIT",50,"cliver",0.217742471855037
"1668",166.7,"Simu1","NIT",50,"cliver",0.208537986335879
"1669",166.8,"Simu1","NIT",50,"cliver",0.199589409929173
"1670",166.9,"Simu1","NIT",50,"cliver",0.190898541007596
"1671",167,"Simu1","NIT",50,"cliver",0.182466559405691
"1672",167.1,"Simu1","NIT",50,"cliver",0.174294067884612
"1673",167.2,"Simu1","NIT",50,"cliver",0.166381119380657
"1674",167.3,"Simu1","NIT",50,"cliver",0.158727255148338
"1675",167.4,"Simu1","NIT",50,"cliver",0.151331508878349
"1676",167.5,"Simu1","NIT",50,"cliver",0.144192467758083
"1677",167.6,"Simu1","NIT",50,"cliver",0.137308227635409
"1678",167.7,"Simu1","NIT",50,"cliver",0.130676438986167
"1679",167.8,"Simu1","NIT",50,"cliver",0.124294356333137
"1680",167.9,"Simu1","NIT",50,"cliver",0.118158827665433
"1681",168,"Simu1","NIT",50,"cliver",0.113307750753417
"1682",168.1,"Simu1","NIT",50,"cliver",0.378236047106387
"1683",168.2,"Simu1","NIT",50,"cliver",0.5061059543154
"1684",168.3,"Simu1","NIT",50,"cliver",0.548394963953211
"1685",168.4,"Simu1","NIT",50,"cliver",0.567951397244597
"1686",168.5,"Simu1","NIT",50,"cliver",0.579494774030114
"1687",168.6,"Simu1","NIT",50,"cliver",0.58697615731628
"1688",168.7,"Simu1","NIT",50,"cliver",0.591615049205859
"1689",168.8,"Simu1","NIT",50,"cliver",0.593923000584887
"1690",168.9,"Simu1","NIT",50,"cliver",0.594210451094378
"1691",169,"Simu1","NIT",50,"cliver",0.592717529373274
"1692",169.1,"Simu1","NIT",50,"cliver",0.589649614255574
"1693",169.2,"Simu1","NIT",50,"cliver",0.58518892149385
"1694",169.3,"Simu1","NIT",50,"cliver",0.579498516619668
"1695",169.4,"Simu1","NIT",50,"cliver",0.57272508190183
"1696",169.5,"Simu1","NIT",50,"cliver",0.565000916174102
"1697",169.6,"Simu1","NIT",50,"cliver",0.556445468783163
"1698",169.7,"Simu1","NIT",50,"cliver",0.547166837230675
"1699",169.8,"Simu1","NIT",50,"cliver",0.537262950250907
"1700",169.9,"Simu1","NIT",50,"cliver",0.52682247291242
"1701",170,"Simu1","NIT",50,"cliver",0.515925806151923
"1702",170.1,"Simu1","NIT",50,"cliver",0.504645946745238
"1703",170.2,"Simu1","NIT",50,"cliver",0.493049202337582
"1704",170.3,"Simu1","NIT",50,"cliver",0.48119579212157
"1705",170.4,"Simu1","NIT",50,"cliver",0.469140397537506
"1706",170.5,"Simu1","NIT",50,"cliver",0.456932676123089
"1707",170.6,"Simu1","NIT",50,"cliver",0.444617723716308
"1708",170.7,"Simu1","NIT",50,"cliver",0.432236475199969
"1709",170.8,"Simu1","NIT",50,"cliver",0.419826057272133
"1710",170.9,"Simu1","NIT",50,"cliver",0.407420112018733
"1711",171,"Simu1","NIT",50,"cliver",0.395049095674048
"1712",171.1,"Simu1","NIT",50,"cliver",0.382740548728547
"1713",171.2,"Simu1","NIT",50,"cliver",0.370519338050656
"1714",171.3,"Simu1","NIT",50,"cliver",0.358407876571735
"1715",171.4,"Simu1","NIT",50,"cliver",0.346426325168679
"1716",171.5,"Simu1","NIT",50,"cliver",0.334592778301707
"1717",171.6,"Simu1","NIT",50,"cliver",0.322923433684727
"1718",171.7,"Simu1","NIT",50,"cliver",0.31143274701478
"1719",171.8,"Simu1","NIT",50,"cliver",0.300133573671664
"1720",171.9,"Simu1","NIT",50,"cliver",0.289037299031493
"1721",172,"Simu1","NIT",50,"cliver",0.278153958255164
"1722",172.1,"Simu1","NIT",50,"cliver",0.26749234551962
"1723",172.2,"Simu1","NIT",50,"cliver",0.257060114162149
"1724",172.3,"Simu1","NIT",50,"cliver",0.246863868047372
"1725",172.4,"Simu1","NIT",50,"cliver",0.236909244718529
"1726",172.5,"Simu1","NIT",50,"cliver",0.227200990783049
"1727",172.6,"Simu1","NIT",50,"cliver",0.217743030006778
"1728",172.7,"Simu1","NIT",50,"cliver",0.208538524535419
"1729",172.8,"Simu1","NIT",50,"cliver",0.199589929549173
"1730",172.9,"Simu1","NIT",50,"cliver",0.190899041667032
"1731",173,"Simu1","NIT",50,"cliver",0.182467041556445
"1732",173.1,"Simu1","NIT",50,"cliver",0.174294531143044
"1733",173.2,"Simu1","NIT",50,"cliver",0.166381565851928
"1734",173.3,"Simu1","NIT",50,"cliver",0.158727682299359
"1735",173.4,"Simu1","NIT",50,"cliver",0.151331922113664
"1736",173.5,"Simu1","NIT",50,"cliver",0.144192852318406
"1737",173.6,"Simu1","NIT",50,"cliver",0.137308583274079
"1738",173.7,"Simu1","NIT",50,"cliver",0.1306767842198
"1739",173.8,"Simu1","NIT",50,"cliver",0.124294698573806
"1740",173.9,"Simu1","NIT",50,"cliver",0.118159156804669
"1741",174,"Simu1","NIT",50,"cliver",0.11330803557063
"1742",174.1,"Simu1","NIT",50,"cliver",0.378235898424786
"1743",174.2,"Simu1","NIT",50,"cliver",0.506102879885236
"1744",174.3,"Simu1","NIT",50,"cliver",0.548394787656041
"1745",174.4,"Simu1","NIT",50,"cliver",0.567950494791429
"1746",174.5,"Simu1","NIT",50,"cliver",0.579494287699322
"1747",174.6,"Simu1","NIT",50,"cliver",0.586974011577385
"1748",174.7,"Simu1","NIT",50,"cliver",0.591612604411596
"1749",174.8,"Simu1","NIT",50,"cliver",0.593920510009066
"1750",174.9,"Simu1","NIT",50,"cliver",0.594208316365804
"1751",175,"Simu1","NIT",50,"cliver",0.59271543665869
"1752",175.1,"Simu1","NIT",50,"cliver",0.589647465197352
"1753",175.2,"Simu1","NIT",50,"cliver",0.585186912097439
"1754",175.3,"Simu1","NIT",50,"cliver",0.579496477665391
"1755",175.4,"Simu1","NIT",50,"cliver",0.572722957029291
"1756",175.5,"Simu1","NIT",50,"cliver",0.564998791856094
"1757",175.6,"Simu1","NIT",50,"cliver",0.556443424027425
"1758",175.7,"Simu1","NIT",50,"cliver",0.547164857745553
"1759",175.8,"Simu1","NIT",50,"cliver",0.53726098869412
"1760",175.9,"Simu1","NIT",50,"cliver",0.526820531962724
"1761",176,"Simu1","NIT",50,"cliver",0.515923905393143
"1762",176.1,"Simu1","NIT",50,"cliver",0.504644090159933
"1763",176.2,"Simu1","NIT",50,"cliver",0.493047376799913
"1764",176.3,"Simu1","NIT",50,"cliver",0.481193992064235
"1765",176.4,"Simu1","NIT",50,"cliver",0.469138629387253
"1766",176.5,"Simu1","NIT",50,"cliver",0.456930948027255
"1767",176.6,"Simu1","NIT",50,"cliver",0.444616035777514
"1768",176.7,"Simu1","NIT",50,"cliver",0.432234822904066
"1769",176.8,"Simu1","NIT",50,"cliver",0.419824439918737
"1770",176.9,"Simu1","NIT",50,"cliver",0.407418530358708
"1771",177,"Simu1","NIT",50,"cliver",0.395047556628978
"1772",177.1,"Simu1","NIT",50,"cliver",0.382739040340126
"1773",177.2,"Simu1","NIT",50,"cliver",0.37051786209921
"1774",177.3,"Simu1","NIT",50,"cliver",0.358406440105163
"1775",177.4,"Simu1","NIT",50,"cliver",0.346424936355012
"1776",177.5,"Simu1","NIT",50,"cliver",0.33459143186572
"1777",177.6,"Simu1","NIT",50,"cliver",0.322922138221232
"1778",177.7,"Simu1","NIT",50,"cliver",0.311431510524738
"1779",177.8,"Simu1","NIT",50,"cliver",0.300132393798643
"1780",177.9,"Simu1","NIT",50,"cliver",0.289036172378903
"1781",178,"Simu1","NIT",50,"cliver",0.278152866758239
"1782",178.1,"Simu1","NIT",50,"cliver",0.267491320757769
"1783",178.2,"Simu1","NIT",50,"cliver",0.257059156418743
"1784",178.3,"Simu1","NIT",50,"cliver",0.246862952077958
"1785",178.4,"Simu1","NIT",50,"cliver",0.236908327703332
"1786",178.5,"Simu1","NIT",50,"cliver",0.227200109839189
"1787",178.6,"Simu1","NIT",50,"cliver",0.217742173976355
"1788",178.7,"Simu1","NIT",50,"cliver",0.208537693374879
"1789",178.8,"Simu1","NIT",50,"cliver",0.199589140391854
"1790",178.9,"Simu1","NIT",50,"cliver",0.190898320335542
"1791",179,"Simu1","NIT",50,"cliver",0.182466359725585
"1792",179.1,"Simu1","NIT",50,"cliver",0.174293878588751
"1793",179.2,"Simu1","NIT",50,"cliver",0.166380912216645
"1794",179.3,"Simu1","NIT",50,"cliver",0.158727056817207
"1795",179.4,"Simu1","NIT",50,"cliver",0.151331310431608
"1796",179.5,"Simu1","NIT",50,"cliver",0.144192263889676
"1797",179.6,"Simu1","NIT",50,"cliver",0.13730802576412
"1798",179.7,"Simu1","NIT",50,"cliver",0.130676249233384
"1799",179.8,"Simu1","NIT",50,"cliver",0.124294181358539
"1800",179.9,"Simu1","NIT",50,"cliver",0.118158656400014
"1801",180,"Simu1","NIT",50,"cliver",0.11330756047685
"1802",180.1,"Simu1","NIT",50,"cliver",0.378235412909743
"1803",180.2,"Simu1","NIT",50,"cliver",0.506102569311964
"1804",180.3,"Simu1","NIT",50,"cliver",0.54839344529062
"1805",180.4,"Simu1","NIT",50,"cliver",0.567949170418502
"1806",180.5,"Simu1","NIT",50,"cliver",0.579493879659037
"1807",180.6,"Simu1","NIT",50,"cliver",0.586974091438438
"1808",180.7,"Simu1","NIT",50,"cliver",0.591612539811393
"1809",180.8,"Simu1","NIT",50,"cliver",0.593920589281744
"1810",180.9,"Simu1","NIT",50,"cliver",0.594208148286535
"1811",181,"Simu1","NIT",50,"cliver",0.592715199530667
"1812",181.1,"Simu1","NIT",50,"cliver",0.589647322935278
"1813",181.2,"Simu1","NIT",50,"cliver",0.58518661575209
"1814",181.3,"Simu1","NIT",50,"cliver",0.57949612804106
"1815",181.4,"Simu1","NIT",50,"cliver",0.572722621434189
"1816",181.5,"Simu1","NIT",50,"cliver",0.564998445877138
"1817",181.6,"Simu1","NIT",50,"cliver",0.556443069232844
"1818",181.7,"Simu1","NIT",50,"cliver",0.547164526457584
"1819",181.8,"Simu1","NIT",50,"cliver",0.537260674993561
"1820",181.9,"Simu1","NIT",50,"cliver",0.526820213990729
"1821",182,"Simu1","NIT",50,"cliver",0.515923585271509
"1822",182.1,"Simu1","NIT",50,"cliver",0.504643786034796
"1823",182.2,"Simu1","NIT",50,"cliver",0.493047099174398
"1824",182.3,"Simu1","NIT",50,"cliver",0.481193734829891
"1825",182.4,"Simu1","NIT",50,"cliver",0.469138380896843
"1826",182.5,"Simu1","NIT",50,"cliver",0.45693070595919
"1827",182.6,"Simu1","NIT",50,"cliver",0.444615801921318
"1828",182.7,"Simu1","NIT",50,"cliver",0.432234603063368
"1829",182.8,"Simu1","NIT",50,"cliver",0.419824228207604
"1830",182.9,"Simu1","NIT",50,"cliver",0.407418331176889
"1831",183,"Simu1","NIT",50,"cliver",0.395047354403788
"1832",183.1,"Simu1","NIT",50,"cliver",0.382738853733516
"1833",183.2,"Simu1","NIT",50,"cliver",0.370517680782177
"1834",183.3,"Simu1","NIT",50,"cliver",0.358406268589358
"1835",183.4,"Simu1","NIT",50,"cliver",0.346424765275334
"1836",183.5,"Simu1","NIT",50,"cliver",0.334591265873333
"1837",183.6,"Simu1","NIT",50,"cliver",0.322921963108131
"1838",183.7,"Simu1","NIT",50,"cliver",0.311431323455481
"1839",183.8,"Simu1","NIT",50,"cliver",0.300132211034922
"1840",183.9,"Simu1","NIT",50,"cliver",0.289036001840965
"1841",184,"Simu1","NIT",50,"cliver",0.278152727828651
"1842",184.1,"Simu1","NIT",50,"cliver",0.267491171057564
"1843",184.2,"Simu1","NIT",50,"cliver",0.257058996434011
"1844",184.3,"Simu1","NIT",50,"cliver",0.246862795582671
"1845",184.4,"Simu1","NIT",50,"cliver",0.236908225938976
"1846",184.5,"Simu1","NIT",50,"cliver",0.227200008162522
"1847",184.6,"Simu1","NIT",50,"cliver",0.217742102147303
"1848",184.7,"Simu1","NIT",50,"cliver",0.20853763075344
"1849",184.8,"Simu1","NIT",50,"cliver",0.199589084828856
"1850",184.9,"Simu1","NIT",50,"cliver",0.190898188312336
"1851",185,"Simu1","NIT",50,"cliver",0.182466221382955
"1852",185.1,"Simu1","NIT",50,"cliver",0.174293777634828
"1853",185.2,"Simu1","NIT",50,"cliver",0.166380849460593
"1854",185.3,"Simu1","NIT",50,"cliver",0.158726966126947
"1855",185.4,"Simu1","NIT",50,"cliver",0.151331232119475
"1856",185.5,"Simu1","NIT",50,"cliver",0.144192197714278
"1857",185.6,"Simu1","NIT",50,"cliver",0.137307961596323
"1858",185.7,"Simu1","NIT",50,"cliver",0.130676184378362
"1859",185.8,"Simu1","NIT",50,"cliver",0.124294120404841
"1860",185.9,"Simu1","NIT",50,"cliver",0.118158606835715
"1861",186,"Simu1","NIT",50,"cliver",0.11330753265596
"1862",186.1,"Simu1","NIT",50,"cliver",0.378235260750185
"1863",186.2,"Simu1","NIT",50,"cliver",0.506102372832461
"1864",186.3,"Simu1","NIT",50,"cliver",0.548392957641726
"1865",186.4,"Simu1","NIT",50,"cliver",0.567950289099065
"1866",186.5,"Simu1","NIT",50,"cliver",0.579494046475411
"1867",186.6,"Simu1","NIT",50,"cliver",0.586973607982818
"1868",186.7,"Simu1","NIT",50,"cliver",0.591611902704877
"1869",186.8,"Simu1","NIT",50,"cliver",0.593919604198747
"1870",186.9,"Simu1","NIT",50,"cliver",0.594207660447098
"1871",187,"Simu1","NIT",50,"cliver",0.592714209195826
"1872",187.1,"Simu1","NIT",50,"cliver",0.589646468321745
"1873",187.2,"Simu1","NIT",50,"cliver",0.585186318183247
"1874",187.3,"Simu1","NIT",50,"cliver",0.579495809738021
"1875",187.4,"Simu1","NIT",50,"cliver",0.572722052594898
"1876",187.5,"Simu1","NIT",50,"cliver",0.564997876391204
"1877",187.6,"Simu1","NIT",50,"cliver",0.556442756755372
"1878",187.7,"Simu1","NIT",50,"cliver",0.547164422093988
"1879",187.8,"Simu1","NIT",50,"cliver",0.537260487162001
"1880",187.9,"Simu1","NIT",50,"cliver",0.526819904007123
"1881",188,"Simu1","NIT",50,"cliver",0.515923363875297
"1882",188.1,"Simu1","NIT",50,"cliver",0.50464361316126
"1883",188.2,"Simu1","NIT",50,"cliver",0.493046896847379
"1884",188.3,"Simu1","NIT",50,"cliver",0.481193503373081
"1885",188.4,"Simu1","NIT",50,"cliver",0.469138159787304
"1886",188.5,"Simu1","NIT",50,"cliver",0.456930509246397
"1887",188.6,"Simu1","NIT",50,"cliver",0.444615612564873
"1888",188.7,"Simu1","NIT",50,"cliver",0.432234402045732
"1889",188.8,"Simu1","NIT",50,"cliver",0.419824028923945
"1890",188.9,"Simu1","NIT",50,"cliver",0.407418141142053
"1891",189,"Simu1","NIT",50,"cliver",0.395047179206443
"1892",189.1,"Simu1","NIT",50,"cliver",0.382738677976268
"1893",189.2,"Simu1","NIT",50,"cliver",0.370517513414645
"1894",189.3,"Simu1","NIT",50,"cliver",0.358406102987417
"1895",189.4,"Simu1","NIT",50,"cliver",0.346424602743742
"1896",189.5,"Simu1","NIT",50,"cliver",0.334591103622343
"1897",189.6,"Simu1","NIT",50,"cliver",0.322921805479426
"1898",189.7,"Simu1","NIT",50,"cliver",0.31143116646733
"1899",189.8,"Simu1","NIT",50,"cliver",0.300132041180596
"1900",189.9,"Simu1","NIT",50,"cliver",0.289035813316851
"1901",190,"Simu1","NIT",50,"cliver",0.278152518042543
"1902",190.1,"Simu1","NIT",50,"cliver",0.267490950550474
"1903",190.2,"Simu1","NIT",50,"cliver",0.257058764358668
"1904",190.3,"Simu1","NIT",50,"cliver",0.246862562706071
"1905",190.4,"Simu1","NIT",50,"cliver",0.236907982875351
"1906",190.5,"Simu1","NIT",50,"cliver",0.227199771772329
"1907",190.6,"Simu1","NIT",50,"cliver",0.217741853363579
"1908",190.7,"Simu1","NIT",50,"cliver",0.208537389631936
"1909",190.8,"Simu1","NIT",50,"cliver",0.199588835575449
"1910",190.9,"Simu1","NIT",50,"cliver",0.190897987855508
"1911",191,"Simu1","NIT",50,"cliver",0.182466027239623
"1912",191.1,"Simu1","NIT",50,"cliver",0.174293555631801
"1913",191.2,"Simu1","NIT",50,"cliver",0.166380628372392
"1914",191.3,"Simu1","NIT",50,"cliver",0.158726782062002
"1915",191.4,"Simu1","NIT",50,"cliver",0.151331058344269
"1916",191.5,"Simu1","NIT",50,"cliver",0.144192024258724
"1917",191.6,"Simu1","NIT",50,"cliver",0.137307790094492
"1918",191.7,"Simu1","NIT",50,"cliver",0.130676025150724
"1919",191.8,"Simu1","NIT",50,"cliver",0.124293972643029
"1920",191.9,"Simu1","NIT",50,"cliver",0.118158463046631
"1921",192,"Simu1","NIT",50,"cliver",0.113307388823816
"1922",192.1,"Simu1","NIT",50,"cliver",0.378235692184775
"1923",192.2,"Simu1","NIT",50,"cliver",0.506103038145783
"1924",192.3,"Simu1","NIT",50,"cliver",0.548393981754983
"1925",192.4,"Simu1","NIT",50,"cliver",0.567949850548676
"1926",192.5,"Simu1","NIT",50,"cliver",0.579494590883762
"1927",192.6,"Simu1","NIT",50,"cliver",0.586974871287574
"1928",192.7,"Simu1","NIT",50,"cliver",0.591613570525079
"1929",192.8,"Simu1","NIT",50,"cliver",0.593921713505909
"1930",192.9,"Simu1","NIT",50,"cliver",0.594209245519298
"1931",193,"Simu1","NIT",50,"cliver",0.59271633937514
"1932",193.1,"Simu1","NIT",50,"cliver",0.589648406596082
"1933",193.2,"Simu1","NIT",50,"cliver",0.585187736078944
"1934",193.3,"Simu1","NIT",50,"cliver",0.579497345693428
"1935",193.4,"Simu1","NIT",50,"cliver",0.572723899113897
"1936",193.5,"Simu1","NIT",50,"cliver",0.564999720340648
"1937",193.6,"Simu1","NIT",50,"cliver",0.55644425513563
"1938",193.7,"Simu1","NIT",50,"cliver",0.547165656513254
"1939",193.8,"Simu1","NIT",50,"cliver",0.537261802326652
"1940",193.9,"Simu1","NIT",50,"cliver",0.526821339182961
"1941",194,"Simu1","NIT",50,"cliver",0.515924676822775
"1942",194.1,"Simu1","NIT",50,"cliver",0.504644831831419
"1943",194.2,"Simu1","NIT",50,"cliver",0.493048105876519
"1944",194.3,"Simu1","NIT",50,"cliver",0.481194716488177
"1945",194.4,"Simu1","NIT",50,"cliver",0.469139343989499
"1946",194.5,"Simu1","NIT",50,"cliver",0.456931646468366
"1947",194.6,"Simu1","NIT",50,"cliver",0.444616709477917
"1948",194.7,"Simu1","NIT",50,"cliver",0.432235484477971
"1949",194.8,"Simu1","NIT",50,"cliver",0.41982510499177
"1950",194.9,"Simu1","NIT",50,"cliver",0.407419176367879
"1951",195,"Simu1","NIT",50,"cliver",0.395048203953772
"1952",195.1,"Simu1","NIT",50,"cliver",0.382739691942482
"1953",195.2,"Simu1","NIT",50,"cliver",0.370518474282678
"1954",195.3,"Simu1","NIT",50,"cliver",0.35840705581392
"1955",195.4,"Simu1","NIT",50,"cliver",0.346425532572453
"1956",195.5,"Simu1","NIT",50,"cliver",0.334592018055807
"1957",195.6,"Simu1","NIT",50,"cliver",0.322922701597315
"1958",195.7,"Simu1","NIT",50,"cliver",0.311432057979924
"1959",195.8,"Simu1","NIT",50,"cliver",0.300132931923448
"1960",195.9,"Simu1","NIT",50,"cliver",0.289036694542971
"1961",196,"Simu1","NIT",50,"cliver",0.278153381834618
"1962",196.1,"Simu1","NIT",50,"cliver",0.267491787576322
"1963",196.2,"Simu1","NIT",50,"cliver",0.257059614432585
"1964",196.3,"Simu1","NIT",50,"cliver",0.246863416155934
"1965",196.4,"Simu1","NIT",50,"cliver",0.236908802927774
"1966",196.5,"Simu1","NIT",50,"cliver",0.227200528314444
"1967",196.6,"Simu1","NIT",50,"cliver",0.217742597422048
"1968",196.7,"Simu1","NIT",50,"cliver",0.208538095519613
"1969",196.8,"Simu1","NIT",50,"cliver",0.199589512209021
"1970",196.9,"Simu1","NIT",50,"cliver",0.190898662126809
"1971",197,"Simu1","NIT",50,"cliver",0.182466717598075
"1972",197.1,"Simu1","NIT",50,"cliver",0.174294222368735
"1973",197.2,"Simu1","NIT",50,"cliver",0.16638126569611
"1974",197.3,"Simu1","NIT",50,"cliver",0.15872736810575
"1975",197.4,"Simu1","NIT",50,"cliver",0.151331637444492
"1976",197.5,"Simu1","NIT",50,"cliver",0.144192582541376
"1977",197.6,"Simu1","NIT",50,"cliver",0.137308314304389
"1978",197.7,"Simu1","NIT",50,"cliver",0.130676521886668
"1979",197.8,"Simu1","NIT",50,"cliver",0.124294446932559
"1980",197.9,"Simu1","NIT",50,"cliver",0.118158923616906
"1981",198,"Simu1","NIT",50,"cliver",0.113307838182273
"1982",198.1,"Simu1","NIT",50,"cliver",0.378236277353445
"1983",198.2,"Simu1","NIT",50,"cliver",0.506103810138699
"1984",198.3,"Simu1","NIT",50,"cliver",0.548394405419522
"1985",198.4,"Simu1","NIT",50,"cliver",0.567950761767969
"1986",198.5,"Simu1","NIT",50,"cliver",0.579494994516882
"1987",198.6,"Simu1","NIT",50,"cliver",0.586976039850556
"1988",198.7,"Simu1","NIT",50,"cliver",0.591614379319994
"1989",198.8,"Simu1","NIT",50,"cliver",0.59392238269584
"1990",198.9,"Simu1","NIT",50,"cliver",0.594209847155072
"1991",199,"Simu1","NIT",50,"cliver",0.592716884656199
"1992",199.1,"Simu1","NIT",50,"cliver",0.589649053341677
"1993",199.2,"Simu1","NIT",50,"cliver",0.585188319645621
"1994",199.3,"Simu1","NIT",50,"cliver",0.579497853923906
"1995",199.4,"Simu1","NIT",50,"cliver",0.572724320732736
"1996",199.5,"Simu1","NIT",50,"cliver",0.565000080196157
"1997",199.6,"Simu1","NIT",50,"cliver",0.556444673579671
"1998",199.7,"Simu1","NIT",50,"cliver",0.547166129035274
"1999",199.8,"Simu1","NIT",50,"cliver",0.537262250647942
"2000",199.9,"Simu1","NIT",50,"cliver",0.52682174121364
"2001",200,"Simu1","NIT",50,"cliver",0.515925067391325
"2002",200.1,"Simu1","NIT",50,"cliver",0.504645239101315
"2003",200.2,"Simu1","NIT",50,"cliver",0.493048529183775
"2004",200.3,"Simu1","NIT",50,"cliver",0.48119513401361
"2005",200.4,"Simu1","NIT",50,"cliver",0.469139744720317
"2006",200.5,"Simu1","NIT",50,"cliver",0.456932035133243
"2007",200.6,"Simu1","NIT",50,"cliver",0.444617101893657
"2008",200.7,"Simu1","NIT",50,"cliver",0.43223587153349
"2009",200.8,"Simu1","NIT",50,"cliver",0.419825467373095
"2010",200.9,"Simu1","NIT",50,"cliver",0.407419534595207
"2011",201,"Simu1","NIT",50,"cliver",0.395048532320238
"2012",201.1,"Simu1","NIT",50,"cliver",0.382740000588187
"2013",201.2,"Simu1","NIT",50,"cliver",0.370518804638813
"2014",201.3,"Simu1","NIT",50,"cliver",0.35840735698651
"2015",201.4,"Simu1","NIT",50,"cliver",0.346425819178351
"2016",201.5,"Simu1","NIT",50,"cliver",0.334592286159826
"2017",201.6,"Simu1","NIT",50,"cliver",0.32292295548552
"2018",201.7,"Simu1","NIT",50,"cliver",0.311432282565111
"2019",201.8,"Simu1","NIT",50,"cliver",0.300133122825603
"2020",201.9,"Simu1","NIT",50,"cliver",0.289036861565857
"2021",202,"Simu1","NIT",50,"cliver",0.278153533940208
"2022",202.1,"Simu1","NIT",50,"cliver",0.267491934201141
"2023",202.2,"Simu1","NIT",50,"cliver",0.257059715744436
"2024",202.3,"Simu1","NIT",50,"cliver",0.246863482415046
"2025",202.4,"Simu1","NIT",50,"cliver",0.236908871688432
"2026",202.5,"Simu1","NIT",50,"cliver",0.227200630158681
"2027",202.6,"Simu1","NIT",50,"cliver",0.217742681629995
"2028",202.7,"Simu1","NIT",50,"cliver",0.208538188250269
"2029",202.8,"Simu1","NIT",50,"cliver",0.199589605163103
"2030",202.9,"Simu1","NIT",50,"cliver",0.190898728975142
"2031",203,"Simu1","NIT",50,"cliver",0.182466740368821
"2032",203.1,"Simu1","NIT",50,"cliver",0.174294241272995
"2033",203.2,"Simu1","NIT",50,"cliver",0.166381287096933
"2034",203.3,"Simu1","NIT",50,"cliver",0.158727414448735
"2035",203.4,"Simu1","NIT",50,"cliver",0.151331664952543
"2036",203.5,"Simu1","NIT",50,"cliver",0.144192605639267
"2037",203.6,"Simu1","NIT",50,"cliver",0.137308346842586
"2038",203.7,"Simu1","NIT",50,"cliver",0.130676557766849
"2039",203.8,"Simu1","NIT",50,"cliver",0.124294481644517
"2040",203.9,"Simu1","NIT",50,"cliver",0.118158949424483
"2041",204,"Simu1","NIT",50,"cliver",0.113307832205897
"2042",204.1,"Simu1","NIT",50,"cliver",0.378235749716569
"2043",204.2,"Simu1","NIT",50,"cliver",0.506103191929292
"2044",204.3,"Simu1","NIT",50,"cliver",0.548395088764852
"2045",204.4,"Simu1","NIT",50,"cliver",0.567951324501949
"2046",204.5,"Simu1","NIT",50,"cliver",0.579495092638715
"2047",204.6,"Simu1","NIT",50,"cliver",0.586975041512593
"2048",204.7,"Simu1","NIT",50,"cliver",0.591612935163527
"2049",204.8,"Simu1","NIT",50,"cliver",0.593921431244429
"2050",204.9,"Simu1","NIT",50,"cliver",0.594208723316224
"2051",205,"Simu1","NIT",50,"cliver",0.592716151063109
"2052",205.1,"Simu1","NIT",50,"cliver",0.58964836559924
"2053",205.2,"Simu1","NIT",50,"cliver",0.585187533112943
"2054",205.3,"Simu1","NIT",50,"cliver",0.579497212966842
"2055",205.4,"Simu1","NIT",50,"cliver",0.572723819803185
"2056",205.5,"Simu1","NIT",50,"cliver",0.564999580679435
"2057",205.6,"Simu1","NIT",50,"cliver",0.556444179356371
"2058",205.7,"Simu1","NIT",50,"cliver",0.547165665875877
"2059",205.8,"Simu1","NIT",50,"cliver",0.537261803342691
"2060",205.9,"Simu1","NIT",50,"cliver",0.526821293207225
"2061",206,"Simu1","NIT",50,"cliver",0.515924636316134
"2062",206.1,"Simu1","NIT",50,"cliver",0.504644835032502
"2063",206.2,"Simu1","NIT",50,"cliver",0.493048139761891
"2064",206.3,"Simu1","NIT",50,"cliver",0.481194746296188
"2065",206.4,"Simu1","NIT",50,"cliver",0.4691393596926
"2066",206.5,"Simu1","NIT",50,"cliver",0.456931661233338
"2067",206.6,"Simu1","NIT",50,"cliver",0.444616741838842
"2068",206.7,"Simu1","NIT",50,"cliver",0.432235521092654
"2069",206.8,"Simu1","NIT",50,"cliver",0.419825123236292
"2070",206.9,"Simu1","NIT",50,"cliver",0.407419198216353
"2071",207,"Simu1","NIT",50,"cliver",0.395048206235989
"2072",207.1,"Simu1","NIT",50,"cliver",0.382739684728133
"2073",207.2,"Simu1","NIT",50,"cliver",0.370518497292653
"2074",207.3,"Simu1","NIT",50,"cliver",0.358407057488311
"2075",207.4,"Simu1","NIT",50,"cliver",0.346425528199967
"2076",207.5,"Simu1","NIT",50,"cliver",0.334592004242458
"2077",207.6,"Simu1","NIT",50,"cliver",0.322922682231182
"2078",207.7,"Simu1","NIT",50,"cliver",0.311432017513288
"2079",207.8,"Simu1","NIT",50,"cliver",0.300132865872086
"2080",207.9,"Simu1","NIT",50,"cliver",0.289036612893173
"2081",208,"Simu1","NIT",50,"cliver",0.278153293321031
"2082",208.1,"Simu1","NIT",50,"cliver",0.267491701370383
"2083",208.2,"Simu1","NIT",50,"cliver",0.257059490621629
"2084",208.3,"Simu1","NIT",50,"cliver",0.246863264920095
"2085",208.4,"Simu1","NIT",50,"cliver",0.236908661679677
"2086",208.5,"Simu1","NIT",50,"cliver",0.227200427493582
"2087",208.6,"Simu1","NIT",50,"cliver",0.21774248616777
"2088",208.7,"Simu1","NIT",50,"cliver",0.20853799985364
"2089",208.8,"Simu1","NIT",50,"cliver",0.199589423708679
"2090",208.9,"Simu1","NIT",50,"cliver",0.190898554336959
"2091",209,"Simu1","NIT",50,"cliver",0.182466572402397
"2092",209.1,"Simu1","NIT",50,"cliver",0.174294079834112
"2093",209.2,"Simu1","NIT",50,"cliver",0.166381132053779
"2094",209.3,"Simu1","NIT",50,"cliver",0.158727265666521
"2095",209.4,"Simu1","NIT",50,"cliver",0.151331522296252
"2096",209.5,"Simu1","NIT",50,"cliver",0.144192468944726
"2097",209.6,"Simu1","NIT",50,"cliver",0.137308215786092
"2098",209.7,"Simu1","NIT",50,"cliver",0.13067643244637
"2099",209.8,"Simu1","NIT",50,"cliver",0.124294362127398
"2100",209.9,"Simu1","NIT",50,"cliver",0.118158837604837
"2101",210,"Simu1","NIT",50,"cliver",0.11330768290111
"2102",210.1,"Simu1","NIT",50,"cliver",0.37823644026262
"2103",210.2,"Simu1","NIT",50,"cliver",0.506103742713527
"2104",210.3,"Simu1","NIT",50,"cliver",0.5483946094124
"2105",210.4,"Simu1","NIT",50,"cliver",0.567950882468244
"2106",210.5,"Simu1","NIT",50,"cliver",0.579495304779053
"2107",210.6,"Simu1","NIT",50,"cliver",0.586975130151327
"2108",210.7,"Simu1","NIT",50,"cliver",0.591614291594493
"2109",210.8,"Simu1","NIT",50,"cliver",0.593922292145056
"2110",210.9,"Simu1","NIT",50,"cliver",0.59420982455887
"2111",211,"Simu1","NIT",50,"cliver",0.592716864402334
"2112",211.1,"Simu1","NIT",50,"cliver",0.589648966710522
"2113",211.2,"Simu1","NIT",50,"cliver",0.5851883005826
"2114",211.3,"Simu1","NIT",50,"cliver",0.579497873081057
"2115",211.4,"Simu1","NIT",50,"cliver",0.572724428573584
"2116",211.5,"Simu1","NIT",50,"cliver",0.565000223297723
"2117",211.6,"Simu1","NIT",50,"cliver",0.556444749941935
"2118",211.7,"Simu1","NIT",50,"cliver",0.547166159194905
"2119",211.8,"Simu1","NIT",50,"cliver",0.537262306642211
"2120",211.9,"Simu1","NIT",50,"cliver",0.526821830617716
"2121",212,"Simu1","NIT",50,"cliver",0.515925152635582
"2122",212.1,"Simu1","NIT",50,"cliver",0.504645299661722
"2123",212.2,"Simu1","NIT",50,"cliver",0.493048576259981
"2124",212.3,"Simu1","NIT",50,"cliver",0.481195185112144
"2125",212.4,"Simu1","NIT",50,"cliver",0.469139800569437
"2126",212.5,"Simu1","NIT",50,"cliver",0.456932086577664
"2127",212.6,"Simu1","NIT",50,"cliver",0.444617145976926
"2128",212.7,"Simu1","NIT",50,"cliver",0.432235912535393
"2129",212.8,"Simu1","NIT",50,"cliver",0.419825508585567
"2130",212.9,"Simu1","NIT",50,"cliver",0.407419575265667
"2131",213,"Simu1","NIT",50,"cliver",0.395048570733694
"2132",213.1,"Simu1","NIT",50,"cliver",0.382740036667175
"2133",213.2,"Simu1","NIT",50,"cliver",0.370518839389626
"2134",213.3,"Simu1","NIT",50,"cliver",0.358407390959024
"2135",213.4,"Simu1","NIT",50,"cliver",0.34642585215511
"2136",213.5,"Simu1","NIT",50,"cliver",0.334592317864794
"2137",213.6,"Simu1","NIT",50,"cliver",0.322922986013582
"2138",213.7,"Simu1","NIT",50,"cliver",0.311432312118922
"2139",213.8,"Simu1","NIT",50,"cliver",0.300133151357226
"2140",213.9,"Simu1","NIT",50,"cliver",0.289036889192171
"2141",214,"Simu1","NIT",50,"cliver",0.278153560779829
"2142",214.1,"Simu1","NIT",50,"cliver",0.267491960243502
"2143",214.2,"Simu1","NIT",50,"cliver",0.257059740957031
"2144",214.3,"Simu1","NIT",50,"cliver",0.246863506800636
"2145",214.4,"Simu1","NIT",50,"cliver",0.236908895300106
"2146",214.5,"Simu1","NIT",50,"cliver",0.227200653027472
"2147",214.6,"Simu1","NIT",50,"cliver",0.217742703740491
"2148",214.7,"Simu1","NIT",50,"cliver",0.20853820960351
"2149",214.8,"Simu1","NIT",50,"cliver",0.199589625790707
"2150",214.9,"Simu1","NIT",50,"cliver",0.190898748899198
"2151",215,"Simu1","NIT",50,"cliver",0.182466759588329
"2152",215.1,"Simu1","NIT",50,"cliver",0.174294259794815
"2153",215.2,"Simu1","NIT",50,"cliver",0.166381304933118
"2154",215.3,"Simu1","NIT",50,"cliver",0.15872743162044
"2155",215.4,"Simu1","NIT",50,"cliver",0.151331681456082
"2156",215.5,"Simu1","NIT",50,"cliver",0.144192621508007
"2157",215.6,"Simu1","NIT",50,"cliver",0.137308362037794
"2158",215.7,"Simu1","NIT",50,"cliver",0.130676572482335
"2159",215.8,"Simu1","NIT",50,"cliver",0.124294495791857
"2160",215.9,"Simu1","NIT",50,"cliver",0.118158964401348
"2161",216,"Simu1","NIT",50,"cliver",0.113307806663133
"2162",216.1,"Simu1","NIT",50,"cliver",0.378235828986107
"2163",216.2,"Simu1","NIT",50,"cliver",0.506103632398259
"2164",216.3,"Simu1","NIT",50,"cliver",0.548395378109213
"2165",216.4,"Simu1","NIT",50,"cliver",0.567950292860885
"2166",216.5,"Simu1","NIT",50,"cliver",0.579494000091808
"2167",216.6,"Simu1","NIT",50,"cliver",0.586973696021608
"2168",216.7,"Simu1","NIT",50,"cliver",0.591612385570402
"2169",216.8,"Simu1","NIT",50,"cliver",0.593920383405672
"2170",216.9,"Simu1","NIT",50,"cliver",0.594208173617746
"2171",217,"Simu1","NIT",50,"cliver",0.592715116487962
"2172",217.1,"Simu1","NIT",50,"cliver",0.589647395060786
"2173",217.2,"Simu1","NIT",50,"cliver",0.58518672721851
"2174",217.3,"Simu1","NIT",50,"cliver",0.579496212897841
"2175",217.4,"Simu1","NIT",50,"cliver",0.57272276819274
"2176",217.5,"Simu1","NIT",50,"cliver",0.564998635649812
"2177",217.6,"Simu1","NIT",50,"cliver",0.556443226695639
"2178",217.7,"Simu1","NIT",50,"cliver",0.547164664078881
"2179",217.8,"Simu1","NIT",50,"cliver",0.537260830528502
"2180",217.9,"Simu1","NIT",50,"cliver",0.52682037655694
"2181",218,"Simu1","NIT",50,"cliver",0.515923734725875
"2182",218.1,"Simu1","NIT",50,"cliver",0.50464390114297
"2183",218.2,"Simu1","NIT",50,"cliver",0.49304719701932
"2184",218.3,"Simu1","NIT",50,"cliver",0.481193825554514
"2185",218.4,"Simu1","NIT",50,"cliver",0.469138476257079
"2186",218.5,"Simu1","NIT",50,"cliver",0.456930792745379
"2187",218.6,"Simu1","NIT",50,"cliver",0.444615878263299
"2188",218.7,"Simu1","NIT",50,"cliver",0.432234677683408
"2189",218.8,"Simu1","NIT",50,"cliver",0.419824309547102
"2190",218.9,"Simu1","NIT",50,"cliver",0.407418411525215
"2191",219,"Simu1","NIT",50,"cliver",0.395047413940434
"2192",219.1,"Simu1","NIT",50,"cliver",0.382738908721538
"2193",219.2,"Simu1","NIT",50,"cliver",0.370517705357939
"2194",219.3,"Simu1","NIT",50,"cliver",0.358406351247988
"2195",219.4,"Simu1","NIT",50,"cliver",0.34642482671473
"2196",219.5,"Simu1","NIT",50,"cliver",0.33459131197927
"2197",219.6,"Simu1","NIT",50,"cliver",0.322922017876136
"2198",219.7,"Simu1","NIT",50,"cliver",0.311431369920145
"2199",219.8,"Simu1","NIT",50,"cliver",0.300132234776775
"2200",219.9,"Simu1","NIT",50,"cliver",0.289036003472202
"2201",220,"Simu1","NIT",50,"cliver",0.278152701260782
"2202",220.1,"Simu1","NIT",50,"cliver",0.267491125196689
"2203",220.2,"Simu1","NIT",50,"cliver",0.257058933828678
"2204",220.3,"Simu1","NIT",50,"cliver",0.246862727109912
"2205",220.4,"Simu1","NIT",50,"cliver",0.236908140268719
"2206",220.5,"Simu1","NIT",50,"cliver",0.227199922771211
"2207",220.6,"Simu1","NIT",50,"cliver",0.217741999243504
"2208",220.7,"Simu1","NIT",50,"cliver",0.208537530123271
"2209",220.8,"Simu1","NIT",50,"cliver",0.199588970155169
"2210",220.9,"Simu1","NIT",50,"cliver",0.190898116970002
"2211",221,"Simu1","NIT",50,"cliver",0.182466151289972
"2212",221.1,"Simu1","NIT",50,"cliver",0.174293674688364
"2213",221.2,"Simu1","NIT",50,"cliver",0.166380741934168
"2214",221.3,"Simu1","NIT",50,"cliver",0.158726890529697
"2215",221.4,"Simu1","NIT",50,"cliver",0.151331162568033
"2216",221.5,"Simu1","NIT",50,"cliver",0.144192124285782
"2217",221.6,"Simu1","NIT",50,"cliver",0.137307885343363
"2218",221.7,"Simu1","NIT",50,"cliver",0.130676115848407
"2219",221.8,"Simu1","NIT",50,"cliver",0.124294059170453
"2220",221.9,"Simu1","NIT",50,"cliver",0.118158545791258
"2221",222,"Simu1","NIT",50,"cliver",0.113307451891022
"2222",222.1,"Simu1","NIT",50,"cliver",0.378236140710569
"2223",222.2,"Simu1","NIT",50,"cliver",0.506104044051991
"2224",222.3,"Simu1","NIT",50,"cliver",0.548395246335783
"2225",222.4,"Simu1","NIT",50,"cliver",0.56795138554623
"2226",222.5,"Simu1","NIT",50,"cliver",0.579494889925669
"2227",222.6,"Simu1","NIT",50,"cliver",0.586976127201029
"2228",222.7,"Simu1","NIT",50,"cliver",0.591614659928868
"2229",222.8,"Simu1","NIT",50,"cliver",0.593922620187804
"2230",222.9,"Simu1","NIT",50,"cliver",0.594209965606482
"2231",223,"Simu1","NIT",50,"cliver",0.592717069788411
"2232",223.1,"Simu1","NIT",50,"cliver",0.589649547627604
"2233",223.2,"Simu1","NIT",50,"cliver",0.585188848964492
"2234",223.3,"Simu1","NIT",50,"cliver",0.579498398528964
"2235",223.4,"Simu1","NIT",50,"cliver",0.57272499599644
"2236",223.5,"Simu1","NIT",50,"cliver",0.565000853719285
"2237",223.6,"Simu1","NIT",50,"cliver",0.556445464077536
"2238",223.7,"Simu1","NIT",50,"cliver",0.547166854355212
"2239",223.8,"Simu1","NIT",50,"cliver",0.537262948872747
"2240",223.9,"Simu1","NIT",50,"cliver",0.526822470796798
"2241",224,"Simu1","NIT",50,"cliver",0.515925825180873
"2242",224.1,"Simu1","NIT",50,"cliver",0.504645987220756
"2243",224.2,"Simu1","NIT",50,"cliver",0.493049248415377
"2244",224.3,"Simu1","NIT",50,"cliver",0.481195833596413
"2245",224.4,"Simu1","NIT",50,"cliver",0.469140435119518
"2246",224.5,"Simu1","NIT",50,"cliver",0.456932722674315
"2247",224.6,"Simu1","NIT",50,"cliver",0.444617765311289
"2248",224.7,"Simu1","NIT",50,"cliver",0.432236561082115
"2249",224.8,"Simu1","NIT",50,"cliver",0.419826129144794
"2250",224.9,"Simu1","NIT",50,"cliver",0.407420146465212
"2251",225,"Simu1","NIT",50,"cliver",0.395049119600141
"2252",225.1,"Simu1","NIT",50,"cliver",0.382740617137429
"2253",225.2,"Simu1","NIT",50,"cliver",0.370519400843261
"2254",225.3,"Simu1","NIT",50,"cliver",0.358407922075333
"2255",225.4,"Simu1","NIT",50,"cliver",0.346426329825111
"2256",225.5,"Simu1","NIT",50,"cliver",0.334592841075114
"2257",225.6,"Simu1","NIT",50,"cliver",0.322923506829732
"2258",225.7,"Simu1","NIT",50,"cliver",0.311432813061334
"2259",225.8,"Simu1","NIT",50,"cliver",0.300133632472052
"2260",225.9,"Simu1","NIT",50,"cliver",0.289037351083847
"2261",226,"Simu1","NIT",50,"cliver",0.278154043021431
"2262",226.1,"Simu1","NIT",50,"cliver",0.267492440978253
"2263",226.2,"Simu1","NIT",50,"cliver",0.25706024410351
"2264",226.3,"Simu1","NIT",50,"cliver",0.246863990094584
"2265",226.4,"Simu1","NIT",50,"cliver",0.236909396740827
"2266",226.5,"Simu1","NIT",50,"cliver",0.227201129344399
"2267",226.6,"Simu1","NIT",50,"cliver",0.217743211103184
"2268",226.7,"Simu1","NIT",50,"cliver",0.208538708027058
"2269",226.8,"Simu1","NIT",50,"cliver",0.19959007429918
"2270",226.9,"Simu1","NIT",50,"cliver",0.190899179336131
"2271",227,"Simu1","NIT",50,"cliver",0.182467167218234
"2272",227.1,"Simu1","NIT",50,"cliver",0.174294647672248
"2273",227.2,"Simu1","NIT",50,"cliver",0.166381692516064
"2274",227.3,"Simu1","NIT",50,"cliver",0.158727836371981
"2275",227.4,"Simu1","NIT",50,"cliver",0.151332066376787
"2276",227.5,"Simu1","NIT",50,"cliver",0.144192976903792
"2277",227.6,"Simu1","NIT",50,"cliver",0.137308701925569
"2278",227.7,"Simu1","NIT",50,"cliver",0.130676904250364
"2279",227.8,"Simu1","NIT",50,"cliver",0.12429481319151
"2280",227.9,"Simu1","NIT",50,"cliver",0.11815926192536
"2281",228,"Simu1","NIT",50,"cliver",0.113308126551209
"2282",228.1,"Simu1","NIT",50,"cliver",0.378236381781414
"2283",228.2,"Simu1","NIT",50,"cliver",0.50610612483505
"2284",228.3,"Simu1","NIT",50,"cliver",0.548395894610449
"2285",228.4,"Simu1","NIT",50,"cliver",0.567952066184938
"2286",228.5,"Simu1","NIT",50,"cliver",0.579495125740157
"2287",228.6,"Simu1","NIT",50,"cliver",0.586976380037142
"2288",228.7,"Simu1","NIT",50,"cliver",0.591614974278553
"2289",228.8,"Simu1","NIT",50,"cliver",0.593922714585151
"2290",228.9,"Simu1","NIT",50,"cliver",0.59421019231314
"2291",229,"Simu1","NIT",50,"cliver",0.592717483603262
"2292",229.1,"Simu1","NIT",50,"cliver",0.589649652646806
"2293",229.2,"Simu1","NIT",50,"cliver",0.585188928980624
"2294",229.3,"Simu1","NIT",50,"cliver",0.579498523222121
"2295",229.4,"Simu1","NIT",50,"cliver",0.57272508011347
"2296",229.5,"Simu1","NIT",50,"cliver",0.56500090193149
"2297",229.6,"Simu1","NIT",50,"cliver",0.556445434293186
"2298",229.7,"Simu1","NIT",50,"cliver",0.54716682525449
"2299",229.8,"Simu1","NIT",50,"cliver",0.537262956854669
"2300",229.9,"Simu1","NIT",50,"cliver",0.52682249224167
"2301",230,"Simu1","NIT",50,"cliver",0.515925811460761
"2302",230.1,"Simu1","NIT",50,"cliver",0.504645957562246
"2303",230.2,"Simu1","NIT",50,"cliver",0.493049220046009
"2304",230.3,"Simu1","NIT",50,"cliver",0.481195814343915
"2305",230.4,"Simu1","NIT",50,"cliver",0.469140422374344
"2306",230.5,"Simu1","NIT",50,"cliver",0.456932699314943
"2307",230.6,"Simu1","NIT",50,"cliver",0.444617745939171
"2308",230.7,"Simu1","NIT",50,"cliver",0.432236499396692
"2309",230.8,"Simu1","NIT",50,"cliver",0.419826082365581
"2310",230.9,"Simu1","NIT",50,"cliver",0.407420135992066
"2311",231,"Simu1","NIT",50,"cliver",0.395049118670658
"2312",231.1,"Simu1","NIT",50,"cliver",0.382740571448392
"2313",231.2,"Simu1","NIT",50,"cliver",0.370519360316081
"2314",231.3,"Simu1","NIT",50,"cliver",0.358407898021403
"2315",231.4,"Simu1","NIT",50,"cliver",0.346426345766439
"2316",231.5,"Simu1","NIT",50,"cliver",0.334592798074797
"2317",231.6,"Simu1","NIT",50,"cliver",0.322923452603267
"2318",231.7,"Simu1","NIT",50,"cliver",0.311432765087267
"2319",231.8,"Simu1","NIT",50,"cliver",0.300133590911851
"2320",231.9,"Simu1","NIT",50,"cliver",0.289037315440999
"2321",232,"Simu1","NIT",50,"cliver",0.278153973862043
"2322",232.1,"Simu1","NIT",50,"cliver",0.267492360286028
"2323",232.2,"Simu1","NIT",50,"cliver",0.257060128109905
"2324",232.3,"Simu1","NIT",50,"cliver",0.246863881218213
"2325",232.4,"Simu1","NIT",50,"cliver",0.236909257154094
"2326",232.5,"Simu1","NIT",50,"cliver",0.227201002503736
"2327",232.6,"Simu1","NIT",50,"cliver",0.21774304102352
"2328",232.7,"Simu1","NIT",50,"cliver",0.208538534880139
"2329",232.8,"Simu1","NIT",50,"cliver",0.199589939264676
"2330",232.9,"Simu1","NIT",50,"cliver",0.190899050779321
"2331",233,"Simu1","NIT",50,"cliver",0.182467050084497
"2332",233.1,"Simu1","NIT",50,"cliver",0.174294539115669
"2333",233.2,"Simu1","NIT",50,"cliver",0.16638157330371
"2334",233.3,"Simu1","NIT",50,"cliver",0.158727689257031
"2335",233.4,"Simu1","NIT",50,"cliver",0.151331928600965
"2336",233.5,"Simu1","NIT",50,"cliver",0.144192858361131
"2337",233.6,"Simu1","NIT",50,"cliver",0.137308588896618
"2338",233.7,"Simu1","NIT",50,"cliver",0.130676789455854
"2339",233.8,"Simu1","NIT",50,"cliver",0.124294703413814
"2340",233.9,"Simu1","NIT",50,"cliver",0.118159160859161
"2341",234,"Simu1","NIT",50,"cliver",0.113308030586852
"2342",234.1,"Simu1","NIT",50,"cliver",0.378236205237871
"2343",234.2,"Simu1","NIT",50,"cliver",0.506103701027379
"2344",234.3,"Simu1","NIT",50,"cliver",0.548395876965388
"2345",234.4,"Simu1","NIT",50,"cliver",0.567951534767079
"2346",234.5,"Simu1","NIT",50,"cliver",0.579495831110865
"2347",234.6,"Simu1","NIT",50,"cliver",0.586976336664686
"2348",234.7,"Simu1","NIT",50,"cliver",0.591614569370547
"2349",234.8,"Simu1","NIT",50,"cliver",0.593922280591067
"2350",234.9,"Simu1","NIT",50,"cliver",0.594210086290452
"2351",235,"Simu1","NIT",50,"cliver",0.592717424259934
"2352",235.1,"Simu1","NIT",50,"cliver",0.589649456152166
"2353",235.2,"Simu1","NIT",50,"cliver",0.58518878674842
"2354",235.3,"Simu1","NIT",50,"cliver",0.579498375131689
"2355",235.4,"Simu1","NIT",50,"cliver",0.572724912718731
"2356",235.5,"Simu1","NIT",50,"cliver",0.565000658868478
"2357",235.6,"Simu1","NIT",50,"cliver",0.556445202563038
"2358",235.7,"Simu1","NIT",50,"cliver",0.547166653054615
"2359",235.8,"Simu1","NIT",50,"cliver",0.537262816338688
"2360",235.9,"Simu1","NIT",50,"cliver",0.526822336734776
"2361",236,"Simu1","NIT",50,"cliver",0.515925671619825
"2362",236.1,"Simu1","NIT",50,"cliver",0.50464584859461
"2363",236.2,"Simu1","NIT",50,"cliver",0.493049128796916
"2364",236.3,"Simu1","NIT",50,"cliver",0.481195732970958
"2365",236.4,"Simu1","NIT",50,"cliver",0.469140342587543
"2366",236.5,"Simu1","NIT",50,"cliver",0.4569326208502
"2367",236.6,"Simu1","NIT",50,"cliver",0.444617679948592
"2368",236.7,"Simu1","NIT",50,"cliver",0.432236436796255
"2369",236.8,"Simu1","NIT",50,"cliver",0.419826022830798
"2370",236.9,"Simu1","NIT",50,"cliver",0.407420077482477
"2371",237,"Simu1","NIT",50,"cliver",0.395049062317644
"2372",237.1,"Simu1","NIT",50,"cliver",0.382740533051839
"2373",237.2,"Simu1","NIT",50,"cliver",0.370519357301513
"2374",237.3,"Simu1","NIT",50,"cliver",0.358407934664641
"2375",237.4,"Simu1","NIT",50,"cliver",0.346426415794145
"2376",237.5,"Simu1","NIT",50,"cliver",0.334592874432675
"2377",237.6,"Simu1","NIT",50,"cliver",0.322923504778159
"2378",237.7,"Simu1","NIT",50,"cliver",0.311432787813211
"2379",237.8,"Simu1","NIT",50,"cliver",0.300133600610754
"2380",237.9,"Simu1","NIT",50,"cliver",0.289037325508675
"2381",238,"Simu1","NIT",50,"cliver",0.278153984352141
"2382",238.1,"Simu1","NIT",50,"cliver",0.267492365642537
"2383",238.2,"Simu1","NIT",50,"cliver",0.257060126439909
"2384",238.3,"Simu1","NIT",50,"cliver",0.246863876092868
"2385",238.4,"Simu1","NIT",50,"cliver",0.236909251903954
"2386",238.5,"Simu1","NIT",50,"cliver",0.22720099589676
"2387",238.6,"Simu1","NIT",50,"cliver",0.217743031357211
"2388",238.7,"Simu1","NIT",50,"cliver",0.208538523710552
"2389",238.8,"Simu1","NIT",50,"cliver",0.199589927342156
"2390",238.9,"Simu1","NIT",50,"cliver",0.190899036893705
"2391",239,"Simu1","NIT",50,"cliver",0.182467035482369
"2392",239.1,"Simu1","NIT",50,"cliver",0.174294524326095
"2393",239.2,"Simu1","NIT",50,"cliver",0.166381557767635
"2394",239.3,"Simu1","NIT",50,"cliver",0.158727673127877
"2395",239.4,"Simu1","NIT",50,"cliver",0.151331912252623
"2396",239.5,"Simu1","NIT",50,"cliver",0.144192841810331
"2397",239.6,"Simu1","NIT",50,"cliver",0.137308572086824
"2398",239.7,"Simu1","NIT",50,"cliver",0.130676772558758
"2399",239.8,"Simu1","NIT",50,"cliver",0.124294686403055
"2400",239.9,"Simu1","NIT",50,"cliver",0.118159144835361
"2401",240,"Simu1","NIT",50,"cliver",0.113308035704317
"2402",240.1,"Simu1","NIT",50,"cliver",0.378236153565335
"2403",240.2,"Simu1","NIT",50,"cliver",0.506103504187533
"2404",240.3,"Simu1","NIT",50,"cliver",0.548394454182259
"2405",240.4,"Simu1","NIT",50,"cliver",0.567950690360633
"2406",240.5,"Simu1","NIT",50,"cliver",0.579495161135569
"2407",240.6,"Simu1","NIT",50,"cliver",0.586974956238368
"2408",240.7,"Simu1","NIT",50,"cliver",0.591614082258242
"2409",240.8,"Simu1","NIT",50,"cliver",0.593922058931384
"2410",240.9,"Simu1","NIT",50,"cliver",0.594209580273361
"2411",241,"Simu1","NIT",50,"cliver",0.592716606684548
"2412",241.1,"Simu1","NIT",50,"cliver",0.589648701758048
"2413",241.2,"Simu1","NIT",50,"cliver",0.585188030289533
"2414",241.3,"Simu1","NIT",50,"cliver",0.579497596343631
"2415",241.4,"Simu1","NIT",50,"cliver",0.572724146725383
"2416",241.5,"Simu1","NIT",50,"cliver",0.564999937035063
"2417",241.6,"Simu1","NIT",50,"cliver",0.556444460361095
"2418",241.7,"Simu1","NIT",50,"cliver",0.547165869884574
"2419",241.8,"Simu1","NIT",50,"cliver",0.53726201717802
"2420",241.9,"Simu1","NIT",50,"cliver",0.526821541045881
"2421",242,"Simu1","NIT",50,"cliver",0.515924863801403
"2422",242.1,"Simu1","NIT",50,"cliver",0.504645012255544
"2423",242.2,"Simu1","NIT",50,"cliver",0.493048291017682
"2424",242.3,"Simu1","NIT",50,"cliver",0.481194902437941
"2425",242.4,"Simu1","NIT",50,"cliver",0.469139520752936
"2426",242.5,"Simu1","NIT",50,"cliver",0.456931810033025
"2427",242.6,"Simu1","NIT",50,"cliver",0.444616873122433
"2428",242.7,"Simu1","NIT",50,"cliver",0.432235643683445
"2429",242.8,"Simu1","NIT",50,"cliver",0.419825243981932
"2430",242.9,"Simu1","NIT",50,"cliver",0.407419315135957
"2431",243,"Simu1","NIT",50,"cliver",0.395048315292103
"2432",243.1,"Simu1","NIT",50,"cliver",0.38273978610782
"2433",243.2,"Simu1","NIT",50,"cliver",0.370518593872633
"2434",243.3,"Simu1","NIT",50,"cliver",0.358407150611064
"2435",243.4,"Simu1","NIT",50,"cliver",0.346425617084345
"2436",243.5,"Simu1","NIT",50,"cliver",0.334592088167475
"2437",243.6,"Simu1","NIT",50,"cliver",0.322922761768233
"2438",243.7,"Simu1","NIT",50,"cliver",0.311432093383553
"2439",243.8,"Simu1","NIT",50,"cliver",0.300132938174155
"2440",243.9,"Simu1","NIT",50,"cliver",0.289036681597324
"2441",244,"Simu1","NIT",50,"cliver",0.27815335878388
"2442",244.1,"Simu1","NIT",50,"cliver",0.267491763856389
"2443",244.2,"Simu1","NIT",50,"cliver",0.257059550175482
"2444",244.3,"Simu1","NIT",50,"cliver",0.246863321612847
"2445",244.4,"Simu1","NIT",50,"cliver",0.236908715685194
"2446",244.5,"Simu1","NIT",50,"cliver",0.22720047895612
"2447",244.6,"Simu1","NIT",50,"cliver",0.217742535177027
"2448",244.7,"Simu1","NIT",50,"cliver",0.208538046506027
"2449",244.8,"Simu1","NIT",50,"cliver",0.199589468110262
"2450",244.9,"Simu1","NIT",50,"cliver",0.190898596581429
"2451",245,"Simu1","NIT",50,"cliver",0.182466612573632
"2452",245.1,"Simu1","NIT",50,"cliver",0.174294118018987
"2453",245.2,"Simu1","NIT",50,"cliver",0.166381168326053
"2454",245.3,"Simu1","NIT",50,"cliver",0.158727300108856
"2455",245.4,"Simu1","NIT",50,"cliver",0.151331554959812
"2456",245.5,"Simu1","NIT",50,"cliver",0.144192499947065
"2457",245.6,"Simu1","NIT",50,"cliver",0.137308245318941
"2458",245.7,"Simu1","NIT",50,"cliver",0.130676460526398
"2459",245.8,"Simu1","NIT",50,"cliver",0.124294388476605
"2460",245.9,"Simu1","NIT",50,"cliver",0.118158861037804
"2461",246,"Simu1","NIT",50,"cliver",0.113307801680496
"2462",246.1,"Simu1","NIT",50,"cliver",0.378236158782201
"2463",246.2,"Simu1","NIT",50,"cliver",0.506103834475632
"2464",246.3,"Simu1","NIT",50,"cliver",0.548395066731688
"2465",246.4,"Simu1","NIT",50,"cliver",0.567951330196924
"2466",246.5,"Simu1","NIT",50,"cliver",0.579495647670244
"2467",246.6,"Simu1","NIT",50,"cliver",0.586975581466571
"2468",246.7,"Simu1","NIT",50,"cliver",0.591614173276407
"2469",246.8,"Simu1","NIT",50,"cliver",0.593922531281011
"2470",246.9,"Simu1","NIT",50,"cliver",0.594210098101809
"2471",247,"Simu1","NIT",50,"cliver",0.592717136470901
"2472",247.1,"Simu1","NIT",50,"cliver",0.58964927857875
"2473",247.2,"Simu1","NIT",50,"cliver",0.585188600096049
"2474",247.3,"Simu1","NIT",50,"cliver",0.579498151690744
"2475",247.4,"Simu1","NIT",50,"cliver",0.572724668541837
"2476",247.5,"Simu1","NIT",50,"cliver",0.565000414480038
"2477",247.6,"Simu1","NIT",50,"cliver",0.556444963154221
"2478",247.7,"Simu1","NIT",50,"cliver",0.547166409676686
"2479",247.8,"Simu1","NIT",50,"cliver",0.537262554109528
"2480",247.9,"Simu1","NIT",50,"cliver",0.526822050601896
"2481",248,"Simu1","NIT",50,"cliver",0.515925365272194
"2482",248.1,"Simu1","NIT",50,"cliver",0.504645520115923
"2483",248.2,"Simu1","NIT",50,"cliver",0.493048802926666
"2484",248.3,"Simu1","NIT",50,"cliver",0.481195407493173
"2485",248.4,"Simu1","NIT",50,"cliver",0.469140014251793
"2486",248.5,"Simu1","NIT",50,"cliver",0.456932295950435
"2487",248.6,"Simu1","NIT",50,"cliver",0.444617354550422
"2488",248.7,"Simu1","NIT",50,"cliver",0.432236118560698
"2489",248.8,"Simu1","NIT",50,"cliver",0.419825709506252
"2490",248.9,"Simu1","NIT",50,"cliver",0.407419770952636
"2491",249,"Simu1","NIT",50,"cliver",0.395048762152766
"2492",249.1,"Simu1","NIT",50,"cliver",0.382740224089509
"2493",249.2,"Simu1","NIT",50,"cliver",0.370519022381765
"2494",249.3,"Simu1","NIT",50,"cliver",0.358407569132848
"2495",249.4,"Simu1","NIT",50,"cliver",0.346426025506727
"2496",249.5,"Simu1","NIT",50,"cliver",0.334592486567305
"2497",249.6,"Simu1","NIT",50,"cliver",0.322923150124634
"2498",249.7,"Simu1","NIT",50,"cliver",0.311432471564525
"2499",249.8,"Simu1","NIT",50,"cliver",0.300133306143891
"2500",249.9,"Simu1","NIT",50,"cliver",0.289037039398122
"2501",250,"Simu1","NIT",50,"cliver",0.278153706322972
"2502",250.1,"Simu1","NIT",50,"cliver",0.267492101181318
"2503",250.2,"Simu1","NIT",50,"cliver",0.25705987737099
"2504",250.3,"Simu1","NIT",50,"cliver",0.246863638764578
"2505",250.4,"Simu1","NIT",50,"cliver",0.236909022854938
"2506",250.5,"Simu1","NIT",50,"cliver",0.227200776211894
"2507",250.6,"Simu1","NIT",50,"cliver",0.217742822630005
"2508",250.7,"Simu1","NIT",50,"cliver",0.20853832428287
"2509",250.8,"Simu1","NIT",50,"cliver",0.199589736320239
"2510",250.9,"Simu1","NIT",50,"cliver",0.190898855338044
"2511",251,"Simu1","NIT",50,"cliver",0.182466862013738
"2512",251.1,"Simu1","NIT",50,"cliver",0.174294358290109
"2513",251.2,"Simu1","NIT",50,"cliver",0.166381399573028
"2514",251.3,"Simu1","NIT",50,"cliver",0.15872752248003
"2515",251.4,"Simu1","NIT",50,"cliver",0.151331768616614
"2516",251.5,"Simu1","NIT",50,"cliver",0.144192705050502
"2517",251.6,"Simu1","NIT",50,"cliver",0.137308442055643
"2518",251.7,"Simu1","NIT",50,"cliver",0.130676649030249
"2519",251.8,"Simu1","NIT",50,"cliver",0.124294568803179
"2520",251.9,"Simu1","NIT",50,"cliver",0.118159060594994
"2521",252,"Simu1","NIT",50,"cliver",0.113308145208068
"2522",252.1,"Simu1","NIT",50,"cliver",0.378236404449484
"2523",252.2,"Simu1","NIT",50,"cliver",0.506105175601569
"2524",252.3,"Simu1","NIT",50,"cliver",0.548396269186879
"2525",252.4,"Simu1","NIT",50,"cliver",0.567953326855786
"2526",252.5,"Simu1","NIT",50,"cliver",0.579497945650468
"2527",252.6,"Simu1","NIT",50,"cliver",0.586977974080941
"2528",252.7,"Simu1","NIT",50,"cliver",0.591616165480293
"2529",252.8,"Simu1","NIT",50,"cliver",0.593924002260853
"2530",252.9,"Simu1","NIT",50,"cliver",0.594211526705125
"2531",253,"Simu1","NIT",50,"cliver",0.592718492403653
"2532",253.1,"Simu1","NIT",50,"cliver",0.589650651259687
"2533",253.2,"Simu1","NIT",50,"cliver",0.585189952808692
"2534",253.3,"Simu1","NIT",50,"cliver",0.579499491515333
"2535",253.4,"Simu1","NIT",50,"cliver",0.572725987469598
"2536",253.5,"Simu1","NIT",50,"cliver",0.565001721887938
"2537",253.6,"Simu1","NIT",50,"cliver",0.5564462701832
"2538",253.7,"Simu1","NIT",50,"cliver",0.547167705044684
"2539",253.8,"Simu1","NIT",50,"cliver",0.537263829143295
"2540",253.9,"Simu1","NIT",50,"cliver",0.526823307126434
"2541",254,"Simu1","NIT",50,"cliver",0.515926600987771
"2542",254.1,"Simu1","NIT",50,"cliver",0.504646737505279
"2543",254.2,"Simu1","NIT",50,"cliver",0.49305000144205
"2544",254.3,"Simu1","NIT",50,"cliver",0.481196584321387
"2545",254.4,"Simu1","NIT",50,"cliver",0.469141168157991
"2546",254.5,"Simu1","NIT",50,"cliver",0.456933426819924
"2547",254.6,"Simu1","NIT",50,"cliver",0.444618462343619
"2548",254.7,"Simu1","NIT",50,"cliver",0.432237202946234
"2549",254.8,"Simu1","NIT",50,"cliver",0.419826769685338
"2550",254.9,"Simu1","NIT",50,"cliver",0.407420806285991
"2551",255,"Simu1","NIT",50,"cliver",0.395049772664217
"2552",255.1,"Simu1","NIT",50,"cliver",0.382741209946799
"2553",255.2,"Simu1","NIT",50,"cliver",0.370519983399006
"2554",255.3,"Simu1","NIT",50,"cliver",0.358408505052838
"2555",255.4,"Simu1","NIT",50,"cliver",0.346426936355299
"2556",255.5,"Simu1","NIT",50,"cliver",0.334593372534913
"2557",255.6,"Simu1","NIT",50,"cliver",0.322924011336814
"2558",255.7,"Simu1","NIT",50,"cliver",0.311433308095218
"2559",255.8,"Simu1","NIT",50,"cliver",0.300134118184929
"2560",255.9,"Simu1","NIT",50,"cliver",0.289037827092995
"2561",256,"Simu1","NIT",50,"cliver",0.278154469941199
"2562",256.1,"Simu1","NIT",50,"cliver",0.267492840965717
"2563",256.2,"Simu1","NIT",50,"cliver",0.257060593583813
"2564",256.3,"Simu1","NIT",50,"cliver",0.246864331693526
"2565",256.4,"Simu1","NIT",50,"cliver",0.23690969280437
"2566",256.5,"Simu1","NIT",50,"cliver",0.227201423502033
"2567",256.6,"Simu1","NIT",50,"cliver",0.217743447591333
"2568",256.7,"Simu1","NIT",50,"cliver",0.208538927251395
"2569",256.8,"Simu1","NIT",50,"cliver",0.19959031764742
"2570",256.9,"Simu1","NIT",50,"cliver",0.190899415386509
"2571",257,"Simu1","NIT",50,"cliver",0.182467401155079
"2572",257.1,"Simu1","NIT",50,"cliver",0.174294876897548
"2573",257.2,"Simu1","NIT",50,"cliver",0.166381898037218
"2574",257.3,"Simu1","NIT",50,"cliver",0.158728001188492
"2575",257.4,"Simu1","NIT",50,"cliver",0.151332227986685
"2576",257.5,"Simu1","NIT",50,"cliver",0.144193145464901
"2577",257.6,"Simu1","NIT",50,"cliver",0.137308863990122
"2578",257.7,"Simu1","NIT",50,"cliver",0.130677052795747
"2579",257.8,"Simu1","NIT",50,"cliver",0.124294954970636
"2580",257.9,"Simu1","NIT",50,"cliver",0.118159402060707
"2581",258,"Simu1","NIT",50,"cliver",0.113308267504697
"2582",258.1,"Simu1","NIT",50,"cliver",0.378236406461269
"2583",258.2,"Simu1","NIT",50,"cliver",0.506103880147094
"2584",258.3,"Simu1","NIT",50,"cliver",0.548395232724368
"2585",258.4,"Simu1","NIT",50,"cliver",0.567951302831059
"2586",258.5,"Simu1","NIT",50,"cliver",0.579496080749165
"2587",258.6,"Simu1","NIT",50,"cliver",0.58697584684474
"2588",258.7,"Simu1","NIT",50,"cliver",0.591613969329602
"2589",258.8,"Simu1","NIT",50,"cliver",0.593922454394373
"2590",258.9,"Simu1","NIT",50,"cliver",0.59420990602478
"2591",259,"Simu1","NIT",50,"cliver",0.592716973941699
"2592",259.1,"Simu1","NIT",50,"cliver",0.589649055297118
"2593",259.2,"Simu1","NIT",50,"cliver",0.585188363427061
"2594",259.3,"Simu1","NIT",50,"cliver",0.579497916176512
"2595",259.4,"Simu1","NIT",50,"cliver",0.572724440382947
"2596",259.5,"Simu1","NIT",50,"cliver",0.565000192241054
"2597",259.6,"Simu1","NIT",50,"cliver",0.556444706149232
"2598",259.7,"Simu1","NIT",50,"cliver",0.547166124876469
"2599",259.8,"Simu1","NIT",50,"cliver",0.537262267570938
"2600",259.9,"Simu1","NIT",50,"cliver",0.526821772979861
"2601",260,"Simu1","NIT",50,"cliver",0.515925084179101
"2602",260.1,"Simu1","NIT",50,"cliver",0.504645227451767
"2603",260.2,"Simu1","NIT",50,"cliver",0.493048501741367
"2604",260.3,"Simu1","NIT",50,"cliver",0.481195105386359
"2605",260.4,"Simu1","NIT",50,"cliver",0.469139714083083
"2606",260.5,"Simu1","NIT",50,"cliver",0.456931995498413
"2607",260.6,"Simu1","NIT",50,"cliver",0.444617052653115
"2608",260.7,"Simu1","NIT",50,"cliver",0.432235817038194
"2609",260.8,"Simu1","NIT",50,"cliver",0.419825410354806
"2610",260.9,"Simu1","NIT",50,"cliver",0.407419474734197
"2611",261,"Simu1","NIT",50,"cliver",0.395048468799009
"2612",261.1,"Simu1","NIT",50,"cliver",0.382739933838461
"2613",261.2,"Simu1","NIT",50,"cliver",0.370518735840948
"2614",261.3,"Simu1","NIT",50,"cliver",0.358407286902177
"2615",261.4,"Simu1","NIT",50,"cliver",0.346425747924427
"2616",261.5,"Simu1","NIT",50,"cliver",0.33459221379345
"2617",261.6,"Simu1","NIT",50,"cliver",0.322922882353836
"2618",261.7,"Simu1","NIT",50,"cliver",0.31143220906857
"2619",261.8,"Simu1","NIT",50,"cliver",0.300133049118193
"2620",261.9,"Simu1","NIT",50,"cliver",0.289036788006608
"2621",262,"Simu1","NIT",50,"cliver",0.278153460743182
"2622",262.1,"Simu1","NIT",50,"cliver",0.267491861515129
"2623",262.2,"Simu1","NIT",50,"cliver",0.257059643688889
"2624",262.3,"Simu1","NIT",50,"cliver",0.246863411133777
"2625",262.4,"Simu1","NIT",50,"cliver",0.236908801343529
"2626",262.5,"Simu1","NIT",50,"cliver",0.22720056086828
"2627",262.6,"Simu1","NIT",50,"cliver",0.217742613470221
"2628",262.7,"Simu1","NIT",50,"cliver",0.208538121311853
"2629",262.8,"Simu1","NIT",50,"cliver",0.199589539544113
"2630",262.9,"Simu1","NIT",50,"cliver",0.190898664751486
"2631",263,"Simu1","NIT",50,"cliver",0.182466677589861
"2632",263.1,"Simu1","NIT",50,"cliver",0.174294179994053
"2633",263.2,"Simu1","NIT",50,"cliver",0.16638122736185
"2634",263.3,"Simu1","NIT",50,"cliver",0.158727356309506
"2635",263.4,"Simu1","NIT",50,"cliver",0.151331608416816
"2636",263.5,"Simu1","NIT",50,"cliver",0.144192550771495
"2637",263.6,"Simu1","NIT",50,"cliver",0.137308293580217
"2638",263.7,"Simu1","NIT",50,"cliver",0.130676506367351
"2639",263.8,"Simu1","NIT",50,"cliver",0.124294431832775
"2640",263.9,"Simu1","NIT",50,"cliver",0.118158901240422
"2641",264,"Simu1","NIT",50,"cliver",0.113307797043021
"2642",264.1,"Simu1","NIT",50,"cliver",0.378235927236435
"2643",264.2,"Simu1","NIT",50,"cliver",0.506104777319885
"2644",264.3,"Simu1","NIT",50,"cliver",0.548396732893169
"2645",264.4,"Simu1","NIT",50,"cliver",0.567952743811678
"2646",264.5,"Simu1","NIT",50,"cliver",0.579497810961704
"2647",264.6,"Simu1","NIT",50,"cliver",0.586978100481465
"2648",264.7,"Simu1","NIT",50,"cliver",0.591616496396274
"2649",264.8,"Simu1","NIT",50,"cliver",0.593924516326764
"2650",264.9,"Simu1","NIT",50,"cliver",0.594212084127689
"2651",265,"Simu1","NIT",50,"cliver",0.592719097002319
"2652",265.1,"Simu1","NIT",50,"cliver",0.589651275249264
"2653",265.2,"Simu1","NIT",50,"cliver",0.585190568714426
"2654",265.3,"Simu1","NIT",50,"cliver",0.579500114248296
"2655",265.4,"Simu1","NIT",50,"cliver",0.572726606241594
"2656",265.5,"Simu1","NIT",50,"cliver",0.565002334929859
"2657",265.6,"Simu1","NIT",50,"cliver",0.5564468889572
"2658",265.7,"Simu1","NIT",50,"cliver",0.547168322992384
"2659",265.8,"Simu1","NIT",50,"cliver",0.537264439050788
"2660",265.9,"Simu1","NIT",50,"cliver",0.526823909405928
"2661",266,"Simu1","NIT",50,"cliver",0.515927198515056
"2662",266.1,"Simu1","NIT",50,"cliver",0.504647330479655
"2663",266.2,"Simu1","NIT",50,"cliver",0.493050587285308
"2664",266.3,"Simu1","NIT",50,"cliver",0.481197160979304
"2665",266.4,"Simu1","NIT",50,"cliver",0.469141735607924
"2666",266.5,"Simu1","NIT",50,"cliver",0.456933985498099
"2667",266.6,"Simu1","NIT",50,"cliver",0.444619011745766
"2668",266.7,"Simu1","NIT",50,"cliver",0.432237742125692
"2669",266.8,"Simu1","NIT",50,"cliver",0.419827298147007
"2670",266.9,"Simu1","NIT",50,"cliver",0.407421323967014
"2671",267,"Simu1","NIT",50,"cliver",0.395050279462014
"2672",267.1,"Simu1","NIT",50,"cliver",0.382741705581059
"2673",267.2,"Simu1","NIT",50,"cliver",0.370520467604547
"2674",267.3,"Simu1","NIT",50,"cliver",0.358408977707182
"2675",267.4,"Simu1","NIT",50,"cliver",0.346427397414565
"2676",267.5,"Simu1","NIT",50,"cliver",0.334593821943608
"2677",267.6,"Simu1","NIT",50,"cliver",0.322924449031593
"2678",267.7,"Simu1","NIT",50,"cliver",0.311433734052525
"2679",267.8,"Simu1","NIT",50,"cliver",0.30013453243374
"2680",267.9,"Simu1","NIT",50,"cliver",0.289038229646117
"2681",268,"Simu1","NIT",50,"cliver",0.278154860838322
"2682",268.1,"Simu1","NIT",50,"cliver",0.267493220272672
"2683",268.2,"Simu1","NIT",50,"cliver",0.257060961384252
"2684",268.3,"Simu1","NIT",50,"cliver",0.246864688078261
"2685",268.4,"Simu1","NIT",50,"cliver",0.236910037871059
"2686",268.5,"Simu1","NIT",50,"cliver",0.227201757363394
"2687",268.6,"Simu1","NIT",50,"cliver",0.217743770374385
"2688",268.7,"Simu1","NIT",50,"cliver",0.208539239089148
"2689",268.8,"Simu1","NIT",50,"cliver",0.199590618678497
"2690",268.9,"Simu1","NIT",50,"cliver",0.190899705758787
"2691",269,"Simu1","NIT",50,"cliver",0.182467681025858
"2692",269.1,"Simu1","NIT",50,"cliver",0.174295146429745
"2693",269.2,"Simu1","NIT",50,"cliver",0.166382157400122
"2694",269.3,"Simu1","NIT",50,"cliver",0.158728250556878
"2695",269.4,"Simu1","NIT",50,"cliver",0.151332467544176
"2696",269.5,"Simu1","NIT",50,"cliver",0.144193375397725
"2697",269.6,"Simu1","NIT",50,"cliver",0.13730908449678
"2698",269.7,"Simu1","NIT",50,"cliver",0.130677264059475
"2699",269.8,"Simu1","NIT",50,"cliver",0.124295157223155
"2700",269.9,"Simu1","NIT",50,"cliver",0.118159595337331
"2701",270,"Simu1","NIT",50,"cliver",0.113308461554914
"2702",270.1,"Simu1","NIT",50,"cliver",0.378236578940614
"2703",270.2,"Simu1","NIT",50,"cliver",0.506105441148153
"2704",270.3,"Simu1","NIT",50,"cliver",0.548397536005916
"2705",270.4,"Simu1","NIT",50,"cliver",0.567954565686098
"2706",270.5,"Simu1","NIT",50,"cliver",0.579498251414675
"2707",270.6,"Simu1","NIT",50,"cliver",0.586978534380257
"2708",270.7,"Simu1","NIT",50,"cliver",0.59161700969021
"2709",270.8,"Simu1","NIT",50,"cliver",0.593925083566023
"2710",270.9,"Simu1","NIT",50,"cliver",0.5942125482082
"2711",271,"Simu1","NIT",50,"cliver",0.592719648146728
"2712",271.1,"Simu1","NIT",50,"cliver",0.589651739867528
"2713",271.2,"Simu1","NIT",50,"cliver",0.585190981174694
"2714",271.3,"Simu1","NIT",50,"cliver",0.579500452523473
"2715",271.4,"Simu1","NIT",50,"cliver",0.572726915468022
"2716",271.5,"Simu1","NIT",50,"cliver",0.565002717782006
"2717",271.6,"Simu1","NIT",50,"cliver",0.556447297721416
"2718",271.7,"Simu1","NIT",50,"cliver",0.547168681570632
"2719",271.8,"Simu1","NIT",50,"cliver",0.537264749588297
"2720",271.9,"Simu1","NIT",50,"cliver",0.526824219556459
"2721",272,"Simu1","NIT",50,"cliver",0.515927528222058
"2722",272.1,"Simu1","NIT",50,"cliver",0.504647660880782
"2723",272.2,"Simu1","NIT",50,"cliver",0.493050900040034
"2724",272.3,"Simu1","NIT",50,"cliver",0.481197459784094
"2725",272.4,"Simu1","NIT",50,"cliver",0.469142031103239
"2726",272.5,"Simu1","NIT",50,"cliver",0.456934278642819
"2727",272.6,"Simu1","NIT",50,"cliver",0.444619296982708
"2728",272.7,"Simu1","NIT",50,"cliver",0.432238017027446
"2729",272.8,"Simu1","NIT",50,"cliver",0.419827564615599
"2730",272.9,"Simu1","NIT",50,"cliver",0.407421583711574
"2731",273,"Simu1","NIT",50,"cliver",0.395050532044739
"2732",273.1,"Simu1","NIT",50,"cliver",0.382741950060599
"2733",273.2,"Simu1","NIT",50,"cliver",0.370520703966603
"2734",273.3,"Simu1","NIT",50,"cliver",0.358409206467881
"2735",273.4,"Simu1","NIT",50,"cliver",0.346427618821301
"2736",273.5,"Simu1","NIT",50,"cliver",0.334594035952816
"2737",273.6,"Simu1","NIT",50,"cliver",0.322924655732781
"2738",273.7,"Simu1","NIT",50,"cliver",0.311433933722804
"2739",273.8,"Simu1","NIT",50,"cliver",0.30013472502734
"2740",273.9,"Simu1","NIT",50,"cliver",0.289038415233632
"2741",274,"Simu1","NIT",50,"cliver",0.278155039622182
"2742",274.1,"Simu1","NIT",50,"cliver",0.267493392482602
"2743",274.2,"Simu1","NIT",50,"cliver",0.257061127170918
"2744",274.3,"Simu1","NIT",50,"cliver",0.246864847538028
"2745",274.4,"Simu1","NIT",50,"cliver",0.236910191148794
"2746",274.5,"Simu1","NIT",50,"cliver",0.227201904651092
"2747",274.6,"Simu1","NIT",50,"cliver",0.217743911830967
"2748",274.7,"Simu1","NIT",50,"cliver",0.20853937483908
"2749",274.8,"Simu1","NIT",50,"cliver",0.199590748860664
"2750",274.9,"Simu1","NIT",50,"cliver",0.19089983053496
"2751",275,"Simu1","NIT",50,"cliver",0.182467800546985
"2752",275.1,"Simu1","NIT",50,"cliver",0.174295260836688
"2753",275.2,"Simu1","NIT",50,"cliver",0.166382266827126
"2754",275.3,"Simu1","NIT",50,"cliver",0.158728355155498
"2755",275.4,"Simu1","NIT",50,"cliver",0.151332567444537
"2756",275.5,"Simu1","NIT",50,"cliver",0.144193470765389
"2757",275.6,"Simu1","NIT",50,"cliver",0.137309175376037
"2758",275.7,"Simu1","NIT",50,"cliver",0.13067735071977
"2759",275.8,"Simu1","NIT",50,"cliver",0.124295239925443
"2760",275.9,"Simu1","NIT",50,"cliver",0.118159688233391
"2761",276,"Simu1","NIT",50,"cliver",0.113308753628054
"2762",276.1,"Simu1","NIT",50,"cliver",0.378236558226287
"2763",276.2,"Simu1","NIT",50,"cliver",0.506103690417029
"2764",276.3,"Simu1","NIT",50,"cliver",0.54839454350643
"2765",276.4,"Simu1","NIT",50,"cliver",0.567950256963196
"2766",276.5,"Simu1","NIT",50,"cliver",0.579494932763126
"2767",276.6,"Simu1","NIT",50,"cliver",0.586975141844343
"2768",276.7,"Simu1","NIT",50,"cliver",0.591613803617931
"2769",276.8,"Simu1","NIT",50,"cliver",0.593921799357501
"2770",276.9,"Simu1","NIT",50,"cliver",0.594209363035889
"2771",277,"Simu1","NIT",50,"cliver",0.592716320415054
"2772",277.1,"Simu1","NIT",50,"cliver",0.589648398501759
"2773",277.2,"Simu1","NIT",50,"cliver",0.585187697795573
"2774",277.3,"Simu1","NIT",50,"cliver",0.579497240338223
"2775",277.4,"Simu1","NIT",50,"cliver",0.572723758892579
"2776",277.5,"Simu1","NIT",50,"cliver",0.564999510060002
"2777",277.6,"Simu1","NIT",50,"cliver",0.556444029602421
"2778",277.7,"Simu1","NIT",50,"cliver",0.547165451623814
"2779",277.8,"Simu1","NIT",50,"cliver",0.537261595397554
"2780",277.9,"Simu1","NIT",50,"cliver",0.526821104213265
"2781",278,"Simu1","NIT",50,"cliver",0.515924420250261
"2782",278.1,"Simu1","NIT",50,"cliver",0.504644570686694
"2783",278.2,"Simu1","NIT",50,"cliver",0.493047854045524
"2784",278.3,"Simu1","NIT",50,"cliver",0.481194467048607
"2785",278.4,"Simu1","NIT",50,"cliver",0.469139085029679
"2786",278.5,"Simu1","NIT",50,"cliver",0.45693137621041
"2787",278.6,"Simu1","NIT",50,"cliver",0.444616444038718
"2788",278.7,"Simu1","NIT",50,"cliver",0.432235219912316
"2789",278.8,"Simu1","NIT",50,"cliver",0.419824824981831
"2790",278.9,"Simu1","NIT",50,"cliver",0.407418901060364
"2791",279,"Simu1","NIT",50,"cliver",0.395047907049885
"2792",279.1,"Simu1","NIT",50,"cliver",0.382739384509554
"2793",279.2,"Simu1","NIT",50,"cliver",0.37051819922477
"2794",279.3,"Simu1","NIT",50,"cliver",0.358406762994427
"2795",279.4,"Simu1","NIT",50,"cliver",0.34642523672845
"2796",279.5,"Simu1","NIT",50,"cliver",0.334591715449896
"2797",279.6,"Simu1","NIT",50,"cliver",0.322922396988051
"2798",279.7,"Simu1","NIT",50,"cliver",0.31143173668385
"2799",279.8,"Simu1","NIT",50,"cliver",0.300132589665463
"2800",279.9,"Simu1","NIT",50,"cliver",0.289036341460031
"2801",280,"Simu1","NIT",50,"cliver",0.278153027065147
"2802",280.1,"Simu1","NIT",50,"cliver",0.267491440649089
"2803",280.2,"Simu1","NIT",50,"cliver",0.257059235546938
"2804",280.3,"Simu1","NIT",50,"cliver",0.246863015613863
"2805",280.4,"Simu1","NIT",50,"cliver",0.236908418338415
"2806",280.5,"Simu1","NIT",50,"cliver",0.227200190259311
"2807",280.6,"Simu1","NIT",50,"cliver",0.217742255123771
"2808",280.7,"Simu1","NIT",50,"cliver",0.208537775082468
"2809",280.8,"Simu1","NIT",50,"cliver",0.199589205278275
"2810",280.9,"Simu1","NIT",50,"cliver",0.190898342288766
"2811",281,"Simu1","NIT",50,"cliver",0.18246636676148
"2812",281.1,"Simu1","NIT",50,"cliver",0.174293880622123
"2813",281.2,"Simu1","NIT",50,"cliver",0.166380939261002
"2814",281.3,"Simu1","NIT",50,"cliver",0.15872707928772
"2815",281.4,"Simu1","NIT",50,"cliver",0.151331342275924
"2816",281.5,"Simu1","NIT",50,"cliver",0.144192295303951
"2817",281.6,"Simu1","NIT",50,"cliver",0.137308048575589
"2818",281.7,"Simu1","NIT",50,"cliver",0.13067627159791
"2819",281.8,"Simu1","NIT",50,"cliver",0.12429420706649
"2820",281.9,"Simu1","NIT",50,"cliver",0.118158686248489
"2821",282,"Simu1","NIT",50,"cliver",0.113307586667281
"2822",282.1,"Simu1","NIT",50,"cliver",0.378235385848385
"2823",282.2,"Simu1","NIT",50,"cliver",0.506102468266858
"2824",282.3,"Simu1","NIT",50,"cliver",0.54839326167496
"2825",282.4,"Simu1","NIT",50,"cliver",0.567949064205446
"2826",282.5,"Simu1","NIT",50,"cliver",0.579493761068929
"2827",282.6,"Simu1","NIT",50,"cliver",0.586974001892399
"2828",282.7,"Simu1","NIT",50,"cliver",0.591612676455429
"2829",282.8,"Simu1","NIT",50,"cliver",0.593920777610963
"2830",282.9,"Simu1","NIT",50,"cliver",0.594208315111356
"2831",283,"Simu1","NIT",50,"cliver",0.592715370300876
"2832",283.1,"Simu1","NIT",50,"cliver",0.589647428166945
"2833",283.2,"Simu1","NIT",50,"cliver",0.5851867424952
"2834",283.3,"Simu1","NIT",50,"cliver",0.579496333060392
"2835",283.4,"Simu1","NIT",50,"cliver",0.572722886065395
"2836",283.5,"Simu1","NIT",50,"cliver",0.564998703744906
"2837",283.6,"Simu1","NIT",50,"cliver",0.556443246511061
"2838",283.7,"Simu1","NIT",50,"cliver",0.547164657092201
"2839",283.8,"Simu1","NIT",50,"cliver",0.537260813732172
"2840",283.9,"Simu1","NIT",50,"cliver",0.526820359621867
"2841",284,"Simu1","NIT",50,"cliver",0.515923705618004
"2842",284.1,"Simu1","NIT",50,"cliver",0.504643874070038
"2843",284.2,"Simu1","NIT",50,"cliver",0.493047170243057
"2844",284.3,"Simu1","NIT",50,"cliver",0.481193801460928
"2845",284.4,"Simu1","NIT",50,"cliver",0.469138442956313
"2846",284.5,"Simu1","NIT",50,"cliver",0.456930755885867
"2847",284.6,"Simu1","NIT",50,"cliver",0.444615841657817
"2848",284.7,"Simu1","NIT",50,"cliver",0.432234634879453
"2849",284.8,"Simu1","NIT",50,"cliver",0.419824258677932
"2850",284.9,"Simu1","NIT",50,"cliver",0.407418353938558
"2851",285,"Simu1","NIT",50,"cliver",0.395047378216756
"2852",285.1,"Simu1","NIT",50,"cliver",0.382738872955205
"2853",285.2,"Simu1","NIT",50,"cliver",0.370517704606051
"2854",285.3,"Simu1","NIT",50,"cliver",0.358406285324998
"2855",285.4,"Simu1","NIT",50,"cliver",0.346424775771236
"2856",285.5,"Simu1","NIT",50,"cliver",0.334591270655892
"2857",285.6,"Simu1","NIT",50,"cliver",0.32292196784481
"2858",285.7,"Simu1","NIT",50,"cliver",0.311431322869043
"2859",285.8,"Simu1","NIT",50,"cliver",0.30013219088306
"2860",285.9,"Simu1","NIT",50,"cliver",0.289035957250068
"2861",286,"Simu1","NIT",50,"cliver",0.278152657164349
"2862",286.1,"Simu1","NIT",50,"cliver",0.267491084680971
"2863",286.2,"Simu1","NIT",50,"cliver",0.257058893148072
"2864",286.3,"Simu1","NIT",50,"cliver",0.246862686413429
"2865",286.4,"Simu1","NIT",50,"cliver",0.236908101989539
"2866",286.5,"Simu1","NIT",50,"cliver",0.227199886439201
"2867",286.6,"Simu1","NIT",50,"cliver",0.217741963498531
"2868",286.7,"Simu1","NIT",50,"cliver",0.208537495310087
"2869",286.8,"Simu1","NIT",50,"cliver",0.199588937040344
"2870",286.9,"Simu1","NIT",50,"cliver",0.190898085276187
"2871",287,"Simu1","NIT",50,"cliver",0.182466120665141
"2872",287.1,"Simu1","NIT",50,"cliver",0.174293645127312
"2873",287.2,"Simu1","NIT",50,"cliver",0.166380714073558
"2874",287.3,"Simu1","NIT",50,"cliver",0.158726864101889
"2875",287.4,"Simu1","NIT",50,"cliver",0.151331136818382
"2876",287.5,"Simu1","NIT",50,"cliver",0.144192099246878
"2877",287.6,"Simu1","NIT",50,"cliver",0.137307861703734
"2878",287.7,"Simu1","NIT",50,"cliver",0.130676093479926
"2879",287.8,"Simu1","NIT",50,"cliver",0.124294037808289
"2880",287.9,"Simu1","NIT",50,"cliver",0.118158524930567
"2881",288,"Simu1","NIT",50,"cliver",0.113307429820041
"2882",288.1,"Simu1","NIT",50,"cliver",0.378235588285185
"2883",288.2,"Simu1","NIT",50,"cliver",0.50610306759513
"2884",288.3,"Simu1","NIT",50,"cliver",0.548394522496793
"2885",288.4,"Simu1","NIT",50,"cliver",0.567950589574645
"2886",288.5,"Simu1","NIT",50,"cliver",0.579495933144466
"2887",288.6,"Simu1","NIT",50,"cliver",0.586974918591638
"2888",288.7,"Simu1","NIT",50,"cliver",0.591613762062313
"2889",288.8,"Simu1","NIT",50,"cliver",0.593921711594056
"2890",288.9,"Simu1","NIT",50,"cliver",0.594209266794596
"2891",289,"Simu1","NIT",50,"cliver",0.592716318691918
"2892",289.1,"Simu1","NIT",50,"cliver",0.589648456920729
"2893",289.2,"Simu1","NIT",50,"cliver",0.585187722641508
"2894",289.3,"Simu1","NIT",50,"cliver",0.579497241505012
"2895",289.4,"Simu1","NIT",50,"cliver",0.572723699685334
"2896",289.5,"Simu1","NIT",50,"cliver",0.56499949302788
"2897",289.6,"Simu1","NIT",50,"cliver",0.556444119124162
"2898",289.7,"Simu1","NIT",50,"cliver",0.547165573135364
"2899",289.8,"Simu1","NIT",50,"cliver",0.537261697328103
"2900",289.9,"Simu1","NIT",50,"cliver",0.526821208151078
"2901",290,"Simu1","NIT",50,"cliver",0.515924559911648
"2902",290.1,"Simu1","NIT",50,"cliver",0.504644745782876
"2903",290.2,"Simu1","NIT",50,"cliver",0.493048039928563
"2904",290.3,"Simu1","NIT",50,"cliver",0.481194651214407
"2905",290.4,"Simu1","NIT",50,"cliver",0.469139273184566
"2906",290.5,"Simu1","NIT",50,"cliver",0.456931575056253
"2907",290.6,"Simu1","NIT",50,"cliver",0.444616651528935
"2908",290.7,"Simu1","NIT",50,"cliver",0.432235430116539
"2909",290.8,"Simu1","NIT",50,"cliver",0.419825036389261
"2910",290.9,"Simu1","NIT",50,"cliver",0.407419114288976
"2911",291,"Simu1","NIT",50,"cliver",0.395048123326339
"2912",291.1,"Simu1","NIT",50,"cliver",0.382739601629757
"2913",291.2,"Simu1","NIT",50,"cliver",0.370518416988187
"2914",291.3,"Simu1","NIT",50,"cliver",0.35840697916553
"2915",291.4,"Simu1","NIT",50,"cliver",0.346425453404736
"2916",291.5,"Simu1","NIT",50,"cliver",0.334591929326859
"2917",291.6,"Simu1","NIT",50,"cliver",0.322922612519278
"2918",291.7,"Simu1","NIT",50,"cliver",0.311431954832782
"2919",291.8,"Simu1","NIT",50,"cliver",0.300132804603278
"2920",291.9,"Simu1","NIT",50,"cliver",0.289036547333859
"2921",292,"Simu1","NIT",50,"cliver",0.278153229874627
"2922",292.1,"Simu1","NIT",50,"cliver",0.267491644201403
"2923",292.2,"Simu1","NIT",50,"cliver",0.257059434801339
"2924",292.3,"Simu1","NIT",50,"cliver",0.246863208174127
"2925",292.4,"Simu1","NIT",50,"cliver",0.23690860746145
"2926",292.5,"Simu1","NIT",50,"cliver",0.227200376881778
"2927",292.6,"Simu1","NIT",50,"cliver",0.21774243711011
"2928",292.7,"Simu1","NIT",50,"cliver",0.208537951657118
"2929",292.8,"Simu1","NIT",50,"cliver",0.199589377601351
"2930",292.9,"Simu1","NIT",50,"cliver",0.190898510421292
"2931",293,"Simu1","NIT",50,"cliver",0.18246653028459
"2932",293.1,"Simu1","NIT",50,"cliver",0.17429403893222
"2933",293.2,"Simu1","NIT",50,"cliver",0.166381093297192
"2934",293.3,"Simu1","NIT",50,"cliver",0.158727227891696
"2935",293.4,"Simu1","NIT",50,"cliver",0.151331487554446
"2936",293.5,"Simu1","NIT",50,"cliver",0.144192432823132
"2937",293.6,"Simu1","NIT",50,"cliver",0.137308190552502
"2938",293.7,"Simu1","NIT",50,"cliver",0.130676419823546
"2939",293.8,"Simu1","NIT",50,"cliver",0.124294346952981
"2940",293.9,"Simu1","NIT",50,"cliver",0.118158807427353
"2941",294,"Simu1","NIT",50,"cliver",0.11330770697611
"2942",294.1,"Simu1","NIT",50,"cliver",0.378236095536999
"2943",294.2,"Simu1","NIT",50,"cliver",0.50610491898157
"2944",294.3,"Simu1","NIT",50,"cliver",0.548396149408165
"2945",294.4,"Simu1","NIT",50,"cliver",0.567952348087359
"2946",294.5,"Simu1","NIT",50,"cliver",0.579497256722135
"2947",294.6,"Simu1","NIT",50,"cliver",0.586977496111304
"2948",294.7,"Simu1","NIT",50,"cliver",0.591615908985101
"2949",294.8,"Simu1","NIT",50,"cliver",0.593923847155819
"2950",294.9,"Simu1","NIT",50,"cliver",0.59421143327827
"2951",295,"Simu1","NIT",50,"cliver",0.592718401314757
"2952",295.1,"Simu1","NIT",50,"cliver",0.589650564308681
"2953",295.2,"Simu1","NIT",50,"cliver",0.585189887641784
"2954",295.3,"Simu1","NIT",50,"cliver",0.5794994340825
"2955",295.4,"Simu1","NIT",50,"cliver",0.572725951073024
"2956",295.5,"Simu1","NIT",50,"cliver",0.565001698434953
"2957",295.6,"Simu1","NIT",50,"cliver",0.556446239972164
"2958",295.7,"Simu1","NIT",50,"cliver",0.547167675347722
"2959",295.8,"Simu1","NIT",50,"cliver",0.537263807431097
"2960",295.9,"Simu1","NIT",50,"cliver",0.526823292123001
"2961",296,"Simu1","NIT",50,"cliver",0.51592659044816
"2962",296.1,"Simu1","NIT",50,"cliver",0.50464672876346
"2963",296.2,"Simu1","NIT",50,"cliver",0.493049995151557
"2964",296.3,"Simu1","NIT",50,"cliver",0.481196581881859
"2965",296.4,"Simu1","NIT",50,"cliver",0.469141169103086
"2966",296.5,"Simu1","NIT",50,"cliver",0.456933430024178
"2967",296.6,"Simu1","NIT",50,"cliver",0.444618467442684
"2968",296.7,"Simu1","NIT",50,"cliver",0.432237210083211
"2969",296.8,"Simu1","NIT",50,"cliver",0.419826778863954
"2970",296.9,"Simu1","NIT",50,"cliver",0.407420817225063
"2971",297,"Simu1","NIT",50,"cliver",0.395049785029708
"2972",297.1,"Simu1","NIT",50,"cliver",0.382741223563381
"2973",297.2,"Simu1","NIT",50,"cliver",0.370519998204066
"2974",297.3,"Simu1","NIT",50,"cliver",0.358408520937913
"2975",297.4,"Simu1","NIT",50,"cliver",0.346426953144754
"2976",297.5,"Simu1","NIT",50,"cliver",0.334593390075227
"2977",297.6,"Simu1","NIT",50,"cliver",0.32292402952829
"2978",297.7,"Simu1","NIT",50,"cliver",0.311433326848915
"2979",297.8,"Simu1","NIT",50,"cliver",0.300134137353187
"2980",297.9,"Simu1","NIT",50,"cliver",0.289037846648167
"2981",298,"Simu1","NIT",50,"cliver",0.278154489777066
"2982",298.1,"Simu1","NIT",50,"cliver",0.267492861005888
"2983",298.2,"Simu1","NIT",50,"cliver",0.25706061374942
"2984",298.3,"Simu1","NIT",50,"cliver",0.246864351915511
"2985",298.4,"Simu1","NIT",50,"cliver",0.236909713027192
"2986",298.5,"Simu1","NIT",50,"cliver",0.227201443668965
"2987",298.6,"Simu1","NIT",50,"cliver",0.21774346764597
"2988",298.7,"Simu1","NIT",50,"cliver",0.208538947148635
"2989",298.8,"Simu1","NIT",50,"cliver",0.199590337346321
"2990",298.9,"Simu1","NIT",50,"cliver",0.190899434848536
"2991",299,"Simu1","NIT",50,"cliver",0.18246742034282
"2992",299.1,"Simu1","NIT",50,"cliver",0.174294895782779
"2993",299.2,"Simu1","NIT",50,"cliver",0.166381916588636
"2994",299.3,"Simu1","NIT",50,"cliver",0.158728019388246
"2995",299.4,"Simu1","NIT",50,"cliver",0.151332245800474
"2996",299.5,"Simu1","NIT",50,"cliver",0.144193162897968
"2997",299.6,"Simu1","NIT",50,"cliver",0.137308880977652
"2998",299.7,"Simu1","NIT",50,"cliver",0.130677069425395
"2999",299.8,"Simu1","NIT",50,"cliver",0.124294971119399
"3000",299.9,"Simu1","NIT",50,"cliver",0.118159430653892
"3001",300,"Simu1","NIT",50,"cliver",0.113308513706561
"3002",300.1,"Simu1","NIT",50,"cliver",0.378236320376498
"3003",300.2,"Simu1","NIT",50,"cliver",0.506103447749644
"3004",300.3,"Simu1","NIT",50,"cliver",0.5483943015499
"3005",300.4,"Simu1","NIT",50,"cliver",0.567950027597852
"3006",300.5,"Simu1","NIT",50,"cliver",0.57949470397921
"3007",300.6,"Simu1","NIT",50,"cliver",0.586974919102098
"3008",300.7,"Simu1","NIT",50,"cliver",0.591613583464936
"3009",300.8,"Simu1","NIT",50,"cliver",0.593921602385154
"3010",300.9,"Simu1","NIT",50,"cliver",0.594209160263392
"3011",301,"Simu1","NIT",50,"cliver",0.592716135677922
"3012",301.1,"Simu1","NIT",50,"cliver",0.589648209365533
"3013",301.2,"Simu1","NIT",50,"cliver",0.585187522821669
"3014",301.3,"Simu1","NIT",50,"cliver",0.57949706852201
"3015",301.4,"Simu1","NIT",50,"cliver",0.572723595387639
"3016",301.5,"Simu1","NIT",50,"cliver",0.564999357503316
"3017",301.6,"Simu1","NIT",50,"cliver",0.556443878566445
"3018",301.7,"Simu1","NIT",50,"cliver",0.547165301535868
"3019",301.8,"Simu1","NIT",50,"cliver",0.537261450202425
"3020",301.9,"Simu1","NIT",50,"cliver",0.526820966533057
"3021",302,"Simu1","NIT",50,"cliver",0.515924288006702
"3022",302.1,"Simu1","NIT",50,"cliver",0.504644441656971
"3023",302.2,"Simu1","NIT",50,"cliver",0.493047728051944
"3024",302.3,"Simu1","NIT",50,"cliver",0.481194345229101
"3025",302.4,"Simu1","NIT",50,"cliver",0.46913896792034
"3026",302.5,"Simu1","NIT",50,"cliver",0.45693126323573
"3027",302.6,"Simu1","NIT",50,"cliver",0.444616334579035
"3028",302.7,"Simu1","NIT",50,"cliver",0.432235113976376
"3029",302.8,"Simu1","NIT",50,"cliver",0.419824722804033
"3030",302.9,"Simu1","NIT",50,"cliver",0.4074188026158
"3031",303,"Simu1","NIT",50,"cliver",0.395047812105132
"3032",303.1,"Simu1","NIT",50,"cliver",0.382739292886719
"3033",303.2,"Simu1","NIT",50,"cliver",0.370518110877245
"3034",303.3,"Simu1","NIT",50,"cliver",0.358406677899343
"3035",303.4,"Simu1","NIT",50,"cliver",0.346425154800615
"3036",303.5,"Simu1","NIT",50,"cliver",0.334591636567583
"3037",303.6,"Simu1","NIT",50,"cliver",0.322922321052822
"3038",303.7,"Simu1","NIT",50,"cliver",0.311431663627537
"3039",303.8,"Simu1","NIT",50,"cliver",0.300132519414247
"3040",303.9,"Simu1","NIT",50,"cliver",0.289036273924309
"3041",304,"Simu1","NIT",50,"cliver",0.278152962175553
"3042",304.1,"Simu1","NIT",50,"cliver",0.267491378329524
"3043",304.2,"Simu1","NIT",50,"cliver",0.257059175720152
"3044",304.3,"Simu1","NIT",50,"cliver",0.24686295820435
"3045",304.4,"Simu1","NIT",50,"cliver",0.236908363275507
"3046",304.5,"Simu1","NIT",50,"cliver",0.227200137475791
"3047",304.6,"Simu1","NIT",50,"cliver",0.217742204551332
"3048",304.7,"Simu1","NIT",50,"cliver",0.208537726652979
"3049",304.8,"Simu1","NIT",50,"cliver",0.199589158927528
"3050",304.9,"Simu1","NIT",50,"cliver",0.19089829795489
"3051",305,"Simu1","NIT",50,"cliver",0.182466324382551
"3052",305.1,"Simu1","NIT",50,"cliver",0.174293840136882
"3053",305.2,"Simu1","NIT",50,"cliver",0.166380900610337
"3054",305.3,"Simu1","NIT",50,"cliver",0.158727042414004
"3055",305.4,"Simu1","NIT",50,"cliver",0.151331307122001
"3056",305.5,"Simu1","NIT",50,"cliver",0.144192261814188
"3057",305.6,"Simu1","NIT",50,"cliver",0.137308016693287
"3058",305.7,"Simu1","NIT",50,"cliver",0.130676241273333
"3059",305.8,"Simu1","NIT",50,"cliver",0.124294178258728
"3060",305.9,"Simu1","NIT",50,"cliver",0.118158658901254
"3061",306,"Simu1","NIT",50,"cliver",0.113307564128742
"3062",306.1,"Simu1","NIT",50,"cliver",0.378235512421847
"3063",306.2,"Simu1","NIT",50,"cliver",0.506104084386863
"3064",306.3,"Simu1","NIT",50,"cliver",0.548395699704227
"3065",306.4,"Simu1","NIT",50,"cliver",0.567952616987806
"3066",306.5,"Simu1","NIT",50,"cliver",0.579497368493982
"3067",306.6,"Simu1","NIT",50,"cliver",0.586976921186459
"3068",306.7,"Simu1","NIT",50,"cliver",0.591615079479294
"3069",306.8,"Simu1","NIT",50,"cliver",0.593923223538677
"3070",306.9,"Simu1","NIT",50,"cliver",0.594210246543027
"3071",307,"Simu1","NIT",50,"cliver",0.592718031873102
"3072",307.1,"Simu1","NIT",50,"cliver",0.589650439740882
"3073",307.2,"Simu1","NIT",50,"cliver",0.585189718701228
"3074",307.3,"Simu1","NIT",50,"cliver",0.579499119937675
"3075",307.4,"Simu1","NIT",50,"cliver",0.572725861095481
"3076",307.5,"Simu1","NIT",50,"cliver",0.56500154883846
"3077",307.6,"Simu1","NIT",50,"cliver",0.556445983916046
"3078",307.7,"Simu1","NIT",50,"cliver",0.547167510779276
"3079",307.8,"Simu1","NIT",50,"cliver",0.537263669027331
"3080",307.9,"Simu1","NIT",50,"cliver",0.526823105543355
"3081",308,"Simu1","NIT",50,"cliver",0.51592641511004
"3082",308.1,"Simu1","NIT",50,"cliver",0.504646618635606
"3083",308.2,"Simu1","NIT",50,"cliver",0.493049907870738
"3084",308.3,"Simu1","NIT",50,"cliver",0.48119647452907
"3085",308.4,"Simu1","NIT",50,"cliver",0.469141047998074
"3086",308.5,"Simu1","NIT",50,"cliver",0.456933322505338
"3087",308.6,"Simu1","NIT",50,"cliver",0.444618380115972
"3088",308.7,"Simu1","NIT",50,"cliver",0.432237127822703
"3089",308.8,"Simu1","NIT",50,"cliver",0.419826691081286
"3090",308.9,"Simu1","NIT",50,"cliver",0.407420728184719
"3091",309,"Simu1","NIT",50,"cliver",0.395049702565402
"3092",309.1,"Simu1","NIT",50,"cliver",0.382741148041351
"3093",309.2,"Simu1","NIT",50,"cliver",0.370519925091425
"3094",309.3,"Simu1","NIT",50,"cliver",0.358408448058737
"3095",309.4,"Simu1","NIT",50,"cliver",0.346426882469174
"3096",309.5,"Simu1","NIT",50,"cliver",0.334593323341851
"3097",309.6,"Simu1","NIT",50,"cliver",0.322923966592473
"3098",309.7,"Simu1","NIT",50,"cliver",0.311433265842358
"3099",309.8,"Simu1","NIT",50,"cliver",0.300134075396193
"3100",309.9,"Simu1","NIT",50,"cliver",0.289037786698741
"3101",310,"Simu1","NIT",50,"cliver",0.278154435981503
"3102",310.1,"Simu1","NIT",50,"cliver",0.26749281173751
"3103",310.2,"Simu1","NIT",50,"cliver",0.257060563780823
"3104",310.3,"Simu1","NIT",50,"cliver",0.246864302447172
"3105",310.4,"Simu1","NIT",50,"cliver",0.236909667937954
"3106",310.5,"Simu1","NIT",50,"cliver",0.227201401736409
"3107",310.6,"Simu1","NIT",50,"cliver",0.217743426162808
"3108",310.7,"Simu1","NIT",50,"cliver",0.208538906870966
"3109",310.8,"Simu1","NIT",50,"cliver",0.199590299811185
"3110",310.9,"Simu1","NIT",50,"cliver",0.190899399480238
"3111",311,"Simu1","NIT",50,"cliver",0.18246738617384
"3112",311.1,"Simu1","NIT",50,"cliver",0.17429486299535
"3113",311.2,"Simu1","NIT",50,"cliver",0.166381885667608
"3114",311.3,"Simu1","NIT",50,"cliver",0.15872799005573
"3115",311.4,"Simu1","NIT",50,"cliver",0.151332217931508
"3116",311.5,"Simu1","NIT",50,"cliver",0.144193136083212
"3117",311.6,"Simu1","NIT",50,"cliver",0.13730885620094
"3118",311.7,"Simu1","NIT",50,"cliver",0.130677044512343
"3119",311.8,"Simu1","NIT",50,"cliver",0.124294939653803
"3120",311.9,"Simu1","NIT",50,"cliver",0.118159386259931
"3121",312,"Simu1","NIT",50,"cliver",0.113308266726334
"3122",312.1,"Simu1","NIT",50,"cliver",0.37823617288183
"3123",312.2,"Simu1","NIT",50,"cliver",0.506103294212714
"3124",312.3,"Simu1","NIT",50,"cliver",0.548394155848789
"3125",312.4,"Simu1","NIT",50,"cliver",0.567949864759768
"3126",312.5,"Simu1","NIT",50,"cliver",0.579494559692921
"3127",312.6,"Simu1","NIT",50,"cliver",0.586974754696799
"3128",312.7,"Simu1","NIT",50,"cliver",0.591613186799698
"3129",312.8,"Simu1","NIT",50,"cliver",0.593921220473599
"3130",312.9,"Simu1","NIT",50,"cliver",0.594208763611182
"3131",313,"Simu1","NIT",50,"cliver",0.592715806007861
"3132",313.1,"Simu1","NIT",50,"cliver",0.589647944898084
"3133",313.2,"Simu1","NIT",50,"cliver",0.585187241250213
"3134",313.3,"Simu1","NIT",50,"cliver",0.579496747226617
"3135",313.4,"Simu1","NIT",50,"cliver",0.572723222558396
"3136",313.5,"Simu1","NIT",50,"cliver",0.564999050573846
"3137",313.6,"Simu1","NIT",50,"cliver",0.556443656743391
"3138",313.7,"Simu1","NIT",50,"cliver",0.547165085227879
"3139",313.8,"Simu1","NIT",50,"cliver",0.537261208144473
"3140",313.9,"Simu1","NIT",50,"cliver",0.526820728218174
"3141",314,"Simu1","NIT",50,"cliver",0.515924080368964
"3142",314.1,"Simu1","NIT",50,"cliver",0.504644261389488
"3143",314.2,"Simu1","NIT",50,"cliver",0.493047558969024
"3144",314.3,"Simu1","NIT",50,"cliver",0.481194180516118
"3145",314.4,"Simu1","NIT",50,"cliver",0.469138811321766
"3146",314.5,"Simu1","NIT",50,"cliver",0.456931118428389
"3147",314.6,"Simu1","NIT",50,"cliver",0.444616200378993
"3148",314.7,"Simu1","NIT",50,"cliver",0.432234987304884
"3149",314.8,"Simu1","NIT",50,"cliver",0.419824601980345
"3150",314.9,"Simu1","NIT",50,"cliver",0.407418687658586
"3151",315,"Simu1","NIT",50,"cliver",0.395047703451294
"3152",315.1,"Simu1","NIT",50,"cliver",0.382739190332733
"3153",315.2,"Simu1","NIT",50,"cliver",0.370518013567679
"3154",315.3,"Simu1","NIT",50,"cliver",0.358406585076643
"3155",315.4,"Simu1","NIT",50,"cliver",0.346425066269407
"3156",315.5,"Simu1","NIT",50,"cliver",0.334591552382827
"3157",315.6,"Simu1","NIT",50,"cliver",0.322922241060357
"3158",315.7,"Simu1","NIT",50,"cliver",0.311431587566042
"3159",315.8,"Simu1","NIT",50,"cliver",0.300132446892612
"3160",315.9,"Simu1","NIT",50,"cliver",0.289036204647218
"3161",316,"Simu1","NIT",50,"cliver",0.278152896061989
"3162",316.1,"Simu1","NIT",50,"cliver",0.267491315296312
"3163",316.2,"Simu1","NIT",50,"cliver",0.257059115623233
"3164",316.3,"Simu1","NIT",50,"cliver",0.246862900873893
"3165",316.4,"Simu1","NIT",50,"cliver",0.236908308582817
"3166",316.5,"Simu1","NIT",50,"cliver",0.2272000853404
"3167",316.6,"Simu1","NIT",50,"cliver",0.217742154881251
"3168",316.7,"Simu1","NIT",50,"cliver",0.208537679326641
"3169",316.8,"Simu1","NIT",50,"cliver",0.19958911383749
"3170",316.9,"Simu1","NIT",50,"cliver",0.190898255023607
"3171",317,"Simu1","NIT",50,"cliver",0.182466283535504
"3172",317.1,"Simu1","NIT",50,"cliver",0.174293801288339
"3173",317.2,"Simu1","NIT",50,"cliver",0.16638086367803
"3174",317.3,"Simu1","NIT",50,"cliver",0.158727007325763
"3175",317.4,"Simu1","NIT",50,"cliver",0.151331273812072
"3176",317.5,"Simu1","NIT",50,"cliver",0.1441922302128
"3177",317.6,"Simu1","NIT",50,"cliver",0.137307986716965
"3178",317.7,"Simu1","NIT",50,"cliver",0.130676212743008
"3179",317.8,"Simu1","NIT",50,"cliver",0.124294151442095
"3180",317.9,"Simu1","NIT",50,"cliver",0.118158633711199
"3181",318,"Simu1","NIT",50,"cliver",0.113307532544376
"3182",318.1,"Simu1","NIT",50,"cliver",0.378235671709691
"3183",318.2,"Simu1","NIT",50,"cliver",0.506104533851833
"3184",318.3,"Simu1","NIT",50,"cliver",0.548396293804661
"3185",318.4,"Simu1","NIT",50,"cliver",0.567952856261781
"3186",318.5,"Simu1","NIT",50,"cliver",0.579495816999763
"3187",318.6,"Simu1","NIT",50,"cliver",0.586977413977238
"3188",318.7,"Simu1","NIT",50,"cliver",0.591615923076691
"3189",318.8,"Simu1","NIT",50,"cliver",0.593923929179228
"3190",318.9,"Simu1","NIT",50,"cliver",0.594211432900521
"3191",319,"Simu1","NIT",50,"cliver",0.592718330571065
"3192",319.1,"Simu1","NIT",50,"cliver",0.589650334915891
"3193",319.2,"Simu1","NIT",50,"cliver",0.585189942363139
"3194",319.3,"Simu1","NIT",50,"cliver",0.579499640729135
"3195",319.4,"Simu1","NIT",50,"cliver",0.572726185756839
"3196",319.5,"Simu1","NIT",50,"cliver",0.565002036350574
"3197",319.6,"Simu1","NIT",50,"cliver",0.55644670395766
"3198",319.7,"Simu1","NIT",50,"cliver",0.547168225368574
"3199",319.8,"Simu1","NIT",50,"cliver",0.537264411605441
"3200",319.9,"Simu1","NIT",50,"cliver",0.52682395752197
"3201",320,"Simu1","NIT",50,"cliver",0.515927288616075
"3202",320.1,"Simu1","NIT",50,"cliver",0.504647372313886
"3203",320.2,"Simu1","NIT",50,"cliver",0.493050563560611
"3204",320.3,"Simu1","NIT",50,"cliver",0.48119712080265
"3205",320.4,"Simu1","NIT",50,"cliver",0.469141707473165
"3206",320.5,"Simu1","NIT",50,"cliver",0.45693395842009
"3207",320.6,"Simu1","NIT",50,"cliver",0.444618968785925
"3208",320.7,"Simu1","NIT",50,"cliver",0.432237683948563
"3209",320.8,"Simu1","NIT",50,"cliver",0.419827236025878
"3210",320.9,"Simu1","NIT",50,"cliver",0.407421263746402
"3211",321,"Simu1","NIT",50,"cliver",0.395050219774777
"3212",321.1,"Simu1","NIT",50,"cliver",0.382741642403884
"3213",321.2,"Simu1","NIT",50,"cliver",0.37052040328942
"3214",321.3,"Simu1","NIT",50,"cliver",0.358408911358726
"3215",321.4,"Simu1","NIT",50,"cliver",0.34642733659838
"3216",321.5,"Simu1","NIT",50,"cliver",0.334593729826646
"3217",321.6,"Simu1","NIT",50,"cliver",0.3229243661795
"3218",321.7,"Simu1","NIT",50,"cliver",0.311433667603831
"3219",321.8,"Simu1","NIT",50,"cliver",0.300134476239272
"3220",321.9,"Simu1","NIT",50,"cliver",0.289038175794419
"3221",322,"Simu1","NIT",50,"cliver",0.278154816960754
"3222",322.1,"Simu1","NIT",50,"cliver",0.267493165754673
"3223",322.2,"Simu1","NIT",50,"cliver",0.257060897125746
"3224",322.3,"Simu1","NIT",50,"cliver",0.246864635823761
"3225",322.4,"Simu1","NIT",50,"cliver",0.236909996310525
"3226",322.5,"Simu1","NIT",50,"cliver",0.227201709836421
"3227",322.6,"Simu1","NIT",50,"cliver",0.21774371900412
"3228",322.7,"Simu1","NIT",50,"cliver",0.208539195161578
"3229",322.8,"Simu1","NIT",50,"cliver",0.19959058045425
"3230",322.9,"Simu1","NIT",50,"cliver",0.190899665903884
"3231",323,"Simu1","NIT",50,"cliver",0.182467640629773
"3232",323.1,"Simu1","NIT",50,"cliver",0.174295109603765
"3233",323.2,"Simu1","NIT",50,"cliver",0.16638212380925
"3234",323.3,"Simu1","NIT",50,"cliver",0.158728217453829
"3235",323.4,"Simu1","NIT",50,"cliver",0.151332435426999
"3236",323.5,"Simu1","NIT",50,"cliver",0.144193344957936
"3237",323.6,"Simu1","NIT",50,"cliver",0.137309056480429
"3238",323.7,"Simu1","NIT",50,"cliver",0.130677236831869
"3239",323.8,"Simu1","NIT",50,"cliver",0.124295131477067
"3240",323.9,"Simu1","NIT",50,"cliver",0.118159507946997
"3241",324,"Simu1","NIT",50,"cliver",0.11330838225316
"3242",324.1,"Simu1","NIT",50,"cliver",0.378236520452581
"3243",324.2,"Simu1","NIT",50,"cliver",0.506103976875788
"3244",324.3,"Simu1","NIT",50,"cliver",0.548395168401343
"3245",324.4,"Simu1","NIT",50,"cliver",0.567950941616013
"3246",324.5,"Simu1","NIT",50,"cliver",0.579496314871562
"3247",324.6,"Simu1","NIT",50,"cliver",0.586976324148711
"3248",324.7,"Simu1","NIT",50,"cliver",0.591614630910942
"3249",324.8,"Simu1","NIT",50,"cliver",0.593922483487533
"3250",324.9,"Simu1","NIT",50,"cliver",0.594209994555282
"3251",325,"Simu1","NIT",50,"cliver",0.592716934629469
"3252",325.1,"Simu1","NIT",50,"cliver",0.58964907146487
"3253",325.2,"Simu1","NIT",50,"cliver",0.585188361569131
"3254",325.3,"Simu1","NIT",50,"cliver",0.579497890781495
"3255",325.4,"Simu1","NIT",50,"cliver",0.572724383106529
"3256",325.5,"Simu1","NIT",50,"cliver",0.56500011817834
"3257",325.6,"Simu1","NIT",50,"cliver",0.55644466926909
"3258",325.7,"Simu1","NIT",50,"cliver",0.547166111189838
"3259",325.8,"Simu1","NIT",50,"cliver",0.537262245992326
"3260",325.9,"Simu1","NIT",50,"cliver",0.526821737285817
"3261",326,"Simu1","NIT",50,"cliver",0.51592504675395
"3262",326.1,"Simu1","NIT",50,"cliver",0.504645200924742
"3263",326.2,"Simu1","NIT",50,"cliver",0.493048484572127
"3264",326.3,"Simu1","NIT",50,"cliver",0.481195089037892
"3265",326.4,"Simu1","NIT",50,"cliver",0.469139695975449
"3266",326.5,"Simu1","NIT",50,"cliver",0.456931979008267
"3267",326.6,"Simu1","NIT",50,"cliver",0.444617040060629
"3268",326.7,"Simu1","NIT",50,"cliver",0.4322358072371
"3269",326.8,"Simu1","NIT",50,"cliver",0.419825401440879
"3270",326.9,"Simu1","NIT",50,"cliver",0.407419466234334
"3271",327,"Simu1","NIT",50,"cliver",0.395048461401367
"3272",327.1,"Simu1","NIT",50,"cliver",0.382739927972866
"3273",327.2,"Simu1","NIT",50,"cliver",0.370518731126622
"3274",327.3,"Simu1","NIT",50,"cliver",0.358407282797545
"3275",327.4,"Simu1","NIT",50,"cliver",0.346425744338947
"3276",327.5,"Simu1","NIT",50,"cliver",0.334592210903787
"3277",327.6,"Simu1","NIT",50,"cliver",0.322922880174255
"3278",327.7,"Simu1","NIT",50,"cliver",0.311432207423326
"3279",327.8,"Simu1","NIT",50,"cliver",0.300133047963535
"3280",327.9,"Simu1","NIT",50,"cliver",0.289036787238584
"3281",328,"Simu1","NIT",50,"cliver",0.27815346031824
"3282",328.1,"Simu1","NIT",50,"cliver",0.267491861399481
"3283",328.2,"Simu1","NIT",50,"cliver",0.257059643861877
"3284",328.3,"Simu1","NIT",50,"cliver",0.24686341156996
"3285",328.4,"Simu1","NIT",50,"cliver",0.23690880200346
"3286",328.5,"Simu1","NIT",50,"cliver",0.227200561720367
"3287",328.6,"Simu1","NIT",50,"cliver",0.217742614500443
"3288",328.7,"Simu1","NIT",50,"cliver",0.208538122500619
"3289",328.8,"Simu1","NIT",50,"cliver",0.199589540865217
"3290",328.9,"Simu1","NIT",50,"cliver",0.190898666181836
"3291",329,"Simu1","NIT",50,"cliver",0.182466679118637
"3292",329.1,"Simu1","NIT",50,"cliver",0.174294181603202
"3293",329.2,"Simu1","NIT",50,"cliver",0.166381229041869
"3294",329.3,"Simu1","NIT",50,"cliver",0.158727358033547
"3295",329.4,"Simu1","NIT",50,"cliver",0.151331610196633
"3296",329.5,"Simu1","NIT",50,"cliver",0.144192552550716
"3297",329.6,"Simu1","NIT",50,"cliver",0.137308295443171
"3298",329.7,"Simu1","NIT",50,"cliver",0.130676508100796
"3299",329.8,"Simu1","NIT",50,"cliver",0.124294433582913
"3300",329.9,"Simu1","NIT",50,"cliver",0.118158903501758
"3301",330,"Simu1","NIT",50,"cliver",0.113307800382386
"3302",330.1,"Simu1","NIT",50,"cliver",0.378235911579905
"3303",330.2,"Simu1","NIT",50,"cliver",0.506104716221857
"3304",330.3,"Simu1","NIT",50,"cliver",0.548396325587212
"3305",330.4,"Simu1","NIT",50,"cliver",0.567953054985805
"3306",330.5,"Simu1","NIT",50,"cliver",0.579497625599201
"3307",330.6,"Simu1","NIT",50,"cliver",0.586977489056389
"3308",330.7,"Simu1","NIT",50,"cliver",0.591615762321142
"3309",330.8,"Simu1","NIT",50,"cliver",0.593923339048767
"3310",330.9,"Simu1","NIT",50,"cliver",0.594212077826162
"3311",331,"Simu1","NIT",50,"cliver",0.592718635273649
"3312",331.1,"Simu1","NIT",50,"cliver",0.589651342378875
"3313",331.2,"Simu1","NIT",50,"cliver",0.585189954233587
"3314",331.3,"Simu1","NIT",50,"cliver",0.579500150871604
"3315",331.4,"Simu1","NIT",50,"cliver",0.572726457074208
"3316",331.5,"Simu1","NIT",50,"cliver",0.565002390104429
"3317",331.6,"Simu1","NIT",50,"cliver",0.556446853924159
"3318",331.7,"Simu1","NIT",50,"cliver",0.547168138714303
"3319",331.8,"Simu1","NIT",50,"cliver",0.537264302473895
"3320",331.9,"Simu1","NIT",50,"cliver",0.526823985899298
"3321",332,"Simu1","NIT",50,"cliver",0.515927372636682
"3322",332.1,"Simu1","NIT",50,"cliver",0.504647524250375
"3323",332.2,"Simu1","NIT",50,"cliver",0.493050807283397
"3324",332.3,"Simu1","NIT",50,"cliver",0.481197421209914
"3325",332.4,"Simu1","NIT",50,"cliver",0.469142030190844
"3326",332.5,"Simu1","NIT",50,"cliver",0.456934296565778
"3327",332.6,"Simu1","NIT",50,"cliver",0.44461928819071
"3328",332.7,"Simu1","NIT",50,"cliver",0.432237942157504
"3329",332.8,"Simu1","NIT",50,"cliver",0.419827431947975
"3330",332.9,"Simu1","NIT",50,"cliver",0.407421433588138
"3331",333,"Simu1","NIT",50,"cliver",0.395050378130413
"3332",333.1,"Simu1","NIT",50,"cliver",0.382741802357259
"3333",333.2,"Simu1","NIT",50,"cliver",0.370520549349603
"3334",333.3,"Simu1","NIT",50,"cliver",0.358408989487633
"3335",333.4,"Simu1","NIT",50,"cliver",0.346427257386703
"3336",333.5,"Simu1","NIT",50,"cliver",0.334593544772494
"3337",333.6,"Simu1","NIT",50,"cliver",0.322924087742541
"3338",333.7,"Simu1","NIT",50,"cliver",0.311433488965896
"3339",333.8,"Simu1","NIT",50,"cliver",0.30013445595799
"3340",333.9,"Simu1","NIT",50,"cliver",0.289038249603019
"3341",334,"Simu1","NIT",50,"cliver",0.278154914156108
"3342",334.1,"Simu1","NIT",50,"cliver",0.267493258440232
"3343",334.2,"Simu1","NIT",50,"cliver",0.257061039856614
"3344",334.3,"Simu1","NIT",50,"cliver",0.246864695447076
"3345",334.4,"Simu1","NIT",50,"cliver",0.236910088464903
"3346",334.5,"Simu1","NIT",50,"cliver",0.227201827688872
"3347",334.6,"Simu1","NIT",50,"cliver",0.217743814660848
"3348",334.7,"Simu1","NIT",50,"cliver",0.208539258933522
"3349",334.8,"Simu1","NIT",50,"cliver",0.199590609250034
"3350",334.9,"Simu1","NIT",50,"cliver",0.190899686505683
"3351",335,"Simu1","NIT",50,"cliver",0.182467688832197
"3352",335.1,"Simu1","NIT",50,"cliver",0.174295181567903
"3353",335.2,"Simu1","NIT",50,"cliver",0.166382202258126
"3354",335.3,"Simu1","NIT",50,"cliver",0.158728293136722
"3355",335.4,"Simu1","NIT",50,"cliver",0.151332505686007
"3356",335.5,"Simu1","NIT",50,"cliver",0.144193411113939
"3357",335.6,"Simu1","NIT",50,"cliver",0.137309119100095
"3358",335.7,"Simu1","NIT",50,"cliver",0.130677297472439
"3359",335.8,"Simu1","NIT",50,"cliver",0.124295188198076
"3360",335.9,"Simu1","NIT",50,"cliver",0.118159621402104
"3361",336,"Simu1","NIT",50,"cliver",0.113308473975858
"3362",336.1,"Simu1","NIT",50,"cliver",0.378236600967756
"3363",336.2,"Simu1","NIT",50,"cliver",0.50610406878074
"3364",336.3,"Simu1","NIT",50,"cliver",0.548395429934117
"3365",336.4,"Simu1","NIT",50,"cliver",0.567951246034246
"3366",336.5,"Simu1","NIT",50,"cliver",0.579495324015371
"3367",336.6,"Simu1","NIT",50,"cliver",0.586976018715868
"3368",336.7,"Simu1","NIT",50,"cliver",0.591614483348881
"3369",336.8,"Simu1","NIT",50,"cliver",0.59392247809373
"3370",336.9,"Simu1","NIT",50,"cliver",0.594209995728123
"3371",337,"Simu1","NIT",50,"cliver",0.592716982306351
"3372",337.1,"Simu1","NIT",50,"cliver",0.589649136109875
"3373",337.2,"Simu1","NIT",50,"cliver",0.585188412299582
"3374",337.3,"Simu1","NIT",50,"cliver",0.579497947299033
"3375",337.4,"Simu1","NIT",50,"cliver",0.572724435073229
"3376",337.5,"Simu1","NIT",50,"cliver",0.565000164071068
"3377",337.6,"Simu1","NIT",50,"cliver",0.556444721529579
"3378",337.7,"Simu1","NIT",50,"cliver",0.547166164707403
"3379",337.8,"Simu1","NIT",50,"cliver",0.537262295113079
"3380",337.9,"Simu1","NIT",50,"cliver",0.526821783123655
"3381",338,"Simu1","NIT",50,"cliver",0.51592509255975
"3382",338.1,"Simu1","NIT",50,"cliver",0.504645247739174
"3383",338.2,"Simu1","NIT",50,"cliver",0.493048530766321
"3384",338.3,"Simu1","NIT",50,"cliver",0.48119513325208
"3385",338.4,"Simu1","NIT",50,"cliver",0.469139738639901
"3386",338.5,"Simu1","NIT",50,"cliver",0.456932020977481
"3387",338.6,"Simu1","NIT",50,"cliver",0.444617081310627
"3388",338.7,"Simu1","NIT",50,"cliver",0.432235847269256
"3389",338.8,"Simu1","NIT",50,"cliver",0.419825440092692
"3390",338.9,"Simu1","NIT",50,"cliver",0.407419503703864
"3391",339,"Simu1","NIT",50,"cliver",0.395048497835275
"3392",339.1,"Simu1","NIT",50,"cliver",0.382739963319343
"3393",339.2,"Simu1","NIT",50,"cliver",0.370518765300543
"3394",339.3,"Simu1","NIT",50,"cliver",0.358407315812381
"3395",339.4,"Simu1","NIT",50,"cliver",0.346425776260179
"3396",339.5,"Simu1","NIT",50,"cliver",0.334592241762783
"3397",339.6,"Simu1","NIT",50,"cliver",0.32292290996778
"3398",339.7,"Simu1","NIT",50,"cliver",0.311432236161193
"3399",339.8,"Simu1","NIT",50,"cliver",0.300133075688268
"3400",339.9,"Simu1","NIT",50,"cliver",0.289036813956039
"3401",340,"Simu1","NIT",50,"cliver",0.278153486046896
"3402",340.1,"Simu1","NIT",50,"cliver",0.267491886164015
"3403",340.2,"Simu1","NIT",50,"cliver",0.257059667690607
"3404",340.3,"Simu1","NIT",50,"cliver",0.246863434486271
"3405",340.4,"Simu1","NIT",50,"cliver",0.236908824025657
"3406",340.5,"Simu1","NIT",50,"cliver",0.227200582870251
"3407",340.6,"Simu1","NIT",50,"cliver",0.217742634803639
"3408",340.7,"Simu1","NIT",50,"cliver",0.208538141979713
"3409",340.8,"Simu1","NIT",50,"cliver",0.199589559540321
"3410",340.9,"Simu1","NIT",50,"cliver",0.190898684074104
"3411",341,"Simu1","NIT",50,"cliver",0.18246669625091
"3412",341.1,"Simu1","NIT",50,"cliver",0.174294197996707
"3413",341.2,"Simu1","NIT",50,"cliver",0.166381244717815
"3414",341.3,"Simu1","NIT",50,"cliver",0.158727373011494
"3415",341.4,"Simu1","NIT",50,"cliver",0.151331624499192
"3416",341.5,"Simu1","NIT",50,"cliver",0.144192566195128
"3417",341.6,"Simu1","NIT",50,"cliver",0.137308308455865
"3418",341.7,"Simu1","NIT",50,"cliver",0.130676520481305
"3419",341.8,"Simu1","NIT",50,"cliver",0.124294445379631
"3420",341.9,"Simu1","NIT",50,"cliver",0.118158914504134
"3421",342,"Simu1","NIT",50,"cliver",0.113307819566016
"3422",342.1,"Simu1","NIT",50,"cliver",0.378236223716526
"3423",342.2,"Simu1","NIT",50,"cliver",0.506105059551849
"3424",342.3,"Simu1","NIT",50,"cliver",0.548396329349778
"3425",342.4,"Simu1","NIT",50,"cliver",0.567952334194783
"3426",342.5,"Simu1","NIT",50,"cliver",0.57949623351592
"3427",342.6,"Simu1","NIT",50,"cliver",0.586976861894787
"3428",342.7,"Simu1","NIT",50,"cliver",0.591615546417414
"3429",342.8,"Simu1","NIT",50,"cliver",0.593923680519461
"3430",342.9,"Simu1","NIT",50,"cliver",0.594211322212672
"3431",343,"Simu1","NIT",50,"cliver",0.592718402634904
"3432",343.1,"Simu1","NIT",50,"cliver",0.589650575201181
"3433",343.2,"Simu1","NIT",50,"cliver",0.585189924756492
"3434",343.3,"Simu1","NIT",50,"cliver",0.579499503201977
"3435",343.4,"Simu1","NIT",50,"cliver",0.572726044768345
"3436",343.5,"Simu1","NIT",50,"cliver",0.565001807656271
"3437",343.6,"Simu1","NIT",50,"cliver",0.556446332621533
"3438",343.7,"Simu1","NIT",50,"cliver",0.547167755054169
"3439",343.8,"Simu1","NIT",50,"cliver",0.537263892586332
"3440",343.9,"Simu1","NIT",50,"cliver",0.526823389627417
"3441",344,"Simu1","NIT",50,"cliver",0.515926689470244
"3442",344.1,"Simu1","NIT",50,"cliver",0.504646820459159
"3443",344.2,"Simu1","NIT",50,"cliver",0.493050080875544
"3444",344.3,"Simu1","NIT",50,"cliver",0.481196667302262
"3445",344.4,"Simu1","NIT",50,"cliver",0.469141255768409
"3446",344.5,"Simu1","NIT",50,"cliver",0.456933515142119
"3447",344.6,"Simu1","NIT",50,"cliver",0.444618549075628
"3448",344.7,"Simu1","NIT",50,"cliver",0.432237289085627
"3449",344.8,"Simu1","NIT",50,"cliver",0.419826856571773
"3450",344.9,"Simu1","NIT",50,"cliver",0.407420893649455
"3451",345,"Simu1","NIT",50,"cliver",0.395049859462849
"3452",345.1,"Simu1","NIT",50,"cliver",0.382741295732271
"3453",345.2,"Simu1","NIT",50,"cliver",0.370520068385782
"3454",345.3,"Simu1","NIT",50,"cliver",0.358408589390848
"3455",345.4,"Simu1","NIT",50,"cliver",0.346427019822532
"3456",345.5,"Simu1","NIT",50,"cliver",0.334593454831328
"3457",345.6,"Simu1","NIT",50,"cliver",0.32292409235177
"3458",345.7,"Simu1","NIT",50,"cliver",0.31143338783247
"3459",345.8,"Simu1","NIT",50,"cliver",0.300134196506296
"3460",345.9,"Simu1","NIT",50,"cliver",0.289037903988539
"3461",346,"Simu1","NIT",50,"cliver",0.278154545351189
"3462",346.1,"Simu1","NIT",50,"cliver",0.267492914834511
"3463",346.2,"Simu1","NIT",50,"cliver",0.257060665840879
"3464",346.3,"Simu1","NIT",50,"cliver",0.246864402284159
"3465",346.4,"Simu1","NIT",50,"cliver",0.236909761704467
"3466",346.5,"Simu1","NIT",50,"cliver",0.227201490688254
"3467",346.6,"Simu1","NIT",50,"cliver",0.217743513027237
"3468",346.7,"Simu1","NIT",50,"cliver",0.208538990912458
"3469",346.8,"Simu1","NIT",50,"cliver",0.199590379523297
"3470",346.9,"Simu1","NIT",50,"cliver",0.190899475471242
"3471",347,"Simu1","NIT",50,"cliver",0.182467459436064
"3472",347.1,"Simu1","NIT",50,"cliver",0.174294933374059
"3473",347.2,"Simu1","NIT",50,"cliver",0.166381952704583
"3474",347.3,"Simu1","NIT",50,"cliver",0.15872805406523
"3475",347.4,"Simu1","NIT",50,"cliver",0.15133227905709
"3476",347.5,"Simu1","NIT",50,"cliver",0.144193194785506
"3477",347.6,"Simu1","NIT",50,"cliver",0.137308911481069
"3478",347.7,"Simu1","NIT",50,"cliver",0.130677098676878
"3479",347.8,"Simu1","NIT",50,"cliver",0.124294999094742
"3480",347.9,"Simu1","NIT",50,"cliver",0.118159444027342
"3481",348,"Simu1","NIT",50,"cliver",0.113308289762039
"3482",348.1,"Simu1","NIT",50,"cliver",0.378236146325605
"3483",348.2,"Simu1","NIT",50,"cliver",0.506103386059291
"3484",348.3,"Simu1","NIT",50,"cliver",0.548394598607877
"3485",348.4,"Simu1","NIT",50,"cliver",0.567950120558868
"3486",348.5,"Simu1","NIT",50,"cliver",0.579495576180549
"3487",348.6,"Simu1","NIT",50,"cliver",0.586975619393784
"3488",348.7,"Simu1","NIT",50,"cliver",0.591613906975975
"3489",348.8,"Simu1","NIT",50,"cliver",0.593921761405729
"3490",348.9,"Simu1","NIT",50,"cliver",0.594209282921959
"3491",349,"Simu1","NIT",50,"cliver",0.592716209239115
"3492",349.1,"Simu1","NIT",50,"cliver",0.589648337913923
"3493",349.2,"Simu1","NIT",50,"cliver",0.58518763998801
"3494",349.3,"Simu1","NIT",50,"cliver",0.579497171236645
"3495",349.4,"Simu1","NIT",50,"cliver",0.572723678092246
"3496",349.5,"Simu1","NIT",50,"cliver",0.564999424434004
"3497",349.6,"Simu1","NIT",50,"cliver",0.556443970366211
"3498",349.7,"Simu1","NIT",50,"cliver",0.547165415784479
"3499",349.8,"Simu1","NIT",50,"cliver",0.537261560992078
"3500",349.9,"Simu1","NIT",50,"cliver",0.526821062771919
"3501",350,"Simu1","NIT",50,"cliver",0.515924382383423
"3502",350.1,"Simu1","NIT",50,"cliver",0.504644545638787
"3503",350.2,"Simu1","NIT",50,"cliver",0.493047839626652
"3504",350.3,"Simu1","NIT",50,"cliver",0.481194456166163
"3505",350.4,"Simu1","NIT",50,"cliver",0.469139075452274
"3506",350.5,"Simu1","NIT",50,"cliver",0.456931370585158
"3507",350.6,"Simu1","NIT",50,"cliver",0.444616443975948
"3508",350.7,"Simu1","NIT",50,"cliver",0.432235223997734
"3509",350.8,"Simu1","NIT",50,"cliver",0.419824831388423
"3510",350.9,"Simu1","NIT",50,"cliver",0.407418909466281
"3511",351,"Simu1","NIT",50,"cliver",0.395047917928994
"3512",351.1,"Simu1","NIT",50,"cliver",0.38273939787001
"3513",351.2,"Simu1","NIT",50,"cliver",0.37051821450495
"3514",351.3,"Simu1","NIT",50,"cliver",0.358406779698147
"3515",351.4,"Simu1","NIT",50,"cliver",0.346425254720554
"3516",351.5,"Simu1","NIT",50,"cliver",0.33459173471077
"3517",351.6,"Simu1","NIT",50,"cliver",0.322922417361301
"3518",351.7,"Simu1","NIT",50,"cliver",0.311431757926079
"3519",351.8,"Simu1","NIT",50,"cliver",0.300132611647578
"3520",351.9,"Simu1","NIT",50,"cliver",0.289036364047663
"3521",352,"Simu1","NIT",50,"cliver",0.278153050109078
"3522",352.1,"Simu1","NIT",50,"cliver",0.267491464037586
"3523",352.2,"Simu1","NIT",50,"cliver",0.257059259195009
"3524",352.3,"Simu1","NIT",50,"cliver",0.246863039439329
"3525",352.4,"Simu1","NIT",50,"cliver",0.236908442248104
"3526",352.5,"Simu1","NIT",50,"cliver",0.227200214166707
"3527",352.6,"Simu1","NIT",50,"cliver",0.217742278964993
"3528",352.7,"Simu1","NIT",50,"cliver",0.208537798799542
"3529",352.8,"Simu1","NIT",50,"cliver",0.199589228808849
"3530",352.9,"Simu1","NIT",50,"cliver",0.190898365574262
"3531",353,"Simu1","NIT",50,"cliver",0.182466389757354
"3532",353.1,"Simu1","NIT",50,"cliver",0.174293903285949
"3533",353.2,"Simu1","NIT",50,"cliver",0.166380961556632
"3534",353.3,"Simu1","NIT",50,"cliver",0.158727101172561
"3535",353.4,"Simu1","NIT",50,"cliver",0.151331363731862
"3536",353.5,"Simu1","NIT",50,"cliver",0.144192316280119
"3537",353.6,"Simu1","NIT",50,"cliver",0.137308069100212
"3538",353.7,"Simu1","NIT",50,"cliver",0.130676291537575
"3539",353.8,"Simu1","NIT",50,"cliver",0.124294226472274
"3540",353.9,"Simu1","NIT",50,"cliver",0.11815871291709
"3541",354,"Simu1","NIT",50,"cliver",0.113307598823315
"3542",354.1,"Simu1","NIT",50,"cliver",0.378235692382702
"3543",354.2,"Simu1","NIT",50,"cliver",0.506102646311148
"3544",354.3,"Simu1","NIT",50,"cliver",0.548393776445405
"3545",354.4,"Simu1","NIT",50,"cliver",0.567949674777451
"3546",354.5,"Simu1","NIT",50,"cliver",0.579495145989385
"3547",354.6,"Simu1","NIT",50,"cliver",0.586975231014213
"3548",354.7,"Simu1","NIT",50,"cliver",0.591613509504578
"3549",354.8,"Simu1","NIT",50,"cliver",0.593921519096855
"3550",354.9,"Simu1","NIT",50,"cliver",0.594208928224791
"3551",355,"Simu1","NIT",50,"cliver",0.592716012953592
"3552",355.1,"Simu1","NIT",50,"cliver",0.589648100631321
"3553",355.2,"Simu1","NIT",50,"cliver",0.585187349032152
"3554",355.3,"Simu1","NIT",50,"cliver",0.579496837797445
"3555",355.4,"Simu1","NIT",50,"cliver",0.572723328144966
"3556",355.5,"Simu1","NIT",50,"cliver",0.564999162086295
"3557",355.6,"Simu1","NIT",50,"cliver",0.556443777377806
"3558",355.7,"Simu1","NIT",50,"cliver",0.547165202055472
"3559",355.8,"Simu1","NIT",50,"cliver",0.537261315918935
"3560",355.9,"Simu1","NIT",50,"cliver",0.526820835983427
"3561",356,"Simu1","NIT",50,"cliver",0.515924197897994
"3562",356.1,"Simu1","NIT",50,"cliver",0.504644386490643
"3563",356.2,"Simu1","NIT",50,"cliver",0.493047684104355
"3564",356.3,"Simu1","NIT",50,"cliver",0.481194304507222
"3565",356.4,"Simu1","NIT",50,"cliver",0.469138938329029
"3566",356.5,"Simu1","NIT",50,"cliver",0.456931249887253
"3567",356.6,"Simu1","NIT",50,"cliver",0.444616333448317
"3568",356.7,"Simu1","NIT",50,"cliver",0.432235119673068
"3569",356.8,"Simu1","NIT",50,"cliver",0.419824734223974
"3570",356.9,"Simu1","NIT",50,"cliver",0.407418820878815
"3571",357,"Simu1","NIT",50,"cliver",0.395047837154614
"3572",357.1,"Simu1","NIT",50,"cliver",0.382739323309307
"3573",357.2,"Simu1","NIT",50,"cliver",0.370518145409947
"3574",357.3,"Simu1","NIT",50,"cliver",0.358406716043044
"3575",357.4,"Simu1","NIT",50,"cliver",0.346425196343669
"3576",357.5,"Simu1","NIT",50,"cliver",0.334591681117242
"3577",357.6,"Simu1","NIT",50,"cliver",0.322922368137522
"3578",357.7,"Simu1","NIT",50,"cliver",0.311431712868771
"3579",357.8,"Simu1","NIT",50,"cliver",0.300132570352395
"3580",357.9,"Simu1","NIT",50,"cliver",0.289036326103662
"3581",358,"Simu1","NIT",50,"cliver",0.278153015338781
"3582",358.1,"Simu1","NIT",50,"cliver",0.267491432292629
"3583",358.2,"Simu1","NIT",50,"cliver",0.257059230274344
"3584",358.3,"Simu1","NIT",50,"cliver",0.246863013093877
"3585",358.4,"Simu1","NIT",50,"cliver",0.236908418278659
"3586",358.5,"Simu1","NIT",50,"cliver",0.227200192442614
"3587",358.6,"Simu1","NIT",50,"cliver",0.217742259342833
"3588",358.7,"Simu1","NIT",50,"cliver",0.208537781104608
"3589",358.8,"Simu1","NIT",50,"cliver",0.199589212889681
"3590",358.9,"Simu1","NIT",50,"cliver",0.190898351314947
"3591",359,"Simu1","NIT",50,"cliver",0.182466377045257
"3592",359.1,"Simu1","NIT",50,"cliver",0.174293892000929
"3593",359.2,"Simu1","NIT",50,"cliver",0.166380951586716
"3594",359.3,"Simu1","NIT",50,"cliver",0.158727092419727
"3595",359.4,"Simu1","NIT",50,"cliver",0.151331356105773
"3596",359.5,"Simu1","NIT",50,"cliver",0.144192309692551
"3597",359.6,"Simu1","NIT",50,"cliver",0.137308063424916
"3598",359.7,"Simu1","NIT",50,"cliver",0.130676286722612
"3599",359.8,"Simu1","NIT",50,"cliver",0.124294222691127
"3600",359.9,"Simu1","NIT",50,"cliver",0.11815871030964
"3601",360,"Simu1","NIT",50,"cliver",0.113307598592878
"3602",360.1,"Simu1","NIT",50,"cliver",0.378235442194837
"3603",360.2,"Simu1","NIT",50,"cliver",0.506103178075963
"3604",360.3,"Simu1","NIT",50,"cliver",0.548394152240056
"3605",360.4,"Simu1","NIT",50,"cliver",0.56795088920473
"3606",360.5,"Simu1","NIT",50,"cliver",0.579494517358434
"3607",360.6,"Simu1","NIT",50,"cliver",0.586975523080085
"3608",360.7,"Simu1","NIT",50,"cliver",0.591613842203092
"3609",360.8,"Simu1","NIT",50,"cliver",0.593921853475107
"3610",360.9,"Simu1","NIT",50,"cliver",0.594209314002721
"3611",361,"Simu1","NIT",50,"cliver",0.59271641058245
"3612",361.1,"Simu1","NIT",50,"cliver",0.589648532280972
"3613",361.2,"Simu1","NIT",50,"cliver",0.585187786610989
"3614",361.3,"Simu1","NIT",50,"cliver",0.579497290121693
"3615",361.4,"Simu1","NIT",50,"cliver",0.572723760681973
"3616",361.5,"Simu1","NIT",50,"cliver",0.564999582972431
"3617",361.6,"Simu1","NIT",50,"cliver",0.556444201501201
"3618",361.7,"Simu1","NIT",50,"cliver",0.54716563362196
"3619",361.8,"Simu1","NIT",50,"cliver",0.537261745126575
"3620",361.9,"Simu1","NIT",50,"cliver",0.526821254565053
"3621",362,"Simu1","NIT",50,"cliver",0.515924607658849
"3622",362.1,"Simu1","NIT",50,"cliver",0.504644791944417
"3623",362.2,"Simu1","NIT",50,"cliver",0.493048085124486
"3624",362.3,"Simu1","NIT",50,"cliver",0.481194698251671
"3625",362.4,"Simu1","NIT",50,"cliver",0.469139323683358
"3626",362.5,"Simu1","NIT",50,"cliver",0.456931627700604
"3627",362.6,"Simu1","NIT",50,"cliver",0.444616704292323
"3628",362.7,"Simu1","NIT",50,"cliver",0.432235483062004
"3629",362.8,"Simu1","NIT",50,"cliver",0.419825089546344
"3630",362.9,"Simu1","NIT",50,"cliver",0.407419168061536
"3631",363,"Simu1","NIT",50,"cliver",0.395048176357459
"3632",363.1,"Simu1","NIT",50,"cliver",0.382739654506398
"3633",363.2,"Simu1","NIT",50,"cliver",0.370518468446773
"3634",363.3,"Simu1","NIT",50,"cliver",0.358407030854696
"3635",363.4,"Simu1","NIT",50,"cliver",0.346425502964318
"3636",363.5,"Simu1","NIT",50,"cliver",0.334591979573865
"3637",363.6,"Simu1","NIT",50,"cliver",0.322922658389331
"3638",363.7,"Simu1","NIT",50,"cliver",0.311431994980287
"3639",363.8,"Simu1","NIT",50,"cliver",0.300132844395711
"3640",363.9,"Simu1","NIT",50,"cliver",0.289036592126935
"3641",364,"Simu1","NIT",50,"cliver",0.27815327338106
"3642",364.1,"Simu1","NIT",50,"cliver",0.267491682417369
"3643",364.2,"Simu1","NIT",50,"cliver",0.257059472572396
"3644",364.3,"Simu1","NIT",50,"cliver",0.246863247656404
"3645",364.4,"Simu1","NIT",50,"cliver",0.236908645187448
"3646",364.5,"Simu1","NIT",50,"cliver",0.227200411788007
"3647",364.6,"Simu1","NIT",50,"cliver",0.217742471230141
"3648",364.7,"Simu1","NIT",50,"cliver",0.208537985643488
"3649",364.8,"Simu1","NIT",50,"cliver",0.199589410187139
"3650",364.9,"Simu1","NIT",50,"cliver",0.190898541482188
"3651",365,"Simu1","NIT",50,"cliver",0.182466560198996
"3652",365.1,"Simu1","NIT",50,"cliver",0.17429406826454
"3653",365.2,"Simu1","NIT",50,"cliver",0.166381121081442
"3654",365.3,"Simu1","NIT",50,"cliver",0.158727255276433
"3655",365.4,"Simu1","NIT",50,"cliver",0.151331512445508
"3656",365.5,"Simu1","NIT",50,"cliver",0.144192459667122
"3657",365.6,"Simu1","NIT",50,"cliver",0.137308207150677
"3658",365.7,"Simu1","NIT",50,"cliver",0.130676424325608
"3659",365.8,"Simu1","NIT",50,"cliver",0.124294354331528
"3660",365.9,"Simu1","NIT",50,"cliver",0.118158827975431
"3661",366,"Simu1","NIT",50,"cliver",0.113307729405624
"3662",366.1,"Simu1","NIT",50,"cliver",0.378235842243792
"3663",366.2,"Simu1","NIT",50,"cliver",0.506103187332974
"3664",366.3,"Simu1","NIT",50,"cliver",0.548394159828019
"3665",366.4,"Simu1","NIT",50,"cliver",0.567950438156034
"3666",366.5,"Simu1","NIT",50,"cliver",0.579495573537795
"3667",366.6,"Simu1","NIT",50,"cliver",0.586975616158504
"3668",366.7,"Simu1","NIT",50,"cliver",0.591613958700806
"3669",366.8,"Simu1","NIT",50,"cliver",0.593921897118189
"3670",366.9,"Simu1","NIT",50,"cliver",0.594209381170919
"3671",367,"Simu1","NIT",50,"cliver",0.59271638176576
"3672",367.1,"Simu1","NIT",50,"cliver",0.589648563120594
"3673",367.2,"Simu1","NIT",50,"cliver",0.585187828681892
"3674",367.3,"Simu1","NIT",50,"cliver",0.579497363396303
"3675",367.4,"Simu1","NIT",50,"cliver",0.572723837220896
"3676",367.5,"Simu1","NIT",50,"cliver",0.564999596780646
"3677",367.6,"Simu1","NIT",50,"cliver",0.556444192995288
"3678",367.7,"Simu1","NIT",50,"cliver",0.547165654056985
"3679",367.8,"Simu1","NIT",50,"cliver",0.537261784570615
"3680",367.9,"Simu1","NIT",50,"cliver",0.526821282265808
"3681",368,"Simu1","NIT",50,"cliver",0.515924614135983
"3682",368.1,"Simu1","NIT",50,"cliver",0.504644792348837
"3683",368.2,"Simu1","NIT",50,"cliver",0.493048090651665
"3684",368.3,"Simu1","NIT",50,"cliver",0.48119470435686
"3685",368.4,"Simu1","NIT",50,"cliver",0.469139323507972
"3686",368.5,"Simu1","NIT",50,"cliver",0.456931622213908
"3687",368.6,"Simu1","NIT",50,"cliver",0.444616697781625
"3688",368.7,"Simu1","NIT",50,"cliver",0.432235476671453
"3689",368.8,"Simu1","NIT",50,"cliver",0.419825081772233
"3690",368.9,"Simu1","NIT",50,"cliver",0.407419158168444
"3691",369,"Simu1","NIT",50,"cliver",0.395048165140159
"3692",369.1,"Simu1","NIT",50,"cliver",0.382739642777954
"3693",369.2,"Simu1","NIT",50,"cliver",0.370518456223378
"3694",369.3,"Simu1","NIT",50,"cliver",0.358407017914635
"3695",369.4,"Simu1","NIT",50,"cliver",0.346425489405566
"3696",369.5,"Simu1","NIT",50,"cliver",0.334591965660553
"3697",369.6,"Simu1","NIT",50,"cliver",0.322922644215051
"3698",369.7,"Simu1","NIT",50,"cliver",0.311431980439939
"3699",369.8,"Simu1","NIT",50,"cliver",0.300132829760314
"3700",369.9,"Simu1","NIT",50,"cliver",0.289036577481891
"3701",370,"Simu1","NIT",50,"cliver",0.278153258741413
"3702",370.1,"Simu1","NIT",50,"cliver",0.267491667775122
"3703",370.2,"Simu1","NIT",50,"cliver",0.257059457973904
"3704",370.3,"Simu1","NIT",50,"cliver",0.246863233183852
"3705",370.4,"Simu1","NIT",50,"cliver",0.236908630876235
"3706",370.5,"Simu1","NIT",50,"cliver",0.227200397636
"3707",370.6,"Simu1","NIT",50,"cliver",0.217742457262452
"3708",370.7,"Simu1","NIT",50,"cliver",0.208537971903083
"3709",370.8,"Simu1","NIT",50,"cliver",0.19958939669949
"3710",370.9,"Simu1","NIT",50,"cliver",0.190898528253636
"3711",371,"Simu1","NIT",50,"cliver",0.182466547244808
"3712",371.1,"Simu1","NIT",50,"cliver",0.174294055599877
"3713",371.2,"Simu1","NIT",50,"cliver",0.166381108726826
"3714",371.3,"Simu1","NIT",50,"cliver",0.158727243229868
"3715",371.4,"Simu1","NIT",50,"cliver",0.151331500732581
"3716",371.5,"Simu1","NIT",50,"cliver",0.144192448259104
"3717",371.6,"Simu1","NIT",50,"cliver",0.137308196150092
"3718",371.7,"Simu1","NIT",50,"cliver",0.130676413597972
"3719",371.8,"Simu1","NIT",50,"cliver",0.124294343824599
"3720",371.9,"Simu1","NIT",50,"cliver",0.118158817836661
"3721",372,"Simu1","NIT",50,"cliver",0.113307716073712
"3722",372.1,"Simu1","NIT",50,"cliver",0.378236007049238
"3723",372.2,"Simu1","NIT",50,"cliver",0.506103563603783
"3724",372.3,"Simu1","NIT",50,"cliver",0.548395660389246
"3725",372.4,"Simu1","NIT",50,"cliver",0.567951552718512
"3726",372.5,"Simu1","NIT",50,"cliver",0.579495903453032
"3727",372.6,"Simu1","NIT",50,"cliver",0.586976289010612
"3728",372.7,"Simu1","NIT",50,"cliver",0.591614845468697
"3729",372.8,"Simu1","NIT",50,"cliver",0.593922915136805
"3730",372.9,"Simu1","NIT",50,"cliver",0.59421045813132
"3731",373,"Simu1","NIT",50,"cliver",0.592717487621733
"3732",373.1,"Simu1","NIT",50,"cliver",0.589649682450196
"3733",373.2,"Simu1","NIT",50,"cliver",0.585188955262714
"3734",373.3,"Simu1","NIT",50,"cliver",0.579498493194309
"3735",373.4,"Simu1","NIT",50,"cliver",0.572724966340549
"3736",373.5,"Simu1","NIT",50,"cliver",0.565000720098264
"3737",373.6,"Simu1","NIT",50,"cliver",0.556445309484354
"3738",373.7,"Simu1","NIT",50,"cliver",0.547166762294277
"3739",373.8,"Simu1","NIT",50,"cliver",0.537262883032701
"3740",373.9,"Simu1","NIT",50,"cliver",0.526822368941133
"3741",374,"Simu1","NIT",50,"cliver",0.515925687055653
"3742",374.1,"Simu1","NIT",50,"cliver",0.504645850137769
"3743",374.2,"Simu1","NIT",50,"cliver",0.493049132453794
"3744",374.3,"Simu1","NIT",50,"cliver",0.481195729360706
"3745",374.4,"Simu1","NIT",50,"cliver",0.469140330767521
"3746",374.5,"Simu1","NIT",50,"cliver",0.456932610850212
"3747",374.6,"Simu1","NIT",50,"cliver",0.444617667160953
"3748",374.7,"Simu1","NIT",50,"cliver",0.432236426349994
"3749",374.8,"Simu1","NIT",50,"cliver",0.419826011349026
"3750",374.9,"Simu1","NIT",50,"cliver",0.40742006724448
"3751",375,"Simu1","NIT",50,"cliver",0.395049053387177
"3752",375.1,"Simu1","NIT",50,"cliver",0.382740509983224
"3753",375.2,"Simu1","NIT",50,"cliver",0.370519302253433
"3754",375.3,"Simu1","NIT",50,"cliver",0.358407842667068
"3755",375.4,"Simu1","NIT",50,"cliver",0.346426292808788
"3756",375.5,"Simu1","NIT",50,"cliver",0.334592747696087
"3757",375.6,"Simu1","NIT",50,"cliver",0.322923404918223
"3758",375.7,"Simu1","NIT",50,"cliver",0.311432719879441
"3759",375.8,"Simu1","NIT",50,"cliver",0.300133548032782
"3760",375.9,"Simu1","NIT",50,"cliver",0.28903727471439
"3761",376,"Simu1","NIT",50,"cliver",0.278153935087105
"3762",376.1,"Simu1","NIT",50,"cliver",0.267492323411445
"3763",376.2,"Simu1","NIT",50,"cliver",0.257060093098761
"3764",376.3,"Simu1","NIT",50,"cliver",0.246863848013714
"3765",376.4,"Simu1","NIT",50,"cliver",0.2369092256448
"3766",376.5,"Simu1","NIT",50,"cliver",0.227200972591957
"3767",376.6,"Simu1","NIT",50,"cliver",0.217743012667927
"3768",376.7,"Simu1","NIT",50,"cliver",0.208538508032645
"3769",376.8,"Simu1","NIT",50,"cliver",0.199589913839003
"3770",376.9,"Simu1","NIT",50,"cliver",0.190899026699196
"3771",377,"Simu1","NIT",50,"cliver",0.182467027302358
"3772",377.1,"Simu1","NIT",50,"cliver",0.174294517584609
"3773",377.2,"Simu1","NIT",50,"cliver",0.166381552963076
"3774",377.3,"Simu1","NIT",50,"cliver",0.158727670050314
"3775",377.4,"Simu1","NIT",50,"cliver",0.151331910479351
"3776",377.5,"Simu1","NIT",50,"cliver",0.144192841281492
"3777",377.6,"Simu1","NIT",50,"cliver",0.137308572809316
"3778",377.7,"Simu1","NIT",50,"cliver",0.130676774260577
"3779",377.8,"Simu1","NIT",50,"cliver",0.124294688862818
"3780",377.9,"Simu1","NIT",50,"cliver",0.11815914766179
"3781",378,"Simu1","NIT",50,"cliver",0.113308043247467
"3782",378.1,"Simu1","NIT",50,"cliver",0.378236431231566
"3783",378.2,"Simu1","NIT",50,"cliver",0.506105257358571
"3784",378.3,"Simu1","NIT",50,"cliver",0.548396435981264
"3785",378.4,"Simu1","NIT",50,"cliver",0.5679526823299
"3786",378.5,"Simu1","NIT",50,"cliver",0.579497814573006
"3787",378.6,"Simu1","NIT",50,"cliver",0.586976986230184
"3788",378.7,"Simu1","NIT",50,"cliver",0.591615958470699
"3789",378.8,"Simu1","NIT",50,"cliver",0.593924041535267
"3790",378.9,"Simu1","NIT",50,"cliver",0.594211664935886
"3791",379,"Simu1","NIT",50,"cliver",0.592718696428045
"3792",379.1,"Simu1","NIT",50,"cliver",0.589650869375575
"3793",379.2,"Simu1","NIT",50,"cliver",0.585190150739208
"3794",379.3,"Simu1","NIT",50,"cliver",0.579499682905088
"3795",379.4,"Simu1","NIT",50,"cliver",0.572726136677672
"3796",379.5,"Simu1","NIT",50,"cliver",0.565001882992713
"3797",379.6,"Simu1","NIT",50,"cliver",0.556446465339564
"3798",379.7,"Simu1","NIT",50,"cliver",0.54716790719411
"3799",379.8,"Simu1","NIT",50,"cliver",0.537264007394447
"3800",379.9,"Simu1","NIT",50,"cliver",0.526823477884785
"3801",380,"Simu1","NIT",50,"cliver",0.515926780240048
"3802",380.1,"Simu1","NIT",50,"cliver",0.504646924726287
"3803",380.2,"Simu1","NIT",50,"cliver",0.493050186246697
"3804",380.3,"Simu1","NIT",50,"cliver",0.481196761667083
"3805",380.4,"Simu1","NIT",50,"cliver",0.469141342384749
"3806",380.5,"Simu1","NIT",50,"cliver",0.456933601678309
"3807",380.6,"Simu1","NIT",50,"cliver",0.444618635793952
"3808",380.7,"Simu1","NIT",50,"cliver",0.432237372179301
"3809",380.8,"Simu1","NIT",50,"cliver",0.419826934837254
"3810",380.9,"Simu1","NIT",50,"cliver",0.407420968502779
"3811",381,"Simu1","NIT",50,"cliver",0.395049931964654
"3812",381.1,"Simu1","NIT",50,"cliver",0.382741365668988
"3813",381.2,"Simu1","NIT",50,"cliver",0.370520135242257
"3814",381.3,"Simu1","NIT",50,"cliver",0.358408653145827
"3815",381.4,"Simu1","NIT",50,"cliver",0.346427080808024
"3816",381.5,"Simu1","NIT",50,"cliver",0.334593513267416
"3817",381.6,"Simu1","NIT",50,"cliver",0.322924148242069
"3818",381.7,"Simu1","NIT",50,"cliver",0.311433441201421
"3819",381.8,"Simu1","NIT",50,"cliver",0.300134247570771
"3820",381.9,"Simu1","NIT",50,"cliver",0.28903795266634
"3821",382,"Simu1","NIT",50,"cliver",0.278154591698195
"3822",382.1,"Simu1","NIT",50,"cliver",0.267492958971212
"3823",382.2,"Simu1","NIT",50,"cliver",0.257060707902585
"3824",382.3,"Simu1","NIT",50,"cliver",0.246864442347701
"3825",382.4,"Simu1","NIT",50,"cliver",0.23690979980576
"3826",382.5,"Simu1","NIT",50,"cliver",0.227201526900711
"3827",382.6,"Simu1","NIT",50,"cliver",0.217743547456008
"3828",382.7,"Simu1","NIT",50,"cliver",0.2085390236297
"3829",382.8,"Simu1","NIT",50,"cliver",0.199590410578354
"3830",382.9,"Simu1","NIT",50,"cliver",0.190899504925337
"3831",383,"Simu1","NIT",50,"cliver",0.182467487367691
"3832",383.1,"Simu1","NIT",50,"cliver",0.174294959844333
"3833",383.2,"Simu1","NIT",50,"cliver",0.16638197777575
"3834",383.3,"Simu1","NIT",50,"cliver",0.158728077781304
"3835",383.4,"Simu1","NIT",50,"cliver",0.151332301499592
"3836",383.5,"Simu1","NIT",50,"cliver",0.14419321596877
"3837",383.6,"Simu1","NIT",50,"cliver",0.137308931542328
"3838",383.7,"Simu1","NIT",50,"cliver",0.130677117422421
"3839",383.8,"Simu1","NIT",50,"cliver",0.124295016856658
"3840",383.9,"Simu1","NIT",50,"cliver",0.118159460845274
"3841",384,"Simu1","NIT",50,"cliver",0.113308329553913
"3842",384.1,"Simu1","NIT",50,"cliver",0.378236408553251
"3843",384.2,"Simu1","NIT",50,"cliver",0.506105181367696
"3844",384.3,"Simu1","NIT",50,"cliver",0.548396674424702
"3845",384.4,"Simu1","NIT",50,"cliver",0.567953103346503
"3846",384.5,"Simu1","NIT",50,"cliver",0.579498355879502
"3847",384.6,"Simu1","NIT",50,"cliver",0.586977857532276
"3848",384.7,"Simu1","NIT",50,"cliver",0.591616477026557
"3849",384.8,"Simu1","NIT",50,"cliver",0.593924765203203
"3850",384.9,"Simu1","NIT",50,"cliver",0.594212349556979
"3851",385,"Simu1","NIT",50,"cliver",0.592719388276141
"3852",385.1,"Simu1","NIT",50,"cliver",0.589651528180811
"3853",385.2,"Simu1","NIT",50,"cliver",0.585190839451824
"3854",385.3,"Simu1","NIT",50,"cliver",0.579500375821457
"3855",385.4,"Simu1","NIT",50,"cliver",0.572726862247303
"3856",385.5,"Simu1","NIT",50,"cliver",0.565002584309811
"3857",385.6,"Simu1","NIT",50,"cliver",0.556447118883266
"3858",385.7,"Simu1","NIT",50,"cliver",0.547168543733243
"3859",385.8,"Simu1","NIT",50,"cliver",0.537264655310858
"3860",385.9,"Simu1","NIT",50,"cliver",0.526824118305484
"3861",386,"Simu1","NIT",50,"cliver",0.51592739916984
"3862",386.1,"Simu1","NIT",50,"cliver",0.504647521053613
"3863",386.2,"Simu1","NIT",50,"cliver",0.493050768638725
"3864",386.3,"Simu1","NIT",50,"cliver",0.481197334910245
"3865",386.4,"Simu1","NIT",50,"cliver",0.46914190245154
"3866",386.5,"Simu1","NIT",50,"cliver",0.456934144926773
"3867",386.6,"Simu1","NIT",50,"cliver",0.444619163717085
"3868",386.7,"Simu1","NIT",50,"cliver",0.432237887030615
"3869",386.8,"Simu1","NIT",50,"cliver",0.41982743665036
"3870",386.9,"Simu1","NIT",50,"cliver",0.407421456493008
"3871",387,"Simu1","NIT",50,"cliver",0.395050406011499
"3872",387.1,"Simu1","NIT",50,"cliver",0.382741826202241
"3873",387.2,"Simu1","NIT",50,"cliver",0.370520582665245
"3874",387.3,"Simu1","NIT",50,"cliver",0.358409087601423
"3875",387.4,"Simu1","NIT",50,"cliver",0.34642750232232
"3876",387.5,"Simu1","NIT",50,"cliver",0.334593921967626
"3877",387.6,"Simu1","NIT",50,"cliver",0.322924544368284
"3878",387.7,"Simu1","NIT",50,"cliver",0.311433824949462
"3879",387.8,"Simu1","NIT",50,"cliver",0.300134619063954
"3880",387.9,"Simu1","NIT",50,"cliver",0.289038312211825
"3881",388,"Simu1","NIT",50,"cliver",0.278154939480895
"3882",388.1,"Simu1","NIT",50,"cliver",0.267493295156137
"3883",388.2,"Simu1","NIT",50,"cliver",0.257061032669039
"3884",388.3,"Simu1","NIT",50,"cliver",0.246864755911663
"3885",388.4,"Simu1","NIT",50,"cliver",0.236910102392487
"3886",388.5,"Simu1","NIT",50,"cliver",0.227201818706104
"3887",388.6,"Simu1","NIT",50,"cliver",0.217743828668133
"3888",388.7,"Simu1","NIT",50,"cliver",0.208539294461752
"3889",388.8,"Simu1","NIT",50,"cliver",0.199590671249619
"3890",388.9,"Simu1","NIT",50,"cliver",0.19089975564168
"3891",389,"Simu1","NIT",50,"cliver",0.182467728329904
"3892",389.1,"Simu1","NIT",50,"cliver",0.174295191263858
"3893",389.2,"Simu1","NIT",50,"cliver",0.166382199865045
"3894",389.3,"Simu1","NIT",50,"cliver",0.158728290753893
"3895",389.4,"Simu1","NIT",50,"cliver",0.151332505562715
"3896",389.5,"Simu1","NIT",50,"cliver",0.144193411341109
"3897",389.6,"Simu1","NIT",50,"cliver",0.137309118433224
"3898",389.7,"Simu1","NIT",50,"cliver",0.130677296127751
"3899",389.8,"Simu1","NIT",50,"cliver",0.124295187433153
"3900",389.9,"Simu1","NIT",50,"cliver",0.118159624656208
"3901",390,"Simu1","NIT",50,"cliver",0.113308512111472
"3902",390.1,"Simu1","NIT",50,"cliver",0.37823645104561
"3903",390.2,"Simu1","NIT",50,"cliver",0.50610332533307
"3904",390.3,"Simu1","NIT",50,"cliver",0.548394444905366
"3905",390.4,"Simu1","NIT",50,"cliver",0.567950711147138
"3906",390.5,"Simu1","NIT",50,"cliver",0.579494956337228
"3907",390.6,"Simu1","NIT",50,"cliver",0.586974543220642
"3908",390.7,"Simu1","NIT",50,"cliver",0.591613886708499
"3909",390.8,"Simu1","NIT",50,"cliver",0.593921761462866
"3910",390.9,"Simu1","NIT",50,"cliver",0.594209257413757
"3911",391,"Simu1","NIT",50,"cliver",0.592716296244614
"3912",391.1,"Simu1","NIT",50,"cliver",0.589648363555887
"3913",391.2,"Simu1","NIT",50,"cliver",0.58518760174689
"3914",391.3,"Simu1","NIT",50,"cliver",0.579497054520326
"3915",391.4,"Simu1","NIT",50,"cliver",0.572723554470002
"3916",391.5,"Simu1","NIT",50,"cliver",0.564999403487616
"3917",391.6,"Simu1","NIT",50,"cliver",0.556443990235814
"3918",391.7,"Simu1","NIT",50,"cliver",0.547165405491955
"3919",391.8,"Simu1","NIT",50,"cliver",0.537261540371393
"3920",391.9,"Simu1","NIT",50,"cliver",0.526821073901404
"3921",392,"Simu1","NIT",50,"cliver",0.51592442346445
"3922",392.1,"Simu1","NIT",50,"cliver",0.504644588042738
"3923",392.2,"Simu1","NIT",50,"cliver",0.493047867125252
"3924",392.3,"Simu1","NIT",50,"cliver",0.481194477392873
"3925",392.4,"Simu1","NIT",50,"cliver",0.469139101366043
"3926",392.5,"Simu1","NIT",50,"cliver",0.456931400595671
"3927",392.6,"Simu1","NIT",50,"cliver",0.444616472419028
"3928",392.7,"Simu1","NIT",50,"cliver",0.432235243860511
"3929",392.8,"Simu1","NIT",50,"cliver",0.419824860626583
"3930",392.9,"Simu1","NIT",50,"cliver",0.407418943098835
"3931",393,"Simu1","NIT",50,"cliver",0.395047948810112
"3932",393.1,"Simu1","NIT",50,"cliver",0.3827394254869
"3933",393.2,"Simu1","NIT",50,"cliver",0.370518235977542
"3934",393.3,"Simu1","NIT",50,"cliver",0.358406804597365
"3935",393.4,"Simu1","NIT",50,"cliver",0.346425252967815
"3936",393.5,"Simu1","NIT",50,"cliver",0.33459172945754
"3937",393.6,"Simu1","NIT",50,"cliver",0.322922397090287
"3938",393.7,"Simu1","NIT",50,"cliver",0.311431766884565
"3939",393.8,"Simu1","NIT",50,"cliver",0.300132635305452
"3940",393.9,"Simu1","NIT",50,"cliver",0.289036437761903
"3941",394,"Simu1","NIT",50,"cliver",0.278153122135878
"3942",394.1,"Simu1","NIT",50,"cliver",0.267491582266332
"3943",394.2,"Simu1","NIT",50,"cliver",0.257059352585041
"3944",394.3,"Simu1","NIT",50,"cliver",0.246863188267923
"3945",394.4,"Simu1","NIT",50,"cliver",0.236908606103276
"3946",394.5,"Simu1","NIT",50,"cliver",0.227200362310412
"3947",394.6,"Simu1","NIT",50,"cliver",0.217742394037583
"3948",394.7,"Simu1","NIT",50,"cliver",0.20853791766274
"3949",394.8,"Simu1","NIT",50,"cliver",0.19958934650037
"3950",394.9,"Simu1","NIT",50,"cliver",0.190898516691091
"3951",395,"Simu1","NIT",50,"cliver",0.182466575144617
"3952",395.1,"Simu1","NIT",50,"cliver",0.174294074400321
"3953",395.2,"Simu1","NIT",50,"cliver",0.166381095166657
"3954",395.3,"Simu1","NIT",50,"cliver",0.158727206220446
"3955",395.4,"Simu1","NIT",50,"cliver",0.15133143427904
"3956",395.5,"Simu1","NIT",50,"cliver",0.144192379770547
"3957",395.6,"Simu1","NIT",50,"cliver",0.137308152510532
"3958",395.7,"Simu1","NIT",50,"cliver",0.130676384754042
"3959",395.8,"Simu1","NIT",50,"cliver",0.124294307652997
"3960",395.9,"Simu1","NIT",50,"cliver",0.118158774050183
"3961",396,"Simu1","NIT",50,"cliver",0.113307673525996
"3962",396.1,"Simu1","NIT",50,"cliver",0.378235813564947
"3963",396.2,"Simu1","NIT",50,"cliver",0.506103039882651
"3964",396.3,"Simu1","NIT",50,"cliver",0.548393895480333
"3965",396.4,"Simu1","NIT",50,"cliver",0.567949726374033
"3966",396.5,"Simu1","NIT",50,"cliver",0.579494441619057
"3967",396.6,"Simu1","NIT",50,"cliver",0.586974696383789
"3968",396.7,"Simu1","NIT",50,"cliver",0.59161337977072
"3969",396.8,"Simu1","NIT",50,"cliver",0.593921491295233
"3970",396.9,"Simu1","NIT",50,"cliver",0.594209028381531
"3971",397,"Simu1","NIT",50,"cliver",0.592716089673686
"3972",397.1,"Simu1","NIT",50,"cliver",0.58964814686107
"3973",397.2,"Simu1","NIT",50,"cliver",0.585187457929241
"3974",397.3,"Simu1","NIT",50,"cliver",0.579497046746694
"3975",397.4,"Simu1","NIT",50,"cliver",0.572723594780565
"3976",397.5,"Simu1","NIT",50,"cliver",0.564999408382245
"3977",397.6,"Simu1","NIT",50,"cliver",0.556443943794886
"3978",397.7,"Simu1","NIT",50,"cliver",0.547165345684691
"3979",397.8,"Simu1","NIT",50,"cliver",0.537261492345941
"3980",397.9,"Simu1","NIT",50,"cliver",0.526821028845159
"3981",398,"Simu1","NIT",50,"cliver",0.515924365024033
"3982",398.1,"Simu1","NIT",50,"cliver",0.504644522449217
"3983",398.2,"Simu1","NIT",50,"cliver",0.493047806644079
"3984",398.3,"Simu1","NIT",50,"cliver",0.481194425598976
"3985",398.4,"Simu1","NIT",50,"cliver",0.469139054816593
"3986",398.5,"Simu1","NIT",50,"cliver",0.456931355235278
"3987",398.6,"Simu1","NIT",50,"cliver",0.444616428083633
"3988",398.7,"Simu1","NIT",50,"cliver",0.432235208093098
"3989",398.8,"Simu1","NIT",50,"cliver",0.419824818588696
"3990",398.9,"Simu1","NIT",50,"cliver",0.407418900509581
"3991",399,"Simu1","NIT",50,"cliver",0.395047911372234
"3992",399.1,"Simu1","NIT",50,"cliver",0.382739392614932
"3993",399.2,"Simu1","NIT",50,"cliver",0.370518210743834
"3994",399.3,"Simu1","NIT",50,"cliver",0.358406777972081
"3995",399.4,"Simu1","NIT",50,"cliver",0.34642525498196
"3996",399.5,"Simu1","NIT",50,"cliver",0.334591736488019
"3997",399.6,"Simu1","NIT",50,"cliver",0.322922420368927
"3998",399.7,"Simu1","NIT",50,"cliver",0.311431762181046
"3999",399.8,"Simu1","NIT",50,"cliver",0.300132617100588
"4000",399.9,"Simu1","NIT",50,"cliver",0.289036370498674
"4001",400,"Simu1","NIT",50,"cliver",0.278153057583283
"4002",400.1,"Simu1","NIT",50,"cliver",0.267491472420535
"4003",400.2,"Simu1","NIT",50,"cliver",0.257059268366666
"4004",400.3,"Simu1","NIT",50,"cliver",0.246863049276965
"4005",400.4,"Simu1","NIT",50,"cliver",0.23690845267167
"4006",400.5,"Simu1","NIT",50,"cliver",0.227200225121008
"4007",400.6,"Simu1","NIT",50,"cliver",0.217742290366692
"4008",400.7,"Simu1","NIT",50,"cliver",0.208537810555526
"4009",400.8,"Simu1","NIT",50,"cliver",0.199589240858888
"4010",400.9,"Simu1","NIT",50,"cliver",0.190898377868415
"4011",401,"Simu1","NIT",50,"cliver",0.182466402235696
"4012",401.1,"Simu1","NIT",50,"cliver",0.174293915884031
"4013",401.2,"Simu1","NIT",50,"cliver",0.166380974228483
"4014",401.3,"Simu1","NIT",50,"cliver",0.158727113870269
"4015",401.4,"Simu1","NIT",50,"cliver",0.151331376420546
"4016",401.5,"Simu1","NIT",50,"cliver",0.144192328904253
"4017",401.6,"Simu1","NIT",50,"cliver",0.137308081646921
"4018",401.7,"Simu1","NIT",50,"cliver",0.130676303932386
"4019",401.8,"Simu1","NIT",50,"cliver",0.124294239022273
"4020",401.9,"Simu1","NIT",50,"cliver",0.11815871712276
"4021",402,"Simu1","NIT",50,"cliver",0.113307611889324
"4022",402.1,"Simu1","NIT",50,"cliver",0.378235454249462
"4023",402.2,"Simu1","NIT",50,"cliver",0.506102604453878
"4024",402.3,"Simu1","NIT",50,"cliver",0.548393479701497
"4025",402.4,"Simu1","NIT",50,"cliver",0.567949210175299
"4026",402.5,"Simu1","NIT",50,"cliver",0.579493918719456
"4027",402.6,"Simu1","NIT",50,"cliver",0.586974155653902
"4028",402.7,"Simu1","NIT",50,"cliver",0.591612845748102
"4029",402.8,"Simu1","NIT",50,"cliver",0.593920850892342
"4030",402.9,"Simu1","NIT",50,"cliver",0.594208452986063
"4031",403,"Simu1","NIT",50,"cliver",0.592715421219823
"4032",403.1,"Simu1","NIT",50,"cliver",0.589647539085692
"4033",403.2,"Simu1","NIT",50,"cliver",0.585186860109769
"4034",403.3,"Simu1","NIT",50,"cliver",0.579496421658001
"4035",403.4,"Simu1","NIT",50,"cliver",0.572722961560273
"4036",403.5,"Simu1","NIT",50,"cliver",0.564998730246294
"4037",403.6,"Simu1","NIT",50,"cliver",0.556443279245408
"4038",403.7,"Simu1","NIT",50,"cliver",0.547164728567829
"4039",403.8,"Simu1","NIT",50,"cliver",0.53726089442277
"4040",403.9,"Simu1","NIT",50,"cliver",0.526820421917578
"4041",404,"Simu1","NIT",50,"cliver",0.515923758877931
"4042",404.1,"Simu1","NIT",50,"cliver",0.504643932357541
"4043",404.2,"Simu1","NIT",50,"cliver",0.493047238136897
"4044",404.3,"Simu1","NIT",50,"cliver",0.481193871419916
"4045",404.4,"Simu1","NIT",50,"cliver",0.469138508492749
"4046",404.5,"Simu1","NIT",50,"cliver",0.456930818955215
"4047",404.6,"Simu1","NIT",50,"cliver",0.444615906192111
"4048",404.7,"Simu1","NIT",50,"cliver",0.432234700794733
"4049",404.8,"Simu1","NIT",50,"cliver",0.419824323697221
"4050",404.9,"Simu1","NIT",50,"cliver",0.407418417080011
"4051",405,"Simu1","NIT",50,"cliver",0.395047440097432
"4052",405.1,"Simu1","NIT",50,"cliver",0.382738934222742
"4053",405.2,"Simu1","NIT",50,"cliver",0.370517765086531
"4054",405.3,"Simu1","NIT",50,"cliver",0.358406344483748
"4055",405.4,"Simu1","NIT",50,"cliver",0.346424833419217
"4056",405.5,"Simu1","NIT",50,"cliver",0.334591326965811
"4057",405.6,"Simu1","NIT",50,"cliver",0.322922022929238
"4058",405.7,"Simu1","NIT",50,"cliver",0.311431376626427
"4059",405.8,"Simu1","NIT",50,"cliver",0.300132243209939
"4060",405.9,"Simu1","NIT",50,"cliver",0.28903600823257
"4061",406,"Simu1","NIT",50,"cliver",0.278152706680417
"4062",406.1,"Simu1","NIT",50,"cliver",0.267491132741692
"4063",406.2,"Simu1","NIT",50,"cliver",0.257058939764407
"4064",406.3,"Simu1","NIT",50,"cliver",0.246862731612214
"4065",406.4,"Simu1","NIT",50,"cliver",0.2369081457782
"4066",406.5,"Simu1","NIT",50,"cliver",0.227199928807915
"4067",406.6,"Simu1","NIT",50,"cliver",0.217742004460507
"4068",406.7,"Simu1","NIT",50,"cliver",0.208537534895818
"4069",406.8,"Simu1","NIT",50,"cliver",0.199588975261232
"4070",406.9,"Simu1","NIT",50,"cliver",0.190898122140509
"4071",407,"Simu1","NIT",50,"cliver",0.182466156189888
"4072",407.1,"Simu1","NIT",50,"cliver",0.174293679341694
"4073",407.2,"Simu1","NIT",50,"cliver",0.166380746991213
"4074",407.3,"Simu1","NIT",50,"cliver",0.15872689575224
"4075",407.4,"Simu1","NIT",50,"cliver",0.15133116720521
"4076",407.5,"Simu1","NIT",50,"cliver",0.144192128429569
"4077",407.6,"Simu1","NIT",50,"cliver",0.137307889640264
"4078",407.7,"Simu1","NIT",50,"cliver",0.13067612032992
"4079",407.8,"Simu1","NIT",50,"cliver",0.124294063204056
"4080",407.9,"Simu1","NIT",50,"cliver",0.118158549578534
"4081",408,"Simu1","NIT",50,"cliver",0.113307461573984
"4082",408.1,"Simu1","NIT",50,"cliver",0.378235577905179
"4083",408.2,"Simu1","NIT",50,"cliver",0.506104372300968
"4084",408.3,"Simu1","NIT",50,"cliver",0.548395841174559
"4085",408.4,"Simu1","NIT",50,"cliver",0.567952147766621
"4086",408.5,"Simu1","NIT",50,"cliver",0.579497705116645
"4087",408.6,"Simu1","NIT",50,"cliver",0.586977838587968
"4088",408.7,"Simu1","NIT",50,"cliver",0.591616217665942
"4089",408.8,"Simu1","NIT",50,"cliver",0.59392415006533
"4090",408.9,"Simu1","NIT",50,"cliver",0.594211735017925
"4091",409,"Simu1","NIT",50,"cliver",0.592718714801643
"4092",409.1,"Simu1","NIT",50,"cliver",0.589650884270008
"4093",409.2,"Simu1","NIT",50,"cliver",0.585190217489616
"4094",409.3,"Simu1","NIT",50,"cliver",0.579499770155539
"4095",409.4,"Simu1","NIT",50,"cliver",0.572726289574568
"4096",409.5,"Simu1","NIT",50,"cliver",0.565002041202917
"4097",409.6,"Simu1","NIT",50,"cliver",0.556446586434075
"4098",409.7,"Simu1","NIT",50,"cliver",0.547168024713878
"4099",409.8,"Simu1","NIT",50,"cliver",0.537264156901458
"4100",409.9,"Simu1","NIT",50,"cliver",0.526823640689345
"4101",410,"Simu1","NIT",50,"cliver",0.515926938000464
"4102",410.1,"Simu1","NIT",50,"cliver",0.504647075110992
"4103",410.2,"Simu1","NIT",50,"cliver",0.493050339375224
"4104",410.3,"Simu1","NIT",50,"cliver",0.481196922960892
"4105",410.4,"Simu1","NIT",50,"cliver",0.46914150651181
"4106",410.5,"Simu1","NIT",50,"cliver",0.45693376350796
"4107",410.6,"Simu1","NIT",50,"cliver",0.444618796633086
"4108",410.7,"Simu1","NIT",50,"cliver",0.432237534504505
"4109",410.8,"Simu1","NIT",50,"cliver",0.419827098117898
"4110",410.9,"Simu1","NIT",50,"cliver",0.407421131042842
"4111",411,"Simu1","NIT",50,"cliver",0.395050093195532
"4112",411.1,"Simu1","NIT",50,"cliver",0.38274152585564
"4113",411.2,"Simu1","NIT",50,"cliver",0.370520294409748
"4114",411.3,"Simu1","NIT",50,"cliver",0.358408810886272
"4115",411.4,"Simu1","NIT",50,"cliver",0.346427236707728
"4116",411.5,"Simu1","NIT",50,"cliver",0.334593667146521
"4117",411.6,"Simu1","NIT",50,"cliver",0.322924300014386
"4118",411.7,"Simu1","NIT",50,"cliver",0.311433590674951
"4119",411.8,"Simu1","NIT",50,"cliver",0.300134394473132
"4120",411.9,"Simu1","NIT",50,"cliver",0.289038097017983
"4121",412,"Simu1","NIT",50,"cliver",0.278154733375915
"4122",412.1,"Simu1","NIT",50,"cliver",0.267493097826056
"4123",412.2,"Simu1","NIT",50,"cliver",0.257060843797151
"4124",412.3,"Simu1","NIT",50,"cliver",0.246864575207144
"4125",412.4,"Simu1","NIT",50,"cliver",0.236909929587627
"4126",412.5,"Simu1","NIT",50,"cliver",0.227201653533428
"4127",412.6,"Simu1","NIT",50,"cliver",0.217743670859478
"4128",412.7,"Simu1","NIT",50,"cliver",0.208539143763174
"4129",412.8,"Simu1","NIT",50,"cliver",0.199590527420711
"4130",412.9,"Simu1","NIT",50,"cliver",0.190899618448548
"4131",413,"Simu1","NIT",50,"cliver",0.182467597541307
"4132",413.1,"Simu1","NIT",50,"cliver",0.174295066657857
"4133",413.2,"Simu1","NIT",50,"cliver",0.166382081224926
"4134",413.3,"Simu1","NIT",50,"cliver",0.15872817787436
"4135",413.4,"Simu1","NIT",50,"cliver",0.151332398233407
"4136",413.5,"Simu1","NIT",50,"cliver",0.144193309374423
"4137",413.6,"Simu1","NIT",50,"cliver",0.13730902161061
"4138",413.7,"Simu1","NIT",50,"cliver",0.130677204309684
"4139",413.8,"Simu1","NIT",50,"cliver",0.124295100386233
"4140",413.9,"Simu1","NIT",50,"cliver",0.118159547778419
"4141",414,"Simu1","NIT",50,"cliver",0.11330840770976
"4142",414.1,"Simu1","NIT",50,"cliver",0.378236672333608
"4143",414.2,"Simu1","NIT",50,"cliver",0.5061065888024
"4144",414.3,"Simu1","NIT",50,"cliver",0.548395572115006
"4145",414.4,"Simu1","NIT",50,"cliver",0.56795201451735
"4146",414.5,"Simu1","NIT",50,"cliver",0.579495519451818
"4147",414.6,"Simu1","NIT",50,"cliver",0.586976664764284
"4148",414.7,"Simu1","NIT",50,"cliver",0.591615068742558
"4149",414.8,"Simu1","NIT",50,"cliver",0.593923037824706
"4150",414.9,"Simu1","NIT",50,"cliver",0.59421045307307
"4151",415,"Simu1","NIT",50,"cliver",0.592717358669584
"4152",415.1,"Simu1","NIT",50,"cliver",0.589649731004378
"4153",415.2,"Simu1","NIT",50,"cliver",0.585189184562364
"4154",415.3,"Simu1","NIT",50,"cliver",0.579498711437206
"4155",415.4,"Simu1","NIT",50,"cliver",0.572725272806847
"4156",415.5,"Simu1","NIT",50,"cliver",0.565001127560971
"4157",415.6,"Simu1","NIT",50,"cliver",0.556445749155081
"4158",415.7,"Simu1","NIT",50,"cliver",0.547167165279035
"4159",415.8,"Simu1","NIT",50,"cliver",0.537263233745819
"4160",415.9,"Simu1","NIT",50,"cliver",0.526822705060929
"4161",416,"Simu1","NIT",50,"cliver",0.515926041935175
"4162",416.1,"Simu1","NIT",50,"cliver",0.504646204569794
"4163",416.2,"Simu1","NIT",50,"cliver",0.493049462307228
"4164",416.3,"Simu1","NIT",50,"cliver",0.481196033159155
"4165",416.4,"Simu1","NIT",50,"cliver",0.469140619316604
"4166",416.5,"Simu1","NIT",50,"cliver",0.456932889873566
"4167",416.6,"Simu1","NIT",50,"cliver",0.444617937946879
"4168",416.7,"Simu1","NIT",50,"cliver",0.432236681018487
"4169",416.8,"Simu1","NIT",50,"cliver",0.419826264945154
"4170",416.9,"Simu1","NIT",50,"cliver",0.407420255524636
"4171",417,"Simu1","NIT",50,"cliver",0.395049272941014
"4172",417.1,"Simu1","NIT",50,"cliver",0.382740748919438
"4173",417.2,"Simu1","NIT",50,"cliver",0.37051949251931
"4174",417.3,"Simu1","NIT",50,"cliver",0.358408040066259
"4175",417.4,"Simu1","NIT",50,"cliver",0.34642650637147
"4176",417.5,"Simu1","NIT",50,"cliver",0.334592929617875
"4177",417.6,"Simu1","NIT",50,"cliver",0.322923600952158
"4178",417.7,"Simu1","NIT",50,"cliver",0.311432894331988
"4179",417.8,"Simu1","NIT",50,"cliver",0.300133716628837
"4180",417.9,"Simu1","NIT",50,"cliver",0.289037453904556
"4181",418,"Simu1","NIT",50,"cliver",0.278154095747865
"4182",418.1,"Simu1","NIT",50,"cliver",0.267492465949465
"4183",418.2,"Simu1","NIT",50,"cliver",0.257060240707063
"4184",418.3,"Simu1","NIT",50,"cliver",0.246863996045626
"4185",418.4,"Simu1","NIT",50,"cliver",0.236909359510589
"4186",418.5,"Simu1","NIT",50,"cliver",0.227201098557978
"4187",418.6,"Simu1","NIT",50,"cliver",0.217743138173434
"4188",418.7,"Simu1","NIT",50,"cliver",0.208538629939425
"4189",418.8,"Simu1","NIT",50,"cliver",0.199590027012296
"4190",418.9,"Simu1","NIT",50,"cliver",0.190899135616242
"4191",419,"Simu1","NIT",50,"cliver",0.182467131561186
"4192",419.1,"Simu1","NIT",50,"cliver",0.174294619967335
"4193",419.2,"Simu1","NIT",50,"cliver",0.166381645613035
"4194",419.3,"Simu1","NIT",50,"cliver",0.158727766203593
"4195",419.4,"Simu1","NIT",50,"cliver",0.151331988373591
"4196",419.5,"Simu1","NIT",50,"cliver",0.14419298165655
"4197",419.6,"Simu1","NIT",50,"cliver",0.137308768626752
"4198",419.7,"Simu1","NIT",50,"cliver",0.130676925188404
"4199",419.8,"Simu1","NIT",50,"cliver",0.124294764016893
"4200",419.9,"Simu1","NIT",50,"cliver",0.118159258076828
"4201",420,"Simu1","NIT",50,"cliver",0.113308126878172
"4202",420.1,"Simu1","NIT",50,"cliver",0.378236479940492
"4203",420.2,"Simu1","NIT",50,"cliver",0.506105283094694
"4204",420.3,"Simu1","NIT",50,"cliver",0.548396081532228
"4205",420.4,"Simu1","NIT",50,"cliver",0.567952636221035
"4206",420.5,"Simu1","NIT",50,"cliver",0.57949749610811
"4207",420.6,"Simu1","NIT",50,"cliver",0.586977782418423
"4208",420.7,"Simu1","NIT",50,"cliver",0.591616191769098
"4209",420.8,"Simu1","NIT",50,"cliver",0.593924107466716
"4210",420.9,"Simu1","NIT",50,"cliver",0.594211699049188
"4211",421,"Simu1","NIT",50,"cliver",0.592718655770135
"4212",421.1,"Simu1","NIT",50,"cliver",0.589650805978614
"4213",421.2,"Simu1","NIT",50,"cliver",0.585190119349899
"4214",421.3,"Simu1","NIT",50,"cliver",0.579499659736539
"4215",421.4,"Simu1","NIT",50,"cliver",0.57272617681859
"4216",421.5,"Simu1","NIT",50,"cliver",0.565001915446548
"4217",421.6,"Simu1","NIT",50,"cliver",0.556446445460455
"4218",421.7,"Simu1","NIT",50,"cliver",0.54716786795206
"4219",421.8,"Simu1","NIT",50,"cliver",0.537263994109734
"4220",421.9,"Simu1","NIT",50,"cliver",0.526823474443848
"4221",422,"Simu1","NIT",50,"cliver",0.515926765750981
"4222",422.1,"Simu1","NIT",50,"cliver",0.504646894863474
"4223",422.2,"Simu1","NIT",50,"cliver",0.493050153035908
"4224",422.3,"Simu1","NIT",50,"cliver",0.481196733613872
"4225",422.4,"Simu1","NIT",50,"cliver",0.46914131521478
"4226",422.5,"Simu1","NIT",50,"cliver",0.45693356988619
"4227",422.6,"Simu1","NIT",50,"cliver",0.444618600875812
"4228",422.7,"Simu1","NIT",50,"cliver",0.432237337667173
"4229",422.8,"Simu1","NIT",50,"cliver",0.419826901186657
"4230",422.9,"Simu1","NIT",50,"cliver",0.40742093446266
"4231",423,"Simu1","NIT",50,"cliver",0.395049897188269
"4232",423.1,"Simu1","NIT",50,"cliver",0.382741330794747
"4233",423.2,"Simu1","NIT",50,"cliver",0.370520100795444
"4234",423.3,"Simu1","NIT",50,"cliver",0.358408619134126
"4235",423.4,"Simu1","NIT",50,"cliver",0.346427047091059
"4236",423.5,"Simu1","NIT",50,"cliver",0.33459347989742
"4237",423.6,"Simu1","NIT",50,"cliver",0.322924115390286
"4238",423.7,"Simu1","NIT",50,"cliver",0.311433408927258
"4239",423.8,"Simu1","NIT",50,"cliver",0.300134215780302
"4240",423.9,"Simu1","NIT",50,"cliver",0.289037921576786
"4241",424,"Simu1","NIT",50,"cliver",0.278154561344873
"4242",424.1,"Simu1","NIT",50,"cliver",0.267492929342368
"4243",424.2,"Simu1","NIT",50,"cliver",0.257060678973341
"4244",424.3,"Simu1","NIT",50,"cliver",0.246864414142996
"4245",424.4,"Simu1","NIT",50,"cliver",0.236909772375284
"4246",424.5,"Simu1","NIT",50,"cliver",0.227201500248929
"4247",424.6,"Simu1","NIT",50,"cliver",0.217743521560331
"4248",424.7,"Simu1","NIT",50,"cliver",0.208538998497397
"4249",424.8,"Simu1","NIT",50,"cliver",0.199590386227944
"4250",424.9,"Simu1","NIT",50,"cliver",0.19089948135787
"4251",425,"Simu1","NIT",50,"cliver",0.182467464568778
"4252",425.1,"Simu1","NIT",50,"cliver",0.174294937812914
"4253",425.2,"Simu1","NIT",50,"cliver",0.166381956505789
"4254",425.3,"Simu1","NIT",50,"cliver",0.15872805727705
"4255",425.4,"Simu1","NIT",50,"cliver",0.151332281734291
"4256",425.5,"Simu1","NIT",50,"cliver",0.144193196963715
"4257",425.6,"Simu1","NIT",50,"cliver",0.137308913227821
"4258",425.7,"Simu1","NIT",50,"cliver",0.130677099978793
"4259",425.8,"Simu1","NIT",50,"cliver",0.124295000005416
"4260",425.9,"Simu1","NIT",50,"cliver",0.118159444603738
"4261",426,"Simu1","NIT",50,"cliver",0.113308308390217
"4262",426.1,"Simu1","NIT",50,"cliver",0.378236584655929
"4263",426.2,"Simu1","NIT",50,"cliver",0.506104117466801
"4264",426.3,"Simu1","NIT",50,"cliver",0.548395542394949
"4265",426.4,"Simu1","NIT",50,"cliver",0.567951610054966
"4266",426.5,"Simu1","NIT",50,"cliver",0.579496065325097
"4267",426.6,"Simu1","NIT",50,"cliver",0.586976380449784
"4268",426.7,"Simu1","NIT",50,"cliver",0.591614397463685
"4269",426.8,"Simu1","NIT",50,"cliver",0.5939228640055
"4270",426.9,"Simu1","NIT",50,"cliver",0.5942103268781
"4271",427,"Simu1","NIT",50,"cliver",0.592717421566137
"4272",427.1,"Simu1","NIT",50,"cliver",0.58964950987914
"4273",427.2,"Simu1","NIT",50,"cliver",0.585188794930804
"4274",427.3,"Simu1","NIT",50,"cliver",0.57949837153622
"4275",427.4,"Simu1","NIT",50,"cliver",0.572724904833956
"4276",427.5,"Simu1","NIT",50,"cliver",0.565000699216891
"4277",427.6,"Simu1","NIT",50,"cliver",0.556445210859521
"4278",427.7,"Simu1","NIT",50,"cliver",0.547166591019311
"4279",427.8,"Simu1","NIT",50,"cliver",0.537262716311561
"4280",427.9,"Simu1","NIT",50,"cliver",0.526822231514046
"4281",428,"Simu1","NIT",50,"cliver",0.515925543548246
"4282",428.1,"Simu1","NIT",50,"cliver",0.504645677817183
"4283",428.2,"Simu1","NIT",50,"cliver",0.493048937228856
"4284",428.3,"Simu1","NIT",50,"cliver",0.481195530181448
"4285",428.4,"Simu1","NIT",50,"cliver",0.469140133585628
"4286",428.5,"Simu1","NIT",50,"cliver",0.456932408407158
"4287",428.6,"Simu1","NIT",50,"cliver",0.444617455627385
"4288",428.7,"Simu1","NIT",50,"cliver",0.432236209733293
"4289",428.8,"Simu1","NIT",50,"cliver",0.419825794037859
"4290",428.9,"Simu1","NIT",50,"cliver",0.40741984995261
"4291",429,"Simu1","NIT",50,"cliver",0.395048835230998
"4292",429.1,"Simu1","NIT",50,"cliver",0.382740291010137
"4293",429.2,"Simu1","NIT",50,"cliver",0.370519083636203
"4294",429.3,"Simu1","NIT",50,"cliver",0.358407625566796
"4295",429.4,"Simu1","NIT",50,"cliver",0.346426077670862
"4296",429.5,"Simu1","NIT",50,"cliver",0.334592534583476
"4297",429.6,"Simu1","NIT",50,"cliver",0.322923194095351
"4298",429.7,"Simu1","NIT",50,"cliver",0.31143251181973
"4299",429.8,"Simu1","NIT",50,"cliver",0.300133343016641
"4300",429.9,"Simu1","NIT",50,"cliver",0.289037073061705
"4301",430,"Simu1","NIT",50,"cliver",0.278153737145663
"4302",430.1,"Simu1","NIT",50,"cliver",0.267492129339082
"4303",430.2,"Simu1","NIT",50,"cliver",0.257059903019108
"4304",430.3,"Simu1","NIT",50,"cliver",0.246863662054919
"4305",430.4,"Simu1","NIT",50,"cliver",0.23690904396705
"4306",430.5,"Simu1","NIT",50,"cliver",0.227200795324529
"4307",430.6,"Simu1","NIT",50,"cliver",0.217742839874591
"4308",430.7,"Simu1","NIT",50,"cliver",0.208538339771263
"4309",430.8,"Simu1","NIT",50,"cliver",0.199589750188878
"4310",430.9,"Simu1","NIT",50,"cliver",0.190898867718565
"4311",431,"Simu1","NIT",50,"cliver",0.182466873013561
"4312",431.1,"Simu1","NIT",50,"cliver",0.174294368000408
"4313",431.2,"Simu1","NIT",50,"cliver",0.166381408097875
"4314",431.3,"Simu1","NIT",50,"cliver",0.158727529907553
"4315",431.4,"Simu1","NIT",50,"cliver",0.151331775044865
"4316",431.5,"Simu1","NIT",50,"cliver",0.1441927105339
"4317",431.6,"Simu1","NIT",50,"cliver",0.137308446712406
"4318",431.7,"Simu1","NIT",50,"cliver",0.130676652849723
"4319",431.8,"Simu1","NIT",50,"cliver",0.12429457225064
"4320",431.9,"Simu1","NIT",50,"cliver",0.118159035044353
"4321",432,"Simu1","NIT",50,"cliver",0.113307919731065
"4322",432.1,"Simu1","NIT",50,"cliver",0.378236293442038
"4323",432.2,"Simu1","NIT",50,"cliver",0.506105109175386
"4324",432.3,"Simu1","NIT",50,"cliver",0.548396166876469
"4325",432.4,"Simu1","NIT",50,"cliver",0.567953099877028
"4326",432.5,"Simu1","NIT",50,"cliver",0.579497676940561
"4327",432.6,"Simu1","NIT",50,"cliver",0.586977250288534
"4328",432.7,"Simu1","NIT",50,"cliver",0.591615388539676
"4329",432.8,"Simu1","NIT",50,"cliver",0.59392322631716
"4330",432.9,"Simu1","NIT",50,"cliver",0.594210970812828
"4331",433,"Simu1","NIT",50,"cliver",0.592719084565923
"4332",433.1,"Simu1","NIT",50,"cliver",0.589650048479582
"4333",433.2,"Simu1","NIT",50,"cliver",0.585190584629906
"4334",433.3,"Simu1","NIT",50,"cliver",0.579498519764258
"4335",433.4,"Simu1","NIT",50,"cliver",0.572726817483308
"4336",433.5,"Simu1","NIT",50,"cliver",0.565001680974595
"4337",433.6,"Simu1","NIT",50,"cliver",0.55644624876486
"4338",433.7,"Simu1","NIT",50,"cliver",0.547167591134732
"4339",433.8,"Simu1","NIT",50,"cliver",0.537263791533239
"4340",433.9,"Simu1","NIT",50,"cliver",0.526823348707073
"4341",434,"Simu1","NIT",50,"cliver",0.515926684902432
"4342",434.1,"Simu1","NIT",50,"cliver",0.504646875166992
"4343",434.2,"Simu1","NIT",50,"cliver",0.493050196433486
"4344",434.3,"Simu1","NIT",50,"cliver",0.481196823312855
"4345",434.4,"Simu1","NIT",50,"cliver",0.46914143925452
"4346",434.5,"Simu1","NIT",50,"cliver",0.456933674572045
"4347",434.6,"Simu1","NIT",50,"cliver",0.444618642072923
"4348",434.7,"Simu1","NIT",50,"cliver",0.432237330050587
"4349",434.8,"Simu1","NIT",50,"cliver",0.419826884856911
"4350",434.9,"Simu1","NIT",50,"cliver",0.407420928655193
"4351",435,"Simu1","NIT",50,"cliver",0.395049893000953
"4352",435.1,"Simu1","NIT",50,"cliver",0.382741319090828
"4353",435.2,"Simu1","NIT",50,"cliver",0.370520079479202
"4354",435.3,"Simu1","NIT",50,"cliver",0.358408599959476
"4355",435.4,"Simu1","NIT",50,"cliver",0.346427024884905
"4356",435.5,"Simu1","NIT",50,"cliver",0.334593467681994
"4357",435.6,"Simu1","NIT",50,"cliver",0.322924049527795
"4358",435.7,"Simu1","NIT",50,"cliver",0.311433424949914
"4359",435.8,"Simu1","NIT",50,"cliver",0.300134223278364
"4360",435.9,"Simu1","NIT",50,"cliver",0.289037881752191
"4361",436,"Simu1","NIT",50,"cliver",0.278154543347834
"4362",436.1,"Simu1","NIT",50,"cliver",0.267492941810677
"4363",436.2,"Simu1","NIT",50,"cliver",0.257060704829524
"4364",436.3,"Simu1","NIT",50,"cliver",0.246864453040347
"4365",436.4,"Simu1","NIT",50,"cliver",0.236909821398742
"4366",436.5,"Simu1","NIT",50,"cliver",0.227201540965077
"4367",436.6,"Simu1","NIT",50,"cliver",0.2177435410767
"4368",436.7,"Simu1","NIT",50,"cliver",0.208539012054665
"4369",436.8,"Simu1","NIT",50,"cliver",0.199590407141028
"4370",436.9,"Simu1","NIT",50,"cliver",0.190899497155156
"4371",437,"Simu1","NIT",50,"cliver",0.182467472722481
"4372",437.1,"Simu1","NIT",50,"cliver",0.174294953356958
"4373",437.2,"Simu1","NIT",50,"cliver",0.166381970403067
"4374",437.3,"Simu1","NIT",50,"cliver",0.158728056887535
"4375",437.4,"Simu1","NIT",50,"cliver",0.151332287903883
"4376",437.5,"Simu1","NIT",50,"cliver",0.144193214064043
"4377",437.6,"Simu1","NIT",50,"cliver",0.137308913907714
"4378",437.7,"Simu1","NIT",50,"cliver",0.130677092708843
"4379",437.8,"Simu1","NIT",50,"cliver",0.124295013414724
"4380",437.9,"Simu1","NIT",50,"cliver",0.118159469412864
"4381",438,"Simu1","NIT",50,"cliver",0.113308294269764
"4382",438.1,"Simu1","NIT",50,"cliver",0.378236222051379
"4383",438.2,"Simu1","NIT",50,"cliver",0.506104109697378
"4384",438.3,"Simu1","NIT",50,"cliver",0.548395187539799
"4385",438.4,"Simu1","NIT",50,"cliver",0.567951528301353
"4386",438.5,"Simu1","NIT",50,"cliver",0.579495749112443
"4387",438.6,"Simu1","NIT",50,"cliver",0.586976181805749
"4388",438.7,"Simu1","NIT",50,"cliver",0.591614669764346
"4389",438.8,"Simu1","NIT",50,"cliver",0.593922697280379
"4390",438.9,"Simu1","NIT",50,"cliver",0.594210170135694
"4391",439,"Simu1","NIT",50,"cliver",0.59271723749143
"4392",439.1,"Simu1","NIT",50,"cliver",0.589649364895082
"4393",439.2,"Simu1","NIT",50,"cliver",0.585188604434042
"4394",439.3,"Simu1","NIT",50,"cliver",0.57949811252368
"4395",439.4,"Simu1","NIT",50,"cliver",0.572724565948618
"4396",439.5,"Simu1","NIT",50,"cliver",0.5650003405101
"4397",439.6,"Simu1","NIT",50,"cliver",0.556444940288607
"4398",439.7,"Simu1","NIT",50,"cliver",0.547166377670412
"4399",439.8,"Simu1","NIT",50,"cliver",0.537262481427732
"4400",439.9,"Simu1","NIT",50,"cliver",0.526821964114469
"4401",440,"Simu1","NIT",50,"cliver",0.515925289600307
"4402",440.1,"Simu1","NIT",50,"cliver",0.504645456865583
"4403",440.2,"Simu1","NIT",50,"cliver",0.49304873731745
"4404",440.3,"Simu1","NIT",50,"cliver",0.481195333377411
"4405",440.4,"Simu1","NIT",50,"cliver",0.469139938373283
"4406",440.5,"Simu1","NIT",50,"cliver",0.456932223632082
"4407",440.6,"Simu1","NIT",50,"cliver",0.444617284051035
"4408",440.7,"Simu1","NIT",50,"cliver",0.432236046836554
"4409",440.8,"Simu1","NIT",50,"cliver",0.419825636390375
"4410",440.9,"Simu1","NIT",50,"cliver",0.407419697946963
"4411",441,"Simu1","NIT",50,"cliver",0.395048690087617
"4412",441.1,"Simu1","NIT",50,"cliver",0.382740152644295
"4413",441.2,"Simu1","NIT",50,"cliver",0.370518951081095
"4414",441.3,"Simu1","NIT",50,"cliver",0.358407498084854
"4415",441.4,"Simu1","NIT",50,"cliver",0.346425955128817
"4416",441.5,"Simu1","NIT",50,"cliver",0.334592417054728
"4417",441.6,"Simu1","NIT",50,"cliver",0.322923081432843
"4418",441.7,"Simu1","NIT",50,"cliver",0.311432403800209
"4419",441.8,"Simu1","NIT",50,"cliver",0.300133239380341
"4420",441.9,"Simu1","NIT",50,"cliver",0.289036973578575
"4421",442,"Simu1","NIT",50,"cliver",0.278153641545213
"4422",442.1,"Simu1","NIT",50,"cliver",0.267492037548956
"4423",442.2,"Simu1","NIT",50,"cliver",0.257059814965354
"4424",442.3,"Simu1","NIT",50,"cliver",0.246863577613596
"4425",442.4,"Simu1","NIT",50,"cliver",0.236908962979907
"4426",442.5,"Simu1","NIT",50,"cliver",0.227200717671336
"4427",442.6,"Simu1","NIT",50,"cliver",0.217742765477816
"4428",442.7,"Simu1","NIT",50,"cliver",0.208538268536568
"4429",442.8,"Simu1","NIT",50,"cliver",0.199589681992228
"4430",442.9,"Simu1","NIT",50,"cliver",0.190898802456007
"4431",443,"Simu1","NIT",50,"cliver",0.182466810601969
"4432",443.1,"Simu1","NIT",50,"cliver",0.174294308359603
"4433",443.2,"Simu1","NIT",50,"cliver",0.166381351127036
"4434",443.3,"Simu1","NIT",50,"cliver",0.158727475527777
"4435",443.4,"Simu1","NIT",50,"cliver",0.151331723154522
"4436",443.5,"Simu1","NIT",50,"cliver",0.14419266109358
"4437",443.6,"Simu1","NIT",50,"cliver",0.13730839955994
"4438",443.7,"Simu1","NIT",50,"cliver",0.130676607920726
"4439",443.8,"Simu1","NIT",50,"cliver",0.12429452936679
"4440",443.9,"Simu1","NIT",50,"cliver",0.118158995125139
"4441",444,"Simu1","NIT",50,"cliver",0.11330788139666
"4442",444.1,"Simu1","NIT",50,"cliver",0.378235873555094
"4443",444.2,"Simu1","NIT",50,"cliver",0.506103003384862
"4444",444.3,"Simu1","NIT",50,"cliver",0.54839382240095
"4445",444.4,"Simu1","NIT",50,"cliver",0.567949632872049
"4446",444.5,"Simu1","NIT",50,"cliver",0.579494333023421
"4447",444.6,"Simu1","NIT",50,"cliver",0.586974575388693
"4448",444.7,"Simu1","NIT",50,"cliver",0.591613248167147
"4449",444.8,"Simu1","NIT",50,"cliver",0.593921350711184
"4450",444.9,"Simu1","NIT",50,"cliver",0.594208879891161
"4451",445,"Simu1","NIT",50,"cliver",0.592715934701125
"4452",445.1,"Simu1","NIT",50,"cliver",0.589647986328096
"4453",445.2,"Simu1","NIT",50,"cliver",0.585187292766741
"4454",445.3,"Simu1","NIT",50,"cliver",0.579496877906527
"4455",445.4,"Simu1","NIT",50,"cliver",0.572723422996418
"4456",445.5,"Simu1","NIT",50,"cliver",0.564999234422974
"4457",445.6,"Simu1","NIT",50,"cliver",0.556443768241151
"4458",445.7,"Simu1","NIT",50,"cliver",0.547165169100013
"4459",445.8,"Simu1","NIT",50,"cliver",0.537261315243525
"4460",445.9,"Simu1","NIT",50,"cliver",0.526820851737745
"4461",446,"Simu1","NIT",50,"cliver",0.515924188346104
"4462",446.1,"Simu1","NIT",50,"cliver",0.504644346566566
"4463",446.2,"Simu1","NIT",50,"cliver",0.493047631889247
"4464",446.3,"Simu1","NIT",50,"cliver",0.481194252286652
"4465",446.4,"Simu1","NIT",50,"cliver",0.469138883235268
"4466",446.5,"Simu1","NIT",50,"cliver",0.456931185635742
"4467",446.6,"Simu1","NIT",50,"cliver",0.444616260682504
"4468",446.7,"Simu1","NIT",50,"cliver",0.432235043084192
"4469",446.8,"Simu1","NIT",50,"cliver",0.419824656147561
"4470",446.9,"Simu1","NIT",50,"cliver",0.407418740791286
"4471",447,"Simu1","NIT",50,"cliver",0.395047754510423
"4472",447.1,"Simu1","NIT",50,"cliver",0.382739238724544
"4473",447.2,"Simu1","NIT",50,"cliver",0.370518059924418
"4474",447.3,"Simu1","NIT",50,"cliver",0.358406630309368
"4475",447.4,"Simu1","NIT",50,"cliver",0.346425110548193
"4476",447.5,"Simu1","NIT",50,"cliver",0.334591595342601
"4477",447.6,"Simu1","NIT",50,"cliver",0.322922282559827
"4478",447.7,"Simu1","NIT",50,"cliver",0.311431627746223
"4479",447.8,"Simu1","NIT",50,"cliver",0.300132486068857
"4480",447.9,"Simu1","NIT",50,"cliver",0.289036242890183
"4481",448,"Simu1","NIT",50,"cliver",0.278152933410478
"4482",448.1,"Simu1","NIT",50,"cliver",0.267491351688843
"4483",448.2,"Simu1","NIT",50,"cliver",0.257059151075064
"4484",448.3,"Simu1","NIT",50,"cliver",0.24686293541858
"4485",448.4,"Simu1","NIT",50,"cliver",0.23690834223432
"4486",448.5,"Simu1","NIT",50,"cliver",0.227200118087687
"4487",448.6,"Simu1","NIT",50,"cliver",0.217742186715941
"4488",448.7,"Simu1","NIT",50,"cliver",0.208537710261767
"4489",448.8,"Simu1","NIT",50,"cliver",0.199589143892762
"4490",448.9,"Simu1","NIT",50,"cliver",0.190898284197056
"4491",449,"Simu1","NIT",50,"cliver",0.182466311822929
"4492",449.1,"Simu1","NIT",50,"cliver",0.174293828690533
"4493",449.2,"Simu1","NIT",50,"cliver",0.166380890211958
"4494",449.3,"Simu1","NIT",50,"cliver",0.158727032985529
"4495",449.4,"Simu1","NIT",50,"cliver",0.151331298619651
"4496",449.5,"Simu1","NIT",50,"cliver",0.144192254136463
"4497",449.6,"Simu1","NIT",50,"cliver",0.137308009858972
"4498",449.7,"Simu1","NIT",50,"cliver",0.130676235068079
"4499",449.8,"Simu1","NIT",50,"cliver",0.124294173023531
"4500",449.9,"Simu1","NIT",50,"cliver",0.118158653927541
"4501",450,"Simu1","NIT",50,"cliver",0.113307551748529
"4502",450.1,"Simu1","NIT",50,"cliver",0.378235471381455
"4503",450.2,"Simu1","NIT",50,"cliver",0.506102906301252
"4504",450.3,"Simu1","NIT",50,"cliver",0.548394805673616
"4505",450.4,"Simu1","NIT",50,"cliver",0.567951046134692
"4506",450.5,"Simu1","NIT",50,"cliver",0.579494820988081
"4507",450.6,"Simu1","NIT",50,"cliver",0.586974776408
"4508",450.7,"Simu1","NIT",50,"cliver",0.591612677273
"4509",450.8,"Simu1","NIT",50,"cliver",0.593921179781804
"4510",450.9,"Simu1","NIT",50,"cliver",0.594208478650567
"4511",451,"Simu1","NIT",50,"cliver",0.592715913012031
"4512",451.1,"Simu1","NIT",50,"cliver",0.589648133901306
"4513",451.2,"Simu1","NIT",50,"cliver",0.585187307863326
"4514",451.3,"Simu1","NIT",50,"cliver",0.579496994299578
"4515",451.4,"Simu1","NIT",50,"cliver",0.57272360725661
"4516",451.5,"Simu1","NIT",50,"cliver",0.56499937434644
"4517",451.6,"Simu1","NIT",50,"cliver",0.556443979219611
"4518",451.7,"Simu1","NIT",50,"cliver",0.547165471744328
"4519",451.8,"Simu1","NIT",50,"cliver",0.537261615070352
"4520",451.9,"Simu1","NIT",50,"cliver",0.526821110750769
"4521",452,"Simu1","NIT",50,"cliver",0.51592445958151
"4522",452.1,"Simu1","NIT",50,"cliver",0.504644663855582
"4523",452.2,"Simu1","NIT",50,"cliver",0.493047974021902
"4524",452.3,"Simu1","NIT",50,"cliver",0.481194585883912
"4525",452.4,"Simu1","NIT",50,"cliver",0.469139204494733
"4526",452.5,"Simu1","NIT",50,"cliver",0.456931511127242
"4527",452.6,"Simu1","NIT",50,"cliver",0.444616596704951
"4528",452.7,"Simu1","NIT",50,"cliver",0.432235380816013
"4529",452.8,"Simu1","NIT",50,"cliver",0.419824987701828
"4530",452.9,"Simu1","NIT",50,"cliver",0.407419067306234
"4531",453,"Simu1","NIT",50,"cliver",0.395048079834633
"4532",453.1,"Simu1","NIT",50,"cliver",0.382739562722729
"4533",453.2,"Simu1","NIT",50,"cliver",0.370518379572612
"4534",453.3,"Simu1","NIT",50,"cliver",0.358406943942196
"4535",453.4,"Simu1","NIT",50,"cliver",0.34642541871879
"4536",453.5,"Simu1","NIT",50,"cliver",0.334591898718747
"4537",453.6,"Simu1","NIT",50,"cliver",0.322922580560613
"4538",453.7,"Simu1","NIT",50,"cliver",0.311431919593213
"4539",453.8,"Simu1","NIT",50,"cliver",0.300132771602008
"4540",453.9,"Simu1","NIT",50,"cliver",0.289036522173371
"4541",454,"Simu1","NIT",50,"cliver",0.278153206054228
"4542",454.1,"Simu1","NIT",50,"cliver",0.267491617462372
"4543",454.2,"Simu1","NIT",50,"cliver",0.257059409980116
"4544",454.3,"Simu1","NIT",50,"cliver",0.246863187454169
"4545",454.4,"Simu1","NIT",50,"cliver",0.236908587300593
"4546",454.5,"Simu1","NIT",50,"cliver",0.227200356115075
"4547",454.6,"Simu1","NIT",50,"cliver",0.217742417705483
"4548",454.7,"Simu1","NIT",50,"cliver",0.208537934224784
"4549",454.8,"Simu1","NIT",50,"cliver",0.19958936083233
"4550",454.9,"Simu1","NIT",50,"cliver",0.190898494134024
"4551",455,"Simu1","NIT",50,"cliver",0.182466514795467
"4552",455.1,"Simu1","NIT",50,"cliver",0.174294024747069
"4553",455.2,"Simu1","NIT",50,"cliver",0.166381079412081
"4554",455.3,"Simu1","NIT",50,"cliver",0.158727215396608
"4555",455.4,"Simu1","NIT",50,"cliver",0.151331474326364
"4556",455.5,"Simu1","NIT",50,"cliver",0.144192423202816
"4557",455.6,"Simu1","NIT",50,"cliver",0.137308172201851
"4558",455.7,"Simu1","NIT",50,"cliver",0.13067639095116
"4559",455.8,"Simu1","NIT",50,"cliver",0.124294322653219
"4560",455.9,"Simu1","NIT",50,"cliver",0.118158800027019
"4561",456,"Simu1","NIT",50,"cliver",0.113307647503768
"4562",456.1,"Simu1","NIT",50,"cliver",0.378236429284568
"4563",456.2,"Simu1","NIT",50,"cliver",0.50610421676024
"4564",456.3,"Simu1","NIT",50,"cliver",0.54839503078954
"4565",456.4,"Simu1","NIT",50,"cliver",0.567951178147059
"4566",456.5,"Simu1","NIT",50,"cliver",0.579494318392846
"4567",456.6,"Simu1","NIT",50,"cliver",0.586975796686869
"4568",456.7,"Simu1","NIT",50,"cliver",0.591614338049552
"4569",456.8,"Simu1","NIT",50,"cliver",0.593922269396476
"4570",456.9,"Simu1","NIT",50,"cliver",0.59420976428444
"4571",457,"Simu1","NIT",50,"cliver",0.592716682299565
"4572",457.1,"Simu1","NIT",50,"cliver",0.589648614119294
"4573",457.2,"Simu1","NIT",50,"cliver",0.585188111494004
"4574",457.3,"Simu1","NIT",50,"cliver",0.579497881893211
"4575",457.4,"Simu1","NIT",50,"cliver",0.572724442972439
"4576",457.5,"Simu1","NIT",50,"cliver",0.565000289036511
"4577",457.6,"Simu1","NIT",50,"cliver",0.556444953470552
"4578",457.7,"Simu1","NIT",50,"cliver",0.547166480724477
"4579",457.8,"Simu1","NIT",50,"cliver",0.53726269530226
"4580",457.9,"Simu1","NIT",50,"cliver",0.526822263944308
"4581",458,"Simu1","NIT",50,"cliver",0.515925628663836
"4582",458.1,"Simu1","NIT",50,"cliver",0.504645754602969
"4583",458.2,"Simu1","NIT",50,"cliver",0.493048959074203
"4584",458.3,"Simu1","NIT",50,"cliver",0.481195520925782
"4585",458.4,"Simu1","NIT",50,"cliver",0.469140128828697
"4586",458.5,"Simu1","NIT",50,"cliver",0.456932412439737
"4587",458.6,"Simu1","NIT",50,"cliver",0.444617455274073
"4588",458.7,"Simu1","NIT",50,"cliver",0.432236197804068
"4589",458.8,"Simu1","NIT",50,"cliver",0.419825776682809
"4590",458.9,"Simu1","NIT",50,"cliver",0.407419833757037
"4591",459,"Simu1","NIT",50,"cliver",0.395048822711261
"4592",459.1,"Simu1","NIT",50,"cliver",0.382740276940806
"4593",459.2,"Simu1","NIT",50,"cliver",0.370519071197908
"4594",459.3,"Simu1","NIT",50,"cliver",0.35840760836459
"4595",459.4,"Simu1","NIT",50,"cliver",0.346426070329494
"4596",459.5,"Simu1","NIT",50,"cliver",0.33459251036475
"4597",459.6,"Simu1","NIT",50,"cliver",0.32292316915593
"4598",459.7,"Simu1","NIT",50,"cliver",0.311432499004876
"4599",459.8,"Simu1","NIT",50,"cliver",0.300133369544741
"4600",459.9,"Simu1","NIT",50,"cliver",0.289037074876291
"4601",460,"Simu1","NIT",50,"cliver",0.278153723609404
"4602",460.1,"Simu1","NIT",50,"cliver",0.267492117841663
"4603",460.2,"Simu1","NIT",50,"cliver",0.25705992188273
"4604",460.3,"Simu1","NIT",50,"cliver",0.246863686213253
"4605",460.4,"Simu1","NIT",50,"cliver",0.236909058504037
"4606",460.5,"Simu1","NIT",50,"cliver",0.22720081778743
"4607",460.6,"Simu1","NIT",50,"cliver",0.217742862675997
"4608",460.7,"Simu1","NIT",50,"cliver",0.208538392607838
"4609",460.8,"Simu1","NIT",50,"cliver",0.199589795921209
"4610",460.9,"Simu1","NIT",50,"cliver",0.19089894479677
"4611",461,"Simu1","NIT",50,"cliver",0.182466918729878
"4612",461.1,"Simu1","NIT",50,"cliver",0.174294480926956
"4613",461.2,"Simu1","NIT",50,"cliver",0.166381438170557
"4614",461.3,"Simu1","NIT",50,"cliver",0.158727544365214
"4615",461.4,"Simu1","NIT",50,"cliver",0.151331818681057
"4616",461.5,"Simu1","NIT",50,"cliver",0.144192761725107
"4617",461.6,"Simu1","NIT",50,"cliver",0.13730848681283
"4618",461.7,"Simu1","NIT",50,"cliver",0.130676684080086
"4619",461.8,"Simu1","NIT",50,"cliver",0.124294607580769
"4620",461.9,"Simu1","NIT",50,"cliver",0.118159072112864
"4621",462,"Simu1","NIT",50,"cliver",0.113307941687048
"4622",462.1,"Simu1","NIT",50,"cliver",0.378235969046433
"4623",462.2,"Simu1","NIT",50,"cliver",0.506103396622709
"4624",462.3,"Simu1","NIT",50,"cliver",0.548394678021405
"4625",462.4,"Simu1","NIT",50,"cliver",0.567950572263818
"4626",462.5,"Simu1","NIT",50,"cliver",0.579494413132083
"4627",462.6,"Simu1","NIT",50,"cliver",0.586975186126078
"4628",462.7,"Simu1","NIT",50,"cliver",0.591613734465518
"4629",462.8,"Simu1","NIT",50,"cliver",0.593921753113573
"4630",462.9,"Simu1","NIT",50,"cliver",0.594209286788503
"4631",463,"Simu1","NIT",50,"cliver",0.592716324859524
"4632",463.1,"Simu1","NIT",50,"cliver",0.589648518898148
"4633",463.2,"Simu1","NIT",50,"cliver",0.585187800434656
"4634",463.3,"Simu1","NIT",50,"cliver",0.579497344662168
"4635",463.4,"Simu1","NIT",50,"cliver",0.572723831377946
"4636",463.5,"Simu1","NIT",50,"cliver",0.564999576108417
"4637",463.6,"Simu1","NIT",50,"cliver",0.556444159063169
"4638",463.7,"Simu1","NIT",50,"cliver",0.547165618746659
"4639",463.8,"Simu1","NIT",50,"cliver",0.537261756146443
"4640",463.9,"Simu1","NIT",50,"cliver",0.526821254663135
"4641",464,"Simu1","NIT",50,"cliver",0.515924580733216
"4642",464.1,"Simu1","NIT",50,"cliver",0.50464475346211
"4643",464.2,"Simu1","NIT",50,"cliver",0.493048050616855
"4644",464.3,"Simu1","NIT",50,"cliver",0.481194665070824
"4645",464.4,"Simu1","NIT",50,"cliver",0.469139283381595
"4646",464.5,"Simu1","NIT",50,"cliver",0.456931579902053
"4647",464.6,"Simu1","NIT",50,"cliver",0.444616654012529
"4648",464.7,"Simu1","NIT",50,"cliver",0.432235432656507
"4649",464.8,"Simu1","NIT",50,"cliver",0.419825037738007
"4650",464.9,"Simu1","NIT",50,"cliver",0.407419113754344
"4651",465,"Simu1","NIT",50,"cliver",0.395048120286491
"4652",465.1,"Simu1","NIT",50,"cliver",0.382739597815686
"4653",465.2,"Simu1","NIT",50,"cliver",0.370518411444786
"4654",465.3,"Simu1","NIT",50,"cliver",0.358406973378869
"4655",465.4,"Simu1","NIT",50,"cliver",0.346425445102066
"4656",465.5,"Simu1","NIT",50,"cliver",0.334591921668358
"4657",465.6,"Simu1","NIT",50,"cliver",0.322922600666196
"4658",465.7,"Simu1","NIT",50,"cliver",0.311431937407224
"4659",465.8,"Simu1","NIT",50,"cliver",0.300132787281815
"4660",465.9,"Simu1","NIT",50,"cliver",0.289036535644624
"4661",466,"Simu1","NIT",50,"cliver",0.278153217599975
"4662",466.1,"Simu1","NIT",50,"cliver",0.267491627365147
"4663",466.2,"Simu1","NIT",50,"cliver",0.257059418326997
"4664",466.3,"Simu1","NIT",50,"cliver",0.246863194338725
"4665",466.4,"Simu1","NIT",50,"cliver",0.236908592871831
"4666",466.5,"Simu1","NIT",50,"cliver",0.227200360497445
"4667",466.6,"Simu1","NIT",50,"cliver",0.217742421007008
"4668",466.7,"Simu1","NIT",50,"cliver",0.208537936551636
"4669",466.8,"Simu1","NIT",50,"cliver",0.199589362272476
"4670",466.9,"Simu1","NIT",50,"cliver",0.19089849476372
"4671",467,"Simu1","NIT",50,"cliver",0.182466514700073
"4672",467.1,"Simu1","NIT",50,"cliver",0.174294024007515
"4673",467.2,"Simu1","NIT",50,"cliver",0.16638107809355
"4674",467.3,"Simu1","NIT",50,"cliver",0.15872721355692
"4675",467.4,"Simu1","NIT",50,"cliver",0.151331472022254
"4676",467.5,"Simu1","NIT",50,"cliver",0.144192420503111
"4677",467.6,"Simu1","NIT",50,"cliver",0.13730816935799
"4678",467.7,"Simu1","NIT",50,"cliver",0.130676387767146
"4679",467.8,"Simu1","NIT",50,"cliver",0.124294318899179
"4680",467.9,"Simu1","NIT",50,"cliver",0.118158793978306
"4681",468,"Simu1","NIT",50,"cliver",0.113307667354324
"4682",468.1,"Simu1","NIT",50,"cliver",0.378235824857994
"4683",468.2,"Simu1","NIT",50,"cliver",0.506103843056068
"4684",468.3,"Simu1","NIT",50,"cliver",0.548395159197091
"4685",468.4,"Simu1","NIT",50,"cliver",0.567951643032135
"4686",468.5,"Simu1","NIT",50,"cliver",0.579495071747294
"4687",468.6,"Simu1","NIT",50,"cliver",0.586976000412895
"4688",468.7,"Simu1","NIT",50,"cliver",0.591614513296633
"4689",468.8,"Simu1","NIT",50,"cliver",0.593922796262762
"4690",468.9,"Simu1","NIT",50,"cliver",0.594210247875467
"4691",469,"Simu1","NIT",50,"cliver",0.592717268390391
"4692",469.1,"Simu1","NIT",50,"cliver",0.58964935515938
"4693",469.2,"Simu1","NIT",50,"cliver",0.585188662758534
"4694",469.3,"Simu1","NIT",50,"cliver",0.579498230273736
"4695",469.4,"Simu1","NIT",50,"cliver",0.572724766203697
"4696",469.5,"Simu1","NIT",50,"cliver",0.56500052174496
"4697",469.6,"Simu1","NIT",50,"cliver",0.556445057801621
"4698",469.7,"Simu1","NIT",50,"cliver",0.547166495718743
"4699",469.8,"Simu1","NIT",50,"cliver",0.537262644549453
"4700",469.9,"Simu1","NIT",50,"cliver",0.52682215771857
"4701",470,"Simu1","NIT",50,"cliver",0.51592549501223
"4702",470.1,"Simu1","NIT",50,"cliver",0.504645671704378
"4703",470.2,"Simu1","NIT",50,"cliver",0.493048994048007
"4704",470.3,"Simu1","NIT",50,"cliver",0.481195647890243
"4705",470.4,"Simu1","NIT",50,"cliver",0.469140295490719
"4706",470.5,"Simu1","NIT",50,"cliver",0.456932604043758
"4707",470.6,"Simu1","NIT",50,"cliver",0.444617627633726
"4708",470.7,"Simu1","NIT",50,"cliver",0.432236323086412
"4709",470.8,"Simu1","NIT",50,"cliver",0.419825869175062
"4710",470.9,"Simu1","NIT",50,"cliver",0.40741992439802
"4711",471,"Simu1","NIT",50,"cliver",0.395048919720726
"4712",471.1,"Simu1","NIT",50,"cliver",0.382740376556411
"4713",471.2,"Simu1","NIT",50,"cliver",0.370519159006647
"4714",471.3,"Simu1","NIT",50,"cliver",0.358407696454476
"4715",471.4,"Simu1","NIT",50,"cliver",0.346426149514621
"4716",471.5,"Simu1","NIT",50,"cliver",0.334592606544086
"4717",471.6,"Simu1","NIT",50,"cliver",0.322923261558908
"4718",471.7,"Simu1","NIT",50,"cliver",0.311432577148671
"4719",471.8,"Simu1","NIT",50,"cliver",0.300133405755975
"4720",471.9,"Simu1","NIT",50,"cliver",0.289037137140458
"4721",472,"Simu1","NIT",50,"cliver",0.278153792952461
"4722",472.1,"Simu1","NIT",50,"cliver",0.267492143534169
"4723",472.2,"Simu1","NIT",50,"cliver",0.2570598325789
"4724",472.3,"Simu1","NIT",50,"cliver",0.246863515191669
"4725",472.4,"Simu1","NIT",50,"cliver",0.236908853283435
"4726",472.5,"Simu1","NIT",50,"cliver",0.227200666336425
"4727",472.6,"Simu1","NIT",50,"cliver",0.217742805192567
"4728",472.7,"Simu1","NIT",50,"cliver",0.208538363551984
"4729",472.8,"Simu1","NIT",50,"cliver",0.199589793279233
"4730",472.9,"Simu1","NIT",50,"cliver",0.190898913218402
"4731",473,"Simu1","NIT",50,"cliver",0.182466920962334
"4732",473.1,"Simu1","NIT",50,"cliver",0.174294431502086
"4733",473.2,"Simu1","NIT",50,"cliver",0.166381517996705
"4734",473.3,"Simu1","NIT",50,"cliver",0.158727601017653
"4735",473.4,"Simu1","NIT",50,"cliver",0.151331835333897
"4736",473.5,"Simu1","NIT",50,"cliver",0.144192754068266
"4737",473.6,"Simu1","NIT",50,"cliver",0.1373084742011
"4738",473.7,"Simu1","NIT",50,"cliver",0.130676667100069
"4739",473.8,"Simu1","NIT",50,"cliver",0.124294601567644
"4740",473.9,"Simu1","NIT",50,"cliver",0.118159080170217
"4741",474,"Simu1","NIT",50,"cliver",0.113307964897492
"4742",474.1,"Simu1","NIT",50,"cliver",0.378236216837411
"4743",474.2,"Simu1","NIT",50,"cliver",0.506103724006076
"4744",474.3,"Simu1","NIT",50,"cliver",0.548395242909786
"4745",474.4,"Simu1","NIT",50,"cliver",0.567950909509531
"4746",474.5,"Simu1","NIT",50,"cliver",0.579494927651979
"4747",474.6,"Simu1","NIT",50,"cliver",0.586976064727993
"4748",474.7,"Simu1","NIT",50,"cliver",0.591614509032779
"4749",474.8,"Simu1","NIT",50,"cliver",0.593922508626639
"4750",474.9,"Simu1","NIT",50,"cliver",0.594209955167729
"4751",475,"Simu1","NIT",50,"cliver",0.592717050355465
"4752",475.1,"Simu1","NIT",50,"cliver",0.589649137856941
"4753",475.2,"Simu1","NIT",50,"cliver",0.585188385385347
"4754",475.3,"Simu1","NIT",50,"cliver",0.57949786704896
"4755",475.4,"Simu1","NIT",50,"cliver",0.572724348759498
"4756",475.5,"Simu1","NIT",50,"cliver",0.565000173740346
"4757",475.6,"Simu1","NIT",50,"cliver",0.556444778575698
"4758",475.7,"Simu1","NIT",50,"cliver",0.54716619032882
"4759",475.8,"Simu1","NIT",50,"cliver",0.537262290210973
"4760",475.9,"Simu1","NIT",50,"cliver",0.526821795575476
"4761",476,"Simu1","NIT",50,"cliver",0.515925141873284
"4762",476.1,"Simu1","NIT",50,"cliver",0.504645313786972
"4763",476.2,"Simu1","NIT",50,"cliver",0.493048593994754
"4764",476.3,"Simu1","NIT",50,"cliver",0.481195196625291
"4765",476.4,"Simu1","NIT",50,"cliver",0.469139812267676
"4766",476.5,"Simu1","NIT",50,"cliver",0.456932105142512
"4767",476.6,"Simu1","NIT",50,"cliver",0.444617169667601
"4768",476.7,"Simu1","NIT",50,"cliver",0.432235936692728
"4769",476.8,"Simu1","NIT",50,"cliver",0.419825531910103
"4770",476.9,"Simu1","NIT",50,"cliver",0.407419599075282
"4771",477,"Simu1","NIT",50,"cliver",0.395048595760143
"4772",477.1,"Simu1","NIT",50,"cliver",0.382740062315765
"4773",477.2,"Simu1","NIT",50,"cliver",0.370518864858279
"4774",477.3,"Simu1","NIT",50,"cliver",0.358407415983222
"4775",477.4,"Simu1","NIT",50,"cliver",0.346425876846099
"4776",477.5,"Simu1","NIT",50,"cliver",0.334592342295646
"4777",477.6,"Simu1","NIT",50,"cliver",0.322923010143275
"4778",477.7,"Simu1","NIT",50,"cliver",0.311432335869131
"4779",477.8,"Simu1","NIT",50,"cliver",0.300133174526541
"4780",477.9,"Simu1","NIT",50,"cliver",0.289036911651376
"4781",478,"Simu1","NIT",50,"cliver",0.278153582481396
"4782",478.1,"Simu1","NIT",50,"cliver",0.267491981264867
"4783",478.2,"Simu1","NIT",50,"cliver",0.257059761319421
"4784",478.3,"Simu1","NIT",50,"cliver",0.246863526465073
"4785",478.4,"Simu1","NIT",50,"cliver",0.23690891424053
"4786",478.5,"Simu1","NIT",50,"cliver",0.227200671268488
"4787",478.6,"Simu1","NIT",50,"cliver",0.217742721312044
"4788",478.7,"Simu1","NIT",50,"cliver",0.208538226502134
"4789",478.8,"Simu1","NIT",50,"cliver",0.199589642006654
"4790",478.9,"Simu1","NIT",50,"cliver",0.19089876444813
"4791",479,"Simu1","NIT",50,"cliver",0.182466774496072
"4792",479.1,"Simu1","NIT",50,"cliver",0.174294274075114
"4793",479.2,"Simu1","NIT",50,"cliver",0.166381318594617
"4794",479.3,"Simu1","NIT",50,"cliver",0.158727444676352
"4795",479.4,"Simu1","NIT",50,"cliver",0.151331693930881
"4796",479.5,"Simu1","NIT",50,"cliver",0.144192633410348
"4797",479.6,"Simu1","NIT",50,"cliver",0.137308373364667
"4798",479.7,"Simu1","NIT",50,"cliver",0.130676583218715
"4799",479.8,"Simu1","NIT",50,"cliver",0.124294506083168
"4800",479.9,"Simu1","NIT",50,"cliver",0.118158980714029
"4801",480,"Simu1","NIT",50,"cliver",0.113307855245181
"4802",480.1,"Simu1","NIT",50,"cliver",0.378236519570852
"4803",480.2,"Simu1","NIT",50,"cliver",0.506105540635833
"4804",480.3,"Simu1","NIT",50,"cliver",0.548397608594966
"4805",480.4,"Simu1","NIT",50,"cliver",0.567952546424648
"4806",480.5,"Simu1","NIT",50,"cliver",0.579496633170662
"4807",480.6,"Simu1","NIT",50,"cliver",0.586976450373352
"4808",480.7,"Simu1","NIT",50,"cliver",0.591615057378412
"4809",480.8,"Simu1","NIT",50,"cliver",0.593923423709315
"4810",480.9,"Simu1","NIT",50,"cliver",0.594210995767205
"4811",481,"Simu1","NIT",50,"cliver",0.592718070839959
"4812",481.1,"Simu1","NIT",50,"cliver",0.589650426610373
"4813",481.2,"Simu1","NIT",50,"cliver",0.585189661004699
"4814",481.3,"Simu1","NIT",50,"cliver",0.57949915452593
"4815",481.4,"Simu1","NIT",50,"cliver",0.572725788709128
"4816",481.5,"Simu1","NIT",50,"cliver",0.565001633685708
"4817",481.6,"Simu1","NIT",50,"cliver",0.55644617508438
"4818",481.7,"Simu1","NIT",50,"cliver",0.547167596940415
"4819",481.8,"Simu1","NIT",50,"cliver",0.537263727073698
"4820",481.9,"Simu1","NIT",50,"cliver",0.52682326275554
"4821",482,"Simu1","NIT",50,"cliver",0.515926563520819
"4822",482.1,"Simu1","NIT",50,"cliver",0.504646700583995
"4823",482.2,"Simu1","NIT",50,"cliver",0.493049931163165
"4824",482.3,"Simu1","NIT",50,"cliver",0.481196545991946
"4825",482.4,"Simu1","NIT",50,"cliver",0.469141107512354
"4826",482.5,"Simu1","NIT",50,"cliver",0.45693338145102
"4827",482.6,"Simu1","NIT",50,"cliver",0.444618447495323
"4828",482.7,"Simu1","NIT",50,"cliver",0.432237179525024
"4829",482.8,"Simu1","NIT",50,"cliver",0.419826747792412
"4830",482.9,"Simu1","NIT",50,"cliver",0.407420800083869
"4831",483,"Simu1","NIT",50,"cliver",0.395049778828377
"4832",483.1,"Simu1","NIT",50,"cliver",0.382741214470624
"4833",483.2,"Simu1","NIT",50,"cliver",0.370519982921483
"4834",483.3,"Simu1","NIT",50,"cliver",0.358408526493918
"4835",483.4,"Simu1","NIT",50,"cliver",0.346426931440684
"4836",483.5,"Simu1","NIT",50,"cliver",0.334593360372735
"4837",483.6,"Simu1","NIT",50,"cliver",0.322924016352054
"4838",483.7,"Simu1","NIT",50,"cliver",0.311433332756373
"4839",483.8,"Simu1","NIT",50,"cliver",0.30013419039232
"4840",483.9,"Simu1","NIT",50,"cliver",0.289037904867558
"4841",484,"Simu1","NIT",50,"cliver",0.278154592763943
"4842",484.1,"Simu1","NIT",50,"cliver",0.267492943535861
"4843",484.2,"Simu1","NIT",50,"cliver",0.257060769846392
"4844",484.3,"Simu1","NIT",50,"cliver",0.246864480186831
"4845",484.4,"Simu1","NIT",50,"cliver",0.236909861762619
"4846",484.5,"Simu1","NIT",50,"cliver",0.227201545095671
"4847",484.6,"Simu1","NIT",50,"cliver",0.217743523584892
"4848",484.7,"Simu1","NIT",50,"cliver",0.208539100229883
"4849",484.8,"Simu1","NIT",50,"cliver",0.199590469912159
"4850",484.9,"Simu1","NIT",50,"cliver",0.190899500067338
"4851",485,"Simu1","NIT",50,"cliver",0.182467487387227
"4852",485.1,"Simu1","NIT",50,"cliver",0.174294936369318
"4853",485.2,"Simu1","NIT",50,"cliver",0.166381912779138
"4854",485.3,"Simu1","NIT",50,"cliver",0.158727974944568
"4855",485.4,"Simu1","NIT",50,"cliver",0.15133218355635
"4856",485.5,"Simu1","NIT",50,"cliver",0.144193132723396
"4857",485.6,"Simu1","NIT",50,"cliver",0.137308896242904
"4858",485.7,"Simu1","NIT",50,"cliver",0.130677098634143
"4859",485.8,"Simu1","NIT",50,"cliver",0.12429500758249
"4860",485.9,"Simu1","NIT",50,"cliver",0.118159475661077
"4861",486,"Simu1","NIT",50,"cliver",0.113308349290668
"4862",486.1,"Simu1","NIT",50,"cliver",0.378236191148496
"4863",486.2,"Simu1","NIT",50,"cliver",0.506103171889643
"4864",486.3,"Simu1","NIT",50,"cliver",0.548394877682613
"4865",486.4,"Simu1","NIT",50,"cliver",0.56795089353158
"4866",486.5,"Simu1","NIT",50,"cliver",0.579494681114971
"4867",486.6,"Simu1","NIT",50,"cliver",0.58697457451137
"4868",486.7,"Simu1","NIT",50,"cliver",0.59161253550312
"4869",486.8,"Simu1","NIT",50,"cliver",0.593920955443965
"4870",486.9,"Simu1","NIT",50,"cliver",0.594208268024839
"4871",487,"Simu1","NIT",50,"cliver",0.592715666820676
"4872",487.1,"Simu1","NIT",50,"cliver",0.589647794635877
"4873",487.2,"Simu1","NIT",50,"cliver",0.585186973934553
"4874",487.3,"Simu1","NIT",50,"cliver",0.579496663707401
"4875",487.4,"Simu1","NIT",50,"cliver",0.572723223407045
"4876",487.5,"Simu1","NIT",50,"cliver",0.564998988714091
"4877",487.6,"Simu1","NIT",50,"cliver",0.556443591603788
"4878",487.7,"Simu1","NIT",50,"cliver",0.547165066191799
"4879",487.8,"Simu1","NIT",50,"cliver",0.537261196469986
"4880",487.9,"Simu1","NIT",50,"cliver",0.526820693627968
"4881",488,"Simu1","NIT",50,"cliver",0.515924046447484
"4882",488.1,"Simu1","NIT",50,"cliver",0.504644245874296
"4883",488.2,"Simu1","NIT",50,"cliver",0.493047548520955
"4884",488.3,"Simu1","NIT",50,"cliver",0.481194157749905
"4885",488.4,"Simu1","NIT",50,"cliver",0.469138778906003
"4886",488.5,"Simu1","NIT",50,"cliver",0.45693108831926
"4887",488.6,"Simu1","NIT",50,"cliver",0.444616175427519
"4888",488.7,"Simu1","NIT",50,"cliver",0.432234961622846
"4889",488.8,"Simu1","NIT",50,"cliver",0.419824572485496
"4890",488.9,"Simu1","NIT",50,"cliver",0.407418657041892
"4891",489,"Simu1","NIT",50,"cliver",0.395047674782758
"4892",489.1,"Simu1","NIT",50,"cliver",0.382739162950682
"4893",489.2,"Simu1","NIT",50,"cliver",0.370517985882085
"4894",489.3,"Simu1","NIT",50,"cliver",0.358406556664791
"4895",489.4,"Simu1","NIT",50,"cliver",0.346425038525227
"4896",489.5,"Simu1","NIT",50,"cliver",0.334591525321606
"4897",489.6,"Simu1","NIT",50,"cliver",0.322922214399897
"4898",489.7,"Simu1","NIT",50,"cliver",0.311431561166506
"4899",489.8,"Simu1","NIT",50,"cliver",0.30013242145853
"4900",489.9,"Simu1","NIT",50,"cliver",0.289036180037916
"4901",490,"Simu1","NIT",50,"cliver",0.278152871811615
"4902",490.1,"Simu1","NIT",50,"cliver",0.267491291571865
"4903",490.2,"Simu1","NIT",50,"cliver",0.257059092671724
"4904",490.3,"Simu1","NIT",50,"cliver",0.246862878557205
"4905",490.4,"Simu1","NIT",50,"cliver",0.236908286793074
"4906",490.5,"Simu1","NIT",50,"cliver",0.227200064165778
"4907",490.6,"Simu1","NIT",50,"cliver",0.217742134369567
"4908",490.7,"Simu1","NIT",50,"cliver",0.208537659417345
"4909",490.8,"Simu1","NIT",50,"cliver",0.19958909452244
"4910",490.9,"Simu1","NIT",50,"cliver",0.190898236319478
"4911",491,"Simu1","NIT",50,"cliver",0.182466265459501
"4912",491.1,"Simu1","NIT",50,"cliver",0.174293783787677
"4913",491.2,"Simu1","NIT",50,"cliver",0.166380846802344
"4914",491.3,"Simu1","NIT",50,"cliver",0.15872699098221
"4915",491.4,"Simu1","NIT",50,"cliver",0.151331258177698
"4916",491.5,"Simu1","NIT",50,"cliver",0.144192214834656
"4917",491.6,"Simu1","NIT",50,"cliver",0.137307971518562
"4918",491.7,"Simu1","NIT",50,"cliver",0.130676198278751
"4919",491.8,"Simu1","NIT",50,"cliver",0.124294138040843
"4920",491.9,"Simu1","NIT",50,"cliver",0.118158620797836
"4921",492,"Simu1","NIT",50,"cliver",0.113307515650476
"4922",492.1,"Simu1","NIT",50,"cliver",0.37823603477723
"4923",492.2,"Simu1","NIT",50,"cliver",0.506103320262636
"4924",492.3,"Simu1","NIT",50,"cliver",0.548395064550213
"4925",492.4,"Simu1","NIT",50,"cliver",0.567951268983186
"4926",492.5,"Simu1","NIT",50,"cliver",0.579496860702295
"4927",492.6,"Simu1","NIT",50,"cliver",0.586976044035787
"4928",492.7,"Simu1","NIT",50,"cliver",0.591614606392208
"4929",492.8,"Simu1","NIT",50,"cliver",0.593922854796615
"4930",492.9,"Simu1","NIT",50,"cliver",0.594210429871375
"4931",493,"Simu1","NIT",50,"cliver",0.59271746577492
"4932",493.1,"Simu1","NIT",50,"cliver",0.58964961288872
"4933",493.2,"Simu1","NIT",50,"cliver",0.585188926185231
"4934",493.3,"Simu1","NIT",50,"cliver",0.579498475296322
"4935",493.4,"Simu1","NIT",50,"cliver",0.572724974145646
"4936",493.5,"Simu1","NIT",50,"cliver",0.565000712844236
"4937",493.6,"Simu1","NIT",50,"cliver",0.55644527324496
"4938",493.7,"Simu1","NIT",50,"cliver",0.547166723242888
"4939",493.8,"Simu1","NIT",50,"cliver",0.537262860085399
"4940",493.9,"Simu1","NIT",50,"cliver",0.526822351453242
"4941",494,"Simu1","NIT",50,"cliver",0.515925661640086
"4942",494.1,"Simu1","NIT",50,"cliver",0.504645814808921
"4943",494.2,"Simu1","NIT",50,"cliver",0.493049094790402
"4944",494.3,"Simu1","NIT",50,"cliver",0.481195694117563
"4945",494.4,"Simu1","NIT",50,"cliver",0.469140295649483
"4946",494.5,"Simu1","NIT",50,"cliver",0.456932572879669
"4947",494.6,"Simu1","NIT",50,"cliver",0.444617626894079
"4948",494.7,"Simu1","NIT",50,"cliver",0.432236385825666
"4949",494.8,"Simu1","NIT",50,"cliver",0.419825971361405
"4950",494.9,"Simu1","NIT",50,"cliver",0.407420027292618
"4951",495,"Simu1","NIT",50,"cliver",0.395049013009351
"4952",495.1,"Simu1","NIT",50,"cliver",0.382740469434897
"4953",495.2,"Simu1","NIT",50,"cliver",0.370519262067424
"4954",495.3,"Simu1","NIT",50,"cliver",0.358407803040085
"4955",495.4,"Simu1","NIT",50,"cliver",0.346426253625242
"4956",495.5,"Simu1","NIT",50,"cliver",0.334592708911418
"4957",495.6,"Simu1","NIT",50,"cliver",0.322923366672454
"4958",495.7,"Simu1","NIT",50,"cliver",0.311432682291586
"4959",495.8,"Simu1","NIT",50,"cliver",0.300133511103788
"4960",495.9,"Simu1","NIT",50,"cliver",0.289037238540448
"4961",496,"Simu1","NIT",50,"cliver",0.278153899693938
"4962",496.1,"Simu1","NIT",50,"cliver",0.267492288813414
"4963",496.2,"Simu1","NIT",50,"cliver",0.257060059310952
"4964",496.3,"Simu1","NIT",50,"cliver",0.246863815059444
"4965",496.4,"Simu1","NIT",50,"cliver",0.236909193549785
"4966",496.5,"Simu1","NIT",50,"cliver",0.227200941364484
"4967",496.6,"Simu1","NIT",50,"cliver",0.217742982307088
"4968",496.7,"Simu1","NIT",50,"cliver",0.208538478547528
"4969",496.8,"Simu1","NIT",50,"cliver",0.199589885239546
"4970",496.9,"Simu1","NIT",50,"cliver",0.190898998984704
"4971",497,"Simu1","NIT",50,"cliver",0.182467000466846
"4972",497.1,"Simu1","NIT",50,"cliver",0.17429449162561
"4973",497.2,"Simu1","NIT",50,"cliver",0.166381527876953
"4974",497.3,"Simu1","NIT",50,"cliver",0.158727645830197
"4975",497.4,"Simu1","NIT",50,"cliver",0.151331887115475
"4976",497.5,"Simu1","NIT",50,"cliver",0.144192818762613
"4977",497.6,"Simu1","NIT",50,"cliver",0.137308551129695
"4978",497.7,"Simu1","NIT",50,"cliver",0.13067675345076
"4979",497.8,"Simu1","NIT",50,"cliver",0.124294668791447
"4980",497.9,"Simu1","NIT",50,"cliver",0.118159128798354
"4981",498,"Simu1","NIT",50,"cliver",0.113308017308993
"4982",498.1,"Simu1","NIT",50,"cliver",0.378236153888145
"4983",498.2,"Simu1","NIT",50,"cliver",0.506105030432982
"4984",498.3,"Simu1","NIT",50,"cliver",0.548396739413852
"4985",498.4,"Simu1","NIT",50,"cliver",0.567953341503461
"4986",498.5,"Simu1","NIT",50,"cliver",0.579498351336763
"4987",498.6,"Simu1","NIT",50,"cliver",0.586977872801768
"4988",498.7,"Simu1","NIT",50,"cliver",0.591616116775754
"4989",498.8,"Simu1","NIT",50,"cliver",0.593924305520291
"4990",498.9,"Simu1","NIT",50,"cliver",0.594211250391724
"4991",499,"Simu1","NIT",50,"cliver",0.59271953181605
"4992",499.1,"Simu1","NIT",50,"cliver",0.589651147426467
"4993",499.2,"Simu1","NIT",50,"cliver",0.585190582245323
"4994",499.3,"Simu1","NIT",50,"cliver",0.579500240481265
"4995",499.4,"Simu1","NIT",50,"cliver",0.572726177861191
"4996",499.5,"Simu1","NIT",50,"cliver",0.56500283684693
"4997",499.6,"Simu1","NIT",50,"cliver",0.55644663442617
"4998",499.7,"Simu1","NIT",50,"cliver",0.547168514934705
"4999",499.8,"Simu1","NIT",50,"cliver",0.537264626679193
"5000",499.9,"Simu1","NIT",50,"cliver",0.526823759075917
"5001",500,"Simu1","NIT",50,"cliver",0.515927299915517
"5002",500.1,"Simu1","NIT",50,"cliver",0.50464743381182
"5003",500.2,"Simu1","NIT",50,"cliver",0.493050621702432
"5004",500.3,"Simu1","NIT",50,"cliver",0.481197250838574
"5005",500.4,"Simu1","NIT",50,"cliver",0.469141928314771
"5006",500.5,"Simu1","NIT",50,"cliver",0.456934201878849
"5007",500.6,"Simu1","NIT",50,"cliver",0.444619237100647
"5008",500.7,"Simu1","NIT",50,"cliver",0.432237994250877
"5009",500.8,"Simu1","NIT",50,"cliver",0.419827587343408
"5010",500.9,"Simu1","NIT",50,"cliver",0.407421643311415
"5011",501,"Simu1","NIT",50,"cliver",0.39505061156805
"5012",501.1,"Simu1","NIT",50,"cliver",0.382742016779597
"5013",501.2,"Simu1","NIT",50,"cliver",0.370520730795741
"5014",501.3,"Simu1","NIT",50,"cliver",0.358409198614648
"5015",501.4,"Simu1","NIT",50,"cliver",0.34642759927191
"5016",501.5,"Simu1","NIT",50,"cliver",0.33459401749409
"5017",501.6,"Simu1","NIT",50,"cliver",0.322924635338224
"5018",501.7,"Simu1","NIT",50,"cliver",0.311433905543024
"5019",501.8,"Simu1","NIT",50,"cliver",0.300134689795416
"5020",501.9,"Simu1","NIT",50,"cliver",0.289038377387335
"5021",502,"Simu1","NIT",50,"cliver",0.278155001489
"5022",502.1,"Simu1","NIT",50,"cliver",0.267493353321565
"5023",502.2,"Simu1","NIT",50,"cliver",0.257061085970776
"5024",502.3,"Simu1","NIT",50,"cliver",0.246864804763616
"5025",502.4,"Simu1","NIT",50,"cliver",0.236910147953163
"5026",502.5,"Simu1","NIT",50,"cliver",0.227201861622043
"5027",502.6,"Simu1","NIT",50,"cliver",0.217743868965961
"5028",502.7,"Simu1","NIT",50,"cliver",0.208539332060933
"5029",502.8,"Simu1","NIT",50,"cliver",0.199590706359999
"5030",502.9,"Simu1","NIT",50,"cliver",0.190899788588246
"5031",503,"Simu1","NIT",50,"cliver",0.18246775931427
"5032",503.1,"Simu1","NIT",50,"cliver",0.17429522035438
"5033",503.2,"Simu1","NIT",50,"cliver",0.166382227130595
"5034",503.3,"Simu1","NIT",50,"cliver",0.158728316323208
"5035",503.4,"Simu1","NIT",50,"cliver",0.151332529573754
"5036",503.5,"Simu1","NIT",50,"cliver",0.144193433894997
"5037",503.6,"Simu1","NIT",50,"cliver",0.137309139580113
"5038",503.7,"Simu1","NIT",50,"cliver",0.130677315975433
"5039",503.8,"Simu1","NIT",50,"cliver",0.124295206289345
"5040",503.9,"Simu1","NIT",50,"cliver",0.118159641255844
"5041",504,"Simu1","NIT",50,"cliver",0.113308494162536
"5042",504.1,"Simu1","NIT",50,"cliver",0.378236590498746
"5043",504.2,"Simu1","NIT",50,"cliver",0.506105413334167
"5044",504.3,"Simu1","NIT",50,"cliver",0.548396957469965
"5045",504.4,"Simu1","NIT",50,"cliver",0.567953251288312
"5046",504.5,"Simu1","NIT",50,"cliver",0.579498717742966
"5047",504.6,"Simu1","NIT",50,"cliver",0.586978776864646
"5048",504.7,"Simu1","NIT",50,"cliver",0.591617126615286
"5049",504.8,"Simu1","NIT",50,"cliver",0.593925028321059
"5050",504.9,"Simu1","NIT",50,"cliver",0.594212576558043
"5051",505,"Simu1","NIT",50,"cliver",0.592719538586643
"5052",505.1,"Simu1","NIT",50,"cliver",0.589651682633648
"5053",505.2,"Simu1","NIT",50,"cliver",0.585190991437086
"5054",505.3,"Simu1","NIT",50,"cliver",0.579500519735069
"5055",505.4,"Simu1","NIT",50,"cliver",0.572727011758739
"5056",505.5,"Simu1","NIT",50,"cliver",0.56500273843455
"5057",505.6,"Simu1","NIT",50,"cliver",0.556447265176298
"5058",505.7,"Simu1","NIT",50,"cliver",0.547168683130262
"5059",505.8,"Simu1","NIT",50,"cliver",0.537264793125139
"5060",505.9,"Simu1","NIT",50,"cliver",0.526824255259918
"5061",506,"Simu1","NIT",50,"cliver",0.515927532142033
"5062",506.1,"Simu1","NIT",50,"cliver",0.504647650084446
"5063",506.2,"Simu1","NIT",50,"cliver",0.493050895388438
"5064",506.3,"Simu1","NIT",50,"cliver",0.481197459943363
"5065",506.4,"Simu1","NIT",50,"cliver",0.469142024958199
"5066",506.5,"Simu1","NIT",50,"cliver",0.456934264180003
"5067",506.6,"Simu1","NIT",50,"cliver",0.444619280075594
"5068",506.7,"Simu1","NIT",50,"cliver",0.432238001064844
"5069",506.8,"Simu1","NIT",50,"cliver",0.419827548168648
"5070",506.9,"Simu1","NIT",50,"cliver",0.4074215650583
"5071",507,"Simu1","NIT",50,"cliver",0.395050511673008
"5072",507.1,"Simu1","NIT",50,"cliver",0.382741929234859
"5073",507.2,"Simu1","NIT",50,"cliver",0.370520683084685
"5074",507.3,"Simu1","NIT",50,"cliver",0.358409185258636
"5075",507.4,"Simu1","NIT",50,"cliver",0.346427597196831
"5076",507.5,"Simu1","NIT",50,"cliver",0.334594014160709
"5077",507.6,"Simu1","NIT",50,"cliver",0.322924633938041
"5078",507.7,"Simu1","NIT",50,"cliver",0.311433911880697
"5079",507.8,"Simu1","NIT",50,"cliver",0.300134703342587
"5080",507.9,"Simu1","NIT",50,"cliver",0.289038393897106
"5081",508,"Simu1","NIT",50,"cliver",0.278155018619884
"5082",508.1,"Simu1","NIT",50,"cliver",0.267493371776518
"5083",508.2,"Simu1","NIT",50,"cliver",0.257061106789188
"5084",508.3,"Simu1","NIT",50,"cliver",0.246864827565877
"5085",508.4,"Simu1","NIT",50,"cliver",0.236910171627223
"5086",508.5,"Simu1","NIT",50,"cliver",0.227201885561138
"5087",508.6,"Simu1","NIT",50,"cliver",0.217743893175928
"5088",508.7,"Simu1","NIT",50,"cliver",0.208539356659665
"5089",508.8,"Simu1","NIT",50,"cliver",0.1995907311809
"5090",508.9,"Simu1","NIT",50,"cliver",0.190899813349398
"5091",509,"Simu1","NIT",50,"cliver",0.182467783854036
"5092",509.1,"Simu1","NIT",50,"cliver",0.17429524464613
"5093",509.2,"Simu1","NIT",50,"cliver",0.166382251148251
"5094",509.3,"Simu1","NIT",50,"cliver",0.158728339984278
"5095",509.4,"Simu1","NIT",50,"cliver",0.151332552781776
"5096",509.5,"Simu1","NIT",50,"cliver",0.144193456599123
"5097",509.6,"Simu1","NIT",50,"cliver",0.137309161764732
"5098",509.7,"Simu1","NIT",50,"cliver",0.130677337603194
"5099",509.8,"Simu1","NIT",50,"cliver",0.124295227080942
"5100",509.9,"Simu1","NIT",50,"cliver",0.118159663727339
"5101",510,"Simu1","NIT",50,"cliver",0.113308491214701
"5102",510.1,"Simu1","NIT",50,"cliver",0.37823666977373
"5103",510.2,"Simu1","NIT",50,"cliver",0.506103920549204
"5104",510.3,"Simu1","NIT",50,"cliver",0.548395034277827
"5105",510.4,"Simu1","NIT",50,"cliver",0.56795144021317
"5106",510.5,"Simu1","NIT",50,"cliver",0.579495587883539
"5107",510.6,"Simu1","NIT",50,"cliver",0.586975535461225
"5108",510.7,"Simu1","NIT",50,"cliver",0.591614473731407
"5109",510.8,"Simu1","NIT",50,"cliver",0.593922438025293
"5110",510.9,"Simu1","NIT",50,"cliver",0.594209902755087
"5111",511,"Simu1","NIT",50,"cliver",0.592716895625532
"5112",511.1,"Simu1","NIT",50,"cliver",0.589648970231597
"5113",511.2,"Simu1","NIT",50,"cliver",0.585188283992214
"5114",511.3,"Simu1","NIT",50,"cliver",0.579497837055617
"5115",511.4,"Simu1","NIT",50,"cliver",0.572724375263076
"5116",511.5,"Simu1","NIT",50,"cliver",0.565000154109528
"5117",511.6,"Simu1","NIT",50,"cliver",0.556444666696485
"5118",511.7,"Simu1","NIT",50,"cliver",0.547166066125748
"5119",511.8,"Simu1","NIT",50,"cliver",0.537262203721617
"5120",511.9,"Simu1","NIT",50,"cliver",0.526821718357008
"5121",512,"Simu1","NIT",50,"cliver",0.51592503239539
"5122",512.1,"Simu1","NIT",50,"cliver",0.504645172565881
"5123",512.2,"Simu1","NIT",50,"cliver",0.493048443467231
"5124",512.3,"Simu1","NIT",50,"cliver",0.481195047409825
"5125",512.4,"Simu1","NIT",50,"cliver",0.469139658609863
"5126",512.5,"Simu1","NIT",50,"cliver",0.456931941127029
"5127",512.6,"Simu1","NIT",50,"cliver",0.444616997780612
"5128",512.7,"Simu1","NIT",50,"cliver",0.432235762213767
"5129",512.8,"Simu1","NIT",50,"cliver",0.41982535668053
"5130",512.9,"Simu1","NIT",50,"cliver",0.407419422280878
"5131",513,"Simu1","NIT",50,"cliver",0.39504841714373
"5132",513.1,"Simu1","NIT",50,"cliver",0.382739882916067
"5133",513.2,"Simu1","NIT",50,"cliver",0.370518685876796
"5134",513.3,"Simu1","NIT",50,"cliver",0.358407238036272
"5135",513.4,"Simu1","NIT",50,"cliver",0.34642570014294
"5136",513.5,"Simu1","NIT",50,"cliver",0.334592167062217
"5137",513.6,"Simu1","NIT",50,"cliver",0.322922836692805
"5138",513.7,"Simu1","NIT",50,"cliver",0.311432164521694
"5139",513.8,"Simu1","NIT",50,"cliver",0.300133005700003
"5140",513.9,"Simu1","NIT",50,"cliver",0.289036745676856
"5141",514,"Simu1","NIT",50,"cliver",0.278153419574464
"5142",514.1,"Simu1","NIT",50,"cliver",0.267491821508621
"5143",514.2,"Simu1","NIT",50,"cliver",0.257059604832416
"5144",514.3,"Simu1","NIT",50,"cliver",0.246863373410623
"5145",514.4,"Simu1","NIT",50,"cliver",0.236908764753529
"5146",514.5,"Simu1","NIT",50,"cliver",0.227200525418711
"5147",514.6,"Simu1","NIT",50,"cliver",0.217742579151894
"5148",514.7,"Simu1","NIT",50,"cliver",0.208538088105717
"5149",514.8,"Simu1","NIT",50,"cliver",0.199589507442162
"5150",514.9,"Simu1","NIT",50,"cliver",0.190898633748217
"5151",515,"Simu1","NIT",50,"cliver",0.182466647673499
"5152",515.1,"Simu1","NIT",50,"cliver",0.174294151145918
"5153",515.2,"Simu1","NIT",50,"cliver",0.166381199570006
"5154",515.3,"Simu1","NIT",50,"cliver",0.158727329556205
"5155",515.4,"Simu1","NIT",50,"cliver",0.151331582693352
"5156",515.5,"Simu1","NIT",50,"cliver",0.144192526046621
"5157",515.6,"Simu1","NIT",50,"cliver",0.13730826986079
"5158",515.7,"Simu1","NIT",50,"cliver",0.130676483585079
"5159",515.8,"Simu1","NIT",50,"cliver",0.124294410121714
"5160",515.9,"Simu1","NIT",50,"cliver",0.118158881311443
"5161",516,"Simu1","NIT",50,"cliver",0.113307805082082
"5162",516.1,"Simu1","NIT",50,"cliver",0.378236355571684
"5163",516.2,"Simu1","NIT",50,"cliver",0.506103528426396
"5164",516.3,"Simu1","NIT",50,"cliver",0.548394845697793
"5165",516.4,"Simu1","NIT",50,"cliver",0.56795048783786
"5166",516.5,"Simu1","NIT",50,"cliver",0.57949628224593
"5167",516.6,"Simu1","NIT",50,"cliver",0.58697645153452
"5168",516.7,"Simu1","NIT",50,"cliver",0.591614737627744
"5169",516.8,"Simu1","NIT",50,"cliver",0.593922720703145
"5170",516.9,"Simu1","NIT",50,"cliver",0.594210197454848
"5171",517,"Simu1","NIT",50,"cliver",0.592717249268708
"5172",517.1,"Simu1","NIT",50,"cliver",0.589649307511189
"5173",517.2,"Simu1","NIT",50,"cliver",0.58518861891094
"5174",517.3,"Simu1","NIT",50,"cliver",0.579498205992884
"5175",517.4,"Simu1","NIT",50,"cliver",0.572724750074287
"5176",517.5,"Simu1","NIT",50,"cliver",0.565000556188229
"5177",517.6,"Simu1","NIT",50,"cliver",0.556445082832795
"5178",517.7,"Simu1","NIT",50,"cliver",0.547166474548345
"5179",517.8,"Simu1","NIT",50,"cliver",0.537262609468577
"5180",517.9,"Simu1","NIT",50,"cliver",0.526822132028266
"5181",518,"Simu1","NIT",50,"cliver",0.515925452852367
"5182",518.1,"Simu1","NIT",50,"cliver",0.50464559409302
"5183",518.2,"Simu1","NIT",50,"cliver",0.493048861293999
"5184",518.3,"Simu1","NIT",50,"cliver",0.481195462250306
"5185",518.4,"Simu1","NIT",50,"cliver",0.469140072540042
"5186",518.5,"Simu1","NIT",50,"cliver",0.456932353388401
"5187",518.6,"Simu1","NIT",50,"cliver",0.444617406199609
"5188",518.7,"Simu1","NIT",50,"cliver",0.43223616572617
"5189",518.8,"Simu1","NIT",50,"cliver",0.419825755320038
"5190",518.9,"Simu1","NIT",50,"cliver",0.407419816013155
"5191",519,"Simu1","NIT",50,"cliver",0.395048805422644
"5192",519.1,"Simu1","NIT",50,"cliver",0.382740265052579
"5193",519.2,"Simu1","NIT",50,"cliver",0.370519061452314
"5194",519.3,"Simu1","NIT",50,"cliver",0.35840760688012
"5195",519.4,"Simu1","NIT",50,"cliver",0.346426062069437
"5196",519.5,"Simu1","NIT",50,"cliver",0.334592521781667
"5197",519.6,"Simu1","NIT",50,"cliver",0.322923183932798
"5198",519.7,"Simu1","NIT",50,"cliver",0.311432504110864
"5199",519.8,"Simu1","NIT",50,"cliver",0.300133337522359
"5200",519.9,"Simu1","NIT",50,"cliver",0.289037069567952
"5201",520,"Simu1","NIT",50,"cliver",0.278153735478204
"5202",520.1,"Simu1","NIT",50,"cliver",0.267492129340543
"5203",520.2,"Simu1","NIT",50,"cliver",0.257059904531984
"5204",520.3,"Simu1","NIT",50,"cliver",0.246863664925662
"5205",520.4,"Simu1","NIT",50,"cliver",0.236909048056645
"5206",520.5,"Simu1","NIT",50,"cliver",0.227200800508332
"5207",520.6,"Simu1","NIT",50,"cliver",0.217742846035113
"5208",520.7,"Simu1","NIT",50,"cliver",0.208538346795494
"5209",520.8,"Simu1","NIT",50,"cliver",0.199589757970897
"5210",520.9,"Simu1","NIT",50,"cliver",0.190898876162117
"5211",521,"Simu1","NIT",50,"cliver",0.18246688202959
"5212",521.1,"Simu1","NIT",50,"cliver",0.174294377505396
"5213",521.2,"Simu1","NIT",50,"cliver",0.166381418012598
"5214",521.3,"Simu1","NIT",50,"cliver",0.158727540160578
"5215",521.4,"Simu1","NIT",50,"cliver",0.151331785568001
"5216",521.5,"Simu1","NIT",50,"cliver",0.144192721268803
"5217",521.6,"Simu1","NIT",50,"cliver",0.137308457594702
"5218",521.7,"Simu1","NIT",50,"cliver",0.130676663841693
"5219",521.8,"Simu1","NIT",50,"cliver",0.124294583270554
"5220",521.9,"Simu1","NIT",50,"cliver",0.118159046112311
"5221",522,"Simu1","NIT",50,"cliver",0.11330791611669
"5222",522.1,"Simu1","NIT",50,"cliver",0.378235524252719
"5223",522.2,"Simu1","NIT",50,"cliver",0.506103309644304
"5224",522.3,"Simu1","NIT",50,"cliver",0.54839555158744
"5225",522.4,"Simu1","NIT",50,"cliver",0.567950653781617
"5226",522.5,"Simu1","NIT",50,"cliver",0.579494627377035
"5227",522.6,"Simu1","NIT",50,"cliver",0.586974482745975
"5228",522.7,"Simu1","NIT",50,"cliver",0.59161293844403
"5229",522.8,"Simu1","NIT",50,"cliver",0.593920637393079
"5230",522.9,"Simu1","NIT",50,"cliver",0.594208406314563
"5231",523,"Simu1","NIT",50,"cliver",0.592715682128948
"5232",523.1,"Simu1","NIT",50,"cliver",0.589647668136655
"5233",523.2,"Simu1","NIT",50,"cliver",0.585186997820586
"5234",523.3,"Simu1","NIT",50,"cliver",0.579496606428542
"5235",523.4,"Simu1","NIT",50,"cliver",0.572723144076651
"5236",523.5,"Simu1","NIT",50,"cliver",0.56499890568602
"5237",523.6,"Simu1","NIT",50,"cliver",0.556443456962984
"5238",523.7,"Simu1","NIT",50,"cliver",0.547164912758247
"5239",523.8,"Simu1","NIT",50,"cliver",0.537261077643062
"5240",523.9,"Simu1","NIT",50,"cliver",0.526820607365714
"5241",524,"Simu1","NIT",50,"cliver",0.51592394770389
"5242",524.1,"Simu1","NIT",50,"cliver",0.504644121968287
"5243",524.2,"Simu1","NIT",50,"cliver",0.493047423938628
"5244",524.3,"Simu1","NIT",50,"cliver",0.481194052885901
"5245",524.4,"Simu1","NIT",50,"cliver",0.469138688284011
"5246",524.5,"Simu1","NIT",50,"cliver",0.456930997311625
"5247",524.6,"Simu1","NIT",50,"cliver",0.444616080813007
"5248",524.7,"Simu1","NIT",50,"cliver",0.432234870677682
"5249",524.8,"Simu1","NIT",50,"cliver",0.419824489795309
"5250",524.9,"Simu1","NIT",50,"cliver",0.407418580025043
"5251",525,"Simu1","NIT",50,"cliver",0.395047599313492
"5252",525.1,"Simu1","NIT",50,"cliver",0.382739089056418
"5253",525.2,"Simu1","NIT",50,"cliver",0.370517915615959
"5254",525.3,"Simu1","NIT",50,"cliver",0.358406491067163
"5255",525.4,"Simu1","NIT",50,"cliver",0.346424976078694
"5256",525.5,"Simu1","NIT",50,"cliver",0.3345914654792
"5257",525.6,"Simu1","NIT",50,"cliver",0.322922157228531
"5258",525.7,"Simu1","NIT",50,"cliver",0.311431506849489
"5259",525.8,"Simu1","NIT",50,"cliver",0.300132369457534
"5260",525.9,"Simu1","NIT",50,"cliver",0.289036130486107
"5261",526,"Simu1","NIT",50,"cliver",0.278152824958948
"5262",526.1,"Simu1","NIT",50,"cliver",0.267491247113957
"5263",526.2,"Simu1","NIT",50,"cliver",0.257059050309987
"5264",526.3,"Simu1","NIT",50,"cliver",0.246862838378738
"5265",526.4,"Simu1","NIT",50,"cliver",0.236908248807417
"5266",526.5,"Simu1","NIT",50,"cliver",0.227200028165941
"5267",526.6,"Simu1","NIT",50,"cliver",0.21774210022285
"5268",526.7,"Simu1","NIT",50,"cliver",0.208537627128068
"5269",526.8,"Simu1","NIT",50,"cliver",0.199589064025077
"5270",526.9,"Simu1","NIT",50,"cliver",0.190898207503669
"5271",527,"Simu1","NIT",50,"cliver",0.182466238224294
"5272",527.1,"Simu1","NIT",50,"cliver",0.174293758118507
"5273",527.2,"Simu1","NIT",50,"cliver",0.166380822579859
"5274",527.3,"Simu1","NIT",50,"cliver",0.158726968223802
"5275",527.4,"Simu1","NIT",50,"cliver",0.151331236630894
"5276",527.5,"Simu1","NIT",50,"cliver",0.144192194885669
"5277",527.6,"Simu1","NIT",50,"cliver",0.137307953193808
"5278",527.7,"Simu1","NIT",50,"cliver",0.130676181071165
"5279",527.8,"Simu1","NIT",50,"cliver",0.124294121221371
"5280",527.9,"Simu1","NIT",50,"cliver",0.118158604909456
"5281",528,"Simu1","NIT",50,"cliver",0.113307500147573
"5282",528.1,"Simu1","NIT",50,"cliver",0.378235948531029
"5283",528.2,"Simu1","NIT",50,"cliver",0.50610413294568
"5284",528.3,"Simu1","NIT",50,"cliver",0.548395479186984
"5285",528.4,"Simu1","NIT",50,"cliver",0.567952161921868
"5286",528.5,"Simu1","NIT",50,"cliver",0.579497003071431
"5287",528.6,"Simu1","NIT",50,"cliver",0.586977292807686
"5288",528.7,"Simu1","NIT",50,"cliver",0.591615801951293
"5289",528.8,"Simu1","NIT",50,"cliver",0.593923721479749
"5290",528.9,"Simu1","NIT",50,"cliver",0.594211141858293
"5291",529,"Simu1","NIT",50,"cliver",0.592718228796523
"5292",529.1,"Simu1","NIT",50,"cliver",0.589650360302195
"5293",529.2,"Simu1","NIT",50,"cliver",0.585189621580887
"5294",529.3,"Simu1","NIT",50,"cliver",0.579499130312191
"5295",529.4,"Simu1","NIT",50,"cliver",0.572725598184553
"5296",529.5,"Simu1","NIT",50,"cliver",0.565001412965946
"5297",529.6,"Simu1","NIT",50,"cliver",0.556446022534241
"5298",529.7,"Simu1","NIT",50,"cliver",0.547167443216268
"5299",529.8,"Simu1","NIT",50,"cliver",0.537263539166589
"5300",529.9,"Simu1","NIT",50,"cliver",0.526823028946241
"5301",530,"Simu1","NIT",50,"cliver",0.515926360085136
"5302",530.1,"Simu1","NIT",50,"cliver",0.504646521042428
"5303",530.2,"Simu1","NIT",50,"cliver",0.493049789145763
"5304",530.3,"Simu1","NIT",50,"cliver",0.481196375193981
"5305",530.4,"Simu1","NIT",50,"cliver",0.4691409719265
"5306",530.5,"Simu1","NIT",50,"cliver",0.456933246110606
"5307",530.6,"Simu1","NIT",50,"cliver",0.444618291925748
"5308",530.7,"Simu1","NIT",50,"cliver",0.432237038987861
"5309",530.8,"Simu1","NIT",50,"cliver",0.419826612922429
"5310",530.9,"Simu1","NIT",50,"cliver",0.407420658241547
"5311",531,"Simu1","NIT",50,"cliver",0.395049632865017
"5312",531.1,"Simu1","NIT",50,"cliver",0.382741076955624
"5313",531.2,"Simu1","NIT",50,"cliver",0.37051985652441
"5314",531.3,"Simu1","NIT",50,"cliver",0.358408384344051
"5315",531.4,"Simu1","NIT",50,"cliver",0.346426821745936
"5316",531.5,"Simu1","NIT",50,"cliver",0.334593263603218
"5317",531.6,"Simu1","NIT",50,"cliver",0.322923907681147
"5318",531.7,"Simu1","NIT",50,"cliver",0.311433209614353
"5319",531.8,"Simu1","NIT",50,"cliver",0.300134024513146
"5320",531.9,"Simu1","NIT",50,"cliver",0.289037737913065
"5321",532,"Simu1","NIT",50,"cliver",0.278154385063347
"5322",532.1,"Simu1","NIT",50,"cliver",0.267492760264964
"5323",532.2,"Simu1","NIT",50,"cliver",0.257060516892456
"5324",532.3,"Simu1","NIT",50,"cliver",0.24686425878789
"5325",532.4,"Simu1","NIT",50,"cliver",0.236909623496332
"5326",532.5,"Simu1","NIT",50,"cliver",0.22720135766595
"5327",532.6,"Simu1","NIT",50,"cliver",0.21774338509341
"5328",532.7,"Simu1","NIT",50,"cliver",0.208538867929826
"5329",532.8,"Simu1","NIT",50,"cliver",0.19959026135292
"5330",532.9,"Simu1","NIT",50,"cliver",0.190899362001586
"5331",533,"Simu1","NIT",50,"cliver",0.182467350563364
"5332",533.1,"Simu1","NIT",50,"cliver",0.174294828981628
"5333",533.2,"Simu1","NIT",50,"cliver",0.166381852674084
"5334",533.3,"Simu1","NIT",50,"cliver",0.158727958282853
"5335",533.4,"Simu1","NIT",50,"cliver",0.151332187418134
"5336",533.5,"Simu1","NIT",50,"cliver",0.144193107175011
"5337",533.6,"Simu1","NIT",50,"cliver",0.137308827775837
"5338",533.7,"Simu1","NIT",50,"cliver",0.130677018663555
"5339",533.8,"Simu1","NIT",50,"cliver",0.124294922996152
"5340",533.9,"Simu1","NIT",50,"cliver",0.118159371624244
"5341",534,"Simu1","NIT",50,"cliver",0.113308256363562
"5342",534.1,"Simu1","NIT",50,"cliver",0.378236616715181
"5343",534.2,"Simu1","NIT",50,"cliver",0.506105425361382
"5344",534.3,"Simu1","NIT",50,"cliver",0.548396583010932
"5345",534.4,"Simu1","NIT",50,"cliver",0.567952545964662
"5346",534.5,"Simu1","NIT",50,"cliver",0.579497779099703
"5347",534.6,"Simu1","NIT",50,"cliver",0.586977767783377
"5348",534.7,"Simu1","NIT",50,"cliver",0.59161622584706
"5349",534.8,"Simu1","NIT",50,"cliver",0.593924266799743
"5350",534.9,"Simu1","NIT",50,"cliver",0.594211829008473
"5351",535,"Simu1","NIT",50,"cliver",0.592718824020454
"5352",535.1,"Simu1","NIT",50,"cliver",0.589650985638274
"5353",535.2,"Simu1","NIT",50,"cliver",0.585190277291188
"5354",535.3,"Simu1","NIT",50,"cliver",0.579499812521824
"5355",535.4,"Simu1","NIT",50,"cliver",0.57272630013055
"5356",535.5,"Simu1","NIT",50,"cliver",0.56500202576672
"5357",535.6,"Simu1","NIT",50,"cliver",0.556446570387786
"5358",535.7,"Simu1","NIT",50,"cliver",0.547167999699487
"5359",535.8,"Simu1","NIT",50,"cliver",0.537264115734932
"5360",535.9,"Simu1","NIT",50,"cliver",0.526823585998457
"5361",536,"Simu1","NIT",50,"cliver",0.515926873638964
"5362",536.1,"Simu1","NIT",50,"cliver",0.504647004377251
"5363",536.2,"Simu1","NIT",50,"cliver",0.493050261798146
"5364",536.3,"Simu1","NIT",50,"cliver",0.481196837610761
"5365",536.4,"Simu1","NIT",50,"cliver",0.469141414644625
"5366",536.5,"Simu1","NIT",50,"cliver",0.456933666930489
"5367",536.6,"Simu1","NIT",50,"cliver",0.444618696093128
"5368",536.7,"Simu1","NIT",50,"cliver",0.432237430161534
"5369",536.8,"Simu1","NIT",50,"cliver",0.419826990379971
"5370",536.9,"Simu1","NIT",50,"cliver",0.407421020632576
"5371",537,"Simu1","NIT",50,"cliver",0.395049980789026
"5372",537.1,"Simu1","NIT",50,"cliver",0.382741411889656
"5373",537.2,"Simu1","NIT",50,"cliver",0.370520179207241
"5374",537.3,"Simu1","NIT",50,"cliver",0.358408694825979
"5375",537.4,"Simu1","NIT",50,"cliver",0.346427120207533
"5376",537.5,"Simu1","NIT",50,"cliver",0.334593550561478
"5377",537.6,"Simu1","NIT",50,"cliver",0.322924183624674
"5378",537.7,"Simu1","NIT",50,"cliver",0.311433474743256
"5379",537.8,"Simu1","NIT",50,"cliver",0.300134279304688
"5380",537.9,"Simu1","NIT",50,"cliver",0.289037982781467
"5381",538,"Simu1","NIT",50,"cliver",0.278154620298271
"5382",538.1,"Simu1","NIT",50,"cliver",0.267492986097058
"5383",538.2,"Simu1","NIT",50,"cliver",0.257060733597345
"5384",538.3,"Simu1","NIT",50,"cliver",0.246864466694253
"5385",538.4,"Simu1","NIT",50,"cliver",0.236909822894653
"5386",538.5,"Simu1","NIT",50,"cliver",0.227201548785779
"5387",538.6,"Simu1","NIT",50,"cliver",0.217743568174228
"5388",538.7,"Simu1","NIT",50,"cliver",0.20853904323754
"5389",538.8,"Simu1","NIT",50,"cliver",0.199590429139174
"5390",538.9,"Simu1","NIT",50,"cliver",0.190899522486303
"5391",539,"Simu1","NIT",50,"cliver",0.182467503965892
"5392",539.1,"Simu1","NIT",50,"cliver",0.174294975521585
"5393",539.2,"Simu1","NIT",50,"cliver",0.166381992576209
"5394",539.3,"Simu1","NIT",50,"cliver",0.158728091743506
"5395",539.4,"Simu1","NIT",50,"cliver",0.151332314659777
"5396",539.5,"Simu1","NIT",50,"cliver",0.144193228356575
"5397",539.6,"Simu1","NIT",50,"cliver",0.137308943203707
"5398",539.7,"Simu1","NIT",50,"cliver",0.130677128426187
"5399",539.8,"Simu1","NIT",50,"cliver",0.124295027129045
"5400",539.9,"Simu1","NIT",50,"cliver",0.118159470762088
"5401",540,"Simu1","NIT",50,"cliver",0.113308337138797
"5402",540.1,"Simu1","NIT",50,"cliver",0.378236137622943
"5403",540.2,"Simu1","NIT",50,"cliver",0.506103248855078
"5404",540.3,"Simu1","NIT",50,"cliver",0.548394087314243
"5405",540.4,"Simu1","NIT",50,"cliver",0.567949833657943
"5406",540.5,"Simu1","NIT",50,"cliver",0.579494502519677
"5407",540.6,"Simu1","NIT",50,"cliver",0.586974720837002
"5408",540.7,"Simu1","NIT",50,"cliver",0.591613373251572
"5409",540.8,"Simu1","NIT",50,"cliver",0.593921424605742
"5410",540.9,"Simu1","NIT",50,"cliver",0.594208980160515
"5411",541,"Simu1","NIT",50,"cliver",0.592715966486964
"5412",541.1,"Simu1","NIT",50,"cliver",0.589648025493725
"5413",541.2,"Simu1","NIT",50,"cliver",0.585187348966217
"5414",541.3,"Simu1","NIT",50,"cliver",0.579496898440214
"5415",541.4,"Simu1","NIT",50,"cliver",0.572723434380472
"5416",541.5,"Simu1","NIT",50,"cliver",0.56499921120885
"5417",541.6,"Simu1","NIT",50,"cliver",0.556443730836691
"5418",541.7,"Simu1","NIT",50,"cliver",0.547165148009005
"5419",541.8,"Simu1","NIT",50,"cliver",0.537261298170317
"5420",541.9,"Simu1","NIT",50,"cliver",0.526820822837754
"5421",542,"Simu1","NIT",50,"cliver",0.515924149559125
"5422",542.1,"Simu1","NIT",50,"cliver",0.504644304284901
"5423",542.2,"Simu1","NIT",50,"cliver",0.493047591176126
"5424",542.3,"Simu1","NIT",50,"cliver",0.481194211118801
"5425",542.4,"Simu1","NIT",50,"cliver",0.469138838077999
"5426",542.5,"Simu1","NIT",50,"cliver",0.456931136958923
"5427",542.6,"Simu1","NIT",50,"cliver",0.444616210802918
"5428",542.7,"Simu1","NIT",50,"cliver",0.432234992780531
"5429",542.8,"Simu1","NIT",50,"cliver",0.419824604821961
"5430",542.9,"Simu1","NIT",50,"cliver",0.407418688048398
"5431",543,"Simu1","NIT",50,"cliver",0.395047700703563
"5432",543.1,"Simu1","NIT",50,"cliver",0.382739184444185
"5433",543.2,"Simu1","NIT",50,"cliver",0.370518005431217
"5434",543.3,"Simu1","NIT",50,"cliver",0.358406575558627
"5435",543.4,"Simu1","NIT",50,"cliver",0.346425055560488
"5436",543.5,"Simu1","NIT",50,"cliver",0.334591540331743
"5437",543.6,"Simu1","NIT",50,"cliver",0.322922227750844
"5438",543.7,"Simu1","NIT",50,"cliver",0.311431573245873
"5439",543.8,"Simu1","NIT",50,"cliver",0.300132431933891
"5440",543.9,"Simu1","NIT",50,"cliver",0.289036189282351
"5441",544,"Simu1","NIT",50,"cliver",0.278152880344484
"5442",544.1,"Simu1","NIT",50,"cliver",0.26749129926495
"5443",544.2,"Simu1","NIT",50,"cliver",0.257059099370707
"5444",544.3,"Simu1","NIT",50,"cliver",0.246862884516545
"5445",544.4,"Simu1","NIT",50,"cliver",0.236908292200537
"5446",544.5,"Simu1","NIT",50,"cliver",0.227200068968434
"5447",544.6,"Simu1","NIT",50,"cliver",0.217742138561053
"5448",544.7,"Simu1","NIT",50,"cliver",0.20853766312512
"5449",544.8,"Simu1","NIT",50,"cliver",0.199589097811498
"5450",544.9,"Simu1","NIT",50,"cliver",0.190898239201808
"5451",545,"Simu1","NIT",50,"cliver",0.182466267940856
"5452",545.1,"Simu1","NIT",50,"cliver",0.174293785952769
"5453",545.2,"Simu1","NIT",50,"cliver",0.166380848632138
"5454",545.3,"Simu1","NIT",50,"cliver",0.158726992589403
"5455",545.4,"Simu1","NIT",50,"cliver",0.151331259399615
"5456",545.5,"Simu1","NIT",50,"cliver",0.144192216138996
"5457",545.6,"Simu1","NIT",50,"cliver",0.13730797301491
"5458",545.7,"Simu1","NIT",50,"cliver",0.130676199534692
"5459",545.8,"Simu1","NIT",50,"cliver",0.1242941384504
"5460",545.9,"Simu1","NIT",50,"cliver",0.118158620945108
"5461",546,"Simu1","NIT",50,"cliver",0.113307514953059
"5462",546.1,"Simu1","NIT",50,"cliver",0.378235972233031
"5463",546.2,"Simu1","NIT",50,"cliver",0.50610418818722
"5464",546.3,"Simu1","NIT",50,"cliver",0.548395566895514
"5465",546.4,"Simu1","NIT",50,"cliver",0.567952814655454
"5466",546.5,"Simu1","NIT",50,"cliver",0.579496785078293
"5467",546.6,"Simu1","NIT",50,"cliver",0.586977133374274
"5468",546.7,"Simu1","NIT",50,"cliver",0.591615652230769
"5469",546.8,"Simu1","NIT",50,"cliver",0.593923665516457
"5470",546.9,"Simu1","NIT",50,"cliver",0.594211218613585
"5471",547,"Simu1","NIT",50,"cliver",0.592718210549298
"5472",547.1,"Simu1","NIT",50,"cliver",0.589650383535705
"5473",547.2,"Simu1","NIT",50,"cliver",0.585189708339585
"5474",547.3,"Simu1","NIT",50,"cliver",0.57949926114447
"5475",547.4,"Simu1","NIT",50,"cliver",0.572725786618713
"5476",547.5,"Simu1","NIT",50,"cliver",0.565001535209533
"5477",547.6,"Simu1","NIT",50,"cliver",0.556446078446816
"5478",547.7,"Simu1","NIT",50,"cliver",0.547167514805484
"5479",547.8,"Simu1","NIT",50,"cliver",0.537263650912931
"5480",547.9,"Simu1","NIT",50,"cliver",0.526823140060966
"5481",548,"Simu1","NIT",50,"cliver",0.515926441842479
"5482",548.1,"Simu1","NIT",50,"cliver",0.504646582598126
"5483",548.2,"Simu1","NIT",50,"cliver",0.493049851624831
"5484",548.3,"Simu1","NIT",50,"cliver",0.481196441788358
"5485",548.4,"Simu1","NIT",50,"cliver",0.469141032695113
"5486",548.5,"Simu1","NIT",50,"cliver",0.456933296981414
"5487",548.6,"Simu1","NIT",50,"cliver",0.444618337527102
"5488",548.7,"Simu1","NIT",50,"cliver",0.432237083397054
"5489",548.8,"Simu1","NIT",50,"cliver",0.419826655593219
"5490",548.9,"Simu1","NIT",50,"cliver",0.407420697386254
"5491",549,"Simu1","NIT",50,"cliver",0.395049668507145
"5492",549.1,"Simu1","NIT",50,"cliver",0.382741110280263
"5493",549.2,"Simu1","NIT",50,"cliver",0.370519888172904
"5494",549.3,"Simu1","NIT",50,"cliver",0.358408414174673
"5495",549.4,"Simu1","NIT",50,"cliver",0.346426849607061
"5496",549.5,"Simu1","NIT",50,"cliver",0.33459328969445
"5497",549.6,"Simu1","NIT",50,"cliver",0.322923932257484
"5498",549.7,"Simu1","NIT",50,"cliver",0.311433232659177
"5499",549.8,"Simu1","NIT",50,"cliver",0.300134046194109
"5500",549.9,"Simu1","NIT",50,"cliver",0.289037758479963
"5501",550,"Simu1","NIT",50,"cliver",0.278154404547294
"5502",550.1,"Simu1","NIT",50,"cliver",0.267492778664306
"5503",550.2,"Simu1","NIT",50,"cliver",0.257060534243906
"5504",550.3,"Simu1","NIT",50,"cliver",0.246864275192995
"5505",550.4,"Simu1","NIT",50,"cliver",0.236909639035709
"5506",550.5,"Simu1","NIT",50,"cliver",0.227201372355839
"5507",550.6,"Simu1","NIT",50,"cliver",0.217743398956949
"5508",550.7,"Simu1","NIT",50,"cliver",0.208538881030191
"5509",550.8,"Simu1","NIT",50,"cliver",0.199590273745194
"5510",550.9,"Simu1","NIT",50,"cliver",0.190899373711226
"5511",551,"Simu1","NIT",50,"cliver",0.182467361614719
"5512",551.1,"Simu1","NIT",50,"cliver",0.174294839410485
"5513",551.2,"Simu1","NIT",50,"cliver",0.166381862517212
"5514",551.3,"Simu1","NIT",50,"cliver",0.15872796756526
"5515",551.4,"Simu1","NIT",50,"cliver",0.151332196168134
"5516",551.5,"Simu1","NIT",50,"cliver",0.144193115408013
"5517",551.6,"Simu1","NIT",50,"cliver",0.137308835561967
"5518",551.7,"Simu1","NIT",50,"cliver",0.130677026056701
"5519",551.8,"Simu1","NIT",50,"cliver",0.124294929715587
"5520",551.9,"Simu1","NIT",50,"cliver",0.118159377789243
"5521",552,"Simu1","NIT",50,"cliver",0.113308246580049
"5522",552.1,"Simu1","NIT",50,"cliver",0.378236938046641
"5523",552.2,"Simu1","NIT",50,"cliver",0.506104928122084
"5524",552.3,"Simu1","NIT",50,"cliver",0.548396931865245
"5525",552.4,"Simu1","NIT",50,"cliver",0.567952642137977
"5526",552.5,"Simu1","NIT",50,"cliver",0.57949677211049
"5527",552.6,"Simu1","NIT",50,"cliver",0.586976609674275
"5528",552.7,"Simu1","NIT",50,"cliver",0.591615439527754
"5529",552.8,"Simu1","NIT",50,"cliver",0.593923718846246
"5530",552.9,"Simu1","NIT",50,"cliver",0.594211236783757
"5531",553,"Simu1","NIT",50,"cliver",0.592718271337782
"5532",553.1,"Simu1","NIT",50,"cliver",0.589650420275615
"5533",553.2,"Simu1","NIT",50,"cliver",0.585189712653675
"5534",553.3,"Simu1","NIT",50,"cliver",0.5794992585109
"5535",553.4,"Simu1","NIT",50,"cliver",0.572725735132712
"5536",553.5,"Simu1","NIT",50,"cliver",0.565001463876859
"5537",553.6,"Simu1","NIT",50,"cliver",0.556446033417754
"5538",553.7,"Simu1","NIT",50,"cliver",0.547167480585346
"5539",553.8,"Simu1","NIT",50,"cliver",0.537263596680637
"5540",553.9,"Simu1","NIT",50,"cliver",0.52682307326193
"5541",554,"Simu1","NIT",50,"cliver",0.515926374576306
"5542",554.1,"Simu1","NIT",50,"cliver",0.504646519018121
"5543",554.2,"Simu1","NIT",50,"cliver",0.493049786111389
"5544",554.3,"Simu1","NIT",50,"cliver",0.481196369443229
"5545",554.4,"Simu1","NIT",50,"cliver",0.469140955985335
"5546",554.5,"Simu1","NIT",50,"cliver",0.456933219857118
"5547",554.6,"Simu1","NIT",50,"cliver",0.444618259794943
"5548",554.7,"Simu1","NIT",50,"cliver",0.43223700328155
"5549",554.8,"Simu1","NIT",50,"cliver",0.419826573210525
"5550",554.9,"Simu1","NIT",50,"cliver",0.407420613967464
"5551",555,"Simu1","NIT",50,"cliver",0.395049584584018
"5552",555.1,"Simu1","NIT",50,"cliver",0.382741025714887
"5553",555.2,"Simu1","NIT",50,"cliver",0.370519802981091
"5554",555.3,"Simu1","NIT",50,"cliver",0.358408328697058
"5555",555.4,"Simu1","NIT",50,"cliver",0.346426764180728
"5556",555.5,"Simu1","NIT",50,"cliver",0.334593204485835
"5557",555.6,"Simu1","NIT",50,"cliver",0.322923847374787
"5558",555.7,"Simu1","NIT",50,"cliver",0.311433148275879
"5559",555.8,"Simu1","NIT",50,"cliver",0.300133962582822
"5560",555.9,"Simu1","NIT",50,"cliver",0.289037675653992
"5561",556,"Simu1","NIT",50,"cliver",0.278154322631304
"5562",556.1,"Simu1","NIT",50,"cliver",0.267492697794757
"5563",556.2,"Simu1","NIT",50,"cliver",0.257060454566394
"5564",556.3,"Simu1","NIT",50,"cliver",0.246864196808083
"5565",556.4,"Simu1","NIT",50,"cliver",0.236909562006929
"5566",556.5,"Simu1","NIT",50,"cliver",0.227201296763504
"5567",556.6,"Simu1","NIT",50,"cliver",0.217743324894193
"5568",556.7,"Simu1","NIT",50,"cliver",0.20853880856232
"5569",556.8,"Simu1","NIT",50,"cliver",0.199590202918884
"5570",556.9,"Simu1","NIT",50,"cliver",0.190899304573286
"5571",557,"Simu1","NIT",50,"cliver",0.182467294216455
"5572",557.1,"Simu1","NIT",50,"cliver",0.174294773786058
"5573",557.2,"Simu1","NIT",50,"cliver",0.166381798699706
"5574",557.3,"Simu1","NIT",50,"cliver",0.158727905567161
"5575",557.4,"Simu1","NIT",50,"cliver",0.151332136027068
"5576",557.5,"Simu1","NIT",50,"cliver",0.1441930571025
"5577",557.6,"Simu1","NIT",50,"cliver",0.137308779168775
"5578",557.7,"Simu1","NIT",50,"cliver",0.130676971410626
"5579",557.8,"Simu1","NIT",50,"cliver",0.124294876999318
"5580",557.9,"Simu1","NIT",50,"cliver",0.118159327224557
"5581",558,"Simu1","NIT",50,"cliver",0.11330819448506
"5582",558.1,"Simu1","NIT",50,"cliver",0.378236016852635
"5583",558.2,"Simu1","NIT",50,"cliver",0.506103157915234
"5584",558.3,"Simu1","NIT",50,"cliver",0.548394020768863
"5585",558.4,"Simu1","NIT",50,"cliver",0.567949738779542
"5586",558.5,"Simu1","NIT",50,"cliver",0.579494431245516
"5587",558.6,"Simu1","NIT",50,"cliver",0.586974651676386
"5588",558.7,"Simu1","NIT",50,"cliver",0.591613326673967
"5589",558.8,"Simu1","NIT",50,"cliver",0.593921319068224
"5590",558.9,"Simu1","NIT",50,"cliver",0.594208905678161
"5591",559,"Simu1","NIT",50,"cliver",0.592715863895301
"5592",559.1,"Simu1","NIT",50,"cliver",0.589647963651658
"5593",559.2,"Simu1","NIT",50,"cliver",0.585187271996243
"5594",559.3,"Simu1","NIT",50,"cliver",0.579496822076962
"5595",559.4,"Simu1","NIT",50,"cliver",0.572723349774807
"5596",559.5,"Simu1","NIT",50,"cliver",0.564999107461516
"5597",559.6,"Simu1","NIT",50,"cliver",0.556443642244148
"5598",559.7,"Simu1","NIT",50,"cliver",0.547165078434135
"5599",559.8,"Simu1","NIT",50,"cliver",0.537261232723527
"5600",559.9,"Simu1","NIT",50,"cliver",0.526820749737615
"5601",560,"Simu1","NIT",50,"cliver",0.515924075726663
"5602",560.1,"Simu1","NIT",50,"cliver",0.504644237805248
"5603",560.2,"Simu1","NIT",50,"cliver",0.493047532542655
"5604",560.3,"Simu1","NIT",50,"cliver",0.481194155552166
"5605",560.4,"Simu1","NIT",50,"cliver",0.469138782825162
"5606",560.5,"Simu1","NIT",50,"cliver",0.45693108357127
"5607",560.6,"Simu1","NIT",50,"cliver",0.44461616120273
"5608",560.7,"Simu1","NIT",50,"cliver",0.432234946536224
"5609",560.8,"Simu1","NIT",50,"cliver",0.41982456055603
"5610",560.9,"Simu1","NIT",50,"cliver",0.407418645331374
"5611",561,"Simu1","NIT",50,"cliver",0.395047659943466
"5612",561.1,"Simu1","NIT",50,"cliver",0.382739145888635
"5613",561.2,"Simu1","NIT",50,"cliver",0.370517968837136
"5614",561.3,"Simu1","NIT",50,"cliver",0.358406540579483
"5615",561.4,"Simu1","NIT",50,"cliver",0.346425022089426
"5616",561.5,"Simu1","NIT",50,"cliver",0.33459150842294
"5617",561.6,"Simu1","NIT",50,"cliver",0.32292219738947
"5618",561.7,"Simu1","NIT",50,"cliver",0.311431544308924
"5619",561.8,"Simu1","NIT",50,"cliver",0.300132404322952
"5620",561.9,"Simu1","NIT",50,"cliver",0.28903616297465
"5621",562,"Simu1","NIT",50,"cliver",0.278152855249777
"5622",562.1,"Simu1","NIT",50,"cliver",0.267491275327925
"5623",562.2,"Simu1","NIT",50,"cliver",0.257059076550475
"5624",562.3,"Simu1","NIT",50,"cliver",0.246862862775898
"5625",562.4,"Simu1","NIT",50,"cliver",0.236908271493322
"5626",562.5,"Simu1","NIT",50,"cliver",0.227200049243651
"5627",562.6,"Simu1","NIT",50,"cliver",0.217742119780156
"5628",562.7,"Simu1","NIT",50,"cliver",0.208537645257763
"5629",562.8,"Simu1","NIT",50,"cliver",0.199589080820321
"5630",562.9,"Simu1","NIT",50,"cliver",0.190898223047704
"5631",563,"Simu1","NIT",50,"cliver",0.182466252591636
"5632",563.1,"Simu1","NIT",50,"cliver",0.174293771380763
"5633",563.2,"Simu1","NIT",50,"cliver",0.166380834807155
"5634",563.3,"Simu1","NIT",50,"cliver",0.158726979481875
"5635",563.4,"Simu1","NIT",50,"cliver",0.151331246981788
"5636",563.5,"Simu1","NIT",50,"cliver",0.144192204384922
"5637",563.6,"Simu1","NIT",50,"cliver",0.137307961901212
"5638",563.7,"Simu1","NIT",50,"cliver",0.13067618902742
"5639",563.8,"Simu1","NIT",50,"cliver",0.124294128463121
"5640",563.9,"Simu1","NIT",50,"cliver",0.11815861150839
"5641",564,"Simu1","NIT",50,"cliver",0.113307512276023
"5642",564.1,"Simu1","NIT",50,"cliver",0.378235675208159
"5643",564.2,"Simu1","NIT",50,"cliver",0.506104202984369
"5644",564.3,"Simu1","NIT",50,"cliver",0.548395256416733
"5645",564.4,"Simu1","NIT",50,"cliver",0.56795150623929
"5646",564.5,"Simu1","NIT",50,"cliver",0.57949574040488
"5647",564.6,"Simu1","NIT",50,"cliver",0.586976506670351
"5648",564.7,"Simu1","NIT",50,"cliver",0.591615046108883
"5649",564.8,"Simu1","NIT",50,"cliver",0.593923127573217
"5650",564.9,"Simu1","NIT",50,"cliver",0.594210633559095
"5651",565,"Simu1","NIT",50,"cliver",0.592717740598893
"5652",565.1,"Simu1","NIT",50,"cliver",0.589649818634306
"5653",565.2,"Simu1","NIT",50,"cliver",0.585189143969183
"5654",565.3,"Simu1","NIT",50,"cliver",0.579498748887433
"5655",565.4,"Simu1","NIT",50,"cliver",0.572725310286706
"5656",565.5,"Simu1","NIT",50,"cliver",0.565001133332793
"5657",565.6,"Simu1","NIT",50,"cliver",0.556445667033073
"5658",565.7,"Simu1","NIT",50,"cliver",0.547167043556361
"5659",565.8,"Simu1","NIT",50,"cliver",0.537263169128841
"5660",565.9,"Simu1","NIT",50,"cliver",0.526822691925333
"5661",566,"Simu1","NIT",50,"cliver",0.51592601706617
"5662",566.1,"Simu1","NIT",50,"cliver",0.504646152286454
"5663",566.2,"Simu1","NIT",50,"cliver",0.493049404968475
"5664",566.3,"Simu1","NIT",50,"cliver",0.481195985844797
"5665",566.4,"Simu1","NIT",50,"cliver",0.469140590484559
"5666",566.5,"Simu1","NIT",50,"cliver",0.456932875136492
"5667",566.6,"Simu1","NIT",50,"cliver",0.444617916502641
"5668",566.7,"Simu1","NIT",50,"cliver",0.432236658883107
"5669",566.8,"Simu1","NIT",50,"cliver",0.419826250961807
"5670",566.9,"Simu1","NIT",50,"cliver",0.407420302442775
"5671",567,"Simu1","NIT",50,"cliver",0.395049290995789
"5672",567.1,"Simu1","NIT",50,"cliver",0.382740750823829
"5673",567.2,"Simu1","NIT",50,"cliver",0.370519521715099
"5674",567.3,"Simu1","NIT",50,"cliver",0.358408044253562
"5675",567.4,"Simu1","NIT",50,"cliver",0.346426500456825
"5676",567.5,"Simu1","NIT",50,"cliver",0.334592944098366
"5677",567.6,"Simu1","NIT",50,"cliver",0.322923606883758
"5678",567.7,"Simu1","NIT",50,"cliver",0.311432920503216
"5679",567.8,"Simu1","NIT",50,"cliver",0.300133728277876
"5680",567.9,"Simu1","NIT",50,"cliver",0.289037448640359
"5681",568,"Simu1","NIT",50,"cliver",0.278154115191882
"5682",568.1,"Simu1","NIT",50,"cliver",0.267492497252746
"5683",568.2,"Simu1","NIT",50,"cliver",0.257060254046931
"5684",568.3,"Simu1","NIT",50,"cliver",0.246864005028426
"5685",568.4,"Simu1","NIT",50,"cliver",0.236909382065694
"5686",568.5,"Simu1","NIT",50,"cliver",0.227201123069908
"5687",568.6,"Simu1","NIT",50,"cliver",0.2177431555984
"5688",568.7,"Simu1","NIT",50,"cliver",0.208538646695832
"5689",568.8,"Simu1","NIT",50,"cliver",0.199590048918753
"5690",568.9,"Simu1","NIT",50,"cliver",0.190899156830387
"5691",569,"Simu1","NIT",50,"cliver",0.182467151817737
"5692",569.1,"Simu1","NIT",50,"cliver",0.174294638073737
"5693",569.2,"Simu1","NIT",50,"cliver",0.166381668484954
"5694",569.3,"Simu1","NIT",50,"cliver",0.158727782856514
"5695",569.4,"Simu1","NIT",50,"cliver",0.151332021780752
"5696",569.5,"Simu1","NIT",50,"cliver",0.144192947682012
"5697",569.6,"Simu1","NIT",50,"cliver",0.137308671602896
"5698",569.7,"Simu1","NIT",50,"cliver",0.130676868972608
"5699",569.8,"Simu1","NIT",50,"cliver",0.124294781165479
"5700",569.9,"Simu1","NIT",50,"cliver",0.118159236973061
"5701",570,"Simu1","NIT",50,"cliver",0.113308087546905
"5702",570.1,"Simu1","NIT",50,"cliver",0.378236278557718
"5703",570.2,"Simu1","NIT",50,"cliver",0.506103534589992
"5704",570.3,"Simu1","NIT",50,"cliver",0.548394515613493
"5705",570.4,"Simu1","NIT",50,"cliver",0.567951392356284
"5706",570.5,"Simu1","NIT",50,"cliver",0.579495898461612
"5707",570.6,"Simu1","NIT",50,"cliver",0.5869754490197
"5708",570.7,"Simu1","NIT",50,"cliver",0.591613558182381
"5709",570.8,"Simu1","NIT",50,"cliver",0.59392125632424
"5710",570.9,"Simu1","NIT",50,"cliver",0.594209291916705
"5711",571,"Simu1","NIT",50,"cliver",0.592716719782584
"5712",571.1,"Simu1","NIT",50,"cliver",0.589648454220461
"5713",571.2,"Simu1","NIT",50,"cliver",0.585188103131922
"5714",571.3,"Simu1","NIT",50,"cliver",0.579496966222022
"5715",571.4,"Simu1","NIT",50,"cliver",0.572724369246706
"5716",571.5,"Simu1","NIT",50,"cliver",0.564999373350178
"5717",571.6,"Simu1","NIT",50,"cliver",0.556444531500515
"5718",571.7,"Simu1","NIT",50,"cliver",0.54716586401369
"5719",571.8,"Simu1","NIT",50,"cliver",0.537261902218979
"5720",571.9,"Simu1","NIT",50,"cliver",0.526821317519406
"5721",572,"Simu1","NIT",50,"cliver",0.515924523683263
"5722",572.1,"Simu1","NIT",50,"cliver",0.504644816737507
"5723",572.2,"Simu1","NIT",50,"cliver",0.493048312197531
"5724",572.3,"Simu1","NIT",50,"cliver",0.481194995050562
"5725",572.4,"Simu1","NIT",50,"cliver",0.469139623988893
"5726",572.5,"Simu1","NIT",50,"cliver",0.456931938984194
"5727",572.6,"Simu1","NIT",50,"cliver",0.444617045894299
"5728",572.7,"Simu1","NIT",50,"cliver",0.432235852946416
"5729",572.8,"Simu1","NIT",50,"cliver",0.419825474555582
"5730",572.9,"Simu1","NIT",50,"cliver",0.407419531574432
"5731",573,"Simu1","NIT",50,"cliver",0.395048485946491
"5732",573.1,"Simu1","NIT",50,"cliver",0.382739891030868
"5733",573.2,"Simu1","NIT",50,"cliver",0.370518692046801
"5734",573.3,"Simu1","NIT",50,"cliver",0.35840719317448
"5735",573.4,"Simu1","NIT",50,"cliver",0.346425713338552
"5736",573.5,"Simu1","NIT",50,"cliver",0.33459216203457
"5737",573.6,"Simu1","NIT",50,"cliver",0.322922802552839
"5738",573.7,"Simu1","NIT",50,"cliver",0.311432022138182
"5739",573.8,"Simu1","NIT",50,"cliver",0.300132747711858
"5740",573.9,"Simu1","NIT",50,"cliver",0.289036393068023
"5741",574,"Simu1","NIT",50,"cliver",0.278153073938464
"5742",574.1,"Simu1","NIT",50,"cliver",0.267491599243193
"5743",574.2,"Simu1","NIT",50,"cliver",0.257059494552228
"5744",574.3,"Simu1","NIT",50,"cliver",0.246863321853939
"5745",574.4,"Simu1","NIT",50,"cliver",0.236908716050866
"5746",574.5,"Simu1","NIT",50,"cliver",0.227200505477489
"5747",574.6,"Simu1","NIT",50,"cliver",0.217742497318126
"5748",574.7,"Simu1","NIT",50,"cliver",0.208538074291727
"5749",574.8,"Simu1","NIT",50,"cliver",0.199589483519445
"5750",574.9,"Simu1","NIT",50,"cliver",0.190898584044108
"5751",575,"Simu1","NIT",50,"cliver",0.182466561374041
"5752",575.1,"Simu1","NIT",50,"cliver",0.174294032909426
"5753",575.2,"Simu1","NIT",50,"cliver",0.16638109904695
"5754",575.3,"Simu1","NIT",50,"cliver",0.158727276192233
"5755",575.4,"Simu1","NIT",50,"cliver",0.15133156197544
"5756",575.5,"Simu1","NIT",50,"cliver",0.144192516113416
"5757",575.6,"Simu1","NIT",50,"cliver",0.137308261206356
"5758",575.7,"Simu1","NIT",50,"cliver",0.130676476705385
"5759",575.8,"Simu1","NIT",50,"cliver",0.124294407295952
"5760",575.9,"Simu1","NIT",50,"cliver",0.118158883235474
"5761",576,"Simu1","NIT",50,"cliver",0.113307781411135
"5762",576.1,"Simu1","NIT",50,"cliver",0.378236050277314
"5763",576.2,"Simu1","NIT",50,"cliver",0.506103569377573
"5764",576.3,"Simu1","NIT",50,"cliver",0.548395097977593
"5765",576.4,"Simu1","NIT",50,"cliver",0.567951254153253
"5766",576.5,"Simu1","NIT",50,"cliver",0.579495649202919
"5767",576.6,"Simu1","NIT",50,"cliver",0.586975149973254
"5768",576.7,"Simu1","NIT",50,"cliver",0.591614377271632
"5769",576.8,"Simu1","NIT",50,"cliver",0.593922342227557
"5770",576.9,"Simu1","NIT",50,"cliver",0.594209852714904
"5771",577,"Simu1","NIT",50,"cliver",0.592716907134754
"5772",577.1,"Simu1","NIT",50,"cliver",0.589649000160631
"5773",577.2,"Simu1","NIT",50,"cliver",0.585188321212519
"5774",577.3,"Simu1","NIT",50,"cliver",0.579497907897448
"5775",577.4,"Simu1","NIT",50,"cliver",0.572724457377001
"5776",577.5,"Simu1","NIT",50,"cliver",0.565000263306546
"5777",577.6,"Simu1","NIT",50,"cliver",0.556444793205312
"5778",577.7,"Simu1","NIT",50,"cliver",0.547166189775841
"5779",577.8,"Simu1","NIT",50,"cliver",0.537262330948769
"5780",577.9,"Simu1","NIT",50,"cliver",0.526821856553072
"5781",578,"Simu1","NIT",50,"cliver",0.515925180140333
"5782",578.1,"Simu1","NIT",50,"cliver",0.504645325917408
"5783",578.2,"Simu1","NIT",50,"cliver",0.493048599010369
"5784",578.3,"Simu1","NIT",50,"cliver",0.481195205452455
"5785",578.4,"Simu1","NIT",50,"cliver",0.469139820442737
"5786",578.5,"Simu1","NIT",50,"cliver",0.456932106125636
"5787",578.6,"Simu1","NIT",50,"cliver",0.444617164341481
"5788",578.7,"Simu1","NIT",50,"cliver",0.432235929461526
"5789",578.8,"Simu1","NIT",50,"cliver",0.419825524494537
"5790",578.9,"Simu1","NIT",50,"cliver",0.407419590537223
"5791",579,"Simu1","NIT",50,"cliver",0.395048585381384
"5792",579.1,"Simu1","NIT",50,"cliver",0.382740050547252
"5793",579.2,"Simu1","NIT",50,"cliver",0.370518852487403
"5794",579.3,"Simu1","NIT",50,"cliver",0.35840740340496
"5795",579.4,"Simu1","NIT",50,"cliver",0.346425864055459
"5796",579.5,"Simu1","NIT",50,"cliver",0.334592329226015
"5797",579.6,"Simu1","NIT",50,"cliver",0.322922996818171
"5798",579.7,"Simu1","NIT",50,"cliver",0.311432322394096
"5799",579.8,"Simu1","NIT",50,"cliver",0.300133161153614
"5800",579.9,"Simu1","NIT",50,"cliver",0.289036898507581
"5801",580,"Simu1","NIT",50,"cliver",0.278153569670881
"5802",580.1,"Simu1","NIT",50,"cliver",0.267491968723382
"5803",580.2,"Simu1","NIT",50,"cliver",0.257059749043736
"5804",580.3,"Simu1","NIT",50,"cliver",0.246863514505493
"5805",580.4,"Simu1","NIT",50,"cliver",0.23690890263803
"5806",580.5,"Simu1","NIT",50,"cliver",0.227200660018466
"5807",580.6,"Simu1","NIT",50,"cliver",0.217742710399647
"5808",580.7,"Simu1","NIT",50,"cliver",0.208538215940498
"5809",580.8,"Simu1","NIT",50,"cliver",0.199589631819646
"5810",580.9,"Simu1","NIT",50,"cliver",0.190898754634425
"5811",581,"Simu1","NIT",50,"cliver",0.182466765043299
"5812",581.1,"Simu1","NIT",50,"cliver",0.17429426497817
"5813",581.2,"Simu1","NIT",50,"cliver",0.166381309859496
"5814",581.3,"Simu1","NIT",50,"cliver",0.158727436295912
"5815",581.4,"Simu1","NIT",50,"cliver",0.151331685901496
"5816",581.5,"Simu1","NIT",50,"cliver",0.144192625714072
"5817",581.6,"Simu1","NIT",50,"cliver",0.13730836605287
"5818",581.7,"Simu1","NIT",50,"cliver",0.130676576234724
"5819",581.8,"Simu1","NIT",50,"cliver",0.124294499468327
"5820",581.9,"Simu1","NIT",50,"cliver",0.118158966041221
"5821",582,"Simu1","NIT",50,"cliver",0.113307843486964
"5822",582.1,"Simu1","NIT",50,"cliver",0.378236454428191
"5823",582.2,"Simu1","NIT",50,"cliver",0.506104568280293
"5824",582.3,"Simu1","NIT",50,"cliver",0.548395929002285
"5825",582.4,"Simu1","NIT",50,"cliver",0.567952466853311
"5826",582.5,"Simu1","NIT",50,"cliver",0.579496751829653
"5827",582.6,"Simu1","NIT",50,"cliver",0.586976419048732
"5828",582.7,"Simu1","NIT",50,"cliver",0.591615837403679
"5829",582.8,"Simu1","NIT",50,"cliver",0.593923763708443
"5830",582.9,"Simu1","NIT",50,"cliver",0.594211307717486
"5831",583,"Simu1","NIT",50,"cliver",0.592718388654993
"5832",583.1,"Simu1","NIT",50,"cliver",0.589650495376878
"5833",583.2,"Simu1","NIT",50,"cliver",0.585189762627129
"5834",583.3,"Simu1","NIT",50,"cliver",0.579499229671502
"5835",583.4,"Simu1","NIT",50,"cliver",0.572725720068577
"5836",583.5,"Simu1","NIT",50,"cliver",0.565001564704441
"5837",583.6,"Simu1","NIT",50,"cliver",0.556446163693698
"5838",583.7,"Simu1","NIT",50,"cliver",0.547167572412651
"5839",583.8,"Simu1","NIT",50,"cliver",0.537263688100811
"5840",583.9,"Simu1","NIT",50,"cliver",0.52682320235512
"5841",584,"Simu1","NIT",50,"cliver",0.515926533986272
"5842",584.1,"Simu1","NIT",50,"cliver",0.504646676710024
"5843",584.2,"Simu1","NIT",50,"cliver",0.493049930485457
"5844",584.3,"Simu1","NIT",50,"cliver",0.481196510199992
"5845",584.4,"Simu1","NIT",50,"cliver",0.469141103548229
"5846",584.5,"Simu1","NIT",50,"cliver",0.456933370074506
"5847",584.6,"Simu1","NIT",50,"cliver",0.44461840813916
"5848",584.7,"Simu1","NIT",50,"cliver",0.432237146054591
"5849",584.8,"Simu1","NIT",50,"cliver",0.419826702575837
"5850",584.9,"Simu1","NIT",50,"cliver",0.407420754604269
"5851",585,"Simu1","NIT",50,"cliver",0.395049725128125
"5852",585.1,"Simu1","NIT",50,"cliver",0.382741166985432
"5853",585.2,"Simu1","NIT",50,"cliver",0.370519957652293
"5854",585.3,"Simu1","NIT",50,"cliver",0.358408482133246
"5855",585.4,"Simu1","NIT",50,"cliver",0.346426895579307
"5856",585.5,"Simu1","NIT",50,"cliver",0.334593313592551
"5857",585.6,"Simu1","NIT",50,"cliver",0.32292397123632
"5858",585.7,"Simu1","NIT",50,"cliver",0.311433282762599
"5859",585.8,"Simu1","NIT",50,"cliver",0.300134095762956
"5860",585.9,"Simu1","NIT",50,"cliver",0.28903779889224
"5861",586,"Simu1","NIT",50,"cliver",0.278154445972519
"5862",586.1,"Simu1","NIT",50,"cliver",0.267492824759416
"5863",586.2,"Simu1","NIT",50,"cliver",0.257060573915992
"5864",586.3,"Simu1","NIT",50,"cliver",0.246864307907745
"5865",586.4,"Simu1","NIT",50,"cliver",0.236909673242794
"5866",586.5,"Simu1","NIT",50,"cliver",0.227201408343297
"5867",586.6,"Simu1","NIT",50,"cliver",0.217743431145998
"5868",586.7,"Simu1","NIT",50,"cliver",0.208538910114359
"5869",586.8,"Simu1","NIT",50,"cliver",0.199590302530451
"5870",586.9,"Simu1","NIT",50,"cliver",0.190899402516319
"5871",587,"Simu1","NIT",50,"cliver",0.182467387994458
"5872",587.1,"Simu1","NIT",50,"cliver",0.174294864572194
"5873",587.2,"Simu1","NIT",50,"cliver",0.166381885971279
"5874",587.3,"Simu1","NIT",50,"cliver",0.158727991337253
"5875",587.4,"Simu1","NIT",50,"cliver",0.151332217100642
"5876",587.5,"Simu1","NIT",50,"cliver",0.144193189682196
"5877",587.6,"Simu1","NIT",50,"cliver",0.137308932110535
"5878",587.7,"Simu1","NIT",50,"cliver",0.130677055931216
"5879",587.8,"Simu1","NIT",50,"cliver",0.12429491568259
"5880",587.9,"Simu1","NIT",50,"cliver",0.118159420952124
"5881",588,"Simu1","NIT",50,"cliver",0.113308261802563
"5882",588.1,"Simu1","NIT",50,"cliver",0.378236192561871
"5883",588.2,"Simu1","NIT",50,"cliver",0.506104403817061
"5884",588.3,"Simu1","NIT",50,"cliver",0.548396737602618
"5885",588.4,"Simu1","NIT",50,"cliver",0.56795190503669
"5886",588.5,"Simu1","NIT",50,"cliver",0.579495923126284
"5887",588.6,"Simu1","NIT",50,"cliver",0.58697581434395
"5888",588.7,"Simu1","NIT",50,"cliver",0.591614191442882
"5889",588.8,"Simu1","NIT",50,"cliver",0.59392181996445
"5890",588.9,"Simu1","NIT",50,"cliver",0.594209850224484
"5891",589,"Simu1","NIT",50,"cliver",0.592717046985535
"5892",589.1,"Simu1","NIT",50,"cliver",0.589648990459765
"5893",589.2,"Simu1","NIT",50,"cliver",0.585188318551495
"5894",589.3,"Simu1","NIT",50,"cliver",0.579497875099514
"5895",589.4,"Simu1","NIT",50,"cliver",0.572724372892891
"5896",589.5,"Simu1","NIT",50,"cliver",0.565000103211637
"5897",589.6,"Simu1","NIT",50,"cliver",0.556444662160197
"5898",589.7,"Simu1","NIT",50,"cliver",0.547166129815525
"5899",589.8,"Simu1","NIT",50,"cliver",0.537262283735207
"5900",589.9,"Simu1","NIT",50,"cliver",0.526821798257501
"5901",590,"Simu1","NIT",50,"cliver",0.51592514578947
"5902",590.1,"Simu1","NIT",50,"cliver",0.504645319253332
"5903",590.2,"Simu1","NIT",50,"cliver",0.493048602164075
"5904",590.3,"Simu1","NIT",50,"cliver",0.481195206890287
"5905",590.4,"Simu1","NIT",50,"cliver",0.469139820163185
"5906",590.5,"Simu1","NIT",50,"cliver",0.456932108358056
"5907",590.6,"Simu1","NIT",50,"cliver",0.444617165716769
"5908",590.7,"Simu1","NIT",50,"cliver",0.432235927148804
"5909",590.8,"Simu1","NIT",50,"cliver",0.419825512305002
"5910",590.9,"Simu1","NIT",50,"cliver",0.407419577678862
"5911",591,"Simu1","NIT",50,"cliver",0.395048574357698
"5912",591.1,"Simu1","NIT",50,"cliver",0.382740038158036
"5913",591.2,"Simu1","NIT",50,"cliver",0.370518836482145
"5914",591.3,"Simu1","NIT",50,"cliver",0.358407384776062
"5915",591.4,"Simu1","NIT",50,"cliver",0.346425844649907
"5916",591.5,"Simu1","NIT",50,"cliver",0.33459230901883
"5917",591.6,"Simu1","NIT",50,"cliver",0.322922975810968
"5918",591.7,"Simu1","NIT",50,"cliver",0.311432300999574
"5919",591.8,"Simu1","NIT",50,"cliver",0.300133139204584
"5920",591.9,"Simu1","NIT",50,"cliver",0.289036876025371
"5921",592,"Simu1","NIT",50,"cliver",0.27815354695674
"5922",592.1,"Simu1","NIT",50,"cliver",0.267491945820443
"5923",592.2,"Simu1","NIT",50,"cliver",0.257059726092182
"5924",592.3,"Simu1","NIT",50,"cliver",0.246863491460497
"5925",592.4,"Simu1","NIT",50,"cliver",0.236908881953835
"5926",592.5,"Simu1","NIT",50,"cliver",0.227200647686886
"5927",592.6,"Simu1","NIT",50,"cliver",0.217742710416474
"5928",592.7,"Simu1","NIT",50,"cliver",0.208538228304789
"5929",592.8,"Simu1","NIT",50,"cliver",0.199589653784328
"5930",592.9,"Simu1","NIT",50,"cliver",0.190898783642157
"5931",593,"Simu1","NIT",50,"cliver",0.182466798917323
"5932",593.1,"Simu1","NIT",50,"cliver",0.174294302624718
"5933",593.2,"Simu1","NIT",50,"cliver",0.1663813497788
"5934",593.3,"Simu1","NIT",50,"cliver",0.158727477472242
"5935",593.4,"Simu1","NIT",50,"cliver",0.15133172760748
"5936",593.5,"Simu1","NIT",50,"cliver",0.144192666805723
"5937",593.6,"Simu1","NIT",50,"cliver",0.137308406478496
"5938",593.7,"Simu1","NIT",50,"cliver",0.130676615637696
"5939",593.8,"Simu1","NIT",50,"cliver",0.124294535687814
"5940",593.9,"Simu1","NIT",50,"cliver",0.11815899837529
"5941",594,"Simu1","NIT",50,"cliver",0.11330787895361
"5942",594.1,"Simu1","NIT",50,"cliver",0.378236001623544
"5943",594.2,"Simu1","NIT",50,"cliver",0.506103219999983
"5944",594.3,"Simu1","NIT",50,"cliver",0.548394066816516
"5945",594.4,"Simu1","NIT",50,"cliver",0.567949891696627
"5946",594.5,"Simu1","NIT",50,"cliver",0.579494601211292
"5947",594.6,"Simu1","NIT",50,"cliver",0.586974850146644
"5948",594.7,"Simu1","NIT",50,"cliver",0.591613528484969
"5949",594.8,"Simu1","NIT",50,"cliver",0.593921633438016
"5950",594.9,"Simu1","NIT",50,"cliver",0.594209167287302
"5951",595,"Simu1","NIT",50,"cliver",0.592716222127664
"5952",595.1,"Simu1","NIT",50,"cliver",0.589648274870311
"5953",595.2,"Simu1","NIT",50,"cliver",0.585187581973996
"5954",595.3,"Simu1","NIT",50,"cliver",0.579497165787476
"5955",595.4,"Simu1","NIT",50,"cliver",0.572723709634013
"5956",595.5,"Simu1","NIT",50,"cliver",0.564999518358028
"5957",595.6,"Simu1","NIT",50,"cliver",0.556444049845734
"5958",595.7,"Simu1","NIT",50,"cliver",0.547165448120726
"5959",595.8,"Simu1","NIT",50,"cliver",0.537261591440341
"5960",595.9,"Simu1","NIT",50,"cliver",0.526821124185225
"5961",596,"Simu1","NIT",50,"cliver",0.515924456625856
"5962",596.1,"Simu1","NIT",50,"cliver",0.504644610673862
"5963",596.2,"Simu1","NIT",50,"cliver",0.493047891778075
"5964",596.3,"Simu1","NIT",50,"cliver",0.481194507691718
"5965",596.4,"Simu1","NIT",50,"cliver",0.469139133832808
"5966",596.5,"Simu1","NIT",50,"cliver",0.456931431245057
"5967",596.6,"Simu1","NIT",50,"cliver",0.44461650124706
"5968",596.7,"Simu1","NIT",50,"cliver",0.432235278538614
"5969",596.8,"Simu1","NIT",50,"cliver",0.419824886381221
"5970",596.9,"Simu1","NIT",50,"cliver",0.407418965705656
"5971",597,"Simu1","NIT",50,"cliver",0.395047974055575
"5972",597.1,"Simu1","NIT",50,"cliver",0.382739452881687
"5973",597.2,"Simu1","NIT",50,"cliver",0.370518268678204
"5974",597.3,"Simu1","NIT",50,"cliver",0.358406833643764
"5975",597.4,"Simu1","NIT",50,"cliver",0.346425308458652
"5976",597.5,"Simu1","NIT",50,"cliver",0.334591787842256
"5977",597.6,"Simu1","NIT",50,"cliver",0.322922469673667
"5978",597.7,"Simu1","NIT",50,"cliver",0.311431809503913
"5979",597.8,"Simu1","NIT",50,"cliver",0.300132662504536
"5980",597.9,"Simu1","NIT",50,"cliver",0.289036414046797
"5981",598,"Simu1","NIT",50,"cliver",0.278153099336106
"5982",598.1,"Simu1","NIT",50,"cliver",0.2674915124364
"5983",598.2,"Simu1","NIT",50,"cliver",0.257059306702548
"5984",598.3,"Simu1","NIT",50,"cliver",0.246863085988309
"5985",598.4,"Simu1","NIT",50,"cliver",0.236908487811996
"5986",598.5,"Simu1","NIT",50,"cliver",0.227200258741725
"5987",598.6,"Simu1","NIT",50,"cliver",0.217742322517644
"5988",598.7,"Simu1","NIT",50,"cliver",0.208537841285348
"5989",598.8,"Simu1","NIT",50,"cliver",0.199589270214651
"5990",598.9,"Simu1","NIT",50,"cliver",0.190898405895618
"5991",599,"Simu1","NIT",50,"cliver",0.182466428978477
"5992",599.1,"Simu1","NIT",50,"cliver",0.174293941385569
"5993",599.2,"Simu1","NIT",50,"cliver",0.166380998530637
"5994",599.3,"Simu1","NIT",50,"cliver",0.158727137014025
"5995",599.4,"Simu1","NIT",50,"cliver",0.151331398445421
"5996",599.5,"Simu1","NIT",50,"cliver",0.144192349849878
"5997",599.6,"Simu1","NIT",50,"cliver",0.137308101550111
"5998",599.7,"Simu1","NIT",50,"cliver",0.130676322833434
"5999",599.8,"Simu1","NIT",50,"cliver",0.124294256951328
"6000",599.9,"Simu1","NIT",50,"cliver",0.118158734126852
"6001",600,"Simu1","NIT",50,"cliver",0.113307618600431
"6002",600.1,"Simu1","NIT",50,"cliver",0.37823548154821
"6003",600.2,"Simu1","NIT",50,"cliver",0.506103830775154
"6004",600.3,"Simu1","NIT",50,"cliver",0.548395962200651
"6005",600.4,"Simu1","NIT",50,"cliver",0.567951033566857
"6006",600.5,"Simu1","NIT",50,"cliver",0.579494664132019
"6007",600.6,"Simu1","NIT",50,"cliver",0.586974575688804
"6008",600.7,"Simu1","NIT",50,"cliver",0.591613104128269
"6009",600.8,"Simu1","NIT",50,"cliver",0.593921137455832
"6010",600.9,"Simu1","NIT",50,"cliver",0.594208864062531
"6011",601,"Simu1","NIT",50,"cliver",0.592716106409444
"6012",601.1,"Simu1","NIT",50,"cliver",0.58964811912825
"6013",601.2,"Simu1","NIT",50,"cliver",0.585187550254672
"6014",601.3,"Simu1","NIT",50,"cliver",0.579497170941259
"6015",601.4,"Simu1","NIT",50,"cliver",0.572723668363366
"6016",601.5,"Simu1","NIT",50,"cliver",0.564999490240635
"6017",601.6,"Simu1","NIT",50,"cliver",0.556444126253821
"6018",601.7,"Simu1","NIT",50,"cliver",0.547165565426937
"6019",601.8,"Simu1","NIT",50,"cliver",0.537261688532357
"6020",601.9,"Simu1","NIT",50,"cliver",0.526821228593479
"6021",602,"Simu1","NIT",50,"cliver",0.515924602716533
"6022",602.1,"Simu1","NIT",50,"cliver",0.504644784086268
"6023",602.2,"Simu1","NIT",50,"cliver",0.493048064102647
"6024",602.3,"Simu1","NIT",50,"cliver",0.481194669202244
"6025",602.4,"Simu1","NIT",50,"cliver",0.469139297245811
"6026",602.5,"Simu1","NIT",50,"cliver",0.456931607113167
"6027",602.6,"Simu1","NIT",50,"cliver",0.444616685676134
"6028",602.7,"Simu1","NIT",50,"cliver",0.43223546228522
"6029",602.8,"Simu1","NIT",50,"cliver",0.419825067052806
"6030",602.9,"Simu1","NIT",50,"cliver",0.407419147231312
"6031",603,"Simu1","NIT",50,"cliver",0.395048157999618
"6032",603.1,"Simu1","NIT",50,"cliver",0.382739638457414
"6033",603.2,"Simu1","NIT",50,"cliver",0.370518438339215
"6034",603.3,"Simu1","NIT",50,"cliver",0.35840700624582
"6035",603.4,"Simu1","NIT",50,"cliver",0.346425486593273
"6036",603.5,"Simu1","NIT",50,"cliver",0.334591970833219
"6037",603.6,"Simu1","NIT",50,"cliver",0.32292264437475
"6038",603.7,"Simu1","NIT",50,"cliver",0.311431973071309
"6039",603.8,"Simu1","NIT",50,"cliver",0.300132831408073
"6040",603.9,"Simu1","NIT",50,"cliver",0.289036585441436
"6041",604,"Simu1","NIT",50,"cliver",0.278153260363007
"6042",604.1,"Simu1","NIT",50,"cliver",0.267491667165898
"6043",604.2,"Simu1","NIT",50,"cliver",0.257059462685791
"6044",604.3,"Simu1","NIT",50,"cliver",0.246863239529666
"6045",604.4,"Simu1","NIT",50,"cliver",0.236908634778892
"6046",604.5,"Simu1","NIT",50,"cliver",0.227200401398468
"6047",604.6,"Simu1","NIT",50,"cliver",0.217742462845274
"6048",604.7,"Simu1","NIT",50,"cliver",0.208537977807304
"6049",604.8,"Simu1","NIT",50,"cliver",0.199589402050828
"6050",604.9,"Simu1","NIT",50,"cliver",0.190898533672282
"6051",605,"Simu1","NIT",50,"cliver",0.182466553194588
"6052",605.1,"Simu1","NIT",50,"cliver",0.174294061480719
"6053",605.2,"Simu1","NIT",50,"cliver",0.16638111465772
"6054",605.3,"Simu1","NIT",50,"cliver",0.158727248984864
"6055",605.4,"Simu1","NIT",50,"cliver",0.151331511355382
"6056",605.5,"Simu1","NIT",50,"cliver",0.144192461629219
"6057",605.6,"Simu1","NIT",50,"cliver",0.137308206365443
"6058",605.7,"Simu1","NIT",50,"cliver",0.130676420115524
"6059",605.8,"Simu1","NIT",50,"cliver",0.124294348822201
"6060",605.9,"Simu1","NIT",50,"cliver",0.118158841192244
"6061",606,"Simu1","NIT",50,"cliver",0.113307763028056
"6062",606.1,"Simu1","NIT",50,"cliver",0.378236032590721
"6063",606.2,"Simu1","NIT",50,"cliver",0.506106474405153
"6064",606.3,"Simu1","NIT",50,"cliver",0.548395078766156
"6065",606.4,"Simu1","NIT",50,"cliver",0.567951518222441
"6066",606.5,"Simu1","NIT",50,"cliver",0.57949583607196
"6067",606.6,"Simu1","NIT",50,"cliver",0.586975541143995
"6068",606.7,"Simu1","NIT",50,"cliver",0.591614953505254
"6069",606.8,"Simu1","NIT",50,"cliver",0.593922839717591
"6070",606.9,"Simu1","NIT",50,"cliver",0.59421036983383
"6071",607,"Simu1","NIT",50,"cliver",0.592717439770199
"6072",607.1,"Simu1","NIT",50,"cliver",0.589649533758492
"6073",607.2,"Simu1","NIT",50,"cliver",0.58518879426737
"6074",607.3,"Simu1","NIT",50,"cliver",0.579498263887065
"6075",607.4,"Simu1","NIT",50,"cliver",0.572724778941276
"6076",607.5,"Simu1","NIT",50,"cliver",0.565000637334769
"6077",607.6,"Simu1","NIT",50,"cliver",0.556445226976533
"6078",607.7,"Simu1","NIT",50,"cliver",0.547166644348196
"6079",607.8,"Simu1","NIT",50,"cliver",0.537262779033097
"6080",607.9,"Simu1","NIT",50,"cliver",0.526822308468893
"6081",608,"Simu1","NIT",50,"cliver",0.515925650222096
"6082",608.1,"Simu1","NIT",50,"cliver",0.504645805147811
"6083",608.2,"Simu1","NIT",50,"cliver",0.493049073071918
"6084",608.3,"Simu1","NIT",50,"cliver",0.481195670643764
"6085",608.4,"Simu1","NIT",50,"cliver",0.46914028021554
"6086",608.5,"Simu1","NIT",50,"cliver",0.456932562876229
"6087",608.6,"Simu1","NIT",50,"cliver",0.444617617159508
"6088",608.7,"Simu1","NIT",50,"cliver",0.4322363752409
"6089",608.8,"Simu1","NIT",50,"cliver",0.419825962456317
"6090",608.9,"Simu1","NIT",50,"cliver",0.407420021767747
"6091",609,"Simu1","NIT",50,"cliver",0.395049010075174
"6092",609.1,"Simu1","NIT",50,"cliver",0.382740467109364
"6093",609.2,"Simu1","NIT",50,"cliver",0.370519257519427
"6094",609.3,"Simu1","NIT",50,"cliver",0.358407798553867
"6095",609.4,"Simu1","NIT",50,"cliver",0.346426248864463
"6096",609.5,"Simu1","NIT",50,"cliver",0.334592709087198
"6097",609.6,"Simu1","NIT",50,"cliver",0.322923369790325
"6098",609.7,"Simu1","NIT",50,"cliver",0.311432681221059
"6099",609.8,"Simu1","NIT",50,"cliver",0.300133509346214
"6100",609.9,"Simu1","NIT",50,"cliver",0.289037241574789
"6101",610,"Simu1","NIT",50,"cliver",0.278153903680942
"6102",610.1,"Simu1","NIT",50,"cliver",0.267492290061389
"6103",610.2,"Simu1","NIT",50,"cliver",0.257060060759106
"6104",610.3,"Simu1","NIT",50,"cliver",0.246863818801891
"6105",610.4,"Simu1","NIT",50,"cliver",0.236909197551061
"6106",610.5,"Simu1","NIT",50,"cliver",0.227200944372518
"6107",610.6,"Simu1","NIT",50,"cliver",0.217742985495024
"6108",610.7,"Simu1","NIT",50,"cliver",0.208538482524639
"6109",610.8,"Simu1","NIT",50,"cliver",0.199589889334246
"6110",610.9,"Simu1","NIT",50,"cliver",0.190899002789403
"6111",611,"Simu1","NIT",50,"cliver",0.182467004363804
"6112",611.1,"Simu1","NIT",50,"cliver",0.174294495672952
"6113",611.2,"Simu1","NIT",50,"cliver",0.166381532063125
"6114",611.3,"Simu1","NIT",50,"cliver",0.15872764972274
"6115",611.4,"Simu1","NIT",50,"cliver",0.151331891476269
"6116",611.5,"Simu1","NIT",50,"cliver",0.144192824294989
"6117",611.6,"Simu1","NIT",50,"cliver",0.13730855668823
"6118",611.7,"Simu1","NIT",50,"cliver",0.13067675779113
"6119",611.8,"Simu1","NIT",50,"cliver",0.124294672895912
"6120",611.9,"Simu1","NIT",50,"cliver",0.118159133088917
"6121",612,"Simu1","NIT",50,"cliver",0.113308015258382
"6122",612.1,"Simu1","NIT",50,"cliver",0.378236171779979
"6123",612.2,"Simu1","NIT",50,"cliver",0.506103603415624
"6124",612.3,"Simu1","NIT",50,"cliver",0.548394497554414
"6125",612.4,"Simu1","NIT",50,"cliver",0.567951526808893
"6126",612.5,"Simu1","NIT",50,"cliver",0.579495043039427
"6127",612.6,"Simu1","NIT",50,"cliver",0.586975958492772
"6128",612.7,"Simu1","NIT",50,"cliver",0.591614363139744
"6129",612.8,"Simu1","NIT",50,"cliver",0.593922342601449
"6130",612.9,"Simu1","NIT",50,"cliver",0.594209806952709
"6131",613,"Simu1","NIT",50,"cliver",0.592716877413482
"6132",613.1,"Simu1","NIT",50,"cliver",0.589648931092335
"6133",613.2,"Simu1","NIT",50,"cliver",0.585188245501216
"6134",613.3,"Simu1","NIT",50,"cliver",0.579497839552137
"6135",613.4,"Simu1","NIT",50,"cliver",0.572724380137806
"6136",613.5,"Simu1","NIT",50,"cliver",0.565000190098674
"6137",613.6,"Simu1","NIT",50,"cliver",0.556444711941707
"6138",613.7,"Simu1","NIT",50,"cliver",0.547166097446782
"6139",613.8,"Simu1","NIT",50,"cliver",0.537262229520167
"6140",613.9,"Simu1","NIT",50,"cliver",0.526821753694041
"6141",614,"Simu1","NIT",50,"cliver",0.51592507936907
"6142",614.1,"Simu1","NIT",50,"cliver",0.5046452211963
"6143",614.2,"Simu1","NIT",50,"cliver",0.493048484031062
"6144",614.3,"Simu1","NIT",50,"cliver",0.481195076057994
"6145",614.4,"Simu1","NIT",50,"cliver",0.469139694965705
"6146",614.5,"Simu1","NIT",50,"cliver",0.456931992565799
"6147",614.6,"Simu1","NIT",50,"cliver",0.444617040039413
"6148",614.7,"Simu1","NIT",50,"cliver",0.432235799220686
"6149",614.8,"Simu1","NIT",50,"cliver",0.419825416329488
"6150",614.9,"Simu1","NIT",50,"cliver",0.407419477396848
"6151",615,"Simu1","NIT",50,"cliver",0.395048489688728
"6152",615.1,"Simu1","NIT",50,"cliver",0.382739969955849
"6153",615.2,"Simu1","NIT",50,"cliver",0.37051874584452
"6154",615.3,"Simu1","NIT",50,"cliver",0.358407312621992
"6155",615.4,"Simu1","NIT",50,"cliver",0.346425772106054
"6156",615.5,"Simu1","NIT",50,"cliver",0.334592225261609
"6157",615.6,"Simu1","NIT",50,"cliver",0.322922898853943
"6158",615.7,"Simu1","NIT",50,"cliver",0.311432232915895
"6159",615.8,"Simu1","NIT",50,"cliver",0.30013306741145
"6160",615.9,"Simu1","NIT",50,"cliver",0.289036803265147
"6161",616,"Simu1","NIT",50,"cliver",0.278153480745614
"6162",616.1,"Simu1","NIT",50,"cliver",0.267491883195735
"6163",616.2,"Simu1","NIT",50,"cliver",0.257059662784219
"6164",616.3,"Simu1","NIT",50,"cliver",0.246863429919565
"6165",616.4,"Simu1","NIT",50,"cliver",0.236908821699145
"6166",616.5,"Simu1","NIT",50,"cliver",0.227200581360478
"6167",616.6,"Simu1","NIT",50,"cliver",0.217742633024327
"6168",616.7,"Simu1","NIT",50,"cliver",0.208538140874942
"6169",616.8,"Simu1","NIT",50,"cliver",0.199589559242088
"6170",616.9,"Simu1","NIT",50,"cliver",0.190898684398624
"6171",617,"Simu1","NIT",50,"cliver",0.182466696475125
"6172",617.1,"Simu1","NIT",50,"cliver",0.174294199235739
"6173",617.2,"Simu1","NIT",50,"cliver",0.166381245407357
"6174",617.3,"Simu1","NIT",50,"cliver",0.158727377022057
"6175",617.4,"Simu1","NIT",50,"cliver",0.151331632432666
"6176",617.5,"Simu1","NIT",50,"cliver",0.144192572497842
"6177",617.6,"Simu1","NIT",50,"cliver",0.137308310565733
"6178",617.7,"Simu1","NIT",50,"cliver",0.130676523756115
"6179",617.8,"Simu1","NIT",50,"cliver",0.124294450952585
"6180",617.9,"Simu1","NIT",50,"cliver",0.118158920678674
"6181",618,"Simu1","NIT",50,"cliver",0.113307805422782
"6182",618.1,"Simu1","NIT",50,"cliver",0.378235911756322
"6183",618.2,"Simu1","NIT",50,"cliver",0.506104711938768
"6184",618.3,"Simu1","NIT",50,"cliver",0.548396304074405
"6185",618.4,"Simu1","NIT",50,"cliver",0.567953127269436
"6186",618.5,"Simu1","NIT",50,"cliver",0.579497634966049
"6187",618.6,"Simu1","NIT",50,"cliver",0.586977489985923
"6188",618.7,"Simu1","NIT",50,"cliver",0.591615731335805
"6189",618.8,"Simu1","NIT",50,"cliver",0.593923277951404
"6190",618.9,"Simu1","NIT",50,"cliver",0.594212071371099
"6191",619,"Simu1","NIT",50,"cliver",0.592718670749325
"6192",619.1,"Simu1","NIT",50,"cliver",0.5896513216404
"6193",619.2,"Simu1","NIT",50,"cliver",0.585189960741502
"6194",619.3,"Simu1","NIT",50,"cliver",0.579500143327714
"6195",619.4,"Simu1","NIT",50,"cliver",0.572726405918784
"6196",619.5,"Simu1","NIT",50,"cliver",0.565002141928225
"6197",619.6,"Simu1","NIT",50,"cliver",0.556446607127908
"6198",619.7,"Simu1","NIT",50,"cliver",0.547168020265347
"6199",619.8,"Simu1","NIT",50,"cliver",0.537264269862592
"6200",619.9,"Simu1","NIT",50,"cliver",0.526823808974196
"6201",620,"Simu1","NIT",50,"cliver",0.515927151032605
"6202",620.1,"Simu1","NIT",50,"cliver",0.50464734685546
"6203",620.2,"Simu1","NIT",50,"cliver",0.493050655233139
"6204",620.3,"Simu1","NIT",50,"cliver",0.481197268154938
"6205",620.4,"Simu1","NIT",50,"cliver",0.469141868907104
"6206",620.5,"Simu1","NIT",50,"cliver",0.456934083504906
"6207",620.6,"Simu1","NIT",50,"cliver",0.444619041366812
"6208",620.7,"Simu1","NIT",50,"cliver",0.432237727773587
"6209",620.8,"Simu1","NIT",50,"cliver",0.419827282684498
"6210",620.9,"Simu1","NIT",50,"cliver",0.407421315237731
"6211",621,"Simu1","NIT",50,"cliver",0.395050274404967
"6212",621.1,"Simu1","NIT",50,"cliver",0.382741680832581
"6213",621.2,"Simu1","NIT",50,"cliver",0.370520452187543
"6214",621.3,"Simu1","NIT",50,"cliver",0.358408932276786
"6215",621.4,"Simu1","NIT",50,"cliver",0.346427407358364
"6216",621.5,"Simu1","NIT",50,"cliver",0.33459373569429
"6217",621.6,"Simu1","NIT",50,"cliver",0.322924539452685
"6218",621.7,"Simu1","NIT",50,"cliver",0.311433766287074
"6219",621.8,"Simu1","NIT",50,"cliver",0.300134426147921
"6220",621.9,"Simu1","NIT",50,"cliver",0.289038194685408
"6221",622,"Simu1","NIT",50,"cliver",0.2781548683903
"6222",622.1,"Simu1","NIT",50,"cliver",0.267493182277412
"6223",622.2,"Simu1","NIT",50,"cliver",0.25706092487665
"6224",622.3,"Simu1","NIT",50,"cliver",0.246864680809509
"6225",622.4,"Simu1","NIT",50,"cliver",0.236910021342564
"6226",622.5,"Simu1","NIT",50,"cliver",0.227201724481476
"6227",622.6,"Simu1","NIT",50,"cliver",0.217743744744868
"6228",622.7,"Simu1","NIT",50,"cliver",0.20853922283677
"6229",622.8,"Simu1","NIT",50,"cliver",0.199590598726761
"6230",622.9,"Simu1","NIT",50,"cliver",0.190899682086267
"6231",623,"Simu1","NIT",50,"cliver",0.182467659669335
"6232",623.1,"Simu1","NIT",50,"cliver",0.174295129116467
"6233",623.2,"Simu1","NIT",50,"cliver",0.166382138503409
"6234",623.3,"Simu1","NIT",50,"cliver",0.158728233205315
"6235",623.4,"Simu1","NIT",50,"cliver",0.151332446775876
"6236",623.5,"Simu1","NIT",50,"cliver",0.144193365049461
"6237",623.6,"Simu1","NIT",50,"cliver",0.137309056102363
"6238",623.7,"Simu1","NIT",50,"cliver",0.130677288311392
"6239",623.8,"Simu1","NIT",50,"cliver",0.12429516316302
"6240",623.9,"Simu1","NIT",50,"cliver",0.118159607002665
"6241",624,"Simu1","NIT",50,"cliver",0.113308475666685
"6242",624.1,"Simu1","NIT",50,"cliver",0.378236750635142
"6243",624.2,"Simu1","NIT",50,"cliver",0.506104281303377
"6244",624.3,"Simu1","NIT",50,"cliver",0.548395712970818
"6245",624.4,"Simu1","NIT",50,"cliver",0.567951764194089
"6246",624.5,"Simu1","NIT",50,"cliver",0.579496207742717
"6247",624.6,"Simu1","NIT",50,"cliver",0.586975786222306
"6248",624.7,"Simu1","NIT",50,"cliver",0.591614917100645
"6249",624.8,"Simu1","NIT",50,"cliver",0.593922895409856
"6250",624.9,"Simu1","NIT",50,"cliver",0.594210434975234
"6251",625,"Simu1","NIT",50,"cliver",0.592717461697155
"6252",625.1,"Simu1","NIT",50,"cliver",0.589649587996593
"6253",625.2,"Simu1","NIT",50,"cliver",0.585188849319161
"6254",625.3,"Simu1","NIT",50,"cliver",0.579498364042317
"6255",625.4,"Simu1","NIT",50,"cliver",0.57272480633424
"6256",625.5,"Simu1","NIT",50,"cliver",0.565000568656995
"6257",625.6,"Simu1","NIT",50,"cliver",0.556445175936128
"6258",625.7,"Simu1","NIT",50,"cliver",0.547166617629817
"6259",625.8,"Simu1","NIT",50,"cliver",0.537262726427424
"6260",625.9,"Simu1","NIT",50,"cliver",0.526822222923013
"6261",626,"Simu1","NIT",50,"cliver",0.515925555828168
"6262",626.1,"Simu1","NIT",50,"cliver",0.504645720271857
"6263",626.2,"Simu1","NIT",50,"cliver",0.493048990357967
"6264",626.3,"Simu1","NIT",50,"cliver",0.481195577232266
"6265",626.4,"Simu1","NIT",50,"cliver",0.469140174115911
"6266",626.5,"Simu1","NIT",50,"cliver",0.456932451568837
"6267",626.6,"Simu1","NIT",50,"cliver",0.444617505256146
"6268",626.7,"Simu1","NIT",50,"cliver",0.432236258226832
"6269",626.8,"Simu1","NIT",50,"cliver",0.419825845586637
"6270",626.9,"Simu1","NIT",50,"cliver",0.407419885253049
"6271",627,"Simu1","NIT",50,"cliver",0.395048879135712
"6272",627.1,"Simu1","NIT",50,"cliver",0.382740342819892
"6273",627.2,"Simu1","NIT",50,"cliver",0.370519155074692
"6274",627.3,"Simu1","NIT",50,"cliver",0.358407673104332
"6275",627.4,"Simu1","NIT",50,"cliver",0.346426166990689
"6276",627.5,"Simu1","NIT",50,"cliver",0.334592607110442
"6277",627.6,"Simu1","NIT",50,"cliver",0.322923250648028
"6278",627.7,"Simu1","NIT",50,"cliver",0.311432555316432
"6279",627.8,"Simu1","NIT",50,"cliver",0.300133385825877
"6280",627.9,"Simu1","NIT",50,"cliver",0.289037131264076
"6281",628,"Simu1","NIT",50,"cliver",0.278153821624954
"6282",628.1,"Simu1","NIT",50,"cliver",0.267492236091362
"6283",628.2,"Simu1","NIT",50,"cliver",0.257060024024221
"6284",628.3,"Simu1","NIT",50,"cliver",0.246863810714017
"6285",628.4,"Simu1","NIT",50,"cliver",0.236909215532781
"6286",628.5,"Simu1","NIT",50,"cliver",0.227200953946121
"6287",628.6,"Simu1","NIT",50,"cliver",0.217742959203522
"6288",628.7,"Simu1","NIT",50,"cliver",0.208538470588369
"6289",628.8,"Simu1","NIT",50,"cliver",0.199589864582108
"6290",628.9,"Simu1","NIT",50,"cliver",0.190898978699847
"6291",629,"Simu1","NIT",50,"cliver",0.182467003274759
"6292",629.1,"Simu1","NIT",50,"cliver",0.174294530571405
"6293",629.2,"Simu1","NIT",50,"cliver",0.166381565849806
"6294",629.3,"Simu1","NIT",50,"cliver",0.158727677041218
"6295",629.4,"Simu1","NIT",50,"cliver",0.151331899398995
"6296",629.5,"Simu1","NIT",50,"cliver",0.144192863975144
"6297",629.6,"Simu1","NIT",50,"cliver",0.13730862802657
"6298",629.7,"Simu1","NIT",50,"cliver",0.130676837789012
"6299",629.8,"Simu1","NIT",50,"cliver",0.124294716138106
"6300",629.9,"Simu1","NIT",50,"cliver",0.118159152522314
"6301",630,"Simu1","NIT",50,"cliver",0.113308007495151
"6302",630.1,"Simu1","NIT",50,"cliver",0.378235823829913
"6303",630.2,"Simu1","NIT",50,"cliver",0.506102753890169
"6304",630.3,"Simu1","NIT",50,"cliver",0.54839365958836
"6305",630.4,"Simu1","NIT",50,"cliver",0.567949482051047
"6306",630.5,"Simu1","NIT",50,"cliver",0.579493973575387
"6307",630.6,"Simu1","NIT",50,"cliver",0.586974241232826
"6308",630.7,"Simu1","NIT",50,"cliver",0.59161282261293
"6309",630.8,"Simu1","NIT",50,"cliver",0.593921023176259
"6310",630.9,"Simu1","NIT",50,"cliver",0.594208500876209
"6311",631,"Simu1","NIT",50,"cliver",0.59271559343587
"6312",631.1,"Simu1","NIT",50,"cliver",0.589647679952439
"6313",631.2,"Simu1","NIT",50,"cliver",0.58518691999974
"6314",631.3,"Simu1","NIT",50,"cliver",0.579496403267924
"6315",631.4,"Simu1","NIT",50,"cliver",0.572722878028837
"6316",631.5,"Simu1","NIT",50,"cliver",0.564998702055135
"6317",631.6,"Simu1","NIT",50,"cliver",0.556443314976792
"6318",631.7,"Simu1","NIT",50,"cliver",0.547164739606878
"6319",631.8,"Simu1","NIT",50,"cliver",0.537260851694765
"6320",631.9,"Simu1","NIT",50,"cliver",0.526820369229025
"6321",632,"Simu1","NIT",50,"cliver",0.515923730825189
"6322",632.1,"Simu1","NIT",50,"cliver",0.504643921575792
"6323",632.2,"Simu1","NIT",50,"cliver",0.49304722216418
"6324",632.3,"Simu1","NIT",50,"cliver",0.481193845646164
"6325",632.4,"Simu1","NIT",50,"cliver",0.469138483198678
"6326",632.5,"Simu1","NIT",50,"cliver",0.456930799546577
"6327",632.6,"Simu1","NIT",50,"cliver",0.444615888696669
"6328",632.7,"Simu1","NIT",50,"cliver",0.432234680943511
"6329",632.8,"Simu1","NIT",50,"cliver",0.419824301898107
"6330",632.9,"Simu1","NIT",50,"cliver",0.40741839543093
"6331",633,"Simu1","NIT",50,"cliver",0.395047419035316
"6332",633.1,"Simu1","NIT",50,"cliver",0.382738912853158
"6333",633.2,"Simu1","NIT",50,"cliver",0.370517742880062
"6334",633.3,"Simu1","NIT",50,"cliver",0.358406321689074
"6335",633.4,"Simu1","NIT",50,"cliver",0.346424810393365
"6336",633.5,"Simu1","NIT",50,"cliver",0.334591303752161
"6337",633.6,"Simu1","NIT",50,"cliver",0.322921999481913
"6338",633.7,"Simu1","NIT",50,"cliver",0.311431353066574
"6339",633.8,"Simu1","NIT",50,"cliver",0.300132219501683
"6340",633.9,"Simu1","NIT",50,"cliver",0.289035984271219
"6341",634,"Simu1","NIT",50,"cliver",0.278152682565091
"6342",634.1,"Simu1","NIT",50,"cliver",0.267491108604725
"6343",634.2,"Simu1","NIT",50,"cliver",0.257058915687506
"6344",634.3,"Simu1","NIT",50,"cliver",0.24686270760304
"6345",634.4,"Simu1","NIT",50,"cliver",0.23690812185885
"6346",634.5,"Simu1","NIT",50,"cliver",0.227199905057632
"6347",634.6,"Simu1","NIT",50,"cliver",0.217741980946873
"6348",634.7,"Simu1","NIT",50,"cliver",0.208537511639371
"6349",634.8,"Simu1","NIT",50,"cliver",0.199588952283936
"6350",634.9,"Simu1","NIT",50,"cliver",0.190898099488222
"6351",635,"Simu1","NIT",50,"cliver",0.182466133908053
"6352",635.1,"Simu1","NIT",50,"cliver",0.174293657456001
"6353",635.2,"Simu1","NIT",50,"cliver",0.166380725526008
"6354",635.3,"Simu1","NIT",50,"cliver",0.15872687473014
"6355",635.4,"Simu1","NIT",50,"cliver",0.151331146660321
"6356",635.5,"Simu1","NIT",50,"cliver",0.144192108368743
"6357",635.6,"Simu1","NIT",50,"cliver",0.137307870074232
"6358",635.7,"Simu1","NIT",50,"cliver",0.130676101196566
"6359",635.8,"Simu1","NIT",50,"cliver",0.124294044843666
"6360",635.9,"Simu1","NIT",50,"cliver",0.118158532046227
"6361",636,"Simu1","NIT",50,"cliver",0.11330744456125
"6362",636.1,"Simu1","NIT",50,"cliver",0.378235609303092
"6363",636.2,"Simu1","NIT",50,"cliver",0.506103091870274
"6364",636.3,"Simu1","NIT",50,"cliver",0.548394494006303
"6365",636.4,"Simu1","NIT",50,"cliver",0.567950701887958
"6366",636.5,"Simu1","NIT",50,"cliver",0.57949496517381
"6367",636.6,"Simu1","NIT",50,"cliver",0.586975205069636
"6368",636.7,"Simu1","NIT",50,"cliver",0.591613703106425
"6369",636.8,"Simu1","NIT",50,"cliver",0.59392175796307
"6370",636.9,"Simu1","NIT",50,"cliver",0.594209219963836
"6371",637,"Simu1","NIT",50,"cliver",0.592716313995504
"6372",637.1,"Simu1","NIT",50,"cliver",0.589648436425012
"6373",637.2,"Simu1","NIT",50,"cliver",0.585187693357053
"6374",637.3,"Simu1","NIT",50,"cliver",0.579497198442821
"6375",637.4,"Simu1","NIT",50,"cliver",0.572723673155087
"6376",637.5,"Simu1","NIT",50,"cliver",0.564999499294172
"6377",637.6,"Simu1","NIT",50,"cliver",0.556444120151789
"6378",637.7,"Simu1","NIT",50,"cliver",0.547165554009988
"6379",637.8,"Simu1","NIT",50,"cliver",0.537261668020816
"6380",637.9,"Simu1","NIT",50,"cliver",0.52682118054823
"6381",638,"Simu1","NIT",50,"cliver",0.51592453643443
"6382",638.1,"Simu1","NIT",50,"cliver",0.50464472301023
"6383",638.2,"Simu1","NIT",50,"cliver",0.493048018414575
"6384",638.3,"Simu1","NIT",50,"cliver",0.481194633938089
"6385",638.4,"Simu1","NIT",50,"cliver",0.469139261764668
"6386",638.5,"Simu1","NIT",50,"cliver",0.456931568005495
"6387",638.6,"Simu1","NIT",50,"cliver",0.444616646698164
"6388",638.7,"Simu1","NIT",50,"cliver",0.432235427546074
"6389",638.8,"Simu1","NIT",50,"cliver",0.419825036086585
"6390",638.9,"Simu1","NIT",50,"cliver",0.407419116587409
"6391",639,"Simu1","NIT",50,"cliver",0.395048126788939
"6392",639.1,"Simu1","NIT",50,"cliver",0.382739606787249
"6393",639.2,"Simu1","NIT",50,"cliver",0.370518422531549
"6394",639.3,"Simu1","NIT",50,"cliver",0.358406986689564
"6395",639.4,"Simu1","NIT",50,"cliver",0.346425460490786
"6396",639.5,"Simu1","NIT",50,"cliver",0.334591938739167
"6397",639.6,"Simu1","NIT",50,"cliver",0.322922619147799
"6398",639.7,"Simu1","NIT",50,"cliver",0.311431957282085
"6399",639.8,"Simu1","NIT",50,"cliver",0.300132808188276
"6400",639.9,"Simu1","NIT",50,"cliver",0.289036557364268
"6401",640,"Simu1","NIT",50,"cliver",0.278153240020558
"6402",640.1,"Simu1","NIT",50,"cliver",0.267491650415876
"6403",640.2,"Simu1","NIT",50,"cliver",0.257059441886087
"6404",640.3,"Simu1","NIT",50,"cliver",0.246863218243228
"6405",640.4,"Simu1","NIT",50,"cliver",0.23690861700814
"6406",640.5,"Simu1","NIT",50,"cliver",0.227200384804382
"6407",640.6,"Simu1","NIT",50,"cliver",0.217742445404052
"6408",640.7,"Simu1","NIT",50,"cliver",0.208537960937782
"6409",640.8,"Simu1","NIT",50,"cliver",0.199589386566392
"6410",640.9,"Simu1","NIT",50,"cliver",0.190898518912066
"6411",641,"Simu1","NIT",50,"cliver",0.182466538645786
"6412",641.1,"Simu1","NIT",50,"cliver",0.174294047695155
"6413",641.2,"Simu1","NIT",50,"cliver",0.166381101463963
"6414",641.3,"Simu1","NIT",50,"cliver",0.158727236579443
"6415",641.4,"Simu1","NIT",50,"cliver",0.151331494638881
"6416",641.5,"Simu1","NIT",50,"cliver",0.144192442719939
"6417",641.6,"Simu1","NIT",50,"cliver",0.137308191034214
"6418",641.7,"Simu1","NIT",50,"cliver",0.130676409012623
"6419",641.8,"Simu1","NIT",50,"cliver",0.124294339792695
"6420",641.9,"Simu1","NIT",50,"cliver",0.118158814162667
"6421",642,"Simu1","NIT",50,"cliver",0.113307700858432
"6422",642.1,"Simu1","NIT",50,"cliver",0.378236397325853
"6423",642.2,"Simu1","NIT",50,"cliver",0.50610434158984
"6424",642.3,"Simu1","NIT",50,"cliver",0.548395623079248
"6425",642.4,"Simu1","NIT",50,"cliver",0.567951811607103
"6426",642.5,"Simu1","NIT",50,"cliver",0.579496425322572
"6427",642.6,"Simu1","NIT",50,"cliver",0.586975924847947
"6428",642.7,"Simu1","NIT",50,"cliver",0.591615119905693
"6429",642.8,"Simu1","NIT",50,"cliver",0.593923152585829
"6430",642.9,"Simu1","NIT",50,"cliver",0.594210766069168
"6431",643,"Simu1","NIT",50,"cliver",0.592717805806464
"6432",643.1,"Simu1","NIT",50,"cliver",0.589649961852948
"6433",643.2,"Simu1","NIT",50,"cliver",0.585189248924104
"6434",643.3,"Simu1","NIT",50,"cliver",0.57949878816073
"6435",643.4,"Simu1","NIT",50,"cliver",0.572725242128855
"6436",643.5,"Simu1","NIT",50,"cliver",0.565001012319957
"6437",643.6,"Simu1","NIT",50,"cliver",0.556445622495628
"6438",643.7,"Simu1","NIT",50,"cliver",0.547167078998429
"6439",643.8,"Simu1","NIT",50,"cliver",0.53726319046296
"6440",643.9,"Simu1","NIT",50,"cliver",0.526822689798077
"6441",644,"Simu1","NIT",50,"cliver",0.515926021507878
"6442",644.1,"Simu1","NIT",50,"cliver",0.504646186977312
"6443",644.2,"Simu1","NIT",50,"cliver",0.493049460049885
"6444",644.3,"Simu1","NIT",50,"cliver",0.481196046973697
"6445",644.4,"Simu1","NIT",50,"cliver",0.469140641458179
"6446",644.5,"Simu1","NIT",50,"cliver",0.456932915195453
"6447",644.6,"Simu1","NIT",50,"cliver",0.444617964770797
"6448",644.7,"Simu1","NIT",50,"cliver",0.432236714695105
"6449",644.8,"Simu1","NIT",50,"cliver",0.41982629421246
"6450",644.9,"Simu1","NIT",50,"cliver",0.407420339287896
"6451",645,"Simu1","NIT",50,"cliver",0.39504932545223
"6452",645.1,"Simu1","NIT",50,"cliver",0.382740761847356
"6453",645.2,"Simu1","NIT",50,"cliver",0.370519543845288
"6454",645.3,"Simu1","NIT",50,"cliver",0.358408049597926
"6455",645.4,"Simu1","NIT",50,"cliver",0.346426495100593
"6456",645.5,"Simu1","NIT",50,"cliver",0.334592962086249
"6457",645.6,"Simu1","NIT",50,"cliver",0.322923665863008
"6458",645.7,"Simu1","NIT",50,"cliver",0.311432980514297
"6459",645.8,"Simu1","NIT",50,"cliver",0.300133787251316
"6460",645.9,"Simu1","NIT",50,"cliver",0.289037504809538
"6461",646,"Simu1","NIT",50,"cliver",0.278154180514028
"6462",646.1,"Simu1","NIT",50,"cliver",0.267492581515959
"6463",646.2,"Simu1","NIT",50,"cliver",0.257060376024241
"6464",646.3,"Simu1","NIT",50,"cliver",0.246864110858444
"6465",646.4,"Simu1","NIT",50,"cliver",0.236909471181957
"6466",646.5,"Simu1","NIT",50,"cliver",0.227201228773155
"6467",646.6,"Simu1","NIT",50,"cliver",0.217743320307286
"6468",646.7,"Simu1","NIT",50,"cliver",0.208538810170592
"6469",646.8,"Simu1","NIT",50,"cliver",0.19959022854421
"6470",646.9,"Simu1","NIT",50,"cliver",0.190899344963957
"6471",647,"Simu1","NIT",50,"cliver",0.182467321213549
"6472",647.1,"Simu1","NIT",50,"cliver",0.17429475884367
"6473",647.2,"Simu1","NIT",50,"cliver",0.166381778510854
"6474",647.3,"Simu1","NIT",50,"cliver",0.15872788938323
"6475",647.4,"Simu1","NIT",50,"cliver",0.151332148810054
"6476",647.5,"Simu1","NIT",50,"cliver",0.144193045000154
"6477",647.6,"Simu1","NIT",50,"cliver",0.137308731126126
"6478",647.7,"Simu1","NIT",50,"cliver",0.130676899635062
"6479",647.8,"Simu1","NIT",50,"cliver",0.124294828602396
"6480",647.9,"Simu1","NIT",50,"cliver",0.118159303956335
"6481",648,"Simu1","NIT",50,"cliver",0.113308120864685
"6482",648.1,"Simu1","NIT",50,"cliver",0.37823627228795
"6483",648.2,"Simu1","NIT",50,"cliver",0.506105713503555
"6484",648.3,"Simu1","NIT",50,"cliver",0.548397873361324
"6485",648.4,"Simu1","NIT",50,"cliver",0.567952963435669
"6486",648.5,"Simu1","NIT",50,"cliver",0.579496783367098
"6487",648.6,"Simu1","NIT",50,"cliver",0.586976273414233
"6488",648.7,"Simu1","NIT",50,"cliver",0.59161517288467
"6489",648.8,"Simu1","NIT",50,"cliver",0.593923482439189
"6490",648.9,"Simu1","NIT",50,"cliver",0.594211166848147
"6491",649,"Simu1","NIT",50,"cliver",0.592718150110101
"6492",649.1,"Simu1","NIT",50,"cliver",0.589650429549351
"6493",649.2,"Simu1","NIT",50,"cliver",0.585189736388684
"6494",649.3,"Simu1","NIT",50,"cliver",0.579499184911754
"6495",649.4,"Simu1","NIT",50,"cliver",0.572725734237831
"6496",649.5,"Simu1","NIT",50,"cliver",0.565001604882399
"6497",649.6,"Simu1","NIT",50,"cliver",0.556446169383123
"6498",649.7,"Simu1","NIT",50,"cliver",0.547167572002689
"6499",649.8,"Simu1","NIT",50,"cliver",0.537263690095975
"6500",649.9,"Simu1","NIT",50,"cliver",0.526823204944149
"6501",650,"Simu1","NIT",50,"cliver",0.515926533201809
"6502",650.1,"Simu1","NIT",50,"cliver",0.504646665921699
"6503",650.2,"Simu1","NIT",50,"cliver",0.493049919993597
"6504",650.3,"Simu1","NIT",50,"cliver",0.481196487909109
"6505",650.4,"Simu1","NIT",50,"cliver",0.469141079895846
"6506",650.5,"Simu1","NIT",50,"cliver",0.456933373953841
"6507",650.6,"Simu1","NIT",50,"cliver",0.444618403186238
"6508",650.7,"Simu1","NIT",50,"cliver",0.432237135196782
"6509",650.8,"Simu1","NIT",50,"cliver",0.419826723405493
"6510",650.9,"Simu1","NIT",50,"cliver",0.407420783130378
"6511",651,"Simu1","NIT",50,"cliver",0.395049745699358
"6512",651.1,"Simu1","NIT",50,"cliver",0.382741173089357
"6513",651.2,"Simu1","NIT",50,"cliver",0.370519957385898
"6514",651.3,"Simu1","NIT",50,"cliver",0.358408476173974
"6515",651.4,"Simu1","NIT",50,"cliver",0.346426900252342
"6516",651.5,"Simu1","NIT",50,"cliver",0.33459334493213
"6517",651.6,"Simu1","NIT",50,"cliver",0.322923988192461
"6518",651.7,"Simu1","NIT",50,"cliver",0.311433279066157
"6519",651.8,"Simu1","NIT",50,"cliver",0.300134089310405
"6520",651.9,"Simu1","NIT",50,"cliver",0.289037803924667
"6521",652,"Simu1","NIT",50,"cliver",0.278154447517278
"6522",652.1,"Simu1","NIT",50,"cliver",0.267492816605803
"6523",652.2,"Simu1","NIT",50,"cliver",0.257060570413069
"6524",652.3,"Simu1","NIT",50,"cliver",0.246864310790556
"6525",652.4,"Simu1","NIT",50,"cliver",0.23690967231789
"6526",652.5,"Simu1","NIT",50,"cliver",0.227201403009798
"6527",652.6,"Simu1","NIT",50,"cliver",0.21774342799261
"6528",652.7,"Simu1","NIT",50,"cliver",0.208538908684831
"6529",652.8,"Simu1","NIT",50,"cliver",0.19959029956262
"6530",652.9,"Simu1","NIT",50,"cliver",0.190899397894939
"6531",653,"Simu1","NIT",50,"cliver",0.182467384225813
"6532",653.1,"Simu1","NIT",50,"cliver",0.174294860894481
"6533",653.2,"Simu1","NIT",50,"cliver",0.166381884233648
"6534",653.3,"Simu1","NIT",50,"cliver",0.158727988607611
"6535",653.4,"Simu1","NIT",50,"cliver",0.151332214451602
"6536",653.5,"Simu1","NIT",50,"cliver",0.14419313156673
"6537",653.6,"Simu1","NIT",50,"cliver",0.1373088514011
"6538",653.7,"Simu1","NIT",50,"cliver",0.130677041437833
"6539",653.8,"Simu1","NIT",50,"cliver",0.124294943531058
"6540",653.9,"Simu1","NIT",50,"cliver",0.118159391580711
"6541",654,"Simu1","NIT",50,"cliver",0.113308252106299
"6542",654.1,"Simu1","NIT",50,"cliver",0.378236720546641
"6543",654.2,"Simu1","NIT",50,"cliver",0.50610442035787
"6544",654.3,"Simu1","NIT",50,"cliver",0.548395440024208
"6545",654.4,"Simu1","NIT",50,"cliver",0.567951579041044
"6546",654.5,"Simu1","NIT",50,"cliver",0.579495483000171
"6547",654.6,"Simu1","NIT",50,"cliver",0.586976171432345
"6548",654.7,"Simu1","NIT",50,"cliver",0.591614525763639
"6549",654.8,"Simu1","NIT",50,"cliver",0.593922424156719
"6550",654.9,"Simu1","NIT",50,"cliver",0.594210084010743
"6551",655,"Simu1","NIT",50,"cliver",0.592717210735381
"6552",655.1,"Simu1","NIT",50,"cliver",0.589649324137911
"6553",655.2,"Simu1","NIT",50,"cliver",0.585188658251424
"6554",655.3,"Simu1","NIT",50,"cliver",0.579498218287889
"6555",655.4,"Simu1","NIT",50,"cliver",0.572724728455387
"6556",655.5,"Simu1","NIT",50,"cliver",0.565000468967803
"6557",655.6,"Simu1","NIT",50,"cliver",0.556445017245298
"6558",655.7,"Simu1","NIT",50,"cliver",0.547166472831002
"6559",655.8,"Simu1","NIT",50,"cliver",0.53726262730754
"6560",655.9,"Simu1","NIT",50,"cliver",0.526822127824122
"6561",656,"Simu1","NIT",50,"cliver",0.515925458180991
"6562",656.1,"Simu1","NIT",50,"cliver",0.504645622013921
"6563",656.2,"Simu1","NIT",50,"cliver",0.493048909660278
"6564",656.3,"Simu1","NIT",50,"cliver",0.48119550936043
"6565",656.4,"Simu1","NIT",50,"cliver",0.469140110588307
"6566",656.5,"Simu1","NIT",50,"cliver",0.456932384426379
"6567",656.6,"Simu1","NIT",50,"cliver",0.444617437075947
"6568",656.7,"Simu1","NIT",50,"cliver",0.432236199003055
"6569",656.8,"Simu1","NIT",50,"cliver",0.419825779341597
"6570",656.9,"Simu1","NIT",50,"cliver",0.407419856021389
"6571",657,"Simu1","NIT",50,"cliver",0.395048815188744
"6572",657.1,"Simu1","NIT",50,"cliver",0.382740283692398
"6573",657.2,"Simu1","NIT",50,"cliver",0.370519023436296
"6574",657.3,"Simu1","NIT",50,"cliver",0.358407463239185
"6575",657.4,"Simu1","NIT",50,"cliver",0.346425805723287
"6576",657.5,"Simu1","NIT",50,"cliver",0.334592182798416
"6577",657.6,"Simu1","NIT",50,"cliver",0.322922958304195
"6578",657.7,"Simu1","NIT",50,"cliver",0.311432438745652
"6579",657.8,"Simu1","NIT",50,"cliver",0.300133363038522
"6580",657.9,"Simu1","NIT",50,"cliver",0.289037119433214
"6581",658,"Simu1","NIT",50,"cliver",0.278153788509976
"6582",658.1,"Simu1","NIT",50,"cliver",0.267492191465822
"6583",658.2,"Simu1","NIT",50,"cliver",0.257059982923287
"6584",658.3,"Simu1","NIT",50,"cliver",0.246863759250234
"6585",658.4,"Simu1","NIT",50,"cliver",0.236909153663517
"6586",658.5,"Simu1","NIT",50,"cliver",0.227200905619722
"6587",658.6,"Simu1","NIT",50,"cliver",0.217742937833724
"6588",658.7,"Simu1","NIT",50,"cliver",0.208538422745868
"6589",658.8,"Simu1","NIT",50,"cliver",0.199589824626708
"6590",658.9,"Simu1","NIT",50,"cliver",0.190898939694545
"6591",659,"Simu1","NIT",50,"cliver",0.182466943748532
"6592",659.1,"Simu1","NIT",50,"cliver",0.174294435148376
"6593",659.2,"Simu1","NIT",50,"cliver",0.16638146960241
"6594",659.3,"Simu1","NIT",50,"cliver",0.158727587203795
"6595",659.4,"Simu1","NIT",50,"cliver",0.151331830704372
"6596",659.5,"Simu1","NIT",50,"cliver",0.1441927641826
"6597",659.6,"Simu1","NIT",50,"cliver",0.137308496818634
"6598",659.7,"Simu1","NIT",50,"cliver",0.130676699756056
"6599",659.8,"Simu1","NIT",50,"cliver",0.124294616652453
"6600",659.9,"Simu1","NIT",50,"cliver",0.118159078826448
"6601",660,"Simu1","NIT",50,"cliver",0.113307996680137
"6602",660.1,"Simu1","NIT",50,"cliver",0.378236108496273
"6603",660.2,"Simu1","NIT",50,"cliver",0.506104904075331
"6604",660.3,"Simu1","NIT",50,"cliver",0.548396392590875
"6605",660.4,"Simu1","NIT",50,"cliver",0.567952740812699
"6606",660.5,"Simu1","NIT",50,"cliver",0.57949824655834
"6607",660.6,"Simu1","NIT",50,"cliver",0.586978334913896
"6608",660.7,"Simu1","NIT",50,"cliver",0.591616699702171
"6609",660.8,"Simu1","NIT",50,"cliver",0.593924616679905
"6610",660.9,"Simu1","NIT",50,"cliver",0.59421218121336
"6611",661,"Simu1","NIT",50,"cliver",0.592719154382967
"6612",661.1,"Simu1","NIT",50,"cliver",0.589651309634584
"6613",661.2,"Simu1","NIT",50,"cliver",0.585190632648164
"6614",661.3,"Simu1","NIT",50,"cliver",0.579500173083763
"6615",661.4,"Simu1","NIT",50,"cliver",0.572726678125271
"6616",661.5,"Simu1","NIT",50,"cliver",0.565002416886764
"6617",661.6,"Simu1","NIT",50,"cliver",0.556446953417734
"6618",661.7,"Simu1","NIT",50,"cliver",0.54716838166665
"6619",661.8,"Simu1","NIT",50,"cliver",0.537264502397451
"6620",661.9,"Simu1","NIT",50,"cliver",0.526823974928118
"6621",662,"Simu1","NIT",50,"cliver",0.515927261716501
"6622",662.1,"Simu1","NIT",50,"cliver",0.504647389048679
"6623",662.2,"Simu1","NIT",50,"cliver",0.493050643552344
"6624",662.3,"Simu1","NIT",50,"cliver",0.481197217202097
"6625",662.4,"Simu1","NIT",50,"cliver",0.469141791034477
"6626",662.5,"Simu1","NIT",50,"cliver",0.456934038726871
"6627",662.6,"Simu1","NIT",50,"cliver",0.444619062819951
"6628",662.7,"Simu1","NIT",50,"cliver",0.432237791792992
"6629",662.8,"Simu1","NIT",50,"cliver",0.419827346660818
"6630",662.9,"Simu1","NIT",50,"cliver",0.4074213710695
"6631",663,"Simu1","NIT",50,"cliver",0.395050324956202
"6632",663.1,"Simu1","NIT",50,"cliver",0.382741749563705
"6633",663.2,"Simu1","NIT",50,"cliver",0.370520510249553
"6634",663.3,"Simu1","NIT",50,"cliver",0.358409019050605
"6635",663.4,"Simu1","NIT",50,"cliver",0.346427437405072
"6636",663.5,"Simu1","NIT",50,"cliver",0.334593860581162
"6637",663.6,"Simu1","NIT",50,"cliver",0.322924486376882
"6638",663.7,"Simu1","NIT",50,"cliver",0.31143377015032
"6639",663.8,"Simu1","NIT",50,"cliver",0.300134567254942
"6640",663.9,"Simu1","NIT",50,"cliver",0.289038263279153
"6641",664,"Simu1","NIT",50,"cliver",0.278154893297036
"6642",664.1,"Simu1","NIT",50,"cliver",0.267493251581236
"6643",664.2,"Simu1","NIT",50,"cliver",0.257060991558261
"6644",664.3,"Simu1","NIT",50,"cliver",0.246864717141425
"6645",664.4,"Simu1","NIT",50,"cliver",0.236910065856939
"6646",664.5,"Simu1","NIT",50,"cliver",0.227201784296823
"6647",664.6,"Simu1","NIT",50,"cliver",0.217743796273375
"6648",664.7,"Simu1","NIT",50,"cliver",0.208539263979483
"6649",664.8,"Simu1","NIT",50,"cliver",0.199590642587766
"6650",664.9,"Simu1","NIT",50,"cliver",0.190899728711695
"6651",665,"Simu1","NIT",50,"cliver",0.182467703043481
"6652",665.1,"Simu1","NIT",50,"cliver",0.174295167538278
"6653",665.2,"Simu1","NIT",50,"cliver",0.166382177621233
"6654",665.3,"Simu1","NIT",50,"cliver",0.158728269920038
"6655",665.4,"Simu1","NIT",50,"cliver",0.15133248606318
"6656",665.5,"Simu1","NIT",50,"cliver",0.144193393114764
"6657",665.6,"Simu1","NIT",50,"cliver",0.137309101398876
"6658",665.7,"Simu1","NIT",50,"cliver",0.130677280255616
"6659",665.8,"Simu1","NIT",50,"cliver",0.124295172634356
"6660",665.9,"Simu1","NIT",50,"cliver",0.118159613048688
"6661",666,"Simu1","NIT",50,"cliver",0.113308472237651
"6662",666.1,"Simu1","NIT",50,"cliver",0.378236289550494
"6663",666.2,"Simu1","NIT",50,"cliver",0.506103430918662
"6664",666.3,"Simu1","NIT",50,"cliver",0.548394289958227
"6665",666.4,"Simu1","NIT",50,"cliver",0.567950000074247
"6666",666.5,"Simu1","NIT",50,"cliver",0.579494686711825
"6667",666.6,"Simu1","NIT",50,"cliver",0.586974901515414
"6668",666.7,"Simu1","NIT",50,"cliver",0.591613569792398
"6669",666.8,"Simu1","NIT",50,"cliver",0.593921553579331
"6670",666.9,"Simu1","NIT",50,"cliver",0.594209134453259
"6671",667,"Simu1","NIT",50,"cliver",0.59271608229728
"6672",667.1,"Simu1","NIT",50,"cliver",0.589648179442
"6673",667.2,"Simu1","NIT",50,"cliver",0.585187480614268
"6674",667.3,"Simu1","NIT",50,"cliver",0.579497022818287
"6675",667.4,"Simu1","NIT",50,"cliver",0.572723543704534
"6676",667.5,"Simu1","NIT",50,"cliver",0.564999293881438
"6677",667.6,"Simu1","NIT",50,"cliver",0.556443824494421
"6678",667.7,"Simu1","NIT",50,"cliver",0.54716525594074
"6679",667.8,"Simu1","NIT",50,"cliver",0.53726140445769
"6680",667.9,"Simu1","NIT",50,"cliver",0.526820915110261
"6681",668,"Simu1","NIT",50,"cliver",0.515924235584506
"6682",668.1,"Simu1","NIT",50,"cliver",0.504644392936884
"6683",668.2,"Simu1","NIT",50,"cliver",0.493047683013371
"6684",668.3,"Simu1","NIT",50,"cliver",0.481194301048531
"6685",668.4,"Simu1","NIT",50,"cliver",0.46913892329688
"6686",668.5,"Simu1","NIT",50,"cliver",0.456931219318604
"6687",668.6,"Simu1","NIT",50,"cliver",0.444616292495307
"6688",668.7,"Simu1","NIT",50,"cliver",0.432235073431701
"6689",668.8,"Simu1","NIT",50,"cliver",0.419824683059444
"6690",668.9,"Simu1","NIT",50,"cliver",0.407418763542273
"6691",669,"Simu1","NIT",50,"cliver",0.395047774021112
"6692",669.1,"Simu1","NIT",50,"cliver",0.382739255964059
"6693",669.2,"Simu1","NIT",50,"cliver",0.370518074997792
"6694",669.3,"Simu1","NIT",50,"cliver",0.358406642909327
"6695",669.4,"Simu1","NIT",50,"cliver",0.34642512069322
"6696",669.5,"Simu1","NIT",50,"cliver",0.334591603413312
"6697",669.6,"Simu1","NIT",50,"cliver",0.322922288868043
"6698",669.7,"Simu1","NIT",50,"cliver",0.311431632367017
"6699",669.8,"Simu1","NIT",50,"cliver",0.300132489054274
"6700",669.9,"Simu1","NIT",50,"cliver",0.289036244474329
"6701",670,"Simu1","NIT",50,"cliver",0.278152933605856
"6702",670.1,"Simu1","NIT",50,"cliver",0.267491350629037
"6703",670.2,"Simu1","NIT",50,"cliver",0.257059148884192
"6704",670.3,"Simu1","NIT",50,"cliver",0.246862932227559
"6705",670.4,"Simu1","NIT",50,"cliver",0.236908338145129
"6706",670.5,"Simu1","NIT",50,"cliver",0.227200113175498
"6707",670.6,"Simu1","NIT",50,"cliver",0.217742181070979
"6708",670.7,"Simu1","NIT",50,"cliver",0.208537703984947
"6709",670.8,"Simu1","NIT",50,"cliver",0.199589137058715
"6710",670.9,"Simu1","NIT",50,"cliver",0.190898276870255
"6711",671,"Simu1","NIT",50,"cliver",0.182466304070284
"6712",671.1,"Simu1","NIT",50,"cliver",0.174293820585999
"6713",671.2,"Simu1","NIT",50,"cliver",0.166380881807961
"6714",671.3,"Simu1","NIT",50,"cliver",0.158727024345627
"6715",671.4,"Simu1","NIT",50,"cliver",0.151331289775374
"6716",671.5,"Simu1","NIT",50,"cliver",0.144192245173126
"6717",671.6,"Simu1","NIT",50,"cliver",0.137308000750274
"6718",671.7,"Simu1","NIT",50,"cliver",0.130676225997062
"6719",671.8,"Simu1","NIT",50,"cliver",0.124294163615893
"6720",671.9,"Simu1","NIT",50,"cliver",0.118158644919915
"6721",672,"Simu1","NIT",50,"cliver",0.113307553435803
"6722",672.1,"Simu1","NIT",50,"cliver",0.378235706745106
"6723",672.2,"Simu1","NIT",50,"cliver",0.50610459044559
"6724",672.3,"Simu1","NIT",50,"cliver",0.548396574049546
"6725",672.4,"Simu1","NIT",50,"cliver",0.567953191687932
"6726",672.5,"Simu1","NIT",50,"cliver",0.579497960555064
"6727",672.6,"Simu1","NIT",50,"cliver",0.586977499716409
"6728",672.7,"Simu1","NIT",50,"cliver",0.591615682121869
"6729",672.8,"Simu1","NIT",50,"cliver",0.593923942413635
"6730",672.9,"Simu1","NIT",50,"cliver",0.594210770179833
"6731",673,"Simu1","NIT",50,"cliver",0.592718663151788
"6732",673.1,"Simu1","NIT",50,"cliver",0.589650994765035
"6733",673.2,"Simu1","NIT",50,"cliver",0.585190419314444
"6734",673.3,"Simu1","NIT",50,"cliver",0.579499726032417
"6735",673.4,"Simu1","NIT",50,"cliver",0.572726482654339
"6736",673.5,"Simu1","NIT",50,"cliver",0.565002242594375
"6737",673.6,"Simu1","NIT",50,"cliver",0.556446622186739
"6738",673.7,"Simu1","NIT",50,"cliver",0.547168102173139
"6739",673.8,"Simu1","NIT",50,"cliver",0.537264285312406
"6740",673.9,"Simu1","NIT",50,"cliver",0.526823742129039
"6741",674,"Simu1","NIT",50,"cliver",0.515927013663552
"6742",674.1,"Simu1","NIT",50,"cliver",0.504647186191586
"6743",674.2,"Simu1","NIT",50,"cliver",0.493050481208443
"6744",674.3,"Simu1","NIT",50,"cliver",0.481197050056736
"6745",674.4,"Simu1","NIT",50,"cliver",0.469141612443988
"6746",674.5,"Simu1","NIT",50,"cliver",0.456933869820226
"6747",674.6,"Simu1","NIT",50,"cliver",0.444618914518341
"6748",674.7,"Simu1","NIT",50,"cliver",0.432237653719682
"6749",674.8,"Simu1","NIT",50,"cliver",0.419827207843982
"6750",674.9,"Simu1","NIT",50,"cliver",0.407421233425695
"6751",675,"Simu1","NIT",50,"cliver",0.395050195313376
"6752",675.1,"Simu1","NIT",50,"cliver",0.38274162888996
"6753",675.2,"Simu1","NIT",50,"cliver",0.370520394461875
"6754",675.3,"Simu1","NIT",50,"cliver",0.358408906052548
"6755",675.4,"Simu1","NIT",50,"cliver",0.346427328595138
"6756",675.5,"Simu1","NIT",50,"cliver",0.334593757627508
"6757",675.6,"Simu1","NIT",50,"cliver",0.322924388635612
"6758",675.7,"Simu1","NIT",50,"cliver",0.311433676432611
"6759",675.8,"Simu1","NIT",50,"cliver",0.300134476915645
"6760",675.9,"Simu1","NIT",50,"cliver",0.28903817688662
"6761",676,"Simu1","NIT",50,"cliver",0.278154811302678
"6762",676.1,"Simu1","NIT",50,"cliver",0.267493173691882
"6763",676.2,"Simu1","NIT",50,"cliver",0.257060916997826
"6764",676.3,"Simu1","NIT",50,"cliver",0.246864645784495
"6765",676.4,"Simu1","NIT",50,"cliver",0.23690999804416
"6766",676.5,"Simu1","NIT",50,"cliver",0.227201719909367
"6767",676.6,"Simu1","NIT",50,"cliver",0.2177437348462
"6768",676.7,"Simu1","NIT",50,"cliver",0.208539205378733
"6769",676.8,"Simu1","NIT",50,"cliver",0.199590586893357
"6770",676.9,"Simu1","NIT",50,"cliver",0.19089967585137
"6771",677,"Simu1","NIT",50,"cliver",0.182467652774038
"6772",677.1,"Simu1","NIT",50,"cliver",0.174295119766463
"6773",677.2,"Simu1","NIT",50,"cliver",0.166382132256605
"6774",677.3,"Simu1","NIT",50,"cliver",0.158728226974609
"6775",677.4,"Simu1","NIT",50,"cliver",0.151332445253083
"6776",677.5,"Simu1","NIT",50,"cliver",0.144193354644981
"6777",677.6,"Simu1","NIT",50,"cliver",0.137309064589106
"6778",677.7,"Simu1","NIT",50,"cliver",0.130677246282942
"6779",677.8,"Simu1","NIT",50,"cliver",0.124295137488915
"6780",677.9,"Simu1","NIT",50,"cliver",0.118159575482019
"6781",678,"Simu1","NIT",50,"cliver",0.113308437896594
"6782",678.1,"Simu1","NIT",50,"cliver",0.378236199379423
"6783",678.2,"Simu1","NIT",50,"cliver",0.506103252561939
"6784",678.3,"Simu1","NIT",50,"cliver",0.548394036309439
"6785",678.4,"Simu1","NIT",50,"cliver",0.567949817496038
"6786",678.5,"Simu1","NIT",50,"cliver",0.579494491935769
"6787",678.6,"Simu1","NIT",50,"cliver",0.586974711473021
"6788",678.7,"Simu1","NIT",50,"cliver",0.591613362697629
"6789",678.8,"Simu1","NIT",50,"cliver",0.593921447711912
"6790",678.9,"Simu1","NIT",50,"cliver",0.594208956996468
"6791",679,"Simu1","NIT",50,"cliver",0.59271599784252
"6792",679.1,"Simu1","NIT",50,"cliver",0.589648034536026
"6793",679.2,"Simu1","NIT",50,"cliver",0.585187326890959
"6794",679.3,"Simu1","NIT",50,"cliver",0.579496900674851
"6795",679.4,"Simu1","NIT",50,"cliver",0.572723434697287
"6796",679.5,"Simu1","NIT",50,"cliver",0.564999237150593
"6797",679.6,"Simu1","NIT",50,"cliver",0.556443761909767
"6798",679.7,"Simu1","NIT",50,"cliver",0.547165154254993
"6799",679.8,"Simu1","NIT",50,"cliver",0.537261292522732
"6800",679.9,"Simu1","NIT",50,"cliver",0.526820822600635
"6801",680,"Simu1","NIT",50,"cliver",0.515924153627213
"6802",680.1,"Simu1","NIT",50,"cliver",0.504644306570095
"6803",680.2,"Simu1","NIT",50,"cliver",0.493047586966851
"6804",680.3,"Simu1","NIT",50,"cliver",0.481194203057083
"6805",680.4,"Simu1","NIT",50,"cliver",0.469138830386751
"6806",680.5,"Simu1","NIT",50,"cliver",0.456931129674953
"6807",680.6,"Simu1","NIT",50,"cliver",0.444616201954243
"6808",680.7,"Simu1","NIT",50,"cliver",0.432234981936762
"6809",680.8,"Simu1","NIT",50,"cliver",0.419824592980248
"6810",680.9,"Simu1","NIT",50,"cliver",0.407418675983082
"6811",681,"Simu1","NIT",50,"cliver",0.395047688373487
"6812",681.1,"Simu1","NIT",50,"cliver",0.382739171525707
"6813",681.2,"Simu1","NIT",50,"cliver",0.370517991919836
"6814",681.3,"Simu1","NIT",50,"cliver",0.358406561749878
"6815",681.4,"Simu1","NIT",50,"cliver",0.346425041664327
"6816",681.5,"Simu1","NIT",50,"cliver",0.334591526336684
"6817",681.6,"Simu1","NIT",50,"cliver",0.322922213613206
"6818",681.7,"Simu1","NIT",50,"cliver",0.311431559028321
"6819",681.8,"Simu1","NIT",50,"cliver",0.300132417737613
"6820",681.9,"Simu1","NIT",50,"cliver",0.289036175086879
"6821",682,"Simu1","NIT",50,"cliver",0.278152866263983
"6822",682.1,"Simu1","NIT",50,"cliver",0.267491285316587
"6823",682.2,"Simu1","NIT",50,"cliver",0.257059085582632
"6824",682.3,"Simu1","NIT",50,"cliver",0.246862870900856
"6825",682.4,"Simu1","NIT",50,"cliver",0.236908278776865
"6826",682.5,"Simu1","NIT",50,"cliver",0.227200055767685
"6827",682.6,"Simu1","NIT",50,"cliver",0.217742125602248
"6828",682.7,"Simu1","NIT",50,"cliver",0.20853765041507
"6829",682.8,"Simu1","NIT",50,"cliver",0.199589085366631
"6830",682.9,"Simu1","NIT",50,"cliver",0.190898227038597
"6831",683,"Simu1","NIT",50,"cliver",0.18246625607294
"6832",683.1,"Simu1","NIT",50,"cliver",0.1742937743835
"6833",683.2,"Simu1","NIT",50,"cliver",0.166380837376938
"6834",683.3,"Simu1","NIT",50,"cliver",0.158726981645981
"6835",683.4,"Simu1","NIT",50,"cliver",0.151331248794581
"6836",683.5,"Simu1","NIT",50,"cliver",0.144192205838686
"6837",683.6,"Simu1","NIT",50,"cliver",0.137307963099158
"6838",683.7,"Simu1","NIT",50,"cliver",0.130676189847035
"6839",683.8,"Simu1","NIT",50,"cliver",0.124294129349771
"6840",683.9,"Simu1","NIT",50,"cliver",0.118158611778827
"6841",684,"Simu1","NIT",50,"cliver",0.113307518094901
"6842",684.1,"Simu1","NIT",50,"cliver",0.378235715878636
"6843",684.2,"Simu1","NIT",50,"cliver",0.506103174561431
"6844",684.3,"Simu1","NIT",50,"cliver",0.548394352911575
"6845",684.4,"Simu1","NIT",50,"cliver",0.567950180973077
"6846",684.5,"Simu1","NIT",50,"cliver",0.579495685793435
"6847",684.6,"Simu1","NIT",50,"cliver",0.586975771867291
"6848",684.7,"Simu1","NIT",50,"cliver",0.591614103099241
"6849",684.8,"Simu1","NIT",50,"cliver",0.59392199064567
"6850",684.9,"Simu1","NIT",50,"cliver",0.594209535524568
"6851",685,"Simu1","NIT",50,"cliver",0.592716494646088
"6852",685.1,"Simu1","NIT",50,"cliver",0.589648645046662
"6853",685.2,"Simu1","NIT",50,"cliver",0.585187969888728
"6854",685.3,"Simu1","NIT",50,"cliver",0.579497518647899
"6855",685.4,"Simu1","NIT",50,"cliver",0.572724038070482
"6856",685.5,"Simu1","NIT",50,"cliver",0.564999796033964
"6857",685.6,"Simu1","NIT",50,"cliver",0.55644435556593
"6858",685.7,"Simu1","NIT",50,"cliver",0.547165811065851
"6859",685.8,"Simu1","NIT",50,"cliver",0.537261962842781
"6860",685.9,"Simu1","NIT",50,"cliver",0.526821469525655
"6861",686,"Simu1","NIT",50,"cliver",0.515924793123116
"6862",686.1,"Simu1","NIT",50,"cliver",0.504644959574305
"6863",686.2,"Simu1","NIT",50,"cliver",0.493048255313413
"6864",686.3,"Simu1","NIT",50,"cliver",0.481194872059517
"6865",686.4,"Simu1","NIT",50,"cliver",0.469139490524622
"6866",686.5,"Simu1","NIT",50,"cliver",0.456931784120793
"6867",686.6,"Simu1","NIT",50,"cliver",0.444616855198317
"6868",686.7,"Simu1","NIT",50,"cliver",0.432235632061215
"6869",686.8,"Simu1","NIT",50,"cliver",0.419825235541651
"6870",686.9,"Simu1","NIT",50,"cliver",0.407419309111719
"6871",687,"Simu1","NIT",50,"cliver",0.395048312558656
"6872",687.1,"Simu1","NIT",50,"cliver",0.382739786997579
"6873",687.2,"Simu1","NIT",50,"cliver",0.370518597669297
"6874",687.3,"Simu1","NIT",50,"cliver",0.358407156499717
"6875",687.4,"Simu1","NIT",50,"cliver",0.346425624825975
"6876",687.5,"Simu1","NIT",50,"cliver",0.334592097828232
"6877",687.6,"Simu1","NIT",50,"cliver",0.322922773226754
"6878",687.7,"Simu1","NIT",50,"cliver",0.311432106308755
"6879",687.8,"Simu1","NIT",50,"cliver",0.300132952362156
"6880",687.9,"Simu1","NIT",50,"cliver",0.289036696921914
"6881",688,"Simu1","NIT",50,"cliver",0.278153375009653
"6882",688.1,"Simu1","NIT",50,"cliver",0.267491780853903
"6883",688.2,"Simu1","NIT",50,"cliver",0.257059567841346
"6884",688.3,"Simu1","NIT",50,"cliver",0.24686333985041
"6885",688.4,"Simu1","NIT",50,"cliver",0.236908734376528
"6886",688.5,"Simu1","NIT",50,"cliver",0.227200497983951
"6887",688.6,"Simu1","NIT",50,"cliver",0.21774255446017
"6888",688.7,"Simu1","NIT",50,"cliver",0.208538065976085
"6889",688.8,"Simu1","NIT",50,"cliver",0.199589487684177
"6890",688.9,"Simu1","NIT",50,"cliver",0.190898616179287
"6891",689,"Simu1","NIT",50,"cliver",0.182466632136103
"6892",689.1,"Simu1","NIT",50,"cliver",0.174294137493316
"6893",689.2,"Simu1","NIT",50,"cliver",0.166381187659745
"6894",689.3,"Simu1","NIT",50,"cliver",0.158727319247445
"6895",689.4,"Simu1","NIT",50,"cliver",0.151331573868359
"6896",689.5,"Simu1","NIT",50,"cliver",0.14419251857158
"6897",689.6,"Simu1","NIT",50,"cliver",0.137308263662657
"6898",689.7,"Simu1","NIT",50,"cliver",0.130676478469638
"6899",689.8,"Simu1","NIT",50,"cliver",0.12429440591885
"6900",689.9,"Simu1","NIT",50,"cliver",0.118158880923614
"6901",690,"Simu1","NIT",50,"cliver",0.113307774592374
"6902",690.1,"Simu1","NIT",50,"cliver",0.378235754927646
"6903",690.2,"Simu1","NIT",50,"cliver",0.506104378425668
"6904",690.3,"Simu1","NIT",50,"cliver",0.54839584372014
"6905",690.4,"Simu1","NIT",50,"cliver",0.567952110180964
"6906",690.5,"Simu1","NIT",50,"cliver",0.579496845806644
"6907",690.6,"Simu1","NIT",50,"cliver",0.586976391183055
"6908",690.7,"Simu1","NIT",50,"cliver",0.591615230916415
"6909",690.8,"Simu1","NIT",50,"cliver",0.593923763997583
"6910",690.9,"Simu1","NIT",50,"cliver",0.594211382999979
"6911",691,"Simu1","NIT",50,"cliver",0.592718485771721
"6912",691.1,"Simu1","NIT",50,"cliver",0.589650626919861
"6913",691.2,"Simu1","NIT",50,"cliver",0.585189962756074
"6914",691.3,"Simu1","NIT",50,"cliver",0.579499529491281
"6915",691.4,"Simu1","NIT",50,"cliver",0.572726063004955
"6916",691.5,"Simu1","NIT",50,"cliver",0.565001810211166
"6917",691.6,"Simu1","NIT",50,"cliver",0.556446350506739
"6918",691.7,"Simu1","NIT",50,"cliver",0.547167785238849
"6919",691.8,"Simu1","NIT",50,"cliver",0.537263925163069
"6920",691.9,"Simu1","NIT",50,"cliver",0.526823414473388
"6921",692,"Simu1","NIT",50,"cliver",0.515926716123743
"6922",692.1,"Simu1","NIT",50,"cliver",0.50464685256915
"6923",692.2,"Simu1","NIT",50,"cliver",0.493050115990981
"6924",692.3,"Simu1","NIT",50,"cliver",0.481196702036118
"6925",692.4,"Simu1","NIT",50,"cliver",0.469141289229661
"6926",692.5,"Simu1","NIT",50,"cliver",0.456933549101837
"6927",692.6,"Simu1","NIT",50,"cliver",0.444618584421678
"6928",692.7,"Simu1","NIT",50,"cliver",0.432237324633932
"6929",692.8,"Simu1","NIT",50,"cliver",0.419826891428948
"6930",692.9,"Simu1","NIT",50,"cliver",0.407420928165822
"6931",693,"Simu1","NIT",50,"cliver",0.395049893980143
"6932",693.1,"Simu1","NIT",50,"cliver",0.38274133000852
"6933",693.2,"Simu1","NIT",50,"cliver",0.37052010214462
"6934",693.3,"Simu1","NIT",50,"cliver",0.358408622615985
"6935",693.4,"Simu1","NIT",50,"cliver",0.346427052551909
"6936",693.5,"Simu1","NIT",50,"cliver",0.334593487017841
"6937",693.6,"Simu1","NIT",50,"cliver",0.322924123924046
"6938",693.7,"Simu1","NIT",50,"cliver",0.311433418755176
"6939",693.8,"Simu1","NIT",50,"cliver",0.300134226784605
"6940",693.9,"Simu1","NIT",50,"cliver",0.289037933606847
"6941",694,"Simu1","NIT",50,"cliver",0.278154574247846
"6942",694.1,"Simu1","NIT",50,"cliver",0.267492942994498
"6943",694.2,"Simu1","NIT",50,"cliver",0.257060693274247
"6944",694.3,"Simu1","NIT",50,"cliver",0.246864428993078
"6945",694.4,"Simu1","NIT",50,"cliver",0.236909787672641
"6946",694.5,"Simu1","NIT",50,"cliver",0.227201515901567
"6947",694.6,"Simu1","NIT",50,"cliver",0.217743537490123
"6948",694.7,"Simu1","NIT",50,"cliver",0.208539014633354
"6949",694.8,"Simu1","NIT",50,"cliver",0.19959040250055
"6950",694.9,"Simu1","NIT",50,"cliver",0.190899497702081
"6951",695,"Simu1","NIT",50,"cliver",0.182467480926656
"6952",695.1,"Simu1","NIT",50,"cliver",0.174294954133446
"6953",695.2,"Simu1","NIT",50,"cliver",0.166381972739964
"6954",695.3,"Simu1","NIT",50,"cliver",0.158728073381352
"6955",695.4,"Simu1","NIT",50,"cliver",0.151332297665655
"6956",695.5,"Simu1","NIT",50,"cliver",0.144193212691663
"6957",695.6,"Simu1","NIT",50,"cliver",0.137308928708646
"6958",695.7,"Simu1","NIT",50,"cliver",0.130677115207209
"6959",695.8,"Simu1","NIT",50,"cliver",0.124295014929663
"6960",695.9,"Simu1","NIT",50,"cliver",0.118159459197201
"6961",696,"Simu1","NIT",50,"cliver",0.113308445894397
"6962",696.1,"Simu1","NIT",50,"cliver",0.378236609301939
"6963",696.2,"Simu1","NIT",50,"cliver",0.506104746962924
"6964",696.3,"Simu1","NIT",50,"cliver",0.548395466514
"6965",696.4,"Simu1","NIT",50,"cliver",0.567951848150021
"6966",696.5,"Simu1","NIT",50,"cliver",0.579495846334607
"6967",696.6,"Simu1","NIT",50,"cliver",0.586976953109678
"6968",696.7,"Simu1","NIT",50,"cliver",0.591615343687203
"6969",696.8,"Simu1","NIT",50,"cliver",0.59392332618348
"6970",696.9,"Simu1","NIT",50,"cliver",0.594210780988514
"6971",697,"Simu1","NIT",50,"cliver",0.592717857794131
"6972",697.1,"Simu1","NIT",50,"cliver",0.589649908011634
"6973",697.2,"Simu1","NIT",50,"cliver",0.585189212129134
"6974",697.3,"Simu1","NIT",50,"cliver",0.579498795547011
"6975",697.4,"Simu1","NIT",50,"cliver",0.572725332192581
"6976",697.5,"Simu1","NIT",50,"cliver",0.565001135691812
"6977",697.6,"Simu1","NIT",50,"cliver",0.556445649658816
"6978",697.7,"Simu1","NIT",50,"cliver",0.547167014836126
"6979",697.8,"Simu1","NIT",50,"cliver",0.537263129440404
"6980",697.9,"Simu1","NIT",50,"cliver",0.526822639712251
"6981",698,"Simu1","NIT",50,"cliver",0.515925952453242
"6982",698.1,"Simu1","NIT",50,"cliver",0.504646077882031
"6983",698.2,"Simu1","NIT",50,"cliver",0.493049322771719
"6984",698.3,"Simu1","NIT",50,"cliver",0.481195896266084
"6985",698.4,"Simu1","NIT",50,"cliver",0.469140495551849
"6986",698.5,"Simu1","NIT",50,"cliver",0.456932775168464
"6987",698.6,"Simu1","NIT",50,"cliver",0.444617809134723
"6988",698.7,"Simu1","NIT",50,"cliver",0.432236547610819
"6989",698.8,"Simu1","NIT",50,"cliver",0.419826139881431
"6990",698.9,"Simu1","NIT",50,"cliver",0.407420186667569
"6991",699,"Simu1","NIT",50,"cliver",0.395049174826331
"6992",699.1,"Simu1","NIT",50,"cliver",0.382740634259779
"6993",699.2,"Simu1","NIT",50,"cliver",0.370519399014976
"6994",699.3,"Simu1","NIT",50,"cliver",0.358407919520674
"6995",699.4,"Simu1","NIT",50,"cliver",0.346426378419552
"6996",699.5,"Simu1","NIT",50,"cliver",0.334592819727256
"6997",699.6,"Simu1","NIT",50,"cliver",0.322923486075073
"6998",699.7,"Simu1","NIT",50,"cliver",0.311432801286411
"6999",699.8,"Simu1","NIT",50,"cliver",0.300133618925209
"7000",699.9,"Simu1","NIT",50,"cliver",0.289037361024398
"7001",700,"Simu1","NIT",50,"cliver",0.278154021046879
"7002",700.1,"Simu1","NIT",50,"cliver",0.267492445339142
"7003",700.2,"Simu1","NIT",50,"cliver",0.257060203971458
"7004",700.3,"Simu1","NIT",50,"cliver",0.246863999168171
"7005",700.4,"Simu1","NIT",50,"cliver",0.236909340325094
"7006",700.5,"Simu1","NIT",50,"cliver",0.227201158597368
"7007",700.6,"Simu1","NIT",50,"cliver",0.217743175469412
"7008",700.7,"Simu1","NIT",50,"cliver",0.208538704849819
"7009",700.8,"Simu1","NIT",50,"cliver",0.199590035417206
"7010",700.9,"Simu1","NIT",50,"cliver",0.190899094368593
"7011",701,"Simu1","NIT",50,"cliver",0.182467172963429
"7012",701.1,"Simu1","NIT",50,"cliver",0.17429459309091
"7013",701.2,"Simu1","NIT",50,"cliver",0.166381489735406
"7014",701.3,"Simu1","NIT",50,"cliver",0.158727630189011
"7015",701.4,"Simu1","NIT",50,"cliver",0.151331860216906
"7016",701.5,"Simu1","NIT",50,"cliver",0.144192756246305
"7017",701.6,"Simu1","NIT",50,"cliver",0.137308452844364
"7018",701.7,"Simu1","NIT",50,"cliver",0.130676631869885
"7019",701.8,"Simu1","NIT",50,"cliver",0.124294546088539
"7020",701.9,"Simu1","NIT",50,"cliver",0.118159043733698
"7021",702,"Simu1","NIT",50,"cliver",0.113307938296185
"7022",702.1,"Simu1","NIT",50,"cliver",0.378235739255936
"7023",702.2,"Simu1","NIT",50,"cliver",0.506102827179034
"7024",702.3,"Simu1","NIT",50,"cliver",0.54839362027244
"7025",702.4,"Simu1","NIT",50,"cliver",0.56794942067805
"7026",702.5,"Simu1","NIT",50,"cliver",0.579494114214726
"7027",702.6,"Simu1","NIT",50,"cliver",0.586974350960537
"7028",702.7,"Simu1","NIT",50,"cliver",0.591613021137604
"7029",702.8,"Simu1","NIT",50,"cliver",0.593921116986899
"7030",702.9,"Simu1","NIT",50,"cliver",0.594208649826388
"7031",703,"Simu1","NIT",50,"cliver",0.592715699050855
"7032",703.1,"Simu1","NIT",50,"cliver",0.589647751266815
"7033",703.2,"Simu1","NIT",50,"cliver",0.585187059822694
"7034",703.3,"Simu1","NIT",50,"cliver",0.579496644075437
"7035",703.4,"Simu1","NIT",50,"cliver",0.57272319084824
"7036",703.5,"Simu1","NIT",50,"cliver",0.564999001926749
"7037",703.6,"Simu1","NIT",50,"cliver",0.556443538258677
"7038",703.7,"Simu1","NIT",50,"cliver",0.547164942351172
"7039",703.8,"Simu1","NIT",50,"cliver",0.537261092507966
"7040",703.9,"Simu1","NIT",50,"cliver",0.526820631731119
"7041",704,"Simu1","NIT",50,"cliver",0.515923971021384
"7042",704.1,"Simu1","NIT",50,"cliver",0.504644132837898
"7043",704.2,"Simu1","NIT",50,"cliver",0.493047422439681
"7044",704.3,"Simu1","NIT",50,"cliver",0.481194047096006
"7045",704.4,"Simu1","NIT",50,"cliver",0.469138682028118
"7046",704.5,"Simu1","NIT",50,"cliver",0.456930988434319
"7047",704.6,"Simu1","NIT",50,"cliver",0.444616067757472
"7048",704.7,"Simu1","NIT",50,"cliver",0.432234854603914
"7049",704.8,"Simu1","NIT",50,"cliver",0.419824472090777
"7050",704.9,"Simu1","NIT",50,"cliver",0.407418561108191
"7051",705,"Simu1","NIT",50,"cliver",0.395047579225377
"7052",705.1,"Simu1","NIT",50,"cliver",0.382739067893752
"7053",705.2,"Simu1","NIT",50,"cliver",0.370517893566702
"7054",705.3,"Simu1","NIT",50,"cliver",0.358406468399923
"7055",705.4,"Simu1","NIT",50,"cliver",0.346424953055588
"7056",705.5,"Simu1","NIT",50,"cliver",0.334591442249211
"7057",705.6,"Simu1","NIT",50,"cliver",0.322922133849196
"7058",705.7,"Simu1","NIT",50,"cliver",0.311431483387132
"7059",705.8,"Simu1","NIT",50,"cliver",0.300132346017887
"7060",705.9,"Simu1","NIT",50,"cliver",0.289036107106079
"7061",706,"Simu1","NIT",50,"cliver",0.278152801846198
"7062",706.1,"Simu1","NIT",50,"cliver",0.267491224293499
"7063",706.2,"Simu1","NIT",50,"cliver",0.25705902779622
"7064",706.3,"Simu1","NIT",50,"cliver",0.246862816202025
"7065",706.4,"Simu1","NIT",50,"cliver",0.236908227022986
"7066",706.5,"Simu1","NIT",50,"cliver",0.227200006821315
"7067",706.6,"Simu1","NIT",50,"cliver",0.21774207933257
"7068",706.7,"Simu1","NIT",50,"cliver",0.208537606698794
"7069",706.8,"Simu1","NIT",50,"cliver",0.199589044085804
"7070",706.9,"Simu1","NIT",50,"cliver",0.190898188079798
"7071",707,"Simu1","NIT",50,"cliver",0.182466219327711
"7072",707.1,"Simu1","NIT",50,"cliver",0.174293739749175
"7073",707.2,"Simu1","NIT",50,"cliver",0.166380804754538
"7074",707.3,"Simu1","NIT",50,"cliver",0.158726950941521
"7075",707.4,"Simu1","NIT",50,"cliver",0.151331219915778
"7076",707.5,"Simu1","NIT",50,"cliver",0.144192178701333
"7077",707.6,"Simu1","NIT",50,"cliver",0.137307937613865
"7078",707.7,"Simu1","NIT",50,"cliver",0.130676165945738
"7079",707.8,"Simu1","NIT",50,"cliver",0.124294106927001
"7080",707.9,"Simu1","NIT",50,"cliver",0.118158590803235
"7081",708,"Simu1","NIT",50,"cliver",0.113307492157315
"7082",708.1,"Simu1","NIT",50,"cliver",0.378235621722745
"7083",708.2,"Simu1","NIT",50,"cliver",0.506102976570588
"7084",708.3,"Simu1","NIT",50,"cliver",0.548393934990087
"7085",708.4,"Simu1","NIT",50,"cliver",0.567950177129221
"7086",708.5,"Simu1","NIT",50,"cliver",0.579495040465989
"7087",708.6,"Simu1","NIT",50,"cliver",0.586974609050486
"7088",708.7,"Simu1","NIT",50,"cliver",0.591613356703213
"7089",708.8,"Simu1","NIT",50,"cliver",0.593921587804774
"7090",708.9,"Simu1","NIT",50,"cliver",0.594209180388803
"7091",709,"Simu1","NIT",50,"cliver",0.592716214212394
"7092",709.1,"Simu1","NIT",50,"cliver",0.589648371485456
"7093",709.2,"Simu1","NIT",50,"cliver",0.585187679584307
"7094",709.3,"Simu1","NIT",50,"cliver",0.579497238921472
"7095",709.4,"Simu1","NIT",50,"cliver",0.572723743986376
"7096",709.5,"Simu1","NIT",50,"cliver",0.564999490051699
"7097",709.6,"Simu1","NIT",50,"cliver",0.556444070555032
"7098",709.7,"Simu1","NIT",50,"cliver",0.547165537013942
"7099",709.8,"Simu1","NIT",50,"cliver",0.537261686723149
"7100",709.9,"Simu1","NIT",50,"cliver",0.526821194027055
"7101",710,"Simu1","NIT",50,"cliver",0.515924523378747
"7102",710.1,"Simu1","NIT",50,"cliver",0.504644697272394
"7103",710.2,"Simu1","NIT",50,"cliver",0.493047997610077
"7104",710.3,"Simu1","NIT",50,"cliver",0.481194617004193
"7105",710.4,"Simu1","NIT",50,"cliver",0.46913923955599
"7106",710.5,"Simu1","NIT",50,"cliver",0.456931538898087
"7107",710.6,"Simu1","NIT",50,"cliver",0.44461661536009
"7108",710.7,"Simu1","NIT",50,"cliver",0.432235396736546
"7109",710.8,"Simu1","NIT",50,"cliver",0.419825004883919
"7110",710.9,"Simu1","NIT",50,"cliver",0.407419083715549
"7111",711,"Simu1","NIT",50,"cliver",0.395048092534031
"7112",711.1,"Simu1","NIT",50,"cliver",0.382739572115585
"7113",711.2,"Simu1","NIT",50,"cliver",0.370518387876271
"7114",711.3,"Simu1","NIT",50,"cliver",0.358406951940575
"7115",711.4,"Simu1","NIT",50,"cliver",0.346425425578629
"7116",711.5,"Simu1","NIT",50,"cliver",0.334591903837608
"7117",711.6,"Simu1","NIT",50,"cliver",0.322922584435452
"7118",711.7,"Simu1","NIT",50,"cliver",0.311431922724136
"7119",711.8,"Simu1","NIT",50,"cliver",0.300132774034047
"7120",711.9,"Simu1","NIT",50,"cliver",0.289036523743585
"7121",712,"Simu1","NIT",50,"cliver",0.278153206942625
"7122",712.1,"Simu1","NIT",50,"cliver",0.267491617864161
"7123",712.2,"Simu1","NIT",50,"cliver",0.257059409903482
"7124",712.3,"Simu1","NIT",50,"cliver",0.246863186914726
"7125",712.4,"Simu1","NIT",50,"cliver",0.23690858637365
"7126",712.5,"Simu1","NIT",50,"cliver",0.227200354854963
"7127",712.6,"Simu1","NIT",50,"cliver",0.217742416154017
"7128",712.7,"Simu1","NIT",50,"cliver",0.208537932428257
"7129",712.8,"Simu1","NIT",50,"cliver",0.199589358821834
"7130",712.9,"Simu1","NIT",50,"cliver",0.190898491930139
"7131",713,"Simu1","NIT",50,"cliver",0.182466512430971
"7132",713.1,"Simu1","NIT",50,"cliver",0.174294022255194
"7133",713.2,"Simu1","NIT",50,"cliver",0.166381076812417
"7134",713.3,"Simu1","NIT",50,"cliver",0.158727212703841
"7135",713.4,"Simu1","NIT",50,"cliver",0.151331471555978
"7136",713.5,"Simu1","NIT",50,"cliver",0.14419242038607
"7137",713.6,"Simu1","NIT",50,"cliver",0.137308169555035
"7138",713.7,"Simu1","NIT",50,"cliver",0.130676388262733
"7139",713.8,"Simu1","NIT",50,"cliver",0.124294319615908
"7140",713.9,"Simu1","NIT",50,"cliver",0.11815879499658
"7141",714,"Simu1","NIT",50,"cliver",0.11330766753351
"7142",714.1,"Simu1","NIT",50,"cliver",0.378235848213322
"7143",714.2,"Simu1","NIT",50,"cliver",0.506103419479851
"7144",714.3,"Simu1","NIT",50,"cliver",0.548394899872705
"7145",714.4,"Simu1","NIT",50,"cliver",0.567951421344738
"7146",714.5,"Simu1","NIT",50,"cliver",0.579495165531447
"7147",714.6,"Simu1","NIT",50,"cliver",0.586976325639989
"7148",714.7,"Simu1","NIT",50,"cliver",0.5916146837647
"7149",714.8,"Simu1","NIT",50,"cliver",0.593922695117226
"7150",714.9,"Simu1","NIT",50,"cliver",0.594210185614008
"7151",715,"Simu1","NIT",50,"cliver",0.592717294620523
"7152",715.1,"Simu1","NIT",50,"cliver",0.589649430956211
"7153",715.2,"Simu1","NIT",50,"cliver",0.58518868499978
"7154",715.3,"Simu1","NIT",50,"cliver",0.579498201691199
"7155",715.4,"Simu1","NIT",50,"cliver",0.572724665165881
"7156",715.5,"Simu1","NIT",50,"cliver",0.565000463855857
"7157",715.6,"Simu1","NIT",50,"cliver",0.556445076488262
"7158",715.7,"Simu1","NIT",50,"cliver",0.547166515237211
"7159",715.8,"Simu1","NIT",50,"cliver",0.537262622504597
"7160",715.9,"Simu1","NIT",50,"cliver",0.526822114668457
"7161",716,"Simu1","NIT",50,"cliver",0.515925449916504
"7162",716.1,"Simu1","NIT",50,"cliver",0.504645622414544
"7163",716.2,"Simu1","NIT",50,"cliver",0.493048905162928
"7164",716.3,"Simu1","NIT",50,"cliver",0.48119550405042
"7165",716.4,"Simu1","NIT",50,"cliver",0.469140112654858
"7166",716.5,"Simu1","NIT",50,"cliver",0.456932400537037
"7167",716.6,"Simu1","NIT",50,"cliver",0.444617462039307
"7168",716.7,"Simu1","NIT",50,"cliver",0.432236225220254
"7169",716.8,"Simu1","NIT",50,"cliver",0.419825815083577
"7170",716.9,"Simu1","NIT",50,"cliver",0.407419876662228
"7171",717,"Simu1","NIT",50,"cliver",0.395048868230292
"7172",717.1,"Simu1","NIT",50,"cliver",0.382740329689351
"7173",717.2,"Simu1","NIT",50,"cliver",0.370519126727296
"7174",717.3,"Simu1","NIT",50,"cliver",0.358407672098851
"7175",717.4,"Simu1","NIT",50,"cliver",0.346426127223783
"7176",717.5,"Simu1","NIT",50,"cliver",0.334592586937586
"7177",717.6,"Simu1","NIT",50,"cliver",0.322923248878251
"7178",717.7,"Simu1","NIT",50,"cliver",0.31143256864212
"7179",717.8,"Simu1","NIT",50,"cliver",0.300133401404379
"7180",717.9,"Simu1","NIT",50,"cliver",0.289037132616265
"7181",718,"Simu1","NIT",50,"cliver",0.278153797467703
"7182",718.1,"Simu1","NIT",50,"cliver",0.267492190245216
"7183",718.2,"Simu1","NIT",50,"cliver",0.257059964326925
"7184",718.3,"Simu1","NIT",50,"cliver",0.246863723539857
"7185",718.4,"Simu1","NIT",50,"cliver",0.236909105393176
"7186",718.5,"Simu1","NIT",50,"cliver",0.227200856513232
"7187",718.6,"Simu1","NIT",50,"cliver",0.217742900695164
"7188",718.7,"Simu1","NIT",50,"cliver",0.20853840008235
"7189",718.8,"Simu1","NIT",50,"cliver",0.199589809833025
"7190",718.9,"Simu1","NIT",50,"cliver",0.190898926571242
"7191",719,"Simu1","NIT",50,"cliver",0.182466930977852
"7192",719.1,"Simu1","NIT",50,"cliver",0.174294424989265
"7193",719.2,"Simu1","NIT",50,"cliver",0.166381464011426
"7194",719.3,"Simu1","NIT",50,"cliver",0.158727584677396
"7195",719.4,"Simu1","NIT",50,"cliver",0.151331828585304
"7196",719.5,"Simu1","NIT",50,"cliver",0.144192762830295
"7197",719.6,"Simu1","NIT",50,"cliver",0.137308497622666
"7198",719.7,"Simu1","NIT",50,"cliver",0.130676702366035
"7199",719.8,"Simu1","NIT",50,"cliver",0.124294620242124
"7200",719.9,"Simu1","NIT",50,"cliver",0.118159082310176
"7201",720,"Simu1","NIT",50,"cliver",0.113307960977869
