"","time","Simulation","Chemical","dose","variable","value"
"1",0,"Simu1","NIT",50,"cliver",0
"2",0.1,"Simu1","NIT",50,"cliver",0.188650030478603
"3",0.2,"Simu1","NIT",50,"cliver",0.258377822719179
"4",0.3,"Simu1","NIT",50,"cliver",0.278075811592452
"5",0.4,"Simu1","NIT",50,"cliver",0.288697496531506
"6",0.5,"Simu1","NIT",50,"cliver",0.296081504922613
"7",0.6,"Simu1","NIT",50,"cliver",0.30127177164454
"8",0.7,"Simu1","NIT",50,"cliver",0.304601012715508
"9",0.8,"Simu1","NIT",50,"cliver",0.306285978397165
"10",0.9,"Simu1","NIT",50,"cliver",0.306511725426755
"11",1,"Simu1","NIT",50,"cliver",0.305446193691962
"12",1.1,"Simu1","NIT",50,"cliver",0.303242637768232
"13",1.2,"Simu1","NIT",50,"cliver",0.300041068574117
"14",1.3,"Simu1","NIT",50,"cliver",0.295969218762407
"15",1.4,"Simu1","NIT",50,"cliver",0.2911434986659
"16",1.5,"Simu1","NIT",50,"cliver",0.285669836307819
"17",1.6,"Simu1","NIT",50,"cliver",0.279644485867201
"18",1.7,"Simu1","NIT",50,"cliver",0.273154899134335
"19",1.8,"Simu1","NIT",50,"cliver",0.266280293555689
"20",1.9,"Simu1","NIT",50,"cliver",0.259092446176921
"21",2,"Simu1","NIT",50,"cliver",0.251656210346719
"22",2.1,"Simu1","NIT",50,"cliver",0.244030072157289
"23",2.2,"Simu1","NIT",50,"cliver",0.23626671701464
"24",2.3,"Simu1","NIT",50,"cliver",0.228413464901261
"25",2.4,"Simu1","NIT",50,"cliver",0.220512788569869
"26",2.5,"Simu1","NIT",50,"cliver",0.212602684138143
"27",2.6,"Simu1","NIT",50,"cliver",0.204716978176512
"28",2.7,"Simu1","NIT",50,"cliver",0.196885676164594
"29",2.8,"Simu1","NIT",50,"cliver",0.189135328466852
"30",2.9,"Simu1","NIT",50,"cliver",0.181489307212852
"31",3,"Simu1","NIT",50,"cliver",0.173968085094494
"32",3.1,"Simu1","NIT",50,"cliver",0.16658941519644
"33",3.2,"Simu1","NIT",50,"cliver",0.159368620028177
"34",3.3,"Simu1","NIT",50,"cliver",0.15231871312917
"35",3.4,"Simu1","NIT",50,"cliver",0.145450655065526
"36",3.5,"Simu1","NIT",50,"cliver",0.138773576057907
"37",3.6,"Simu1","NIT",50,"cliver",0.132294857260358
"38",3.7,"Simu1","NIT",50,"cliver",0.126020251944308
"39",3.8,"Simu1","NIT",50,"cliver",0.119953886854872
"40",3.9,"Simu1","NIT",50,"cliver",0.114098665224127
"41",4,"Simu1","NIT",50,"cliver",0.108456305053899
"42",4.1,"Simu1","NIT",50,"cliver",0.103027376685075
"43",4.2,"Simu1","NIT",50,"cliver",0.0978114078256187
"44",4.3,"Simu1","NIT",50,"cliver",0.0928070108436601
"45",4.4,"Simu1","NIT",50,"cliver",0.0880119722781957
"46",4.5,"Simu1","NIT",50,"cliver",0.0834233401982126
"47",4.6,"Simu1","NIT",50,"cliver",0.079037505000075
"48",4.7,"Simu1","NIT",50,"cliver",0.0748503222038345
"49",4.8,"Simu1","NIT",50,"cliver",0.0708571380661554
"50",4.9,"Simu1","NIT",50,"cliver",0.0670528653893012
"51",5,"Simu1","NIT",50,"cliver",0.0634320622419762
"52",5.1,"Simu1","NIT",50,"cliver",0.0599890565632506
"53",5.2,"Simu1","NIT",50,"cliver",0.056717903169673
"54",5.3,"Simu1","NIT",50,"cliver",0.0536125631512264
"55",5.4,"Simu1","NIT",50,"cliver",0.0506667290242675
"56",5.5,"Simu1","NIT",50,"cliver",0.0478741948443465
"57",5.6,"Simu1","NIT",50,"cliver",0.0452289049214146
"58",5.7,"Simu1","NIT",50,"cliver",0.042724569112527
"59",5.8,"Simu1","NIT",50,"cliver",0.0403547943330458
"60",5.9,"Simu1","NIT",50,"cliver",0.038113521139281
"61",6,"Simu1","NIT",50,"cliver",0.036916473783474
"62",6.1,"Simu1","NIT",50,"cliver",0.24134724847657
"63",6.2,"Simu1","NIT",50,"cliver",0.314685954313047
"64",6.3,"Simu1","NIT",50,"cliver",0.335186674889854
"65",6.4,"Simu1","NIT",50,"cliver",0.345825121211872
"66",6.5,"Simu1","NIT",50,"cliver",0.352931398760428
"67",6.6,"Simu1","NIT",50,"cliver",0.35766049736762
"68",6.7,"Simu1","NIT",50,"cliver",0.360380918457589
"69",6.8,"Simu1","NIT",50,"cliver",0.36133010885305
"70",6.9,"Simu1","NIT",50,"cliver",0.360709717449482
"71",7,"Simu1","NIT",50,"cliver",0.358702237977312
"72",7.1,"Simu1","NIT",50,"cliver",0.355474130974715
"73",7.2,"Simu1","NIT",50,"cliver",0.351177383634553
"74",7.3,"Simu1","NIT",50,"cliver",0.345950632396004
"75",7.4,"Simu1","NIT",50,"cliver",0.339920228974733
"76",7.5,"Simu1","NIT",50,"cliver",0.333201126810616
"77",7.6,"Simu1","NIT",50,"cliver",0.325897769208922
"78",7.7,"Simu1","NIT",50,"cliver",0.318105050132361
"79",7.8,"Simu1","NIT",50,"cliver",0.309908898198943
"80",7.9,"Simu1","NIT",50,"cliver",0.301387157075276
"81",8,"Simu1","NIT",50,"cliver",0.292610138499195
"82",8.1,"Simu1","NIT",50,"cliver",0.283641205556155
"83",8.2,"Simu1","NIT",50,"cliver",0.274537508527986
"84",8.3,"Simu1","NIT",50,"cliver",0.265350268136618
"85",8.4,"Simu1","NIT",50,"cliver",0.256125426074435
"86",8.5,"Simu1","NIT",50,"cliver",0.246904018220999
"87",8.6,"Simu1","NIT",50,"cliver",0.237722603125942
"88",8.7,"Simu1","NIT",50,"cliver",0.228613635770692
"89",8.8,"Simu1","NIT",50,"cliver",0.219605818103984
"90",8.9,"Simu1","NIT",50,"cliver",0.210724390365206
"91",9,"Simu1","NIT",50,"cliver",0.201991429160794
"92",9.1,"Simu1","NIT",50,"cliver",0.193426099906677
"93",9.2,"Simu1","NIT",50,"cliver",0.185045010975825
"94",9.3,"Simu1","NIT",50,"cliver",0.176862226046853
"95",9.4,"Simu1","NIT",50,"cliver",0.168889731772946
"96",9.5,"Simu1","NIT",50,"cliver",0.1611374135982
"97",9.6,"Simu1","NIT",50,"cliver",0.153613173326644
"98",9.7,"Simu1","NIT",50,"cliver",0.146323388380146
"99",9.8,"Simu1","NIT",50,"cliver",0.139272784902586
"100",9.9,"Simu1","NIT",50,"cliver",0.132464703412419
"101",10,"Simu1","NIT",50,"cliver",0.12590116309008
"102",10.1,"Simu1","NIT",50,"cliver",0.11958285125391
"103",10.2,"Simu1","NIT",50,"cliver",0.113509394541064
"104",10.3,"Simu1","NIT",50,"cliver",0.107679463407123
"105",10.4,"Simu1","NIT",50,"cliver",0.102090826105385
"106",10.5,"Simu1","NIT",50,"cliver",0.0967404142112252
"107",10.6,"Simu1","NIT",50,"cliver",0.091624413130984
"108",10.7,"Simu1","NIT",50,"cliver",0.0867383478196837
"109",10.8,"Simu1","NIT",50,"cliver",0.0820771716207602
"110",10.9,"Simu1","NIT",50,"cliver",0.0776353356424733
"111",11,"Simu1","NIT",50,"cliver",0.0734068743290549
"112",11.1,"Simu1","NIT",50,"cliver",0.0693854541318283
"113",11.2,"Simu1","NIT",50,"cliver",0.0655644788623633
"114",11.3,"Simu1","NIT",50,"cliver",0.0619370844867366
"115",11.4,"Simu1","NIT",50,"cliver",0.0584963358122721
"116",11.5,"Simu1","NIT",50,"cliver",0.0552350066595141
"117",11.6,"Simu1","NIT",50,"cliver",0.052146286193043
"118",11.7,"Simu1","NIT",50,"cliver",0.0492225601284852
"119",11.8,"Simu1","NIT",50,"cliver",0.0464567219804295
"120",11.9,"Simu1","NIT",50,"cliver",0.0438421187231152
"121",12,"Simu1","NIT",50,"cliver",0.0422932769589026
"122",12.1,"Simu1","NIT",50,"cliver",0.246528487832891
"123",12.2,"Simu1","NIT",50,"cliver",0.319814239524816
"124",12.3,"Simu1","NIT",50,"cliver",0.340169714687955
"125",12.4,"Simu1","NIT",50,"cliver",0.350633034529006
"126",12.5,"Simu1","NIT",50,"cliver",0.35756019611394
"127",12.6,"Simu1","NIT",50,"cliver",0.362113763878512
"128",12.7,"Simu1","NIT",50,"cliver",0.364663240572114
"129",12.8,"Simu1","NIT",50,"cliver",0.36544582414192
"130",12.9,"Simu1","NIT",50,"cliver",0.364663574643261
"131",13,"Simu1","NIT",50,"cliver",0.362498560577404
"132",13.1,"Simu1","NIT",50,"cliver",0.359117513783637
"133",13.2,"Simu1","NIT",50,"cliver",0.354672401013955
"134",13.3,"Simu1","NIT",50,"cliver",0.349301770502759
"135",13.4,"Simu1","NIT",50,"cliver",0.343131901689142
"136",13.5,"Simu1","NIT",50,"cliver",0.336277677316818
"137",13.6,"Simu1","NIT",50,"cliver",0.328843488912577
"138",13.7,"Simu1","NIT",50,"cliver",0.320924111369282
"139",13.8,"Simu1","NIT",50,"cliver",0.312605400192894
"140",13.9,"Simu1","NIT",50,"cliver",0.303965096980487
"141",14,"Simu1","NIT",50,"cliver",0.295073495735281
"142",14.1,"Simu1","NIT",50,"cliver",0.285993958846688
"143",14.2,"Simu1","NIT",50,"cliver",0.276783462993884
"144",14.3,"Simu1","NIT",50,"cliver",0.267493163658376
"145",14.4,"Simu1","NIT",50,"cliver",0.25816890247369
"146",14.5,"Simu1","NIT",50,"cliver",0.248851654441425
"147",14.6,"Simu1","NIT",50,"cliver",0.239577906652888
"148",14.7,"Simu1","NIT",50,"cliver",0.230380003169449
"149",14.8,"Simu1","NIT",50,"cliver",0.221286528289815
"150",14.9,"Simu1","NIT",50,"cliver",0.212322692238605
"151",15,"Simu1","NIT",50,"cliver",0.203510428294265
"152",15.1,"Simu1","NIT",50,"cliver",0.194868831491023
"153",15.2,"Simu1","NIT",50,"cliver",0.186414490614182
"154",15.3,"Simu1","NIT",50,"cliver",0.178161411133077
"155",15.4,"Simu1","NIT",50,"cliver",0.170121326532321
"156",15.5,"Simu1","NIT",50,"cliver",0.162304116272967
"157",15.6,"Simu1","NIT",50,"cliver",0.154717787294717
"158",15.7,"Simu1","NIT",50,"cliver",0.147368496220943
"159",15.8,"Simu1","NIT",50,"cliver",0.140260858267569
"160",15.9,"Simu1","NIT",50,"cliver",0.133398164216646
"161",16,"Simu1","NIT",50,"cliver",0.126782351803055
"162",16.1,"Simu1","NIT",50,"cliver",0.120414097885146
"163",16.2,"Simu1","NIT",50,"cliver",0.114292966235957
"164",16.3,"Simu1","NIT",50,"cliver",0.108417615214372
"165",16.4,"Simu1","NIT",50,"cliver",0.102785676512041
"166",16.5,"Simu1","NIT",50,"cliver",0.0973941508781458
"167",16.6,"Simu1","NIT",50,"cliver",0.0922389855588416
"168",16.7,"Simu1","NIT",50,"cliver",0.0873157267679705
"169",16.8,"Simu1","NIT",50,"cliver",0.0826192158346955
"170",16.9,"Simu1","NIT",50,"cliver",0.0781439245135825
"171",17,"Simu1","NIT",50,"cliver",0.0738838113149732
"172",17.1,"Simu1","NIT",50,"cliver",0.069832506963091
"173",17.2,"Simu1","NIT",50,"cliver",0.0659833136789146
"174",17.3,"Simu1","NIT",50,"cliver",0.0623293050434785
"175",17.4,"Simu1","NIT",50,"cliver",0.0588634144353677
"176",17.5,"Simu1","NIT",50,"cliver",0.0555785019331046
"177",17.6,"Simu1","NIT",50,"cliver",0.0524673629447716
"178",17.7,"Simu1","NIT",50,"cliver",0.049522743576195
"179",17.8,"Simu1","NIT",50,"cliver",0.0467374677540737
"180",17.9,"Simu1","NIT",50,"cliver",0.0441044242308663
"181",18,"Simu1","NIT",50,"cliver",0.0425383624930374
"182",18.1,"Simu1","NIT",50,"cliver",0.246763349465506
"183",18.2,"Simu1","NIT",50,"cliver",0.320045886537632
"184",18.3,"Simu1","NIT",50,"cliver",0.340393503252624
"185",18.4,"Simu1","NIT",50,"cliver",0.350847965202554
"186",18.5,"Simu1","NIT",50,"cliver",0.357767320873298
"187",18.6,"Simu1","NIT",50,"cliver",0.362311838756882
"188",18.7,"Simu1","NIT",50,"cliver",0.364852843813422
"189",18.8,"Simu1","NIT",50,"cliver",0.365627271302784
"190",18.9,"Simu1","NIT",50,"cliver",0.364837088326892
"191",19,"Simu1","NIT",50,"cliver",0.362664661870479
"192",19.1,"Simu1","NIT",50,"cliver",0.359276419770104
"193",19.2,"Simu1","NIT",50,"cliver",0.35482433173114
"194",19.3,"Simu1","NIT",50,"cliver",0.349446938318756
"195",19.4,"Simu1","NIT",50,"cliver",0.343270519925657
"196",19.5,"Simu1","NIT",50,"cliver",0.336409996008342
"197",19.6,"Simu1","NIT",50,"cliver",0.328969767285909
"198",19.7,"Simu1","NIT",50,"cliver",0.321044575265429
"199",19.8,"Simu1","NIT",50,"cliver",0.312720311447493
"200",19.9,"Simu1","NIT",50,"cliver",0.304074721854286
"201",20,"Simu1","NIT",50,"cliver",0.295178040803376
"202",20.1,"Simu1","NIT",50,"cliver",0.286093586639368
"203",20.2,"Simu1","NIT",50,"cliver",0.276878340780824
"204",20.3,"Simu1","NIT",50,"cliver",0.267583482311194
"205",20.4,"Simu1","NIT",50,"cliver",0.258254859926631
"206",20.5,"Simu1","NIT",50,"cliver",0.248933423676784
"207",20.6,"Simu1","NIT",50,"cliver",0.239655635758991
"208",20.7,"Simu1","NIT",50,"cliver",0.23045385301106
"209",20.8,"Simu1","NIT",50,"cliver",0.221356672349327
"210",20.9,"Simu1","NIT",50,"cliver",0.212389244785567
"211",21,"Simu1","NIT",50,"cliver",0.203573566073828
"212",21.1,"Simu1","NIT",50,"cliver",0.194928745015965
"213",21.2,"Simu1","NIT",50,"cliver",0.186471247965741
"214",21.3,"Simu1","NIT",50,"cliver",0.178215121044068
"215",21.4,"Simu1","NIT",50,"cliver",0.170172193126933
"216",21.5,"Simu1","NIT",50,"cliver",0.162352261605656
"217",21.6,"Simu1","NIT",50,"cliver",0.154763261818581
"218",21.7,"Simu1","NIT",50,"cliver",0.147411421659872
"219",21.8,"Simu1","NIT",50,"cliver",0.140301402218779
"220",21.9,"Simu1","NIT",50,"cliver",0.133436428296865
"221",22,"Simu1","NIT",50,"cliver",0.126818408246486
"222",22.1,"Simu1","NIT",50,"cliver",0.120448044878671
"223",22.2,"Simu1","NIT",50,"cliver",0.114324938821428
"224",22.3,"Simu1","NIT",50,"cliver",0.108447686457961
"225",22.4,"Simu1","NIT",50,"cliver",0.102813972607803
"226",22.5,"Simu1","NIT",50,"cliver",0.0974206591798336
"227",22.6,"Simu1","NIT",50,"cliver",0.0922638695292856
"228",22.7,"Simu1","NIT",50,"cliver",0.0873390714243283
"229",22.8,"Simu1","NIT",50,"cliver",0.0826411547918933
"230",22.9,"Simu1","NIT",50,"cliver",0.0781645117113163
"231",23,"Simu1","NIT",50,"cliver",0.0739031033686037
"232",23.1,"Simu1","NIT",50,"cliver",0.0698505513423313
"233",23.2,"Simu1","NIT",50,"cliver",0.0660001746345797
"234",23.3,"Simu1","NIT",50,"cliver",0.0623450665929149
"235",23.4,"Simu1","NIT",50,"cliver",0.0588780820816447
"236",23.5,"Simu1","NIT",50,"cliver",0.0555921290566093
"237",23.6,"Simu1","NIT",50,"cliver",0.0524801079095074
"238",23.7,"Simu1","NIT",50,"cliver",0.0495346995731962
"239",23.8,"Simu1","NIT",50,"cliver",0.0467486224146574
"240",23.9,"Simu1","NIT",50,"cliver",0.044114820611602
"241",24,"Simu1","NIT",50,"cliver",0.0425480941041859
"242",24.1,"Simu1","NIT",50,"cliver",0.246772714971278
"243",24.2,"Simu1","NIT",50,"cliver",0.320055635249046
"244",24.3,"Simu1","NIT",50,"cliver",0.340402374443634
"245",24.4,"Simu1","NIT",50,"cliver",0.350856584895602
"246",24.5,"Simu1","NIT",50,"cliver",0.357775536844039
"247",24.6,"Simu1","NIT",50,"cliver",0.36231971675058
"248",24.7,"Simu1","NIT",50,"cliver",0.364860410401999
"249",24.8,"Simu1","NIT",50,"cliver",0.365634505477635
"250",24.9,"Simu1","NIT",50,"cliver",0.364844016059536
"251",25,"Simu1","NIT",50,"cliver",0.362671279170534
"252",25.1,"Simu1","NIT",50,"cliver",0.359282739637193
"253",25.2,"Simu1","NIT",50,"cliver",0.354830362972374
"254",25.3,"Simu1","NIT",50,"cliver",0.349452700132924
"255",25.4,"Simu1","NIT",50,"cliver",0.343276031307856
"256",25.5,"Simu1","NIT",50,"cliver",0.336415267160596
"257",25.6,"Simu1","NIT",50,"cliver",0.328974797623051
"258",25.7,"Simu1","NIT",50,"cliver",0.321049375918064
"259",25.8,"Simu1","NIT",50,"cliver",0.312724896534067
"260",25.9,"Simu1","NIT",50,"cliver",0.30407910283051
"261",26,"Simu1","NIT",50,"cliver",0.295182223387481
"262",26.1,"Simu1","NIT",50,"cliver",0.286097571939531
"263",26.2,"Simu1","NIT",50,"cliver",0.27688213543861
"264",26.3,"Simu1","NIT",50,"cliver",0.267587095617866
"265",26.4,"Simu1","NIT",50,"cliver",0.258258298532561
"266",26.5,"Simu1","NIT",50,"cliver",0.248936694602343
"267",26.6,"Simu1","NIT",50,"cliver",0.239658744970466
"268",26.7,"Simu1","NIT",50,"cliver",0.230456808138458
"269",26.8,"Simu1","NIT",50,"cliver",0.221359478386302
"270",26.9,"Simu1","NIT",50,"cliver",0.212391908755123
"271",27,"Simu1","NIT",50,"cliver",0.203576092975493
"272",27.1,"Simu1","NIT",50,"cliver",0.194931141334609
"273",27.2,"Simu1","NIT",50,"cliver",0.186473519297983
"274",27.3,"Simu1","NIT",50,"cliver",0.17821726817347
"275",27.4,"Simu1","NIT",50,"cliver",0.170174204684655
"276",27.5,"Simu1","NIT",50,"cliver",0.162354131198488
"277",27.6,"Simu1","NIT",50,"cliver",0.154765010042913
"278",27.7,"Simu1","NIT",50,"cliver",0.147413106114489
"279",27.8,"Simu1","NIT",50,"cliver",0.140303030799519
"280",27.9,"Simu1","NIT",50,"cliver",0.133437945539057
"281",28,"Simu1","NIT",50,"cliver",0.12681981380179
"282",28.1,"Simu1","NIT",50,"cliver",0.120449378148699
"283",28.2,"Simu1","NIT",50,"cliver",0.114326220430802
"284",28.3,"Simu1","NIT",50,"cliver",0.108448876116832
"285",28.4,"Simu1","NIT",50,"cliver",0.102815093426709
"286",28.5,"Simu1","NIT",50,"cliver",0.0974216846379676
"287",28.6,"Simu1","NIT",50,"cliver",0.0922649375505366
"288",28.7,"Simu1","NIT",50,"cliver",0.087340024107113
"289",28.8,"Simu1","NIT",50,"cliver",0.0826420489035454
"290",28.9,"Simu1","NIT",50,"cliver",0.0781653067117531
"291",29,"Simu1","NIT",50,"cliver",0.0739038220527483
"292",29.1,"Simu1","NIT",50,"cliver",0.0698512003415063
"293",29.2,"Simu1","NIT",50,"cliver",0.0660007777018922
"294",29.3,"Simu1","NIT",50,"cliver",0.0623456567044285
"295",29.4,"Simu1","NIT",50,"cliver",0.058878732828781
"296",29.5,"Simu1","NIT",50,"cliver",0.0555928414319285
"297",29.6,"Simu1","NIT",50,"cliver",0.0524807371071169
"298",29.7,"Simu1","NIT",50,"cliver",0.0495352562635077
"299",29.8,"Simu1","NIT",50,"cliver",0.0467491081265558
"300",29.9,"Simu1","NIT",50,"cliver",0.0441153531292113
"301",30,"Simu1","NIT",50,"cliver",0.0425485464114742
"302",30.1,"Simu1","NIT",50,"cliver",0.246773119252829
"303",30.2,"Simu1","NIT",50,"cliver",0.320055999936382
"304",30.3,"Simu1","NIT",50,"cliver",0.340402851328648
"305",30.4,"Simu1","NIT",50,"cliver",0.350857018087352
"306",30.5,"Simu1","NIT",50,"cliver",0.357775793061636
"307",30.6,"Simu1","NIT",50,"cliver",0.362320014674387
"308",30.7,"Simu1","NIT",50,"cliver",0.364860677410089
"309",30.8,"Simu1","NIT",50,"cliver",0.365634810001598
"310",30.9,"Simu1","NIT",50,"cliver",0.36484426897661
"311",31,"Simu1","NIT",50,"cliver",0.362671545012369
"312",31.1,"Simu1","NIT",50,"cliver",0.359283015051981
"313",31.2,"Simu1","NIT",50,"cliver",0.354830648922311
"314",31.3,"Simu1","NIT",50,"cliver",0.349452989425698
"315",31.4,"Simu1","NIT",50,"cliver",0.343276294005372
"316",31.5,"Simu1","NIT",50,"cliver",0.336415501231566
"317",31.6,"Simu1","NIT",50,"cliver",0.328975019382881
"318",31.7,"Simu1","NIT",50,"cliver",0.321049592390506
"319",31.8,"Simu1","NIT",50,"cliver",0.31272510118031
"320",31.9,"Simu1","NIT",50,"cliver",0.304079286563859
"321",32,"Simu1","NIT",50,"cliver",0.295182385828884
"322",32.1,"Simu1","NIT",50,"cliver",0.286097723871317
"323",32.2,"Simu1","NIT",50,"cliver",0.276882282333299
"324",32.3,"Simu1","NIT",50,"cliver",0.267587234808403
"325",32.4,"Simu1","NIT",50,"cliver",0.258258427978087
"326",32.5,"Simu1","NIT",50,"cliver",0.248936814728142
"327",32.6,"Simu1","NIT",50,"cliver",0.239658858752994
"328",32.7,"Simu1","NIT",50,"cliver",0.230456915160358
"329",32.8,"Simu1","NIT",50,"cliver",0.221359579345958
"330",32.9,"Simu1","NIT",50,"cliver",0.212392002646128
"331",33,"Simu1","NIT",50,"cliver",0.203576181384922
"332",33.1,"Simu1","NIT",50,"cliver",0.194931224026298
"333",33.2,"Simu1","NIT",50,"cliver",0.186473596300414
"334",33.3,"Simu1","NIT",50,"cliver",0.178217344107283
"335",33.4,"Simu1","NIT",50,"cliver",0.170174296336678
"336",33.5,"Simu1","NIT",50,"cliver",0.162354250243227
"337",33.6,"Simu1","NIT",50,"cliver",0.154765140881917
"338",33.7,"Simu1","NIT",50,"cliver",0.147413195926681
"339",33.8,"Simu1","NIT",50,"cliver",0.140303076522714
"340",33.9,"Simu1","NIT",50,"cliver",0.133438007268194
"341",34,"Simu1","NIT",50,"cliver",0.126819896240838
"342",34.1,"Simu1","NIT",50,"cliver",0.120449446097665
"343",34.2,"Simu1","NIT",50,"cliver",0.114326257453555
"344",34.3,"Simu1","NIT",50,"cliver",0.108448926572731
"345",34.4,"Simu1","NIT",50,"cliver",0.102815138085872
"346",34.5,"Simu1","NIT",50,"cliver",0.0974217537399774
"347",34.6,"Simu1","NIT",50,"cliver",0.0922648968473616
"348",34.7,"Simu1","NIT",50,"cliver",0.0873400350331919
"349",34.8,"Simu1","NIT",50,"cliver",0.0826420581083808
"350",34.9,"Simu1","NIT",50,"cliver",0.0781653580209096
"351",35,"Simu1","NIT",50,"cliver",0.0739038956915197
"352",35.1,"Simu1","NIT",50,"cliver",0.0698512889425179
"353",35.2,"Simu1","NIT",50,"cliver",0.0660008611296791
"354",35.3,"Simu1","NIT",50,"cliver",0.062345717398006
"355",35.4,"Simu1","NIT",50,"cliver",0.0588787227895642
"356",35.5,"Simu1","NIT",50,"cliver",0.0555927155731043
"357",35.6,"Simu1","NIT",50,"cliver",0.0524806044627679
"358",35.7,"Simu1","NIT",50,"cliver",0.0495351645548594
"359",35.8,"Simu1","NIT",50,"cliver",0.0467490820809026
"360",35.9,"Simu1","NIT",50,"cliver",0.0441152274331425
"361",36,"Simu1","NIT",50,"cliver",0.0425484618680898
"362",36.1,"Simu1","NIT",50,"cliver",0.246773131878881
"363",36.2,"Simu1","NIT",50,"cliver",0.320055255422037
"364",36.3,"Simu1","NIT",50,"cliver",0.340402928026295
"365",36.4,"Simu1","NIT",50,"cliver",0.3508569514987
"366",36.5,"Simu1","NIT",50,"cliver",0.35777614206898
"367",36.6,"Simu1","NIT",50,"cliver",0.362320358871557
"368",36.7,"Simu1","NIT",50,"cliver",0.364861019039291
"369",36.8,"Simu1","NIT",50,"cliver",0.365635187467658
"370",36.9,"Simu1","NIT",50,"cliver",0.364844633603099
"371",37,"Simu1","NIT",50,"cliver",0.362671898543025
"372",37.1,"Simu1","NIT",50,"cliver",0.35928339085228
"373",37.2,"Simu1","NIT",50,"cliver",0.354831028937271
"374",37.3,"Simu1","NIT",50,"cliver",0.349453387955235
"375",37.4,"Simu1","NIT",50,"cliver",0.343276699627973
"376",37.5,"Simu1","NIT",50,"cliver",0.336415894696518
"377",37.6,"Simu1","NIT",50,"cliver",0.328975404765396
"378",37.7,"Simu1","NIT",50,"cliver",0.321049976193085
"379",37.8,"Simu1","NIT",50,"cliver",0.312725484945476
"380",37.9,"Simu1","NIT",50,"cliver",0.304079665500706
"381",38,"Simu1","NIT",50,"cliver",0.295182754351201
"382",38.1,"Simu1","NIT",50,"cliver",0.286098082865437
"383",38.2,"Simu1","NIT",50,"cliver",0.276882634904856
"384",38.3,"Simu1","NIT",50,"cliver",0.2675875803864
"385",38.4,"Simu1","NIT",50,"cliver",0.258258764131333
"386",38.5,"Simu1","NIT",50,"cliver",0.24893714078946
"387",38.6,"Simu1","NIT",50,"cliver",0.239659175458228
"388",38.7,"Simu1","NIT",50,"cliver",0.230457222759446
"389",38.8,"Simu1","NIT",50,"cliver",0.221359877360794
"390",38.9,"Simu1","NIT",50,"cliver",0.212392290686857
"391",39,"Simu1","NIT",50,"cliver",0.203576459490055
"392",39.1,"Simu1","NIT",50,"cliver",0.194931492364281
"393",39.2,"Simu1","NIT",50,"cliver",0.186473854914414
"394",39.3,"Simu1","NIT",50,"cliver",0.178217592974104
"395",39.4,"Simu1","NIT",50,"cliver",0.170174535517799
"396",39.5,"Simu1","NIT",50,"cliver",0.162354479871424
"397",39.6,"Simu1","NIT",50,"cliver",0.154765361110949
"398",39.7,"Simu1","NIT",50,"cliver",0.147413406771431
"399",39.8,"Simu1","NIT",50,"cliver",0.140303278288666
"400",39.9,"Simu1","NIT",50,"cliver",0.133438200197673
"401",40,"Simu1","NIT",50,"cliver",0.126820080508654
"402",40.1,"Simu1","NIT",50,"cliver",0.120449621816733
"403",40.2,"Simu1","NIT",50,"cliver",0.114326424881013
"404",40.3,"Simu1","NIT",50,"cliver",0.108449085957244
"405",40.4,"Simu1","NIT",50,"cliver",0.102815289705932
"406",40.5,"Simu1","NIT",50,"cliver",0.0974218977133071
"407",40.6,"Simu1","NIT",50,"cliver",0.0922650335955824
"408",40.7,"Simu1","NIT",50,"cliver",0.0873401645136181
"409",40.8,"Simu1","NIT",50,"cliver",0.0826421812165232
"410",40.9,"Simu1","NIT",50,"cliver",0.078165473647243
"411",41,"Simu1","NIT",50,"cliver",0.073904007122184
"412",41.1,"Simu1","NIT",50,"cliver",0.0698513890259755
"413",41.2,"Simu1","NIT",50,"cliver",0.0660009562251413
"414",41.3,"Simu1","NIT",50,"cliver",0.0623458045203929
"415",41.4,"Simu1","NIT",50,"cliver",0.058878874351613
"416",41.5,"Simu1","NIT",50,"cliver",0.0555929485935997
"417",41.6,"Simu1","NIT",50,"cliver",0.0524807692610074
"418",41.7,"Simu1","NIT",50,"cliver",0.0495351882346003
"419",41.8,"Simu1","NIT",50,"cliver",0.0467491180121153
"420",41.9,"Simu1","NIT",50,"cliver",0.0441153150613658
"421",42,"Simu1","NIT",50,"cliver",0.0425485554561818
"422",42.1,"Simu1","NIT",50,"cliver",0.246773085356698
"423",42.2,"Simu1","NIT",50,"cliver",0.320055080016331
"424",42.3,"Simu1","NIT",50,"cliver",0.340403220377492
"425",42.4,"Simu1","NIT",50,"cliver",0.350856738688134
"426",42.5,"Simu1","NIT",50,"cliver",0.357775496037036
"427",42.6,"Simu1","NIT",50,"cliver",0.362320230215839
"428",42.7,"Simu1","NIT",50,"cliver",0.364860819444775
"429",42.8,"Simu1","NIT",50,"cliver",0.365634966171438
"430",42.9,"Simu1","NIT",50,"cliver",0.364844442314933
"431",43,"Simu1","NIT",50,"cliver",0.362671673777362
"432",43.1,"Simu1","NIT",50,"cliver",0.359283123380413
"433",43.2,"Simu1","NIT",50,"cliver",0.354830709392382
"434",43.3,"Simu1","NIT",50,"cliver",0.34945303739636
"435",43.4,"Simu1","NIT",50,"cliver",0.343276383648185
"436",43.5,"Simu1","NIT",50,"cliver",0.336415619329044
"437",43.6,"Simu1","NIT",50,"cliver",0.328975132553386
"438",43.7,"Simu1","NIT",50,"cliver",0.32104968901455
"439",43.8,"Simu1","NIT",50,"cliver",0.312725198290467
"440",43.9,"Simu1","NIT",50,"cliver",0.3040793992494
"441",44,"Simu1","NIT",50,"cliver",0.295182508319054
"442",44.1,"Simu1","NIT",50,"cliver",0.28609784321559
"443",44.2,"Simu1","NIT",50,"cliver",0.27688239677403
"444",44.3,"Simu1","NIT",50,"cliver",0.267587350728945
"445",44.4,"Simu1","NIT",50,"cliver",0.258258547512966
"446",44.5,"Simu1","NIT",50,"cliver",0.248936934235806
"447",44.6,"Simu1","NIT",50,"cliver",0.239658975512804
"448",44.7,"Simu1","NIT",50,"cliver",0.230457029875216
"449",44.8,"Simu1","NIT",50,"cliver",0.221359693159229
"450",44.9,"Simu1","NIT",50,"cliver",0.212392115112266
"451",45,"Simu1","NIT",50,"cliver",0.203576291503316
"452",45.1,"Simu1","NIT",50,"cliver",0.194931331481858
"453",45.2,"Simu1","NIT",50,"cliver",0.186473701238672
"454",45.3,"Simu1","NIT",50,"cliver",0.178217446496206
"455",45.4,"Simu1","NIT",50,"cliver",0.170174395943671
"456",45.5,"Simu1","NIT",50,"cliver",0.162354346962642
"457",45.6,"Simu1","NIT",50,"cliver",0.154765234914455
"458",45.7,"Simu1","NIT",50,"cliver",0.147413286946517
"459",45.8,"Simu1","NIT",50,"cliver",0.140303164199404
"460",45.9,"Simu1","NIT",50,"cliver",0.133438091651518
"461",46,"Simu1","NIT",50,"cliver",0.126819977604471
"462",46.1,"Simu1","NIT",50,"cliver",0.120449524427048
"463",46.2,"Simu1","NIT",50,"cliver",0.114326332619577
"464",46.3,"Simu1","NIT",50,"cliver",0.108448998545278
"465",46.4,"Simu1","NIT",50,"cliver",0.10281520709855
"466",46.5,"Simu1","NIT",50,"cliver",0.0974218197121313
"467",46.6,"Simu1","NIT",50,"cliver",0.0922649600182891
"468",46.7,"Simu1","NIT",50,"cliver",0.0873400949383232
"469",46.8,"Simu1","NIT",50,"cliver",0.0826421158935139
"470",46.9,"Simu1","NIT",50,"cliver",0.0781654115341383
"471",47,"Simu1","NIT",50,"cliver",0.0739039500118688
"472",47.1,"Simu1","NIT",50,"cliver",0.0698513213062221
"473",47.2,"Simu1","NIT",50,"cliver",0.066000853221058
"474",47.3,"Simu1","NIT",50,"cliver",0.062345637817764
"475",47.4,"Simu1","NIT",50,"cliver",0.0588786658370067
"476",47.5,"Simu1","NIT",50,"cliver",0.0555927904649741
"477",47.6,"Simu1","NIT",50,"cliver",0.0524807161527375
"478",47.7,"Simu1","NIT",50,"cliver",0.0495351906962369
"479",47.8,"Simu1","NIT",50,"cliver",0.0467490756010249
"480",47.9,"Simu1","NIT",50,"cliver",0.0441152626049383
"481",48,"Simu1","NIT",50,"cliver",0.0425484890490636
"482",48.1,"Simu1","NIT",50,"cliver",0.24677313661464
"483",48.2,"Simu1","NIT",50,"cliver",0.320055233204874
"484",48.3,"Simu1","NIT",50,"cliver",0.340402879567482
"485",48.4,"Simu1","NIT",50,"cliver",0.350856777538906
"486",48.5,"Simu1","NIT",50,"cliver",0.357775534768108
"487",48.6,"Simu1","NIT",50,"cliver",0.36232033455918
"488",48.7,"Simu1","NIT",50,"cliver",0.364860936473526
"489",48.8,"Simu1","NIT",50,"cliver",0.365635087437175
"490",48.9,"Simu1","NIT",50,"cliver",0.364844566965418
"491",49,"Simu1","NIT",50,"cliver",0.362671800442911
"492",49.1,"Simu1","NIT",50,"cliver",0.359283250143859
"493",49.2,"Simu1","NIT",50,"cliver",0.354830835509469
"494",49.3,"Simu1","NIT",50,"cliver",0.349453165783727
"495",49.4,"Simu1","NIT",50,"cliver",0.343276513386835
"496",49.5,"Simu1","NIT",50,"cliver",0.336415748031271
"497",49.6,"Simu1","NIT",50,"cliver",0.328975259475657
"498",49.7,"Simu1","NIT",50,"cliver",0.321049814671878
"499",49.8,"Simu1","NIT",50,"cliver",0.312725322841204
"500",49.9,"Simu1","NIT",50,"cliver",0.304079522147403
"501",50,"Simu1","NIT",50,"cliver",0.295182628983013
"502",50.1,"Simu1","NIT",50,"cliver",0.286097961429777
"503",50.2,"Simu1","NIT",50,"cliver",0.276882512496591
"504",50.3,"Simu1","NIT",50,"cliver",0.267587463848786
"505",50.4,"Simu1","NIT",50,"cliver",0.258258657857456
"506",50.5,"Simu1","NIT",50,"cliver",0.248937041662045
"507",50.6,"Simu1","NIT",50,"cliver",0.239659079928301
"508",50.7,"Simu1","NIT",50,"cliver",0.230457131219934
"509",50.8,"Simu1","NIT",50,"cliver",0.221359791392632
"510",50.9,"Simu1","NIT",50,"cliver",0.212392210201234
"511",51,"Simu1","NIT",50,"cliver",0.203576383417144
"512",51.1,"Simu1","NIT",50,"cliver",0.194931420202956
"513",51.2,"Simu1","NIT",50,"cliver",0.186473786771358
"514",51.3,"Simu1","NIT",50,"cliver",0.178217528859249
"515",51.4,"Simu1","NIT",50,"cliver",0.170174475159204
"516",51.5,"Simu1","NIT",50,"cliver",0.162354423068038
"517",51.6,"Simu1","NIT",50,"cliver",0.154765307939363
"518",51.7,"Simu1","NIT",50,"cliver",0.147413356923808
"519",51.8,"Simu1","NIT",50,"cliver",0.140303231181398
"520",51.9,"Simu1","NIT",50,"cliver",0.133438155706138
"521",52,"Simu1","NIT",50,"cliver",0.126820038794537
"522",52.1,"Simu1","NIT",50,"cliver",0.120449582813353
"523",52.2,"Simu1","NIT",50,"cliver",0.114326388268506
"524",52.3,"Simu1","NIT",50,"cliver",0.108449051539349
"525",52.4,"Simu1","NIT",50,"cliver",0.102815257509323
"526",52.5,"Simu1","NIT",50,"cliver",0.0974218676296019
"527",52.6,"Simu1","NIT",50,"cliver",0.0922650054956983
"528",52.7,"Simu1","NIT",50,"cliver",0.0873401381179292
"529",52.8,"Simu1","NIT",50,"cliver",0.082642156733279
"530",52.9,"Simu1","NIT",50,"cliver",0.0781654504143564
"531",53,"Simu1","NIT",50,"cliver",0.0739039863015486
"532",53.1,"Simu1","NIT",50,"cliver",0.06985135526936
"533",53.2,"Simu1","NIT",50,"cliver",0.0660008846198361
"534",53.3,"Simu1","NIT",50,"cliver",0.0623456685276733
"535",53.4,"Simu1","NIT",50,"cliver",0.0588786979191956
"536",53.5,"Simu1","NIT",50,"cliver",0.0555928212339164
"537",53.6,"Simu1","NIT",50,"cliver",0.052480742760404
"538",53.7,"Simu1","NIT",50,"cliver",0.0495352149870303
"539",53.8,"Simu1","NIT",50,"cliver",0.0467490998367298
"540",53.9,"Simu1","NIT",50,"cliver",0.0441152851499157
"541",54,"Simu1","NIT",50,"cliver",0.0425485055108633
"542",54.1,"Simu1","NIT",50,"cliver",0.246773143091774
"543",54.2,"Simu1","NIT",50,"cliver",0.320055814093221
"544",54.3,"Simu1","NIT",50,"cliver",0.340402805793076
"545",54.4,"Simu1","NIT",50,"cliver",0.350857410423789
"546",54.5,"Simu1","NIT",50,"cliver",0.357776316658037
"547",54.6,"Simu1","NIT",50,"cliver",0.362320506927066
"548",54.7,"Simu1","NIT",50,"cliver",0.364861091350086
"549",54.8,"Simu1","NIT",50,"cliver",0.365635261011028
"550",54.9,"Simu1","NIT",50,"cliver",0.364844681749242
"551",55,"Simu1","NIT",50,"cliver",0.362671943912888
"552",55.1,"Simu1","NIT",50,"cliver",0.359283435139831
"553",55.2,"Simu1","NIT",50,"cliver",0.35483106870172
"554",55.3,"Simu1","NIT",50,"cliver",0.34945342712938
"555",55.4,"Simu1","NIT",50,"cliver",0.34327673863003
"556",55.5,"Simu1","NIT",50,"cliver",0.33641593131324
"557",55.6,"Simu1","NIT",50,"cliver",0.328975438431052
"558",55.7,"Simu1","NIT",50,"cliver",0.321050008704759
"559",55.8,"Simu1","NIT",50,"cliver",0.312725516953692
"560",55.9,"Simu1","NIT",50,"cliver",0.304079696359129
"561",56,"Simu1","NIT",50,"cliver",0.295182783111389
"562",56.1,"Simu1","NIT",50,"cliver",0.286098110042169
"563",56.2,"Simu1","NIT",50,"cliver",0.276882661216318
"564",56.3,"Simu1","NIT",50,"cliver",0.26758760563726
"565",56.4,"Simu1","NIT",50,"cliver",0.258258788033477
"566",56.5,"Simu1","NIT",50,"cliver",0.248937163488748
"567",56.6,"Simu1","NIT",50,"cliver",0.239659197126138
"568",56.7,"Simu1","NIT",50,"cliver",0.23045724339939
"569",56.8,"Simu1","NIT",50,"cliver",0.221359896977806
"570",56.9,"Simu1","NIT",50,"cliver",0.212392309332266
"571",57,"Simu1","NIT",50,"cliver",0.203576477204003
"572",57.1,"Simu1","NIT",50,"cliver",0.194931509176805
"573",57.2,"Simu1","NIT",50,"cliver",0.186473870866646
"574",57.3,"Simu1","NIT",50,"cliver",0.178217608104082
"575",57.4,"Simu1","NIT",50,"cliver",0.170174549856869
"576",57.5,"Simu1","NIT",50,"cliver",0.162354493446314
"577",57.6,"Simu1","NIT",50,"cliver",0.154765373957893
"578",57.7,"Simu1","NIT",50,"cliver",0.147413418908129
"579",57.8,"Simu1","NIT",50,"cliver",0.140303289749942
"580",57.9,"Simu1","NIT",50,"cliver",0.133438211031574
"581",58,"Simu1","NIT",50,"cliver",0.126820090744146
"582",58.1,"Simu1","NIT",50,"cliver",0.120449631462548
"583",58.2,"Simu1","NIT",50,"cliver",0.114326433964548
"584",58.3,"Simu1","NIT",50,"cliver",0.108449094513752
"585",58.4,"Simu1","NIT",50,"cliver",0.102815297765616
"586",58.5,"Simu1","NIT",50,"cliver",0.0974219052859826
"587",58.6,"Simu1","NIT",50,"cliver",0.0922650407164649
"588",58.7,"Simu1","NIT",50,"cliver",0.0873401711874934
"589",58.8,"Simu1","NIT",50,"cliver",0.0826421875125816
"590",58.9,"Simu1","NIT",50,"cliver",0.0781654794894748
"591",59,"Simu1","NIT",50,"cliver",0.0739040127387854
"592",59.1,"Simu1","NIT",50,"cliver",0.0698513939625272
"593",59.2,"Simu1","NIT",50,"cliver",0.066000961838046
"594",59.3,"Simu1","NIT",50,"cliver",0.0623458115124483
"595",59.4,"Simu1","NIT",50,"cliver",0.0588788847389459
"596",59.5,"Simu1","NIT",50,"cliver",0.0555929602830446
"597",59.6,"Simu1","NIT",50,"cliver",0.0524807934429183
"598",59.7,"Simu1","NIT",50,"cliver",0.0495352759360364
"599",59.8,"Simu1","NIT",50,"cliver",0.0467492076584259
"600",59.9,"Simu1","NIT",50,"cliver",0.0441153663848761
"601",60,"Simu1","NIT",50,"cliver",0.0425485964904219
"602",60.1,"Simu1","NIT",50,"cliver",0.246772702400836
"603",60.2,"Simu1","NIT",50,"cliver",0.320054521285523
"604",60.3,"Simu1","NIT",50,"cliver",0.340402163958122
"605",60.4,"Simu1","NIT",50,"cliver",0.350855265693314
"606",60.5,"Simu1","NIT",50,"cliver",0.357774764971362
"607",60.6,"Simu1","NIT",50,"cliver",0.362318905129275
"608",60.7,"Simu1","NIT",50,"cliver",0.364859533210043
"609",60.8,"Simu1","NIT",50,"cliver",0.365633656661304
"610",60.9,"Simu1","NIT",50,"cliver",0.364843126328463
"611",61,"Simu1","NIT",50,"cliver",0.362670325644887
"612",61.1,"Simu1","NIT",50,"cliver",0.359281804073843
"613",61.2,"Simu1","NIT",50,"cliver",0.354829464166381
"614",61.3,"Simu1","NIT",50,"cliver",0.349451866491392
"615",61.4,"Simu1","NIT",50,"cliver",0.343275252150793
"616",61.5,"Simu1","NIT",50,"cliver",0.336414472591932
"617",61.6,"Simu1","NIT",50,"cliver",0.328973957863104
"618",61.7,"Simu1","NIT",50,"cliver",0.321048527279323
"619",61.8,"Simu1","NIT",50,"cliver",0.312724072262069
"620",61.9,"Simu1","NIT",50,"cliver",0.304078296554887
"621",62,"Simu1","NIT",50,"cliver",0.295181415366372
"622",62.1,"Simu1","NIT",50,"cliver",0.286096761935519
"623",62.2,"Simu1","NIT",50,"cliver",0.276881336204566
"624",62.3,"Simu1","NIT",50,"cliver",0.267586318614194
"625",62.4,"Simu1","NIT",50,"cliver",0.258257542821525
"626",62.5,"Simu1","NIT",50,"cliver",0.248935952445037
"627",62.6,"Simu1","NIT",50,"cliver",0.239658017751858
"628",62.7,"Simu1","NIT",50,"cliver",0.230456100438325
"629",62.8,"Simu1","NIT",50,"cliver",0.221358793130231
"630",62.9,"Simu1","NIT",50,"cliver",0.212391243181042
"631",63,"Simu1","NIT",50,"cliver",0.203575447431819
"632",63.1,"Simu1","NIT",50,"cliver",0.194930516083208
"633",63.2,"Simu1","NIT",50,"cliver",0.186472914881595
"634",63.3,"Simu1","NIT",50,"cliver",0.178216688966547
"635",63.4,"Simu1","NIT",50,"cliver",0.170173666963212
"636",63.5,"Simu1","NIT",50,"cliver",0.162353646235658
"637",63.6,"Simu1","NIT",50,"cliver",0.154764561910727
"638",63.7,"Simu1","NIT",50,"cliver",0.147412641416752
"639",63.8,"Simu1","NIT",50,"cliver",0.140302545980696
"640",63.9,"Simu1","NIT",50,"cliver",0.133437500581366
"641",64,"Simu1","NIT",50,"cliver",0.126819412989241
"642",64.1,"Simu1","NIT",50,"cliver",0.120448985294432
"643",64.2,"Simu1","NIT",50,"cliver",0.114325818382147
"644",64.3,"Simu1","NIT",50,"cliver",0.108448508837552
"645",64.4,"Simu1","NIT",50,"cliver",0.102814741148857
"646",64.5,"Simu1","NIT",50,"cliver",0.0974213767037629
"647",64.6,"Simu1","NIT",50,"cliver",0.0922645390961396
"648",64.7,"Simu1","NIT",50,"cliver",0.0873396957298279
"649",64.8,"Simu1","NIT",50,"cliver",0.0826417371282901
"650",64.9,"Simu1","NIT",50,"cliver",0.0781650534378504
"651",65,"Simu1","NIT",50,"cliver",0.0739036094898697
"652",65.1,"Simu1","NIT",50,"cliver",0.0698510135358701
"653",65.2,"Simu1","NIT",50,"cliver",0.0660005907124886
"654",65.3,"Simu1","NIT",50,"cliver",0.06234544812504
"655",65.4,"Simu1","NIT",50,"cliver",0.0588785240469044
"656",65.5,"Simu1","NIT",50,"cliver",0.0555926068986139
"657",65.6,"Simu1","NIT",50,"cliver",0.0524804340307697
"658",65.7,"Simu1","NIT",50,"cliver",0.0495348986474912
"659",65.8,"Simu1","NIT",50,"cliver",0.0467488725717536
"660",65.9,"Simu1","NIT",50,"cliver",0.0441151092578855
"661",66,"Simu1","NIT",50,"cliver",0.0425482753735078
"662",66.1,"Simu1","NIT",50,"cliver",0.246772507150542
"663",66.2,"Simu1","NIT",50,"cliver",0.320055631173186
"664",66.3,"Simu1","NIT",50,"cliver",0.340403875937931
"665",66.4,"Simu1","NIT",50,"cliver",0.350857724842734
"666",66.5,"Simu1","NIT",50,"cliver",0.357776629570613
"667",66.6,"Simu1","NIT",50,"cliver",0.362320804367467
"668",66.7,"Simu1","NIT",50,"cliver",0.364861477930672
"669",66.8,"Simu1","NIT",50,"cliver",0.365635627773453
"670",66.9,"Simu1","NIT",50,"cliver",0.36484512420216
"671",67,"Simu1","NIT",50,"cliver",0.362672338889726
"672",67.1,"Simu1","NIT",50,"cliver",0.359283827303828
"673",67.2,"Simu1","NIT",50,"cliver",0.35483149080329
"674",67.3,"Simu1","NIT",50,"cliver",0.349453885368881
"675",67.4,"Simu1","NIT",50,"cliver",0.343277256363676
"676",67.5,"Simu1","NIT",50,"cliver",0.33641645554446
"677",67.6,"Simu1","NIT",50,"cliver",0.32897591814851
"678",67.7,"Simu1","NIT",50,"cliver",0.321050461547045
"679",67.8,"Simu1","NIT",50,"cliver",0.312725974591925
"680",67.9,"Simu1","NIT",50,"cliver",0.304080163221895
"681",68,"Simu1","NIT",50,"cliver",0.29518324332034
"682",68.1,"Simu1","NIT",50,"cliver",0.286098548460362
"683",68.2,"Simu1","NIT",50,"cliver",0.276883080006119
"684",68.3,"Simu1","NIT",50,"cliver",0.267588017699543
"685",68.4,"Simu1","NIT",50,"cliver",0.258259195233478
"686",68.5,"Simu1","NIT",50,"cliver",0.248937557316233
"687",68.6,"Simu1","NIT",50,"cliver",0.239659574478221
"688",68.7,"Simu1","NIT",50,"cliver",0.23045760825278
"689",68.8,"Simu1","NIT",50,"cliver",0.221360251571822
"690",68.9,"Simu1","NIT",50,"cliver",0.212392652144939
"691",69,"Simu1","NIT",50,"cliver",0.203576806920703
"692",69.1,"Simu1","NIT",50,"cliver",0.194931826214245
"693",69.2,"Simu1","NIT",50,"cliver",0.18647417596803
"694",69.3,"Simu1","NIT",50,"cliver",0.178217901452581
"695",69.4,"Simu1","NIT",50,"cliver",0.170174831388261
"696",69.5,"Simu1","NIT",50,"cliver",0.162354763239636
"697",69.6,"Simu1","NIT",50,"cliver",0.154765632258188
"698",69.7,"Simu1","NIT",50,"cliver",0.147413665933779
"699",69.8,"Simu1","NIT",50,"cliver",0.140303525599645
"700",69.9,"Simu1","NIT",50,"cliver",0.133438436253008
"701",70,"Simu1","NIT",50,"cliver",0.126820305733632
"702",70.1,"Simu1","NIT",50,"cliver",0.120449836263002
"703",70.2,"Simu1","NIT",50,"cliver",0.114326628729137
"704",70.3,"Simu1","NIT",50,"cliver",0.10844927970117
"705",70.4,"Simu1","NIT",50,"cliver",0.102815473754757
"706",70.5,"Simu1","NIT",50,"cliver",0.0974220723233863
"707",70.6,"Simu1","NIT",50,"cliver",0.0922651990170215
"708",70.7,"Simu1","NIT",50,"cliver",0.0873403212000783
"709",70.8,"Simu1","NIT",50,"cliver",0.0826423294886992
"710",70.9,"Simu1","NIT",50,"cliver",0.0781656139297584
"711",71,"Simu1","NIT",50,"cliver",0.0739041395687006
"712",71.1,"Simu1","NIT",50,"cliver",0.0698515141862611
"713",71.2,"Simu1","NIT",50,"cliver",0.0660010638856217
"714",71.3,"Simu1","NIT",50,"cliver",0.0623458787323935
"715",71.4,"Simu1","NIT",50,"cliver",0.058878887151293
"716",71.5,"Simu1","NIT",50,"cliver",0.0555929140544374
"717",71.6,"Simu1","NIT",50,"cliver",0.0524807580416241
"718",71.7,"Simu1","NIT",50,"cliver",0.0495352541129677
"719",71.8,"Simu1","NIT",50,"cliver",0.046749195442408
"720",71.9,"Simu1","NIT",50,"cliver",0.0441153817066532
"721",72,"Simu1","NIT",50,"cliver",0.0425485687696319
"722",72.1,"Simu1","NIT",50,"cliver",0.246773136067616
"723",72.2,"Simu1","NIT",50,"cliver",0.320056002679956
"724",72.3,"Simu1","NIT",50,"cliver",0.340402899018151
"725",72.4,"Simu1","NIT",50,"cliver",0.350857024231683
"726",72.5,"Simu1","NIT",50,"cliver",0.35777589656665
"727",72.6,"Simu1","NIT",50,"cliver",0.36232004505901
"728",72.7,"Simu1","NIT",50,"cliver",0.364860721253777
"729",72.8,"Simu1","NIT",50,"cliver",0.365634799135405
"730",72.9,"Simu1","NIT",50,"cliver",0.364844295117118
"731",73,"Simu1","NIT",50,"cliver",0.362671537460373
"732",73.1,"Simu1","NIT",50,"cliver",0.359282983357525
"733",73.2,"Simu1","NIT",50,"cliver",0.354830591176385
"734",73.3,"Simu1","NIT",50,"cliver",0.349452914412953
"735",73.4,"Simu1","NIT",50,"cliver",0.343276234547708
"736",73.5,"Simu1","NIT",50,"cliver",0.336415459348626
"737",73.6,"Simu1","NIT",50,"cliver",0.328974977747713
"738",73.7,"Simu1","NIT",50,"cliver",0.321049546519052
"739",73.8,"Simu1","NIT",50,"cliver",0.31272505913946
"740",73.9,"Simu1","NIT",50,"cliver",0.30407925855122
"741",74,"Simu1","NIT",50,"cliver",0.295182371970933
"742",74.1,"Simu1","NIT",50,"cliver",0.286097711163404
"743",74.2,"Simu1","NIT",50,"cliver",0.276882266129618
"744",74.3,"Simu1","NIT",50,"cliver",0.267587218394267
"745",74.4,"Simu1","NIT",50,"cliver",0.25825841361705
"746",74.5,"Simu1","NIT",50,"cliver",0.248936803538377
"747",74.6,"Simu1","NIT",50,"cliver",0.239658846203241
"748",74.7,"Simu1","NIT",50,"cliver",0.230456905102056
"749",74.8,"Simu1","NIT",50,"cliver",0.22135956661474
"750",74.9,"Simu1","NIT",50,"cliver",0.212391995610333
"751",75,"Simu1","NIT",50,"cliver",0.203576168537041
"752",75.1,"Simu1","NIT",50,"cliver",0.194931213512841
"753",75.2,"Simu1","NIT",50,"cliver",0.186473595854427
"754",75.3,"Simu1","NIT",50,"cliver",0.178217340505718
"755",75.4,"Simu1","NIT",50,"cliver",0.170174281843316
"756",75.5,"Simu1","NIT",50,"cliver",0.162354245427435
"757",75.6,"Simu1","NIT",50,"cliver",0.154765157393173
"758",75.7,"Simu1","NIT",50,"cliver",0.147413225573404
"759",75.8,"Simu1","NIT",50,"cliver",0.140303119357792
"760",75.9,"Simu1","NIT",50,"cliver",0.133438067870524
"761",76,"Simu1","NIT",50,"cliver",0.126819977068985
"762",76.1,"Simu1","NIT",50,"cliver",0.120449544253272
"763",76.2,"Simu1","NIT",50,"cliver",0.114326366911046
"764",76.3,"Simu1","NIT",50,"cliver",0.108449044027363
"765",76.4,"Simu1","NIT",50,"cliver",0.10281525099708
"766",76.5,"Simu1","NIT",50,"cliver",0.0974218415220511
"767",76.6,"Simu1","NIT",50,"cliver",0.0922649808966123
"768",76.7,"Simu1","NIT",50,"cliver",0.0873401584988142
"769",76.8,"Simu1","NIT",50,"cliver",0.0826421562391502
"770",76.9,"Simu1","NIT",50,"cliver",0.0781653937118707
"771",77,"Simu1","NIT",50,"cliver",0.0739039616813625
"772",77.1,"Simu1","NIT",50,"cliver",0.0698514000806723
"773",77.2,"Simu1","NIT",50,"cliver",0.0660009441102545
"774",77.3,"Simu1","NIT",50,"cliver",0.0623457552723751
"775",77.4,"Simu1","NIT",50,"cliver",0.0588788605575167
"776",77.5,"Simu1","NIT",50,"cliver",0.0555929992926271
"777",77.6,"Simu1","NIT",50,"cliver",0.0524808214177318
"778",77.7,"Simu1","NIT",50,"cliver",0.04953520680027
"779",77.8,"Simu1","NIT",50,"cliver",0.0467491305260899
"780",77.9,"Simu1","NIT",50,"cliver",0.0441153417926217
"781",78,"Simu1","NIT",50,"cliver",0.0425485632508553
"782",78.1,"Simu1","NIT",50,"cliver",0.24677319131026
"783",78.2,"Simu1","NIT",50,"cliver",0.320056727243143
"784",78.3,"Simu1","NIT",50,"cliver",0.340403661762604
"785",78.4,"Simu1","NIT",50,"cliver",0.350857400703814
"786",78.5,"Simu1","NIT",50,"cliver",0.357776472646978
"787",78.6,"Simu1","NIT",50,"cliver",0.362320656384362
"788",78.7,"Simu1","NIT",50,"cliver",0.364861560472297
"789",78.8,"Simu1","NIT",50,"cliver",0.365635675895882
"790",78.9,"Simu1","NIT",50,"cliver",0.364845181220798
"791",79,"Simu1","NIT",50,"cliver",0.362672392642016
"792",79.1,"Simu1","NIT",50,"cliver",0.359283881985646
"793",79.2,"Simu1","NIT",50,"cliver",0.354831530609396
"794",79.3,"Simu1","NIT",50,"cliver",0.349453909877865
"795",79.4,"Simu1","NIT",50,"cliver",0.343277242292469
"796",79.5,"Simu1","NIT",50,"cliver",0.336416418322063
"797",79.6,"Simu1","NIT",50,"cliver",0.328975892236142
"798",79.7,"Simu1","NIT",50,"cliver",0.321050449517435
"799",79.8,"Simu1","NIT",50,"cliver",0.312725957033011
"800",79.9,"Simu1","NIT",50,"cliver",0.304080132920081
"801",80,"Simu1","NIT",50,"cliver",0.295183207119585
"802",80.1,"Simu1","NIT",50,"cliver",0.286098513046614
"803",80.2,"Simu1","NIT",50,"cliver",0.276883048773293
"804",80.3,"Simu1","NIT",50,"cliver",0.267587985646173
"805",80.4,"Simu1","NIT",50,"cliver",0.258259158036822
"806",80.5,"Simu1","NIT",50,"cliver",0.248937518333547
"807",80.6,"Simu1","NIT",50,"cliver",0.239659537370839
"808",80.7,"Simu1","NIT",50,"cliver",0.230457571874408
"809",80.8,"Simu1","NIT",50,"cliver",0.221360214164837
"810",80.9,"Simu1","NIT",50,"cliver",0.212392614251614
"811",81,"Simu1","NIT",50,"cliver",0.203576769556817
"812",81.1,"Simu1","NIT",50,"cliver",0.194931789507159
"813",81.2,"Simu1","NIT",50,"cliver",0.186474139741619
"814",81.3,"Simu1","NIT",50,"cliver",0.178217865737067
"815",81.4,"Simu1","NIT",50,"cliver",0.1701747963082
"816",81.5,"Simu1","NIT",50,"cliver",0.162354728917667
"817",81.6,"Simu1","NIT",50,"cliver",0.154765598779669
"818",81.7,"Simu1","NIT",50,"cliver",0.147413633371168
"819",81.8,"Simu1","NIT",50,"cliver",0.140303493990248
"820",81.9,"Simu1","NIT",50,"cliver",0.133438405555658
"821",82,"Simu1","NIT",50,"cliver",0.126820275906236
"822",82.1,"Simu1","NIT",50,"cliver",0.120449807494062
"823",82.2,"Simu1","NIT",50,"cliver",0.114326601047801
"824",82.3,"Simu1","NIT",50,"cliver",0.108449253018165
"825",82.4,"Simu1","NIT",50,"cliver",0.102815448040509
"826",82.5,"Simu1","NIT",50,"cliver",0.0974220476684298
"827",82.6,"Simu1","NIT",50,"cliver",0.092265175373189
"828",82.7,"Simu1","NIT",50,"cliver",0.0873402986004611
"829",82.8,"Simu1","NIT",50,"cliver",0.0826423077344277
"830",82.9,"Simu1","NIT",50,"cliver",0.0781655933711302
"831",83,"Simu1","NIT",50,"cliver",0.0739041194552957
"832",83.1,"Simu1","NIT",50,"cliver",0.0698514961201868
"833",83.2,"Simu1","NIT",50,"cliver",0.0660010440244976
"834",83.3,"Simu1","NIT",50,"cliver",0.0623458745754436
"835",83.4,"Simu1","NIT",50,"cliver",0.0588789222921233
"836",83.5,"Simu1","NIT",50,"cliver",0.0555930008118035
"837",83.6,"Simu1","NIT",50,"cliver",0.0524808223220531
"838",83.7,"Simu1","NIT",50,"cliver",0.049535281094079
"839",83.8,"Simu1","NIT",50,"cliver",0.0467492149608686
"840",83.9,"Simu1","NIT",50,"cliver",0.0441153792449194
"841",84,"Simu1","NIT",50,"cliver",0.0425485957733343
"842",84.1,"Simu1","NIT",50,"cliver",0.246773144271007
"843",84.2,"Simu1","NIT",50,"cliver",0.320056000789812
"844",84.3,"Simu1","NIT",50,"cliver",0.340403592310844
"845",84.4,"Simu1","NIT",50,"cliver",0.350855982003479
"846",84.5,"Simu1","NIT",50,"cliver",0.357775640146391
"847",84.6,"Simu1","NIT",50,"cliver",0.36231994387707
"848",84.7,"Simu1","NIT",50,"cliver",0.364860513595523
"849",84.8,"Simu1","NIT",50,"cliver",0.365634651691151
"850",84.9,"Simu1","NIT",50,"cliver",0.364843952497647
"851",85,"Simu1","NIT",50,"cliver",0.362671009775156
"852",85.1,"Simu1","NIT",50,"cliver",0.359282609745939
"853",85.2,"Simu1","NIT",50,"cliver",0.354830324242539
"854",85.3,"Simu1","NIT",50,"cliver",0.34945269248497
"855",85.4,"Simu1","NIT",50,"cliver",0.343276085315803
"856",85.5,"Simu1","NIT",50,"cliver",0.336415378790974
"857",85.6,"Simu1","NIT",50,"cliver",0.328974961030474
"858",85.7,"Simu1","NIT",50,"cliver",0.321049616679677
"859",85.8,"Simu1","NIT",50,"cliver",0.312725224966314
"860",85.9,"Simu1","NIT",50,"cliver",0.304079506502098
"861",86,"Simu1","NIT",50,"cliver",0.295182618617922
"862",86.1,"Simu1","NIT",50,"cliver",0.28609796262038
"863",86.2,"Simu1","NIT",50,"cliver",0.276882490660987
"864",86.3,"Simu1","NIT",50,"cliver",0.26758732797125
"865",86.4,"Simu1","NIT",50,"cliver",0.258258385552512
"866",86.5,"Simu1","NIT",50,"cliver",0.248936770366647
"867",86.6,"Simu1","NIT",50,"cliver",0.239658941501082
"868",86.7,"Simu1","NIT",50,"cliver",0.230457052880177
"869",86.8,"Simu1","NIT",50,"cliver",0.22135971903346
"870",86.9,"Simu1","NIT",50,"cliver",0.212392153047408
"871",87,"Simu1","NIT",50,"cliver",0.203576359079348
"872",87.1,"Simu1","NIT",50,"cliver",0.194931428004738
"873",87.2,"Simu1","NIT",50,"cliver",0.186473817419294
"874",87.3,"Simu1","NIT",50,"cliver",0.178217568517286
"875",87.4,"Simu1","NIT",50,"cliver",0.170174494490936
"876",87.5,"Simu1","NIT",50,"cliver",0.162354408987303
"877",87.6,"Simu1","NIT",50,"cliver",0.154765273019707
"878",87.7,"Simu1","NIT",50,"cliver",0.147413319348287
"879",87.8,"Simu1","NIT",50,"cliver",0.140303195747907
"880",87.9,"Simu1","NIT",50,"cliver",0.133438118151038
"881",88,"Simu1","NIT",50,"cliver",0.126819993162413
"882",88.1,"Simu1","NIT",50,"cliver",0.120449534670272
"883",88.2,"Simu1","NIT",50,"cliver",0.114326333300146
"884",88.3,"Simu1","NIT",50,"cliver",0.108448976361493
"885",88.4,"Simu1","NIT",50,"cliver",0.102815178206409
"886",88.5,"Simu1","NIT",50,"cliver",0.0974218098989968
"887",88.6,"Simu1","NIT",50,"cliver",0.0922649552589716
"888",88.7,"Simu1","NIT",50,"cliver",0.0873400759830394
"889",88.8,"Simu1","NIT",50,"cliver",0.0826420871481196
"890",88.9,"Simu1","NIT",50,"cliver",0.0781653968557504
"891",89,"Simu1","NIT",50,"cliver",0.0739039289603285
"892",89.1,"Simu1","NIT",50,"cliver",0.0698512685145625
"893",89.2,"Simu1","NIT",50,"cliver",0.0660008243947464
"894",89.3,"Simu1","NIT",50,"cliver",0.0623457009271453
"895",89.4,"Simu1","NIT",50,"cliver",0.0588787580791781
"896",89.5,"Simu1","NIT",50,"cliver",0.0555928034627813
"897",89.6,"Simu1","NIT",50,"cliver",0.0524807181393191
"898",89.7,"Simu1","NIT",50,"cliver",0.0495352740862919
"899",89.8,"Simu1","NIT",50,"cliver",0.0467491788365647
"900",89.9,"Simu1","NIT",50,"cliver",0.0441153107343664
"901",90,"Simu1","NIT",50,"cliver",0.0425485388756518
"902",90.1,"Simu1","NIT",50,"cliver",0.246773309361063
"903",90.2,"Simu1","NIT",50,"cliver",0.320056033121602
"904",90.3,"Simu1","NIT",50,"cliver",0.340403730628649
"905",90.4,"Simu1","NIT",50,"cliver",0.350857477883652
"906",90.5,"Simu1","NIT",50,"cliver",0.357776895103102
"907",90.6,"Simu1","NIT",50,"cliver",0.362321057738807
"908",90.7,"Simu1","NIT",50,"cliver",0.36486173024416
"909",90.8,"Simu1","NIT",50,"cliver",0.365635860095354
"910",90.9,"Simu1","NIT",50,"cliver",0.364845368887554
"911",91,"Simu1","NIT",50,"cliver",0.362672621239655
"912",91.1,"Simu1","NIT",50,"cliver",0.359284072403053
"913",91.2,"Simu1","NIT",50,"cliver",0.35483168331338
"914",91.3,"Simu1","NIT",50,"cliver",0.349454001172168
"915",91.4,"Simu1","NIT",50,"cliver",0.343277309599049
"916",91.5,"Simu1","NIT",50,"cliver",0.336416520144202
"917",91.6,"Simu1","NIT",50,"cliver",0.328976025099649
"918",91.7,"Simu1","NIT",50,"cliver",0.321050573229428
"919",91.8,"Simu1","NIT",50,"cliver",0.312726063012898
"920",91.9,"Simu1","NIT",50,"cliver",0.304080235162361
"921",92,"Simu1","NIT",50,"cliver",0.295183321869438
"922",92.1,"Simu1","NIT",50,"cliver",0.286098640204821
"923",92.2,"Simu1","NIT",50,"cliver",0.276883172695373
"924",92.3,"Simu1","NIT",50,"cliver",0.267588100754227
"925",92.4,"Simu1","NIT",50,"cliver",0.258259272263615
"926",92.5,"Simu1","NIT",50,"cliver",0.248937636005757
"927",92.6,"Simu1","NIT",50,"cliver",0.23965965461566
"928",92.7,"Simu1","NIT",50,"cliver",0.230457685190435
"929",92.8,"Simu1","NIT",50,"cliver",0.22136032434413
"930",92.9,"Simu1","NIT",50,"cliver",0.212392722777965
"931",93,"Simu1","NIT",50,"cliver",0.203576876267252
"932",93.1,"Simu1","NIT",50,"cliver",0.19493189353151
"933",93.2,"Simu1","NIT",50,"cliver",0.186474240707351
"934",93.3,"Simu1","NIT",50,"cliver",0.178217963717803
"935",93.4,"Simu1","NIT",50,"cliver",0.170174891452112
"936",93.5,"Simu1","NIT",50,"cliver",0.162354821094203
"937",93.6,"Simu1","NIT",50,"cliver",0.15476568743828
"938",93.7,"Simu1","NIT",50,"cliver",0.147413718930452
"939",93.8,"Simu1","NIT",50,"cliver",0.140303577174401
"940",93.9,"Simu1","NIT",50,"cliver",0.133438485754535
"941",94,"Simu1","NIT",50,"cliver",0.126820352410285
"942",94.1,"Simu1","NIT",50,"cliver",0.120449880766209
"943",94.2,"Simu1","NIT",50,"cliver",0.114326671721003
"944",94.3,"Simu1","NIT",50,"cliver",0.108449320783234
"945",94.4,"Simu1","NIT",50,"cliver",0.102815512648641
"946",94.5,"Simu1","NIT",50,"cliver",0.0974221091473298
"947",94.6,"Simu1","NIT",50,"cliver",0.0922652345215893
"948",94.7,"Simu1","NIT",50,"cliver",0.0873403542991924
"949",94.8,"Simu1","NIT",50,"cliver",0.0826423624650073
"950",94.9,"Simu1","NIT",50,"cliver",0.0781656596931212
"951",95,"Simu1","NIT",50,"cliver",0.0739042103218217
"952",95.1,"Simu1","NIT",50,"cliver",0.0698515702449889
"953",95.2,"Simu1","NIT",50,"cliver",0.0660010681513299
"954",95.3,"Simu1","NIT",50,"cliver",0.0623458981497183
"955",95.4,"Simu1","NIT",50,"cliver",0.0588789693643766
"956",95.5,"Simu1","NIT",50,"cliver",0.0555930519875899
"957",95.6,"Simu1","NIT",50,"cliver",0.0524809238563519
"958",95.7,"Simu1","NIT",50,"cliver",0.0495353983673972
"959",95.8,"Simu1","NIT",50,"cliver",0.0467492946179312
"960",95.9,"Simu1","NIT",50,"cliver",0.0441154708570304
"961",96,"Simu1","NIT",50,"cliver",0.0425486910730213
"962",96.1,"Simu1","NIT",50,"cliver",0.246773283568463
"963",96.2,"Simu1","NIT",50,"cliver",0.320056193588257
"964",96.3,"Simu1","NIT",50,"cliver",0.340402918765124
"965",96.4,"Simu1","NIT",50,"cliver",0.350857097960407
"966",96.5,"Simu1","NIT",50,"cliver",0.357776026721667
"967",96.6,"Simu1","NIT",50,"cliver",0.362320186895499
"968",96.7,"Simu1","NIT",50,"cliver",0.364860857204176
"969",96.8,"Simu1","NIT",50,"cliver",0.365634932055943
"970",96.9,"Simu1","NIT",50,"cliver",0.36484442206576
"971",97,"Simu1","NIT",50,"cliver",0.362671669970384
"972",97.1,"Simu1","NIT",50,"cliver",0.359283112539917
"973",97.2,"Simu1","NIT",50,"cliver",0.354830720282297
"974",97.3,"Simu1","NIT",50,"cliver",0.349453041543453
"975",97.4,"Simu1","NIT",50,"cliver",0.34327635541713
"976",97.5,"Simu1","NIT",50,"cliver",0.336415575188933
"977",97.6,"Simu1","NIT",50,"cliver",0.328975091867522
"978",97.7,"Simu1","NIT",50,"cliver",0.32104965437706
"979",97.8,"Simu1","NIT",50,"cliver",0.312725159924033
"980",97.9,"Simu1","NIT",50,"cliver",0.304079350717834
"981",98,"Simu1","NIT",50,"cliver",0.295182457305542
"982",98.1,"Simu1","NIT",50,"cliver",0.286097794925148
"983",98.2,"Simu1","NIT",50,"cliver",0.276882347874826
"984",98.3,"Simu1","NIT",50,"cliver",0.267587297319945
"985",98.4,"Simu1","NIT",50,"cliver",0.258258490421487
"986",98.5,"Simu1","NIT",50,"cliver",0.248936876579336
"987",98.6,"Simu1","NIT",50,"cliver",0.239658918124327
"988",98.7,"Simu1","NIT",50,"cliver",0.230456971914895
"989",98.8,"Simu1","NIT",50,"cliver",0.221359634269001
"990",98.9,"Simu1","NIT",50,"cliver",0.212392056037289
"991",99,"Simu1","NIT",50,"cliver",0.203576232994192
"992",99.1,"Simu1","NIT",50,"cliver",0.194931273585218
"993",99.2,"Simu1","NIT",50,"cliver",0.186473644068753
"994",99.3,"Simu1","NIT",50,"cliver",0.178217389795284
"995",99.4,"Simu1","NIT",50,"cliver",0.170174340772219
"996",99.5,"Simu1","NIT",50,"cliver",0.162354291745433
"997",99.6,"Simu1","NIT",50,"cliver",0.154765176650299
"998",99.7,"Simu1","NIT",50,"cliver",0.147413229485391
"999",99.8,"Simu1","NIT",50,"cliver",0.140303113053405
"1000",99.9,"Simu1","NIT",50,"cliver",0.133438043487862
"1001",100,"Simu1","NIT",50,"cliver",0.126819928207439
"1002",100.1,"Simu1","NIT",50,"cliver",0.120449475284063
"1003",100.2,"Simu1","NIT",50,"cliver",0.114326287965066
"1004",100.3,"Simu1","NIT",50,"cliver",0.108448955488999
"1005",100.4,"Simu1","NIT",50,"cliver",0.102815166108679
"1006",100.5,"Simu1","NIT",50,"cliver",0.0974217762157855
"1007",100.6,"Simu1","NIT",50,"cliver",0.0922649077826076
"1008",100.7,"Simu1","NIT",50,"cliver",0.0873400239116183
"1009",100.8,"Simu1","NIT",50,"cliver",0.0826420666336518
"1010",100.9,"Simu1","NIT",50,"cliver",0.0781654226621153
"1011",101,"Simu1","NIT",50,"cliver",0.0739039501353536
"1012",101.1,"Simu1","NIT",50,"cliver",0.0698512884942683
"1013",101.2,"Simu1","NIT",50,"cliver",0.0660008655021896
"1014",101.3,"Simu1","NIT",50,"cliver",0.0623458180977976
"1015",101.4,"Simu1","NIT",50,"cliver",0.0588787626531969
"1016",101.5,"Simu1","NIT",50,"cliver",0.055592816698497
"1017",101.6,"Simu1","NIT",50,"cliver",0.0524807083628913
"1018",101.7,"Simu1","NIT",50,"cliver",0.0495352219923901
"1019",101.8,"Simu1","NIT",50,"cliver",0.0467491196679796
"1020",101.9,"Simu1","NIT",50,"cliver",0.0441152933448135
"1021",102,"Simu1","NIT",50,"cliver",0.0425485261136742
"1022",102.1,"Simu1","NIT",50,"cliver",0.246773113442589
"1023",102.2,"Simu1","NIT",50,"cliver",0.320055995300152
"1024",102.3,"Simu1","NIT",50,"cliver",0.340402869589969
"1025",102.4,"Simu1","NIT",50,"cliver",0.350855931604097
"1026",102.5,"Simu1","NIT",50,"cliver",0.357775640489442
"1027",102.6,"Simu1","NIT",50,"cliver",0.362320137496678
"1028",102.7,"Simu1","NIT",50,"cliver",0.364860735464419
"1029",102.8,"Simu1","NIT",50,"cliver",0.36563483196543
"1030",102.9,"Simu1","NIT",50,"cliver",0.364844282889469
"1031",103,"Simu1","NIT",50,"cliver",0.362671512938781
"1032",103.1,"Simu1","NIT",50,"cliver",0.359282961084613
"1033",103.2,"Simu1","NIT",50,"cliver",0.354830548546138
"1034",103.3,"Simu1","NIT",50,"cliver",0.349452876568088
"1035",103.4,"Simu1","NIT",50,"cliver",0.343276218717459
"1036",103.5,"Simu1","NIT",50,"cliver",0.336415460172226
"1037",103.6,"Simu1","NIT",50,"cliver",0.32897497325463
"1038",103.7,"Simu1","NIT",50,"cliver",0.321049546681204
"1039",103.8,"Simu1","NIT",50,"cliver",0.312725090901369
"1040",103.9,"Simu1","NIT",50,"cliver",0.304079340743556
"1041",104,"Simu1","NIT",50,"cliver",0.29518250028262
"1042",104.1,"Simu1","NIT",50,"cliver",0.286097891841772
"1043",104.2,"Simu1","NIT",50,"cliver",0.276882478539862
"1044",104.3,"Simu1","NIT",50,"cliver",0.267587401122519
"1045",104.4,"Simu1","NIT",50,"cliver",0.258258534605256
"1046",104.5,"Simu1","NIT",50,"cliver",0.248936886757915
"1047",104.6,"Simu1","NIT",50,"cliver",0.239658928007669
"1048",104.7,"Simu1","NIT",50,"cliver",0.230456995291946
"1049",104.8,"Simu1","NIT",50,"cliver",0.221359653192034
"1050",104.9,"Simu1","NIT",50,"cliver",0.212392077050691
"1051",105,"Simu1","NIT",50,"cliver",0.203576226494092
"1052",105.1,"Simu1","NIT",50,"cliver",0.194931180720712
"1053",105.2,"Simu1","NIT",50,"cliver",0.186473451754648
"1054",105.3,"Simu1","NIT",50,"cliver",0.178217166779381
"1055",105.4,"Simu1","NIT",50,"cliver",0.170174224091185
"1056",105.5,"Simu1","NIT",50,"cliver",0.162354253630731
"1057",105.6,"Simu1","NIT",50,"cliver",0.154765158100255
"1058",105.7,"Simu1","NIT",50,"cliver",0.147413217714354
"1059",105.8,"Simu1","NIT",50,"cliver",0.140303117949306
"1060",105.9,"Simu1","NIT",50,"cliver",0.133438074930935
"1061",106,"Simu1","NIT",50,"cliver",0.126819986774492
"1062",106.1,"Simu1","NIT",50,"cliver",0.120449553380702
"1063",106.2,"Simu1","NIT",50,"cliver",0.114326367077983
"1064",106.3,"Simu1","NIT",50,"cliver",0.108449019868397
"1065",106.4,"Simu1","NIT",50,"cliver",0.102815211063792
"1066",106.5,"Simu1","NIT",50,"cliver",0.0974218200752564
"1067",106.6,"Simu1","NIT",50,"cliver",0.0922649618062184
"1068",106.7,"Simu1","NIT",50,"cliver",0.0873400944646777
"1069",106.8,"Simu1","NIT",50,"cliver",0.0826421121715813
"1070",106.9,"Simu1","NIT",50,"cliver",0.0781654092313857
"1071",107,"Simu1","NIT",50,"cliver",0.0739039445940597
"1072",107.1,"Simu1","NIT",50,"cliver",0.0698513250566836
"1073",107.2,"Simu1","NIT",50,"cliver",0.0660008821923813
"1074",107.3,"Simu1","NIT",50,"cliver",0.0623457161071776
"1075",107.4,"Simu1","NIT",50,"cliver",0.0588787536376635
"1076",107.5,"Simu1","NIT",50,"cliver",0.0555928311683624
"1077",107.6,"Simu1","NIT",50,"cliver",0.0524807309677767
"1078",107.7,"Simu1","NIT",50,"cliver",0.0495352221482194
"1079",107.8,"Simu1","NIT",50,"cliver",0.0467491115813256
"1080",107.9,"Simu1","NIT",50,"cliver",0.0441152834774238
"1081",108,"Simu1","NIT",50,"cliver",0.0425484576024835
"1082",108.1,"Simu1","NIT",50,"cliver",0.246773006112421
"1083",108.2,"Simu1","NIT",50,"cliver",0.320055330323035
"1084",108.3,"Simu1","NIT",50,"cliver",0.340402667870248
"1085",108.4,"Simu1","NIT",50,"cliver",0.350856812998958
"1086",108.5,"Simu1","NIT",50,"cliver",0.357775771184757
"1087",108.6,"Simu1","NIT",50,"cliver",0.362319907998629
"1088",108.7,"Simu1","NIT",50,"cliver",0.364860581197121
"1089",108.8,"Simu1","NIT",50,"cliver",0.36563466044607
"1090",108.9,"Simu1","NIT",50,"cliver",0.364844158875422
"1091",109,"Simu1","NIT",50,"cliver",0.3626714076997
"1092",109.1,"Simu1","NIT",50,"cliver",0.359282855598722
"1093",109.2,"Simu1","NIT",50,"cliver",0.354830468132755
"1094",109.3,"Simu1","NIT",50,"cliver",0.349452794503538
"1095",109.4,"Simu1","NIT",50,"cliver",0.343276115307604
"1096",109.5,"Simu1","NIT",50,"cliver",0.336415342098779
"1097",109.6,"Simu1","NIT",50,"cliver",0.328974865030006
"1098",109.7,"Simu1","NIT",50,"cliver",0.321049435002091
"1099",109.8,"Simu1","NIT",50,"cliver",0.312724947799831
"1100",109.9,"Simu1","NIT",50,"cliver",0.304079146616977
"1101",110,"Simu1","NIT",50,"cliver",0.295182260809395
"1102",110.1,"Simu1","NIT",50,"cliver",0.286097604632353
"1103",110.2,"Simu1","NIT",50,"cliver",0.276882163702534
"1104",110.3,"Simu1","NIT",50,"cliver",0.267587119759124
"1105",110.4,"Simu1","NIT",50,"cliver",0.258258319275905
"1106",110.5,"Simu1","NIT",50,"cliver",0.248936711868109
"1107",110.6,"Simu1","NIT",50,"cliver",0.239658759499786
"1108",110.7,"Simu1","NIT",50,"cliver",0.230456819554642
"1109",110.8,"Simu1","NIT",50,"cliver",0.221359487841889
"1110",110.9,"Simu1","NIT",50,"cliver",0.212391915622924
"1111",111,"Simu1","NIT",50,"cliver",0.203576098361684
"1112",111.1,"Simu1","NIT",50,"cliver",0.194931144616169
"1113",111.2,"Simu1","NIT",50,"cliver",0.186473520908854
"1114",111.3,"Simu1","NIT",50,"cliver",0.178217271391642
"1115",111.4,"Simu1","NIT",50,"cliver",0.170174229268967
"1116",111.5,"Simu1","NIT",50,"cliver",0.162354180628776
"1117",111.6,"Simu1","NIT",50,"cliver",0.154765056858064
"1118",111.7,"Simu1","NIT",50,"cliver",0.147413116082414
"1119",111.8,"Simu1","NIT",50,"cliver",0.140303020849806
"1120",111.9,"Simu1","NIT",50,"cliver",0.133437956496714
"1121",112,"Simu1","NIT",50,"cliver",0.126819836252585
"1122",112.1,"Simu1","NIT",50,"cliver",0.120449385785474
"1123",112.2,"Simu1","NIT",50,"cliver",0.114326213331946
"1124",112.3,"Simu1","NIT",50,"cliver",0.108448881520861
"1125",112.4,"Simu1","NIT",50,"cliver",0.10281509892656
"1126",112.5,"Simu1","NIT",50,"cliver",0.0974216943484738
"1127",112.6,"Simu1","NIT",50,"cliver",0.0922647952238568
"1128",112.7,"Simu1","NIT",50,"cliver",0.0873399573527917
"1129",112.8,"Simu1","NIT",50,"cliver",0.0826420299322109
"1130",112.9,"Simu1","NIT",50,"cliver",0.0781653359309047
"1131",113,"Simu1","NIT",50,"cliver",0.0739038336603572
"1132",113.1,"Simu1","NIT",50,"cliver",0.0698512713901627
"1133",113.2,"Simu1","NIT",50,"cliver",0.0660009075437829
"1134",113.3,"Simu1","NIT",50,"cliver",0.0623457438976703
"1135",113.4,"Simu1","NIT",50,"cliver",0.0588787708737193
"1136",113.5,"Simu1","NIT",50,"cliver",0.0555928453639193
"1137",113.6,"Simu1","NIT",50,"cliver",0.0524807405996663
"1138",113.7,"Simu1","NIT",50,"cliver",0.0495352357420579
"1139",113.8,"Simu1","NIT",50,"cliver",0.046749134004817
"1140",113.9,"Simu1","NIT",50,"cliver",0.0441153064082958
"1141",114,"Simu1","NIT",50,"cliver",0.0425485285336533
"1142",114.1,"Simu1","NIT",50,"cliver",0.246773044083909
"1143",114.2,"Simu1","NIT",50,"cliver",0.320054971657453
"1144",114.3,"Simu1","NIT",50,"cliver",0.340402818817928
"1145",114.4,"Simu1","NIT",50,"cliver",0.350856766964892
"1146",114.5,"Simu1","NIT",50,"cliver",0.357775810656716
"1147",114.6,"Simu1","NIT",50,"cliver",0.362320049681216
"1148",114.7,"Simu1","NIT",50,"cliver",0.364860701500109
"1149",114.8,"Simu1","NIT",50,"cliver",0.365634808367725
"1150",114.9,"Simu1","NIT",50,"cliver",0.364844287931947
"1151",115,"Simu1","NIT",50,"cliver",0.362671555437316
"1152",115.1,"Simu1","NIT",50,"cliver",0.359283019742751
"1153",115.2,"Simu1","NIT",50,"cliver",0.354830644107776
"1154",115.3,"Simu1","NIT",50,"cliver",0.349452975386586
"1155",115.4,"Simu1","NIT",50,"cliver",0.343276284949582
"1156",115.5,"Simu1","NIT",50,"cliver",0.336415499894752
"1157",115.6,"Simu1","NIT",50,"cliver",0.32897502151249
"1158",115.7,"Simu1","NIT",50,"cliver",0.321049591545962
"1159",115.8,"Simu1","NIT",50,"cliver",0.312725097729567
"1160",115.9,"Simu1","NIT",50,"cliver",0.304079284989396
"1161",116,"Simu1","NIT",50,"cliver",0.295182388752112
"1162",116.1,"Simu1","NIT",50,"cliver",0.286097728888883
"1163",116.2,"Simu1","NIT",50,"cliver",0.27688228632451
"1164",116.3,"Simu1","NIT",50,"cliver",0.267587238332727
"1165",116.4,"Simu1","NIT",50,"cliver",0.258258433117145
"1166",116.5,"Simu1","NIT",50,"cliver",0.248936821477223
"1167",116.6,"Simu1","NIT",50,"cliver",0.239658865707141
"1168",116.7,"Simu1","NIT",50,"cliver",0.230456921882824
"1169",116.8,"Simu1","NIT",50,"cliver",0.221359586413288
"1170",116.9,"Simu1","NIT",50,"cliver",0.212392010320555
"1171",117,"Simu1","NIT",50,"cliver",0.203576189330321
"1172",117.1,"Simu1","NIT",50,"cliver",0.194931231957504
"1173",117.2,"Simu1","NIT",50,"cliver",0.186473604254695
"1174",117.3,"Simu1","NIT",50,"cliver",0.178217352170663
"1175",117.4,"Simu1","NIT",50,"cliver",0.17017430445144
"1176",117.5,"Simu1","NIT",50,"cliver",0.162354258312242
"1177",117.6,"Simu1","NIT",50,"cliver",0.154765148889338
"1178",117.7,"Simu1","NIT",50,"cliver",0.147413203920471
"1179",117.8,"Simu1","NIT",50,"cliver",0.140303084393058
"1180",117.9,"Simu1","NIT",50,"cliver",0.133438014939877
"1181",118,"Simu1","NIT",50,"cliver",0.126819903736931
"1182",118.1,"Simu1","NIT",50,"cliver",0.120449453463825
"1183",118.2,"Simu1","NIT",50,"cliver",0.11432626464857
"1184",118.3,"Simu1","NIT",50,"cliver",0.10844893354897
"1185",118.4,"Simu1","NIT",50,"cliver",0.102815144836015
"1186",118.5,"Simu1","NIT",50,"cliver",0.0974217603007711
"1187",118.6,"Simu1","NIT",50,"cliver",0.0922649031785734
"1188",118.7,"Simu1","NIT",50,"cliver",0.0873400411535779
"1189",118.8,"Simu1","NIT",50,"cliver",0.0826420639431248
"1190",118.9,"Simu1","NIT",50,"cliver",0.0781653637065508
"1191",119,"Simu1","NIT",50,"cliver",0.0739039010076269
"1192",119.1,"Simu1","NIT",50,"cliver",0.0698512968200663
"1193",119.2,"Simu1","NIT",50,"cliver",0.0660008707870395
"1194",119.3,"Simu1","NIT",50,"cliver",0.0623457217376072
"1195",119.4,"Simu1","NIT",50,"cliver",0.0588787034349905
"1196",119.5,"Simu1","NIT",50,"cliver",0.0555927039986461
"1197",119.6,"Simu1","NIT",50,"cliver",0.0524806313473789
"1198",119.7,"Simu1","NIT",50,"cliver",0.0495351909028907
"1199",119.8,"Simu1","NIT",50,"cliver",0.046749078043881
"1200",119.9,"Simu1","NIT",50,"cliver",0.044115235876716
"1201",120,"Simu1","NIT",50,"cliver",0.0425484736550724
"1202",120.1,"Simu1","NIT",50,"cliver",0.246773337429307
"1203",120.2,"Simu1","NIT",50,"cliver",0.320056843590715
"1204",120.3,"Simu1","NIT",50,"cliver",0.340404655764442
"1205",120.4,"Simu1","NIT",50,"cliver",0.350858043609345
"1206",120.5,"Simu1","NIT",50,"cliver",0.357777817119479
"1207",120.6,"Simu1","NIT",50,"cliver",0.362322274019199
"1208",120.7,"Simu1","NIT",50,"cliver",0.364862780615349
"1209",120.8,"Simu1","NIT",50,"cliver",0.365636795685045
"1210",120.9,"Simu1","NIT",50,"cliver",0.364846231397079
"1211",121,"Simu1","NIT",50,"cliver",0.362673674445808
"1212",121.1,"Simu1","NIT",50,"cliver",0.359285193175683
"1213",121.2,"Simu1","NIT",50,"cliver",0.354832814693499
"1214",121.3,"Simu1","NIT",50,"cliver",0.349455202951967
"1215",121.4,"Simu1","NIT",50,"cliver",0.343278591309372
"1216",121.5,"Simu1","NIT",50,"cliver",0.336417840182688
"1217",121.6,"Simu1","NIT",50,"cliver",0.328977326273856
"1218",121.7,"Simu1","NIT",50,"cliver",0.321051817468602
"1219",121.8,"Simu1","NIT",50,"cliver",0.312727276036088
"1220",121.9,"Simu1","NIT",50,"cliver",0.304081447846793
"1221",122,"Simu1","NIT",50,"cliver",0.295184523344327
"1222",122.1,"Simu1","NIT",50,"cliver",0.286099810697681
"1223",122.2,"Simu1","NIT",50,"cliver",0.276884308564348
"1224",122.3,"Simu1","NIT",50,"cliver",0.26758920823893
"1225",122.4,"Simu1","NIT",50,"cliver",0.258260351578767
"1226",122.5,"Simu1","NIT",50,"cliver",0.248938690633042
"1227",122.6,"Simu1","NIT",50,"cliver",0.239660671711945
"1228",122.7,"Simu1","NIT",50,"cliver",0.230458691363695
"1229",122.8,"Simu1","NIT",50,"cliver",0.221361294000212
"1230",122.9,"Simu1","NIT",50,"cliver",0.212393650411939
"1231",123,"Simu1","NIT",50,"cliver",0.203577769438521
"1232",123.1,"Simu1","NIT",50,"cliver",0.194932742322949
"1233",123.2,"Simu1","NIT",50,"cliver",0.186475042561341
"1234",123.3,"Simu1","NIT",50,"cliver",0.178218757330965
"1235",123.4,"Simu1","NIT",50,"cliver",0.170175697461072
"1236",123.5,"Simu1","NIT",50,"cliver",0.162355574907983
"1237",123.6,"Simu1","NIT",50,"cliver",0.154766383751393
"1238",123.7,"Simu1","NIT",50,"cliver",0.147414393654509
"1239",123.8,"Simu1","NIT",50,"cliver",0.140304246963799
"1240",123.9,"Simu1","NIT",50,"cliver",0.133439118433244
"1241",124,"Simu1","NIT",50,"cliver",0.126820939799895
"1242",124.1,"Simu1","NIT",50,"cliver",0.120450439880383
"1243",124.2,"Simu1","NIT",50,"cliver",0.11432722367244
"1244",124.3,"Simu1","NIT",50,"cliver",0.108449836365252
"1245",124.4,"Simu1","NIT",50,"cliver",0.10281602820266
"1246",124.5,"Simu1","NIT",50,"cliver",0.0974226370153485
"1247",124.6,"Simu1","NIT",50,"cliver",0.0922656981036084
"1248",124.7,"Simu1","NIT",50,"cliver",0.0873407663932714
"1249",124.8,"Simu1","NIT",50,"cliver",0.0826427939859708
"1250",124.9,"Simu1","NIT",50,"cliver",0.0781661128361644
"1251",125,"Simu1","NIT",50,"cliver",0.0739045371162019
"1252",125.1,"Simu1","NIT",50,"cliver",0.0698520418811182
"1253",125.2,"Simu1","NIT",50,"cliver",0.066001491784204
"1254",125.3,"Simu1","NIT",50,"cliver",0.0623462609171018
"1255",125.4,"Simu1","NIT",50,"cliver",0.0588792480922509
"1256",125.5,"Simu1","NIT",50,"cliver",0.0555933009503168
"1257",125.6,"Simu1","NIT",50,"cliver",0.0524811780029197
"1258",125.7,"Simu1","NIT",50,"cliver",0.0495356588951457
"1259",125.8,"Simu1","NIT",50,"cliver",0.046749532561444
"1260",125.9,"Simu1","NIT",50,"cliver",0.0441156877567023
"1261",126,"Simu1","NIT",50,"cliver",0.0425488909440003
"1262",126.1,"Simu1","NIT",50,"cliver",0.246773459750721
"1263",126.2,"Simu1","NIT",50,"cliver",0.320055772792118
"1264",126.3,"Simu1","NIT",50,"cliver",0.340403454437931
"1265",126.4,"Simu1","NIT",50,"cliver",0.350857439248683
"1266",126.5,"Simu1","NIT",50,"cliver",0.357776425634352
"1267",126.6,"Simu1","NIT",50,"cliver",0.362320639698194
"1268",126.7,"Simu1","NIT",50,"cliver",0.364861297832417
"1269",126.8,"Simu1","NIT",50,"cliver",0.365635387471646
"1270",126.9,"Simu1","NIT",50,"cliver",0.364844870873028
"1271",127,"Simu1","NIT",50,"cliver",0.362672124584003
"1272",127.1,"Simu1","NIT",50,"cliver",0.35928357299573
"1273",127.2,"Simu1","NIT",50,"cliver",0.354831184666492
"1274",127.3,"Simu1","NIT",50,"cliver",0.349453501175847
"1275",127.4,"Simu1","NIT",50,"cliver",0.343276802001034
"1276",127.5,"Simu1","NIT",50,"cliver",0.336416006615788
"1277",127.6,"Simu1","NIT",50,"cliver",0.328975515599796
"1278",127.7,"Simu1","NIT",50,"cliver",0.321050070612493
"1279",127.8,"Simu1","NIT",50,"cliver",0.312725562697056
"1280",127.9,"Simu1","NIT",50,"cliver",0.304079737281656
"1281",128,"Simu1","NIT",50,"cliver",0.295182828638868
"1282",128.1,"Simu1","NIT",50,"cliver",0.286098155225755
"1283",128.2,"Simu1","NIT",50,"cliver",0.276882698210775
"1284",128.3,"Simu1","NIT",50,"cliver",0.267587636258942
"1285",128.4,"Simu1","NIT",50,"cliver",0.25825881783467
"1286",128.5,"Simu1","NIT",50,"cliver",0.248937192895531
"1287",128.6,"Simu1","NIT",50,"cliver",0.239659223472377
"1288",128.7,"Simu1","NIT",50,"cliver",0.23045726614212
"1289",128.8,"Simu1","NIT",50,"cliver",0.22135991758389
"1290",128.9,"Simu1","NIT",50,"cliver",0.212392328636521
"1291",129,"Simu1","NIT",50,"cliver",0.20357649488739
"1292",129.1,"Simu1","NIT",50,"cliver",0.194931524943338
"1293",129.2,"Simu1","NIT",50,"cliver",0.186473884960658
"1294",129.3,"Simu1","NIT",50,"cliver",0.178217620885787
"1295",129.4,"Simu1","NIT",50,"cliver",0.170174561432549
"1296",129.5,"Simu1","NIT",50,"cliver",0.162354503829182
"1297",129.6,"Simu1","NIT",50,"cliver",0.154765383249761
"1298",129.7,"Simu1","NIT",50,"cliver",0.147413427437625
"1299",129.8,"Simu1","NIT",50,"cliver",0.140303297342004
"1300",129.9,"Simu1","NIT",50,"cliver",0.133438217621384
"1301",130,"Simu1","NIT",50,"cliver",0.12682009648739
"1302",130.1,"Simu1","NIT",50,"cliver",0.120449636620745
"1303",130.2,"Simu1","NIT",50,"cliver",0.114326438524668
"1304",130.3,"Simu1","NIT",50,"cliver",0.108449098457308
"1305",130.4,"Simu1","NIT",50,"cliver",0.102815301111649
"1306",130.5,"Simu1","NIT",50,"cliver",0.0974219082768349
"1307",130.6,"Simu1","NIT",50,"cliver",0.0922650431848528
"1308",130.7,"Simu1","NIT",50,"cliver",0.0873401734901889
"1309",130.8,"Simu1","NIT",50,"cliver",0.0826421889812254
"1310",130.9,"Simu1","NIT",50,"cliver",0.0781654816507926
"1311",131,"Simu1","NIT",50,"cliver",0.0739040124774026
"1312",131.1,"Simu1","NIT",50,"cliver",0.0698514029993345
"1313",131.2,"Simu1","NIT",50,"cliver",0.0660009720988678
"1314",131.3,"Simu1","NIT",50,"cliver",0.0623458134670663
"1315",131.4,"Simu1","NIT",50,"cliver",0.0588787809321647
"1316",131.5,"Simu1","NIT",50,"cliver",0.0555927814493566
"1317",131.6,"Simu1","NIT",50,"cliver",0.0524807170476791
"1318",131.7,"Simu1","NIT",50,"cliver",0.0495352695658897
"1319",131.8,"Simu1","NIT",50,"cliver",0.0467491422184114
"1320",131.9,"Simu1","NIT",50,"cliver",0.0441153020135365
"1321",132,"Simu1","NIT",50,"cliver",0.0425485179575512
"1322",132.1,"Simu1","NIT",50,"cliver",0.246773055870834
"1323",132.2,"Simu1","NIT",50,"cliver",0.320055954679498
"1324",132.3,"Simu1","NIT",50,"cliver",0.340402667448639
"1325",132.4,"Simu1","NIT",50,"cliver",0.350856869483682
"1326",132.5,"Simu1","NIT",50,"cliver",0.357775797207686
"1327",132.6,"Simu1","NIT",50,"cliver",0.362319953542655
"1328",132.7,"Simu1","NIT",50,"cliver",0.364860631781681
"1329",132.8,"Simu1","NIT",50,"cliver",0.365634711339705
"1330",132.9,"Simu1","NIT",50,"cliver",0.364844209435242
"1331",133,"Simu1","NIT",50,"cliver",0.362671450514481
"1332",133.1,"Simu1","NIT",50,"cliver",0.359282898208569
"1333",133.2,"Simu1","NIT",50,"cliver",0.354830506992118
"1334",133.3,"Simu1","NIT",50,"cliver",0.349452831619728
"1335",133.4,"Simu1","NIT",50,"cliver",0.343276154352264
"1336",133.5,"Simu1","NIT",50,"cliver",0.336415381396316
"1337",133.6,"Simu1","NIT",50,"cliver",0.328974901313509
"1338",133.7,"Simu1","NIT",50,"cliver",0.321049472825985
"1339",133.8,"Simu1","NIT",50,"cliver",0.312724988400161
"1340",133.9,"Simu1","NIT",50,"cliver",0.304079191035452
"1341",134,"Simu1","NIT",50,"cliver",0.295182307378971
"1342",134.1,"Simu1","NIT",50,"cliver",0.286097648311526
"1343",134.2,"Simu1","NIT",50,"cliver",0.276882205171166
"1344",134.3,"Simu1","NIT",50,"cliver",0.26758715913494
"1345",134.4,"Simu1","NIT",50,"cliver",0.258258356244736
"1346",134.5,"Simu1","NIT",50,"cliver",0.248936748574188
"1347",134.6,"Simu1","NIT",50,"cliver",0.239658792541588
"1348",134.7,"Simu1","NIT",50,"cliver",0.230456854914959
"1349",134.8,"Simu1","NIT",50,"cliver",0.22135951467777
"1350",134.9,"Simu1","NIT",50,"cliver",0.212391949955385
"1351",135,"Simu1","NIT",50,"cliver",0.203576131445199
"1352",135.1,"Simu1","NIT",50,"cliver",0.194931171134542
"1353",135.2,"Simu1","NIT",50,"cliver",0.186473549862404
"1354",135.3,"Simu1","NIT",50,"cliver",0.178217296876053
"1355",135.4,"Simu1","NIT",50,"cliver",0.170174260152204
"1356",135.5,"Simu1","NIT",50,"cliver",0.162354214467304
"1357",135.6,"Simu1","NIT",50,"cliver",0.154765160394472
"1358",135.7,"Simu1","NIT",50,"cliver",0.147413213065116
"1359",135.8,"Simu1","NIT",50,"cliver",0.140303056747689
"1360",135.9,"Simu1","NIT",50,"cliver",0.133438028267425
"1361",136,"Simu1","NIT",50,"cliver",0.126819951530635
"1362",136.1,"Simu1","NIT",50,"cliver",0.120449494444249
"1363",136.2,"Simu1","NIT",50,"cliver",0.114326325557704
"1364",136.3,"Simu1","NIT",50,"cliver",0.108448965653346
"1365",136.4,"Simu1","NIT",50,"cliver",0.102815202214776
"1366",136.5,"Simu1","NIT",50,"cliver",0.0974217436665746
"1367",136.6,"Simu1","NIT",50,"cliver",0.0922649766824875
"1368",136.7,"Simu1","NIT",50,"cliver",0.0873401258296949
"1369",136.8,"Simu1","NIT",50,"cliver",0.0826421081280903
"1370",136.9,"Simu1","NIT",50,"cliver",0.0781653884779149
"1371",137,"Simu1","NIT",50,"cliver",0.073903910364936
"1372",137.1,"Simu1","NIT",50,"cliver",0.0698512979012214
"1373",137.2,"Simu1","NIT",50,"cliver",0.0660008784367878
"1374",137.3,"Simu1","NIT",50,"cliver",0.0623457292385209
"1375",137.4,"Simu1","NIT",50,"cliver",0.0588787779219643
"1376",137.5,"Simu1","NIT",50,"cliver",0.055592860436838
"1377",137.6,"Simu1","NIT",50,"cliver",0.0524807612156341
"1378",137.7,"Simu1","NIT",50,"cliver",0.0495352542164474
"1379",137.8,"Simu1","NIT",50,"cliver",0.0467491466524334
"1380",137.9,"Simu1","NIT",50,"cliver",0.0441153259162758
"1381",138,"Simu1","NIT",50,"cliver",0.042548557432909
"1382",138.1,"Simu1","NIT",50,"cliver",0.246773123096615
"1383",138.2,"Simu1","NIT",50,"cliver",0.320056005484388
"1384",138.3,"Simu1","NIT",50,"cliver",0.340402945919958
"1385",138.4,"Simu1","NIT",50,"cliver",0.350855426225163
"1386",138.5,"Simu1","NIT",50,"cliver",0.357775566358185
"1387",138.6,"Simu1","NIT",50,"cliver",0.362319956232594
"1388",138.7,"Simu1","NIT",50,"cliver",0.364860637899164
"1389",138.8,"Simu1","NIT",50,"cliver",0.365634757086623
"1390",138.9,"Simu1","NIT",50,"cliver",0.364844255873878
"1391",139,"Simu1","NIT",50,"cliver",0.362671480314676
"1392",139.1,"Simu1","NIT",50,"cliver",0.359282930755258
"1393",139.2,"Simu1","NIT",50,"cliver",0.354830532311609
"1394",139.3,"Simu1","NIT",50,"cliver",0.349452855019895
"1395",139.4,"Simu1","NIT",50,"cliver",0.343276186545692
"1396",139.5,"Simu1","NIT",50,"cliver",0.336415415742473
"1397",139.6,"Simu1","NIT",50,"cliver",0.328974927776359
"1398",139.7,"Simu1","NIT",50,"cliver",0.321049508908095
"1399",139.8,"Simu1","NIT",50,"cliver",0.312725027875121
"1400",139.9,"Simu1","NIT",50,"cliver",0.304079240732887
"1401",140,"Simu1","NIT",50,"cliver",0.295182358292461
"1402",140.1,"Simu1","NIT",50,"cliver",0.28609770244726
"1403",140.2,"Simu1","NIT",50,"cliver",0.276882249192662
"1404",140.3,"Simu1","NIT",50,"cliver",0.267587196842759
"1405",140.4,"Simu1","NIT",50,"cliver",0.258258394872622
"1406",140.5,"Simu1","NIT",50,"cliver",0.248936788614858
"1407",140.6,"Simu1","NIT",50,"cliver",0.239658778733264
"1408",140.7,"Simu1","NIT",50,"cliver",0.230456740387282
"1409",140.8,"Simu1","NIT",50,"cliver",0.221359332130166
"1410",140.9,"Simu1","NIT",50,"cliver",0.212391859717121
"1411",141,"Simu1","NIT",50,"cliver",0.203576156596574
"1412",141.1,"Simu1","NIT",50,"cliver",0.194931235093689
"1413",141.2,"Simu1","NIT",50,"cliver",0.186473616708121
"1414",141.3,"Simu1","NIT",50,"cliver",0.178217384565566
"1415",141.4,"Simu1","NIT",50,"cliver",0.170174366019641
"1416",141.5,"Simu1","NIT",50,"cliver",0.162354345388041
"1417",141.6,"Simu1","NIT",50,"cliver",0.154765254262316
"1418",141.7,"Simu1","NIT",50,"cliver",0.147413313136058
"1419",141.8,"Simu1","NIT",50,"cliver",0.140303175250036
"1420",141.9,"Simu1","NIT",50,"cliver",0.133438078785677
"1421",142,"Simu1","NIT",50,"cliver",0.126819951856223
"1422",142.1,"Simu1","NIT",50,"cliver",0.120449501300448
"1423",142.2,"Simu1","NIT",50,"cliver",0.114326313812752
"1424",142.3,"Simu1","NIT",50,"cliver",0.108448975023558
"1425",142.4,"Simu1","NIT",50,"cliver",0.102815178905984
"1426",142.5,"Simu1","NIT",50,"cliver",0.0974217929210328
"1427",142.6,"Simu1","NIT",50,"cliver",0.0922649313659049
"1428",142.7,"Simu1","NIT",50,"cliver",0.0873400662815462
"1429",142.8,"Simu1","NIT",50,"cliver",0.0826420877084972
"1430",142.9,"Simu1","NIT",50,"cliver",0.0781653828014928
"1431",143,"Simu1","NIT",50,"cliver",0.0739039186004013
"1432",143.1,"Simu1","NIT",50,"cliver",0.0698513060340737
"1433",143.2,"Simu1","NIT",50,"cliver",0.0660008648701905
"1434",143.3,"Simu1","NIT",50,"cliver",0.0623456943682179
"1435",143.4,"Simu1","NIT",50,"cliver",0.0588787333152798
"1436",143.5,"Simu1","NIT",50,"cliver",0.0555928143015895
"1437",143.6,"Simu1","NIT",50,"cliver",0.0524807137778255
"1438",143.7,"Simu1","NIT",50,"cliver",0.049535205950683
"1439",143.8,"Simu1","NIT",50,"cliver",0.0467490939079548
"1440",143.9,"Simu1","NIT",50,"cliver",0.0441152725243317
"1441",144,"Simu1","NIT",50,"cliver",0.04254850245578
"1442",144.1,"Simu1","NIT",50,"cliver",0.246773087600881
"1443",144.2,"Simu1","NIT",50,"cliver",0.32005599491883
"1444",144.3,"Simu1","NIT",50,"cliver",0.340402712903513
"1445",144.4,"Simu1","NIT",50,"cliver",0.35085692185185
"1446",144.5,"Simu1","NIT",50,"cliver",0.357775851337467
"1447",144.6,"Simu1","NIT",50,"cliver",0.362320008693093
"1448",144.7,"Simu1","NIT",50,"cliver",0.364860689481705
"1449",144.8,"Simu1","NIT",50,"cliver",0.36563477131204
"1450",144.9,"Simu1","NIT",50,"cliver",0.364844271411695
"1451",145,"Simu1","NIT",50,"cliver",0.362671510906443
"1452",145.1,"Simu1","NIT",50,"cliver",0.359282959436227
"1453",145.2,"Simu1","NIT",50,"cliver",0.354830567888482
"1454",145.3,"Simu1","NIT",50,"cliver",0.349452892109444
"1455",145.4,"Simu1","NIT",50,"cliver",0.343276215425941
"1456",145.5,"Simu1","NIT",50,"cliver",0.336415442418836
"1457",145.6,"Simu1","NIT",50,"cliver",0.328974961345103
"1458",145.7,"Simu1","NIT",50,"cliver",0.321049532561981
"1459",145.8,"Simu1","NIT",50,"cliver",0.312725047736652
"1460",145.9,"Simu1","NIT",50,"cliver",0.304079250191999
"1461",146,"Simu1","NIT",50,"cliver",0.295182365915594
"1462",146.1,"Simu1","NIT",50,"cliver",0.28609770539059
"1463",146.2,"Simu1","NIT",50,"cliver",0.276882260781163
"1464",146.3,"Simu1","NIT",50,"cliver",0.267587213035065
"1465",146.4,"Simu1","NIT",50,"cliver",0.258258408764398
"1466",146.5,"Simu1","NIT",50,"cliver",0.248936799689636
"1467",146.6,"Simu1","NIT",50,"cliver",0.239658841964602
"1468",146.7,"Simu1","NIT",50,"cliver",0.230456905297513
"1469",146.8,"Simu1","NIT",50,"cliver",0.22135956382392
"1470",146.9,"Simu1","NIT",50,"cliver",0.21239198945213
"1471",147,"Simu1","NIT",50,"cliver",0.203576173609641
"1472",147.1,"Simu1","NIT",50,"cliver",0.194931214042998
"1473",147.2,"Simu1","NIT",50,"cliver",0.186473589469037
"1474",147.3,"Simu1","NIT",50,"cliver",0.178217331560713
"1475",147.4,"Simu1","NIT",50,"cliver",0.17017430712369
"1476",147.5,"Simu1","NIT",50,"cliver",0.16235425129934
"1477",147.6,"Simu1","NIT",50,"cliver",0.154765121116813
"1478",147.7,"Simu1","NIT",50,"cliver",0.147413192022825
"1479",147.8,"Simu1","NIT",50,"cliver",0.140303087636808
"1480",147.9,"Simu1","NIT",50,"cliver",0.133438003957973
"1481",148,"Simu1","NIT",50,"cliver",0.126819885566241
"1482",148.1,"Simu1","NIT",50,"cliver",0.120449444782971
"1483",148.2,"Simu1","NIT",50,"cliver",0.114326263937871
"1484",148.3,"Simu1","NIT",50,"cliver",0.108448923976651
"1485",148.4,"Simu1","NIT",50,"cliver",0.102815136854091
"1486",148.5,"Simu1","NIT",50,"cliver",0.0974217477858282
"1487",148.6,"Simu1","NIT",50,"cliver",0.0922649426689191
"1488",148.7,"Simu1","NIT",50,"cliver",0.0873401161160174
"1489",148.8,"Simu1","NIT",50,"cliver",0.0826420712294282
"1490",148.9,"Simu1","NIT",50,"cliver",0.0781653458800545
"1491",149,"Simu1","NIT",50,"cliver",0.0739039667721169
"1492",149.1,"Simu1","NIT",50,"cliver",0.069851420103735
"1493",149.2,"Simu1","NIT",50,"cliver",0.0660008126293048
"1494",149.3,"Simu1","NIT",50,"cliver",0.0623456791595594
"1495",149.4,"Simu1","NIT",50,"cliver",0.0588787275747875
"1496",149.5,"Simu1","NIT",50,"cliver",0.0555928154567083
"1497",149.6,"Simu1","NIT",50,"cliver",0.0524807103813679
"1498",149.7,"Simu1","NIT",50,"cliver",0.0495352042559168
"1499",149.8,"Simu1","NIT",50,"cliver",0.0467491063953304
"1500",149.9,"Simu1","NIT",50,"cliver",0.0441152907097723
"1501",150,"Simu1","NIT",50,"cliver",0.04254850603446
"1502",150.1,"Simu1","NIT",50,"cliver",0.246772495424144
"1503",150.2,"Simu1","NIT",50,"cliver",0.320055486539911
"1504",150.3,"Simu1","NIT",50,"cliver",0.34040263371839
"1505",150.4,"Simu1","NIT",50,"cliver",0.350855996090435
"1506",150.5,"Simu1","NIT",50,"cliver",0.357774745784789
"1507",150.6,"Simu1","NIT",50,"cliver",0.362318946537596
"1508",150.7,"Simu1","NIT",50,"cliver",0.364859881859437
"1509",150.8,"Simu1","NIT",50,"cliver",0.365633985515784
"1510",150.9,"Simu1","NIT",50,"cliver",0.364843587414237
"1511",151,"Simu1","NIT",50,"cliver",0.362670768457977
"1512",151.1,"Simu1","NIT",50,"cliver",0.359282239092928
"1513",151.2,"Simu1","NIT",50,"cliver",0.354829872788288
"1514",151.3,"Simu1","NIT",50,"cliver",0.349452207947591
"1515",151.4,"Simu1","NIT",50,"cliver",0.343275585022991
"1516",151.5,"Simu1","NIT",50,"cliver",0.336414839347254
"1517",151.6,"Simu1","NIT",50,"cliver",0.328974339347328
"1518",151.7,"Simu1","NIT",50,"cliver",0.321048893206101
"1519",151.8,"Simu1","NIT",50,"cliver",0.312724431493416
"1520",151.9,"Simu1","NIT",50,"cliver",0.30407866332265
"1521",152,"Simu1","NIT",50,"cliver",0.295181784979189
"1522",152.1,"Simu1","NIT",50,"cliver",0.286097129998862
"1523",152.2,"Simu1","NIT",50,"cliver",0.276881704910335
"1524",152.3,"Simu1","NIT",50,"cliver",0.267586684850241
"1525",152.4,"Simu1","NIT",50,"cliver",0.258257902296179
"1526",152.5,"Simu1","NIT",50,"cliver",0.248936306131133
"1527",152.6,"Simu1","NIT",50,"cliver",0.239658367059311
"1528",152.7,"Simu1","NIT",50,"cliver",0.230456443761633
"1529",152.8,"Simu1","NIT",50,"cliver",0.221359128522189
"1530",152.9,"Simu1","NIT",50,"cliver",0.212391570200231
"1531",153,"Simu1","NIT",50,"cliver",0.203575766269659
"1532",153.1,"Simu1","NIT",50,"cliver",0.194930826651059
"1533",153.2,"Simu1","NIT",50,"cliver",0.186473216671971
"1534",153.3,"Simu1","NIT",50,"cliver",0.178216981464205
"1535",153.4,"Simu1","NIT",50,"cliver",0.170173949976218
"1536",153.5,"Simu1","NIT",50,"cliver",0.162353920139585
"1537",153.6,"Simu1","NIT",50,"cliver",0.154764826699996
"1538",153.7,"Simu1","NIT",50,"cliver",0.147412896720008
"1539",153.8,"Simu1","NIT",50,"cliver",0.140302791510094
"1540",153.9,"Simu1","NIT",50,"cliver",0.133437736276776
"1541",154,"Simu1","NIT",50,"cliver",0.126819639082409
"1542",154.1,"Simu1","NIT",50,"cliver",0.120449202187705
"1543",154.2,"Simu1","NIT",50,"cliver",0.114326026091034
"1544",154.3,"Simu1","NIT",50,"cliver",0.108448707405294
"1545",154.4,"Simu1","NIT",50,"cliver",0.102814930679595
"1546",154.5,"Simu1","NIT",50,"cliver",0.0974215577512468
"1547",154.6,"Simu1","NIT",50,"cliver",0.092264711408784
"1548",154.7,"Simu1","NIT",50,"cliver",0.0873398603252539
"1549",154.8,"Simu1","NIT",50,"cliver",0.0826418923622959
"1550",154.9,"Simu1","NIT",50,"cliver",0.0781652037829063
"1551",155,"Simu1","NIT",50,"cliver",0.0739037364268338
"1552",155.1,"Simu1","NIT",50,"cliver",0.0698511060941557
"1553",155.2,"Simu1","NIT",50,"cliver",0.0660006243247899
"1554",155.3,"Simu1","NIT",50,"cliver",0.0623454477408121
"1555",155.4,"Simu1","NIT",50,"cliver",0.0588785439131129
"1556",155.5,"Simu1","NIT",50,"cliver",0.055592665534072
"1557",155.6,"Simu1","NIT",50,"cliver",0.0524805575263272
"1558",155.7,"Simu1","NIT",50,"cliver",0.0495350487434236
"1559",155.8,"Simu1","NIT",50,"cliver",0.0467489676926827
"1560",155.9,"Simu1","NIT",50,"cliver",0.0441151490397231
"1561",156,"Simu1","NIT",50,"cliver",0.0425483884676367
"1562",156.1,"Simu1","NIT",50,"cliver",0.246773055027053
"1563",156.2,"Simu1","NIT",50,"cliver",0.320055171461837
"1564",156.3,"Simu1","NIT",50,"cliver",0.340402825971192
"1565",156.4,"Simu1","NIT",50,"cliver",0.350857168843996
"1566",156.5,"Simu1","NIT",50,"cliver",0.357776224013018
"1567",156.6,"Simu1","NIT",50,"cliver",0.362320154874833
"1568",156.7,"Simu1","NIT",50,"cliver",0.364860731312976
"1569",156.8,"Simu1","NIT",50,"cliver",0.36563497396495
"1570",156.9,"Simu1","NIT",50,"cliver",0.364844606622677
"1571",157,"Simu1","NIT",50,"cliver",0.362671758199113
"1572",157.1,"Simu1","NIT",50,"cliver",0.359283223212255
"1573",157.2,"Simu1","NIT",50,"cliver",0.354830875262513
"1574",157.3,"Simu1","NIT",50,"cliver",0.349453254834078
"1575",157.4,"Simu1","NIT",50,"cliver",0.343276595521101
"1576",157.5,"Simu1","NIT",50,"cliver",0.336415785392518
"1577",157.6,"Simu1","NIT",50,"cliver",0.328975288598287
"1578",157.7,"Simu1","NIT",50,"cliver",0.321049851837966
"1579",157.8,"Simu1","NIT",50,"cliver",0.312725389812164
"1580",157.9,"Simu1","NIT",50,"cliver",0.304079580810062
"1581",158,"Simu1","NIT",50,"cliver",0.295182688858346
"1582",158.1,"Simu1","NIT",50,"cliver",0.286098026189323
"1583",158.2,"Simu1","NIT",50,"cliver",0.276882578911054
"1584",158.3,"Simu1","NIT",50,"cliver",0.26758753657536
"1585",158.4,"Simu1","NIT",50,"cliver",0.258258723378325
"1586",158.5,"Simu1","NIT",50,"cliver",0.248937106399161
"1587",158.6,"Simu1","NIT",50,"cliver",0.239659142160836
"1588",158.7,"Simu1","NIT",50,"cliver",0.230457203496397
"1589",158.8,"Simu1","NIT",50,"cliver",0.221359856901183
"1590",158.9,"Simu1","NIT",50,"cliver",0.212392268344773
"1591",159,"Simu1","NIT",50,"cliver",0.203576427096197
"1592",159.1,"Simu1","NIT",50,"cliver",0.194931480307683
"1593",159.2,"Simu1","NIT",50,"cliver",0.18647381933055
"1594",159.3,"Simu1","NIT",50,"cliver",0.178217577182566
"1595",159.4,"Simu1","NIT",50,"cliver",0.170174509276711
"1596",159.5,"Simu1","NIT",50,"cliver",0.162354394392641
"1597",159.6,"Simu1","NIT",50,"cliver",0.154765216110328
"1598",159.7,"Simu1","NIT",50,"cliver",0.147413219841535
"1599",159.8,"Simu1","NIT",50,"cliver",0.140303180388393
"1600",159.9,"Simu1","NIT",50,"cliver",0.133438212625149
"1601",160,"Simu1","NIT",50,"cliver",0.126820151148628
"1602",160.1,"Simu1","NIT",50,"cliver",0.120449705640235
"1603",160.2,"Simu1","NIT",50,"cliver",0.114326509182115
"1604",160.3,"Simu1","NIT",50,"cliver",0.108449174510289
"1605",160.4,"Simu1","NIT",50,"cliver",0.102815387619344
"1606",160.5,"Simu1","NIT",50,"cliver",0.0974220042175559
"1607",160.6,"Simu1","NIT",50,"cliver",0.0922651463566899
"1608",160.7,"Simu1","NIT",50,"cliver",0.0873402791227725
"1609",160.8,"Simu1","NIT",50,"cliver",0.0826422981771754
"1610",160.9,"Simu1","NIT",50,"cliver",0.0781655883219476
"1611",161,"Simu1","NIT",50,"cliver",0.0739041166037465
"1612",161.1,"Simu1","NIT",50,"cliver",0.0698514677032439
"1613",161.2,"Simu1","NIT",50,"cliver",0.0660010250553656
"1614",161.3,"Simu1","NIT",50,"cliver",0.0623458223705909
"1615",161.4,"Simu1","NIT",50,"cliver",0.0588789030228424
"1616",161.5,"Simu1","NIT",50,"cliver",0.0555928381482369
"1617",161.6,"Simu1","NIT",50,"cliver",0.0524807815251555
"1618",161.7,"Simu1","NIT",50,"cliver",0.0495352663528488
"1619",161.8,"Simu1","NIT",50,"cliver",0.0467491762378273
"1620",161.9,"Simu1","NIT",50,"cliver",0.0441153511663487
"1621",162,"Simu1","NIT",50,"cliver",0.0425485522342199
"1622",162.1,"Simu1","NIT",50,"cliver",0.246772762180803
"1623",162.2,"Simu1","NIT",50,"cliver",0.320054998836725
"1624",162.3,"Simu1","NIT",50,"cliver",0.340402231630282
"1625",162.4,"Simu1","NIT",50,"cliver",0.350855922958732
"1626",162.5,"Simu1","NIT",50,"cliver",0.357774728217753
"1627",162.6,"Simu1","NIT",50,"cliver",0.362319487906571
"1628",162.7,"Simu1","NIT",50,"cliver",0.364859782698816
"1629",162.8,"Simu1","NIT",50,"cliver",0.365633995429018
"1630",162.9,"Simu1","NIT",50,"cliver",0.364843537600159
"1631",163,"Simu1","NIT",50,"cliver",0.362670702627928
"1632",163.1,"Simu1","NIT",50,"cliver",0.359282186947561
"1633",163.2,"Simu1","NIT",50,"cliver",0.354829843579859
"1634",163.3,"Simu1","NIT",50,"cliver",0.349452227793452
"1635",163.4,"Simu1","NIT",50,"cliver",0.343275570668262
"1636",163.5,"Simu1","NIT",50,"cliver",0.336414772625467
"1637",163.6,"Simu1","NIT",50,"cliver",0.328974290454768
"1638",163.7,"Simu1","NIT",50,"cliver",0.321048881193565
"1639",163.8,"Simu1","NIT",50,"cliver",0.312724431513139
"1640",163.9,"Simu1","NIT",50,"cliver",0.304078640540478
"1641",164,"Simu1","NIT",50,"cliver",0.295181771811865
"1642",164.1,"Simu1","NIT",50,"cliver",0.286097124779423
"1643",164.2,"Simu1","NIT",50,"cliver",0.276881705988924
"1644",164.3,"Simu1","NIT",50,"cliver",0.267586696482541
"1645",164.4,"Simu1","NIT",50,"cliver",0.258257901651089
"1646",164.5,"Simu1","NIT",50,"cliver",0.248936310359632
"1647",164.6,"Simu1","NIT",50,"cliver",0.23965837557332
"1648",164.7,"Simu1","NIT",50,"cliver",0.23045645403018
"1649",164.8,"Simu1","NIT",50,"cliver",0.221359137962734
"1650",164.9,"Simu1","NIT",50,"cliver",0.212391571408242
"1651",165,"Simu1","NIT",50,"cliver",0.203575772027405
"1652",165.1,"Simu1","NIT",50,"cliver",0.194930832813502
"1653",165.2,"Simu1","NIT",50,"cliver",0.186473226500185
"1654",165.3,"Simu1","NIT",50,"cliver",0.178216982820963
"1655",165.4,"Simu1","NIT",50,"cliver",0.170173957466427
"1656",165.5,"Simu1","NIT",50,"cliver",0.162353923253268
"1657",165.6,"Simu1","NIT",50,"cliver",0.154764761966462
"1658",165.7,"Simu1","NIT",50,"cliver",0.147412756932995
"1659",165.8,"Simu1","NIT",50,"cliver",0.140302582665264
"1660",165.9,"Simu1","NIT",50,"cliver",0.133437582995614
"1661",166,"Simu1","NIT",50,"cliver",0.126819602089645
"1662",166.1,"Simu1","NIT",50,"cliver",0.120449241364448
"1663",166.2,"Simu1","NIT",50,"cliver",0.114326089937774
"1664",166.3,"Simu1","NIT",50,"cliver",0.108448774117361
"1665",166.4,"Simu1","NIT",50,"cliver",0.102815001595371
"1666",166.5,"Simu1","NIT",50,"cliver",0.0974216374600719
"1667",166.6,"Simu1","NIT",50,"cliver",0.0922648022219519
"1668",166.7,"Simu1","NIT",50,"cliver",0.0873399584287718
"1669",166.8,"Simu1","NIT",50,"cliver",0.0826419972586944
"1670",166.9,"Simu1","NIT",50,"cliver",0.0781653078550807
"1671",167,"Simu1","NIT",50,"cliver",0.0739038595318208
"1672",167.1,"Simu1","NIT",50,"cliver",0.0698512560159918
"1673",167.2,"Simu1","NIT",50,"cliver",0.0660008297857912
"1674",167.3,"Simu1","NIT",50,"cliver",0.0623456615821935
"1675",167.4,"Simu1","NIT",50,"cliver",0.0588787238490502
"1676",167.5,"Simu1","NIT",50,"cliver",0.0555927605503452
"1677",167.6,"Simu1","NIT",50,"cliver",0.0524807055419122
"1678",167.7,"Simu1","NIT",50,"cliver",0.0495351870406072
"1679",167.8,"Simu1","NIT",50,"cliver",0.0467490876872549
"1680",167.9,"Simu1","NIT",50,"cliver",0.0441152617447675
"1681",168,"Simu1","NIT",50,"cliver",0.042548478946642
"1682",168.1,"Simu1","NIT",50,"cliver",0.246773118681115
"1683",168.2,"Simu1","NIT",50,"cliver",0.320056350072832
"1684",168.3,"Simu1","NIT",50,"cliver",0.34040325137411
"1685",168.4,"Simu1","NIT",50,"cliver",0.350856914359344
"1686",168.5,"Simu1","NIT",50,"cliver",0.357776138145302
"1687",168.6,"Simu1","NIT",50,"cliver",0.36232038875298
"1688",168.7,"Simu1","NIT",50,"cliver",0.364861060724669
"1689",168.8,"Simu1","NIT",50,"cliver",0.365635188920763
"1690",168.9,"Simu1","NIT",50,"cliver",0.364844678951333
"1691",169,"Simu1","NIT",50,"cliver",0.362671947396962
"1692",169.1,"Simu1","NIT",50,"cliver",0.35928341491043
"1693",169.2,"Simu1","NIT",50,"cliver",0.354831040050705
"1694",169.3,"Simu1","NIT",50,"cliver",0.349453369395076
"1695",169.4,"Simu1","NIT",50,"cliver",0.34327667735974
"1696",169.5,"Simu1","NIT",50,"cliver",0.33641588956719
"1697",169.6,"Simu1","NIT",50,"cliver",0.328975406295498
"1698",169.7,"Simu1","NIT",50,"cliver",0.321049970386552
"1699",169.8,"Simu1","NIT",50,"cliver",0.312725470665019
"1700",169.9,"Simu1","NIT",50,"cliver",0.304079651434994
"1701",170,"Simu1","NIT",50,"cliver",0.295182747656511
"1702",170.1,"Simu1","NIT",50,"cliver",0.286098079591344
"1703",170.2,"Simu1","NIT",50,"cliver",0.276882628604563
"1704",170.3,"Simu1","NIT",50,"cliver",0.267587571960014
"1705",170.4,"Simu1","NIT",50,"cliver",0.258258757713599
"1706",170.5,"Simu1","NIT",50,"cliver",0.24893713673108
"1707",170.6,"Simu1","NIT",50,"cliver",0.239659171487616
"1708",170.7,"Simu1","NIT",50,"cliver",0.230457218122827
"1709",170.8,"Simu1","NIT",50,"cliver",0.221359873014862
"1710",170.9,"Simu1","NIT",50,"cliver",0.212392287208228
"1711",171,"Simu1","NIT",50,"cliver",0.20357645650672
"1712",171.1,"Simu1","NIT",50,"cliver",0.194931489470934
"1713",171.2,"Simu1","NIT",50,"cliver",0.186473852158365
"1714",171.3,"Simu1","NIT",50,"cliver",0.178217590534326
"1715",171.4,"Simu1","NIT",50,"cliver",0.170174533380585
"1716",171.5,"Simu1","NIT",50,"cliver",0.162354477940372
"1717",171.6,"Simu1","NIT",50,"cliver",0.154765359362366
"1718",171.7,"Simu1","NIT",50,"cliver",0.147413405397235
"1719",171.8,"Simu1","NIT",50,"cliver",0.140303277048759
"1720",171.9,"Simu1","NIT",50,"cliver",0.133438198967486
"1721",172,"Simu1","NIT",50,"cliver",0.126820079341187
"1722",172.1,"Simu1","NIT",50,"cliver",0.120449620858797
"1723",172.2,"Simu1","NIT",50,"cliver",0.11432642405679
"1724",172.3,"Simu1","NIT",50,"cliver",0.10844908520239
"1725",172.4,"Simu1","NIT",50,"cliver",0.102815288974011
"1726",172.5,"Simu1","NIT",50,"cliver",0.0974218971688028
"1727",172.6,"Simu1","NIT",50,"cliver",0.0922650330248654
"1728",172.7,"Simu1","NIT",50,"cliver",0.0873401642314324
"1729",172.8,"Simu1","NIT",50,"cliver",0.0826421805065402
"1730",172.9,"Simu1","NIT",50,"cliver",0.0781654740128507
"1731",173,"Simu1","NIT",50,"cliver",0.0739040053131581
"1732",173.1,"Simu1","NIT",50,"cliver",0.0698513955091216
"1733",173.2,"Simu1","NIT",50,"cliver",0.0660009641446014
"1734",173.3,"Simu1","NIT",50,"cliver",0.0623458096894922
"1735",173.4,"Simu1","NIT",50,"cliver",0.0588787853269939
"1736",173.5,"Simu1","NIT",50,"cliver",0.055592781059929
"1737",173.6,"Simu1","NIT",50,"cliver",0.0524807051659452
"1738",173.7,"Simu1","NIT",50,"cliver",0.0495352606480691
"1739",173.8,"Simu1","NIT",50,"cliver",0.0467491428149482
"1740",173.9,"Simu1","NIT",50,"cliver",0.0441152972033927
"1741",174,"Simu1","NIT",50,"cliver",0.0425485257491072
"1742",174.1,"Simu1","NIT",50,"cliver",0.246773065436561
"1743",174.2,"Simu1","NIT",50,"cliver",0.320055144549535
"1744",174.3,"Simu1","NIT",50,"cliver",0.340402888346576
"1745",174.4,"Simu1","NIT",50,"cliver",0.350857100051881
"1746",174.5,"Simu1","NIT",50,"cliver",0.357776034757515
"1747",174.6,"Simu1","NIT",50,"cliver",0.362320197543426
"1748",174.7,"Simu1","NIT",50,"cliver",0.364860881648297
"1749",174.8,"Simu1","NIT",50,"cliver",0.365634965604618
"1750",174.9,"Simu1","NIT",50,"cliver",0.364844466815636
"1751",175,"Simu1","NIT",50,"cliver",0.362671708546532
"1752",175.1,"Simu1","NIT",50,"cliver",0.359283156826115
"1753",175.2,"Simu1","NIT",50,"cliver",0.354830764883143
"1754",175.3,"Simu1","NIT",50,"cliver",0.349453087991288
"1755",175.4,"Simu1","NIT",50,"cliver",0.343276408812419
"1756",175.5,"Simu1","NIT",50,"cliver",0.336415633104062
"1757",175.6,"Simu1","NIT",50,"cliver",0.328975149415755
"1758",175.7,"Simu1","NIT",50,"cliver",0.321049717219533
"1759",175.8,"Simu1","NIT",50,"cliver",0.312725228632514
"1760",175.9,"Simu1","NIT",50,"cliver",0.304079426802738
"1761",176,"Simu1","NIT",50,"cliver",0.295182538243415
"1762",176.1,"Simu1","NIT",50,"cliver",0.286097873639973
"1763",176.2,"Simu1","NIT",50,"cliver",0.276882424755387
"1764",176.3,"Simu1","NIT",50,"cliver",0.267587372672694
"1765",176.4,"Simu1","NIT",50,"cliver",0.258258563724836
"1766",176.5,"Simu1","NIT",50,"cliver",0.248936949981939
"1767",176.6,"Simu1","NIT",50,"cliver",0.239658987546552
"1768",176.7,"Simu1","NIT",50,"cliver",0.230457045399883
"1769",176.8,"Simu1","NIT",50,"cliver",0.221359700312932
"1770",176.9,"Simu1","NIT",50,"cliver",0.212392120283975
"1771",177,"Simu1","NIT",50,"cliver",0.203576298024937
"1772",177.1,"Simu1","NIT",50,"cliver",0.194931338519625
"1773",177.2,"Simu1","NIT",50,"cliver",0.186473702177422
"1774",177.3,"Simu1","NIT",50,"cliver",0.17821744854459
"1775",177.4,"Simu1","NIT",50,"cliver",0.170174401296721
"1776",177.5,"Simu1","NIT",50,"cliver",0.162354348924301
"1777",177.6,"Simu1","NIT",50,"cliver",0.15476523995597
"1778",177.7,"Simu1","NIT",50,"cliver",0.147413289735512
"1779",177.8,"Simu1","NIT",50,"cliver",0.140303162606225
"1780",177.9,"Simu1","NIT",50,"cliver",0.133438091187485
"1781",178,"Simu1","NIT",50,"cliver",0.126819978554892
"1782",178.1,"Simu1","NIT",50,"cliver",0.12044952409774
"1783",178.2,"Simu1","NIT",50,"cliver",0.114326329656079
"1784",178.3,"Simu1","NIT",50,"cliver",0.108448997159785
"1785",178.4,"Simu1","NIT",50,"cliver",0.10281520469395
"1786",178.5,"Simu1","NIT",50,"cliver",0.0974218199144036
"1787",178.6,"Simu1","NIT",50,"cliver",0.0922649533228458
"1788",178.7,"Simu1","NIT",50,"cliver",0.0873401000018345
"1789",178.8,"Simu1","NIT",50,"cliver",0.08264205269016
"1790",178.9,"Simu1","NIT",50,"cliver",0.0781652842811445
"1791",179,"Simu1","NIT",50,"cliver",0.0739038766261441
"1792",179.1,"Simu1","NIT",50,"cliver",0.0698513129213535
"1793",179.2,"Simu1","NIT",50,"cliver",0.0660008506080649
"1794",179.3,"Simu1","NIT",50,"cliver",0.0623456410554361
"1795",179.4,"Simu1","NIT",50,"cliver",0.058878899114443
"1796",179.5,"Simu1","NIT",50,"cliver",0.05559291331398
"1797",179.6,"Simu1","NIT",50,"cliver",0.0524807825131583
"1798",179.7,"Simu1","NIT",50,"cliver",0.0495352618958016
"1799",179.8,"Simu1","NIT",50,"cliver",0.0467491484518232
"1800",179.9,"Simu1","NIT",50,"cliver",0.0441153336846331
"1801",180,"Simu1","NIT",50,"cliver",0.0425486002240767
"1802",180.1,"Simu1","NIT",50,"cliver",0.246773169253765
"1803",180.2,"Simu1","NIT",50,"cliver",0.320055938050996
"1804",180.3,"Simu1","NIT",50,"cliver",0.340403432541993
"1805",180.4,"Simu1","NIT",50,"cliver",0.350856977144747
"1806",180.5,"Simu1","NIT",50,"cliver",0.357776606225355
"1807",180.6,"Simu1","NIT",50,"cliver",0.362320844868024
"1808",180.7,"Simu1","NIT",50,"cliver",0.364861473531962
"1809",180.8,"Simu1","NIT",50,"cliver",0.365635675263898
"1810",180.9,"Simu1","NIT",50,"cliver",0.364845102773037
"1811",181,"Simu1","NIT",50,"cliver",0.362672344509661
"1812",181.1,"Simu1","NIT",50,"cliver",0.359283835143498
"1813",181.2,"Simu1","NIT",50,"cliver",0.354831481151146
"1814",181.3,"Simu1","NIT",50,"cliver",0.349453855058061
"1815",181.4,"Simu1","NIT",50,"cliver",0.34327717968584
"1816",181.5,"Simu1","NIT",50,"cliver",0.33641635589733
"1817",181.6,"Simu1","NIT",50,"cliver",0.328975843279426
"1818",181.7,"Simu1","NIT",50,"cliver",0.321050405662677
"1819",181.8,"Simu1","NIT",50,"cliver",0.31272591487707
"1820",181.9,"Simu1","NIT",50,"cliver",0.304080090900882
"1821",182,"Simu1","NIT",50,"cliver",0.295183165425727
"1822",182.1,"Simu1","NIT",50,"cliver",0.286098476564867
"1823",182.2,"Simu1","NIT",50,"cliver",0.276883016858516
"1824",182.3,"Simu1","NIT",50,"cliver",0.267587954621131
"1825",182.4,"Simu1","NIT",50,"cliver",0.25825912791016
"1826",182.5,"Simu1","NIT",50,"cliver",0.248937490757054
"1827",182.6,"Simu1","NIT",50,"cliver",0.239659512318285
"1828",182.7,"Simu1","NIT",50,"cliver",0.230457548545707
"1829",182.8,"Simu1","NIT",50,"cliver",0.221360192262189
"1830",182.9,"Simu1","NIT",50,"cliver",0.212392593806502
"1831",183,"Simu1","NIT",50,"cliver",0.203576750615324
"1832",183.1,"Simu1","NIT",50,"cliver",0.194931772028631
"1833",183.2,"Simu1","NIT",50,"cliver",0.1864741235564
"1834",183.3,"Simu1","NIT",50,"cliver",0.178217850674563
"1835",183.4,"Simu1","NIT",50,"cliver",0.170174782315975
"1836",183.5,"Simu1","NIT",50,"cliver",0.16235471598433
"1837",183.6,"Simu1","NIT",50,"cliver",0.154765586836889
"1838",183.7,"Simu1","NIT",50,"cliver",0.147413622319611
"1839",183.8,"Simu1","NIT",50,"cliver",0.140303483836334
"1840",183.9,"Simu1","NIT",50,"cliver",0.133438396145173
"1841",184,"Simu1","NIT",50,"cliver",0.126820267195242
"1842",184.1,"Simu1","NIT",50,"cliver",0.120449799440133
"1843",184.2,"Simu1","NIT",50,"cliver",0.114326593637664
"1844",184.3,"Simu1","NIT",50,"cliver",0.108449246184127
"1845",184.4,"Simu1","NIT",50,"cliver",0.102815441761666
"1846",184.5,"Simu1","NIT",50,"cliver",0.0974220418650369
"1847",184.6,"Simu1","NIT",50,"cliver",0.0922651701062976
"1848",184.7,"Simu1","NIT",50,"cliver",0.0873402936706308
"1849",184.8,"Simu1","NIT",50,"cliver",0.0826423034306435
"1850",184.9,"Simu1","NIT",50,"cliver",0.0781655889954771
"1851",185,"Simu1","NIT",50,"cliver",0.0739041164493184
"1852",185.1,"Simu1","NIT",50,"cliver",0.0698514910997439
"1853",185.2,"Simu1","NIT",50,"cliver",0.0660010452452719
"1854",185.3,"Simu1","NIT",50,"cliver",0.0623458804908661
"1855",185.4,"Simu1","NIT",50,"cliver",0.0588789424363191
"1856",185.5,"Simu1","NIT",50,"cliver",0.0555930412778954
"1857",185.6,"Simu1","NIT",50,"cliver",0.0524808992148853
"1858",185.7,"Simu1","NIT",50,"cliver",0.049535294270664
"1859",185.8,"Simu1","NIT",50,"cliver",0.0467491505636473
"1860",185.9,"Simu1","NIT",50,"cliver",0.0441153747461779
"1861",186,"Simu1","NIT",50,"cliver",0.0425485996911581
"1862",186.1,"Simu1","NIT",50,"cliver",0.246773140484785
"1863",186.2,"Simu1","NIT",50,"cliver",0.320055217753144
"1864",186.3,"Simu1","NIT",50,"cliver",0.340402874943614
"1865",186.4,"Simu1","NIT",50,"cliver",0.350856886549235
"1866",186.5,"Simu1","NIT",50,"cliver",0.357776067135609
"1867",186.6,"Simu1","NIT",50,"cliver",0.362320275063948
"1868",186.7,"Simu1","NIT",50,"cliver",0.364860927585701
"1869",186.8,"Simu1","NIT",50,"cliver",0.365635089727429
"1870",186.9,"Simu1","NIT",50,"cliver",0.364844530645823
"1871",187,"Simu1","NIT",50,"cliver",0.36267179141848
"1872",187.1,"Simu1","NIT",50,"cliver",0.359283280226695
"1873",187.2,"Simu1","NIT",50,"cliver",0.354830915689458
"1874",187.3,"Simu1","NIT",50,"cliver",0.34945327269551
"1875",187.4,"Simu1","NIT",50,"cliver",0.343276583105031
"1876",187.5,"Simu1","NIT",50,"cliver",0.336415777495457
"1877",187.6,"Simu1","NIT",50,"cliver",0.328975287424833
"1878",187.7,"Simu1","NIT",50,"cliver",0.321049859121632
"1879",187.8,"Simu1","NIT",50,"cliver",0.312725368528245
"1880",187.9,"Simu1","NIT",50,"cliver",0.304079550117842
"1881",188,"Simu1","NIT",50,"cliver",0.295182640351372
"1882",188.1,"Simu1","NIT",50,"cliver",0.286097970527071
"1883",188.2,"Simu1","NIT",50,"cliver",0.276882524448604
"1884",188.3,"Simu1","NIT",50,"cliver",0.267587472015316
"1885",188.4,"Simu1","NIT",50,"cliver",0.258258658037926
"1886",188.5,"Simu1","NIT",50,"cliver",0.248937037135448
"1887",188.6,"Simu1","NIT",50,"cliver",0.239659074368758
"1888",188.7,"Simu1","NIT",50,"cliver",0.230457124336486
"1889",188.8,"Simu1","NIT",50,"cliver",0.22135978169255
"1890",188.9,"Simu1","NIT",50,"cliver",0.212392197845548
"1891",189,"Simu1","NIT",50,"cliver",0.203576369528546
"1892",189.1,"Simu1","NIT",50,"cliver",0.194931405318433
"1893",189.2,"Simu1","NIT",50,"cliver",0.186473770807303
"1894",189.3,"Simu1","NIT",50,"cliver",0.178217511817658
"1895",189.4,"Simu1","NIT",50,"cliver",0.170174457312534
"1896",189.5,"Simu1","NIT",50,"cliver",0.162354404607076
"1897",189.6,"Simu1","NIT",50,"cliver",0.154765288767801
"1898",189.7,"Simu1","NIT",50,"cliver",0.1474133373222
"1899",189.8,"Simu1","NIT",50,"cliver",0.140303211697689
"1900",189.9,"Simu1","NIT",50,"cliver",0.133438136421996
"1901",190,"Simu1","NIT",50,"cliver",0.1268200194995
"1902",190.1,"Simu1","NIT",50,"cliver",0.120449563520333
"1903",190.2,"Simu1","NIT",50,"cliver",0.114326369238087
"1904",190.3,"Simu1","NIT",50,"cliver",0.108449032903744
"1905",190.4,"Simu1","NIT",50,"cliver",0.102815239173735
"1906",190.5,"Simu1","NIT",50,"cliver",0.0974218496317278
"1907",190.6,"Simu1","NIT",50,"cliver",0.0922649878899195
"1908",190.7,"Simu1","NIT",50,"cliver",0.0873401211084634
"1909",190.8,"Simu1","NIT",50,"cliver",0.0826421400307403
"1910",190.9,"Simu1","NIT",50,"cliver",0.0781654346066622
"1911",191,"Simu1","NIT",50,"cliver",0.0739039701331346
"1912",191.1,"Simu1","NIT",50,"cliver",0.0698513540376173
"1913",191.2,"Simu1","NIT",50,"cliver",0.0660009231412847
"1914",191.3,"Simu1","NIT",50,"cliver",0.0623457732730855
"1915",191.4,"Simu1","NIT",50,"cliver",0.0588788447864797
"1916",191.5,"Simu1","NIT",50,"cliver",0.0555929205349134
"1917",191.6,"Simu1","NIT",50,"cliver",0.0524807427450925
"1918",191.7,"Simu1","NIT",50,"cliver",0.0495351634681556
"1919",191.8,"Simu1","NIT",50,"cliver",0.0467490948192283
"1920",191.9,"Simu1","NIT",50,"cliver",0.0441152930258506
"1921",192,"Simu1","NIT",50,"cliver",0.0425485355910686
"1922",192.1,"Simu1","NIT",50,"cliver",0.246772657748151
"1923",192.2,"Simu1","NIT",50,"cliver",0.320054220010903
"1924",192.3,"Simu1","NIT",50,"cliver",0.340401961164133
"1925",192.4,"Simu1","NIT",50,"cliver",0.350855362567813
"1926",192.5,"Simu1","NIT",50,"cliver",0.357774959121413
"1927",192.6,"Simu1","NIT",50,"cliver",0.362319135078536
"1928",192.7,"Simu1","NIT",50,"cliver",0.364859747151548
"1929",192.8,"Simu1","NIT",50,"cliver",0.365633912635771
"1930",192.9,"Simu1","NIT",50,"cliver",0.364843350116144
"1931",193,"Simu1","NIT",50,"cliver",0.362670564687187
"1932",193.1,"Simu1","NIT",50,"cliver",0.359282062483028
"1933",193.2,"Simu1","NIT",50,"cliver",0.354829713782675
"1934",193.3,"Simu1","NIT",50,"cliver",0.349452109410186
"1935",193.4,"Simu1","NIT",50,"cliver",0.343275465526182
"1936",193.5,"Simu1","NIT",50,"cliver",0.336414666601599
"1937",193.6,"Simu1","NIT",50,"cliver",0.328974166531591
"1938",193.7,"Simu1","NIT",50,"cliver",0.321048753576759
"1939",193.8,"Simu1","NIT",50,"cliver",0.312724295759966
"1940",193.9,"Simu1","NIT",50,"cliver",0.304078508161063
"1941",194,"Simu1","NIT",50,"cliver",0.295181619591194
"1942",194.1,"Simu1","NIT",50,"cliver",0.286096965276634
"1943",194.2,"Simu1","NIT",50,"cliver",0.276881542716184
"1944",194.3,"Simu1","NIT",50,"cliver",0.267586521959484
"1945",194.4,"Simu1","NIT",50,"cliver",0.258257737242111
"1946",194.5,"Simu1","NIT",50,"cliver",0.248936141109307
"1947",194.6,"Simu1","NIT",50,"cliver",0.239658204245901
"1948",194.7,"Simu1","NIT",50,"cliver",0.230456283086052
"1949",194.8,"Simu1","NIT",50,"cliver",0.221358969666017
"1950",194.9,"Simu1","NIT",50,"cliver",0.212391413865485
"1951",195,"Simu1","NIT",50,"cliver",0.203575613098077
"1952",195.1,"Simu1","NIT",50,"cliver",0.194930676687563
"1953",195.2,"Simu1","NIT",50,"cliver",0.186473070076494
"1954",195.3,"Simu1","NIT",50,"cliver",0.17821683862917
"1955",195.4,"Simu1","NIT",50,"cliver",0.170173811133792
"1956",195.5,"Simu1","NIT",50,"cliver",0.16235378499552
"1957",195.6,"Simu1","NIT",50,"cliver",0.154764695328367
"1958",195.7,"Simu1","NIT",50,"cliver",0.147412769538478
"1959",195.8,"Simu1","NIT",50,"cliver",0.140302668882486
"1960",195.9,"Simu1","NIT",50,"cliver",0.133437618242976
"1961",196,"Simu1","NIT",50,"cliver",0.126819525413065
"1962",196.1,"Simu1","NIT",50,"cliver",0.120449092798407
"1963",196.2,"Simu1","NIT",50,"cliver",0.114325921095426
"1964",196.3,"Simu1","NIT",50,"cliver",0.108448606736061
"1965",196.4,"Simu1","NIT",50,"cliver",0.102814834333604
"1966",196.5,"Simu1","NIT",50,"cliver",0.0974214654195854
"1967",196.6,"Simu1","NIT",50,"cliver",0.0922646234500251
"1968",196.7,"Simu1","NIT",50,"cliver",0.0873397758674916
"1969",196.8,"Simu1","NIT",50,"cliver",0.0826418130504408
"1970",196.9,"Simu1","NIT",50,"cliver",0.0781651255981047
"1971",197,"Simu1","NIT",50,"cliver",0.0739036774537156
"1972",197.1,"Simu1","NIT",50,"cliver",0.0698510787679787
"1973",197.2,"Simu1","NIT",50,"cliver",0.066000650211286
"1974",197.3,"Simu1","NIT",50,"cliver",0.0623455038183739
"1975",197.4,"Simu1","NIT",50,"cliver",0.0588785739984632
"1976",197.5,"Simu1","NIT",50,"cliver",0.055592672775916
"1977",197.6,"Simu1","NIT",50,"cliver",0.0524805093844658
"1978",197.7,"Simu1","NIT",50,"cliver",0.0495349855289632
"1979",197.8,"Simu1","NIT",50,"cliver",0.0467489398192115
"1980",197.9,"Simu1","NIT",50,"cliver",0.0441151201740549
"1981",198,"Simu1","NIT",50,"cliver",0.0425483626341455
"1982",198.1,"Simu1","NIT",50,"cliver",0.246772780944262
"1983",198.2,"Simu1","NIT",50,"cliver",0.320054802720117
"1984",198.3,"Simu1","NIT",50,"cliver",0.340402334159862
"1985",198.4,"Simu1","NIT",50,"cliver",0.350855087341119
"1986",198.5,"Simu1","NIT",50,"cliver",0.357774860852418
"1987",198.6,"Simu1","NIT",50,"cliver",0.36231916308441
"1988",198.7,"Simu1","NIT",50,"cliver",0.36485972092274
"1989",198.8,"Simu1","NIT",50,"cliver",0.36563389038829
"1990",198.9,"Simu1","NIT",50,"cliver",0.364843421361946
"1991",199,"Simu1","NIT",50,"cliver",0.362670622644092
"1992",199.1,"Simu1","NIT",50,"cliver",0.359282104654203
"1993",199.2,"Simu1","NIT",50,"cliver",0.354829758567336
"1994",199.3,"Simu1","NIT",50,"cliver",0.349452149734319
"1995",199.4,"Simu1","NIT",50,"cliver",0.343275500037814
"1996",199.5,"Simu1","NIT",50,"cliver",0.336414706282363
"1997",199.6,"Simu1","NIT",50,"cliver",0.32897422161834
"1998",199.7,"Simu1","NIT",50,"cliver",0.321048819167012
"1999",199.8,"Simu1","NIT",50,"cliver",0.312724357349701
"2000",199.9,"Simu1","NIT",50,"cliver",0.304078595452805
"2001",200,"Simu1","NIT",50,"cliver",0.295181724107586
"2002",200.1,"Simu1","NIT",50,"cliver",0.286097063198127
"2003",200.2,"Simu1","NIT",50,"cliver",0.276881666907071
"2004",200.3,"Simu1","NIT",50,"cliver",0.267586636688293
"2005",200.4,"Simu1","NIT",50,"cliver",0.258257845935373
"2006",200.5,"Simu1","NIT",50,"cliver",0.24893627226663
"2007",200.6,"Simu1","NIT",50,"cliver",0.239658326296295
"2008",200.7,"Simu1","NIT",50,"cliver",0.230456413247895
"2009",200.8,"Simu1","NIT",50,"cliver",0.221359086602654
"2010",200.9,"Simu1","NIT",50,"cliver",0.212391536665794
"2011",201,"Simu1","NIT",50,"cliver",0.203575737118948
"2012",201.1,"Simu1","NIT",50,"cliver",0.194930818769814
"2013",201.2,"Simu1","NIT",50,"cliver",0.186473169044633
"2014",201.3,"Simu1","NIT",50,"cliver",0.1782169516205
"2015",201.4,"Simu1","NIT",50,"cliver",0.17017391724075
"2016",201.5,"Simu1","NIT",50,"cliver",0.162353836798948
"2017",201.6,"Simu1","NIT",50,"cliver",0.154764666509962
"2018",201.7,"Simu1","NIT",50,"cliver",0.147412656613341
"2019",201.8,"Simu1","NIT",50,"cliver",0.140302570149874
"2020",201.9,"Simu1","NIT",50,"cliver",0.133437632996637
"2021",202,"Simu1","NIT",50,"cliver",0.126819634430334
"2022",202.1,"Simu1","NIT",50,"cliver",0.120449238794451
"2023",202.2,"Simu1","NIT",50,"cliver",0.11432607079148
"2024",202.3,"Simu1","NIT",50,"cliver",0.108448756258338
"2025",202.4,"Simu1","NIT",50,"cliver",0.102814988767529
"2026",202.5,"Simu1","NIT",50,"cliver",0.0974216283301653
"2027",202.6,"Simu1","NIT",50,"cliver",0.092264792409476
"2028",202.7,"Simu1","NIT",50,"cliver",0.0873399485801871
"2029",202.8,"Simu1","NIT",50,"cliver",0.0826419849986089
"2030",202.9,"Simu1","NIT",50,"cliver",0.0781652987657132
"2031",203,"Simu1","NIT",50,"cliver",0.073903846108225
"2032",203.1,"Simu1","NIT",50,"cliver",0.0698512521252947
"2033",203.2,"Simu1","NIT",50,"cliver",0.0660008089618011
"2034",203.3,"Simu1","NIT",50,"cliver",0.0623456749532993
"2035",203.4,"Simu1","NIT",50,"cliver",0.0588786673473732
"2036",203.5,"Simu1","NIT",50,"cliver",0.0555929035714305
"2037",203.6,"Simu1","NIT",50,"cliver",0.052480703829149
"2038",203.7,"Simu1","NIT",50,"cliver",0.0495351788852182
"2039",203.8,"Simu1","NIT",50,"cliver",0.046749061045533
"2040",203.9,"Simu1","NIT",50,"cliver",0.0441152338867062
"2041",204,"Simu1","NIT",50,"cliver",0.0425484571358189
"2042",204.1,"Simu1","NIT",50,"cliver",0.246773009314746
"2043",204.2,"Simu1","NIT",50,"cliver",0.320055897924411
"2044",204.3,"Simu1","NIT",50,"cliver",0.340402586575747
"2045",204.4,"Simu1","NIT",50,"cliver",0.350855709631813
"2046",204.5,"Simu1","NIT",50,"cliver",0.357775522537743
"2047",204.6,"Simu1","NIT",50,"cliver",0.36231978490356
"2048",204.7,"Simu1","NIT",50,"cliver",0.364860399848847
"2049",204.8,"Simu1","NIT",50,"cliver",0.365634457810741
"2050",204.9,"Simu1","NIT",50,"cliver",0.364843750755903
"2051",205,"Simu1","NIT",50,"cliver",0.362670794750482
"2052",205.1,"Simu1","NIT",50,"cliver",0.359282069410181
"2053",205.2,"Simu1","NIT",50,"cliver",0.354829632502203
"2054",205.3,"Simu1","NIT",50,"cliver",0.349451881772547
"2055",205.4,"Simu1","NIT",50,"cliver",0.343275100136523
"2056",205.5,"Simu1","NIT",50,"cliver",0.336414348669934
"2057",205.6,"Simu1","NIT",50,"cliver",0.328974115152753
"2058",205.7,"Simu1","NIT",50,"cliver",0.321048824790007
"2059",205.8,"Simu1","NIT",50,"cliver",0.312724408731053
"2060",205.9,"Simu1","NIT",50,"cliver",0.304078700279532
"2061",206,"Simu1","NIT",50,"cliver",0.295181915937669
"2062",206.1,"Simu1","NIT",50,"cliver",0.28609734225941
"2063",206.2,"Simu1","NIT",50,"cliver",0.276881974827658
"2064",206.3,"Simu1","NIT",50,"cliver",0.267586949839973
"2065",206.4,"Simu1","NIT",50,"cliver",0.258258123171982
"2066",206.5,"Simu1","NIT",50,"cliver",0.248936500127806
"2067",206.6,"Simu1","NIT",50,"cliver",0.239658566989679
"2068",206.7,"Simu1","NIT",50,"cliver",0.230456660618755
"2069",206.8,"Simu1","NIT",50,"cliver",0.221359350885543
"2070",206.9,"Simu1","NIT",50,"cliver",0.212391791431135
"2071",207,"Simu1","NIT",50,"cliver",0.203576003827659
"2072",207.1,"Simu1","NIT",50,"cliver",0.194931050381261
"2073",207.2,"Simu1","NIT",50,"cliver",0.186473386534295
"2074",207.3,"Simu1","NIT",50,"cliver",0.178217046438528
"2075",207.4,"Simu1","NIT",50,"cliver",0.170173940851773
"2076",207.5,"Simu1","NIT",50,"cliver",0.162353934726396
"2077",207.6,"Simu1","NIT",50,"cliver",0.154764938150464
"2078",207.7,"Simu1","NIT",50,"cliver",0.147413055649032
"2079",207.8,"Simu1","NIT",50,"cliver",0.14030295889864
"2080",207.9,"Simu1","NIT",50,"cliver",0.133437907776444
"2081",208,"Simu1","NIT",50,"cliver",0.126819827763702
"2082",208.1,"Simu1","NIT",50,"cliver",0.120449411211803
"2083",208.2,"Simu1","NIT",50,"cliver",0.114326251971322
"2084",208.3,"Simu1","NIT",50,"cliver",0.10844894275083
"2085",208.4,"Simu1","NIT",50,"cliver",0.102815162403857
"2086",208.5,"Simu1","NIT",50,"cliver",0.0974217663705177
"2087",208.6,"Simu1","NIT",50,"cliver",0.0922649033579165
"2088",208.7,"Simu1","NIT",50,"cliver",0.0873400447127812
"2089",208.8,"Simu1","NIT",50,"cliver",0.0826420722640075
"2090",208.9,"Simu1","NIT",50,"cliver",0.0781653675392449
"2091",209,"Simu1","NIT",50,"cliver",0.0739039096943324
"2092",209.1,"Simu1","NIT",50,"cliver",0.0698513002967597
"2093",209.2,"Simu1","NIT",50,"cliver",0.0660008659627366
"2094",209.3,"Simu1","NIT",50,"cliver",0.0623456766993269
"2095",209.4,"Simu1","NIT",50,"cliver",0.0588787055920652
"2096",209.5,"Simu1","NIT",50,"cliver",0.0555927983443289
"2097",209.6,"Simu1","NIT",50,"cliver",0.0524807165585353
"2098",209.7,"Simu1","NIT",50,"cliver",0.0495352069281253
"2099",209.8,"Simu1","NIT",50,"cliver",0.0467490923726005
"2100",209.9,"Simu1","NIT",50,"cliver",0.0441152617461829
"2101",210,"Simu1","NIT",50,"cliver",0.0425485199466309
"2102",210.1,"Simu1","NIT",50,"cliver",0.246773148565207
"2103",210.2,"Simu1","NIT",50,"cliver",0.320056713304399
"2104",210.3,"Simu1","NIT",50,"cliver",0.340403641437405
"2105",210.4,"Simu1","NIT",50,"cliver",0.350857740953436
"2106",210.5,"Simu1","NIT",50,"cliver",0.357776363600393
"2107",210.6,"Simu1","NIT",50,"cliver",0.362320737084608
"2108",210.7,"Simu1","NIT",50,"cliver",0.364861537646261
"2109",210.8,"Simu1","NIT",50,"cliver",0.365635719862186
"2110",210.9,"Simu1","NIT",50,"cliver",0.364845178706767
"2111",211,"Simu1","NIT",50,"cliver",0.362672411119984
"2112",211.1,"Simu1","NIT",50,"cliver",0.359283903716318
"2113",211.2,"Simu1","NIT",50,"cliver",0.354831546655239
"2114",211.3,"Simu1","NIT",50,"cliver",0.349453908048172
"2115",211.4,"Simu1","NIT",50,"cliver",0.343277216943799
"2116",211.5,"Simu1","NIT",50,"cliver",0.336416394087459
"2117",211.6,"Simu1","NIT",50,"cliver",0.328975886039046
"2118",211.7,"Simu1","NIT",50,"cliver",0.321050446648496
"2119",211.8,"Simu1","NIT",50,"cliver",0.312725949286834
"2120",211.9,"Simu1","NIT",50,"cliver",0.304080121047515
"2121",212,"Simu1","NIT",50,"cliver",0.295183194468154
"2122",212.1,"Simu1","NIT",50,"cliver",0.286098505305584
"2123",212.2,"Simu1","NIT",50,"cliver",0.276883043679926
"2124",212.3,"Simu1","NIT",50,"cliver",0.267587978367339
"2125",212.4,"Simu1","NIT",50,"cliver",0.258259149474369
"2126",212.5,"Simu1","NIT",50,"cliver",0.248937511263061
"2127",212.6,"Simu1","NIT",50,"cliver",0.239659531660155
"2128",212.7,"Simu1","NIT",50,"cliver",0.230457566253114
"2129",212.8,"Simu1","NIT",50,"cliver",0.221360208423261
"2130",212.9,"Simu1","NIT",50,"cliver",0.212392608768056
"2131",213,"Simu1","NIT",50,"cliver",0.203576764522999
"2132",213.1,"Simu1","NIT",50,"cliver",0.194931784878066
"2133",213.2,"Simu1","NIT",50,"cliver",0.186474135376861
"2134",213.3,"Simu1","NIT",50,"cliver",0.178217861547226
"2135",213.4,"Simu1","NIT",50,"cliver",0.170174792327363
"2136",213.5,"Simu1","NIT",50,"cliver",0.162354725202596
"2137",213.6,"Simu1","NIT",50,"cliver",0.154765595318484
"2138",213.7,"Simu1","NIT",50,"cliver",0.147413630115967
"2139",213.8,"Simu1","NIT",50,"cliver",0.140303491026341
"2140",213.9,"Simu1","NIT",50,"cliver",0.133438402732631
"2141",214,"Simu1","NIT",50,"cliver",0.126820273202125
"2142",214.1,"Simu1","NIT",50,"cliver",0.120449804924886
"2143",214.2,"Simu1","NIT",50,"cliver",0.114326598670363
"2144",214.3,"Simu1","NIT",50,"cliver",0.108449250785488
"2145",214.4,"Simu1","NIT",50,"cliver",0.102815445949665
"2146",214.5,"Simu1","NIT",50,"cliver",0.0974220456635126
"2147",214.6,"Simu1","NIT",50,"cliver",0.0922651735791429
"2148",214.7,"Simu1","NIT",50,"cliver",0.0873402968056188
"2149",214.8,"Simu1","NIT",50,"cliver",0.0826423063079963
"2150",214.9,"Simu1","NIT",50,"cliver",0.0781655915097018
"2151",215,"Simu1","NIT",50,"cliver",0.0739041188913786
"2152",215.1,"Simu1","NIT",50,"cliver",0.0698514929286619
"2153",215.2,"Simu1","NIT",50,"cliver",0.0660010494299978
"2154",215.3,"Simu1","NIT",50,"cliver",0.0623458865602121
"2155",215.4,"Simu1","NIT",50,"cliver",0.0588789510383916
"2156",215.5,"Simu1","NIT",50,"cliver",0.0555930431947812
"2157",215.6,"Simu1","NIT",50,"cliver",0.0524808853587372
"2158",215.7,"Simu1","NIT",50,"cliver",0.0495352791750669
"2159",215.8,"Simu1","NIT",50,"cliver",0.0467491586934035
"2160",215.9,"Simu1","NIT",50,"cliver",0.0441153804925539
"2161",216,"Simu1","NIT",50,"cliver",0.0425486027171623
"2162",216.1,"Simu1","NIT",50,"cliver",0.246773182835614
"2163",216.2,"Simu1","NIT",50,"cliver",0.320056063203983
"2164",216.3,"Simu1","NIT",50,"cliver",0.340402922787886
"2165",216.4,"Simu1","NIT",50,"cliver",0.350857193555962
"2166",216.5,"Simu1","NIT",50,"cliver",0.357775358072753
"2167",216.6,"Simu1","NIT",50,"cliver",0.362320115940743
"2168",216.7,"Simu1","NIT",50,"cliver",0.364860706267727
"2169",216.8,"Simu1","NIT",50,"cliver",0.365634891336526
"2170",216.9,"Simu1","NIT",50,"cliver",0.364844329102648
"2171",217,"Simu1","NIT",50,"cliver",0.362671579043579
"2172",217.1,"Simu1","NIT",50,"cliver",0.359283037436504
"2173",217.2,"Simu1","NIT",50,"cliver",0.35483064768359
"2174",217.3,"Simu1","NIT",50,"cliver",0.349452967560467
"2175",217.4,"Simu1","NIT",50,"cliver",0.343276291484186
"2176",217.5,"Simu1","NIT",50,"cliver",0.336415517651918
"2177",217.6,"Simu1","NIT",50,"cliver",0.328975030784934
"2178",217.7,"Simu1","NIT",50,"cliver",0.321049598865281
"2179",217.8,"Simu1","NIT",50,"cliver",0.312725119311515
"2180",217.9,"Simu1","NIT",50,"cliver",0.304079317677188
"2181",218,"Simu1","NIT",50,"cliver",0.295182431654233
"2182",218.1,"Simu1","NIT",50,"cliver",0.286097771020992
"2183",218.2,"Simu1","NIT",50,"cliver",0.276882326777049
"2184",218.3,"Simu1","NIT",50,"cliver",0.267587270954186
"2185",218.4,"Simu1","NIT",50,"cliver",0.258258460856835
"2186",218.5,"Simu1","NIT",50,"cliver",0.248936851972967
"2187",218.6,"Simu1","NIT",50,"cliver",0.239658888775548
"2188",218.7,"Simu1","NIT",50,"cliver",0.230456885947386
"2189",218.8,"Simu1","NIT",50,"cliver",0.221359434017068
"2190",218.9,"Simu1","NIT",50,"cliver",0.212391749820064
"2191",219,"Simu1","NIT",50,"cliver",0.203575998691708
"2192",219.1,"Simu1","NIT",50,"cliver",0.194931159597973
"2193",219.2,"Simu1","NIT",50,"cliver",0.186473585584435
"2194",219.3,"Simu1","NIT",50,"cliver",0.178217343639494
"2195",219.4,"Simu1","NIT",50,"cliver",0.17017431443125
"2196",219.5,"Simu1","NIT",50,"cliver",0.162354300356619
"2197",219.6,"Simu1","NIT",50,"cliver",0.154765221604169
"2198",219.7,"Simu1","NIT",50,"cliver",0.14741329933135
"2199",219.8,"Simu1","NIT",50,"cliver",0.140303189496044
"2200",219.9,"Simu1","NIT",50,"cliver",0.133438108345078
"2201",220,"Simu1","NIT",50,"cliver",0.126819973646861
"2202",220.1,"Simu1","NIT",50,"cliver",0.120449507229938
"2203",220.2,"Simu1","NIT",50,"cliver",0.114326316486654
"2204",220.3,"Simu1","NIT",50,"cliver",0.108448987821953
"2205",220.4,"Simu1","NIT",50,"cliver",0.102815195040166
"2206",220.5,"Simu1","NIT",50,"cliver",0.0974218033788246
"2207",220.6,"Simu1","NIT",50,"cliver",0.0922649435281543
"2208",220.7,"Simu1","NIT",50,"cliver",0.0873400786780984
"2209",220.8,"Simu1","NIT",50,"cliver",0.0826420982343306
"2210",220.9,"Simu1","NIT",50,"cliver",0.0781653968934498
"2211",221,"Simu1","NIT",50,"cliver",0.073903932295614
"2212",221.1,"Simu1","NIT",50,"cliver",0.0698513174354184
"2213",221.2,"Simu1","NIT",50,"cliver",0.066000876805136
"2214",221.3,"Simu1","NIT",50,"cliver",0.0623457071304958
"2215",221.4,"Simu1","NIT",50,"cliver",0.0588787454899382
"2216",221.5,"Simu1","NIT",50,"cliver",0.0555928255155474
"2217",221.6,"Simu1","NIT",50,"cliver",0.0524807254259041
"2218",221.7,"Simu1","NIT",50,"cliver",0.0495352163233005
"2219",221.8,"Simu1","NIT",50,"cliver",0.0467491063931332
"2220",221.9,"Simu1","NIT",50,"cliver",0.0441152788989278
"2221",222,"Simu1","NIT",50,"cliver",0.0425485032392794
"2222",222.1,"Simu1","NIT",50,"cliver",0.246772892268201
"2223",222.2,"Simu1","NIT",50,"cliver",0.320054630720136
"2224",222.3,"Simu1","NIT",50,"cliver",0.3404021804813
"2225",222.4,"Simu1","NIT",50,"cliver",0.350855792365423
"2226",222.5,"Simu1","NIT",50,"cliver",0.357774768466555
"2227",222.6,"Simu1","NIT",50,"cliver",0.362319093442226
"2228",222.7,"Simu1","NIT",50,"cliver",0.364859822545357
"2229",222.8,"Simu1","NIT",50,"cliver",0.36563399898041
"2230",222.9,"Simu1","NIT",50,"cliver",0.364843443453925
"2231",223,"Simu1","NIT",50,"cliver",0.362670689070811
"2232",223.1,"Simu1","NIT",50,"cliver",0.359282187660213
"2233",223.2,"Simu1","NIT",50,"cliver",0.354829842321852
"2234",223.3,"Simu1","NIT",50,"cliver",0.349452222114599
"2235",223.4,"Simu1","NIT",50,"cliver",0.343275552058013
"2236",223.5,"Simu1","NIT",50,"cliver",0.336414753591305
"2237",223.6,"Simu1","NIT",50,"cliver",0.328974273755914
"2238",223.7,"Simu1","NIT",50,"cliver",0.32104886548122
"2239",223.8,"Simu1","NIT",50,"cliver",0.312724401007965
"2240",223.9,"Simu1","NIT",50,"cliver",0.304078606662356
"2241",224,"Simu1","NIT",50,"cliver",0.295181716749673
"2242",224.1,"Simu1","NIT",50,"cliver",0.286097066616622
"2243",224.2,"Simu1","NIT",50,"cliver",0.276881644523461
"2244",224.3,"Simu1","NIT",50,"cliver",0.267586618976238
"2245",224.4,"Simu1","NIT",50,"cliver",0.258257830705816
"2246",224.5,"Simu1","NIT",50,"cliver",0.248936233903098
"2247",224.6,"Simu1","NIT",50,"cliver",0.239658295966394
"2248",224.7,"Simu1","NIT",50,"cliver",0.230456372166065
"2249",224.8,"Simu1","NIT",50,"cliver",0.221359055835872
"2250",224.9,"Simu1","NIT",50,"cliver",0.212391497576224
"2251",225,"Simu1","NIT",50,"cliver",0.203575694519128
"2252",225.1,"Simu1","NIT",50,"cliver",0.194930755664018
"2253",225.2,"Simu1","NIT",50,"cliver",0.18647314642503
"2254",225.3,"Simu1","NIT",50,"cliver",0.17821691229316
"2255",225.4,"Simu1","NIT",50,"cliver",0.170173882171148
"2256",225.5,"Simu1","NIT",50,"cliver",0.162353853453983
"2257",225.6,"Simu1","NIT",50,"cliver",0.154764761211689
"2258",225.7,"Simu1","NIT",50,"cliver",0.147412832829183
"2259",225.8,"Simu1","NIT",50,"cliver",0.140302729712845
"2260",225.9,"Simu1","NIT",50,"cliver",0.133437676505167
"2261",226,"Simu1","NIT",50,"cliver",0.126819581129367
"2262",226.1,"Simu1","NIT",50,"cliver",0.120449146033371
"2263",226.2,"Simu1","NIT",50,"cliver",0.11432597197203
"2264",226.3,"Simu1","NIT",50,"cliver",0.108448655270725
"2265",226.4,"Simu1","NIT",50,"cliver",0.102814880589571
"2266",226.5,"Simu1","NIT",50,"cliver",0.0974215094007111
"2267",226.6,"Simu1","NIT",50,"cliver",0.0922646653681239
"2268",226.7,"Simu1","NIT",50,"cliver",0.0873398155647065
"2269",226.8,"Simu1","NIT",50,"cliver",0.0826418510126464
"2270",226.9,"Simu1","NIT",50,"cliver",0.0781651610124623
"2271",227,"Simu1","NIT",50,"cliver",0.0739037123131557
"2272",227.1,"Simu1","NIT",50,"cliver",0.0698511088229736
"2273",227.2,"Simu1","NIT",50,"cliver",0.0660006883477359
"2274",227.3,"Simu1","NIT",50,"cliver",0.0623455483250671
"2275",227.4,"Simu1","NIT",50,"cliver",0.0588786365590572
"2276",227.5,"Simu1","NIT",50,"cliver",0.0555927481666803
"2277",227.6,"Simu1","NIT",50,"cliver",0.0524806045434594
"2278",227.7,"Simu1","NIT",50,"cliver",0.0495350725711182
"2279",227.8,"Simu1","NIT",50,"cliver",0.0467490056899449
"2280",227.9,"Simu1","NIT",50,"cliver",0.0441151940182083
"2281",228,"Simu1","NIT",50,"cliver",0.0425483905578313
"2282",228.1,"Simu1","NIT",50,"cliver",0.246773095078443
"2283",228.2,"Simu1","NIT",50,"cliver",0.320055597753322
"2284",228.3,"Simu1","NIT",50,"cliver",0.34040338708872
"2285",228.4,"Simu1","NIT",50,"cliver",0.350857418054519
"2286",228.5,"Simu1","NIT",50,"cliver",0.35777615212493
"2287",228.6,"Simu1","NIT",50,"cliver",0.362320629815041
"2288",228.7,"Simu1","NIT",50,"cliver",0.364861377692759
"2289",228.8,"Simu1","NIT",50,"cliver",0.365635585318933
"2290",228.9,"Simu1","NIT",50,"cliver",0.364845035701592
"2291",229,"Simu1","NIT",50,"cliver",0.362672285450262
"2292",229.1,"Simu1","NIT",50,"cliver",0.359283788001084
"2293",229.2,"Simu1","NIT",50,"cliver",0.354831423444072
"2294",229.3,"Simu1","NIT",50,"cliver",0.34945377784077
"2295",229.4,"Simu1","NIT",50,"cliver",0.343277083025285
"2296",229.5,"Simu1","NIT",50,"cliver",0.3364162727301
"2297",229.6,"Simu1","NIT",50,"cliver",0.328975775032284
"2298",229.7,"Simu1","NIT",50,"cliver",0.321050338379604
"2299",229.8,"Simu1","NIT",50,"cliver",0.312725840163427
"2300",229.9,"Simu1","NIT",50,"cliver",0.304080013668688
"2301",230,"Simu1","NIT",50,"cliver",0.295183092969948
"2302",230.1,"Simu1","NIT",50,"cliver",0.286098410870302
"2303",230.2,"Simu1","NIT",50,"cliver",0.276882953419823
"2304",230.3,"Simu1","NIT",50,"cliver",0.267587890066011
"2305",230.4,"Simu1","NIT",50,"cliver",0.258259064284929
"2306",230.5,"Simu1","NIT",50,"cliver",0.248937430758027
"2307",230.6,"Simu1","NIT",50,"cliver",0.23965945540836
"2308",230.7,"Simu1","NIT",50,"cliver",0.230457493112854
"2309",230.8,"Simu1","NIT",50,"cliver",0.221360138181395
"2310",230.9,"Simu1","NIT",50,"cliver",0.212392541820193
"2311",231,"Simu1","NIT",50,"cliver",0.203576700963105
"2312",231.1,"Simu1","NIT",50,"cliver",0.194931724406962
"2313",231.2,"Simu1","NIT",50,"cliver",0.186474077729785
"2314",231.3,"Simu1","NIT",50,"cliver",0.178217806665373
"2315",231.4,"Simu1","NIT",50,"cliver",0.170174740207807
"2316",231.5,"Simu1","NIT",50,"cliver",0.162354675751944
"2317",231.6,"Simu1","NIT",50,"cliver",0.154765548401742
"2318",231.7,"Simu1","NIT",50,"cliver",0.147413585641316
"2319",231.8,"Simu1","NIT",50,"cliver",0.140303448941336
"2320",231.9,"Simu1","NIT",50,"cliver",0.133438362886998
"2321",232,"Simu1","NIT",50,"cliver",0.12682023547095
"2322",232.1,"Simu1","NIT",50,"cliver",0.120449769248632
"2323",232.2,"Simu1","NIT",50,"cliver",0.114326565007601
"2324",232.3,"Simu1","NIT",50,"cliver",0.108449219030549
"2325",232.4,"Simu1","NIT",50,"cliver",0.102815415984652
"2326",232.5,"Simu1","NIT",50,"cliver",0.0974220174139877
"2327",232.6,"Simu1","NIT",50,"cliver",0.0922651469849937
"2328",232.7,"Simu1","NIT",50,"cliver",0.0873402717905997
"2329",232.8,"Simu1","NIT",50,"cliver",0.082642282742195
"2330",232.9,"Simu1","NIT",50,"cliver",0.0781655694225052
"2331",233,"Simu1","NIT",50,"cliver",0.0739040979285971
"2332",233.1,"Simu1","NIT",50,"cliver",0.0698514738240761
"2333",233.2,"Simu1","NIT",50,"cliver",0.0660010365169828
"2334",233.3,"Simu1","NIT",50,"cliver",0.0623458807596985
"2335",233.4,"Simu1","NIT",50,"cliver",0.0588789506169224
"2336",233.5,"Simu1","NIT",50,"cliver",0.055593027242371
"2337",233.6,"Simu1","NIT",50,"cliver",0.0524808565692972
"2338",233.7,"Simu1","NIT",50,"cliver",0.0495353303058853
"2339",233.8,"Simu1","NIT",50,"cliver",0.046749258533064
"2340",233.9,"Simu1","NIT",50,"cliver",0.0441154216721234
"2341",234,"Simu1","NIT",50,"cliver",0.0425486269527898
"2342",234.1,"Simu1","NIT",50,"cliver",0.246773203456748
"2343",234.2,"Simu1","NIT",50,"cliver",0.320056082301779
"2344",234.3,"Simu1","NIT",50,"cliver",0.340402941614268
"2345",234.4,"Simu1","NIT",50,"cliver",0.350856808209593
"2346",234.5,"Simu1","NIT",50,"cliver",0.357775798972699
"2347",234.6,"Simu1","NIT",50,"cliver",0.362320052819282
"2348",234.7,"Simu1","NIT",50,"cliver",0.36486071612739
"2349",234.8,"Simu1","NIT",50,"cliver",0.365634869551679
"2350",234.9,"Simu1","NIT",50,"cliver",0.364844307513997
"2351",235,"Simu1","NIT",50,"cliver",0.362671557637579
"2352",235.1,"Simu1","NIT",50,"cliver",0.359283045970933
"2353",235.2,"Simu1","NIT",50,"cliver",0.354830686745424
"2354",235.3,"Simu1","NIT",50,"cliver",0.349453055694154
"2355",235.4,"Simu1","NIT",50,"cliver",0.343276371175268
"2356",235.5,"Simu1","NIT",50,"cliver",0.336415561313992
"2357",235.6,"Simu1","NIT",50,"cliver",0.328975068131643
"2358",235.7,"Simu1","NIT",50,"cliver",0.321049643474593
"2359",235.8,"Simu1","NIT",50,"cliver",0.312725160308117
"2360",235.9,"Simu1","NIT",50,"cliver",0.304079347126086
"2361",236,"Simu1","NIT",50,"cliver",0.295182438971611
"2362",236.1,"Simu1","NIT",50,"cliver",0.28609777049964
"2363",236.2,"Simu1","NIT",50,"cliver",0.27688232880961
"2364",236.3,"Simu1","NIT",50,"cliver",0.267587282576614
"2365",236.4,"Simu1","NIT",50,"cliver",0.258258473689218
"2366",236.5,"Simu1","NIT",50,"cliver",0.248936856685649
"2367",236.6,"Simu1","NIT",50,"cliver",0.239658898408424
"2368",236.7,"Simu1","NIT",50,"cliver",0.230456953899309
"2369",236.8,"Simu1","NIT",50,"cliver",0.221359616862548
"2370",236.9,"Simu1","NIT",50,"cliver",0.212392038193744
"2371",237,"Simu1","NIT",50,"cliver",0.203576214970245
"2372",237.1,"Simu1","NIT",50,"cliver",0.194931256090957
"2373",237.2,"Simu1","NIT",50,"cliver",0.186473627030738
"2374",237.3,"Simu1","NIT",50,"cliver",0.178217373396071
"2375",237.4,"Simu1","NIT",50,"cliver",0.170174324134018
"2376",237.5,"Simu1","NIT",50,"cliver",0.162354276634755
"2377",237.6,"Simu1","NIT",50,"cliver",0.154765165981684
"2378",237.7,"Simu1","NIT",50,"cliver",0.147413219603392
"2379",237.8,"Simu1","NIT",50,"cliver",0.140303098942281
"2380",237.9,"Simu1","NIT",50,"cliver",0.133438028613602
"2381",238,"Simu1","NIT",50,"cliver",0.12681991656616
"2382",238.1,"Simu1","NIT",50,"cliver",0.12044946529215
"2383",238.2,"Simu1","NIT",50,"cliver",0.114326275563644
"2384",238.3,"Simu1","NIT",50,"cliver",0.108448943687993
"2385",238.4,"Simu1","NIT",50,"cliver",0.102815154329172
"2386",238.5,"Simu1","NIT",50,"cliver",0.0974217689818623
"2387",238.6,"Simu1","NIT",50,"cliver",0.0922649113208907
"2388",238.7,"Simu1","NIT",50,"cliver",0.0873400484082823
"2389",238.8,"Simu1","NIT",50,"cliver",0.0826420712584649
"2390",238.9,"Simu1","NIT",50,"cliver",0.0781653691987799
"2391",239,"Simu1","NIT",50,"cliver",0.0739039089069329
"2392",239.1,"Simu1","NIT",50,"cliver",0.0698512944966071
"2393",239.2,"Simu1","NIT",50,"cliver",0.0660008646278273
"2394",239.3,"Simu1","NIT",50,"cliver",0.0623457153298537
"2395",239.4,"Simu1","NIT",50,"cliver",0.0588787938001924
"2396",239.5,"Simu1","NIT",50,"cliver",0.055592890862751
"2397",239.6,"Simu1","NIT",50,"cliver",0.0524807348343175
"2398",239.7,"Simu1","NIT",50,"cliver",0.0495352022224834
"2399",239.8,"Simu1","NIT",50,"cliver",0.0467491316980859
"2400",239.9,"Simu1","NIT",50,"cliver",0.0441153045536148
"2401",240,"Simu1","NIT",50,"cliver",0.0425485163179928
"2402",240.1,"Simu1","NIT",50,"cliver",0.246773091775305
"2403",240.2,"Simu1","NIT",50,"cliver",0.320055458570603
"2404",240.3,"Simu1","NIT",50,"cliver",0.340403008079154
"2405",240.4,"Simu1","NIT",50,"cliver",0.350856790819117
"2406",240.5,"Simu1","NIT",50,"cliver",0.357775629028455
"2407",240.6,"Simu1","NIT",50,"cliver",0.36232003121277
"2408",240.7,"Simu1","NIT",50,"cliver",0.364860968386517
"2409",240.8,"Simu1","NIT",50,"cliver",0.365635037109203
"2410",240.9,"Simu1","NIT",50,"cliver",0.364844385303117
"2411",241,"Simu1","NIT",50,"cliver",0.362671739546314
"2412",241.1,"Simu1","NIT",50,"cliver",0.359283297799373
"2413",241.2,"Simu1","NIT",50,"cliver",0.354830938733384
"2414",241.3,"Simu1","NIT",50,"cliver",0.349453308356353
"2415",241.4,"Simu1","NIT",50,"cliver",0.343276691204614
"2416",241.5,"Simu1","NIT",50,"cliver",0.33641591587263
"2417",241.6,"Simu1","NIT",50,"cliver",0.328975383963169
"2418",241.7,"Simu1","NIT",50,"cliver",0.321049908344874
"2419",241.8,"Simu1","NIT",50,"cliver",0.312725420540098
"2420",241.9,"Simu1","NIT",50,"cliver",0.304079608852592
"2421",242,"Simu1","NIT",50,"cliver",0.295182707102369
"2422",242.1,"Simu1","NIT",50,"cliver",0.286098035927751
"2423",242.2,"Simu1","NIT",50,"cliver",0.276882513254107
"2424",242.3,"Simu1","NIT",50,"cliver",0.267587354436375
"2425",242.4,"Simu1","NIT",50,"cliver",0.258258561859648
"2426",242.5,"Simu1","NIT",50,"cliver",0.248937086587423
"2427",242.6,"Simu1","NIT",50,"cliver",0.239659206933264
"2428",242.7,"Simu1","NIT",50,"cliver",0.230457272788331
"2429",242.8,"Simu1","NIT",50,"cliver",0.221359942838483
"2430",242.9,"Simu1","NIT",50,"cliver",0.212392385101116
"2431",243,"Simu1","NIT",50,"cliver",0.203576583279575
"2432",243.1,"Simu1","NIT",50,"cliver",0.194931636676951
"2433",243.2,"Simu1","NIT",50,"cliver",0.186474006334784
"2434",243.3,"Simu1","NIT",50,"cliver",0.178217721484616
"2435",243.4,"Simu1","NIT",50,"cliver",0.170174619396861
"2436",243.5,"Simu1","NIT",50,"cliver",0.162354543195974
"2437",243.6,"Simu1","NIT",50,"cliver",0.154765392228219
"2438",243.7,"Simu1","NIT",50,"cliver",0.147413424591719
"2439",243.8,"Simu1","NIT",50,"cliver",0.140303278842939
"2440",243.9,"Simu1","NIT",50,"cliver",0.133438172216521
"2441",244,"Simu1","NIT",50,"cliver",0.126820000279089
"2442",244.1,"Simu1","NIT",50,"cliver",0.12044949220438
"2443",244.2,"Simu1","NIT",50,"cliver",0.114326347833563
"2444",244.3,"Simu1","NIT",50,"cliver",0.108449091406489
"2445",244.4,"Simu1","NIT",50,"cliver",0.102815339545131
"2446",244.5,"Simu1","NIT",50,"cliver",0.0974219567148559
"2447",244.6,"Simu1","NIT",50,"cliver",0.0922650918757165
"2448",244.7,"Simu1","NIT",50,"cliver",0.0873402252578898
"2449",244.8,"Simu1","NIT",50,"cliver",0.0826422477820988
"2450",244.9,"Simu1","NIT",50,"cliver",0.0781655467053457
"2451",245,"Simu1","NIT",50,"cliver",0.0739040845954702
"2452",245.1,"Simu1","NIT",50,"cliver",0.0698514695210423
"2453",245.2,"Simu1","NIT",50,"cliver",0.0660010262194016
"2454",245.3,"Simu1","NIT",50,"cliver",0.062345851623244
"2455",245.4,"Simu1","NIT",50,"cliver",0.0588788909760364
"2456",245.5,"Simu1","NIT",50,"cliver",0.0555929599282646
"2457",245.6,"Simu1","NIT",50,"cliver",0.0524808723084355
"2458",245.7,"Simu1","NIT",50,"cliver",0.0495353182342306
"2459",245.8,"Simu1","NIT",50,"cliver",0.0467492283130849
"2460",245.9,"Simu1","NIT",50,"cliver",0.0441153740452696
"2461",246,"Simu1","NIT",50,"cliver",0.0425485990833706
"2462",246.1,"Simu1","NIT",50,"cliver",0.24677313576411
"2463",246.2,"Simu1","NIT",50,"cliver",0.320055358875496
"2464",246.3,"Simu1","NIT",50,"cliver",0.34040325916679
"2465",246.4,"Simu1","NIT",50,"cliver",0.350856866175627
"2466",246.5,"Simu1","NIT",50,"cliver",0.35777576772896
"2467",246.6,"Simu1","NIT",50,"cliver",0.362320283972666
"2468",246.7,"Simu1","NIT",50,"cliver",0.364860960609741
"2469",246.8,"Simu1","NIT",50,"cliver",0.365635107889489
"2470",246.9,"Simu1","NIT",50,"cliver",0.364844559688303
"2471",247,"Simu1","NIT",50,"cliver",0.362671800408947
"2472",247.1,"Simu1","NIT",50,"cliver",0.359283289318195
"2473",247.2,"Simu1","NIT",50,"cliver",0.354830939317448
"2474",247.3,"Simu1","NIT",50,"cliver",0.349453318581821
"2475",247.4,"Simu1","NIT",50,"cliver",0.343276647046408
"2476",247.5,"Simu1","NIT",50,"cliver",0.336415827191504
"2477",247.6,"Simu1","NIT",50,"cliver",0.328975321709779
"2478",247.7,"Simu1","NIT",50,"cliver",0.32104989235466
"2479",247.8,"Simu1","NIT",50,"cliver",0.312725410294309
"2480",247.9,"Simu1","NIT",50,"cliver",0.304079595389595
"2481",248,"Simu1","NIT",50,"cliver",0.295182680424656
"2482",248.1,"Simu1","NIT",50,"cliver",0.286098002916617
"2483",248.2,"Simu1","NIT",50,"cliver",0.276882554549422
"2484",248.3,"Simu1","NIT",50,"cliver",0.267587504127738
"2485",248.4,"Simu1","NIT",50,"cliver",0.25825868999811
"2486",248.5,"Simu1","NIT",50,"cliver",0.248937065617973
"2487",248.6,"Simu1","NIT",50,"cliver",0.239659099905599
"2488",248.7,"Simu1","NIT",50,"cliver",0.230457149088943
"2489",248.8,"Simu1","NIT",50,"cliver",0.221359806012372
"2490",248.9,"Simu1","NIT",50,"cliver",0.212392220760708
"2491",249,"Simu1","NIT",50,"cliver",0.203576390681249
"2492",249.1,"Simu1","NIT",50,"cliver",0.194931425176996
"2493",249.2,"Simu1","NIT",50,"cliver",0.186473789748721
"2494",249.3,"Simu1","NIT",50,"cliver",0.178217529785531
"2495",249.4,"Simu1","NIT",50,"cliver",0.170174474174809
"2496",249.5,"Simu1","NIT",50,"cliver",0.1623544204098
"2497",249.6,"Simu1","NIT",50,"cliver",0.154765303642623
"2498",249.7,"Simu1","NIT",50,"cliver",0.147413351271539
"2499",249.8,"Simu1","NIT",50,"cliver",0.140303224664806
"2500",249.9,"Simu1","NIT",50,"cliver",0.133438148612483
"2501",250,"Simu1","NIT",50,"cliver",0.126820031054437
"2502",250.1,"Simu1","NIT",50,"cliver",0.120449574382217
"2503",250.2,"Simu1","NIT",50,"cliver",0.114326379331558
"2504",250.3,"Simu1","NIT",50,"cliver",0.108449042320636
"2505",250.4,"Simu1","NIT",50,"cliver",0.102815248037904
"2506",250.5,"Simu1","NIT",50,"cliver",0.0974218579384421
"2507",250.6,"Simu1","NIT",50,"cliver",0.0922649956366702
"2508",250.7,"Simu1","NIT",50,"cliver",0.0873401282967982
"2509",250.8,"Simu1","NIT",50,"cliver",0.0826421468599108
"2510",250.9,"Simu1","NIT",50,"cliver",0.0781654407837401
"2511",251,"Simu1","NIT",50,"cliver",0.0739039764696923
"2512",251.1,"Simu1","NIT",50,"cliver",0.0698513584711507
"2513",251.2,"Simu1","NIT",50,"cliver",0.0660009207624985
"2514",251.3,"Simu1","NIT",50,"cliver",0.0623457662744366
"2515",251.4,"Simu1","NIT",50,"cliver",0.0588788423540536
"2516",251.5,"Simu1","NIT",50,"cliver",0.0555929558825129
"2517",251.6,"Simu1","NIT",50,"cliver",0.0524808377564504
"2518",251.7,"Simu1","NIT",50,"cliver",0.0495352089730877
"2519",251.8,"Simu1","NIT",50,"cliver",0.0467490114441121
"2520",251.9,"Simu1","NIT",50,"cliver",0.0441152526882724
"2521",252,"Simu1","NIT",50,"cliver",0.0425485084751686
"2522",252.1,"Simu1","NIT",50,"cliver",0.246773060596907
"2523",252.2,"Simu1","NIT",50,"cliver",0.320055912550317
"2524",252.3,"Simu1","NIT",50,"cliver",0.340402926402213
"2525",252.4,"Simu1","NIT",50,"cliver",0.350857116895394
"2526",252.5,"Simu1","NIT",50,"cliver",0.357775633282499
"2527",252.6,"Simu1","NIT",50,"cliver",0.362319882182446
"2528",252.7,"Simu1","NIT",50,"cliver",0.364860696846759
"2529",252.8,"Simu1","NIT",50,"cliver",0.365634844623839
"2530",252.9,"Simu1","NIT",50,"cliver",0.364844304127734
"2531",253,"Simu1","NIT",50,"cliver",0.362671520899069
"2532",253.1,"Simu1","NIT",50,"cliver",0.359283007574472
"2533",253.2,"Simu1","NIT",50,"cliver",0.354830656629648
"2534",253.3,"Simu1","NIT",50,"cliver",0.34945302644326
"2535",253.4,"Simu1","NIT",50,"cliver",0.343276348440791
"2536",253.5,"Simu1","NIT",50,"cliver",0.336415530785064
"2537",253.6,"Simu1","NIT",50,"cliver",0.328975029425165
"2538",253.7,"Simu1","NIT",50,"cliver",0.321049602371973
"2539",253.8,"Simu1","NIT",50,"cliver",0.312725121912025
"2540",253.9,"Simu1","NIT",50,"cliver",0.304079310944744
"2541",254,"Simu1","NIT",50,"cliver",0.295182400998418
"2542",254.1,"Simu1","NIT",50,"cliver",0.286097728459145
"2543",254.2,"Simu1","NIT",50,"cliver",0.276882285360373
"2544",254.3,"Simu1","NIT",50,"cliver",0.267587240643455
"2545",254.4,"Simu1","NIT",50,"cliver",0.258258432599316
"2546",254.5,"Simu1","NIT",50,"cliver",0.24893681474866
"2547",254.6,"Simu1","NIT",50,"cliver",0.239658855840487
"2548",254.7,"Simu1","NIT",50,"cliver",0.230456911894808
"2549",254.8,"Simu1","NIT",50,"cliver",0.22135957581315
"2550",254.9,"Simu1","NIT",50,"cliver",0.212391997752626
"2551",255,"Simu1","NIT",50,"cliver",0.203576174961538
"2552",255.1,"Simu1","NIT",50,"cliver",0.194931216752572
"2553",255.2,"Simu1","NIT",50,"cliver",0.186473588630126
"2554",255.3,"Simu1","NIT",50,"cliver",0.178217335984664
"2555",255.4,"Simu1","NIT",50,"cliver",0.17017428765903
"2556",255.5,"Simu1","NIT",50,"cliver",0.162354241119698
"2557",255.6,"Simu1","NIT",50,"cliver",0.154765131501282
"2558",255.7,"Simu1","NIT",50,"cliver",0.147413186203753
"2559",255.8,"Simu1","NIT",50,"cliver",0.140303066586576
"2560",255.9,"Simu1","NIT",50,"cliver",0.133437997367689
"2561",256,"Simu1","NIT",50,"cliver",0.126819886477162
"2562",256.1,"Simu1","NIT",50,"cliver",0.120449436346921
"2563",256.2,"Simu1","NIT",50,"cliver",0.114326247710224
"2564",256.3,"Simu1","NIT",50,"cliver",0.108448916936906
"2565",256.4,"Simu1","NIT",50,"cliver",0.102815128694613
"2566",256.5,"Simu1","NIT",50,"cliver",0.0974217444639596
"2567",256.6,"Simu1","NIT",50,"cliver",0.092264887851972
"2568",256.7,"Simu1","NIT",50,"cliver",0.0873400260210387
"2569",256.8,"Simu1","NIT",50,"cliver",0.0826420498581401
"2570",256.9,"Simu1","NIT",50,"cliver",0.0781653489282444
"2571",257,"Simu1","NIT",50,"cliver",0.0739038894032924
"2572",257.1,"Simu1","NIT",50,"cliver",0.0698512763975411
"2573",257.2,"Simu1","NIT",50,"cliver",0.0660008428417536
"2574",257.3,"Simu1","NIT",50,"cliver",0.0623456898499067
"2575",257.4,"Simu1","NIT",50,"cliver",0.0588787633283974
"2576",257.5,"Simu1","NIT",50,"cliver",0.0555928719152682
"2577",257.6,"Simu1","NIT",50,"cliver",0.0524807371302292
"2578",257.7,"Simu1","NIT",50,"cliver",0.0495351403236051
"2579",257.8,"Simu1","NIT",50,"cliver",0.0467490085048208
"2580",257.9,"Simu1","NIT",50,"cliver",0.0441152419309115
"2581",258,"Simu1","NIT",50,"cliver",0.0425484708831361
"2582",258.1,"Simu1","NIT",50,"cliver",0.246772989786426
"2583",258.2,"Simu1","NIT",50,"cliver",0.320055608996349
"2584",258.3,"Simu1","NIT",50,"cliver",0.340402870903025
"2585",258.4,"Simu1","NIT",50,"cliver",0.350857126308604
"2586",258.5,"Simu1","NIT",50,"cliver",0.357776061864634
"2587",258.6,"Simu1","NIT",50,"cliver",0.362320149904132
"2588",258.7,"Simu1","NIT",50,"cliver",0.364860773751122
"2589",258.8,"Simu1","NIT",50,"cliver",0.365634898960292
"2590",258.9,"Simu1","NIT",50,"cliver",0.364844339251239
"2591",259,"Simu1","NIT",50,"cliver",0.36267159274432
"2592",259.1,"Simu1","NIT",50,"cliver",0.359283083110846
"2593",259.2,"Simu1","NIT",50,"cliver",0.354830720845793
"2594",259.3,"Simu1","NIT",50,"cliver",0.349453085392772
"2595",259.4,"Simu1","NIT",50,"cliver",0.343276397977811
"2596",259.5,"Simu1","NIT",50,"cliver",0.336415593009564
"2597",259.6,"Simu1","NIT",50,"cliver",0.328975103380002
"2598",259.7,"Simu1","NIT",50,"cliver",0.32104967849203
"2599",259.8,"Simu1","NIT",50,"cliver",0.312725192778967
"2600",259.9,"Simu1","NIT",50,"cliver",0.304079378515896
"2601",260,"Simu1","NIT",50,"cliver",0.29518247165152
"2602",260.1,"Simu1","NIT",50,"cliver",0.286097804769648
"2603",260.2,"Simu1","NIT",50,"cliver",0.27688236287674
"2604",260.3,"Simu1","NIT",50,"cliver",0.267587315331377
"2605",260.4,"Simu1","NIT",50,"cliver",0.258258505820278
"2606",260.5,"Simu1","NIT",50,"cliver",0.248936888969868
"2607",260.6,"Simu1","NIT",50,"cliver",0.239658930524902
"2608",260.7,"Simu1","NIT",50,"cliver",0.230456985213026
"2609",260.8,"Simu1","NIT",50,"cliver",0.221359647297968
"2610",260.9,"Simu1","NIT",50,"cliver",0.212392067998671
"2611",261,"Simu1","NIT",50,"cliver",0.20357624418833
"2612",261.1,"Simu1","NIT",50,"cliver",0.194931284556254
"2613",261.2,"Simu1","NIT",50,"cliver",0.18647365463408
"2614",261.3,"Simu1","NIT",50,"cliver",0.178217400156635
"2615",261.4,"Simu1","NIT",50,"cliver",0.170174350082123
"2616",261.5,"Simu1","NIT",50,"cliver",0.162354301751533
"2617",261.6,"Simu1","NIT",50,"cliver",0.154765190232081
"2618",261.7,"Simu1","NIT",50,"cliver",0.147413243004222
"2619",261.8,"Simu1","NIT",50,"cliver",0.140303121512602
"2620",261.9,"Simu1","NIT",50,"cliver",0.133438050305886
"2621",262,"Simu1","NIT",50,"cliver",0.126819937363427
"2622",262.1,"Simu1","NIT",50,"cliver",0.120449485237166
"2623",262.2,"Simu1","NIT",50,"cliver",0.114326294692241
"2624",262.3,"Simu1","NIT",50,"cliver",0.108448961994574
"2625",262.4,"Simu1","NIT",50,"cliver",0.102815171804015
"2626",262.5,"Simu1","NIT",50,"cliver",0.0974217856628721
"2627",262.6,"Simu1","NIT",50,"cliver",0.0922649272232408
"2628",262.7,"Simu1","NIT",50,"cliver",0.0873400635792532
"2629",262.8,"Simu1","NIT",50,"cliver",0.0826420856302858
"2630",262.9,"Simu1","NIT",50,"cliver",0.078165382976545
"2631",263,"Simu1","NIT",50,"cliver",0.0739039216914943
"2632",263.1,"Simu1","NIT",50,"cliver",0.0698513073660104
"2633",263.2,"Simu1","NIT",50,"cliver",0.0660008782244555
"2634",263.3,"Simu1","NIT",50,"cliver",0.0623457293881623
"2635",263.4,"Simu1","NIT",50,"cliver",0.0588788049410227
"2636",263.5,"Simu1","NIT",50,"cliver",0.0555928907223117
"2637",263.6,"Simu1","NIT",50,"cliver",0.0524807195750451
"2638",263.7,"Simu1","NIT",50,"cliver",0.0495351317516517
"2639",263.8,"Simu1","NIT",50,"cliver",0.0467490547681297
"2640",263.9,"Simu1","NIT",50,"cliver",0.0441152649143967
"2641",264,"Simu1","NIT",50,"cliver",0.0425484906655063
"2642",264.1,"Simu1","NIT",50,"cliver",0.246773245566803
"2643",264.2,"Simu1","NIT",50,"cliver",0.320057114938283
"2644",264.3,"Simu1","NIT",50,"cliver",0.340404793754262
"2645",264.4,"Simu1","NIT",50,"cliver",0.350859307926445
"2646",264.5,"Simu1","NIT",50,"cliver",0.35777774891095
"2647",264.6,"Simu1","NIT",50,"cliver",0.362322093148559
"2648",264.7,"Simu1","NIT",50,"cliver",0.364862920268119
"2649",264.8,"Simu1","NIT",50,"cliver",0.365637115645134
"2650",264.9,"Simu1","NIT",50,"cliver",0.364846587314514
"2651",265,"Simu1","NIT",50,"cliver",0.362673822054161
"2652",265.1,"Simu1","NIT",50,"cliver",0.359285312947391
"2653",265.2,"Simu1","NIT",50,"cliver",0.354832951394224
"2654",265.3,"Simu1","NIT",50,"cliver",0.349455303340197
"2655",265.4,"Simu1","NIT",50,"cliver",0.343278599386619
"2656",265.5,"Simu1","NIT",50,"cliver",0.33641775783058
"2657",265.6,"Simu1","NIT",50,"cliver",0.328977228157176
"2658",265.7,"Simu1","NIT",50,"cliver",0.321051765361776
"2659",265.8,"Simu1","NIT",50,"cliver",0.312727243010374
"2660",265.9,"Simu1","NIT",50,"cliver",0.304081387590916
"2661",266,"Simu1","NIT",50,"cliver",0.295184431753094
"2662",266.1,"Simu1","NIT",50,"cliver",0.286099711752949
"2663",266.2,"Simu1","NIT",50,"cliver",0.276884218449037
"2664",266.3,"Simu1","NIT",50,"cliver",0.26758912087597
"2665",266.4,"Simu1","NIT",50,"cliver",0.258260258934724
"2666",266.5,"Simu1","NIT",50,"cliver",0.248938586941388
"2667",266.6,"Simu1","NIT",50,"cliver",0.239660573213881
"2668",266.7,"Simu1","NIT",50,"cliver",0.230458573604768
"2669",266.8,"Simu1","NIT",50,"cliver",0.221361181528415
"2670",266.9,"Simu1","NIT",50,"cliver",0.212393547615508
"2671",267,"Simu1","NIT",50,"cliver",0.203577669231636
"2672",267.1,"Simu1","NIT",50,"cliver",0.19493265570872
"2673",267.2,"Simu1","NIT",50,"cliver",0.186474972678669
"2674",267.3,"Simu1","NIT",50,"cliver",0.17821866572348
"2675",267.4,"Simu1","NIT",50,"cliver",0.170175563839141
"2676",267.5,"Simu1","NIT",50,"cliver",0.162355464579635
"2677",267.6,"Simu1","NIT",50,"cliver",0.154766303152315
"2678",267.7,"Simu1","NIT",50,"cliver",0.147414307044285
"2679",267.8,"Simu1","NIT",50,"cliver",0.140304137721909
"2680",267.9,"Simu1","NIT",50,"cliver",0.13343901992287
"2681",268,"Simu1","NIT",50,"cliver",0.126820861645662
"2682",268.1,"Simu1","NIT",50,"cliver",0.120450365401397
"2683",268.2,"Simu1","NIT",50,"cliver",0.114327131982669
"2684",268.3,"Simu1","NIT",50,"cliver",0.108449757768691
"2685",268.4,"Simu1","NIT",50,"cliver",0.102815927458206
"2686",268.5,"Simu1","NIT",50,"cliver",0.0974225025634568
"2687",268.6,"Simu1","NIT",50,"cliver",0.0922656067410162
"2688",268.7,"Simu1","NIT",50,"cliver",0.0873407071190114
"2689",268.8,"Simu1","NIT",50,"cliver",0.0826426946546553
"2690",268.9,"Simu1","NIT",50,"cliver",0.0781659587923131
"2691",269,"Simu1","NIT",50,"cliver",0.0739044659652562
"2692",269.1,"Simu1","NIT",50,"cliver",0.069851820724425
"2693",269.2,"Simu1","NIT",50,"cliver",0.0660013582845245
"2694",269.3,"Simu1","NIT",50,"cliver",0.0623461774527035
"2695",269.4,"Simu1","NIT",50,"cliver",0.0588792248583228
"2696",269.5,"Simu1","NIT",50,"cliver",0.0555933027018253
"2697",269.6,"Simu1","NIT",50,"cliver",0.0524811326607673
"2698",269.7,"Simu1","NIT",50,"cliver",0.0495355115240919
"2699",269.8,"Simu1","NIT",50,"cliver",0.0467493725758525
"2700",269.9,"Simu1","NIT",50,"cliver",0.0441155829064993
"2701",270,"Simu1","NIT",50,"cliver",0.0425487852385076
"2702",270.1,"Simu1","NIT",50,"cliver",0.246773355031882
"2703",270.2,"Simu1","NIT",50,"cliver",0.320055764803002
"2704",270.3,"Simu1","NIT",50,"cliver",0.340403146203528
"2705",270.4,"Simu1","NIT",50,"cliver",0.350856627646334
"2706",270.5,"Simu1","NIT",50,"cliver",0.357776188487944
"2707",270.6,"Simu1","NIT",50,"cliver",0.362320386372972
"2708",270.7,"Simu1","NIT",50,"cliver",0.364861012664073
"2709",270.8,"Simu1","NIT",50,"cliver",0.3656351324252
"2710",270.9,"Simu1","NIT",50,"cliver",0.364844485271946
"2711",271,"Simu1","NIT",50,"cliver",0.362671505557501
"2712",271.1,"Simu1","NIT",50,"cliver",0.359282858752535
"2713",271.2,"Simu1","NIT",50,"cliver",0.354830710868865
"2714",271.3,"Simu1","NIT",50,"cliver",0.349453213966793
"2715",271.4,"Simu1","NIT",50,"cliver",0.343276586096139
"2716",271.5,"Simu1","NIT",50,"cliver",0.336415851457575
"2717",271.6,"Simu1","NIT",50,"cliver",0.328975423869544
"2718",271.7,"Simu1","NIT",50,"cliver",0.321050041383426
"2719",271.8,"Simu1","NIT",50,"cliver",0.312725601413175
"2720",271.9,"Simu1","NIT",50,"cliver",0.304079770537738
"2721",272,"Simu1","NIT",50,"cliver",0.295182800191127
"2722",272.1,"Simu1","NIT",50,"cliver",0.286098086404819
"2723",272.2,"Simu1","NIT",50,"cliver",0.276882638187961
"2724",272.3,"Simu1","NIT",50,"cliver",0.26758759993429
"2725",272.4,"Simu1","NIT",50,"cliver",0.258258787699077
"2726",272.5,"Simu1","NIT",50,"cliver",0.248937154724404
"2727",272.6,"Simu1","NIT",50,"cliver",0.239659181393331
"2728",272.7,"Simu1","NIT",50,"cliver",0.230457229494149
"2729",272.8,"Simu1","NIT",50,"cliver",0.22135988778498
"2730",272.9,"Simu1","NIT",50,"cliver",0.212392301101134
"2731",273,"Simu1","NIT",50,"cliver",0.203576466880815
"2732",273.1,"Simu1","NIT",50,"cliver",0.194931497634401
"2733",273.2,"Simu1","NIT",50,"cliver",0.186473860185901
"2734",273.3,"Simu1","NIT",50,"cliver",0.178217598609898
"2735",273.4,"Simu1","NIT",50,"cliver",0.170174540665926
"2736",273.5,"Simu1","NIT",50,"cliver",0.162354483884347
"2737",273.6,"Simu1","NIT",50,"cliver",0.154765364560256
"2738",273.7,"Simu1","NIT",50,"cliver",0.147413409537298
"2739",273.8,"Simu1","NIT",50,"cliver",0.140303279972505
"2740",273.9,"Simu1","NIT",50,"cliver",0.133438201684847
"2741",274,"Simu1","NIT",50,"cliver",0.126820082594125
"2742",274.1,"Simu1","NIT",50,"cliver",0.120449623644003
"2743",274.2,"Simu1","NIT",50,"cliver",0.114326425958735
"2744",274.3,"Simu1","NIT",50,"cliver",0.108449086689409
"2745",274.4,"Simu1","NIT",50,"cliver",0.102815290844965
"2746",274.5,"Simu1","NIT",50,"cliver",0.097421898422821
"2747",274.6,"Simu1","NIT",50,"cliver",0.0922650344562096
"2748",274.7,"Simu1","NIT",50,"cliver",0.0873401640639255
"2749",274.8,"Simu1","NIT",50,"cliver",0.0826421831153571
"2750",274.9,"Simu1","NIT",50,"cliver",0.078165469362194
"2751",275,"Simu1","NIT",50,"cliver",0.0739039881875704
"2752",275.1,"Simu1","NIT",50,"cliver",0.0698513450920027
"2753",275.2,"Simu1","NIT",50,"cliver",0.0660009450189304
"2754",275.3,"Simu1","NIT",50,"cliver",0.0623458566684072
"2755",275.4,"Simu1","NIT",50,"cliver",0.0588788834272675
"2756",275.5,"Simu1","NIT",50,"cliver",0.0555928891344931
"2757",275.6,"Simu1","NIT",50,"cliver",0.0524808070341217
"2758",275.7,"Simu1","NIT",50,"cliver",0.0495353276844239
"2759",275.8,"Simu1","NIT",50,"cliver",0.0467491704506136
"2760",275.9,"Simu1","NIT",50,"cliver",0.0441153228634302
"2761",276,"Simu1","NIT",50,"cliver",0.0425485650886788
"2762",276.1,"Simu1","NIT",50,"cliver",0.246772888560949
"2763",276.2,"Simu1","NIT",50,"cliver",0.32005522631318
"2764",276.3,"Simu1","NIT",50,"cliver",0.340403060495913
"2765",276.4,"Simu1","NIT",50,"cliver",0.350855817473007
"2766",276.5,"Simu1","NIT",50,"cliver",0.35777573735585
"2767",276.6,"Simu1","NIT",50,"cliver",0.36232007619764
"2768",276.7,"Simu1","NIT",50,"cliver",0.364860703397887
"2769",276.8,"Simu1","NIT",50,"cliver",0.36563478831282
"2770",276.9,"Simu1","NIT",50,"cliver",0.364844245421349
"2771",277,"Simu1","NIT",50,"cliver",0.362671615978668
"2772",277.1,"Simu1","NIT",50,"cliver",0.359283088568436
"2773",277.2,"Simu1","NIT",50,"cliver",0.354830712872684
"2774",277.3,"Simu1","NIT",50,"cliver",0.349453108008579
"2775",277.4,"Simu1","NIT",50,"cliver",0.343276493265608
"2776",277.5,"Simu1","NIT",50,"cliver",0.336415755261664
"2777",277.6,"Simu1","NIT",50,"cliver",0.32897524721807
"2778",277.7,"Simu1","NIT",50,"cliver",0.321049764317078
"2779",277.8,"Simu1","NIT",50,"cliver",0.312725263487339
"2780",277.9,"Simu1","NIT",50,"cliver",0.304079474489358
"2781",278,"Simu1","NIT",50,"cliver",0.295182586921559
"2782",278.1,"Simu1","NIT",50,"cliver",0.286097912800716
"2783",278.2,"Simu1","NIT",50,"cliver",0.276882454876874
"2784",278.3,"Simu1","NIT",50,"cliver",0.267587401477664
"2785",278.4,"Simu1","NIT",50,"cliver",0.258258595362271
"2786",278.5,"Simu1","NIT",50,"cliver",0.248936980434144
"2787",278.6,"Simu1","NIT",50,"cliver",0.239659017191987
"2788",278.7,"Simu1","NIT",50,"cliver",0.230457068452379
"2789",278.8,"Simu1","NIT",50,"cliver",0.221359709984282
"2790",278.9,"Simu1","NIT",50,"cliver",0.212392132859965
"2791",279,"Simu1","NIT",50,"cliver",0.203576320407965
"2792",279.1,"Simu1","NIT",50,"cliver",0.194931365878843
"2793",279.2,"Simu1","NIT",50,"cliver",0.186473744480441
"2794",279.3,"Simu1","NIT",50,"cliver",0.178217505598966
"2795",279.4,"Simu1","NIT",50,"cliver",0.170174423094002
"2796",279.5,"Simu1","NIT",50,"cliver",0.162354339104304
"2797",279.6,"Simu1","NIT",50,"cliver",0.154765249441241
"2798",279.7,"Simu1","NIT",50,"cliver",0.147413312788163
"2799",279.8,"Simu1","NIT",50,"cliver",0.140303158318408
"2800",279.9,"Simu1","NIT",50,"cliver",0.133438080788862
"2801",280,"Simu1","NIT",50,"cliver",0.12681999373481
"2802",280.1,"Simu1","NIT",50,"cliver",0.120449544961659
"2803",280.2,"Simu1","NIT",50,"cliver",0.114326332378688
"2804",280.3,"Simu1","NIT",50,"cliver",0.108448995794258
"2805",280.4,"Simu1","NIT",50,"cliver",0.102815213688904
"2806",280.5,"Simu1","NIT",50,"cliver",0.0974218323766942
"2807",280.6,"Simu1","NIT",50,"cliver",0.0922649590612934
"2808",280.7,"Simu1","NIT",50,"cliver",0.0873401010377111
"2809",280.8,"Simu1","NIT",50,"cliver",0.0826420366226574
"2810",280.9,"Simu1","NIT",50,"cliver",0.0781653614296886
"2811",281,"Simu1","NIT",50,"cliver",0.07390390994275
"2812",281.1,"Simu1","NIT",50,"cliver",0.0698512829358756
"2813",281.2,"Simu1","NIT",50,"cliver",0.0660008229910142
"2814",281.3,"Simu1","NIT",50,"cliver",0.0623456527592583
"2815",281.4,"Simu1","NIT",50,"cliver",0.0588787203872047
"2816",281.5,"Simu1","NIT",50,"cliver",0.0555928428111484
"2817",281.6,"Simu1","NIT",50,"cliver",0.0524807608164295
"2818",281.7,"Simu1","NIT",50,"cliver",0.0495352752934306
"2819",281.8,"Simu1","NIT",50,"cliver",0.0467491474518719
"2820",281.9,"Simu1","NIT",50,"cliver",0.0441153548179682
"2821",282,"Simu1","NIT",50,"cliver",0.0425485430121461
"2822",282.1,"Simu1","NIT",50,"cliver",0.24677313602796
"2823",282.2,"Simu1","NIT",50,"cliver",0.320055299109365
"2824",282.3,"Simu1","NIT",50,"cliver",0.340402909807117
"2825",282.4,"Simu1","NIT",50,"cliver",0.350857084992123
"2826",282.5,"Simu1","NIT",50,"cliver",0.357775775374531
"2827",282.6,"Simu1","NIT",50,"cliver",0.362320289405772
"2828",282.7,"Simu1","NIT",50,"cliver",0.364860992846762
"2829",282.8,"Simu1","NIT",50,"cliver",0.365635196283374
"2830",282.9,"Simu1","NIT",50,"cliver",0.364844632940838
"2831",283,"Simu1","NIT",50,"cliver",0.362671884600974
"2832",283.1,"Simu1","NIT",50,"cliver",0.359283379919276
"2833",283.2,"Simu1","NIT",50,"cliver",0.354831012067388
"2834",283.3,"Simu1","NIT",50,"cliver",0.349453360676625
"2835",283.4,"Simu1","NIT",50,"cliver",0.343276667288029
"2836",283.5,"Simu1","NIT",50,"cliver",0.336415860863666
"2837",283.6,"Simu1","NIT",50,"cliver",0.32897536897895
"2838",283.7,"Simu1","NIT",50,"cliver",0.321049936640959
"2839",283.8,"Simu1","NIT",50,"cliver",0.31272544278413
"2840",283.9,"Simu1","NIT",50,"cliver",0.304079622415319
"2841",284,"Simu1","NIT",50,"cliver",0.295182710070234
"2842",284.1,"Simu1","NIT",50,"cliver",0.286098036987611
"2843",284.2,"Simu1","NIT",50,"cliver",0.276882587972035
"2844",284.3,"Simu1","NIT",50,"cliver",0.267587533059483
"2845",284.4,"Simu1","NIT",50,"cliver",0.258258716606098
"2846",284.5,"Simu1","NIT",50,"cliver",0.248937093085724
"2847",284.6,"Simu1","NIT",50,"cliver",0.239659127772701
"2848",284.7,"Simu1","NIT",50,"cliver",0.23045717539644
"2849",284.8,"Simu1","NIT",50,"cliver",0.221359830506638
"2850",284.9,"Simu1","NIT",50,"cliver",0.21239224440785
"2851",285,"Simu1","NIT",50,"cliver",0.203576413884077
"2852",285.1,"Simu1","NIT",50,"cliver",0.194931447584349
"2853",285.2,"Simu1","NIT",50,"cliver",0.186473811075839
"2854",285.3,"Simu1","NIT",50,"cliver",0.178217550131773
"2855",285.4,"Simu1","NIT",50,"cliver",0.170174493724934
"2856",285.5,"Simu1","NIT",50,"cliver",0.162354439197863
"2857",285.6,"Simu1","NIT",50,"cliver",0.154765321614292
"2858",285.7,"Simu1","NIT",50,"cliver",0.147413368482376
"2859",285.8,"Simu1","NIT",50,"cliver",0.140303241227693
"2860",285.9,"Simu1","NIT",50,"cliver",0.133438164391288
"2861",286,"Simu1","NIT",50,"cliver",0.126820045973838
"2862",286.1,"Simu1","NIT",50,"cliver",0.120449588557033
"2863",286.2,"Simu1","NIT",50,"cliver",0.11432639289541
"2864",286.3,"Simu1","NIT",50,"cliver",0.108449055243018
"2865",286.4,"Simu1","NIT",50,"cliver",0.102815260252732
"2866",286.5,"Simu1","NIT",50,"cliver",0.0974218695073483
"2867",286.6,"Simu1","NIT",50,"cliver",0.0922650066145344
"2868",286.7,"Simu1","NIT",50,"cliver",0.0873401387428091
"2869",286.8,"Simu1","NIT",50,"cliver",0.0826421566145298
"2870",286.9,"Simu1","NIT",50,"cliver",0.0781654502219562
"2871",287,"Simu1","NIT",50,"cliver",0.0739039847558754
"2872",287.1,"Simu1","NIT",50,"cliver",0.0698513679015335
"2873",287.2,"Simu1","NIT",50,"cliver",0.0660009367402163
"2874",287.3,"Simu1","NIT",50,"cliver",0.0623457871625662
"2875",287.4,"Simu1","NIT",50,"cliver",0.0588788589709313
"2876",287.5,"Simu1","NIT",50,"cliver",0.0555929327224568
"2877",287.6,"Simu1","NIT",50,"cliver",0.0524807506990031
"2878",287.7,"Simu1","NIT",50,"cliver",0.0495351697120598
"2879",287.8,"Simu1","NIT",50,"cliver",0.0467491033892179
"2880",287.9,"Simu1","NIT",50,"cliver",0.0441153007099606
"2881",288,"Simu1","NIT",50,"cliver",0.0425485261167705
"2882",288.1,"Simu1","NIT",50,"cliver",0.246773024750746
"2883",288.2,"Simu1","NIT",50,"cliver",0.320054817025046
"2884",288.3,"Simu1","NIT",50,"cliver",0.340402472632851
"2885",288.4,"Simu1","NIT",50,"cliver",0.350856205732385
"2886",288.5,"Simu1","NIT",50,"cliver",0.357775467947261
"2887",288.6,"Simu1","NIT",50,"cliver",0.362319674182089
"2888",288.7,"Simu1","NIT",50,"cliver",0.364860343365963
"2889",288.8,"Simu1","NIT",50,"cliver",0.365634497936069
"2890",288.9,"Simu1","NIT",50,"cliver",0.364843956333469
"2891",289,"Simu1","NIT",50,"cliver",0.362671235111534
"2892",289.1,"Simu1","NIT",50,"cliver",0.359282715454544
"2893",289.2,"Simu1","NIT",50,"cliver",0.354830355734726
"2894",289.3,"Simu1","NIT",50,"cliver",0.349452701980049
"2895",289.4,"Simu1","NIT",50,"cliver",0.343276011298212
"2896",289.5,"Simu1","NIT",50,"cliver",0.336415222017117
"2897",289.6,"Simu1","NIT",50,"cliver",0.328974745177506
"2898",289.7,"Simu1","NIT",50,"cliver",0.321049324695254
"2899",289.8,"Simu1","NIT",50,"cliver",0.312724840509373
"2900",289.9,"Simu1","NIT",50,"cliver",0.304079032374777
"2901",290,"Simu1","NIT",50,"cliver",0.29518213751245
"2902",290.1,"Simu1","NIT",50,"cliver",0.286097481892389
"2903",290.2,"Simu1","NIT",50,"cliver",0.27688204760434
"2904",290.3,"Simu1","NIT",50,"cliver",0.267587007465265
"2905",290.4,"Simu1","NIT",50,"cliver",0.258258207573166
"2906",290.5,"Simu1","NIT",50,"cliver",0.248936601159156
"2907",290.6,"Simu1","NIT",50,"cliver",0.239658652329558
"2908",290.7,"Simu1","NIT",50,"cliver",0.230456716031872
"2909",290.8,"Simu1","NIT",50,"cliver",0.221359387351048
"2910",290.9,"Simu1","NIT",50,"cliver",0.212391817619311
"2911",291,"Simu1","NIT",50,"cliver",0.203576003307402
"2912",291.1,"Simu1","NIT",50,"cliver",0.194931052889963
"2913",291.2,"Simu1","NIT",50,"cliver",0.186473432002125
"2914",291.3,"Simu1","NIT",50,"cliver",0.178217186500589
"2915",291.4,"Simu1","NIT",50,"cliver",0.170174145299881
"2916",291.5,"Simu1","NIT",50,"cliver",0.162354105665907
"2917",291.6,"Simu1","NIT",50,"cliver",0.154765002630568
"2918",291.7,"Simu1","NIT",50,"cliver",0.147413063830928
"2919",291.8,"Simu1","NIT",50,"cliver",0.1403029504524
"2920",291.9,"Simu1","NIT",50,"cliver",0.133437887082385
"2921",292,"Simu1","NIT",50,"cliver",0.126819781770764
"2922",292.1,"Simu1","NIT",50,"cliver",0.120449337157982
"2923",292.2,"Simu1","NIT",50,"cliver",0.114326153879155
"2924",292.3,"Simu1","NIT",50,"cliver",0.108448828197801
"2925",292.4,"Simu1","NIT",50,"cliver",0.102815044738783
"2926",292.5,"Simu1","NIT",50,"cliver",0.0974216652246977
"2927",292.6,"Simu1","NIT",50,"cliver",0.0922648130038498
"2928",292.7,"Simu1","NIT",50,"cliver",0.0873399556521621
"2929",292.8,"Simu1","NIT",50,"cliver",0.0826419830785007
"2930",292.9,"Simu1","NIT",50,"cliver",0.0781652870185462
"2931",293,"Simu1","NIT",50,"cliver",0.0739038288478764
"2932",293.1,"Simu1","NIT",50,"cliver",0.0698512250108782
"2933",293.2,"Simu1","NIT",50,"cliver",0.0660008003300583
"2934",293.3,"Simu1","NIT",50,"cliver",0.0623456601325704
"2935",293.4,"Simu1","NIT",50,"cliver",0.0588786761563951
"2936",293.5,"Simu1","NIT",50,"cliver",0.0555926719670722
"2937",293.6,"Simu1","NIT",50,"cliver",0.0524805522632066
"2938",293.7,"Simu1","NIT",50,"cliver",0.0495351132543689
"2939",293.8,"Simu1","NIT",50,"cliver",0.0467490420166178
"2940",293.9,"Simu1","NIT",50,"cliver",0.0441151884317607
"2941",294,"Simu1","NIT",50,"cliver",0.0425484558759123
"2942",294.1,"Simu1","NIT",50,"cliver",0.246773093432327
"2943",294.2,"Simu1","NIT",50,"cliver",0.320056636225784
"2944",294.3,"Simu1","NIT",50,"cliver",0.340403570801662
"2945",294.4,"Simu1","NIT",50,"cliver",0.350857451038355
"2946",294.5,"Simu1","NIT",50,"cliver",0.357776522099447
"2947",294.6,"Simu1","NIT",50,"cliver",0.362320772416834
"2948",294.7,"Simu1","NIT",50,"cliver",0.364861444724366
"2949",294.8,"Simu1","NIT",50,"cliver",0.365635608954511
"2950",294.9,"Simu1","NIT",50,"cliver",0.364845068842227
"2951",295,"Simu1","NIT",50,"cliver",0.362672339113121
"2952",295.1,"Simu1","NIT",50,"cliver",0.359283827788616
"2953",295.2,"Simu1","NIT",50,"cliver",0.354831465981761
"2954",295.3,"Simu1","NIT",50,"cliver",0.349453819663431
"2955",295.4,"Simu1","NIT",50,"cliver",0.343277127435429
"2956",295.5,"Simu1","NIT",50,"cliver",0.336416317822727
"2957",295.6,"Simu1","NIT",50,"cliver",0.328975823277203
"2958",295.7,"Simu1","NIT",50,"cliver",0.321050387540747
"2959",295.8,"Simu1","NIT",50,"cliver",0.312725887665802
"2960",295.9,"Simu1","NIT",50,"cliver",0.304080059699363
"2961",296,"Simu1","NIT",50,"cliver",0.29518314057208
"2962",296.1,"Simu1","NIT",50,"cliver",0.286098460476038
"2963",296.2,"Simu1","NIT",50,"cliver",0.276883002742918
"2964",296.3,"Simu1","NIT",50,"cliver",0.267587938030999
"2965",296.4,"Simu1","NIT",50,"cliver",0.258259111730589
"2966",296.5,"Simu1","NIT",50,"cliver",0.248937478304342
"2967",296.6,"Simu1","NIT",50,"cliver",0.23965950258316
"2968",296.7,"Simu1","NIT",50,"cliver",0.230457539273111
"2969",296.8,"Simu1","NIT",50,"cliver",0.221360183253333
"2970",296.9,"Simu1","NIT",50,"cliver",0.21239258602489
"2971",297,"Simu1","NIT",50,"cliver",0.20357674430226
"2972",297.1,"Simu1","NIT",50,"cliver",0.194931766667713
"2973",297.2,"Simu1","NIT",50,"cliver",0.186474118777793
"2974",297.3,"Simu1","NIT",50,"cliver",0.178217846522524
"2975",297.4,"Simu1","NIT",50,"cliver",0.170174778894192
"2976",297.5,"Simu1","NIT",50,"cliver",0.162354713226053
"2977",297.6,"Simu1","NIT",50,"cliver",0.154765584607193
"2978",297.7,"Simu1","NIT",50,"cliver",0.147413620616674
"2979",297.8,"Simu1","NIT",50,"cliver",0.140303482676367
"2980",297.9,"Simu1","NIT",50,"cliver",0.133438395326127
"2981",298,"Simu1","NIT",50,"cliver",0.126820266604307
"2982",298.1,"Simu1","NIT",50,"cliver",0.120449799137023
"2983",298.2,"Simu1","NIT",50,"cliver",0.114326593673896
"2984",298.3,"Simu1","NIT",50,"cliver",0.10844924647142
"2985",298.4,"Simu1","NIT",50,"cliver",0.102815442194455
"2986",298.5,"Simu1","NIT",50,"cliver",0.0974220424627118
"2987",298.6,"Simu1","NIT",50,"cliver",0.0922651708573569
"2988",298.7,"Simu1","NIT",50,"cliver",0.0873402946003818
"2989",298.8,"Simu1","NIT",50,"cliver",0.0826423043157823
"2990",298.9,"Simu1","NIT",50,"cliver",0.078165590224905
"2991",299,"Simu1","NIT",50,"cliver",0.0739041170333794
"2992",299.1,"Simu1","NIT",50,"cliver",0.0698514935383374
"2993",299.2,"Simu1","NIT",50,"cliver",0.0660010548082516
"2994",299.3,"Simu1","NIT",50,"cliver",0.0623458977383818
"2995",299.4,"Simu1","NIT",50,"cliver",0.0588789294914502
"2996",299.5,"Simu1","NIT",50,"cliver",0.0555929185679702
"2997",299.6,"Simu1","NIT",50,"cliver",0.0524807883392746
"2998",299.7,"Simu1","NIT",50,"cliver",0.0495353331959385
"2999",299.8,"Simu1","NIT",50,"cliver",0.0467492259873961
"3000",299.9,"Simu1","NIT",50,"cliver",0.0441153720793907
"3001",300,"Simu1","NIT",50,"cliver",0.0425486611483443
"3002",300.1,"Simu1","NIT",50,"cliver",0.246773168037606
"3003",300.2,"Simu1","NIT",50,"cliver",0.320055619971674
"3004",300.3,"Simu1","NIT",50,"cliver",0.340403083744483
"3005",300.4,"Simu1","NIT",50,"cliver",0.350856688859951
"3006",300.5,"Simu1","NIT",50,"cliver",0.357776189084466
"3007",300.6,"Simu1","NIT",50,"cliver",0.362320406964518
"3008",300.7,"Simu1","NIT",50,"cliver",0.364861037318703
"3009",300.8,"Simu1","NIT",50,"cliver",0.365635212246827
"3010",300.9,"Simu1","NIT",50,"cliver",0.364844632019387
"3011",301,"Simu1","NIT",50,"cliver",0.362671885512811
"3012",301.1,"Simu1","NIT",50,"cliver",0.359283374180945
"3013",301.2,"Simu1","NIT",50,"cliver",0.354831008200815
"3014",301.3,"Simu1","NIT",50,"cliver",0.349453375211512
"3015",301.4,"Simu1","NIT",50,"cliver",0.343276689207351
"3016",301.5,"Simu1","NIT",50,"cliver",0.336415877260895
"3017",301.6,"Simu1","NIT",50,"cliver",0.328975379453937
"3018",301.7,"Simu1","NIT",50,"cliver",0.321049949983708
"3019",301.8,"Simu1","NIT",50,"cliver",0.31272546159424
"3020",301.9,"Simu1","NIT",50,"cliver",0.304079642803117
"3021",302,"Simu1","NIT",50,"cliver",0.295182728173104
"3022",302.1,"Simu1","NIT",50,"cliver",0.286098053319882
"3023",302.2,"Simu1","NIT",50,"cliver",0.276882605196339
"3024",302.3,"Simu1","NIT",50,"cliver",0.267587551695685
"3025",302.4,"Simu1","NIT",50,"cliver",0.258258735156229
"3026",302.5,"Simu1","NIT",50,"cliver",0.248937110742151
"3027",302.6,"Simu1","NIT",50,"cliver",0.239659145014291
"3028",302.7,"Simu1","NIT",50,"cliver",0.230457192700402
"3029",302.8,"Simu1","NIT",50,"cliver",0.221359847736884
"3030",302.9,"Simu1","NIT",50,"cliver",0.212392261248631
"3031",303,"Simu1","NIT",50,"cliver",0.203576430247881
"3032",303.1,"Simu1","NIT",50,"cliver",0.194931463551488
"3033",303.2,"Simu1","NIT",50,"cliver",0.186473826695716
"3034",303.3,"Simu1","NIT",50,"cliver",0.178217565358815
"3035",303.4,"Simu1","NIT",50,"cliver",0.170174508500607
"3036",303.5,"Simu1","NIT",50,"cliver",0.162354453495684
"3037",303.6,"Simu1","NIT",50,"cliver",0.154765335453046
"3038",303.7,"Simu1","NIT",50,"cliver",0.147413381810437
"3039",303.8,"Simu1","NIT",50,"cliver",0.140303254036581
"3040",303.9,"Simu1","NIT",50,"cliver",0.133438176758462
"3041",304,"Simu1","NIT",50,"cliver",0.126820057926191
"3042",304.1,"Simu1","NIT",50,"cliver",0.120449600028305
"3043",304.2,"Simu1","NIT",50,"cliver",0.114326403862307
"3044",304.3,"Simu1","NIT",50,"cliver",0.108449065742172
"3045",304.4,"Simu1","NIT",50,"cliver",0.102815270333838
"3046",304.5,"Simu1","NIT",50,"cliver",0.0974218791216864
"3047",304.6,"Simu1","NIT",50,"cliver",0.0922650158111323
"3048",304.7,"Simu1","NIT",50,"cliver",0.087340147433989
"3049",304.8,"Simu1","NIT",50,"cliver",0.082642165065911
"3050",304.9,"Simu1","NIT",50,"cliver",0.0781654579110376
"3051",305,"Simu1","NIT",50,"cliver",0.0739039928981156
"3052",305.1,"Simu1","NIT",50,"cliver",0.0698513736136078
"3053",305.2,"Simu1","NIT",50,"cliver",0.0660009413607622
"3054",305.3,"Simu1","NIT",50,"cliver",0.0623457910920227
"3055",305.4,"Simu1","NIT",50,"cliver",0.058878870932897
"3056",305.5,"Simu1","NIT",50,"cliver",0.0555929674522062
"3057",305.6,"Simu1","NIT",50,"cliver",0.0524808142078423
"3058",305.7,"Simu1","NIT",50,"cliver",0.0495351661518877
"3059",305.8,"Simu1","NIT",50,"cliver",0.0467490333635279
"3060",305.9,"Simu1","NIT",50,"cliver",0.0441152896186972
"3061",306,"Simu1","NIT",50,"cliver",0.042548515745379
"3062",306.1,"Simu1","NIT",50,"cliver",0.246772808975351
"3063",306.2,"Simu1","NIT",50,"cliver",0.320054982397348
"3064",306.3,"Simu1","NIT",50,"cliver",0.340402442066537
"3065",306.4,"Simu1","NIT",50,"cliver",0.35085597841475
"3066",306.5,"Simu1","NIT",50,"cliver",0.357774982625416
"3067",306.6,"Simu1","NIT",50,"cliver",0.362319164087914
"3068",306.7,"Simu1","NIT",50,"cliver",0.36485980726721
"3069",306.8,"Simu1","NIT",50,"cliver",0.36563392041224
"3070",306.9,"Simu1","NIT",50,"cliver",0.364843380192599
"3071",307,"Simu1","NIT",50,"cliver",0.362670652013357
"3072",307.1,"Simu1","NIT",50,"cliver",0.359282120139419
"3073",307.2,"Simu1","NIT",50,"cliver",0.354829753144182
"3074",307.3,"Simu1","NIT",50,"cliver",0.349452095758231
"3075",307.4,"Simu1","NIT",50,"cliver",0.34327541186764
"3076",307.5,"Simu1","NIT",50,"cliver",0.336414634468688
"3077",307.6,"Simu1","NIT",50,"cliver",0.328974167740057
"3078",307.7,"Simu1","NIT",50,"cliver",0.321048754515635
"3079",307.8,"Simu1","NIT",50,"cliver",0.312724278649669
"3080",307.9,"Simu1","NIT",50,"cliver",0.304078482446837
"3081",308,"Simu1","NIT",50,"cliver",0.295181602309883
"3082",308.1,"Simu1","NIT",50,"cliver",0.286096960854293
"3083",308.2,"Simu1","NIT",50,"cliver",0.276881539102547
"3084",308.3,"Simu1","NIT",50,"cliver",0.267586512036979
"3085",308.4,"Simu1","NIT",50,"cliver",0.25825772700666
"3086",308.5,"Simu1","NIT",50,"cliver",0.248936135949146
"3087",308.6,"Simu1","NIT",50,"cliver",0.239658201767591
"3088",308.7,"Simu1","NIT",50,"cliver",0.230456279841875
"3089",308.8,"Simu1","NIT",50,"cliver",0.221358965967371
"3090",308.9,"Simu1","NIT",50,"cliver",0.212391411311953
"3091",309,"Simu1","NIT",50,"cliver",0.203575611858358
"3092",309.1,"Simu1","NIT",50,"cliver",0.194930676007652
"3093",309.2,"Simu1","NIT",50,"cliver",0.186473069579986
"3094",309.3,"Simu1","NIT",50,"cliver",0.178216838464083
"3095",309.4,"Simu1","NIT",50,"cliver",0.170173811446173
"3096",309.5,"Simu1","NIT",50,"cliver",0.162353785719033
"3097",309.6,"Simu1","NIT",50,"cliver",0.154764696334066
"3098",309.7,"Simu1","NIT",50,"cliver",0.147412770973368
"3099",309.8,"Simu1","NIT",50,"cliver",0.14030267068082
"3100",309.9,"Simu1","NIT",50,"cliver",0.133437620042437
"3101",310,"Simu1","NIT",50,"cliver",0.126819527158429
"3102",310.1,"Simu1","NIT",50,"cliver",0.120449094682592
"3103",310.2,"Simu1","NIT",50,"cliver",0.11432592317285
"3104",310.3,"Simu1","NIT",50,"cliver",0.108448608875768
"3105",310.4,"Simu1","NIT",50,"cliver",0.102814836424404
"3106",310.5,"Simu1","NIT",50,"cliver",0.0974214675859847
"3107",310.6,"Simu1","NIT",50,"cliver",0.0922646256180393
"3108",310.7,"Simu1","NIT",50,"cliver",0.0873397781928154
"3109",310.8,"Simu1","NIT",50,"cliver",0.0826418150222565
"3110",310.9,"Simu1","NIT",50,"cliver",0.078165128268769
"3111",311,"Simu1","NIT",50,"cliver",0.0739036784257161
"3112",311.1,"Simu1","NIT",50,"cliver",0.0698510852030532
"3113",311.2,"Simu1","NIT",50,"cliver",0.0660006699502955
"3114",311.3,"Simu1","NIT",50,"cliver",0.0623455358576752
"3115",311.4,"Simu1","NIT",50,"cliver",0.0588785397496018
"3116",311.5,"Simu1","NIT",50,"cliver",0.0555925441188369
"3117",311.6,"Simu1","NIT",50,"cliver",0.0524804616906805
"3118",311.7,"Simu1","NIT",50,"cliver",0.0495350327634833
"3119",311.8,"Simu1","NIT",50,"cliver",0.0467489440320593
"3120",311.9,"Simu1","NIT",50,"cliver",0.0441151022369859
"3121",312,"Simu1","NIT",50,"cliver",0.0425483496903036
"3122",312.1,"Simu1","NIT",50,"cliver",0.246773251326601
"3123",312.2,"Simu1","NIT",50,"cliver",0.320056154231299
"3124",312.3,"Simu1","NIT",50,"cliver",0.3404034623611
"3125",312.4,"Simu1","NIT",50,"cliver",0.35085762882531
"3126",312.5,"Simu1","NIT",50,"cliver",0.357776204168954
"3127",312.6,"Simu1","NIT",50,"cliver",0.362320431113063
"3128",312.7,"Simu1","NIT",50,"cliver",0.364861101017732
"3129",312.8,"Simu1","NIT",50,"cliver",0.365635242341352
"3130",312.9,"Simu1","NIT",50,"cliver",0.364844707843541
"3131",313,"Simu1","NIT",50,"cliver",0.362671989321531
"3132",313.1,"Simu1","NIT",50,"cliver",0.359283463451068
"3133",313.2,"Simu1","NIT",50,"cliver",0.354831099250746
"3134",313.3,"Simu1","NIT",50,"cliver",0.349453439912819
"3135",313.4,"Simu1","NIT",50,"cliver",0.343276742185142
"3136",313.5,"Simu1","NIT",50,"cliver",0.336415945443723
"3137",313.6,"Simu1","NIT",50,"cliver",0.328975458704962
"3138",313.7,"Simu1","NIT",50,"cliver",0.321050026045735
"3139",313.8,"Simu1","NIT",50,"cliver",0.312725528176176
"3140",313.9,"Simu1","NIT",50,"cliver",0.304079705875358
"3141",314,"Simu1","NIT",50,"cliver",0.295182796628046
"3142",314.1,"Simu1","NIT",50,"cliver",0.286098125641232
"3143",314.2,"Simu1","NIT",50,"cliver",0.276882674706651
"3144",314.3,"Simu1","NIT",50,"cliver",0.267587617354436
"3145",314.4,"Simu1","NIT",50,"cliver",0.258258800250115
"3146",314.5,"Simu1","NIT",50,"cliver",0.24893717642823
"3147",314.6,"Simu1","NIT",50,"cliver",0.239659209726851
"3148",314.7,"Simu1","NIT",50,"cliver",0.230457255279662
"3149",314.8,"Simu1","NIT",50,"cliver",0.221359908479361
"3150",314.9,"Simu1","NIT",50,"cliver",0.212392320714408
"3151",315,"Simu1","NIT",50,"cliver",0.203576488381619
"3152",315.1,"Simu1","NIT",50,"cliver",0.194931519986043
"3153",315.2,"Simu1","NIT",50,"cliver",0.186473881276719
"3154",315.3,"Simu1","NIT",50,"cliver",0.178217618179147
"3155",315.4,"Simu1","NIT",50,"cliver",0.170174559617117
"3156",315.5,"Simu1","NIT",50,"cliver",0.162354502873404
"3157",315.6,"Simu1","NIT",50,"cliver",0.154765383022845
"3158",315.7,"Simu1","NIT",50,"cliver",0.147413427754454
"3159",315.8,"Simu1","NIT",50,"cliver",0.140303298240256
"3160",315.9,"Simu1","NIT",50,"cliver",0.133438219093761
"3161",316,"Simu1","NIT",50,"cliver",0.126820098402502
"3162",316.1,"Simu1","NIT",50,"cliver",0.120449638834188
"3163",316.2,"Simu1","NIT",50,"cliver",0.114326441019824
"3164",316.3,"Simu1","NIT",50,"cliver",0.108449101234098
"3165",316.4,"Simu1","NIT",50,"cliver",0.102815304115176
"3166",316.5,"Simu1","NIT",50,"cliver",0.0974219114127441
"3167",316.6,"Simu1","NIT",50,"cliver",0.0922650464516602
"3168",316.7,"Simu1","NIT",50,"cliver",0.0873401768526144
"3169",316.8,"Simu1","NIT",50,"cliver",0.0826421924467326
"3170",316.9,"Simu1","NIT",50,"cliver",0.0781654851453389
"3171",317,"Simu1","NIT",50,"cliver",0.0739040159495848
"3172",317.1,"Simu1","NIT",50,"cliver",0.0698514024096335
"3173",317.2,"Simu1","NIT",50,"cliver",0.0660009681386977
"3174",317.3,"Simu1","NIT",50,"cliver",0.0623458184067957
"3175",317.4,"Simu1","NIT",50,"cliver",0.0588788196027069
"3176",317.5,"Simu1","NIT",50,"cliver",0.0555928070614449
"3177",317.6,"Simu1","NIT",50,"cliver",0.0524806883810072
"3178",317.7,"Simu1","NIT",50,"cliver",0.0495352429545394
"3179",317.8,"Simu1","NIT",50,"cliver",0.0467491575589731
"3180",317.9,"Simu1","NIT",50,"cliver",0.0441152981752622
"3181",318,"Simu1","NIT",50,"cliver",0.0425485452415836
"3182",318.1,"Simu1","NIT",50,"cliver",0.246773148112796
"3183",318.2,"Simu1","NIT",50,"cliver",0.320056061870386
"3184",318.3,"Simu1","NIT",50,"cliver",0.340402791205661
"3185",318.4,"Simu1","NIT",50,"cliver",0.350856979027323
"3186",318.5,"Simu1","NIT",50,"cliver",0.357775913925668
"3187",318.6,"Simu1","NIT",50,"cliver",0.362320079513219
"3188",318.7,"Simu1","NIT",50,"cliver",0.36486075599142
"3189",318.8,"Simu1","NIT",50,"cliver",0.36563483610313
"3190",318.9,"Simu1","NIT",50,"cliver",0.364844330608496
"3191",319,"Simu1","NIT",50,"cliver",0.362671583358796
"3192",319.1,"Simu1","NIT",50,"cliver",0.359283030449217
"3193",319.2,"Simu1","NIT",50,"cliver",0.354830642128404
"3194",319.3,"Simu1","NIT",50,"cliver",0.34945296735846
"3195",319.4,"Simu1","NIT",50,"cliver",0.343276285482881
"3196",319.5,"Simu1","NIT",50,"cliver",0.336415509183432
"3197",319.6,"Simu1","NIT",50,"cliver",0.328975029214151
"3198",319.7,"Simu1","NIT",50,"cliver",0.321049595460475
"3199",319.8,"Simu1","NIT",50,"cliver",0.312725104793412
"3200",319.9,"Simu1","NIT",50,"cliver",0.304079299368637
"3201",320,"Simu1","NIT",50,"cliver",0.295182408983331
"3202",320.1,"Simu1","NIT",50,"cliver",0.286097749143255
"3203",320.2,"Simu1","NIT",50,"cliver",0.276882304492421
"3204",320.3,"Simu1","NIT",50,"cliver",0.267587256393301
"3205",320.4,"Simu1","NIT",50,"cliver",0.258258451714342
"3206",320.5,"Simu1","NIT",50,"cliver",0.248936840033129
"3207",320.6,"Simu1","NIT",50,"cliver",0.239658883576916
"3208",320.7,"Simu1","NIT",50,"cliver",0.230456939364394
"3209",320.8,"Simu1","NIT",50,"cliver",0.221359603518351
"3210",320.9,"Simu1","NIT",50,"cliver",0.212392027042065
"3211",321,"Simu1","NIT",50,"cliver",0.203576205661841
"3212",321.1,"Simu1","NIT",50,"cliver",0.194931247817265
"3213",321.2,"Simu1","NIT",50,"cliver",0.18647361991328
"3214",321.3,"Simu1","NIT",50,"cliver",0.178217366799599
"3215",321.4,"Simu1","NIT",50,"cliver",0.17017431972434
"3216",321.5,"Simu1","NIT",50,"cliver",0.162354270422699
"3217",321.6,"Simu1","NIT",50,"cliver",0.154765151651941
"3218",321.7,"Simu1","NIT",50,"cliver",0.147413205690225
"3219",321.8,"Simu1","NIT",50,"cliver",0.140303096177433
"3220",321.9,"Simu1","NIT",50,"cliver",0.13343802848533
"3221",322,"Simu1","NIT",50,"cliver",0.126819910870196
"3222",322.1,"Simu1","NIT",50,"cliver",0.120449457862684
"3223",322.2,"Simu1","NIT",50,"cliver",0.114326275137029
"3224",322.3,"Simu1","NIT",50,"cliver",0.108448942753695
"3225",322.4,"Simu1","NIT",50,"cliver",0.102815155055466
"3226",322.5,"Simu1","NIT",50,"cliver",0.097421760688454
"3227",322.6,"Simu1","NIT",50,"cliver",0.0922649232411459
"3228",322.7,"Simu1","NIT",50,"cliver",0.0873401088996997
"3229",322.8,"Simu1","NIT",50,"cliver",0.0826421149725569
"3230",322.9,"Simu1","NIT",50,"cliver",0.0781653665123967
"3231",323,"Simu1","NIT",50,"cliver",0.0739039203120398
"3232",323.1,"Simu1","NIT",50,"cliver",0.069851406457293
"3233",323.2,"Simu1","NIT",50,"cliver",0.0660008887111359
"3234",323.3,"Simu1","NIT",50,"cliver",0.0623455504949749
"3235",323.4,"Simu1","NIT",50,"cliver",0.0588786988643903
"3236",323.5,"Simu1","NIT",50,"cliver",0.0555929276664995
"3237",323.6,"Simu1","NIT",50,"cliver",0.0524807349470543
"3238",323.7,"Simu1","NIT",50,"cliver",0.0495352113724953
"3239",323.8,"Simu1","NIT",50,"cliver",0.0467491324582367
"3240",323.9,"Simu1","NIT",50,"cliver",0.0441153024803544
"3241",324,"Simu1","NIT",50,"cliver",0.0425485186335441
"3242",324.1,"Simu1","NIT",50,"cliver",0.246772618057771
"3243",324.2,"Simu1","NIT",50,"cliver",0.320055378631931
"3244",324.3,"Simu1","NIT",50,"cliver",0.340403700865974
"3245",324.4,"Simu1","NIT",50,"cliver",0.350856602641595
"3246",324.5,"Simu1","NIT",50,"cliver",0.357776191182293
"3247",324.6,"Simu1","NIT",50,"cliver",0.362320522402134
"3248",324.7,"Simu1","NIT",50,"cliver",0.364861186508798
"3249",324.8,"Simu1","NIT",50,"cliver",0.365635341370295
"3250",324.9,"Simu1","NIT",50,"cliver",0.364844815050649
"3251",325,"Simu1","NIT",50,"cliver",0.362672080342419
"3252",325.1,"Simu1","NIT",50,"cliver",0.359283544722692
"3253",325.2,"Simu1","NIT",50,"cliver",0.354831164132758
"3254",325.3,"Simu1","NIT",50,"cliver",0.349453489619492
"3255",325.4,"Simu1","NIT",50,"cliver",0.34327680506501
"3256",325.5,"Simu1","NIT",50,"cliver",0.336416019904447
"3257",325.6,"Simu1","NIT",50,"cliver",0.32897553345707
"3258",325.7,"Simu1","NIT",50,"cliver",0.321050093544793
"3259",325.8,"Simu1","NIT",50,"cliver",0.312725594772225
"3260",325.9,"Simu1","NIT",50,"cliver",0.304079774734012
"3261",326,"Simu1","NIT",50,"cliver",0.295182868548149
"3262",326.1,"Simu1","NIT",50,"cliver",0.286098198149479
"3263",326.2,"Simu1","NIT",50,"cliver",0.276882744385985
"3264",326.3,"Simu1","NIT",50,"cliver",0.267587684995744
"3265",326.4,"Simu1","NIT",50,"cliver",0.25825886834966
"3266",326.5,"Simu1","NIT",50,"cliver",0.248937244551225
"3267",326.6,"Simu1","NIT",50,"cliver",0.239659276055162
"3268",326.7,"Simu1","NIT",50,"cliver",0.230457319612494
"3269",326.8,"Simu1","NIT",50,"cliver",0.221359971548988
"3270",326.9,"Simu1","NIT",50,"cliver",0.212392382589126
"3271",327,"Simu1","NIT",50,"cliver",0.203576548633878
"3272",327.1,"Simu1","NIT",50,"cliver",0.194931578430641
"3273",327.2,"Simu1","NIT",50,"cliver",0.186473937974466
"3274",327.3,"Simu1","NIT",50,"cliver",0.178217673167229
"3275",327.4,"Simu1","NIT",50,"cliver",0.170174612835829
"3276",327.5,"Simu1","NIT",50,"cliver",0.162354554288136
"3277",327.6,"Simu1","NIT",50,"cliver",0.154765432638153
"3278",327.7,"Simu1","NIT",50,"cliver",0.147413475632028
"3279",327.8,"Simu1","NIT",50,"cliver",0.140303344285369
"3280",327.9,"Simu1","NIT",50,"cliver",0.133438263269001
"3281",328,"Simu1","NIT",50,"cliver",0.126820140765396
"3282",328.1,"Simu1","NIT",50,"cliver",0.120449679480821
"3283",328.2,"Simu1","NIT",50,"cliver",0.114326479945808
"3284",328.3,"Simu1","NIT",50,"cliver",0.108449138427371
"3285",328.4,"Simu1","NIT",50,"cliver",0.102815339604602
"3286",328.5,"Simu1","NIT",50,"cliver",0.0974219452979022
"3287",328.6,"Simu1","NIT",50,"cliver",0.0922650787226323
"3288",328.7,"Simu1","NIT",50,"cliver",0.0873402075912232
"3289",328.8,"Simu1","NIT",50,"cliver",0.0826422215934072
"3290",328.9,"Simu1","NIT",50,"cliver",0.0781655129256212
"3291",329,"Simu1","NIT",50,"cliver",0.0739040421719875
"3292",329.1,"Simu1","NIT",50,"cliver",0.069851433287095
"3293",329.2,"Simu1","NIT",50,"cliver",0.0660010043595016
"3294",329.3,"Simu1","NIT",50,"cliver",0.062345845798062
"3295",329.4,"Simu1","NIT",50,"cliver",0.0588788048289708
"3296",329.5,"Simu1","NIT",50,"cliver",0.0555928395932007
"3297",329.6,"Simu1","NIT",50,"cliver",0.0524807884525
"3298",329.7,"Simu1","NIT",50,"cliver",0.0495352984936766
"3299",329.8,"Simu1","NIT",50,"cliver",0.0467491484700797
"3300",329.9,"Simu1","NIT",50,"cliver",0.0441153314354706
"3301",330,"Simu1","NIT",50,"cliver",0.0425485613693524
"3302",330.1,"Simu1","NIT",50,"cliver",0.246773201063842
"3303",330.2,"Simu1","NIT",50,"cliver",0.320055933102666
"3304",330.3,"Simu1","NIT",50,"cliver",0.340403005255563
"3305",330.4,"Simu1","NIT",50,"cliver",0.350857153979269
"3306",330.5,"Simu1","NIT",50,"cliver",0.35777577704194
"3307",330.6,"Simu1","NIT",50,"cliver",0.362320469722983
"3308",330.7,"Simu1","NIT",50,"cliver",0.364861120656845
"3309",330.8,"Simu1","NIT",50,"cliver",0.36563525948003
"3310",330.9,"Simu1","NIT",50,"cliver",0.364844726006815
"3311",331,"Simu1","NIT",50,"cliver",0.36267195536626
"3312",331.1,"Simu1","NIT",50,"cliver",0.359283442790312
"3313",331.2,"Simu1","NIT",50,"cliver",0.354831098868217
"3314",331.3,"Simu1","NIT",50,"cliver",0.34945348608428
"3315",331.4,"Simu1","NIT",50,"cliver",0.343276835394463
"3316",331.5,"Simu1","NIT",50,"cliver",0.336416017264921
"3317",331.6,"Simu1","NIT",50,"cliver",0.328975496163133
"3318",331.7,"Simu1","NIT",50,"cliver",0.321050058663597
"3319",331.8,"Simu1","NIT",50,"cliver",0.312725576535497
"3320",331.9,"Simu1","NIT",50,"cliver",0.304079763011071
"3321",332,"Simu1","NIT",50,"cliver",0.295182845808736
"3322",332.1,"Simu1","NIT",50,"cliver",0.286098161342439
"3323",332.2,"Simu1","NIT",50,"cliver",0.276882706455515
"3324",332.3,"Simu1","NIT",50,"cliver",0.267587652782054
"3325",332.4,"Simu1","NIT",50,"cliver",0.258258835836166
"3326",332.5,"Simu1","NIT",50,"cliver",0.248937206840159
"3327",332.6,"Simu1","NIT",50,"cliver",0.239659235708199
"3328",332.7,"Simu1","NIT",50,"cliver",0.230457280127112
"3329",332.8,"Simu1","NIT",50,"cliver",0.221359932901257
"3330",332.9,"Simu1","NIT",50,"cliver",0.212392343408301
"3331",333,"Simu1","NIT",50,"cliver",0.203576508726503
"3332",333.1,"Simu1","NIT",50,"cliver",0.194931538581875
"3333",333.2,"Simu1","NIT",50,"cliver",0.186473898728451
"3334",333.3,"Simu1","NIT",50,"cliver",0.178217634531166
"3335",333.4,"Simu1","NIT",50,"cliver",0.170174574661459
"3336",333.5,"Simu1","NIT",50,"cliver",0.1623545166792
"3337",333.6,"Simu1","NIT",50,"cliver",0.15476539570924
"3338",333.7,"Simu1","NIT",50,"cliver",0.147413439389423
"3339",333.8,"Simu1","NIT",50,"cliver",0.140303308532709
"3340",333.9,"Simu1","NIT",50,"cliver",0.13343822840955
"3341",334,"Simu1","NIT",50,"cliver",0.126820107333622
"3342",334.1,"Simu1","NIT",50,"cliver",0.120449647349832
"3343",334.2,"Simu1","NIT",50,"cliver",0.114326448616992
"3344",334.3,"Simu1","NIT",50,"cliver",0.108449108031898
"3345",334.4,"Simu1","NIT",50,"cliver",0.102815310464814
"3346",334.5,"Simu1","NIT",50,"cliver",0.0974219174031947
"3347",334.6,"Simu1","NIT",50,"cliver",0.0922650517775611
"3348",334.7,"Simu1","NIT",50,"cliver",0.0873401817144201
"3349",334.8,"Simu1","NIT",50,"cliver",0.0826421967729444
"3350",334.9,"Simu1","NIT",50,"cliver",0.0781654893642097
"3351",335,"Simu1","NIT",50,"cliver",0.0739040194712351
"3352",335.1,"Simu1","NIT",50,"cliver",0.0698514107591027
"3353",335.2,"Simu1","NIT",50,"cliver",0.0660009811876612
"3354",335.3,"Simu1","NIT",50,"cliver",0.0623458235210777
"3355",335.4,"Simu1","NIT",50,"cliver",0.0588788080519486
"3356",335.5,"Simu1","NIT",50,"cliver",0.0555928767358155
"3357",335.6,"Simu1","NIT",50,"cliver",0.0524808077615075
"3358",335.7,"Simu1","NIT",50,"cliver",0.0495353195158418
"3359",335.8,"Simu1","NIT",50,"cliver",0.0467491939849643
"3360",335.9,"Simu1","NIT",50,"cliver",0.0441153521614828
"3361",336,"Simu1","NIT",50,"cliver",0.0425485885648617
"3362",336.1,"Simu1","NIT",50,"cliver",0.246773124604447
"3363",336.2,"Simu1","NIT",50,"cliver",0.320055203170492
"3364",336.3,"Simu1","NIT",50,"cliver",0.340403087932586
"3365",336.4,"Simu1","NIT",50,"cliver",0.350856411899445
"3366",336.5,"Simu1","NIT",50,"cliver",0.357776021267269
"3367",336.6,"Simu1","NIT",50,"cliver",0.362320218061817
"3368",336.7,"Simu1","NIT",50,"cliver",0.364860861644393
"3369",336.8,"Simu1","NIT",50,"cliver",0.365635034624591
"3370",336.9,"Simu1","NIT",50,"cliver",0.36484448592771
"3371",337,"Simu1","NIT",50,"cliver",0.362671697255964
"3372",337.1,"Simu1","NIT",50,"cliver",0.359283183124324
"3373",337.2,"Simu1","NIT",50,"cliver",0.354830838624556
"3374",337.3,"Simu1","NIT",50,"cliver",0.349453222433937
"3375",337.4,"Simu1","NIT",50,"cliver",0.343276578515303
"3376",337.5,"Simu1","NIT",50,"cliver",0.336415765151925
"3377",337.6,"Simu1","NIT",50,"cliver",0.328975244165299
"3378",337.7,"Simu1","NIT",50,"cliver",0.321049806372097
"3379",337.8,"Simu1","NIT",50,"cliver",0.312725328678377
"3380",337.9,"Simu1","NIT",50,"cliver",0.304079521858057
"3381",338,"Simu1","NIT",50,"cliver",0.295182610595801
"3382",338.1,"Simu1","NIT",50,"cliver",0.286097929465142
"3383",338.2,"Simu1","NIT",50,"cliver",0.276882478884852
"3384",338.3,"Simu1","NIT",50,"cliver",0.267587431925409
"3385",338.4,"Simu1","NIT",50,"cliver",0.25825862168376
"3386",338.5,"Simu1","NIT",50,"cliver",0.248936998344116
"3387",338.6,"Simu1","NIT",50,"cliver",0.239659033057733
"3388",338.7,"Simu1","NIT",50,"cliver",0.230457083919496
"3389",338.8,"Simu1","NIT",50,"cliver",0.221359743160292
"3390",338.9,"Simu1","NIT",50,"cliver",0.212392159983053
"3391",339,"Simu1","NIT",50,"cliver",0.203576331677517
"3392",339.1,"Simu1","NIT",50,"cliver",0.194931367927114
"3393",339.2,"Simu1","NIT",50,"cliver",0.186473734406126
"3394",339.3,"Simu1","NIT",50,"cliver",0.17821747646485
"3395",339.4,"Simu1","NIT",50,"cliver",0.170174422853271
"3396",339.5,"Simu1","NIT",50,"cliver",0.162354371004321
"3397",339.6,"Simu1","NIT",50,"cliver",0.154765256122537
"3398",339.7,"Simu1","NIT",50,"cliver",0.147413305652431
"3399",339.8,"Simu1","NIT",50,"cliver",0.140303180880457
"3400",339.9,"Simu1","NIT",50,"cliver",0.133438106725482
"3401",340,"Simu1","NIT",50,"cliver",0.126819991009165
"3402",340.1,"Simu1","NIT",50,"cliver",0.120449536135608
"3403",340.2,"Simu1","NIT",50,"cliver",0.114326342829016
"3404",340.3,"Simu1","NIT",50,"cliver",0.108449007534344
"3405",340.4,"Simu1","NIT",50,"cliver",0.102815214889019
"3406",340.5,"Simu1","NIT",50,"cliver",0.0974218264315297
"3407",340.6,"Simu1","NIT",50,"cliver",0.0922649656285186
"3408",340.7,"Simu1","NIT",50,"cliver",0.0873400999124762
"3409",340.8,"Simu1","NIT",50,"cliver",0.0826421196838726
"3410",340.9,"Simu1","NIT",50,"cliver",0.078165415530378
"3411",341,"Simu1","NIT",50,"cliver",0.0739039513788901
"3412",341.1,"Simu1","NIT",50,"cliver",0.0698513374658195
"3413",341.2,"Simu1","NIT",50,"cliver",0.066000894074421
"3414",341.3,"Simu1","NIT",50,"cliver",0.062345725602291
"3415",341.4,"Simu1","NIT",50,"cliver",0.0588787530983584
"3416",341.5,"Simu1","NIT",50,"cliver",0.0555928124842163
"3417",341.6,"Simu1","NIT",50,"cliver",0.0524806706488655
"3418",341.7,"Simu1","NIT",50,"cliver",0.049535140625579
"3419",341.8,"Simu1","NIT",50,"cliver",0.0467490635711842
"3420",341.9,"Simu1","NIT",50,"cliver",0.0441152573064186
"3421",342,"Simu1","NIT",50,"cliver",0.0425484800075185
"3422",342.1,"Simu1","NIT",50,"cliver",0.246773123258022
"3423",342.2,"Simu1","NIT",50,"cliver",0.32005521362339
"3424",342.3,"Simu1","NIT",50,"cliver",0.340402861120093
"3425",342.4,"Simu1","NIT",50,"cliver",0.350856746468558
"3426",342.5,"Simu1","NIT",50,"cliver",0.357775514087054
"3427",342.6,"Simu1","NIT",50,"cliver",0.362320323731392
"3428",342.7,"Simu1","NIT",50,"cliver",0.364860911314439
"3429",342.8,"Simu1","NIT",50,"cliver",0.365635061628886
"3430",342.9,"Simu1","NIT",50,"cliver",0.364844540419399
"3431",343,"Simu1","NIT",50,"cliver",0.36267177367763
"3432",343.1,"Simu1","NIT",50,"cliver",0.35928322317693
"3433",343.2,"Simu1","NIT",50,"cliver",0.354830808225337
"3434",343.3,"Simu1","NIT",50,"cliver",0.349453139636311
"3435",343.4,"Simu1","NIT",50,"cliver",0.343276488284778
"3436",343.5,"Simu1","NIT",50,"cliver",0.336415723067809
"3437",343.6,"Simu1","NIT",50,"cliver",0.328975234557936
"3438",343.7,"Simu1","NIT",50,"cliver",0.321049790310821
"3439",343.8,"Simu1","NIT",50,"cliver",0.312725299308261
"3440",343.9,"Simu1","NIT",50,"cliver",0.304079499311259
"3441",344,"Simu1","NIT",50,"cliver",0.295182606687581
"3442",344.1,"Simu1","NIT",50,"cliver",0.286097939702872
"3443",344.2,"Simu1","NIT",50,"cliver",0.276882491428996
"3444",344.3,"Simu1","NIT",50,"cliver",0.267587443464462
"3445",344.4,"Simu1","NIT",50,"cliver",0.258258638133936
"3446",344.5,"Simu1","NIT",50,"cliver",0.248937022586568
"3447",344.6,"Simu1","NIT",50,"cliver",0.239659061502523
"3448",344.7,"Simu1","NIT",50,"cliver",0.230457113445662
"3449",344.8,"Simu1","NIT",50,"cliver",0.221359774268941
"3450",344.9,"Simu1","NIT",50,"cliver",0.21239219372347
"3451",345,"Simu1","NIT",50,"cliver",0.203576367574895
"3452",345.1,"Simu1","NIT",50,"cliver",0.194931404984025
"3453",345.2,"Simu1","NIT",50,"cliver",0.186473772166746
"3454",345.3,"Simu1","NIT",50,"cliver",0.178217514861178
"3455",345.4,"Simu1","NIT",50,"cliver",0.170174461756433
"3456",345.5,"Simu1","NIT",50,"cliver",0.162354410252633
"3457",345.6,"Simu1","NIT",50,"cliver",0.154765295692716
"3458",345.7,"Simu1","NIT",50,"cliver",0.147413345226517
"3459",345.8,"Simu1","NIT",50,"cliver",0.140303220020298
"3460",345.9,"Simu1","NIT",50,"cliver",0.13343814507236
"3461",346,"Simu1","NIT",50,"cliver",0.126820028672966
"3462",346.1,"Simu1","NIT",50,"cliver",0.120449573185884
"3463",346.2,"Simu1","NIT",50,"cliver",0.114326379117487
"3464",346.3,"Simu1","NIT",50,"cliver",0.108449042853698
"3465",346.4,"Simu1","NIT",50,"cliver",0.102815249269224
"3466",346.5,"Simu1","NIT",50,"cliver",0.0974218598255043
"3467",346.6,"Simu1","NIT",50,"cliver",0.0922649980943994
"3468",346.7,"Simu1","NIT",50,"cliver",0.0873401311383645
"3469",346.8,"Simu1","NIT",50,"cliver",0.0826421500835252
"3470",346.9,"Simu1","NIT",50,"cliver",0.0781654442531734
"3471",347,"Simu1","NIT",50,"cliver",0.0739039801901981
"3472",347.1,"Simu1","NIT",50,"cliver",0.0698513493516182
"3473",347.2,"Simu1","NIT",50,"cliver",0.0660008786548439
"3474",347.3,"Simu1","NIT",50,"cliver",0.0623456635228626
"3475",347.4,"Simu1","NIT",50,"cliver",0.0588786948193601
"3476",347.5,"Simu1","NIT",50,"cliver",0.0555928184426601
"3477",347.6,"Simu1","NIT",50,"cliver",0.0524807389002279
"3478",347.7,"Simu1","NIT",50,"cliver",0.0495352110794128
"3479",347.8,"Simu1","NIT",50,"cliver",0.0467490968595677
"3480",347.9,"Simu1","NIT",50,"cliver",0.0441152821512704
"3481",348,"Simu1","NIT",50,"cliver",0.0425485133308587
"3482",348.1,"Simu1","NIT",50,"cliver",0.24677335250715
"3483",348.2,"Simu1","NIT",50,"cliver",0.320056900425969
"3484",348.3,"Simu1","NIT",50,"cliver",0.340404739519979
"3485",348.4,"Simu1","NIT",50,"cliver",0.350858924172341
"3486",348.5,"Simu1","NIT",50,"cliver",0.357778038768493
"3487",348.6,"Simu1","NIT",50,"cliver",0.362322271558883
"3488",348.7,"Simu1","NIT",50,"cliver",0.364862963910391
"3489",348.8,"Simu1","NIT",50,"cliver",0.365637104183109
"3490",348.9,"Simu1","NIT",50,"cliver",0.364846606746457
"3491",349,"Simu1","NIT",50,"cliver",0.362673886949436
"3492",349.1,"Simu1","NIT",50,"cliver",0.35928535433373
"3493",349.2,"Simu1","NIT",50,"cliver",0.354832973301727
"3494",349.3,"Simu1","NIT",50,"cliver",0.349455291665812
"3495",349.4,"Simu1","NIT",50,"cliver",0.343278581012076
"3496",349.5,"Simu1","NIT",50,"cliver",0.336417769406137
"3497",349.6,"Simu1","NIT",50,"cliver",0.328977259274505
"3498",349.7,"Simu1","NIT",50,"cliver",0.321051793147139
"3499",349.8,"Simu1","NIT",50,"cliver",0.312727259164949
"3500",349.9,"Simu1","NIT",50,"cliver",0.304081402561258
"3501",350,"Simu1","NIT",50,"cliver",0.295184459423782
"3502",350.1,"Simu1","NIT",50,"cliver",0.286099750298098
"3503",350.2,"Simu1","NIT",50,"cliver",0.276884256477206
"3504",350.3,"Simu1","NIT",50,"cliver",0.267589155492275
"3505",350.4,"Simu1","NIT",50,"cliver",0.258260295901714
"3506",350.5,"Simu1","NIT",50,"cliver",0.248938628888162
"3507",350.6,"Simu1","NIT",50,"cliver",0.239660617043497
"3508",350.7,"Simu1","NIT",50,"cliver",0.230458616668671
"3509",350.8,"Simu1","NIT",50,"cliver",0.221361224387527
"3510",350.9,"Simu1","NIT",50,"cliver",0.212393591441822
"3511",351,"Simu1","NIT",50,"cliver",0.203577713755689
"3512",351.1,"Simu1","NIT",50,"cliver",0.194932700008225
"3513",351.2,"Simu1","NIT",50,"cliver",0.186475016395208
"3514",351.3,"Simu1","NIT",50,"cliver",0.178218709001254
"3515",351.4,"Simu1","NIT",50,"cliver",0.170175606697218
"3516",351.5,"Simu1","NIT",50,"cliver",0.16235550680808
"3517",351.6,"Simu1","NIT",50,"cliver",0.154766344564625
"3518",351.7,"Simu1","NIT",50,"cliver",0.147414347792428
"3519",351.8,"Simu1","NIT",50,"cliver",0.140304177561511
"3520",351.9,"Simu1","NIT",50,"cliver",0.133439058573294
"3521",352,"Simu1","NIT",50,"cliver",0.126820899062778
"3522",352.1,"Simu1","NIT",50,"cliver",0.120450401765181
"3523",352.2,"Simu1","NIT",50,"cliver",0.114327167258666
"3524",352.3,"Simu1","NIT",50,"cliver",0.108449791842163
"3525",352.4,"Simu1","NIT",50,"cliver",0.102815960218993
"3526",352.5,"Simu1","NIT",50,"cliver",0.0974225342090914
"3527",352.6,"Simu1","NIT",50,"cliver",0.0922656370685803
"3528",352.7,"Simu1","NIT",50,"cliver",0.0873407365001002
"3529",352.8,"Simu1","NIT",50,"cliver",0.0826427222215483
"3530",352.9,"Simu1","NIT",50,"cliver",0.0781659864112697
"3531",353,"Simu1","NIT",50,"cliver",0.0739044895904822
"3532",353.1,"Simu1","NIT",50,"cliver",0.069851852779873
"3533",353.2,"Simu1","NIT",50,"cliver",0.0660013956295274
"3534",353.3,"Simu1","NIT",50,"cliver",0.0623462171234756
"3535",353.4,"Simu1","NIT",50,"cliver",0.0588791703993215
"3536",353.5,"Simu1","NIT",50,"cliver",0.055593143164102
"3537",353.6,"Simu1","NIT",50,"cliver",0.0524810445114885
"3538",353.7,"Simu1","NIT",50,"cliver",0.0495355803745637
"3539",353.8,"Simu1","NIT",50,"cliver",0.0467494449082206
"3540",353.9,"Simu1","NIT",50,"cliver",0.0441155805516588
"3541",354,"Simu1","NIT",50,"cliver",0.0425488211792887
"3542",354.1,"Simu1","NIT",50,"cliver",0.246773049363728
"3543",354.2,"Simu1","NIT",50,"cliver",0.32005528882355
"3544",354.3,"Simu1","NIT",50,"cliver",0.340402232311156
"3545",354.4,"Simu1","NIT",50,"cliver",0.350856179333283
"3546",354.5,"Simu1","NIT",50,"cliver",0.357775246723976
"3547",354.6,"Simu1","NIT",50,"cliver",0.362319386390816
"3548",354.7,"Simu1","NIT",50,"cliver",0.364859999217215
"3549",354.8,"Simu1","NIT",50,"cliver",0.365634093602416
"3550",354.9,"Simu1","NIT",50,"cliver",0.36484352511232
"3551",355,"Simu1","NIT",50,"cliver",0.362670794254527
"3552",355.1,"Simu1","NIT",50,"cliver",0.359282253770735
"3553",355.2,"Simu1","NIT",50,"cliver",0.354829880846438
"3554",355.3,"Simu1","NIT",50,"cliver",0.349452221581057
"3555",355.4,"Simu1","NIT",50,"cliver",0.343275532138973
"3556",355.5,"Simu1","NIT",50,"cliver",0.336414745922925
"3557",355.6,"Simu1","NIT",50,"cliver",0.328974272364603
"3558",355.7,"Simu1","NIT",50,"cliver",0.321048855532572
"3559",355.8,"Simu1","NIT",50,"cliver",0.312724376396071
"3560",355.9,"Simu1","NIT",50,"cliver",0.304078574934509
"3561",356,"Simu1","NIT",50,"cliver",0.295181688708942
"3562",356.1,"Simu1","NIT",50,"cliver",0.286097042545219
"3563",356.2,"Simu1","NIT",50,"cliver",0.276881617300703
"3564",356.3,"Simu1","NIT",50,"cliver",0.267586586485654
"3565",356.4,"Simu1","NIT",50,"cliver",0.258257797196971
"3566",356.5,"Simu1","NIT",50,"cliver",0.248936202146822
"3567",356.6,"Simu1","NIT",50,"cliver",0.239658264540942
"3568",356.7,"Simu1","NIT",50,"cliver",0.230456339408073
"3569",356.8,"Simu1","NIT",50,"cliver",0.221359022292911
"3570",356.9,"Simu1","NIT",50,"cliver",0.212391464472911
"3571",357,"Simu1","NIT",50,"cliver",0.203575662075217
"3572",357.1,"Simu1","NIT",50,"cliver",0.194930723473853
"3573",357.2,"Simu1","NIT",50,"cliver",0.186473114402277
"3574",357.3,"Simu1","NIT",50,"cliver",0.178216880737306
"3575",357.4,"Simu1","NIT",50,"cliver",0.170173851294791
"3576",357.5,"Simu1","NIT",50,"cliver",0.162353823275404
"3577",357.6,"Simu1","NIT",50,"cliver",0.1547647317012
"3578",357.7,"Simu1","NIT",50,"cliver",0.147412804233872
"3579",357.8,"Simu1","NIT",50,"cliver",0.140302701967238
"3580",357.9,"Simu1","NIT",50,"cliver",0.133437649474045
"3581",358,"Simu1","NIT",50,"cliver",0.126819554812934
"3582",358.1,"Simu1","NIT",50,"cliver",0.120449120629424
"3583",358.2,"Simu1","NIT",50,"cliver",0.114325947509839
"3584",358.3,"Simu1","NIT",50,"cliver",0.108448631701777
"3585",358.4,"Simu1","NIT",50,"cliver",0.102814857816504
"3586",358.5,"Simu1","NIT",50,"cliver",0.0974214876104016
"3587",358.6,"Simu1","NIT",50,"cliver",0.0922646443550651
"3588",358.7,"Simu1","NIT",50,"cliver",0.0873397957201665
"3589",358.8,"Simu1","NIT",50,"cliver",0.0826418314075682
"3590",358.9,"Simu1","NIT",50,"cliver",0.0781651435852695
"3591",359,"Simu1","NIT",50,"cliver",0.073903692694162
"3592",359.1,"Simu1","NIT",50,"cliver",0.0698510980775239
"3593",359.2,"Simu1","NIT",50,"cliver",0.0660006821863208
"3594",359.3,"Simu1","NIT",50,"cliver",0.0623455498621337
"3595",359.4,"Simu1","NIT",50,"cliver",0.0588785579863737
"3596",359.5,"Simu1","NIT",50,"cliver",0.0555925906540943
"3597",359.6,"Simu1","NIT",50,"cliver",0.0524805198731774
"3598",359.7,"Simu1","NIT",50,"cliver",0.0495350604238087
"3599",359.8,"Simu1","NIT",50,"cliver",0.04674894640118
"3600",359.9,"Simu1","NIT",50,"cliver",0.0441151164194123
"3601",360,"Simu1","NIT",50,"cliver",0.0425483632805226
"3602",360.1,"Simu1","NIT",50,"cliver",0.246772947386681
"3603",360.2,"Simu1","NIT",50,"cliver",0.320055341321282
"3604",360.3,"Simu1","NIT",50,"cliver",0.340402956383209
"3605",360.4,"Simu1","NIT",50,"cliver",0.350856797587117
"3606",360.5,"Simu1","NIT",50,"cliver",0.357775257401363
"3607",360.6,"Simu1","NIT",50,"cliver",0.362319860441077
"3608",360.7,"Simu1","NIT",50,"cliver",0.364860697230376
"3609",360.8,"Simu1","NIT",50,"cliver",0.365634880333289
"3610",360.9,"Simu1","NIT",50,"cliver",0.364844349307839
"3611",361,"Simu1","NIT",50,"cliver",0.362671607568624
"3612",361.1,"Simu1","NIT",50,"cliver",0.359283119270976
"3613",361.2,"Simu1","NIT",50,"cliver",0.354830767449582
"3614",361.3,"Simu1","NIT",50,"cliver",0.34945313178474
"3615",361.4,"Simu1","NIT",50,"cliver",0.343276449057867
"3616",361.5,"Simu1","NIT",50,"cliver",0.33641565400835
"3617",361.6,"Simu1","NIT",50,"cliver",0.328975172289334
"3618",361.7,"Simu1","NIT",50,"cliver",0.321049750204774
"3619",361.8,"Simu1","NIT",50,"cliver",0.312725266716943
"3620",361.9,"Simu1","NIT",50,"cliver",0.304079456286657
"3621",362,"Simu1","NIT",50,"cliver",0.295182552468924
"3622",362.1,"Simu1","NIT",50,"cliver",0.286097887006429
"3623",362.2,"Simu1","NIT",50,"cliver",0.276882445845053
"3624",362.3,"Simu1","NIT",50,"cliver",0.267587398937683
"3625",362.4,"Simu1","NIT",50,"cliver",0.258258589832773
"3626",362.5,"Simu1","NIT",50,"cliver",0.248936972907781
"3627",362.6,"Simu1","NIT",50,"cliver",0.239659013949135
"3628",362.7,"Simu1","NIT",50,"cliver",0.230457067883372
"3629",362.8,"Simu1","NIT",50,"cliver",0.221359729026038
"3630",362.9,"Simu1","NIT",50,"cliver",0.212392148530352
"3631",363,"Simu1","NIT",50,"cliver",0.203576323293527
"3632",363.1,"Simu1","NIT",50,"cliver",0.194931362091869
"3633",363.2,"Simu1","NIT",50,"cliver",0.18647373047699
"3634",363.3,"Simu1","NIT",50,"cliver",0.178217474163457
"3635",363.4,"Simu1","NIT",50,"cliver",0.170174422134723
"3636",363.5,"Simu1","NIT",50,"cliver",0.162354371776438
"3637",363.6,"Simu1","NIT",50,"cliver",0.154765258171962
"3638",363.7,"Simu1","NIT",50,"cliver",0.147413308803666
"3639",363.8,"Simu1","NIT",50,"cliver",0.140303185122591
"3640",363.9,"Simu1","NIT",50,"cliver",0.133438111695832
"3641",364,"Simu1","NIT",50,"cliver",0.126819996520429
"3642",364.1,"Simu1","NIT",50,"cliver",0.120449542160865
"3643",364.2,"Simu1","NIT",50,"cliver",0.11432634938999
"3644",364.3,"Simu1","NIT",50,"cliver",0.10844901447931
"3645",364.4,"Simu1","NIT",50,"cliver",0.102815222093608
"3646",364.5,"Simu1","NIT",50,"cliver",0.0974218337930755
"3647",364.6,"Simu1","NIT",50,"cliver",0.092264973224731
"3648",364.7,"Simu1","NIT",50,"cliver",0.08734010750951
"3649",364.8,"Simu1","NIT",50,"cliver",0.0826421274980073
"3650",364.9,"Simu1","NIT",50,"cliver",0.0781654229181786
"3651",365,"Simu1","NIT",50,"cliver",0.073903959562479
"3652",365.1,"Simu1","NIT",50,"cliver",0.0698513437216461
"3653",365.2,"Simu1","NIT",50,"cliver",0.0660009138408982
"3654",365.3,"Simu1","NIT",50,"cliver",0.0623457650170375
"3655",365.4,"Simu1","NIT",50,"cliver",0.0588788398795453
"3656",365.5,"Simu1","NIT",50,"cliver",0.0555929201222769
"3657",365.6,"Simu1","NIT",50,"cliver",0.0524807578630144
"3658",365.7,"Simu1","NIT",50,"cliver",0.049535240677046
"3659",365.8,"Simu1","NIT",50,"cliver",0.0467491729289633
"3660",365.9,"Simu1","NIT",50,"cliver",0.0441153371226398
"3661",366,"Simu1","NIT",50,"cliver",0.0425485504498742
"3662",366.1,"Simu1","NIT",50,"cliver",0.246773125062005
"3663",366.2,"Simu1","NIT",50,"cliver",0.320055175162469
"3664",366.3,"Simu1","NIT",50,"cliver",0.340402922865207
"3665",366.4,"Simu1","NIT",50,"cliver",0.350857419583972
"3666",366.5,"Simu1","NIT",50,"cliver",0.357775685568784
"3667",366.6,"Simu1","NIT",50,"cliver",0.362319900713496
"3668",366.7,"Simu1","NIT",50,"cliver",0.364860995279511
"3669",366.8,"Simu1","NIT",50,"cliver",0.365635019203077
"3670",366.9,"Simu1","NIT",50,"cliver",0.364844547436752
"3671",367,"Simu1","NIT",50,"cliver",0.362671761571932
"3672",367.1,"Simu1","NIT",50,"cliver",0.359283229772399
"3673",367.2,"Simu1","NIT",50,"cliver",0.354830899390446
"3674",367.3,"Simu1","NIT",50,"cliver",0.349453285673037
"3675",367.4,"Simu1","NIT",50,"cliver",0.343276646061256
"3676",367.5,"Simu1","NIT",50,"cliver",0.336415832522698
"3677",367.6,"Simu1","NIT",50,"cliver",0.328975307725393
"3678",367.7,"Simu1","NIT",50,"cliver",0.321049868559418
"3679",367.8,"Simu1","NIT",50,"cliver",0.3127253907349
"3680",367.9,"Simu1","NIT",50,"cliver",0.30407958444219
"3681",368,"Simu1","NIT",50,"cliver",0.295182673535395
"3682",368.1,"Simu1","NIT",50,"cliver",0.286097990818568
"3683",368.2,"Simu1","NIT",50,"cliver",0.276882536842439
"3684",368.3,"Simu1","NIT",50,"cliver",0.267587487759153
"3685",368.4,"Simu1","NIT",50,"cliver",0.258258677034608
"3686",368.5,"Simu1","NIT",50,"cliver",0.248937052562615
"3687",368.6,"Simu1","NIT",50,"cliver",0.239659085010747
"3688",368.7,"Simu1","NIT",50,"cliver",0.230457133742078
"3689",368.8,"Simu1","NIT",50,"cliver",0.221359791445713
"3690",368.9,"Simu1","NIT",50,"cliver",0.212392206809651
"3691",369,"Simu1","NIT",50,"cliver",0.20357637680539
"3692",369.1,"Simu1","NIT",50,"cliver",0.194931411243923
"3693",369.2,"Simu1","NIT",50,"cliver",0.186473775996019
"3694",369.3,"Simu1","NIT",50,"cliver",0.178217516440539
"3695",369.4,"Simu1","NIT",50,"cliver",0.170174461250055
"3696",369.5,"Simu1","NIT",50,"cliver",0.162354407789976
"3697",369.6,"Simu1","NIT",50,"cliver",0.154765291310759
"3698",369.7,"Simu1","NIT",50,"cliver",0.147413339276258
"3699",369.8,"Simu1","NIT",50,"cliver",0.140303213014633
"3700",369.9,"Simu1","NIT",50,"cliver",0.133438137413578
"3701",370,"Simu1","NIT",50,"cliver",0.126820020269949
"3702",370.1,"Simu1","NIT",50,"cliver",0.12044956396694
"3703",370.2,"Simu1","NIT",50,"cliver",0.114326369301277
"3704",370.3,"Simu1","NIT",50,"cliver",0.108449032707758
"3705",370.4,"Simu1","NIT",50,"cliver",0.102815238803921
"3706",370.5,"Simu1","NIT",50,"cliver",0.0974218490951952
"3707",370.6,"Simu1","NIT",50,"cliver",0.0922649871308028
"3708",370.7,"Simu1","NIT",50,"cliver",0.0873401202466245
"3709",370.8,"Simu1","NIT",50,"cliver",0.0826421390125884
"3710",370.9,"Simu1","NIT",50,"cliver",0.0781654336476718
"3711",371,"Simu1","NIT",50,"cliver",0.0739039688485274
"3712",371.1,"Simu1","NIT",50,"cliver",0.0698513531882746
"3713",371.2,"Simu1","NIT",50,"cliver",0.0660009107572667
"3714",371.3,"Simu1","NIT",50,"cliver",0.0623457368366515
"3715",371.4,"Simu1","NIT",50,"cliver",0.0588787817556946
"3716",371.5,"Simu1","NIT",50,"cliver",0.0555928767164658
"3717",371.6,"Simu1","NIT",50,"cliver",0.0524808092429609
"3718",371.7,"Simu1","NIT",50,"cliver",0.0495353213560562
"3719",371.8,"Simu1","NIT",50,"cliver",0.0467491633631807
"3720",371.9,"Simu1","NIT",50,"cliver",0.044115298296595
"3721",372,"Simu1","NIT",50,"cliver",0.0425485367081044
"3722",372.1,"Simu1","NIT",50,"cliver",0.246773197553554
"3723",372.2,"Simu1","NIT",50,"cliver",0.32005531203596
"3724",372.3,"Simu1","NIT",50,"cliver",0.340402963943101
"3725",372.4,"Simu1","NIT",50,"cliver",0.350857361136917
"3726",372.5,"Simu1","NIT",50,"cliver",0.357775601441506
"3727",372.6,"Simu1","NIT",50,"cliver",0.362319898241753
"3728",372.7,"Simu1","NIT",50,"cliver",0.36486061356159
"3729",372.8,"Simu1","NIT",50,"cliver",0.3656347221811
"3730",372.9,"Simu1","NIT",50,"cliver",0.364844138002789
"3731",373,"Simu1","NIT",50,"cliver",0.362671564708563
"3732",373.1,"Simu1","NIT",50,"cliver",0.359283084126531
"3733",373.2,"Simu1","NIT",50,"cliver",0.354830713374955
"3734",373.3,"Simu1","NIT",50,"cliver",0.349453116711455
"3735",373.4,"Simu1","NIT",50,"cliver",0.343276527359967
"3736",373.5,"Simu1","NIT",50,"cliver",0.336415802144071
"3737",373.6,"Simu1","NIT",50,"cliver",0.328975318977464
"3738",373.7,"Simu1","NIT",50,"cliver",0.321049845452121
"3739",373.8,"Simu1","NIT",50,"cliver",0.312725344187338
"3740",373.9,"Simu1","NIT",50,"cliver",0.304079557783809
"3741",374,"Simu1","NIT",50,"cliver",0.295182676030513
"3742",374.1,"Simu1","NIT",50,"cliver",0.286098008238165
"3743",374.2,"Simu1","NIT",50,"cliver",0.2768825527945
"3744",374.3,"Simu1","NIT",50,"cliver",0.267587501858236
"3745",374.4,"Simu1","NIT",50,"cliver",0.258258693538222
"3746",374.5,"Simu1","NIT",50,"cliver",0.248937085202912
"3747",374.6,"Simu1","NIT",50,"cliver",0.239659105332516
"3748",374.7,"Simu1","NIT",50,"cliver",0.23045716423762
"3749",374.8,"Simu1","NIT",50,"cliver",0.221359831858809
"3750",374.9,"Simu1","NIT",50,"cliver",0.212392248774555
"3751",375,"Simu1","NIT",50,"cliver",0.203576433666107
"3752",375.1,"Simu1","NIT",50,"cliver",0.194931473600067
"3753",375.2,"Simu1","NIT",50,"cliver",0.186473823654576
"3754",375.3,"Simu1","NIT",50,"cliver",0.178217541588308
"3755",375.4,"Simu1","NIT",50,"cliver",0.170174490610545
"3756",375.5,"Simu1","NIT",50,"cliver",0.162354428914033
"3757",375.6,"Simu1","NIT",50,"cliver",0.15476532840711
"3758",375.7,"Simu1","NIT",50,"cliver",0.147413388359174
"3759",375.8,"Simu1","NIT",50,"cliver",0.14030324711511
"3760",375.9,"Simu1","NIT",50,"cliver",0.133438168481224
"3761",376,"Simu1","NIT",50,"cliver",0.126820061529277
"3762",376.1,"Simu1","NIT",50,"cliver",0.120449610982901
"3763",376.2,"Simu1","NIT",50,"cliver",0.114326402414164
"3764",376.3,"Simu1","NIT",50,"cliver",0.108449071184079
"3765",376.4,"Simu1","NIT",50,"cliver",0.102815267711574
"3766",376.5,"Simu1","NIT",50,"cliver",0.0974219394195864
"3767",376.6,"Simu1","NIT",50,"cliver",0.0922651306428989
"3768",376.7,"Simu1","NIT",50,"cliver",0.087340179541354
"3769",376.8,"Simu1","NIT",50,"cliver",0.0826421561748746
"3770",376.9,"Simu1","NIT",50,"cliver",0.0781655423283209
"3771",377,"Simu1","NIT",50,"cliver",0.0739041762030357
"3772",377.1,"Simu1","NIT",50,"cliver",0.0698513354865844
"3773",377.2,"Simu1","NIT",50,"cliver",0.0660009431883241
"3774",377.3,"Simu1","NIT",50,"cliver",0.062345776583104
"3775",377.4,"Simu1","NIT",50,"cliver",0.0588788175859102
"3776",377.5,"Simu1","NIT",50,"cliver",0.0555928830451404
"3777",377.6,"Simu1","NIT",50,"cliver",0.052480778216513
"3778",377.7,"Simu1","NIT",50,"cliver",0.0495352789962958
"3779",377.8,"Simu1","NIT",50,"cliver",0.0467491835418033
"3780",377.9,"Simu1","NIT",50,"cliver",0.0441153667680339
"3781",378,"Simu1","NIT",50,"cliver",0.0425486136648255
"3782",378.1,"Simu1","NIT",50,"cliver",0.246773134345718
"3783",378.2,"Simu1","NIT",50,"cliver",0.320055073878341
"3784",378.3,"Simu1","NIT",50,"cliver",0.340403025429367
"3785",378.4,"Simu1","NIT",50,"cliver",0.350857095230074
"3786",378.5,"Simu1","NIT",50,"cliver",0.357776097743972
"3787",378.6,"Simu1","NIT",50,"cliver",0.362319866059523
"3788",378.7,"Simu1","NIT",50,"cliver",0.364860680543829
"3789",378.8,"Simu1","NIT",50,"cliver",0.365634858678478
"3790",378.9,"Simu1","NIT",50,"cliver",0.364844398547336
"3791",379,"Simu1","NIT",50,"cliver",0.362671638364369
"3792",379.1,"Simu1","NIT",50,"cliver",0.359283094429313
"3793",379.2,"Simu1","NIT",50,"cliver",0.354830729111834
"3794",379.3,"Simu1","NIT",50,"cliver",0.34945306331431
"3795",379.4,"Simu1","NIT",50,"cliver",0.343276371118295
"3796",379.5,"Simu1","NIT",50,"cliver",0.336415583860746
"3797",379.6,"Simu1","NIT",50,"cliver",0.328975101653293
"3798",379.7,"Simu1","NIT",50,"cliver",0.321049669331125
"3799",379.8,"Simu1","NIT",50,"cliver",0.312725176887723
"3800",379.9,"Simu1","NIT",50,"cliver",0.304079363670751
"3801",380,"Simu1","NIT",50,"cliver",0.295182463558591
"3802",380.1,"Simu1","NIT",50,"cliver",0.286097800271165
"3803",380.2,"Simu1","NIT",50,"cliver",0.27688235639066
"3804",380.3,"Simu1","NIT",50,"cliver",0.267587307218421
"3805",380.4,"Simu1","NIT",50,"cliver",0.258258499544093
"3806",380.5,"Simu1","NIT",50,"cliver",0.248936885003063
"3807",380.6,"Simu1","NIT",50,"cliver",0.239658926990069
"3808",380.7,"Simu1","NIT",50,"cliver",0.23045698138154
"3809",380.8,"Simu1","NIT",50,"cliver",0.221359643858543
"3810",380.9,"Simu1","NIT",50,"cliver",0.212392065395277
"3811",381,"Simu1","NIT",50,"cliver",0.203576242156215
"3812",381.1,"Simu1","NIT",50,"cliver",0.194931282782512
"3813",381.2,"Simu1","NIT",50,"cliver",0.186473653097985
"3814",381.3,"Simu1","NIT",50,"cliver",0.178217398947585
"3815",381.4,"Simu1","NIT",50,"cliver",0.170174349186515
"3816",381.5,"Simu1","NIT",50,"cliver",0.162354301112359
"3817",381.6,"Simu1","NIT",50,"cliver",0.154765189799764
"3818",381.7,"Simu1","NIT",50,"cliver",0.147413242943507
"3819",381.8,"Simu1","NIT",50,"cliver",0.140303121604089
"3820",381.9,"Simu1","NIT",50,"cliver",0.133438050420076
"3821",382,"Simu1","NIT",50,"cliver",0.126819937519368
"3822",382.1,"Simu1","NIT",50,"cliver",0.120449485574436
"3823",382.2,"Simu1","NIT",50,"cliver",0.114326295149177
"3824",382.3,"Simu1","NIT",50,"cliver",0.108448962512372
"3825",382.4,"Simu1","NIT",50,"cliver",0.102815172308276
"3826",382.5,"Simu1","NIT",50,"cliver",0.0974217863307795
"3827",382.6,"Simu1","NIT",50,"cliver",0.0922649278135402
"3828",382.7,"Simu1","NIT",50,"cliver",0.0873400644807928
"3829",382.8,"Simu1","NIT",50,"cliver",0.0826420859601447
"3830",382.9,"Simu1","NIT",50,"cliver",0.0781653845962359
"3831",383,"Simu1","NIT",50,"cliver",0.073903920500301
"3832",383.1,"Simu1","NIT",50,"cliver",0.069851315007931
"3833",383.2,"Simu1","NIT",50,"cliver",0.066000888450461
"3834",383.3,"Simu1","NIT",50,"cliver",0.0623457425800885
"3835",383.4,"Simu1","NIT",50,"cliver",0.0588787279566994
"3836",383.5,"Simu1","NIT",50,"cliver",0.0555927568837446
"3837",383.6,"Simu1","NIT",50,"cliver",0.052480689997888
"3838",383.7,"Simu1","NIT",50,"cliver",0.0495352153278831
"3839",383.8,"Simu1","NIT",50,"cliver",0.0467490831895611
"3840",383.9,"Simu1","NIT",50,"cliver",0.0441152558573926
"3841",384,"Simu1","NIT",50,"cliver",0.0425484768456125
"3842",384.1,"Simu1","NIT",50,"cliver",0.246773017223551
"3843",384.2,"Simu1","NIT",50,"cliver",0.320055864799879
"3844",384.3,"Simu1","NIT",50,"cliver",0.340402867810881
"3845",384.4,"Simu1","NIT",50,"cliver",0.350856791955053
"3846",384.5,"Simu1","NIT",50,"cliver",0.357775533367674
"3847",384.6,"Simu1","NIT",50,"cliver",0.362320017667392
"3848",384.7,"Simu1","NIT",50,"cliver",0.364860601112661
"3849",384.8,"Simu1","NIT",50,"cliver",0.365634766768545
"3850",384.9,"Simu1","NIT",50,"cliver",0.364844213974029
"3851",385,"Simu1","NIT",50,"cliver",0.362671469422536
"3852",385.1,"Simu1","NIT",50,"cliver",0.359282926384848
"3853",385.2,"Simu1","NIT",50,"cliver",0.35483053810409
"3854",385.3,"Simu1","NIT",50,"cliver",0.349452860334685
"3855",385.4,"Simu1","NIT",50,"cliver",0.343276183309586
"3856",385.5,"Simu1","NIT",50,"cliver",0.336415407616931
"3857",385.6,"Simu1","NIT",50,"cliver",0.328974924273509
"3858",385.7,"Simu1","NIT",50,"cliver",0.321049492320796
"3859",385.8,"Simu1","NIT",50,"cliver",0.312725012966714
"3860",385.9,"Simu1","NIT",50,"cliver",0.304079211688249
"3861",386,"Simu1","NIT",50,"cliver",0.295182323105291
"3862",386.1,"Simu1","NIT",50,"cliver",0.286097664296956
"3863",386.2,"Simu1","NIT",50,"cliver",0.276882222081897
"3864",386.3,"Simu1","NIT",50,"cliver",0.267587174648475
"3865",386.4,"Simu1","NIT",50,"cliver",0.258258367638642
"3866",386.5,"Simu1","NIT",50,"cliver",0.248936758195251
"3867",386.6,"Simu1","NIT",50,"cliver",0.239658798967171
"3868",386.7,"Simu1","NIT",50,"cliver",0.230456866049083
"3869",386.8,"Simu1","NIT",50,"cliver",0.221359525741072
"3870",386.9,"Simu1","NIT",50,"cliver",0.212391947713064
"3871",387,"Simu1","NIT",50,"cliver",0.20357613366585
"3872",387.1,"Simu1","NIT",50,"cliver",0.194931173819375
"3873",387.2,"Simu1","NIT",50,"cliver",0.18647354981057
"3874",387.3,"Simu1","NIT",50,"cliver",0.178217298315995
"3875",387.4,"Simu1","NIT",50,"cliver",0.170174259990277
"3876",387.5,"Simu1","NIT",50,"cliver",0.162354199671566
"3877",387.6,"Simu1","NIT",50,"cliver",0.154765089175393
"3878",387.7,"Simu1","NIT",50,"cliver",0.14741315921704
"3879",387.8,"Simu1","NIT",50,"cliver",0.140303041509885
"3880",387.9,"Simu1","NIT",50,"cliver",0.133437964264188
"3881",388,"Simu1","NIT",50,"cliver",0.126819857360288
"3882",388.1,"Simu1","NIT",50,"cliver",0.120449415490745
"3883",388.2,"Simu1","NIT",50,"cliver",0.11432622853168
"3884",388.3,"Simu1","NIT",50,"cliver",0.108448893005804
"3885",388.4,"Simu1","NIT",50,"cliver",0.102815109267256
"3886",388.5,"Simu1","NIT",50,"cliver",0.0974217239734753
"3887",388.6,"Simu1","NIT",50,"cliver",0.0922648791521282
"3888",388.7,"Simu1","NIT",50,"cliver",0.0873399955870357
"3889",388.8,"Simu1","NIT",50,"cliver",0.0826420659389062
"3890",388.9,"Simu1","NIT",50,"cliver",0.0781651972760385
"3891",389,"Simu1","NIT",50,"cliver",0.0739038296550987
"3892",389.1,"Simu1","NIT",50,"cliver",0.0698512186582784
"3893",389.2,"Simu1","NIT",50,"cliver",0.0660007906765746
"3894",389.3,"Simu1","NIT",50,"cliver",0.0623456089762802
"3895",389.4,"Simu1","NIT",50,"cliver",0.058878645275985
"3896",389.5,"Simu1","NIT",50,"cliver",0.0555927470259551
"3897",389.6,"Simu1","NIT",50,"cliver",0.0524806769527298
"3898",389.7,"Simu1","NIT",50,"cliver",0.0495352004914145
"3899",389.8,"Simu1","NIT",50,"cliver",0.0467490997083909
"3900",389.9,"Simu1","NIT",50,"cliver",0.0441153003971459
"3901",390,"Simu1","NIT",50,"cliver",0.0425485342600422
"3902",390.1,"Simu1","NIT",50,"cliver",0.246773135036757
"3903",390.2,"Simu1","NIT",50,"cliver",0.320056049036778
"3904",390.3,"Simu1","NIT",50,"cliver",0.340402780564717
"3905",390.4,"Simu1","NIT",50,"cliver",0.350856967351261
"3906",390.5,"Simu1","NIT",50,"cliver",0.357775903168522
"3907",390.6,"Simu1","NIT",50,"cliver",0.362320070004822
"3908",390.7,"Simu1","NIT",50,"cliver",0.364860746777934
"3909",390.8,"Simu1","NIT",50,"cliver",0.365634827658294
"3910",390.9,"Simu1","NIT",50,"cliver",0.364844323286169
"3911",391,"Simu1","NIT",50,"cliver",0.362671576626825
"3912",391.1,"Simu1","NIT",50,"cliver",0.359283024312361
"3913",391.2,"Simu1","NIT",50,"cliver",0.354830636846735
"3914",391.3,"Simu1","NIT",50,"cliver",0.349452962679654
"3915",391.4,"Simu1","NIT",50,"cliver",0.343276280953829
"3916",391.5,"Simu1","NIT",50,"cliver",0.3364155048781
"3917",391.6,"Simu1","NIT",50,"cliver",0.328975025434576
"3918",391.7,"Simu1","NIT",50,"cliver",0.321049591695225
"3919",391.8,"Simu1","NIT",50,"cliver",0.31272510083621
"3920",391.9,"Simu1","NIT",50,"cliver",0.304079295071163
"3921",392,"Simu1","NIT",50,"cliver",0.295182404831294
"3922",392.1,"Simu1","NIT",50,"cliver",0.286097745394227
"3923",392.2,"Simu1","NIT",50,"cliver",0.276882301139294
"3924",392.3,"Simu1","NIT",50,"cliver",0.267587253260198
"3925",392.4,"Simu1","NIT",50,"cliver",0.258258448880933
"3926",392.5,"Simu1","NIT",50,"cliver",0.2489368374312
"3927",392.6,"Simu1","NIT",50,"cliver",0.239658881238741
"3928",392.7,"Simu1","NIT",50,"cliver",0.230456937184849
"3929",392.8,"Simu1","NIT",50,"cliver",0.221359601570279
"3930",392.9,"Simu1","NIT",50,"cliver",0.212392025266597
"3931",393,"Simu1","NIT",50,"cliver",0.203576204052495
"3932",393.1,"Simu1","NIT",50,"cliver",0.194931246372883
"3933",393.2,"Simu1","NIT",50,"cliver",0.186473618510723
"3934",393.3,"Simu1","NIT",50,"cliver",0.178217365759628
"3935",393.4,"Simu1","NIT",50,"cliver",0.170174318273927
"3936",393.5,"Simu1","NIT",50,"cliver",0.162354270476277
"3937",393.6,"Simu1","NIT",50,"cliver",0.154765156168985
"3938",393.7,"Simu1","NIT",50,"cliver",0.147413210232829
"3939",393.8,"Simu1","NIT",50,"cliver",0.140303095604668
"3940",393.9,"Simu1","NIT",50,"cliver",0.133438027272574
"3941",394,"Simu1","NIT",50,"cliver",0.126819912689043
"3942",394.1,"Simu1","NIT",50,"cliver",0.120449460632587
"3943",394.2,"Simu1","NIT",50,"cliver",0.114326274642803
"3944",394.3,"Simu1","NIT",50,"cliver",0.108448942992802
"3945",394.4,"Simu1","NIT",50,"cliver",0.102815154531684
"3946",394.5,"Simu1","NIT",50,"cliver",0.0974217648155133
"3947",394.6,"Simu1","NIT",50,"cliver",0.0922648957346325
"3948",394.7,"Simu1","NIT",50,"cliver",0.0873400098895587
"3949",394.8,"Simu1","NIT",50,"cliver",0.0826420564668293
"3950",394.9,"Simu1","NIT",50,"cliver",0.0781654205992034
"3951",395,"Simu1","NIT",50,"cliver",0.0739039463173075
"3952",395.1,"Simu1","NIT",50,"cliver",0.0698512790023267
"3953",395.2,"Simu1","NIT",50,"cliver",0.0660008597199183
"3954",395.3,"Simu1","NIT",50,"cliver",0.0623458286895771
"3955",395.4,"Simu1","NIT",50,"cliver",0.0588787569733785
"3956",395.5,"Simu1","NIT",50,"cliver",0.055592813224268
"3957",395.6,"Simu1","NIT",50,"cliver",0.0524807040181932
"3958",395.7,"Simu1","NIT",50,"cliver",0.0495352200007173
"3959",395.8,"Simu1","NIT",50,"cliver",0.0467491146405314
"3960",395.9,"Simu1","NIT",50,"cliver",0.044115281423415
"3961",396,"Simu1","NIT",50,"cliver",0.0425484809180413
"3962",396.1,"Simu1","NIT",50,"cliver",0.246773011657547
"3963",396.2,"Simu1","NIT",50,"cliver",0.32005591997366
"3964",396.3,"Simu1","NIT",50,"cliver",0.340402727028286
"3965",396.4,"Simu1","NIT",50,"cliver",0.350856221516026
"3966",396.5,"Simu1","NIT",50,"cliver",0.357775473291852
"3967",396.6,"Simu1","NIT",50,"cliver",0.362319827397055
"3968",396.7,"Simu1","NIT",50,"cliver",0.364860510181165
"3969",396.8,"Simu1","NIT",50,"cliver",0.365634661704493
"3970",396.9,"Simu1","NIT",50,"cliver",0.364844120587909
"3971",397,"Simu1","NIT",50,"cliver",0.3626714033772
"3972",397.1,"Simu1","NIT",50,"cliver",0.359282878629167
"3973",397.2,"Simu1","NIT",50,"cliver",0.354830514424856
"3974",397.3,"Simu1","NIT",50,"cliver",0.349452857708077
"3975",397.4,"Simu1","NIT",50,"cliver",0.343276168123458
"3976",397.5,"Simu1","NIT",50,"cliver",0.336415381472333
"3977",397.6,"Simu1","NIT",50,"cliver",0.328974904597877
"3978",397.7,"Simu1","NIT",50,"cliver",0.321049481689267
"3979",397.8,"Simu1","NIT",50,"cliver",0.312724994723716
"3980",397.9,"Simu1","NIT",50,"cliver",0.304079184664843
"3981",398,"Simu1","NIT",50,"cliver",0.29518228853491
"3982",398.1,"Simu1","NIT",50,"cliver",0.286097630855533
"3983",398.2,"Simu1","NIT",50,"cliver",0.27688219318784
"3984",398.3,"Simu1","NIT",50,"cliver",0.267587149436898
"3985",398.4,"Simu1","NIT",50,"cliver",0.258258346476207
"3986",398.5,"Simu1","NIT",50,"cliver",0.248936737016842
"3987",398.6,"Simu1","NIT",50,"cliver",0.239658784580695
"3988",398.7,"Simu1","NIT",50,"cliver",0.230456844349624
"3989",398.8,"Simu1","NIT",50,"cliver",0.221359511840615
"3990",398.9,"Simu1","NIT",50,"cliver",0.212391938377643
"3991",399,"Simu1","NIT",50,"cliver",0.203576120219453
"3992",399.1,"Simu1","NIT",50,"cliver",0.194931165825093
"3993",399.2,"Simu1","NIT",50,"cliver",0.186473540959001
"3994",399.3,"Simu1","NIT",50,"cliver",0.178217291534951
"3995",399.4,"Simu1","NIT",50,"cliver",0.170174246431519
"3996",399.5,"Simu1","NIT",50,"cliver",0.162354202898422
"3997",399.6,"Simu1","NIT",50,"cliver",0.154765095997276
"3998",399.7,"Simu1","NIT",50,"cliver",0.147413153415844
"3999",399.8,"Simu1","NIT",50,"cliver",0.140303036280456
"4000",399.9,"Simu1","NIT",50,"cliver",0.133437969194534
"4001",400,"Simu1","NIT",50,"cliver",0.126819860248738
"4002",400.1,"Simu1","NIT",50,"cliver",0.120449412106927
"4003",400.2,"Simu1","NIT",50,"cliver",0.114326225374165
"4004",400.3,"Simu1","NIT",50,"cliver",0.108448896315534
"4005",400.4,"Simu1","NIT",50,"cliver",0.102815109565753
"4006",400.5,"Simu1","NIT",50,"cliver",0.0974217268843234
"4007",400.6,"Simu1","NIT",50,"cliver",0.0922648715679574
"4008",400.7,"Simu1","NIT",50,"cliver",0.0873400112657005
"4009",400.8,"Simu1","NIT",50,"cliver",0.0826420357472522
"4010",400.9,"Simu1","NIT",50,"cliver",0.0781653370569131
"4011",401,"Simu1","NIT",50,"cliver",0.0739038759203442
"4012",401.1,"Simu1","NIT",50,"cliver",0.0698512708646749
"4013",401.2,"Simu1","NIT",50,"cliver",0.0660008445884544
"4014",401.3,"Simu1","NIT",50,"cliver",0.0623457018264952
"4015",401.4,"Simu1","NIT",50,"cliver",0.0588787041260619
"4016",401.5,"Simu1","NIT",50,"cliver",0.0555926974285438
"4017",401.6,"Simu1","NIT",50,"cliver",0.0524805932942189
"4018",401.7,"Simu1","NIT",50,"cliver",0.0495351556948676
"4019",401.8,"Simu1","NIT",50,"cliver",0.0467490695031723
"4020",401.9,"Simu1","NIT",50,"cliver",0.0441152165605565
"4021",402,"Simu1","NIT",50,"cliver",0.0425484647101975
"4022",402.1,"Simu1","NIT",50,"cliver",0.246773011570108
"4023",402.2,"Simu1","NIT",50,"cliver",0.320055971619533
"4024",402.3,"Simu1","NIT",50,"cliver",0.340403153941171
"4025",402.4,"Simu1","NIT",50,"cliver",0.350857583005327
"4026",402.5,"Simu1","NIT",50,"cliver",0.357776302359172
"4027",402.6,"Simu1","NIT",50,"cliver",0.362320347413506
"4028",402.7,"Simu1","NIT",50,"cliver",0.364861009389505
"4029",402.8,"Simu1","NIT",50,"cliver",0.365635417479998
"4030",402.9,"Simu1","NIT",50,"cliver",0.364844878168654
"4031",403,"Simu1","NIT",50,"cliver",0.362672055563819
"4032",403.1,"Simu1","NIT",50,"cliver",0.359283553759609
"4033",403.2,"Simu1","NIT",50,"cliver",0.354831186294068
"4034",403.3,"Simu1","NIT",50,"cliver",0.349453539105661
"4035",403.4,"Simu1","NIT",50,"cliver",0.343276848307872
"4036",403.5,"Simu1","NIT",50,"cliver",0.336416047915998
"4037",403.6,"Simu1","NIT",50,"cliver",0.328975548329314
"4038",403.7,"Simu1","NIT",50,"cliver",0.321050126126035
"4039",403.8,"Simu1","NIT",50,"cliver",0.312725631721362
"4040",403.9,"Simu1","NIT",50,"cliver",0.304079724623549
"4041",404,"Simu1","NIT",50,"cliver",0.295182652582023
"4042",404.1,"Simu1","NIT",50,"cliver",0.286097865588263
"4043",404.2,"Simu1","NIT",50,"cliver",0.276882586643504
"4044",404.3,"Simu1","NIT",50,"cliver",0.267587683201803
"4045",404.4,"Simu1","NIT",50,"cliver",0.258258899756863
"4046",404.5,"Simu1","NIT",50,"cliver",0.24893729044768
"4047",404.6,"Simu1","NIT",50,"cliver",0.239659357017096
"4048",404.7,"Simu1","NIT",50,"cliver",0.230457448575291
"4049",404.8,"Simu1","NIT",50,"cliver",0.221360140107178
"4050",404.9,"Simu1","NIT",50,"cliver",0.212392567214914
"4051",405,"Simu1","NIT",50,"cliver",0.203576717742618
"4052",405.1,"Simu1","NIT",50,"cliver",0.194931715701928
"4053",405.2,"Simu1","NIT",50,"cliver",0.186474043745549
"4054",405.3,"Simu1","NIT",50,"cliver",0.178217766302339
"4055",405.4,"Simu1","NIT",50,"cliver",0.170174718743784
"4056",405.5,"Simu1","NIT",50,"cliver",0.162354661938867
"4057",405.6,"Simu1","NIT",50,"cliver",0.15476551418807
"4058",405.7,"Simu1","NIT",50,"cliver",0.147413550904371
"4059",405.8,"Simu1","NIT",50,"cliver",0.140303437427895
"4060",405.9,"Simu1","NIT",50,"cliver",0.133438342578908
"4061",406,"Simu1","NIT",50,"cliver",0.12682020464605
"4062",406.1,"Simu1","NIT",50,"cliver",0.120449749437029
"4063",406.2,"Simu1","NIT",50,"cliver",0.11432654387512
"4064",406.3,"Simu1","NIT",50,"cliver",0.108449193362719
"4065",406.4,"Simu1","NIT",50,"cliver",0.102815394035795
"4066",406.5,"Simu1","NIT",50,"cliver",0.0974219978187552
"4067",406.6,"Simu1","NIT",50,"cliver",0.0922651262374406
"4068",406.7,"Simu1","NIT",50,"cliver",0.0873402513286556
"4069",406.8,"Simu1","NIT",50,"cliver",0.0826422639109235
"4070",406.9,"Simu1","NIT",50,"cliver",0.0781655511588677
"4071",407,"Simu1","NIT",50,"cliver",0.0739040803557492
"4072",407.1,"Simu1","NIT",50,"cliver",0.0698514569259649
"4073",407.2,"Simu1","NIT",50,"cliver",0.066001011399071
"4074",407.3,"Simu1","NIT",50,"cliver",0.062345804367702
"4075",407.4,"Simu1","NIT",50,"cliver",0.0588788577772405
"4076",407.5,"Simu1","NIT",50,"cliver",0.0555929836774771
"4077",407.6,"Simu1","NIT",50,"cliver",0.0524808475208287
"4078",407.7,"Simu1","NIT",50,"cliver",0.0495352779196032
"4079",407.8,"Simu1","NIT",50,"cliver",0.0467491696725465
"4080",407.9,"Simu1","NIT",50,"cliver",0.0441153611935146
"4081",408,"Simu1","NIT",50,"cliver",0.0425485809468736
"4082",408.1,"Simu1","NIT",50,"cliver",0.246773116930943
"4083",408.2,"Simu1","NIT",50,"cliver",0.32005518049169
"4084",408.3,"Simu1","NIT",50,"cliver",0.34040280410212
"4085",408.4,"Simu1","NIT",50,"cliver",0.350857121191314
"4086",408.5,"Simu1","NIT",50,"cliver",0.357776101696655
"4087",408.6,"Simu1","NIT",50,"cliver",0.362320096208702
"4088",408.7,"Simu1","NIT",50,"cliver",0.364860668464802
"4089",408.8,"Simu1","NIT",50,"cliver",0.365635012603621
"4090",408.9,"Simu1","NIT",50,"cliver",0.364844532337313
"4091",409,"Simu1","NIT",50,"cliver",0.362671681235645
"4092",409.1,"Simu1","NIT",50,"cliver",0.359283162521256
"4093",409.2,"Simu1","NIT",50,"cliver",0.354830800424629
"4094",409.3,"Simu1","NIT",50,"cliver",0.349453162482528
"4095",409.4,"Simu1","NIT",50,"cliver",0.343276478637423
"4096",409.5,"Simu1","NIT",50,"cliver",0.336415667228214
"4097",409.6,"Simu1","NIT",50,"cliver",0.328975177369026
"4098",409.7,"Simu1","NIT",50,"cliver",0.321049744331498
"4099",409.8,"Simu1","NIT",50,"cliver",0.312725266537452
"4100",409.9,"Simu1","NIT",50,"cliver",0.304079472610264
"4101",410,"Simu1","NIT",50,"cliver",0.295182576617938
"4102",410.1,"Simu1","NIT",50,"cliver",0.286097902995661
"4103",410.2,"Simu1","NIT",50,"cliver",0.276882455249728
"4104",410.3,"Simu1","NIT",50,"cliver",0.267587403986839
"4105",410.4,"Simu1","NIT",50,"cliver",0.258258600261866
"4106",410.5,"Simu1","NIT",50,"cliver",0.2489369825371
"4107",410.6,"Simu1","NIT",50,"cliver",0.23965901454161
"4108",410.7,"Simu1","NIT",50,"cliver",0.23045706655634
"4109",410.8,"Simu1","NIT",50,"cliver",0.221359731053202
"4110",410.9,"Simu1","NIT",50,"cliver",0.212392148760445
"4111",411,"Simu1","NIT",50,"cliver",0.203576319270083
"4112",411.1,"Simu1","NIT",50,"cliver",0.194931357280153
"4113",411.2,"Simu1","NIT",50,"cliver",0.186473726683072
"4114",411.3,"Simu1","NIT",50,"cliver",0.178217469286834
"4115",411.4,"Simu1","NIT",50,"cliver",0.170174415627802
"4116",411.5,"Simu1","NIT",50,"cliver",0.162354364528178
"4117",411.6,"Simu1","NIT",50,"cliver",0.154765251458519
"4118",411.7,"Simu1","NIT",50,"cliver",0.147413301138031
"4119",411.8,"Simu1","NIT",50,"cliver",0.140303177486586
"4120",411.9,"Simu1","NIT",50,"cliver",0.1334381020358
"4121",412,"Simu1","NIT",50,"cliver",0.126820006520254
"4122",412.1,"Simu1","NIT",50,"cliver",0.120449563393826
"4123",412.2,"Simu1","NIT",50,"cliver",0.114326350666698
"4124",412.3,"Simu1","NIT",50,"cliver",0.108448999750891
"4125",412.4,"Simu1","NIT",50,"cliver",0.102815221043581
"4126",412.5,"Simu1","NIT",50,"cliver",0.0974218408351398
"4127",412.6,"Simu1","NIT",50,"cliver",0.0922649721730849
"4128",412.7,"Simu1","NIT",50,"cliver",0.0873400964662972
"4129",412.8,"Simu1","NIT",50,"cliver",0.0826421259492224
"4130",412.9,"Simu1","NIT",50,"cliver",0.0781653795059795
"4131",413,"Simu1","NIT",50,"cliver",0.0739038875976663
"4132",413.1,"Simu1","NIT",50,"cliver",0.0698513316471755
"4133",413.2,"Simu1","NIT",50,"cliver",0.0660009068195216
"4134",413.3,"Simu1","NIT",50,"cliver",0.0623456615025719
"4135",413.4,"Simu1","NIT",50,"cliver",0.0588786668110721
"4136",413.5,"Simu1","NIT",50,"cliver",0.055592936128451
"4137",413.6,"Simu1","NIT",50,"cliver",0.0524808768515409
"4138",413.7,"Simu1","NIT",50,"cliver",0.0495350813424101
"4139",413.8,"Simu1","NIT",50,"cliver",0.0467491051671538
"4140",413.9,"Simu1","NIT",50,"cliver",0.0441152789771236
"4141",414,"Simu1","NIT",50,"cliver",0.0425485155247168
"4142",414.1,"Simu1","NIT",50,"cliver",0.246773094265364
"4143",414.2,"Simu1","NIT",50,"cliver",0.320055598019362
"4144",414.3,"Simu1","NIT",50,"cliver",0.340403009605831
"4145",414.4,"Simu1","NIT",50,"cliver",0.350857211303464
"4146",414.5,"Simu1","NIT",50,"cliver",0.357776108160914
"4147",414.6,"Simu1","NIT",50,"cliver",0.362320270896065
"4148",414.7,"Simu1","NIT",50,"cliver",0.364860954361585
"4149",414.8,"Simu1","NIT",50,"cliver",0.365635054252614
"4150",414.9,"Simu1","NIT",50,"cliver",0.364844562584608
"4151",415,"Simu1","NIT",50,"cliver",0.362671772007308
"4152",415.1,"Simu1","NIT",50,"cliver",0.359283227873141
"4153",415.2,"Simu1","NIT",50,"cliver",0.354830891906433
"4154",415.3,"Simu1","NIT",50,"cliver",0.349453291706928
"4155",415.4,"Simu1","NIT",50,"cliver",0.343276694000436
"4156",415.5,"Simu1","NIT",50,"cliver",0.336415986715776
"4157",415.6,"Simu1","NIT",50,"cliver",0.328975558257019
"4158",415.7,"Simu1","NIT",50,"cliver",0.321050181905501
"4159",415.8,"Simu1","NIT",50,"cliver",0.31272574486763
"4160",415.9,"Simu1","NIT",50,"cliver",0.304079947966116
"4161",416,"Simu1","NIT",50,"cliver",0.29518298169432
"4162",416.1,"Simu1","NIT",50,"cliver",0.286098228740309
"4163",416.2,"Simu1","NIT",50,"cliver",0.276882727340609
"4164",416.3,"Simu1","NIT",50,"cliver",0.267587674181328
"4165",416.4,"Simu1","NIT",50,"cliver",0.258258842269992
"4166",416.5,"Simu1","NIT",50,"cliver",0.24893720822019
"4167",416.6,"Simu1","NIT",50,"cliver",0.239659232784482
"4168",416.7,"Simu1","NIT",50,"cliver",0.230457286522339
"4169",416.8,"Simu1","NIT",50,"cliver",0.221359912665264
"4170",416.9,"Simu1","NIT",50,"cliver",0.212392306171466
"4171",417,"Simu1","NIT",50,"cliver",0.203576478097669
"4172",417.1,"Simu1","NIT",50,"cliver",0.194931517966773
"4173",417.2,"Simu1","NIT",50,"cliver",0.186473879929659
"4174",417.3,"Simu1","NIT",50,"cliver",0.178217645389992
"4175",417.4,"Simu1","NIT",50,"cliver",0.17017458061663
"4176",417.5,"Simu1","NIT",50,"cliver",0.162354478399195
"4177",417.6,"Simu1","NIT",50,"cliver",0.154765348076407
"4178",417.7,"Simu1","NIT",50,"cliver",0.147413421541246
"4179",417.8,"Simu1","NIT",50,"cliver",0.140303289468211
"4180",417.9,"Simu1","NIT",50,"cliver",0.133438186155566
"4181",418,"Simu1","NIT",50,"cliver",0.126820058755894
"4182",418.1,"Simu1","NIT",50,"cliver",0.120449618820708
"4183",418.2,"Simu1","NIT",50,"cliver",0.114326414239844
"4184",418.3,"Simu1","NIT",50,"cliver",0.108449077625828
"4185",418.4,"Simu1","NIT",50,"cliver",0.102815237651238
"4186",418.5,"Simu1","NIT",50,"cliver",0.0974217917069159
"4187",418.6,"Simu1","NIT",50,"cliver",0.0922649792729668
"4188",418.7,"Simu1","NIT",50,"cliver",0.0873401565435148
"4189",418.8,"Simu1","NIT",50,"cliver",0.0826421213636767
"4190",418.9,"Simu1","NIT",50,"cliver",0.0781653097140695
"4191",419,"Simu1","NIT",50,"cliver",0.0739040069485142
"4192",419.1,"Simu1","NIT",50,"cliver",0.069851463170543
"4193",419.2,"Simu1","NIT",50,"cliver",0.0660009592205374
"4194",419.3,"Simu1","NIT",50,"cliver",0.0623457514236184
"4195",419.4,"Simu1","NIT",50,"cliver",0.0588787812539367
"4196",419.5,"Simu1","NIT",50,"cliver",0.0555928553446853
"4197",419.6,"Simu1","NIT",50,"cliver",0.0524807525753466
"4198",419.7,"Simu1","NIT",50,"cliver",0.0495352513272182
"4199",419.8,"Simu1","NIT",50,"cliver",0.0467491532186845
"4200",419.9,"Simu1","NIT",50,"cliver",0.0441153368403866
"4201",420,"Simu1","NIT",50,"cliver",0.0425485662435266
"4202",420.1,"Simu1","NIT",50,"cliver",0.246772885551804
"4203",420.2,"Simu1","NIT",50,"cliver",0.320055215850713
"4204",420.3,"Simu1","NIT",50,"cliver",0.340402888264788
"4205",420.4,"Simu1","NIT",50,"cliver",0.350856988196325
"4206",420.5,"Simu1","NIT",50,"cliver",0.357776020653599
"4207",420.6,"Simu1","NIT",50,"cliver",0.362320231187837
"4208",420.7,"Simu1","NIT",50,"cliver",0.364860884280174
"4209",420.8,"Simu1","NIT",50,"cliver",0.365634992310854
"4210",420.9,"Simu1","NIT",50,"cliver",0.364844469210923
"4211",421,"Simu1","NIT",50,"cliver",0.362671739088337
"4212",421.1,"Simu1","NIT",50,"cliver",0.359283205397209
"4213",421.2,"Simu1","NIT",50,"cliver",0.354830830283318
"4214",421.3,"Simu1","NIT",50,"cliver",0.349453162271027
"4215",421.4,"Simu1","NIT",50,"cliver",0.34327647020849
"4216",421.5,"Simu1","NIT",50,"cliver",0.336415682509391
"4217",421.6,"Simu1","NIT",50,"cliver",0.328975201556702
"4218",421.7,"Simu1","NIT",50,"cliver",0.321049769486474
"4219",421.8,"Simu1","NIT",50,"cliver",0.312725273159727
"4220",421.9,"Simu1","NIT",50,"cliver",0.304079456848409
"4221",422,"Simu1","NIT",50,"cliver",0.29518255647438
"4222",422.1,"Simu1","NIT",50,"cliver",0.286097892682891
"4223",422.2,"Simu1","NIT",50,"cliver",0.276882446344036
"4224",422.3,"Simu1","NIT",50,"cliver",0.267587394245753
"4225",422.4,"Simu1","NIT",50,"cliver",0.258258584552019
"4226",422.5,"Simu1","NIT",50,"cliver",0.248936968389058
"4227",422.6,"Simu1","NIT",50,"cliver",0.239659008183435
"4228",422.7,"Simu1","NIT",50,"cliver",0.230457059886382
"4229",422.8,"Simu1","NIT",50,"cliver",0.221359719833946
"4230",422.9,"Simu1","NIT",50,"cliver",0.212392139124594
"4231",423,"Simu1","NIT",50,"cliver",0.203576313561365
"4232",423.1,"Simu1","NIT",50,"cliver",0.194931351655719
"4233",423.2,"Simu1","NIT",50,"cliver",0.18647371943776
"4234",423.3,"Simu1","NIT",50,"cliver",0.178217462870126
"4235",423.4,"Simu1","NIT",50,"cliver",0.170174410726398
"4236",423.5,"Simu1","NIT",50,"cliver",0.162354360233405
"4237",423.6,"Simu1","NIT",50,"cliver",0.15476524652353
"4238",423.7,"Simu1","NIT",50,"cliver",0.147413297340544
"4239",423.8,"Simu1","NIT",50,"cliver",0.140303173696682
"4240",423.9,"Simu1","NIT",50,"cliver",0.133438100224887
"4241",424,"Simu1","NIT",50,"cliver",0.126819985093973
"4242",424.1,"Simu1","NIT",50,"cliver",0.120449530989265
"4243",424.2,"Simu1","NIT",50,"cliver",0.11432633845313
"4244",424.3,"Simu1","NIT",50,"cliver",0.108449003747449
"4245",424.4,"Simu1","NIT",50,"cliver",0.102815211538834
"4246",424.5,"Simu1","NIT",50,"cliver",0.0974218236213735
"4247",424.6,"Simu1","NIT",50,"cliver",0.0922649632341987
"4248",424.7,"Simu1","NIT",50,"cliver",0.0873400980701603
"4249",424.8,"Simu1","NIT",50,"cliver",0.0826421178282888
"4250",424.9,"Simu1","NIT",50,"cliver",0.0781654147084937
"4251",425,"Simu1","NIT",50,"cliver",0.0739039491718875
"4252",425.1,"Simu1","NIT",50,"cliver",0.069851342131834
"4253",425.2,"Simu1","NIT",50,"cliver",0.066000913475926
"4254",425.3,"Simu1","NIT",50,"cliver",0.0623457630909818
"4255",425.4,"Simu1","NIT",50,"cliver",0.058878743989187
"4256",425.5,"Simu1","NIT",50,"cliver",0.0555927399696959
"4257",425.6,"Simu1","NIT",50,"cliver",0.0524806618690298
"4258",425.7,"Simu1","NIT",50,"cliver",0.0495352208671241
"4259",425.8,"Simu1","NIT",50,"cliver",0.0467491089559898
"4260",425.9,"Simu1","NIT",50,"cliver",0.0441152631814594
"4261",426,"Simu1","NIT",50,"cliver",0.0425484998879875
"4262",426.1,"Simu1","NIT",50,"cliver",0.246773087437831
"4263",426.2,"Simu1","NIT",50,"cliver",0.320055993610198
"4264",426.3,"Simu1","NIT",50,"cliver",0.340402673312688
"4265",426.4,"Simu1","NIT",50,"cliver",0.350856819017713
"4266",426.5,"Simu1","NIT",50,"cliver",0.357775721987545
"4267",426.6,"Simu1","NIT",50,"cliver",0.36231999549852
"4268",426.7,"Simu1","NIT",50,"cliver",0.364860703868226
"4269",426.8,"Simu1","NIT",50,"cliver",0.365634874909976
"4270",426.9,"Simu1","NIT",50,"cliver",0.364844315556191
"4271",427,"Simu1","NIT",50,"cliver",0.362671551708683
"4272",427.1,"Simu1","NIT",50,"cliver",0.359283047150764
"4273",427.2,"Simu1","NIT",50,"cliver",0.354830681736031
"4274",427.3,"Simu1","NIT",50,"cliver",0.349453040819903
"4275",427.4,"Simu1","NIT",50,"cliver",0.343276349984453
"4276",427.5,"Simu1","NIT",50,"cliver",0.336415543229297
"4277",427.6,"Simu1","NIT",50,"cliver",0.328975051092924
"4278",427.7,"Simu1","NIT",50,"cliver",0.321049624092454
"4279",427.8,"Simu1","NIT",50,"cliver",0.312725137933932
"4280",427.9,"Simu1","NIT",50,"cliver",0.304079324105859
"4281",428,"Simu1","NIT",50,"cliver",0.295182416131877
"4282",428.1,"Simu1","NIT",50,"cliver",0.286097747626631
"4283",428.2,"Simu1","NIT",50,"cliver",0.276882305466407
"4284",428.3,"Simu1","NIT",50,"cliver",0.267587258591971
"4285",428.4,"Simu1","NIT",50,"cliver",0.258258449512564
"4286",428.5,"Simu1","NIT",50,"cliver",0.248936832790697
"4287",428.6,"Simu1","NIT",50,"cliver",0.239658874753882
"4288",428.7,"Simu1","NIT",50,"cliver",0.230456930317181
"4289",428.8,"Simu1","NIT",50,"cliver",0.221359593457241
"4290",428.9,"Simu1","NIT",50,"cliver",0.212392015158735
"4291",429,"Simu1","NIT",50,"cliver",0.203576192371159
"4292",429.1,"Simu1","NIT",50,"cliver",0.194931233926684
"4293",429.2,"Simu1","NIT",50,"cliver",0.186473605331952
"4294",429.3,"Simu1","NIT",50,"cliver",0.178217352211104
"4295",429.4,"Simu1","NIT",50,"cliver",0.170174303502129
"4296",429.5,"Simu1","NIT",50,"cliver",0.162354256580292
"4297",429.6,"Simu1","NIT",50,"cliver",0.154765146527269
"4298",429.7,"Simu1","NIT",50,"cliver",0.147413200765154
"4299",429.8,"Simu1","NIT",50,"cliver",0.140303080739075
"4300",429.9,"Simu1","NIT",50,"cliver",0.133438011039011
"4301",430,"Simu1","NIT",50,"cliver",0.126819899618329
"4302",430.1,"Simu1","NIT",50,"cliver",0.120449448978445
"4303",430.2,"Simu1","NIT",50,"cliver",0.114326259896099
"4304",430.3,"Simu1","NIT",50,"cliver",0.108448928657939
"4305",430.4,"Simu1","NIT",50,"cliver",0.102815139921274
"4306",430.5,"Simu1","NIT",50,"cliver",0.0974217551876927
"4307",430.6,"Simu1","NIT",50,"cliver",0.0922648981385769
"4308",430.7,"Simu1","NIT",50,"cliver",0.0873400358234965
"4309",430.8,"Simu1","NIT",50,"cliver",0.0826420592479258
"4310",430.9,"Simu1","NIT",50,"cliver",0.078165357767672
"4311",431,"Simu1","NIT",50,"cliver",0.073903897974539
"4312",431.1,"Simu1","NIT",50,"cliver",0.0698512842527131
"4313",431.2,"Simu1","NIT",50,"cliver",0.0660008569703369
"4314",431.3,"Simu1","NIT",50,"cliver",0.062345710864236
"4315",431.4,"Simu1","NIT",50,"cliver",0.0588787924221676
"4316",431.5,"Simu1","NIT",50,"cliver",0.0555928844393938
"4317",431.6,"Simu1","NIT",50,"cliver",0.0524807211855389
"4318",431.7,"Simu1","NIT",50,"cliver",0.0495351956147139
"4319",431.8,"Simu1","NIT",50,"cliver",0.0467491318940231
"4320",431.9,"Simu1","NIT",50,"cliver",0.0441153167984513
"4321",432,"Simu1","NIT",50,"cliver",0.0425485418256757
"4322",432.1,"Simu1","NIT",50,"cliver",0.246773148053419
"4323",432.2,"Simu1","NIT",50,"cliver",0.32005670259923
"4324",432.3,"Simu1","NIT",50,"cliver",0.340403620367649
"4325",432.4,"Simu1","NIT",50,"cliver",0.350856475531413
"4326",432.5,"Simu1","NIT",50,"cliver",0.357776360823188
"4327",432.6,"Simu1","NIT",50,"cliver",0.362320674145539
"4328",432.7,"Simu1","NIT",50,"cliver",0.364861301797428
"4329",432.8,"Simu1","NIT",50,"cliver",0.365635366137415
"4330",432.9,"Simu1","NIT",50,"cliver",0.364844683012289
"4331",433,"Simu1","NIT",50,"cliver",0.362671704236615
"4332",433.1,"Simu1","NIT",50,"cliver",0.359283236205287
"4333",433.2,"Simu1","NIT",50,"cliver",0.354831058403202
"4334",433.3,"Simu1","NIT",50,"cliver",0.349453465462019
"4335",433.4,"Simu1","NIT",50,"cliver",0.343276847306877
"4336",433.5,"Simu1","NIT",50,"cliver",0.336416131357728
"4337",433.6,"Simu1","NIT",50,"cliver",0.328975709466448
"4338",433.7,"Simu1","NIT",50,"cliver",0.321050333470884
"4339",433.8,"Simu1","NIT",50,"cliver",0.312725847711522
"4340",433.9,"Simu1","NIT",50,"cliver",0.304079983976095
"4341",434,"Simu1","NIT",50,"cliver",0.295183036207121
"4342",434.1,"Simu1","NIT",50,"cliver",0.286098361081234
"4343",434.2,"Simu1","NIT",50,"cliver",0.276882924420924
"4344",434.3,"Simu1","NIT",50,"cliver",0.267587874240753
"4345",434.4,"Simu1","NIT",50,"cliver",0.258259049194806
"4346",434.5,"Simu1","NIT",50,"cliver",0.248937414269641
"4347",434.6,"Simu1","NIT",50,"cliver",0.23965944291052
"4348",434.7,"Simu1","NIT",50,"cliver",0.230457488329391
"4349",434.8,"Simu1","NIT",50,"cliver",0.221360138907058
"4350",434.9,"Simu1","NIT",50,"cliver",0.212392544618914
"4351",435,"Simu1","NIT",50,"cliver",0.203576704760878
"4352",435.1,"Simu1","NIT",50,"cliver",0.194931730794807
"4353",435.2,"Simu1","NIT",50,"cliver",0.186474086888696
"4354",435.3,"Simu1","NIT",50,"cliver",0.178217818675491
"4355",435.4,"Simu1","NIT",50,"cliver",0.170174752210489
"4356",435.5,"Simu1","NIT",50,"cliver",0.162354691242648
"4357",435.6,"Simu1","NIT",50,"cliver",0.154765559218794
"4358",435.7,"Simu1","NIT",50,"cliver",0.147413575919652
"4359",435.8,"Simu1","NIT",50,"cliver",0.140303436021256
"4360",435.9,"Simu1","NIT",50,"cliver",0.13343837575337
"4361",436,"Simu1","NIT",50,"cliver",0.126820257200849
"4362",436.1,"Simu1","NIT",50,"cliver",0.120449777007154
"4363",436.2,"Simu1","NIT",50,"cliver",0.114326564907711
"4364",436.3,"Simu1","NIT",50,"cliver",0.10844923515933
"4365",436.4,"Simu1","NIT",50,"cliver",0.102815431177941
"4366",436.5,"Simu1","NIT",50,"cliver",0.0974220377092501
"4367",436.6,"Simu1","NIT",50,"cliver",0.0922652054647304
"4368",436.7,"Simu1","NIT",50,"cliver",0.087340329495389
"4369",436.8,"Simu1","NIT",50,"cliver",0.0826423005702656
"4370",436.9,"Simu1","NIT",50,"cliver",0.078165586807781
"4371",437,"Simu1","NIT",50,"cliver",0.0739041821787854
"4372",437.1,"Simu1","NIT",50,"cliver",0.0698515259951186
"4373",437.2,"Simu1","NIT",50,"cliver",0.0660011251537208
"4374",437.3,"Simu1","NIT",50,"cliver",0.0623459360417568
"4375",437.4,"Simu1","NIT",50,"cliver",0.0588789659536962
"4376",437.5,"Simu1","NIT",50,"cliver",0.055593005588657
"4377",437.6,"Simu1","NIT",50,"cliver",0.0524808937755305
"4378",437.7,"Simu1","NIT",50,"cliver",0.0495353829990237
"4379",437.8,"Simu1","NIT",50,"cliver",0.0467492715627868
"4380",437.9,"Simu1","NIT",50,"cliver",0.0441154397519769
"4381",438,"Simu1","NIT",50,"cliver",0.0425486628450038
"4382",438.1,"Simu1","NIT",50,"cliver",0.246773254790418
"4383",438.2,"Simu1","NIT",50,"cliver",0.320056130020844
"4384",438.3,"Simu1","NIT",50,"cliver",0.340403036083472
"4385",438.4,"Simu1","NIT",50,"cliver",0.35085709624946
"4386",438.5,"Simu1","NIT",50,"cliver",0.357775969443285
"4387",438.6,"Simu1","NIT",50,"cliver",0.362320156833053
"4388",438.7,"Simu1","NIT",50,"cliver",0.364860838196654
"4389",438.8,"Simu1","NIT",50,"cliver",0.365634930454473
"4390",438.9,"Simu1","NIT",50,"cliver",0.36484443169105
"4391",439,"Simu1","NIT",50,"cliver",0.362671640564501
"4392",439.1,"Simu1","NIT",50,"cliver",0.359283080843434
"4393",439.2,"Simu1","NIT",50,"cliver",0.354830673724632
"4394",439.3,"Simu1","NIT",50,"cliver",0.349452996157341
"4395",439.4,"Simu1","NIT",50,"cliver",0.343276331759407
"4396",439.5,"Simu1","NIT",50,"cliver",0.336415560540981
"4397",439.6,"Simu1","NIT",50,"cliver",0.328975070715741
"4398",439.7,"Simu1","NIT",50,"cliver",0.321049634629942
"4399",439.8,"Simu1","NIT",50,"cliver",0.312725150520461
"4400",439.9,"Simu1","NIT",50,"cliver",0.304079356278664
"4401",440,"Simu1","NIT",50,"cliver",0.295182465104713
"4402",440.1,"Simu1","NIT",50,"cliver",0.286097798080986
"4403",440.2,"Simu1","NIT",50,"cliver",0.276882348500989
"4404",440.3,"Simu1","NIT",50,"cliver",0.26758729805532
"4405",440.4,"Simu1","NIT",50,"cliver",0.258258494655151
"4406",440.5,"Simu1","NIT",50,"cliver",0.248936877215667
"4407",440.6,"Simu1","NIT",50,"cliver",0.239658925162365
"4408",440.7,"Simu1","NIT",50,"cliver",0.230456972301063
"4409",440.8,"Simu1","NIT",50,"cliver",0.221359632704658
"4410",440.9,"Simu1","NIT",50,"cliver",0.212392062165631
"4411",441,"Simu1","NIT",50,"cliver",0.203576235097345
"4412",441.1,"Simu1","NIT",50,"cliver",0.194931281843522
"4413",441.2,"Simu1","NIT",50,"cliver",0.18647365688269
"4414",441.3,"Simu1","NIT",50,"cliver",0.17821740435702
"4415",441.4,"Simu1","NIT",50,"cliver",0.17017431186714
"4416",441.5,"Simu1","NIT",50,"cliver",0.162354263560449
"4417",441.6,"Simu1","NIT",50,"cliver",0.154765200226279
"4418",441.7,"Simu1","NIT",50,"cliver",0.147413269310776
"4419",441.8,"Simu1","NIT",50,"cliver",0.140303139909799
"4420",441.9,"Simu1","NIT",50,"cliver",0.133438090478327
"4421",442,"Simu1","NIT",50,"cliver",0.126819997103707
"4422",442.1,"Simu1","NIT",50,"cliver",0.120449579298719
"4423",442.2,"Simu1","NIT",50,"cliver",0.11432638162976
"4424",442.3,"Simu1","NIT",50,"cliver",0.108449011986942
"4425",442.4,"Simu1","NIT",50,"cliver",0.102815222293723
"4426",442.5,"Simu1","NIT",50,"cliver",0.0974218687152376
"4427",442.6,"Simu1","NIT",50,"cliver",0.0922650077590438
"4428",442.7,"Simu1","NIT",50,"cliver",0.087340107290155
"4429",442.8,"Simu1","NIT",50,"cliver",0.0826421362963734
"4430",442.9,"Simu1","NIT",50,"cliver",0.0781654530571773
"4431",443,"Simu1","NIT",50,"cliver",0.0739040061504618
"4432",443.1,"Simu1","NIT",50,"cliver",0.0698514153358154
"4433",443.2,"Simu1","NIT",50,"cliver",0.0660009898797881
"4434",443.3,"Simu1","NIT",50,"cliver",0.0623458253413166
"4435",443.4,"Simu1","NIT",50,"cliver",0.0588788426874195
"4436",443.5,"Simu1","NIT",50,"cliver",0.0555929088018204
"4437",443.6,"Simu1","NIT",50,"cliver",0.0524808118355025
"4438",443.7,"Simu1","NIT",50,"cliver",0.0495353055020577
"4439",443.8,"Simu1","NIT",50,"cliver",0.0467491900406131
"4440",443.9,"Simu1","NIT",50,"cliver",0.0441153592116017
"4441",444,"Simu1","NIT",50,"cliver",0.042548613791731
"4442",444.1,"Simu1","NIT",50,"cliver",0.246773141804895
"4443",444.2,"Simu1","NIT",50,"cliver",0.32005506754161
"4444",444.3,"Simu1","NIT",50,"cliver",0.340402900612474
"4445",444.4,"Simu1","NIT",50,"cliver",0.350856325099241
"4446",444.5,"Simu1","NIT",50,"cliver",0.35777594958858
"4447",444.6,"Simu1","NIT",50,"cliver",0.362320144491072
"4448",444.7,"Simu1","NIT",50,"cliver",0.364860757269803
"4449",444.8,"Simu1","NIT",50,"cliver",0.365634924395252
"4450",444.9,"Simu1","NIT",50,"cliver",0.364844368104398
"4451",445,"Simu1","NIT",50,"cliver",0.362671582425661
"4452",445.1,"Simu1","NIT",50,"cliver",0.359283075852241
"4453",445.2,"Simu1","NIT",50,"cliver",0.354830720899077
"4454",445.3,"Simu1","NIT",50,"cliver",0.349453107615011
"4455",445.4,"Simu1","NIT",50,"cliver",0.343276452817631
"4456",445.5,"Simu1","NIT",50,"cliver",0.336415640107143
"4457",445.6,"Simu1","NIT",50,"cliver",0.32897512289305
"4458",445.7,"Simu1","NIT",50,"cliver",0.321049691572268
"4459",445.8,"Simu1","NIT",50,"cliver",0.312725214537258
"4460",445.9,"Simu1","NIT",50,"cliver",0.304079406649908
"4461",446,"Simu1","NIT",50,"cliver",0.295182496560096
"4462",446.1,"Simu1","NIT",50,"cliver",0.286097819590104
"4463",446.2,"Simu1","NIT",50,"cliver",0.276882373675944
"4464",446.3,"Simu1","NIT",50,"cliver",0.267587329272949
"4465",446.4,"Simu1","NIT",50,"cliver",0.258258520603323
"4466",446.5,"Simu1","NIT",50,"cliver",0.24893690010121
"4467",446.6,"Simu1","NIT",50,"cliver",0.239658938606996
"4468",446.7,"Simu1","NIT",50,"cliver",0.230456992797473
"4469",446.8,"Simu1","NIT",50,"cliver",0.221359654796251
"4470",446.9,"Simu1","NIT",50,"cliver",0.212392074485279
"4471",447,"Simu1","NIT",50,"cliver",0.203576249331181
"4472",447.1,"Simu1","NIT",50,"cliver",0.194931288750377
"4473",447.2,"Simu1","NIT",50,"cliver",0.186473658256565
"4474",447.3,"Simu1","NIT",50,"cliver",0.178217403254662
"4475",447.4,"Simu1","NIT",50,"cliver",0.170174352568075
"4476",447.5,"Simu1","NIT",50,"cliver",0.162354303641592
"4477",447.6,"Simu1","NIT",50,"cliver",0.154765191629846
"4478",447.7,"Simu1","NIT",50,"cliver",0.147413243970709
"4479",447.8,"Simu1","NIT",50,"cliver",0.140303121945899
"4480",447.9,"Simu1","NIT",50,"cliver",0.133438050467646
"4481",448,"Simu1","NIT",50,"cliver",0.126819937350193
"4482",448.1,"Simu1","NIT",50,"cliver",0.120449485016371
"4483",448.2,"Simu1","NIT",50,"cliver",0.114326294177921
"4484",448.3,"Simu1","NIT",50,"cliver",0.10844896128197
"4485",448.4,"Simu1","NIT",50,"cliver",0.102815170954022
"4486",448.5,"Simu1","NIT",50,"cliver",0.0974217847359576
"4487",448.6,"Simu1","NIT",50,"cliver",0.0922649260860582
"4488",448.7,"Simu1","NIT",50,"cliver",0.0873400624565709
"4489",448.8,"Simu1","NIT",50,"cliver",0.0826420842165106
"4490",448.9,"Simu1","NIT",50,"cliver",0.0781653819899017
"4491",449,"Simu1","NIT",50,"cliver",0.0739039196577234
"4492",449.1,"Simu1","NIT",50,"cliver",0.069851307502749
"4493",449.2,"Simu1","NIT",50,"cliver",0.0660008658489948
"4494",449.3,"Simu1","NIT",50,"cliver",0.0623457066177786
"4495",449.4,"Simu1","NIT",50,"cliver",0.058878764107003
"4496",449.5,"Simu1","NIT",50,"cliver",0.0555928534722612
"4497",449.6,"Simu1","NIT",50,"cliver",0.0524806822581705
"4498",449.7,"Simu1","NIT",50,"cliver",0.0495351468689885
"4499",449.8,"Simu1","NIT",50,"cliver",0.0467490893895019
"4500",449.9,"Simu1","NIT",50,"cliver",0.0441152620054004
"4501",450,"Simu1","NIT",50,"cliver",0.0425484836857262
"4502",450.1,"Simu1","NIT",50,"cliver",0.24677277498661
"4503",450.2,"Simu1","NIT",50,"cliver",0.32005502899322
"4504",450.3,"Simu1","NIT",50,"cliver",0.340401888458464
"4505",450.4,"Simu1","NIT",50,"cliver",0.350855565327387
"4506",450.5,"Simu1","NIT",50,"cliver",0.357774593254378
"4507",450.6,"Simu1","NIT",50,"cliver",0.362318949082913
"4508",450.7,"Simu1","NIT",50,"cliver",0.364859808860225
"4509",450.8,"Simu1","NIT",50,"cliver",0.365633743879339
"4510",450.9,"Simu1","NIT",50,"cliver",0.364843296985106
"4511",451,"Simu1","NIT",50,"cliver",0.362670479217722
"4512",451.1,"Simu1","NIT",50,"cliver",0.359281979018013
"4513",451.2,"Simu1","NIT",50,"cliver",0.354829616821134
"4514",451.3,"Simu1","NIT",50,"cliver",0.34945199297891
"4515",451.4,"Simu1","NIT",50,"cliver",0.343275380307046
"4516",451.5,"Simu1","NIT",50,"cliver",0.336414645942131
"4517",451.6,"Simu1","NIT",50,"cliver",0.328974195301651
"4518",451.7,"Simu1","NIT",50,"cliver",0.321048801983505
"4519",451.8,"Simu1","NIT",50,"cliver",0.312724358127833
"4520",451.9,"Simu1","NIT",50,"cliver",0.304078606432388
"4521",452,"Simu1","NIT",50,"cliver",0.295181793490167
"4522",452.1,"Simu1","NIT",50,"cliver",0.286097223083055
"4523",452.2,"Simu1","NIT",50,"cliver",0.276881863913065
"4524",452.3,"Simu1","NIT",50,"cliver",0.267586886856316
"4525",452.4,"Simu1","NIT",50,"cliver",0.258258121946954
"4526",452.5,"Simu1","NIT",50,"cliver",0.248936488538388
"4527",452.6,"Simu1","NIT",50,"cliver",0.239658479994904
"4528",452.7,"Simu1","NIT",50,"cliver",0.230456506448316
"4529",452.8,"Simu1","NIT",50,"cliver",0.221359176223513
"4530",452.9,"Simu1","NIT",50,"cliver",0.212391615701449
"4531",453,"Simu1","NIT",50,"cliver",0.203575800628428
"4532",453.1,"Simu1","NIT",50,"cliver",0.19493084170566
"4533",453.2,"Simu1","NIT",50,"cliver",0.186473215942868
"4534",453.3,"Simu1","NIT",50,"cliver",0.178216972804022
"4535",453.4,"Simu1","NIT",50,"cliver",0.170173936269149
"4536",453.5,"Simu1","NIT",50,"cliver",0.162353899200738
"4537",453.6,"Simu1","NIT",50,"cliver",0.154764797298645
"4538",453.7,"Simu1","NIT",50,"cliver",0.147412860772066
"4539",453.8,"Simu1","NIT",50,"cliver",0.140302751575899
"4540",453.9,"Simu1","NIT",50,"cliver",0.133437693596766
"4541",454,"Simu1","NIT",50,"cliver",0.126819593387955
"4542",454.1,"Simu1","NIT",50,"cliver",0.120449153241546
"4543",454.2,"Simu1","NIT",50,"cliver",0.114325974914744
"4544",454.3,"Simu1","NIT",50,"cliver",0.108448655086238
"4545",454.4,"Simu1","NIT",50,"cliver",0.102814877581846
"4546",454.5,"Simu1","NIT",50,"cliver",0.0974215036473883
"4547",454.6,"Simu1","NIT",50,"cliver",0.092264657131067
"4548",454.7,"Simu1","NIT",50,"cliver",0.0873398056149654
"4549",454.8,"Simu1","NIT",50,"cliver",0.082641839291457
"4550",454.9,"Simu1","NIT",50,"cliver",0.0781651484165639
"4551",455,"Simu1","NIT",50,"cliver",0.0739036975372668
"4552",455.1,"Simu1","NIT",50,"cliver",0.0698510954685271
"4553",455.2,"Simu1","NIT",50,"cliver",0.0660006540747014
"4554",455.3,"Simu1","NIT",50,"cliver",0.0623454747835199
"4555",455.4,"Simu1","NIT",50,"cliver",0.0588785284001065
"4556",455.5,"Simu1","NIT",50,"cliver",0.0555927051730412
"4557",455.6,"Simu1","NIT",50,"cliver",0.0524806633437917
"4558",455.7,"Simu1","NIT",50,"cliver",0.0495350937070831
"4559",455.8,"Simu1","NIT",50,"cliver",0.0467489338985187
"4560",455.9,"Simu1","NIT",50,"cliver",0.0441151473713982
"4561",456,"Simu1","NIT",50,"cliver",0.0425483589945738
"4562",456.1,"Simu1","NIT",50,"cliver",0.24677289723102
"4563",456.2,"Simu1","NIT",50,"cliver",0.320055777972602
"4564",456.3,"Simu1","NIT",50,"cliver",0.340402516591619
"4565",456.4,"Simu1","NIT",50,"cliver",0.35085595821291
"4566",456.5,"Simu1","NIT",50,"cliver",0.357775394986897
"4567",456.6,"Simu1","NIT",50,"cliver",0.362319655025826
"4568",456.7,"Simu1","NIT",50,"cliver",0.364860301368314
"4569",456.8,"Simu1","NIT",50,"cliver",0.365634304064283
"4570",456.9,"Simu1","NIT",50,"cliver",0.36484386920693
"4571",457,"Simu1","NIT",50,"cliver",0.36267115800318
"4572",457.1,"Simu1","NIT",50,"cliver",0.359282592055947
"4573",457.2,"Simu1","NIT",50,"cliver",0.354830235212005
"4574",457.3,"Simu1","NIT",50,"cliver",0.349452624163749
"4575",457.4,"Simu1","NIT",50,"cliver",0.343276009143994
"4576",457.5,"Simu1","NIT",50,"cliver",0.336415225255219
"4577",457.6,"Simu1","NIT",50,"cliver",0.32897470982836
"4578",457.7,"Simu1","NIT",50,"cliver",0.321049282105199
"4579",457.8,"Simu1","NIT",50,"cliver",0.312724829180159
"4580",457.9,"Simu1","NIT",50,"cliver",0.304079053323614
"4581",458,"Simu1","NIT",50,"cliver",0.295182166143943
"4582",458.1,"Simu1","NIT",50,"cliver",0.286097501268203
"4583",458.2,"Simu1","NIT",50,"cliver",0.276882063836485
"4584",458.3,"Simu1","NIT",50,"cliver",0.267587030768159
"4585",458.4,"Simu1","NIT",50,"cliver",0.258258238153004
"4586",458.5,"Simu1","NIT",50,"cliver",0.248936631272731
"4587",458.6,"Simu1","NIT",50,"cliver",0.239658680572331
"4588",458.7,"Simu1","NIT",50,"cliver",0.230456750316025
"4589",458.8,"Simu1","NIT",50,"cliver",0.221359427195054
"4590",458.9,"Simu1","NIT",50,"cliver",0.212391854373722
"4591",459,"Simu1","NIT",50,"cliver",0.203576043478703
"4592",459.1,"Simu1","NIT",50,"cliver",0.194931098632203
"4593",459.2,"Simu1","NIT",50,"cliver",0.186473469160392
"4594",459.3,"Simu1","NIT",50,"cliver",0.178217228474553
"4595",459.4,"Simu1","NIT",50,"cliver",0.170174200230305
"4596",459.5,"Simu1","NIT",50,"cliver",0.162354142765749
"4597",459.6,"Simu1","NIT",50,"cliver",0.154765024342469
"4598",459.7,"Simu1","NIT",50,"cliver",0.147413103130324
"4599",459.8,"Simu1","NIT",50,"cliver",0.140303004101035
"4600",459.9,"Simu1","NIT",50,"cliver",0.133437924356592
"4601",460,"Simu1","NIT",50,"cliver",0.126819810178112
"4602",460.1,"Simu1","NIT",50,"cliver",0.120449371172951
"4603",460.2,"Simu1","NIT",50,"cliver",0.114326201135558
"4604",460.3,"Simu1","NIT",50,"cliver",0.108448855924372
"4605",460.4,"Simu1","NIT",50,"cliver",0.102815091327842
"4606",460.5,"Simu1","NIT",50,"cliver",0.097421661516125
"4607",460.6,"Simu1","NIT",50,"cliver",0.0922648136309225
"4608",460.7,"Simu1","NIT",50,"cliver",0.0873399464553117
"4609",460.8,"Simu1","NIT",50,"cliver",0.0826419688699612
"4610",460.9,"Simu1","NIT",50,"cliver",0.0781652440427424
"4611",461,"Simu1","NIT",50,"cliver",0.0739037630984874
"4612",461.1,"Simu1","NIT",50,"cliver",0.0698511583601181
"4613",461.2,"Simu1","NIT",50,"cliver",0.0660007638454882
"4614",461.3,"Simu1","NIT",50,"cliver",0.062345651458152
"4615",461.4,"Simu1","NIT",50,"cliver",0.0588787166300967
"4616",461.5,"Simu1","NIT",50,"cliver",0.0555928249715462
"4617",461.6,"Simu1","NIT",50,"cliver",0.0524807038928385
"4618",461.7,"Simu1","NIT",50,"cliver",0.0495352584751917
"4619",461.8,"Simu1","NIT",50,"cliver",0.0467490204693728
"4620",461.9,"Simu1","NIT",50,"cliver",0.0441153601503782
"4621",462,"Simu1","NIT",50,"cliver",0.042548542956159
"4622",462.1,"Simu1","NIT",50,"cliver",0.246773127822525
"4623",462.2,"Simu1","NIT",50,"cliver",0.320056037297263
"4624",462.3,"Simu1","NIT",50,"cliver",0.340402762070308
"4625",462.4,"Simu1","NIT",50,"cliver",0.350856951157139
"4626",462.5,"Simu1","NIT",50,"cliver",0.357775884741083
"4627",462.6,"Simu1","NIT",50,"cliver",0.362320048419633
"4628",462.7,"Simu1","NIT",50,"cliver",0.364860724761644
"4629",462.8,"Simu1","NIT",50,"cliver",0.365634804134042
"4630",462.9,"Simu1","NIT",50,"cliver",0.364844298897479
"4631",463,"Simu1","NIT",50,"cliver",0.3626715497526
"4632",463.1,"Simu1","NIT",50,"cliver",0.359282996648759
"4633",463.2,"Simu1","NIT",50,"cliver",0.3548306077363
"4634",463.3,"Simu1","NIT",50,"cliver",0.349452932852068
"4635",463.4,"Simu1","NIT",50,"cliver",0.343276251687256
"4636",463.5,"Simu1","NIT",50,"cliver",0.336415476003135
"4637",463.6,"Simu1","NIT",50,"cliver",0.328974996160311
"4638",463.7,"Simu1","NIT",50,"cliver",0.321049563546943
"4639",463.8,"Simu1","NIT",50,"cliver",0.31272507404373
"4640",463.9,"Simu1","NIT",50,"cliver",0.304079269912888
"4641",464,"Simu1","NIT",50,"cliver",0.295182380870905
"4642",464.1,"Simu1","NIT",50,"cliver",0.286097721426796
"4643",464.2,"Simu1","NIT",50,"cliver",0.276882277230712
"4644",464.3,"Simu1","NIT",50,"cliver",0.267587229856827
"4645",464.4,"Simu1","NIT",50,"cliver",0.258258425761473
"4646",464.5,"Simu1","NIT",50,"cliver",0.248936814844299
"4647",464.6,"Simu1","NIT",50,"cliver",0.239658858981275
"4648",464.7,"Simu1","NIT",50,"cliver",0.230456915637714
"4649",464.8,"Simu1","NIT",50,"cliver",0.221359580389806
"4650",464.9,"Simu1","NIT",50,"cliver",0.212392004751612
"4651",465,"Simu1","NIT",50,"cliver",0.203576184044601
"4652",465.1,"Simu1","NIT",50,"cliver",0.194931226971148
"4653",465.2,"Simu1","NIT",50,"cliver",0.186473600024609
"4654",465.3,"Simu1","NIT",50,"cliver",0.178217347010298
"4655",465.4,"Simu1","NIT",50,"cliver",0.170174302350579
"4656",465.5,"Simu1","NIT",50,"cliver",0.162354248458673
"4657",465.6,"Simu1","NIT",50,"cliver",0.154765114816546
"4658",465.7,"Simu1","NIT",50,"cliver",0.147413171464911
"4659",465.8,"Simu1","NIT",50,"cliver",0.140303081575595
"4660",465.9,"Simu1","NIT",50,"cliver",0.133438014981512
"4661",466,"Simu1","NIT",50,"cliver",0.126819887238992
"4662",466.1,"Simu1","NIT",50,"cliver",0.120449432975319
"4663",466.2,"Simu1","NIT",50,"cliver",0.114326263413522
"4664",466.3,"Simu1","NIT",50,"cliver",0.108448927536556
"4665",466.4,"Simu1","NIT",50,"cliver",0.102815144059499
"4666",466.5,"Simu1","NIT",50,"cliver",0.0974217277425492
"4667",466.6,"Simu1","NIT",50,"cliver",0.0922648081375334
"4668",466.7,"Simu1","NIT",50,"cliver",0.0873399781601178
"4669",466.8,"Simu1","NIT",50,"cliver",0.0826420637633674
"4670",466.9,"Simu1","NIT",50,"cliver",0.0781653365806696
"4671",467,"Simu1","NIT",50,"cliver",0.0739037545391641
"4672",467.1,"Simu1","NIT",50,"cliver",0.0698512820816754
"4673",467.2,"Simu1","NIT",50,"cliver",0.0660008290048273
"4674",467.3,"Simu1","NIT",50,"cliver",0.0623456739634767
"4675",467.4,"Simu1","NIT",50,"cliver",0.058878692204708
"4676",467.5,"Simu1","NIT",50,"cliver",0.0555927716542587
"4677",467.6,"Simu1","NIT",50,"cliver",0.0524806798509078
"4678",467.7,"Simu1","NIT",50,"cliver",0.0495351848802008
"4679",467.8,"Simu1","NIT",50,"cliver",0.0467490941466386
"4680",467.9,"Simu1","NIT",50,"cliver",0.0441152746999203
"4681",468,"Simu1","NIT",50,"cliver",0.0425484992276857
"4682",468.1,"Simu1","NIT",50,"cliver",0.246773077594627
"4683",468.2,"Simu1","NIT",50,"cliver",0.320055767181964
"4684",468.3,"Simu1","NIT",50,"cliver",0.340403135112411
"4685",468.4,"Simu1","NIT",50,"cliver",0.350856861992186
"4686",468.5,"Simu1","NIT",50,"cliver",0.357775326301668
"4687",468.6,"Simu1","NIT",50,"cliver",0.362319631102352
"4688",468.7,"Simu1","NIT",50,"cliver",0.3648603816201
"4689",468.8,"Simu1","NIT",50,"cliver",0.365634512081105
"4690",468.9,"Simu1","NIT",50,"cliver",0.36484412278758
"4691",469,"Simu1","NIT",50,"cliver",0.362671457370243
"4692",469.1,"Simu1","NIT",50,"cliver",0.359282905297867
"4693",469.2,"Simu1","NIT",50,"cliver",0.354830561042256
"4694",469.3,"Simu1","NIT",50,"cliver",0.349452974170918
"4695",469.4,"Simu1","NIT",50,"cliver",0.343276383538692
"4696",469.5,"Simu1","NIT",50,"cliver",0.336415688902829
"4697",469.6,"Simu1","NIT",50,"cliver",0.328975280516846
"4698",469.7,"Simu1","NIT",50,"cliver",0.321049919152533
"4699",469.8,"Simu1","NIT",50,"cliver",0.312725496759697
"4700",469.9,"Simu1","NIT",50,"cliver",0.30407970157073
"4701",470,"Simu1","NIT",50,"cliver",0.295182744210841
"4702",470.1,"Simu1","NIT",50,"cliver",0.28609801142811
"4703",470.2,"Simu1","NIT",50,"cliver",0.27688253808932
"4704",470.3,"Simu1","NIT",50,"cliver",0.267587497734727
"4705",470.4,"Simu1","NIT",50,"cliver",0.258258681778307
"4706",470.5,"Simu1","NIT",50,"cliver",0.248937059752791
"4707",470.6,"Simu1","NIT",50,"cliver",0.239659092106813
"4708",470.7,"Simu1","NIT",50,"cliver",0.230457138299947
"4709",470.8,"Simu1","NIT",50,"cliver",0.22135980382989
"4710",470.9,"Simu1","NIT",50,"cliver",0.212392227375704
"4711",471,"Simu1","NIT",50,"cliver",0.203576384942654
"4712",471.1,"Simu1","NIT",50,"cliver",0.194931395493621
"4713",471.2,"Simu1","NIT",50,"cliver",0.186473762936844
"4714",471.3,"Simu1","NIT",50,"cliver",0.178217503267379
"4715",471.4,"Simu1","NIT",50,"cliver",0.170174506811818
"4716",471.5,"Simu1","NIT",50,"cliver",0.162354417283714
"4717",471.6,"Simu1","NIT",50,"cliver",0.154765245080708
"4718",471.7,"Simu1","NIT",50,"cliver",0.147413336179099
"4719",471.8,"Simu1","NIT",50,"cliver",0.140303247698384
"4720",471.9,"Simu1","NIT",50,"cliver",0.133438142286232
"4721",472,"Simu1","NIT",50,"cliver",0.126819992195867
"4722",472.1,"Simu1","NIT",50,"cliver",0.120449565992207
"4723",472.2,"Simu1","NIT",50,"cliver",0.114326377699124
"4724",472.3,"Simu1","NIT",50,"cliver",0.108449049179925
"4725",472.4,"Simu1","NIT",50,"cliver",0.102815204774059
"4726",472.5,"Simu1","NIT",50,"cliver",0.0974219523398405
"4727",472.6,"Simu1","NIT",50,"cliver",0.0922650374105666
"4728",472.7,"Simu1","NIT",50,"cliver",0.0873401343060699
"4729",472.8,"Simu1","NIT",50,"cliver",0.0826421029258369
"4730",472.9,"Simu1","NIT",50,"cliver",0.078165374880539
"4731",473,"Simu1","NIT",50,"cliver",0.0739039038116498
"4732",473.1,"Simu1","NIT",50,"cliver",0.0698513343035514
"4733",473.2,"Simu1","NIT",50,"cliver",0.0660009364246189
"4734",473.3,"Simu1","NIT",50,"cliver",0.0623458009350358
"4735",473.4,"Simu1","NIT",50,"cliver",0.0588788287895854
"4736",473.5,"Simu1","NIT",50,"cliver",0.0555929422360851
"4737",473.6,"Simu1","NIT",50,"cliver",0.052480783539377
"4738",473.7,"Simu1","NIT",50,"cliver",0.0495352621681134
"4739",473.8,"Simu1","NIT",50,"cliver",0.0467491729379898
"4740",473.9,"Simu1","NIT",50,"cliver",0.044115339867824
"4741",474,"Simu1","NIT",50,"cliver",0.0425485616080663
"4742",474.1,"Simu1","NIT",50,"cliver",0.246773114429993
"4743",474.2,"Simu1","NIT",50,"cliver",0.320056010622695
"4744",474.3,"Simu1","NIT",50,"cliver",0.34040269329963
"4745",474.4,"Simu1","NIT",50,"cliver",0.350856791999618
"4746",474.5,"Simu1","NIT",50,"cliver",0.357775512543811
"4747",474.6,"Simu1","NIT",50,"cliver",0.362319803601467
"4748",474.7,"Simu1","NIT",50,"cliver",0.364860657363485
"4749",474.8,"Simu1","NIT",50,"cliver",0.365634839007166
"4750",474.9,"Simu1","NIT",50,"cliver",0.364844207378161
"4751",475,"Simu1","NIT",50,"cliver",0.362671329822654
"4752",475.1,"Simu1","NIT",50,"cliver",0.359282930666745
"4753",475.2,"Simu1","NIT",50,"cliver",0.354830683771556
"4754",475.3,"Simu1","NIT",50,"cliver",0.34945307263712
"4755",475.4,"Simu1","NIT",50,"cliver",0.343276442507751
"4756",475.5,"Simu1","NIT",50,"cliver",0.336415709580532
"4757",475.6,"Simu1","NIT",50,"cliver",0.328975226843182
"4758",475.7,"Simu1","NIT",50,"cliver",0.321049744763082
"4759",475.8,"Simu1","NIT",50,"cliver",0.312725211114514
"4760",475.9,"Simu1","NIT",50,"cliver",0.304079393222733
"4761",476,"Simu1","NIT",50,"cliver",0.295182494754173
"4762",476.1,"Simu1","NIT",50,"cliver",0.286097824987353
"4763",476.2,"Simu1","NIT",50,"cliver",0.27688237260384
"4764",476.3,"Simu1","NIT",50,"cliver",0.267587304797057
"4765",476.4,"Simu1","NIT",50,"cliver",0.258258487475499
"4766",476.5,"Simu1","NIT",50,"cliver",0.248936880179519
"4767",476.6,"Simu1","NIT",50,"cliver",0.239658921639531
"4768",476.7,"Simu1","NIT",50,"cliver",0.230456963073045
"4769",476.8,"Simu1","NIT",50,"cliver",0.22135961974352
"4770",476.9,"Simu1","NIT",50,"cliver",0.212392044150091
"4771",477,"Simu1","NIT",50,"cliver",0.203576219737429
"4772",477.1,"Simu1","NIT",50,"cliver",0.194931254906856
"4773",477.2,"Simu1","NIT",50,"cliver",0.186473622972804
"4774",477.3,"Simu1","NIT",50,"cliver",0.178217369297769
"4775",477.4,"Simu1","NIT",50,"cliver",0.170174318799104
"4776",477.5,"Simu1","NIT",50,"cliver",0.162354268749472
"4777",477.6,"Simu1","NIT",50,"cliver",0.154765156905273
"4778",477.7,"Simu1","NIT",50,"cliver",0.147413209749245
"4779",477.8,"Simu1","NIT",50,"cliver",0.140303088736561
"4780",477.9,"Simu1","NIT",50,"cliver",0.13343801601848
"4781",478,"Simu1","NIT",50,"cliver",0.126819905806079
"4782",478.1,"Simu1","NIT",50,"cliver",0.120449460010511
"4783",478.2,"Simu1","NIT",50,"cliver",0.114326269871763
"4784",478.3,"Simu1","NIT",50,"cliver",0.108448931379789
"4785",478.4,"Simu1","NIT",50,"cliver",0.102815140728694
"4786",478.5,"Simu1","NIT",50,"cliver",0.0974217585576426
"4787",478.6,"Simu1","NIT",50,"cliver",0.0922649025457503
"4788",478.7,"Simu1","NIT",50,"cliver",0.0873400355991973
"4789",478.8,"Simu1","NIT",50,"cliver",0.0826420602793558
"4790",478.9,"Simu1","NIT",50,"cliver",0.0781653687589481
"4791",479,"Simu1","NIT",50,"cliver",0.0739039234168761
"4792",479.1,"Simu1","NIT",50,"cliver",0.0698512946022428
"4793",479.2,"Simu1","NIT",50,"cliver",0.0660008672938157
"4794",479.3,"Simu1","NIT",50,"cliver",0.062345763565407
"4795",479.4,"Simu1","NIT",50,"cliver",0.0588788113575377
"4796",479.5,"Simu1","NIT",50,"cliver",0.0555928528521717
"4797",479.6,"Simu1","NIT",50,"cliver",0.0524807509955764
"4798",479.7,"Simu1","NIT",50,"cliver",0.049535329913587
"4799",479.8,"Simu1","NIT",50,"cliver",0.0467490859748358
"4800",479.9,"Simu1","NIT",50,"cliver",0.0441152716530165
"4801",480,"Simu1","NIT",50,"cliver",0.0425485074121466
"4802",480.1,"Simu1","NIT",50,"cliver",0.246773104894143
"4803",480.2,"Simu1","NIT",50,"cliver",0.320056016856144
"4804",480.3,"Simu1","NIT",50,"cliver",0.340402753279284
"4805",480.4,"Simu1","NIT",50,"cliver",0.350856929207062
"4806",480.5,"Simu1","NIT",50,"cliver",0.357775867419525
"4807",480.6,"Simu1","NIT",50,"cliver",0.362320032673989
"4808",480.7,"Simu1","NIT",50,"cliver",0.364860706836967
"4809",480.8,"Simu1","NIT",50,"cliver",0.365634787898672
"4810",480.9,"Simu1","NIT",50,"cliver",0.364844285346689
"4811",481,"Simu1","NIT",50,"cliver",0.362671538407464
"4812",481.1,"Simu1","NIT",50,"cliver",0.359282986518151
"4813",481.2,"Simu1","NIT",50,"cliver",0.354830600760409
"4814",481.3,"Simu1","NIT",50,"cliver",0.349452927335884
"4815",481.4,"Simu1","NIT",50,"cliver",0.343276244982142
"4816",481.5,"Simu1","NIT",50,"cliver",0.336415468631851
"4817",481.6,"Simu1","NIT",50,"cliver",0.328974990355013
"4818",481.7,"Simu1","NIT",50,"cliver",0.321049556284006
"4819",481.8,"Simu1","NIT",50,"cliver",0.312725063825715
"4820",481.9,"Simu1","NIT",50,"cliver",0.304079255867424
"4821",482,"Simu1","NIT",50,"cliver",0.295182365003275
"4822",482.1,"Simu1","NIT",50,"cliver",0.286097707078707
"4823",482.2,"Simu1","NIT",50,"cliver",0.276882263671507
"4824",482.3,"Simu1","NIT",50,"cliver",0.267587216545323
"4825",482.4,"Simu1","NIT",50,"cliver",0.258258414045768
"4826",482.5,"Simu1","NIT",50,"cliver",0.248936804189317
"4827",482.6,"Simu1","NIT",50,"cliver",0.239658848995588
"4828",482.7,"Simu1","NIT",50,"cliver",0.230456905910911
"4829",482.8,"Simu1","NIT",50,"cliver",0.221359571691897
"4830",482.9,"Simu1","NIT",50,"cliver",0.212391996774634
"4831",483,"Simu1","NIT",50,"cliver",0.203576176657317
"4832",483.1,"Simu1","NIT",50,"cliver",0.194931220070773
"4833",483.2,"Simu1","NIT",50,"cliver",0.186473593184056
"4834",483.3,"Simu1","NIT",50,"cliver",0.178217341882739
"4835",483.4,"Simu1","NIT",50,"cliver",0.170174294884247
"4836",483.5,"Simu1","NIT",50,"cliver",0.162354249415921
"4837",483.6,"Simu1","NIT",50,"cliver",0.154765140609572
"4838",483.7,"Simu1","NIT",50,"cliver",0.147413196220697
"4839",483.8,"Simu1","NIT",50,"cliver",0.140303077309546
"4840",483.9,"Simu1","NIT",50,"cliver",0.133438008389358
"4841",484,"Simu1","NIT",50,"cliver",0.126819897619104
"4842",484.1,"Simu1","NIT",50,"cliver",0.120449447795364
"4843",484.2,"Simu1","NIT",50,"cliver",0.114326259468283
"4844",484.3,"Simu1","NIT",50,"cliver",0.10844892875735
"4845",484.4,"Simu1","NIT",50,"cliver",0.102815140419384
"4846",484.5,"Simu1","NIT",50,"cliver",0.0974217561633749
"4847",484.6,"Simu1","NIT",50,"cliver",0.0922648995225665
"4848",484.7,"Simu1","NIT",50,"cliver",0.0873400375007973
"4849",484.8,"Simu1","NIT",50,"cliver",0.0826420612409019
"4850",484.9,"Simu1","NIT",50,"cliver",0.0781653596389401
"4851",485,"Simu1","NIT",50,"cliver",0.0739039011658293
"4852",485.1,"Simu1","NIT",50,"cliver",0.069851311669263
"4853",485.2,"Simu1","NIT",50,"cliver",0.066000913310451
"4854",485.3,"Simu1","NIT",50,"cliver",0.0623457953109152
"4855",485.4,"Simu1","NIT",50,"cliver",0.0588788286991895
"4856",485.5,"Simu1","NIT",50,"cliver",0.0555928501835645
"4857",485.6,"Simu1","NIT",50,"cliver",0.0524807272778162
"4858",485.7,"Simu1","NIT",50,"cliver",0.0495352423226384
"4859",485.8,"Simu1","NIT",50,"cliver",0.0467491381946695
"4860",485.9,"Simu1","NIT",50,"cliver",0.0441152925193502
"4861",486,"Simu1","NIT",50,"cliver",0.0425484563865968
"4862",486.1,"Simu1","NIT",50,"cliver",0.246772839912245
"4863",486.2,"Simu1","NIT",50,"cliver",0.320054761515669
"4864",486.3,"Simu1","NIT",50,"cliver",0.340402727678071
"4865",486.4,"Simu1","NIT",50,"cliver",0.350855915293951
"4866",486.5,"Simu1","NIT",50,"cliver",0.357774914404927
"4867",486.6,"Simu1","NIT",50,"cliver",0.362319539709777
"4868",486.7,"Simu1","NIT",50,"cliver",0.364860042727053
"4869",486.8,"Simu1","NIT",50,"cliver",0.365634312005181
"4870",486.9,"Simu1","NIT",50,"cliver",0.364843901185088
"4871",487,"Simu1","NIT",50,"cliver",0.362671046264726
"4872",487.1,"Simu1","NIT",50,"cliver",0.359282521600903
"4873",487.2,"Simu1","NIT",50,"cliver",0.354830168454966
"4874",487.3,"Simu1","NIT",50,"cliver",0.349452568693809
"4875",487.4,"Simu1","NIT",50,"cliver",0.343275994506605
"4876",487.5,"Simu1","NIT",50,"cliver",0.336415288502785
"4877",487.6,"Simu1","NIT",50,"cliver",0.328974860539294
"4878",487.7,"Simu1","NIT",50,"cliver",0.321049466936747
"4879",487.8,"Simu1","NIT",50,"cliver",0.312724957366769
"4880",487.9,"Simu1","NIT",50,"cliver",0.304079106875777
"4881",488,"Simu1","NIT",50,"cliver",0.29518219219872
"4882",488.1,"Simu1","NIT",50,"cliver",0.286097539668855
"4883",488.2,"Simu1","NIT",50,"cliver",0.276882106121806
"4884",488.3,"Simu1","NIT",50,"cliver",0.267587059565941
"4885",488.4,"Simu1","NIT",50,"cliver",0.258258243995422
"4886",488.5,"Simu1","NIT",50,"cliver",0.248936634921694
"4887",488.6,"Simu1","NIT",50,"cliver",0.239658694602131
"4888",488.7,"Simu1","NIT",50,"cliver",0.230456752254092
"4889",488.8,"Simu1","NIT",50,"cliver",0.221359420049182
"4890",488.9,"Simu1","NIT",50,"cliver",0.212391886002295
"4891",489,"Simu1","NIT",50,"cliver",0.203576007471679
"4892",489.1,"Simu1","NIT",50,"cliver",0.194931095820601
"4893",489.2,"Simu1","NIT",50,"cliver",0.186473474835629
"4894",489.3,"Simu1","NIT",50,"cliver",0.178217202861146
"4895",489.4,"Simu1","NIT",50,"cliver",0.170174187355591
"4896",489.5,"Simu1","NIT",50,"cliver",0.162354173148454
"4897",489.6,"Simu1","NIT",50,"cliver",0.15476507793248
"4898",489.7,"Simu1","NIT",50,"cliver",0.147413097071987
"4899",489.8,"Simu1","NIT",50,"cliver",0.140302962936502
"4900",489.9,"Simu1","NIT",50,"cliver",0.133437875524155
"4901",490,"Simu1","NIT",50,"cliver",0.126819787772196
"4902",490.1,"Simu1","NIT",50,"cliver",0.120449332589249
"4903",490.2,"Simu1","NIT",50,"cliver",0.114326125333238
"4904",490.3,"Simu1","NIT",50,"cliver",0.108448796922568
"4905",490.4,"Simu1","NIT",50,"cliver",0.102815054631046
"4906",490.5,"Simu1","NIT",50,"cliver",0.0974217043764234
"4907",490.6,"Simu1","NIT",50,"cliver",0.0922648583338406
"4908",490.7,"Simu1","NIT",50,"cliver",0.0873400026256794
"4909",490.8,"Simu1","NIT",50,"cliver",0.082642037040074
"4910",490.9,"Simu1","NIT",50,"cliver",0.0781653507033051
"4911",491,"Simu1","NIT",50,"cliver",0.0739039034538057
"4912",491.1,"Simu1","NIT",50,"cliver",0.0698513026215122
"4913",491.2,"Simu1","NIT",50,"cliver",0.0660008644076923
"4914",491.3,"Simu1","NIT",50,"cliver",0.0623456871767334
"4915",491.4,"Simu1","NIT",50,"cliver",0.0588787133617756
"4916",491.5,"Simu1","NIT",50,"cliver",0.055592791060905
"4917",491.6,"Simu1","NIT",50,"cliver",0.0524806807392257
"4918",491.7,"Simu1","NIT",50,"cliver",0.0495351179771314
"4919",491.8,"Simu1","NIT",50,"cliver",0.0467490035323019
"4920",491.9,"Simu1","NIT",50,"cliver",0.0441152385721344
"4921",492,"Simu1","NIT",50,"cliver",0.0425484298217786
"4922",492.1,"Simu1","NIT",50,"cliver",0.246773007407006
"4923",492.2,"Simu1","NIT",50,"cliver",0.320056607696818
"4924",492.3,"Simu1","NIT",50,"cliver",0.340403466324252
"4925",492.4,"Simu1","NIT",50,"cliver",0.350857171805811
"4926",492.5,"Simu1","NIT",50,"cliver",0.357775867932837
"4927",492.6,"Simu1","NIT",50,"cliver",0.362320673502868
"4928",492.7,"Simu1","NIT",50,"cliver",0.364861243788533
"4929",492.8,"Simu1","NIT",50,"cliver",0.365635430036522
"4930",492.9,"Simu1","NIT",50,"cliver",0.364844896977316
"4931",493,"Simu1","NIT",50,"cliver",0.362672155587735
"4932",493.1,"Simu1","NIT",50,"cliver",0.359283614407326
"4933",493.2,"Simu1","NIT",50,"cliver",0.354831215191163
"4934",493.3,"Simu1","NIT",50,"cliver",0.349453538633599
"4935",493.4,"Simu1","NIT",50,"cliver",0.343276872633294
"4936",493.5,"Simu1","NIT",50,"cliver",0.336416103765957
"4937",493.6,"Simu1","NIT",50,"cliver",0.328975602116041
"4938",493.7,"Simu1","NIT",50,"cliver",0.321050186566234
"4939",493.8,"Simu1","NIT",50,"cliver",0.31272570309151
"4940",493.9,"Simu1","NIT",50,"cliver",0.304079926037819
"4941",494,"Simu1","NIT",50,"cliver",0.295183080211326
"4942",494.1,"Simu1","NIT",50,"cliver",0.286098459683347
"4943",494.2,"Simu1","NIT",50,"cliver",0.276883063141355
"4944",494.3,"Simu1","NIT",50,"cliver",0.267588064002208
"4945",494.4,"Simu1","NIT",50,"cliver",0.258259296441981
"4946",494.5,"Simu1","NIT",50,"cliver",0.248937712752466
"4947",494.6,"Simu1","NIT",50,"cliver",0.239659774448544
"4948",494.7,"Simu1","NIT",50,"cliver",0.230457841307827
"4949",494.8,"Simu1","NIT",50,"cliver",0.221360508527204
"4950",494.9,"Simu1","NIT",50,"cliver",0.212392930393509
"4951",495,"Simu1","NIT",50,"cliver",0.203577096877259
"4952",495.1,"Simu1","NIT",50,"cliver",0.194932117905266
"4953",495.2,"Simu1","NIT",50,"cliver",0.186474473371677
"4954",495.3,"Simu1","NIT",50,"cliver",0.178218175975773
"4955",495.4,"Simu1","NIT",50,"cliver",0.170175029047544
"4956",495.5,"Simu1","NIT",50,"cliver",0.16235495565964
"4957",495.6,"Simu1","NIT",50,"cliver",0.154765780554727
"4958",495.7,"Simu1","NIT",50,"cliver",0.147413757127656
"4959",495.8,"Simu1","NIT",50,"cliver",0.140303572398559
"4960",495.9,"Simu1","NIT",50,"cliver",0.133438527822053
"4961",496,"Simu1","NIT",50,"cliver",0.126820449408862
"4962",496.1,"Simu1","NIT",50,"cliver",0.120449995699934
"4963",496.2,"Simu1","NIT",50,"cliver",0.114326779631636
"4964",496.3,"Simu1","NIT",50,"cliver",0.10844941934403
"4965",496.4,"Simu1","NIT",50,"cliver",0.102815606581218
"4966",496.5,"Simu1","NIT",50,"cliver",0.0974222029122023
"4967",496.6,"Simu1","NIT",50,"cliver",0.0922653285123911
"4968",496.7,"Simu1","NIT",50,"cliver",0.0873404488465653
"4969",496.8,"Simu1","NIT",50,"cliver",0.0826424530049337
"4970",496.9,"Simu1","NIT",50,"cliver",0.0781657344995156
"4971",497,"Simu1","NIT",50,"cliver",0.0739042530979405
"4972",497.1,"Simu1","NIT",50,"cliver",0.0698516297348246
"4973",497.2,"Simu1","NIT",50,"cliver",0.0660011612038805
"4974",497.3,"Simu1","NIT",50,"cliver",0.0623460046820557
"4975",497.4,"Simu1","NIT",50,"cliver",0.0588788133633762
"4976",497.5,"Simu1","NIT",50,"cliver",0.0555929477777504
"4977",497.6,"Simu1","NIT",50,"cliver",0.0524808602604628
"4978",497.7,"Simu1","NIT",50,"cliver",0.0495353462492931
"4979",497.8,"Simu1","NIT",50,"cliver",0.0467492343242869
"4980",497.9,"Simu1","NIT",50,"cliver",0.0441153999215441
"4981",498,"Simu1","NIT",50,"cliver",0.0425486161556312
"4982",498.1,"Simu1","NIT",50,"cliver",0.246773198299564
"4983",498.2,"Simu1","NIT",50,"cliver",0.320056073063501
"4984",498.3,"Simu1","NIT",50,"cliver",0.340402969632
"4985",498.4,"Simu1","NIT",50,"cliver",0.35085671152015
"4986",498.5,"Simu1","NIT",50,"cliver",0.357776082889615
"4987",498.6,"Simu1","NIT",50,"cliver",0.362320130846309
"4988",498.7,"Simu1","NIT",50,"cliver",0.364860754463174
"4989",498.8,"Simu1","NIT",50,"cliver",0.365634867522378
"4990",498.9,"Simu1","NIT",50,"cliver",0.364844356766097
"4991",499,"Simu1","NIT",50,"cliver",0.362671561516576
"4992",499.1,"Simu1","NIT",50,"cliver",0.359283024242063
"4993",499.2,"Simu1","NIT",50,"cliver",0.354830682149008
"4994",499.3,"Simu1","NIT",50,"cliver",0.349453080886719
"4995",499.4,"Simu1","NIT",50,"cliver",0.343276484995045
"4996",499.5,"Simu1","NIT",50,"cliver",0.336415769320629
"4997",499.6,"Simu1","NIT",50,"cliver",0.328975349888903
"4998",499.7,"Simu1","NIT",50,"cliver",0.321049973999996
"4999",499.8,"Simu1","NIT",50,"cliver",0.312725535201066
"5000",499.9,"Simu1","NIT",50,"cliver",0.304079722010162
"5001",500,"Simu1","NIT",50,"cliver",0.295182746248385
"5002",500.1,"Simu1","NIT",50,"cliver",0.286098004613576
"5003",500.2,"Simu1","NIT",50,"cliver",0.276882518924874
"5004",500.3,"Simu1","NIT",50,"cliver",0.267587478158863
"5005",500.4,"Simu1","NIT",50,"cliver",0.258258631202888
"5006",500.5,"Simu1","NIT",50,"cliver",0.248937011040214
"5007",500.6,"Simu1","NIT",50,"cliver",0.23965904685614
"5008",500.7,"Simu1","NIT",50,"cliver",0.230457087452773
"5009",500.8,"Simu1","NIT",50,"cliver",0.221359753490823
"5010",500.9,"Simu1","NIT",50,"cliver",0.212392178716496
"5011",501,"Simu1","NIT",50,"cliver",0.203576323825047
"5012",501.1,"Simu1","NIT",50,"cliver",0.194931315472797
"5013",501.2,"Simu1","NIT",50,"cliver",0.18647367812905
"5014",501.3,"Simu1","NIT",50,"cliver",0.178217402259146
"5015",501.4,"Simu1","NIT",50,"cliver",0.170174366288294
"5016",501.5,"Simu1","NIT",50,"cliver",0.16235433594292
"5017",501.6,"Simu1","NIT",50,"cliver",0.154765205125496
"5018",501.7,"Simu1","NIT",50,"cliver",0.147413242271001
"5019",501.8,"Simu1","NIT",50,"cliver",0.140303133123292
"5020",501.9,"Simu1","NIT",50,"cliver",0.133438067055354
"5021",502,"Simu1","NIT",50,"cliver",0.126819941571287
"5022",502.1,"Simu1","NIT",50,"cliver",0.120449481015684
"5023",502.2,"Simu1","NIT",50,"cliver",0.114326296178433
"5024",502.3,"Simu1","NIT",50,"cliver",0.108448963513013
"5025",502.4,"Simu1","NIT",50,"cliver",0.102815172270261
"5026",502.5,"Simu1","NIT",50,"cliver",0.0974217755080049
"5027",502.6,"Simu1","NIT",50,"cliver",0.0922649313040336
"5028",502.7,"Simu1","NIT",50,"cliver",0.0873399841437938
"5029",502.8,"Simu1","NIT",50,"cliver",0.0826419249478223
"5030",502.9,"Simu1","NIT",50,"cliver",0.0781652993882834
"5031",503,"Simu1","NIT",50,"cliver",0.0739039224101453
"5032",503.1,"Simu1","NIT",50,"cliver",0.0698512694269616
"5033",503.2,"Simu1","NIT",50,"cliver",0.0660007616218322
"5034",503.3,"Simu1","NIT",50,"cliver",0.06234572523988
"5035",503.4,"Simu1","NIT",50,"cliver",0.0588788554736999
"5036",503.5,"Simu1","NIT",50,"cliver",0.0555928023115223
"5037",503.6,"Simu1","NIT",50,"cliver",0.0524805984055391
"5038",503.7,"Simu1","NIT",50,"cliver",0.0495351960405583
"5039",503.8,"Simu1","NIT",50,"cliver",0.0467491501530888
"5040",503.9,"Simu1","NIT",50,"cliver",0.044115301476626
"5041",504,"Simu1","NIT",50,"cliver",0.0425484983695875
"5042",504.1,"Simu1","NIT",50,"cliver",0.246773045263917
"5043",504.2,"Simu1","NIT",50,"cliver",0.320055896391186
"5044",504.3,"Simu1","NIT",50,"cliver",0.340403507693142
"5045",504.4,"Simu1","NIT",50,"cliver",0.350855869390795
"5046",504.5,"Simu1","NIT",50,"cliver",0.357775548307261
"5047",504.6,"Simu1","NIT",50,"cliver",0.362319851357684
"5048",504.7,"Simu1","NIT",50,"cliver",0.364860430273573
"5049",504.8,"Simu1","NIT",50,"cliver",0.36563457130367
"5050",504.9,"Simu1","NIT",50,"cliver",0.364843873253251
"5051",505,"Simu1","NIT",50,"cliver",0.362670933114272
"5052",505.1,"Simu1","NIT",50,"cliver",0.35928253684925
"5053",505.2,"Simu1","NIT",50,"cliver",0.354830253990753
"5054",505.3,"Simu1","NIT",50,"cliver",0.349452624663786
"5055",505.4,"Simu1","NIT",50,"cliver",0.343276019928548
"5056",505.5,"Simu1","NIT",50,"cliver",0.336415315957336
"5057",505.6,"Simu1","NIT",50,"cliver",0.328974900608835
"5058",505.7,"Simu1","NIT",50,"cliver",0.321049558537767
"5059",505.8,"Simu1","NIT",50,"cliver",0.312725169039417
"5060",505.9,"Simu1","NIT",50,"cliver",0.304079452112415
"5061",506,"Simu1","NIT",50,"cliver",0.295182568747502
"5062",506.1,"Simu1","NIT",50,"cliver",0.286097914840761
"5063",506.2,"Simu1","NIT",50,"cliver",0.27688244892485
"5064",506.3,"Simu1","NIT",50,"cliver",0.267587298984271
"5065",506.4,"Simu1","NIT",50,"cliver",0.258258366559114
"5066",506.5,"Simu1","NIT",50,"cliver",0.248936752692954
"5067",506.6,"Simu1","NIT",50,"cliver",0.239658922901532
"5068",506.7,"Simu1","NIT",50,"cliver",0.2304570362756
"5069",506.8,"Simu1","NIT",50,"cliver",0.221359704221707
"5070",506.9,"Simu1","NIT",50,"cliver",0.212392138272327
"5071",507,"Simu1","NIT",50,"cliver",0.203576343367532
"5072",507.1,"Simu1","NIT",50,"cliver",0.194931411899268
"5073",507.2,"Simu1","NIT",50,"cliver",0.186473801085279
"5074",507.3,"Simu1","NIT",50,"cliver",0.178217552167854
"5075",507.4,"Simu1","NIT",50,"cliver",0.170174478496487
"5076",507.5,"Simu1","NIT",50,"cliver",0.16235439324291
"5077",507.6,"Simu1","NIT",50,"cliver",0.154765257406467
"5078",507.7,"Simu1","NIT",50,"cliver",0.147413303824913
"5079",507.8,"Simu1","NIT",50,"cliver",0.140303180765496
"5080",507.9,"Simu1","NIT",50,"cliver",0.13343810332501
"5081",508,"Simu1","NIT",50,"cliver",0.126819979309704
"5082",508.1,"Simu1","NIT",50,"cliver",0.120449519803646
"5083",508.2,"Simu1","NIT",50,"cliver",0.114326321847815
"5084",508.3,"Simu1","NIT",50,"cliver",0.108448975224271
"5085",508.4,"Simu1","NIT",50,"cliver",0.102815178849608
"5086",508.5,"Simu1","NIT",50,"cliver",0.0974217997710604
"5087",508.6,"Simu1","NIT",50,"cliver",0.0922649418698951
"5088",508.7,"Simu1","NIT",50,"cliver",0.0873400689908705
"5089",508.8,"Simu1","NIT",50,"cliver",0.0826420844130303
"5090",508.9,"Simu1","NIT",50,"cliver",0.0781653870555669
"5091",509,"Simu1","NIT",50,"cliver",0.0739039215936384
"5092",509.1,"Simu1","NIT",50,"cliver",0.0698513123302231
"5093",509.2,"Simu1","NIT",50,"cliver",0.0660008509736823
"5094",509.3,"Simu1","NIT",50,"cliver",0.0623456017604456
"5095",509.4,"Simu1","NIT",50,"cliver",0.0588786245381606
"5096",509.5,"Simu1","NIT",50,"cliver",0.0555927642069209
"5097",509.6,"Simu1","NIT",50,"cliver",0.0524806739232107
"5098",509.7,"Simu1","NIT",50,"cliver",0.049535077041951
"5099",509.8,"Simu1","NIT",50,"cliver",0.0467490395583544
"5100",509.9,"Simu1","NIT",50,"cliver",0.0441152614247016
"5101",510,"Simu1","NIT",50,"cliver",0.0425484799623082
"5102",510.1,"Simu1","NIT",50,"cliver",0.246773434131875
"5103",510.2,"Simu1","NIT",50,"cliver",0.320056898112022
"5104",510.3,"Simu1","NIT",50,"cliver",0.340405416347249
"5105",510.4,"Simu1","NIT",50,"cliver",0.350858924100024
"5106",510.5,"Simu1","NIT",50,"cliver",0.357777536167257
"5107",510.6,"Simu1","NIT",50,"cliver",0.362322193281447
"5108",510.7,"Simu1","NIT",50,"cliver",0.364863086218987
"5109",510.8,"Simu1","NIT",50,"cliver",0.365637140297837
"5110",510.9,"Simu1","NIT",50,"cliver",0.3648465616643
"5111",511,"Simu1","NIT",50,"cliver",0.362673870627303
"5112",511.1,"Simu1","NIT",50,"cliver",0.359285314252182
"5113",511.2,"Simu1","NIT",50,"cliver",0.354832945756561
"5114",511.3,"Simu1","NIT",50,"cliver",0.349455335183596
"5115",511.4,"Simu1","NIT",50,"cliver",0.343278716310815
"5116",511.5,"Simu1","NIT",50,"cliver",0.336417930302625
"5117",511.6,"Simu1","NIT",50,"cliver",0.328977375661455
"5118",511.7,"Simu1","NIT",50,"cliver",0.321051877070314
"5119",511.8,"Simu1","NIT",50,"cliver",0.312727357611317
"5120",511.9,"Simu1","NIT",50,"cliver",0.304081529649681
"5121",512,"Simu1","NIT",50,"cliver",0.295184591149873
"5122",512.1,"Simu1","NIT",50,"cliver",0.286099891551946
"5123",512.2,"Simu1","NIT",50,"cliver",0.276884395970383
"5124",512.3,"Simu1","NIT",50,"cliver",0.267589283957031
"5125",512.4,"Simu1","NIT",50,"cliver",0.258260443412128
"5126",512.5,"Simu1","NIT",50,"cliver",0.248938773743588
"5127",512.6,"Simu1","NIT",50,"cliver",0.239660770995701
"5128",512.7,"Simu1","NIT",50,"cliver",0.230458785314708
"5129",512.8,"Simu1","NIT",50,"cliver",0.221361361703928
"5130",512.9,"Simu1","NIT",50,"cliver",0.212393731407772
"5131",513,"Simu1","NIT",50,"cliver",0.203577857677843
"5132",513.1,"Simu1","NIT",50,"cliver",0.194932833979754
"5133",513.2,"Simu1","NIT",50,"cliver",0.186475149228371
"5134",513.3,"Simu1","NIT",50,"cliver",0.17821883467054
"5135",513.4,"Simu1","NIT",50,"cliver",0.170175739893121
"5136",513.5,"Simu1","NIT",50,"cliver",0.162355615160854
"5137",513.6,"Simu1","NIT",50,"cliver",0.154766478336688
"5138",513.7,"Simu1","NIT",50,"cliver",0.14741441702228
"5139",513.8,"Simu1","NIT",50,"cliver",0.140304275092101
"5140",513.9,"Simu1","NIT",50,"cliver",0.133439149149765
"5141",514,"Simu1","NIT",50,"cliver",0.12682093352906
"5142",514.1,"Simu1","NIT",50,"cliver",0.120450366827761
"5143",514.2,"Simu1","NIT",50,"cliver",0.114327083780155
"5144",514.3,"Simu1","NIT",50,"cliver",0.108449760421753
"5145",514.4,"Simu1","NIT",50,"cliver",0.102816014914404
"5146",514.5,"Simu1","NIT",50,"cliver",0.0974226384444563
"5147",514.6,"Simu1","NIT",50,"cliver",0.0922657541503394
"5148",514.7,"Simu1","NIT",50,"cliver",0.0873408534985162
"5149",514.8,"Simu1","NIT",50,"cliver",0.0826428420803486
"5150",514.9,"Simu1","NIT",50,"cliver",0.0781661111871448
"5151",515,"Simu1","NIT",50,"cliver",0.0739046228436147
"5152",515.1,"Simu1","NIT",50,"cliver",0.0698519829132194
"5153",515.2,"Simu1","NIT",50,"cliver",0.0660015144757633
"5154",515.3,"Simu1","NIT",50,"cliver",0.0623463159008905
"5155",515.4,"Simu1","NIT",50,"cliver",0.0588793288145542
"5156",515.5,"Simu1","NIT",50,"cliver",0.05559338053133
"5157",515.6,"Simu1","NIT",50,"cliver",0.0524812569603196
"5158",515.7,"Simu1","NIT",50,"cliver",0.0495357169738855
"5159",515.8,"Simu1","NIT",50,"cliver",0.0467495892856607
"5160",515.9,"Simu1","NIT",50,"cliver",0.0441156046057912
"5161",516,"Simu1","NIT",50,"cliver",0.0425488672366505
"5162",516.1,"Simu1","NIT",50,"cliver",0.246773451197532
"5163",516.2,"Simu1","NIT",50,"cliver",0.320056357951575
"5164",516.3,"Simu1","NIT",50,"cliver",0.340403076317386
"5165",516.4,"Simu1","NIT",50,"cliver",0.350857248756481
"5166",516.5,"Simu1","NIT",50,"cliver",0.357776170366087
"5167",516.6,"Simu1","NIT",50,"cliver",0.362320323581251
"5168",516.7,"Simu1","NIT",50,"cliver",0.364860987435012
"5169",516.8,"Simu1","NIT",50,"cliver",0.365635055997802
"5170",516.9,"Simu1","NIT",50,"cliver",0.364844539883745
"5171",517,"Simu1","NIT",50,"cliver",0.362671782099757
"5172",517.1,"Simu1","NIT",50,"cliver",0.35928321919621
"5173",517.2,"Simu1","NIT",50,"cliver",0.354830821642623
"5174",517.3,"Simu1","NIT",50,"cliver",0.349453137891938
"5175",517.4,"Simu1","NIT",50,"cliver",0.34327644707359
"5176",517.5,"Simu1","NIT",50,"cliver",0.336415662342822
"5177",517.6,"Simu1","NIT",50,"cliver",0.328975174646583
"5178",517.7,"Simu1","NIT",50,"cliver",0.321049733081745
"5179",517.8,"Simu1","NIT",50,"cliver",0.312725234790249
"5180",517.9,"Simu1","NIT",50,"cliver",0.30407942196556
"5181",518,"Simu1","NIT",50,"cliver",0.295182524974465
"5182",518.1,"Simu1","NIT",50,"cliver",0.286097859101198
"5183",518.2,"Simu1","NIT",50,"cliver",0.276882408720861
"5184",518.3,"Simu1","NIT",50,"cliver",0.267587355022816
"5185",518.4,"Simu1","NIT",50,"cliver",0.258258545101915
"5186",518.5,"Simu1","NIT",50,"cliver",0.248936928382053
"5187",518.6,"Simu1","NIT",50,"cliver",0.239658967174378
"5188",518.7,"Simu1","NIT",50,"cliver",0.230457018353951
"5189",518.8,"Simu1","NIT",50,"cliver",0.221359678201777
"5190",518.9,"Simu1","NIT",50,"cliver",0.212392097584017
"5191",519,"Simu1","NIT",50,"cliver",0.203576272268184
"5192",519.1,"Simu1","NIT",50,"cliver",0.194931310687744
"5193",519.2,"Simu1","NIT",50,"cliver",0.186473679123174
"5194",519.3,"Simu1","NIT",50,"cliver",0.178217422837832
"5195",519.4,"Simu1","NIT",50,"cliver",0.170174372028274
"5196",519.5,"Simu1","NIT",50,"cliver",0.162354320992179
"5197",519.6,"Simu1","NIT",50,"cliver",0.154765203476243
"5198",519.7,"Simu1","NIT",50,"cliver",0.147413254670095
"5199",519.8,"Simu1","NIT",50,"cliver",0.140303137547925
"5200",519.9,"Simu1","NIT",50,"cliver",0.133438066679171
"5201",520,"Simu1","NIT",50,"cliver",0.126819949525754
"5202",520.1,"Simu1","NIT",50,"cliver",0.120449495112265
"5203",520.2,"Simu1","NIT",50,"cliver",0.114326307074706
"5204",520.3,"Simu1","NIT",50,"cliver",0.108448973332623
"5205",520.4,"Simu1","NIT",50,"cliver",0.102815182947566
"5206",520.5,"Simu1","NIT",50,"cliver",0.0974217911653004
"5207",520.6,"Simu1","NIT",50,"cliver",0.0922649198445711
"5208",520.7,"Simu1","NIT",50,"cliver",0.0873400314025585
"5209",520.8,"Simu1","NIT",50,"cliver",0.0826420776011695
"5210",520.9,"Simu1","NIT",50,"cliver",0.0781654429669256
"5211",521,"Simu1","NIT",50,"cliver",0.0739039664576112
"5212",521.1,"Simu1","NIT",50,"cliver",0.0698512956420316
"5213",521.2,"Simu1","NIT",50,"cliver",0.0660008763389461
"5214",521.3,"Simu1","NIT",50,"cliver",0.0623458512809386
"5215",521.4,"Simu1","NIT",50,"cliver",0.0588789575598827
"5216",521.5,"Simu1","NIT",50,"cliver",0.0555929340236727
"5217",521.6,"Simu1","NIT",50,"cliver",0.0524807563543485
"5218",521.7,"Simu1","NIT",50,"cliver",0.0495352859097738
"5219",521.8,"Simu1","NIT",50,"cliver",0.046749193547719
"5220",521.9,"Simu1","NIT",50,"cliver",0.0441153185855782
"5221",522,"Simu1","NIT",50,"cliver",0.0425485543968955
"5222",522.1,"Simu1","NIT",50,"cliver",0.246773140136552
"5223",522.2,"Simu1","NIT",50,"cliver",0.32005601836546
"5224",522.3,"Simu1","NIT",50,"cliver",0.340402890428997
"5225",522.4,"Simu1","NIT",50,"cliver",0.350856653034243
"5226",522.5,"Simu1","NIT",50,"cliver",0.357775203873213
"5227",522.6,"Simu1","NIT",50,"cliver",0.362320026974279
"5228",522.7,"Simu1","NIT",50,"cliver",0.364860608375993
"5229",522.8,"Simu1","NIT",50,"cliver",0.365634783558777
"5230",522.9,"Simu1","NIT",50,"cliver",0.364844235325846
"5231",523,"Simu1","NIT",50,"cliver",0.362671488116471
"5232",523.1,"Simu1","NIT",50,"cliver",0.359282941076974
"5233",523.2,"Simu1","NIT",50,"cliver",0.354830537526583
"5234",523.3,"Simu1","NIT",50,"cliver",0.349452861111537
"5235",523.4,"Simu1","NIT",50,"cliver",0.343276201953244
"5236",523.5,"Simu1","NIT",50,"cliver",0.33641544262553
"5237",523.6,"Simu1","NIT",50,"cliver",0.328974953502834
"5238",523.7,"Simu1","NIT",50,"cliver",0.321049528048961
"5239",523.8,"Simu1","NIT",50,"cliver",0.312725062652992
"5240",523.9,"Simu1","NIT",50,"cliver",0.304079263109296
"5241",524,"Simu1","NIT",50,"cliver",0.295182381306642
"5242",524.1,"Simu1","NIT",50,"cliver",0.286097721781797
"5243",524.2,"Simu1","NIT",50,"cliver",0.276882276416967
"5244",524.3,"Simu1","NIT",50,"cliver",0.267587224355494
"5245",524.4,"Simu1","NIT",50,"cliver",0.258258425198049
"5246",524.5,"Simu1","NIT",50,"cliver",0.248936823879904
"5247",524.6,"Simu1","NIT",50,"cliver",0.239658856939509
"5248",524.7,"Simu1","NIT",50,"cliver",0.230456923368076
"5249",524.8,"Simu1","NIT",50,"cliver",0.221359554607928
"5250",524.9,"Simu1","NIT",50,"cliver",0.212391877500247
"5251",525,"Simu1","NIT",50,"cliver",0.203575957837319
"5252",525.1,"Simu1","NIT",50,"cliver",0.194931002251287
"5253",525.2,"Simu1","NIT",50,"cliver",0.186473502778317
"5254",525.3,"Simu1","NIT",50,"cliver",0.178217316284956
"5255",525.4,"Simu1","NIT",50,"cliver",0.170174279683108
"5256",525.5,"Simu1","NIT",50,"cliver",0.162354245660766
"5257",525.6,"Simu1","NIT",50,"cliver",0.154765163813405
"5258",525.7,"Simu1","NIT",50,"cliver",0.147413248782427
"5259",525.8,"Simu1","NIT",50,"cliver",0.14030315430447
"5260",525.9,"Simu1","NIT",50,"cliver",0.133438102207401
"5261",526,"Simu1","NIT",50,"cliver",0.126819989920885
"5262",526.1,"Simu1","NIT",50,"cliver",0.120449520519614
"5263",526.2,"Simu1","NIT",50,"cliver",0.114326313128009
"5264",526.3,"Simu1","NIT",50,"cliver",0.10844897619418
"5265",526.4,"Simu1","NIT",50,"cliver",0.102815188439134
"5266",526.5,"Simu1","NIT",50,"cliver",0.0974218025933407
"5267",526.6,"Simu1","NIT",50,"cliver",0.0922649414970855
"5268",526.7,"Simu1","NIT",50,"cliver",0.0873400749556082
"5269",526.8,"Simu1","NIT",50,"cliver",0.0826420938605738
"5270",526.9,"Simu1","NIT",50,"cliver",0.0781653912098686
"5271",527,"Simu1","NIT",50,"cliver",0.0739039301342797
"5272",527.1,"Simu1","NIT",50,"cliver",0.0698513158391701
"5273",527.2,"Simu1","NIT",50,"cliver",0.0660008731654368
"5274",527.3,"Simu1","NIT",50,"cliver",0.0623457037485137
"5275",527.4,"Simu1","NIT",50,"cliver",0.0588787434414665
"5276",527.5,"Simu1","NIT",50,"cliver",0.0555928235849783
"5277",527.6,"Simu1","NIT",50,"cliver",0.0524807229596375
"5278",527.7,"Simu1","NIT",50,"cliver",0.0495352142743226
"5279",527.8,"Simu1","NIT",50,"cliver",0.0467491042417644
"5280",527.9,"Simu1","NIT",50,"cliver",0.044115277627082
"5281",528,"Simu1","NIT",50,"cliver",0.0425485051773069
"5282",528.1,"Simu1","NIT",50,"cliver",0.246773469728503
"5283",528.2,"Simu1","NIT",50,"cliver",0.320056933079206
"5284",528.3,"Simu1","NIT",50,"cliver",0.340404984706584
"5285",528.4,"Simu1","NIT",50,"cliver",0.350858353504109
"5286",528.5,"Simu1","NIT",50,"cliver",0.35777798363433
"5287",528.6,"Simu1","NIT",50,"cliver",0.362322439306064
"5288",528.7,"Simu1","NIT",50,"cliver",0.364863159288747
"5289",528.8,"Simu1","NIT",50,"cliver",0.365637324585279
"5290",528.9,"Simu1","NIT",50,"cliver",0.364846832159606
"5291",529,"Simu1","NIT",50,"cliver",0.362674108499131
"5292",529.1,"Simu1","NIT",50,"cliver",0.359285578235287
"5293",529.2,"Simu1","NIT",50,"cliver",0.354833196696286
"5294",529.3,"Simu1","NIT",50,"cliver",0.349455512255913
"5295",529.4,"Simu1","NIT",50,"cliver",0.343278802090291
"5296",529.5,"Simu1","NIT",50,"cliver",0.336417989799581
"5297",529.6,"Simu1","NIT",50,"cliver",0.328977475978837
"5298",529.7,"Simu1","NIT",50,"cliver",0.321052005509957
"5299",529.8,"Simu1","NIT",50,"cliver",0.312727468724194
"5300",529.9,"Simu1","NIT",50,"cliver",0.304081608908649
"5301",530,"Simu1","NIT",50,"cliver",0.295184661221944
"5302",530.1,"Simu1","NIT",50,"cliver",0.286099947083299
"5303",530.2,"Simu1","NIT",50,"cliver",0.276884448436574
"5304",530.3,"Simu1","NIT",50,"cliver",0.267589342642362
"5305",530.4,"Simu1","NIT",50,"cliver",0.258260477926749
"5306",530.5,"Simu1","NIT",50,"cliver",0.248938805507119
"5307",530.6,"Simu1","NIT",50,"cliver",0.239660788237674
"5308",530.7,"Simu1","NIT",50,"cliver",0.230458782496397
"5309",530.8,"Simu1","NIT",50,"cliver",0.221361384785076
"5310",530.9,"Simu1","NIT",50,"cliver",0.212393746318666
"5311",531,"Simu1","NIT",50,"cliver",0.203577863127253
"5312",531.1,"Simu1","NIT",50,"cliver",0.194932843943221
"5313",531.2,"Simu1","NIT",50,"cliver",0.186475154926672
"5314",531.3,"Simu1","NIT",50,"cliver",0.178218842154165
"5315",531.4,"Simu1","NIT",50,"cliver",0.170175734534752
"5316",531.5,"Simu1","NIT",50,"cliver",0.162355629422649
"5317",531.6,"Simu1","NIT",50,"cliver",0.154766462041653
"5318",531.7,"Simu1","NIT",50,"cliver",0.147414460219044
"5319",531.8,"Simu1","NIT",50,"cliver",0.140304285037278
"5320",531.9,"Simu1","NIT",50,"cliver",0.133439161213028
"5321",532,"Simu1","NIT",50,"cliver",0.126820996983679
"5322",532.1,"Simu1","NIT",50,"cliver",0.120450495089462
"5323",532.2,"Simu1","NIT",50,"cliver",0.114327256112115
"5324",532.3,"Simu1","NIT",50,"cliver",0.108449876357055
"5325",532.4,"Simu1","NIT",50,"cliver",0.102816040529577
"5326",532.5,"Simu1","NIT",50,"cliver",0.0974226104570559
"5327",532.6,"Simu1","NIT",50,"cliver",0.0922657093896293
"5328",532.7,"Simu1","NIT",50,"cliver",0.0873408050437344
"5329",532.8,"Simu1","NIT",50,"cliver",0.0826427871175277
"5330",532.9,"Simu1","NIT",50,"cliver",0.0781660478295992
"5331",533,"Simu1","NIT",50,"cliver",0.0739045476261891
"5332",533.1,"Simu1","NIT",50,"cliver",0.0698519081364953
"5333",533.2,"Simu1","NIT",50,"cliver",0.0660014486719637
"5334",533.3,"Simu1","NIT",50,"cliver",0.0623462671422486
"5335",533.4,"Simu1","NIT",50,"cliver",0.0588792133157635
"5336",533.5,"Simu1","NIT",50,"cliver",0.0555931815750268
"5337",533.6,"Simu1","NIT",50,"cliver",0.0524810846828464
"5338",533.7,"Simu1","NIT",50,"cliver",0.049535620152627
"5339",533.8,"Simu1","NIT",50,"cliver",0.0467494796843662
"5340",533.9,"Simu1","NIT",50,"cliver",0.0441156140816742
"5341",534,"Simu1","NIT",50,"cliver",0.0425488290783543
"5342",534.1,"Simu1","NIT",50,"cliver",0.24677340990898
"5343",534.2,"Simu1","NIT",50,"cliver",0.320056318224862
"5344",534.3,"Simu1","NIT",50,"cliver",0.340403043434022
"5345",534.4,"Simu1","NIT",50,"cliver",0.350857213734558
"5346",534.5,"Simu1","NIT",50,"cliver",0.357776139475458
"5347",534.6,"Simu1","NIT",50,"cliver",0.362320295927034
"5348",534.7,"Simu1","NIT",50,"cliver",0.364860961213617
"5349",534.8,"Simu1","NIT",50,"cliver",0.365635032464937
"5350",534.9,"Simu1","NIT",50,"cliver",0.364844519881429
"5351",535,"Simu1","NIT",50,"cliver",0.36267176390766
"5352",535.1,"Simu1","NIT",50,"cliver",0.359283203029674
"5353",535.2,"Simu1","NIT",50,"cliver",0.354830808056608
"5354",535.3,"Simu1","NIT",50,"cliver",0.349453126192874
"5355",535.4,"Simu1","NIT",50,"cliver",0.343276436089706
"5356",535.5,"Simu1","NIT",50,"cliver",0.336415652201756
"5357",535.6,"Simu1","NIT",50,"cliver",0.328975166052966
"5358",535.7,"Simu1","NIT",50,"cliver",0.321049724912654
"5359",535.8,"Simu1","NIT",50,"cliver",0.312725226264546
"5360",535.9,"Simu1","NIT",50,"cliver",0.304079412594673
"5361",536,"Simu1","NIT",50,"cliver",0.295182515656322
"5362",536.1,"Simu1","NIT",50,"cliver",0.286097851048862
"5363",536.2,"Simu1","NIT",50,"cliver",0.276882401322067
"5364",536.3,"Simu1","NIT",50,"cliver",0.267587348160824
"5365",536.4,"Simu1","NIT",50,"cliver",0.258258539368265
"5366",536.5,"Simu1","NIT",50,"cliver",0.248936923490783
"5367",536.6,"Simu1","NIT",50,"cliver",0.239658962829111
"5368",536.7,"Simu1","NIT",50,"cliver",0.230457014421313
"5369",536.8,"Simu1","NIT",50,"cliver",0.221359674891907
"5370",536.9,"Simu1","NIT",50,"cliver",0.212392094855745
"5371",537,"Simu1","NIT",50,"cliver",0.203576269935212
"5372",537.1,"Simu1","NIT",50,"cliver",0.194931308735453
"5373",537.2,"Simu1","NIT",50,"cliver",0.18647367738289
"5374",537.3,"Simu1","NIT",50,"cliver",0.178217421718923
"5375",537.4,"Simu1","NIT",50,"cliver",0.170174370634515
"5376",537.5,"Simu1","NIT",50,"cliver",0.162354321108304
"5377",537.6,"Simu1","NIT",50,"cliver",0.154765207945538
"5378",537.7,"Simu1","NIT",50,"cliver",0.147413259709509
"5379",537.8,"Simu1","NIT",50,"cliver",0.140303137962504
"5380",537.9,"Simu1","NIT",50,"cliver",0.133438066020486
"5381",538,"Simu1","NIT",50,"cliver",0.126819951655611
"5382",538.1,"Simu1","NIT",50,"cliver",0.120449498556104
"5383",538.2,"Simu1","NIT",50,"cliver",0.114326307674489
"5384",538.3,"Simu1","NIT",50,"cliver",0.108448974273644
"5385",538.4,"Simu1","NIT",50,"cliver",0.102815183243521
"5386",538.5,"Simu1","NIT",50,"cliver",0.0974217960711123
"5387",538.6,"Simu1","NIT",50,"cliver",0.0922649377365272
"5388",538.7,"Simu1","NIT",50,"cliver",0.0873400722445677
"5389",538.8,"Simu1","NIT",50,"cliver",0.0826420966702429
"5390",538.9,"Simu1","NIT",50,"cliver",0.0781654104118883
"5391",539,"Simu1","NIT",50,"cliver",0.0739039803373905
"5392",539.1,"Simu1","NIT",50,"cliver",0.0698513992720153
"5393",539.2,"Simu1","NIT",50,"cliver",0.0660009333748824
"5394",539.3,"Simu1","NIT",50,"cliver",0.062345706999176
"5395",539.4,"Simu1","NIT",50,"cliver",0.0588787129477388
"5396",539.5,"Simu1","NIT",50,"cliver",0.0555928036818277
"5397",539.6,"Simu1","NIT",50,"cliver",0.0524807488174131
"5398",539.7,"Simu1","NIT",50,"cliver",0.0495352692513818
"5399",539.8,"Simu1","NIT",50,"cliver",0.0467491497274247
"5400",539.9,"Simu1","NIT",50,"cliver",0.0441153107797279
"5401",540,"Simu1","NIT",50,"cliver",0.0425485519983035
"5402",540.1,"Simu1","NIT",50,"cliver",0.246773038899022
"5403",540.2,"Simu1","NIT",50,"cliver",0.320055631280157
"5404",540.3,"Simu1","NIT",50,"cliver",0.340402855915688
"5405",540.4,"Simu1","NIT",50,"cliver",0.3508560279503
"5406",540.5,"Simu1","NIT",50,"cliver",0.357775796314948
"5407",540.6,"Simu1","NIT",50,"cliver",0.362320223113975
"5408",540.7,"Simu1","NIT",50,"cliver",0.364860864314337
"5409",540.8,"Simu1","NIT",50,"cliver",0.365634976104398
"5410",540.9,"Simu1","NIT",50,"cliver",0.364844465621213
"5411",541,"Simu1","NIT",50,"cliver",0.362671704305465
"5412",541.1,"Simu1","NIT",50,"cliver",0.359283156228608
"5413",541.2,"Simu1","NIT",50,"cliver",0.3548307597567
"5414",541.3,"Simu1","NIT",50,"cliver",0.349453081561618
"5415",541.4,"Simu1","NIT",50,"cliver",0.343276409021501
"5416",541.5,"Simu1","NIT",50,"cliver",0.336415635846192
"5417",541.6,"Simu1","NIT",50,"cliver",0.328975145534087
"5418",541.7,"Simu1","NIT",50,"cliver",0.32104972147469
"5419",541.8,"Simu1","NIT",50,"cliver",0.312725236270756
"5420",541.9,"Simu1","NIT",50,"cliver",0.304079442195737
"5421",542,"Simu1","NIT",50,"cliver",0.295182554373828
"5422",542.1,"Simu1","NIT",50,"cliver",0.286097893637412
"5423",542.2,"Simu1","NIT",50,"cliver",0.276882439694205
"5424",542.3,"Simu1","NIT",50,"cliver",0.267587381347689
"5425",542.4,"Simu1","NIT",50,"cliver",0.25825857426184
"5426",542.5,"Simu1","NIT",50,"cliver",0.248936962375112
"5427",542.6,"Simu1","NIT",50,"cliver",0.239658963319429
"5428",542.7,"Simu1","NIT",50,"cliver",0.230456894788015
"5429",542.8,"Simu1","NIT",50,"cliver",0.221359446624499
"5430",542.9,"Simu1","NIT",50,"cliver",0.212391902040502
"5431",543,"Simu1","NIT",50,"cliver",0.203576211081502
"5432",543.1,"Simu1","NIT",50,"cliver",0.194931311006754
"5433",543.2,"Simu1","NIT",50,"cliver",0.186473693165251
"5434",543.3,"Simu1","NIT",50,"cliver",0.178217453138064
"5435",543.4,"Simu1","NIT",50,"cliver",0.170174433292671
"5436",543.5,"Simu1","NIT",50,"cliver",0.162354416703936
"5437",543.6,"Simu1","NIT",50,"cliver",0.154765328808727
"5438",543.7,"Simu1","NIT",50,"cliver",0.147413392693731
"5439",543.8,"Simu1","NIT",50,"cliver",0.140303260470028
"5440",543.9,"Simu1","NIT",50,"cliver",0.133438163587549
"5441",544,"Simu1","NIT",50,"cliver",0.126820029989537
"5442",544.1,"Simu1","NIT",50,"cliver",0.120449572729253
"5443",544.2,"Simu1","NIT",50,"cliver",0.114326384318067
"5444",544.3,"Simu1","NIT",50,"cliver",0.108449046749566
"5445",544.4,"Simu1","NIT",50,"cliver",0.10281524658807
"5446",544.5,"Simu1","NIT",50,"cliver",0.0974218568486966
"5447",544.6,"Simu1","NIT",50,"cliver",0.0922649954122966
"5448",544.7,"Simu1","NIT",50,"cliver",0.0873401247985051
"5449",544.8,"Simu1","NIT",50,"cliver",0.0826421458151164
"5450",544.9,"Simu1","NIT",50,"cliver",0.0781654391562158
"5451",545,"Simu1","NIT",50,"cliver",0.0739039715106367
"5452",545.1,"Simu1","NIT",50,"cliver",0.0698513565634495
"5453",545.2,"Simu1","NIT",50,"cliver",0.0660009136853551
"5454",545.3,"Simu1","NIT",50,"cliver",0.0623457407828152
"5455",545.4,"Simu1","NIT",50,"cliver",0.0588787775304661
"5456",545.5,"Simu1","NIT",50,"cliver",0.0555928561703958
"5457",545.6,"Simu1","NIT",50,"cliver",0.0524807542652115
"5458",545.7,"Simu1","NIT",50,"cliver",0.0495352430628672
"5459",545.8,"Simu1","NIT",50,"cliver",0.0467491321857445
"5460",545.9,"Simu1","NIT",50,"cliver",0.0441153007449638
"5461",546,"Simu1","NIT",50,"cliver",0.0425485289060852
"5462",546.1,"Simu1","NIT",50,"cliver",0.246772747419048
"5463",546.2,"Simu1","NIT",50,"cliver",0.320055947928804
"5464",546.3,"Simu1","NIT",50,"cliver",0.340403606592841
"5465",546.4,"Simu1","NIT",50,"cliver",0.350857179924455
"5466",546.5,"Simu1","NIT",50,"cliver",0.357776483424047
"5467",546.6,"Simu1","NIT",50,"cliver",0.362320870021558
"5468",546.7,"Simu1","NIT",50,"cliver",0.364861733727603
"5469",546.8,"Simu1","NIT",50,"cliver",0.365635774310458
"5470",546.9,"Simu1","NIT",50,"cliver",0.364845266308151
"5471",547,"Simu1","NIT",50,"cliver",0.36267247822964
"5472",547.1,"Simu1","NIT",50,"cliver",0.359283971656034
"5473",547.2,"Simu1","NIT",50,"cliver",0.354831633572217
"5474",547.3,"Simu1","NIT",50,"cliver",0.349454021446856
"5475",547.4,"Simu1","NIT",50,"cliver",0.343277353762625
"5476",547.5,"Simu1","NIT",50,"cliver",0.336416530433865
"5477",547.6,"Simu1","NIT",50,"cliver",0.328976010657116
"5478",547.7,"Simu1","NIT",50,"cliver",0.321050571694434
"5479",547.8,"Simu1","NIT",50,"cliver",0.312726079230147
"5480",547.9,"Simu1","NIT",50,"cliver",0.304080253841538
"5481",548,"Simu1","NIT",50,"cliver",0.295183326599373
"5482",548.1,"Simu1","NIT",50,"cliver",0.286098633934232
"5483",548.2,"Simu1","NIT",50,"cliver",0.27688316944548
"5484",548.3,"Simu1","NIT",50,"cliver",0.267588103735035
"5485",548.4,"Simu1","NIT",50,"cliver",0.258259274275703
"5486",548.5,"Simu1","NIT",50,"cliver",0.248937633238817
"5487",548.6,"Simu1","NIT",50,"cliver",0.239659650064693
"5488",548.7,"Simu1","NIT",50,"cliver",0.230457682022568
"5489",548.8,"Simu1","NIT",50,"cliver",0.221360321930469
"5490",548.9,"Simu1","NIT",50,"cliver",0.212392719383067
"5491",549,"Simu1","NIT",50,"cliver",0.203576871760493
"5492",549.1,"Simu1","NIT",50,"cliver",0.194931888822046
"5493",549.2,"Simu1","NIT",50,"cliver",0.186474236180946
"5494",549.3,"Simu1","NIT",50,"cliver",0.178217959139139
"5495",549.4,"Simu1","NIT",50,"cliver",0.170174886569135
"5496",549.5,"Simu1","NIT",50,"cliver",0.162354816069855
"5497",549.6,"Simu1","NIT",50,"cliver",0.154765682843968
"5498",549.7,"Simu1","NIT",50,"cliver",0.147413714325088
"5499",549.8,"Simu1","NIT",50,"cliver",0.140303571804307
"5500",549.9,"Simu1","NIT",50,"cliver",0.133438480258202
"5501",550,"Simu1","NIT",50,"cliver",0.126820347572635
"5502",550.1,"Simu1","NIT",50,"cliver",0.12044987615865
"5503",550.2,"Simu1","NIT",50,"cliver",0.114326666724064
"5504",550.3,"Simu1","NIT",50,"cliver",0.108449315766782
"5505",550.4,"Simu1","NIT",50,"cliver",0.102815507945204
"5506",550.5,"Simu1","NIT",50,"cliver",0.0974221047930976
"5507",550.6,"Simu1","NIT",50,"cliver",0.092265229777228
"5508",550.7,"Simu1","NIT",50,"cliver",0.0873403503566054
"5509",550.8,"Simu1","NIT",50,"cliver",0.0826423569455065
"5510",550.9,"Simu1","NIT",50,"cliver",0.0781656400819537
"5511",551,"Simu1","NIT",50,"cliver",0.0739041638457902
"5512",551.1,"Simu1","NIT",50,"cliver",0.0698515380135779
"5513",551.2,"Simu1","NIT",50,"cliver",0.0660010842204705
"5514",551.3,"Simu1","NIT",50,"cliver",0.0623459175854685
"5515",551.4,"Simu1","NIT",50,"cliver",0.0588789724110709
"5516",551.5,"Simu1","NIT",50,"cliver",0.0555930810674313
"5517",551.6,"Simu1","NIT",50,"cliver",0.0524809624941375
"5518",551.7,"Simu1","NIT",50,"cliver",0.0495353779002956
"5519",551.8,"Simu1","NIT",50,"cliver",0.0467492598592626
"5520",551.9,"Simu1","NIT",50,"cliver",0.0441154900974055
"5521",552,"Simu1","NIT",50,"cliver",0.0425487113897344
"5522",552.1,"Simu1","NIT",50,"cliver",0.24677326923128
"5523",552.2,"Simu1","NIT",50,"cliver",0.320056152731851
"5524",552.3,"Simu1","NIT",50,"cliver",0.340403066628247
"5525",552.4,"Simu1","NIT",50,"cliver",0.350856293822294
"5526",552.5,"Simu1","NIT",50,"cliver",0.35777581692731
"5527",552.6,"Simu1","NIT",50,"cliver",0.362319942986317
"5528",552.7,"Simu1","NIT",50,"cliver",0.364860516292181
"5529",552.8,"Simu1","NIT",50,"cliver",0.365634762241552
"5530",552.9,"Simu1","NIT",50,"cliver",0.364844284992652
"5531",553,"Simu1","NIT",50,"cliver",0.362671484308079
"5532",553.1,"Simu1","NIT",50,"cliver",0.359282960490305
"5533",553.2,"Simu1","NIT",50,"cliver",0.354830604022266
"5534",553.3,"Simu1","NIT",50,"cliver",0.349452979589637
"5535",553.4,"Simu1","NIT",50,"cliver",0.34327631151504
"5536",553.5,"Simu1","NIT",50,"cliver",0.336415504899628
"5537",553.6,"Simu1","NIT",50,"cliver",0.328975008943143
"5538",553.7,"Simu1","NIT",50,"cliver",0.321049587709864
"5539",553.8,"Simu1","NIT",50,"cliver",0.312725108436881
"5540",553.9,"Simu1","NIT",50,"cliver",0.304079328912923
"5541",554,"Simu1","NIT",50,"cliver",0.295182432228203
"5542",554.1,"Simu1","NIT",50,"cliver",0.286097760742628
"5543",554.2,"Simu1","NIT",50,"cliver",0.276882342629636
"5544",554.3,"Simu1","NIT",50,"cliver",0.267587284509468
"5545",554.4,"Simu1","NIT",50,"cliver",0.258258483730591
"5546",554.5,"Simu1","NIT",50,"cliver",0.248936875930403
"5547",554.6,"Simu1","NIT",50,"cliver",0.239658918858434
"5548",554.7,"Simu1","NIT",50,"cliver",0.23045698193974
"5549",554.8,"Simu1","NIT",50,"cliver",0.221359637104858
"5550",554.9,"Simu1","NIT",50,"cliver",0.212392070323216
"5551",555,"Simu1","NIT",50,"cliver",0.203576239923693
"5552",555.1,"Simu1","NIT",50,"cliver",0.194931324643423
"5553",555.2,"Simu1","NIT",50,"cliver",0.186473585008126
"5554",555.3,"Simu1","NIT",50,"cliver",0.178217385761383
"5555",555.4,"Simu1","NIT",50,"cliver",0.170174345358426
"5556",555.5,"Simu1","NIT",50,"cliver",0.162354225510952
"5557",555.6,"Simu1","NIT",50,"cliver",0.154765034375094
"5558",555.7,"Simu1","NIT",50,"cliver",0.147413014991055
"5559",555.8,"Simu1","NIT",50,"cliver",0.140302957310654
"5560",555.9,"Simu1","NIT",50,"cliver",0.133438011858903
"5561",556,"Simu1","NIT",50,"cliver",0.126819980597585
"5562",556.1,"Simu1","NIT",50,"cliver",0.120449555137707
"5563",556.2,"Simu1","NIT",50,"cliver",0.114326368115395
"5564",556.3,"Simu1","NIT",50,"cliver",0.108449040188038
"5565",556.4,"Simu1","NIT",50,"cliver",0.102815259948959
"5566",556.5,"Simu1","NIT",50,"cliver",0.0974218855171247
"5567",556.6,"Simu1","NIT",50,"cliver",0.0922650354951545
"5568",556.7,"Simu1","NIT",50,"cliver",0.0873401775474235
"5569",556.8,"Simu1","NIT",50,"cliver",0.0826422016620095
"5570",556.9,"Simu1","NIT",50,"cliver",0.0781655023927064
"5571",557,"Simu1","NIT",50,"cliver",0.0739040401927953
"5572",557.1,"Simu1","NIT",50,"cliver",0.0698514313769534
"5573",557.2,"Simu1","NIT",50,"cliver",0.066000985447575
"5574",557.3,"Simu1","NIT",50,"cliver",0.0623458246197833
"5575",557.4,"Simu1","NIT",50,"cliver",0.0588788447482737
"5576",557.5,"Simu1","NIT",50,"cliver",0.0555929848902146
"5577",557.6,"Simu1","NIT",50,"cliver",0.0524808243628246
"5578",557.7,"Simu1","NIT",50,"cliver",0.0495352957434892
"5579",557.8,"Simu1","NIT",50,"cliver",0.0467491747319837
"5580",557.9,"Simu1","NIT",50,"cliver",0.0441153433515701
"5581",558,"Simu1","NIT",50,"cliver",0.0425485824393891
"5582",558.1,"Simu1","NIT",50,"cliver",0.246773146783969
"5583",558.2,"Simu1","NIT",50,"cliver",0.320055373616553
"5584",558.3,"Simu1","NIT",50,"cliver",0.340403182539163
"5585",558.4,"Simu1","NIT",50,"cliver",0.350856165084294
"5586",558.5,"Simu1","NIT",50,"cliver",0.357775954388551
"5587",558.6,"Simu1","NIT",50,"cliver",0.362320341769834
"5588",558.7,"Simu1","NIT",50,"cliver",0.36486095755617
"5589",558.8,"Simu1","NIT",50,"cliver",0.365635094844241
"5590",558.9,"Simu1","NIT",50,"cliver",0.364844458580232
"5591",559,"Simu1","NIT",50,"cliver",0.362671476377098
"5592",559.1,"Simu1","NIT",50,"cliver",0.359282753657392
"5593",559.2,"Simu1","NIT",50,"cliver",0.354830593394196
"5594",559.3,"Simu1","NIT",50,"cliver",0.3494531068352
"5595",559.4,"Simu1","NIT",50,"cliver",0.343276491455897
"5596",559.5,"Simu1","NIT",50,"cliver",0.336415750769053
"5597",559.6,"Simu1","NIT",50,"cliver",0.328975329471221
"5598",559.7,"Simu1","NIT",50,"cliver",0.321049957570547
"5599",559.8,"Simu1","NIT",50,"cliver",0.312725529999735
"5600",559.9,"Simu1","NIT",50,"cliver",0.304079715381209
"5601",560,"Simu1","NIT",50,"cliver",0.295182748204703
"5602",560.1,"Simu1","NIT",50,"cliver",0.286098027306582
"5603",560.2,"Simu1","NIT",50,"cliver",0.276882575083187
"5604",560.3,"Simu1","NIT",50,"cliver",0.267587541152976
"5605",560.4,"Simu1","NIT",50,"cliver",0.258258735843251
"5606",560.5,"Simu1","NIT",50,"cliver",0.248937106518812
"5607",560.6,"Simu1","NIT",50,"cliver",0.239659133958625
"5608",560.7,"Simu1","NIT",50,"cliver",0.230457183372016
"5609",560.8,"Simu1","NIT",50,"cliver",0.221359844656057
"5610",560.9,"Simu1","NIT",50,"cliver",0.212392261217283
"5611",561,"Simu1","NIT",50,"cliver",0.203576429285818
"5612",561.1,"Simu1","NIT",50,"cliver",0.194931461716003
"5613",561.2,"Simu1","NIT",50,"cliver",0.18647382605364
"5614",561.3,"Simu1","NIT",50,"cliver",0.178217566562906
"5615",561.4,"Simu1","NIT",50,"cliver",0.170174510571015
"5616",561.5,"Simu1","NIT",50,"cliver",0.162354455607312
"5617",561.6,"Simu1","NIT",50,"cliver",0.154765337698565
"5618",561.7,"Simu1","NIT",50,"cliver",0.147413384573137
"5619",561.8,"Simu1","NIT",50,"cliver",0.140303257184797
"5620",561.9,"Simu1","NIT",50,"cliver",0.133438180186656
"5621",562,"Simu1","NIT",50,"cliver",0.126820061618903
"5622",562.1,"Simu1","NIT",50,"cliver",0.120449603963013
"5623",562.2,"Simu1","NIT",50,"cliver",0.114326407900406
"5624",562.3,"Simu1","NIT",50,"cliver",0.108449069871463
"5625",562.4,"Simu1","NIT",50,"cliver",0.10281527456362
"5626",562.5,"Simu1","NIT",50,"cliver",0.0974218834420954
"5627",562.6,"Simu1","NIT",50,"cliver",0.0922650200783118
"5628",562.7,"Simu1","NIT",50,"cliver",0.0873401517409896
"5629",562.8,"Simu1","NIT",50,"cliver",0.0826421692502288
"5630",562.9,"Simu1","NIT",50,"cliver",0.0781654622849999
"5631",563,"Simu1","NIT",50,"cliver",0.0739039967923798
"5632",563.1,"Simu1","NIT",50,"cliver",0.0698513782390543
"5633",563.2,"Simu1","NIT",50,"cliver",0.0660009228907571
"5634",563.3,"Simu1","NIT",50,"cliver",0.0623457283862762
"5635",563.4,"Simu1","NIT",50,"cliver",0.05887878083328
"5636",563.5,"Simu1","NIT",50,"cliver",0.0555929449951449
"5637",563.6,"Simu1","NIT",50,"cliver",0.0524808771246336
"5638",563.7,"Simu1","NIT",50,"cliver",0.049535294888958
"5639",563.8,"Simu1","NIT",50,"cliver",0.0467491356797665
"5640",563.9,"Simu1","NIT",50,"cliver",0.0441153399487854
"5641",564,"Simu1","NIT",50,"cliver",0.0425485094088541
"5642",564.1,"Simu1","NIT",50,"cliver",0.246773017378366
"5643",564.2,"Simu1","NIT",50,"cliver",0.320055903717248
"5644",564.3,"Simu1","NIT",50,"cliver",0.340402571953588
"5645",564.4,"Simu1","NIT",50,"cliver",0.350856710660516
"5646",564.5,"Simu1","NIT",50,"cliver",0.357775679628433
"5647",564.6,"Simu1","NIT",50,"cliver",0.362319949636672
"5648",564.7,"Simu1","NIT",50,"cliver",0.36486059131049
"5649",564.8,"Simu1","NIT",50,"cliver",0.365634762171687
"5650",564.9,"Simu1","NIT",50,"cliver",0.364844189903578
"5651",565,"Simu1","NIT",50,"cliver",0.362671431180281
"5652",565.1,"Simu1","NIT",50,"cliver",0.359282924431041
"5653",565.2,"Simu1","NIT",50,"cliver",0.354830555134922
"5654",565.3,"Simu1","NIT",50,"cliver",0.349452905586125
"5655",565.4,"Simu1","NIT",50,"cliver",0.343276213010815
"5656",565.5,"Simu1","NIT",50,"cliver",0.336415409090315
"5657",565.6,"Simu1","NIT",50,"cliver",0.328974920641317
"5658",565.7,"Simu1","NIT",50,"cliver",0.321049493853753
"5659",565.8,"Simu1","NIT",50,"cliver",0.312725006897837
"5660",565.9,"Simu1","NIT",50,"cliver",0.304079193936577
"5661",566,"Simu1","NIT",50,"cliver",0.295182289295781
"5662",566.1,"Simu1","NIT",50,"cliver",0.286097624554529
"5663",566.2,"Simu1","NIT",50,"cliver",0.276882184832469
"5664",566.3,"Simu1","NIT",50,"cliver",0.267587139891719
"5665",566.4,"Simu1","NIT",50,"cliver",0.258258333619267
"5666",566.5,"Simu1","NIT",50,"cliver",0.248936720433371
"5667",566.6,"Simu1","NIT",50,"cliver",0.239658765792898
"5668",566.7,"Simu1","NIT",50,"cliver",0.230456824410401
"5669",566.8,"Simu1","NIT",50,"cliver",0.221359490645762
"5670",566.9,"Simu1","NIT",50,"cliver",0.212391915697297
"5671",567,"Simu1","NIT",50,"cliver",0.203576096359616
"5672",567.1,"Simu1","NIT",50,"cliver",0.19493114128195
"5673",567.2,"Simu1","NIT",50,"cliver",0.186473515976954
"5674",567.3,"Simu1","NIT",50,"cliver",0.178217266158944
"5675",567.4,"Simu1","NIT",50,"cliver",0.170174220772438
"5676",567.5,"Simu1","NIT",50,"cliver",0.162354177143652
"5677",567.6,"Simu1","NIT",50,"cliver",0.154765070315383
"5678",567.7,"Simu1","NIT",50,"cliver",0.147413127758043
"5679",567.8,"Simu1","NIT",50,"cliver",0.140303010889656
"5680",567.9,"Simu1","NIT",50,"cliver",0.133437944239314
"5681",568,"Simu1","NIT",50,"cliver",0.126819835784905
"5682",568.1,"Simu1","NIT",50,"cliver",0.120449388081605
"5683",568.2,"Simu1","NIT",50,"cliver",0.114326201878167
"5684",568.3,"Simu1","NIT",50,"cliver",0.108448873422538
"5685",568.4,"Simu1","NIT",50,"cliver",0.102815087361822
"5686",568.5,"Simu1","NIT",50,"cliver",0.0974217052537517
"5687",568.6,"Simu1","NIT",50,"cliver",0.0922648507208053
"5688",568.7,"Simu1","NIT",50,"cliver",0.0873399908916842
"5689",568.8,"Simu1","NIT",50,"cliver",0.0826420165640998
"5690",568.9,"Simu1","NIT",50,"cliver",0.0781653175548558
"5691",569,"Simu1","NIT",50,"cliver",0.0739038594394304
"5692",569.1,"Simu1","NIT",50,"cliver",0.0698512489966729
"5693",569.2,"Simu1","NIT",50,"cliver",0.0660008240633284
"5694",569.3,"Simu1","NIT",50,"cliver",0.0623456800060466
"5695",569.4,"Simu1","NIT",50,"cliver",0.0588787584663122
"5696",569.5,"Simu1","NIT",50,"cliver",0.0555928412607402
"5697",569.6,"Simu1","NIT",50,"cliver",0.0524806666163996
"5698",569.7,"Simu1","NIT",50,"cliver",0.049535086397461
"5699",569.8,"Simu1","NIT",50,"cliver",0.0467490210493458
"5700",569.9,"Simu1","NIT",50,"cliver",0.0441152269710891
"5701",570,"Simu1","NIT",50,"cliver",0.0425484501904272
"5702",570.1,"Simu1","NIT",50,"cliver",0.246773097491203
"5703",570.2,"Simu1","NIT",50,"cliver",0.320055193214564
"5704",570.3,"Simu1","NIT",50,"cliver",0.340402839284142
"5705",570.4,"Simu1","NIT",50,"cliver",0.350856738777121
"5706",570.5,"Simu1","NIT",50,"cliver",0.357775496802726
"5707",570.6,"Simu1","NIT",50,"cliver",0.362320296278518
"5708",570.7,"Simu1","NIT",50,"cliver",0.364860899107991
"5709",570.8,"Simu1","NIT",50,"cliver",0.365635051058927
"5710",570.9,"Simu1","NIT",50,"cliver",0.364844531514442
"5711",571,"Simu1","NIT",50,"cliver",0.362671765746658
"5712",571.1,"Simu1","NIT",50,"cliver",0.359283216300649
"5713",571.2,"Simu1","NIT",50,"cliver",0.354830802495398
"5714",571.3,"Simu1","NIT",50,"cliver",0.349453133811287
"5715",571.4,"Simu1","NIT",50,"cliver",0.343276482479769
"5716",571.5,"Simu1","NIT",50,"cliver",0.336415718064915
"5717",571.6,"Simu1","NIT",50,"cliver",0.328975230386516
"5718",571.7,"Simu1","NIT",50,"cliver",0.321049786510549
"5719",571.8,"Simu1","NIT",50,"cliver",0.312725295670064
"5720",571.9,"Simu1","NIT",50,"cliver",0.304079495957663
"5721",572,"Simu1","NIT",50,"cliver",0.295182603723945
"5722",572.1,"Simu1","NIT",50,"cliver",0.286097937074792
"5723",572.2,"Simu1","NIT",50,"cliver",0.276882489049653
"5724",572.3,"Simu1","NIT",50,"cliver",0.26758744130812
"5725",572.4,"Simu1","NIT",50,"cliver",0.258258636201292
"5726",572.5,"Simu1","NIT",50,"cliver",0.248937020864345
"5727",572.6,"Simu1","NIT",50,"cliver",0.239659059970938
"5728",572.7,"Simu1","NIT",50,"cliver",0.230457112088318
"5729",572.8,"Simu1","NIT",50,"cliver",0.221359773068631
"5730",572.9,"Simu1","NIT",50,"cliver",0.212392192663386
"5731",573,"Simu1","NIT",50,"cliver",0.203576366644124
"5732",573.1,"Simu1","NIT",50,"cliver",0.194931404174625
"5733",573.2,"Simu1","NIT",50,"cliver",0.186473771467586
"5734",573.3,"Simu1","NIT",50,"cliver",0.178217514259229
"5735",573.4,"Simu1","NIT",50,"cliver",0.170174461241786
"5736",573.5,"Simu1","NIT",50,"cliver",0.162354409813211
"5737",573.6,"Simu1","NIT",50,"cliver",0.15476529532541
"5738",573.7,"Simu1","NIT",50,"cliver",0.147413344928568
"5739",573.8,"Simu1","NIT",50,"cliver",0.140303219783971
"5740",573.9,"Simu1","NIT",50,"cliver",0.133438144886748
"5741",574,"Simu1","NIT",50,"cliver",0.126820028532516
"5742",574.1,"Simu1","NIT",50,"cliver",0.120449573087552
"5743",574.2,"Simu1","NIT",50,"cliver",0.11432637905803
"5744",574.3,"Simu1","NIT",50,"cliver",0.108449042824714
"5745",574.4,"Simu1","NIT",50,"cliver",0.102815249269849
"5746",574.5,"Simu1","NIT",50,"cliver",0.0974218598464992
"5747",574.6,"Simu1","NIT",50,"cliver",0.0922649981464783
"5748",574.7,"Simu1","NIT",50,"cliver",0.087340131189191
"5749",574.8,"Simu1","NIT",50,"cliver",0.082642150193296
"5750",574.9,"Simu1","NIT",50,"cliver",0.0781654442740106
"5751",575,"Simu1","NIT",50,"cliver",0.0739039804711525
"5752",575.1,"Simu1","NIT",50,"cliver",0.069851349754724
"5753",575.2,"Simu1","NIT",50,"cliver",0.0660008793663962
"5754",575.3,"Simu1","NIT",50,"cliver",0.0623456636922255
"5755",575.4,"Simu1","NIT",50,"cliver",0.0588786936591834
"5756",575.5,"Simu1","NIT",50,"cliver",0.0555928172664445
"5757",575.6,"Simu1","NIT",50,"cliver",0.0524807388219797
"5758",575.7,"Simu1","NIT",50,"cliver",0.0495352112363655
"5759",575.8,"Simu1","NIT",50,"cliver",0.0467490964416595
"5760",575.9,"Simu1","NIT",50,"cliver",0.0441152819358476
"5761",576,"Simu1","NIT",50,"cliver",0.0425485351639136
"5762",576.1,"Simu1","NIT",50,"cliver",0.246772940856192
"5763",576.2,"Simu1","NIT",50,"cliver",0.320055389754632
"5764",576.3,"Simu1","NIT",50,"cliver",0.34040248585423
"5765",576.4,"Simu1","NIT",50,"cliver",0.350856646769959
"5766",576.5,"Simu1","NIT",50,"cliver",0.357775661645096
"5767",576.6,"Simu1","NIT",50,"cliver",0.362319823105213
"5768",576.7,"Simu1","NIT",50,"cliver",0.364860470482402
"5769",576.8,"Simu1","NIT",50,"cliver",0.365634567280933
"5770",576.9,"Simu1","NIT",50,"cliver",0.364844054290028
"5771",577,"Simu1","NIT",50,"cliver",0.362671319981313
"5772",577.1,"Simu1","NIT",50,"cliver",0.359282782614243
"5773",577.2,"Simu1","NIT",50,"cliver",0.354830408178821
"5774",577.3,"Simu1","NIT",50,"cliver",0.34945274024454
"5775",577.4,"Simu1","NIT",50,"cliver",0.343276053670251
"5776",577.5,"Simu1","NIT",50,"cliver",0.336415273174673
"5777",577.6,"Simu1","NIT",50,"cliver",0.32897479912274
"5778",577.7,"Simu1","NIT",50,"cliver",0.321049372682793
"5779",577.8,"Simu1","NIT",50,"cliver",0.312724882896797
"5780",577.9,"Simu1","NIT",50,"cliver",0.304079075459161
"5781",578,"Simu1","NIT",50,"cliver",0.295182185139339
"5782",578.1,"Simu1","NIT",50,"cliver",0.286097530781182
"5783",578.2,"Simu1","NIT",50,"cliver",0.276882093370599
"5784",578.3,"Simu1","NIT",50,"cliver",0.267587050889451
"5785",578.4,"Simu1","NIT",50,"cliver",0.258258251632699
"5786",578.5,"Simu1","NIT",50,"cliver",0.248936645927615
"5787",578.6,"Simu1","NIT",50,"cliver",0.239658695877947
"5788",578.7,"Simu1","NIT",50,"cliver",0.230456757764821
"5789",578.8,"Simu1","NIT",50,"cliver",0.221359428117742
"5790",578.9,"Simu1","NIT",50,"cliver",0.212391857847009
"5791",579,"Simu1","NIT",50,"cliver",0.203576042571141
"5792",579.1,"Simu1","NIT",50,"cliver",0.194931090822946
"5793",579.2,"Simu1","NIT",50,"cliver",0.186473468695776
"5794",579.3,"Simu1","NIT",50,"cliver",0.178217222122104
"5795",579.4,"Simu1","NIT",50,"cliver",0.170174179812044
"5796",579.5,"Simu1","NIT",50,"cliver",0.162354138970748
"5797",579.6,"Simu1","NIT",50,"cliver",0.154765034744931
"5798",579.7,"Simu1","NIT",50,"cliver",0.147413094866296
"5799",579.8,"Simu1","NIT",50,"cliver",0.140302980291174
"5800",579.9,"Simu1","NIT",50,"cliver",0.13343791565623
"5801",580,"Simu1","NIT",50,"cliver",0.126819809150113
"5802",580.1,"Simu1","NIT",50,"cliver",0.120449363446825
"5803",580.2,"Simu1","NIT",50,"cliver",0.114326179056653
"5804",580.3,"Simu1","NIT",50,"cliver",0.108448852233895
"5805",580.4,"Simu1","NIT",50,"cliver",0.102815067657834
"5806",580.5,"Simu1","NIT",50,"cliver",0.0974216871166546
"5807",580.6,"Simu1","NIT",50,"cliver",0.0922648338426049
"5808",580.7,"Simu1","NIT",50,"cliver",0.0873399755070757
"5809",580.8,"Simu1","NIT",50,"cliver",0.0826420018589629
"5810",580.9,"Simu1","NIT",50,"cliver",0.0781653049900747
"5811",581,"Simu1","NIT",50,"cliver",0.0739038456380788
"5812",581.1,"Simu1","NIT",50,"cliver",0.0698512449246395
"5813",581.2,"Simu1","NIT",50,"cliver",0.0660008221527876
"5814",581.3,"Simu1","NIT",50,"cliver",0.0623456742637821
"5815",581.4,"Simu1","NIT",50,"cliver",0.058878655753315
"5816",581.5,"Simu1","NIT",50,"cliver",0.0555926619184125
"5817",581.6,"Simu1","NIT",50,"cliver",0.052480596984643
"5818",581.7,"Simu1","NIT",50,"cliver",0.0495351571351543
"5819",581.8,"Simu1","NIT",50,"cliver",0.0467490530947762
"5820",581.9,"Simu1","NIT",50,"cliver",0.0441152109570471
"5821",582,"Simu1","NIT",50,"cliver",0.0425484429003483
"5822",582.1,"Simu1","NIT",50,"cliver",0.246773021411906
"5823",582.2,"Simu1","NIT",50,"cliver",0.320055905182253
"5824",582.3,"Simu1","NIT",50,"cliver",0.340402767013998
"5825",582.4,"Simu1","NIT",50,"cliver",0.350856185245893
"5826",582.5,"Simu1","NIT",50,"cliver",0.357774987803744
"5827",582.6,"Simu1","NIT",50,"cliver",0.362319772492908
"5828",582.7,"Simu1","NIT",50,"cliver",0.364860447832826
"5829",582.8,"Simu1","NIT",50,"cliver",0.365634660407071
"5830",582.9,"Simu1","NIT",50,"cliver",0.36484410662091
"5831",583,"Simu1","NIT",50,"cliver",0.362671376129383
"5832",583.1,"Simu1","NIT",50,"cliver",0.359282859877378
"5833",583.2,"Simu1","NIT",50,"cliver",0.354830493078722
"5834",583.3,"Simu1","NIT",50,"cliver",0.349452835114354
"5835",583.4,"Simu1","NIT",50,"cliver",0.343276155431209
"5836",583.5,"Simu1","NIT",50,"cliver",0.336415377785483
"5837",583.6,"Simu1","NIT",50,"cliver",0.328974903442148
"5838",583.7,"Simu1","NIT",50,"cliver",0.321049479901523
"5839",583.8,"Simu1","NIT",50,"cliver",0.312724999888395
"5840",583.9,"Simu1","NIT",50,"cliver",0.304079196117339
"5841",584,"Simu1","NIT",50,"cliver",0.295182302192641
"5842",584.1,"Simu1","NIT",50,"cliver",0.286097646002059
"5843",584.2,"Simu1","NIT",50,"cliver",0.276882209609633
"5844",584.3,"Simu1","NIT",50,"cliver",0.267587167093522
"5845",584.4,"Simu1","NIT",50,"cliver",0.258258365240054
"5846",584.5,"Simu1","NIT",50,"cliver",0.248936755960877
"5847",584.6,"Simu1","NIT",50,"cliver",0.239658803594249
"5848",584.7,"Simu1","NIT",50,"cliver",0.230456863734899
"5849",584.8,"Simu1","NIT",50,"cliver",0.221359531661189
"5850",584.9,"Simu1","NIT",50,"cliver",0.212391958214195
"5851",585,"Simu1","NIT",50,"cliver",0.203576139837249
"5852",585.1,"Simu1","NIT",50,"cliver",0.194931185329323
"5853",585.2,"Simu1","NIT",50,"cliver",0.18647356039693
"5854",585.3,"Simu1","NIT",50,"cliver",0.178217310795076
"5855",585.4,"Simu1","NIT",50,"cliver",0.170174265283917
"5856",585.5,"Simu1","NIT",50,"cliver",0.162354221468652
"5857",585.6,"Simu1","NIT",50,"cliver",0.154765113987974
"5858",585.7,"Simu1","NIT",50,"cliver",0.147413170613027
"5859",585.8,"Simu1","NIT",50,"cliver",0.140303053178984
"5860",585.9,"Simu1","NIT",50,"cliver",0.133437986132145
"5861",586,"Simu1","NIT",50,"cliver",0.126819876651463
"5862",586.1,"Simu1","NIT",50,"cliver",0.120449427757314
"5863",586.2,"Simu1","NIT",50,"cliver",0.114326240506519
"5864",586.3,"Simu1","NIT",50,"cliver",0.108448911247098
"5865",586.4,"Simu1","NIT",50,"cliver",0.10281512380341
"5866",586.5,"Simu1","NIT",50,"cliver",0.0974217407436516
"5867",586.6,"Simu1","NIT",50,"cliver",0.0922648843569527
"5868",586.7,"Simu1","NIT",50,"cliver",0.0873400246784795
"5869",586.8,"Simu1","NIT",50,"cliver",0.0826420464168486
"5870",586.9,"Simu1","NIT",50,"cliver",0.0781653543357398
"5871",587,"Simu1","NIT",50,"cliver",0.073903910258724
"5872",587.1,"Simu1","NIT",50,"cliver",0.0698513255301075
"5873",587.2,"Simu1","NIT",50,"cliver",0.0660008391331565
"5874",587.3,"Simu1","NIT",50,"cliver",0.0623456507546782
"5875",587.4,"Simu1","NIT",50,"cliver",0.0588787238323626
"5876",587.5,"Simu1","NIT",50,"cliver",0.0555928388481173
"5877",587.6,"Simu1","NIT",50,"cliver",0.052480736164034
"5878",587.7,"Simu1","NIT",50,"cliver",0.0495352128423204
"5879",587.8,"Simu1","NIT",50,"cliver",0.0467491094903661
"5880",587.9,"Simu1","NIT",50,"cliver",0.0441152948770045
"5881",588,"Simu1","NIT",50,"cliver",0.0425485202215081
"5882",588.1,"Simu1","NIT",50,"cliver",0.246773011121245
"5883",588.2,"Simu1","NIT",50,"cliver",0.320054976710041
"5884",588.3,"Simu1","NIT",50,"cliver",0.340402601851381
"5885",588.4,"Simu1","NIT",50,"cliver",0.350856728483718
"5886",588.5,"Simu1","NIT",50,"cliver",0.357775044159061
"5887",588.6,"Simu1","NIT",50,"cliver",0.362319869128016
"5888",588.7,"Simu1","NIT",50,"cliver",0.364860404950321
"5889",588.8,"Simu1","NIT",50,"cliver",0.365634458331223
"5890",588.9,"Simu1","NIT",50,"cliver",0.364844105656995
"5891",589,"Simu1","NIT",50,"cliver",0.362671333700691
"5892",589.1,"Simu1","NIT",50,"cliver",0.359282770127353
"5893",589.2,"Simu1","NIT",50,"cliver",0.354830424509306
"5894",589.3,"Simu1","NIT",50,"cliver",0.349452812374304
"5895",589.4,"Simu1","NIT",50,"cliver",0.34327618334872
"5896",589.5,"Simu1","NIT",50,"cliver",0.336415384278292
"5897",589.6,"Simu1","NIT",50,"cliver",0.328974870934711
"5898",589.7,"Simu1","NIT",50,"cliver",0.321049447640945
"5899",589.8,"Simu1","NIT",50,"cliver",0.312724992389936
"5900",589.9,"Simu1","NIT",50,"cliver",0.304079206797914
"5901",590,"Simu1","NIT",50,"cliver",0.295182312249282
"5902",590.1,"Simu1","NIT",50,"cliver",0.286097642006982
"5903",590.2,"Simu1","NIT",50,"cliver",0.276882203130111
"5904",590.3,"Simu1","NIT",50,"cliver",0.267587163334033
"5905",590.4,"Simu1","NIT",50,"cliver",0.258258370033374
"5906",590.5,"Simu1","NIT",50,"cliver",0.248936757194554
"5907",590.6,"Simu1","NIT",50,"cliver",0.239658799886124
"5908",590.7,"Simu1","NIT",50,"cliver",0.230456867224242
"5909",590.8,"Simu1","NIT",50,"cliver",0.221359539273542
"5910",590.9,"Simu1","NIT",50,"cliver",0.21239196112972
"5911",591,"Simu1","NIT",50,"cliver",0.203576167336943
"5912",591.1,"Simu1","NIT",50,"cliver",0.194931188271945
"5913",591.2,"Simu1","NIT",50,"cliver",0.186473540694959
"5914",591.3,"Simu1","NIT",50,"cliver",0.178217328391968
"5915",591.4,"Simu1","NIT",50,"cliver",0.170174291211457
"5916",591.5,"Simu1","NIT",50,"cliver",0.162354205157859
"5917",591.6,"Simu1","NIT",50,"cliver",0.154765097435625
"5918",591.7,"Simu1","NIT",50,"cliver",0.147413189810176
"5919",591.8,"Simu1","NIT",50,"cliver",0.140303075692358
"5920",591.9,"Simu1","NIT",50,"cliver",0.133437980708355
"5921",592,"Simu1","NIT",50,"cliver",0.126819873421865
"5922",592.1,"Simu1","NIT",50,"cliver",0.120449436082869
"5923",592.2,"Simu1","NIT",50,"cliver",0.11432626107939
"5924",592.3,"Simu1","NIT",50,"cliver",0.108448902967314
"5925",592.4,"Simu1","NIT",50,"cliver",0.10281514873282
"5926",592.5,"Simu1","NIT",50,"cliver",0.0974216508523873
"5927",592.6,"Simu1","NIT",50,"cliver",0.0922648604106516
"5928",592.7,"Simu1","NIT",50,"cliver",0.0873399887127248
"5929",592.8,"Simu1","NIT",50,"cliver",0.0826420028934306
"5930",592.9,"Simu1","NIT",50,"cliver",0.078165273023798
"5931",593,"Simu1","NIT",50,"cliver",0.0739037920872611
"5932",593.1,"Simu1","NIT",50,"cliver",0.0698512032032615
"5933",593.2,"Simu1","NIT",50,"cliver",0.0660008130525865
"5934",593.3,"Simu1","NIT",50,"cliver",0.062345694550056
"5935",593.4,"Simu1","NIT",50,"cliver",0.058878751329294
"5936",593.5,"Simu1","NIT",50,"cliver",0.0555928546494959
"5937",593.6,"Simu1","NIT",50,"cliver",0.0524807314486478
"5938",593.7,"Simu1","NIT",50,"cliver",0.0495352856107719
"5939",593.8,"Simu1","NIT",50,"cliver",0.0467489889180071
"5940",593.9,"Simu1","NIT",50,"cliver",0.0441151982987706
"5941",594,"Simu1","NIT",50,"cliver",0.0425484644586351
"5942",594.1,"Simu1","NIT",50,"cliver",0.246773034070942
"5943",594.2,"Simu1","NIT",50,"cliver",0.320055271656289
"5944",594.3,"Simu1","NIT",50,"cliver",0.340403455405067
"5945",594.4,"Simu1","NIT",50,"cliver",0.350856333894445
"5946",594.5,"Simu1","NIT",50,"cliver",0.357776019576063
"5947",594.6,"Simu1","NIT",50,"cliver",0.362320356426233
"5948",594.7,"Simu1","NIT",50,"cliver",0.364860993353439
"5949",594.8,"Simu1","NIT",50,"cliver",0.365635112453279
"5950",594.9,"Simu1","NIT",50,"cliver",0.36484456558416
"5951",595,"Simu1","NIT",50,"cliver",0.362671791082638
"5952",595.1,"Simu1","NIT",50,"cliver",0.359283287546955
"5953",595.2,"Simu1","NIT",50,"cliver",0.354830937824406
"5954",595.3,"Simu1","NIT",50,"cliver",0.349453327728536
"5955",595.4,"Simu1","NIT",50,"cliver",0.343276671522594
"5956",595.5,"Simu1","NIT",50,"cliver",0.336415857371746
"5957",595.6,"Simu1","NIT",50,"cliver",0.328975341775905
"5958",595.7,"Simu1","NIT",50,"cliver",0.321049910508139
"5959",595.8,"Simu1","NIT",50,"cliver",0.312725430992558
"5960",595.9,"Simu1","NIT",50,"cliver",0.304079619441004
"5961",596,"Simu1","NIT",50,"cliver",0.295182705938032
"5962",596.1,"Simu1","NIT",50,"cliver",0.28609802666309
"5963",596.2,"Simu1","NIT",50,"cliver",0.276882577085497
"5964",596.3,"Simu1","NIT",50,"cliver",0.267587527535267
"5965",596.4,"Simu1","NIT",50,"cliver",0.258258714059065
"5966",596.5,"Simu1","NIT",50,"cliver",0.24893708918434
"5967",596.6,"Simu1","NIT",50,"cliver",0.239659122759192
"5968",596.7,"Simu1","NIT",50,"cliver",0.230457171578928
"5969",596.8,"Simu1","NIT",50,"cliver",0.221359828289531
"5970",596.9,"Simu1","NIT",50,"cliver",0.212392242714598
"5971",597,"Simu1","NIT",50,"cliver",0.20357641210711
"5972",597.1,"Simu1","NIT",50,"cliver",0.194931446003311
"5973",597.2,"Simu1","NIT",50,"cliver",0.186473810024591
"5974",597.3,"Simu1","NIT",50,"cliver",0.178217549568704
"5975",597.4,"Simu1","NIT",50,"cliver",0.170174493390112
"5976",597.5,"Simu1","NIT",50,"cliver",0.16235443903057
"5977",597.6,"Simu1","NIT",50,"cliver",0.154765321613727
"5978",597.7,"Simu1","NIT",50,"cliver",0.147413368697784
"5979",597.8,"Simu1","NIT",50,"cliver",0.140303241165789
"5980",597.9,"Simu1","NIT",50,"cliver",0.133438164346688
"5981",598,"Simu1","NIT",50,"cliver",0.126820046448084
"5982",598.1,"Simu1","NIT",50,"cliver",0.120449589428889
"5983",598.2,"Simu1","NIT",50,"cliver",0.114326393589752
"5984",598.3,"Simu1","NIT",50,"cliver",0.108449055870801
"5985",598.4,"Simu1","NIT",50,"cliver",0.102815261082313
"5986",598.5,"Simu1","NIT",50,"cliver",0.0974218705860098
"5987",598.6,"Simu1","NIT",50,"cliver",0.0922650075110964
"5988",598.7,"Simu1","NIT",50,"cliver",0.0873401397765404
"5989",598.8,"Simu1","NIT",50,"cliver",0.0826421573874925
"5990",598.9,"Simu1","NIT",50,"cliver",0.0781654517061922
"5991",599,"Simu1","NIT",50,"cliver",0.0739039849973804
"5992",599.1,"Simu1","NIT",50,"cliver",0.0698513793017184
"5993",599.2,"Simu1","NIT",50,"cliver",0.0660009531381016
"5994",599.3,"Simu1","NIT",50,"cliver",0.0623457865980347
"5995",599.4,"Simu1","NIT",50,"cliver",0.0588787759706291
"5996",599.5,"Simu1","NIT",50,"cliver",0.0555928553170523
"5997",599.6,"Simu1","NIT",50,"cliver",0.052480789176881
"5998",599.7,"Simu1","NIT",50,"cliver",0.0495352960261874
"5999",599.8,"Simu1","NIT",50,"cliver",0.0467491694410008
"6000",599.9,"Simu1","NIT",50,"cliver",0.0441153285865622
"6001",600,"Simu1","NIT",50,"cliver",0.0425485618397322
"6002",600.1,"Simu1","NIT",50,"cliver",0.246773430269216
"6003",600.2,"Simu1","NIT",50,"cliver",0.320056934185294
"6004",600.3,"Simu1","NIT",50,"cliver",0.340404952574295
"6005",600.4,"Simu1","NIT",50,"cliver",0.350858792935755
"6006",600.5,"Simu1","NIT",50,"cliver",0.357778217701909
"6007",600.6,"Simu1","NIT",50,"cliver",0.362322446091254
"6008",600.7,"Simu1","NIT",50,"cliver",0.364863132688643
"6009",600.8,"Simu1","NIT",50,"cliver",0.365637287304046
"6010",600.9,"Simu1","NIT",50,"cliver",0.36484676467772
"6011",601,"Simu1","NIT",50,"cliver",0.362674052465515
"6012",601.1,"Simu1","NIT",50,"cliver",0.359285525993457
"6013",601.2,"Simu1","NIT",50,"cliver",0.354833157396979
"6014",601.3,"Simu1","NIT",50,"cliver",0.349455488736554
"6015",601.4,"Simu1","NIT",50,"cliver",0.343278773413892
"6016",601.5,"Simu1","NIT",50,"cliver",0.336417949574565
"6017",601.6,"Simu1","NIT",50,"cliver",0.328977432947282
"6018",601.7,"Simu1","NIT",50,"cliver",0.321051968372921
"6019",601.8,"Simu1","NIT",50,"cliver",0.312727435321005
"6020",601.9,"Simu1","NIT",50,"cliver",0.304081573597768
"6021",602,"Simu1","NIT",50,"cliver",0.295184621547492
"6022",602.1,"Simu1","NIT",50,"cliver",0.286099906241819
"6023",602.2,"Simu1","NIT",50,"cliver",0.276884410006453
"6024",602.3,"Simu1","NIT",50,"cliver",0.267589305764545
"6025",602.4,"Simu1","NIT",50,"cliver",0.25826044016149
"6026",602.5,"Simu1","NIT",50,"cliver",0.248938766981363
"6027",602.6,"Simu1","NIT",50,"cliver",0.23966075059189
"6028",602.7,"Simu1","NIT",50,"cliver",0.230458746159355
"6029",602.8,"Simu1","NIT",50,"cliver",0.221361349084881
"6030",602.9,"Simu1","NIT",50,"cliver",0.212393710983962
"6031",603,"Simu1","NIT",50,"cliver",0.203577828520941
"6032",603.1,"Simu1","NIT",50,"cliver",0.194932810349085
"6033",603.2,"Simu1","NIT",50,"cliver",0.186475122296187
"6034",603.3,"Simu1","NIT",50,"cliver",0.178218810389803
"6035",603.4,"Simu1","NIT",50,"cliver",0.170175703678428
"6036",603.5,"Simu1","NIT",50,"cliver",0.162355599549423
"6037",603.6,"Simu1","NIT",50,"cliver",0.154766433152361
"6038",603.7,"Simu1","NIT",50,"cliver",0.147414432227448
"6039",603.8,"Simu1","NIT",50,"cliver",0.140304258064778
"6040",603.9,"Simu1","NIT",50,"cliver",0.133439135324419
"6041",604,"Simu1","NIT",50,"cliver",0.126820972124685
"6042",604.1,"Simu1","NIT",50,"cliver",0.120450471171015
"6043",604.2,"Simu1","NIT",50,"cliver",0.114327233161516
"6044",604.3,"Simu1","NIT",50,"cliver",0.108449854404956
"6045",604.4,"Simu1","NIT",50,"cliver",0.102816019564353
"6046",604.5,"Simu1","NIT",50,"cliver",0.0974225903914751
"6047",604.6,"Simu1","NIT",50,"cliver",0.0922656902686458
"6048",604.7,"Simu1","NIT",50,"cliver",0.0873407867767662
"6049",604.8,"Simu1","NIT",50,"cliver",0.0826427698546548
"6050",604.9,"Simu1","NIT",50,"cliver",0.0781660311963357
"6051",605,"Simu1","NIT",50,"cliver",0.0739045322648244
"6052",605.1,"Simu1","NIT",50,"cliver",0.0698518892913782
"6053",605.2,"Simu1","NIT",50,"cliver",0.0660014276845617
"6054",605.3,"Simu1","NIT",50,"cliver",0.0623462524128662
"6055",605.4,"Simu1","NIT",50,"cliver",0.0588792351754032
"6056",605.5,"Simu1","NIT",50,"cliver",0.0555932253654791
"6057",605.6,"Simu1","NIT",50,"cliver",0.0524811025713476
"6058",605.7,"Simu1","NIT",50,"cliver",0.0495356125899758
"6059",605.8,"Simu1","NIT",50,"cliver",0.046749475985988
"6060",605.9,"Simu1","NIT",50,"cliver",0.0441156039502565
"6061",606,"Simu1","NIT",50,"cliver",0.042548854560974
"6062",606.1,"Simu1","NIT",50,"cliver",0.246773652499833
"6063",606.2,"Simu1","NIT",50,"cliver",0.320057534644444
"6064",606.3,"Simu1","NIT",50,"cliver",0.340405480818675
"6065",606.4,"Simu1","NIT",50,"cliver",0.350858998069199
"6066",606.5,"Simu1","NIT",50,"cliver",0.35777844076202
"6067",606.6,"Simu1","NIT",50,"cliver",0.362322572586124
"6068",606.7,"Simu1","NIT",50,"cliver",0.36486322424643
"6069",606.8,"Simu1","NIT",50,"cliver",0.365637396178056
"6070",606.9,"Simu1","NIT",50,"cliver",0.364846879710173
"6071",607,"Simu1","NIT",50,"cliver",0.362674088054537
"6072",607.1,"Simu1","NIT",50,"cliver",0.359285562689201
"6073",607.2,"Simu1","NIT",50,"cliver",0.354833206799277
"6074",607.3,"Simu1","NIT",50,"cliver",0.34945557499333
"6075",607.4,"Simu1","NIT",50,"cliver",0.343278917618538
"6076",607.5,"Simu1","NIT",50,"cliver",0.336418082602282
"6077",607.6,"Simu1","NIT",50,"cliver",0.328977514633308
"6078",607.7,"Simu1","NIT",50,"cliver",0.321052026869567
"6079",607.8,"Simu1","NIT",50,"cliver",0.312727503903952
"6080",607.9,"Simu1","NIT",50,"cliver",0.304081654134825
"6081",608,"Simu1","NIT",50,"cliver",0.295184694630918
"6082",608.1,"Simu1","NIT",50,"cliver",0.286099959352968
"6083",608.2,"Simu1","NIT",50,"cliver",0.276884450882805
"6084",608.3,"Simu1","NIT",50,"cliver",0.267589347350674
"6085",608.4,"Simu1","NIT",50,"cliver",0.258260482429665
"6086",608.5,"Simu1","NIT",50,"cliver",0.248938802393868
"6087",608.6,"Simu1","NIT",50,"cliver",0.239660777834407
"6088",608.7,"Simu1","NIT",50,"cliver",0.230458769660797
"6089",608.8,"Simu1","NIT",50,"cliver",0.22136137107132
"6090",608.9,"Simu1","NIT",50,"cliver",0.212393730212691
"6091",609,"Simu1","NIT",50,"cliver",0.203577844027035
"6092",609.1,"Simu1","NIT",50,"cliver",0.19493282280142
"6093",609.2,"Simu1","NIT",50,"cliver",0.18647513262334
"6094",609.3,"Simu1","NIT",50,"cliver",0.178218818856194
"6095",609.4,"Simu1","NIT",50,"cliver",0.170175710248269
"6096",609.5,"Simu1","NIT",50,"cliver",0.162355604308576
"6097",609.6,"Simu1","NIT",50,"cliver",0.154766436369432
"6098",609.7,"Simu1","NIT",50,"cliver",0.147414433947427
"6099",609.8,"Simu1","NIT",50,"cliver",0.140304258429514
"6100",609.9,"Simu1","NIT",50,"cliver",0.133439134796177
"6101",610,"Simu1","NIT",50,"cliver",0.126820970927286
"6102",610.1,"Simu1","NIT",50,"cliver",0.12045046916758
"6103",610.2,"Simu1","NIT",50,"cliver",0.114327230357444
"6104",610.3,"Simu1","NIT",50,"cliver",0.108449851019364
"6105",610.4,"Simu1","NIT",50,"cliver",0.102816015801767
"6106",610.5,"Simu1","NIT",50,"cliver",0.0974225861842274
"6107",610.6,"Simu1","NIT",50,"cliver",0.0922656857484402
"6108",610.7,"Simu1","NIT",50,"cliver",0.0873407818320454
"6109",610.8,"Simu1","NIT",50,"cliver",0.0826427650727398
"6110",610.9,"Simu1","NIT",50,"cliver",0.0781660255417737
"6111",611,"Simu1","NIT",50,"cliver",0.073904528213
"6112",611.1,"Simu1","NIT",50,"cliver",0.0698518809992344
"6113",611.2,"Simu1","NIT",50,"cliver",0.066001409539816
"6114",611.3,"Simu1","NIT",50,"cliver",0.0623462050151695
"6115",611.4,"Simu1","NIT",50,"cliver",0.0588792035724546
"6116",611.5,"Simu1","NIT",50,"cliver",0.0555932300233999
"6117",611.6,"Simu1","NIT",50,"cliver",0.0524811401925685
"6118",611.7,"Simu1","NIT",50,"cliver",0.0495356708504276
"6119",611.8,"Simu1","NIT",50,"cliver",0.0467495285716815
"6120",611.9,"Simu1","NIT",50,"cliver",0.0441156371161868
"6121",612,"Simu1","NIT",50,"cliver",0.0425488522075589
"6122",612.1,"Simu1","NIT",50,"cliver",0.246773393330739
"6123",612.2,"Simu1","NIT",50,"cliver",0.3200562794897
"6124",612.3,"Simu1","NIT",50,"cliver",0.340402963067334
"6125",612.4,"Simu1","NIT",50,"cliver",0.350857136679203
"6126",612.5,"Simu1","NIT",50,"cliver",0.357775746292597
"6127",612.6,"Simu1","NIT",50,"cliver",0.362320188441235
"6128",612.7,"Simu1","NIT",50,"cliver",0.364860893012788
"6129",612.8,"Simu1","NIT",50,"cliver",0.365635072246367
"6130",612.9,"Simu1","NIT",50,"cliver",0.364844498123651
"6131",613,"Simu1","NIT",50,"cliver",0.362671731496184
"6132",613.1,"Simu1","NIT",50,"cliver",0.35928321884382
"6133",613.2,"Simu1","NIT",50,"cliver",0.354830843202548
"6134",613.3,"Simu1","NIT",50,"cliver",0.349453188891552
"6135",613.4,"Simu1","NIT",50,"cliver",0.343276489577554
"6136",613.5,"Simu1","NIT",50,"cliver",0.336415678000714
"6137",613.6,"Simu1","NIT",50,"cliver",0.32897518152921
"6138",613.7,"Simu1","NIT",50,"cliver",0.321049747559453
"6139",613.8,"Simu1","NIT",50,"cliver",0.312725253654828
"6140",613.9,"Simu1","NIT",50,"cliver",0.304079433377776
"6141",614,"Simu1","NIT",50,"cliver",0.295182520775311
"6142",614.1,"Simu1","NIT",50,"cliver",0.286097848087572
"6143",614.2,"Simu1","NIT",50,"cliver",0.27688240086866
"6144",614.3,"Simu1","NIT",50,"cliver",0.267587348577773
"6145",614.4,"Simu1","NIT",50,"cliver",0.25825853481677
"6146",614.5,"Simu1","NIT",50,"cliver",0.248936914114067
"6147",614.6,"Simu1","NIT",50,"cliver",0.23965895211712
"6148",614.7,"Simu1","NIT",50,"cliver",0.23045700356637
"6149",614.8,"Simu1","NIT",50,"cliver",0.221359662754185
"6150",614.9,"Simu1","NIT",50,"cliver",0.212392080843182
"6151",615,"Simu1","NIT",50,"cliver",0.20357625466128
"6152",615.1,"Simu1","NIT",50,"cliver",0.194931292902878
"6153",615.2,"Simu1","NIT",50,"cliver",0.186473661086634
"6154",615.3,"Simu1","NIT",50,"cliver",0.178217404907659
"6155",615.4,"Simu1","NIT",50,"cliver",0.170174353309764
"6156",615.5,"Simu1","NIT",50,"cliver",0.162354303632311
"6157",615.6,"Simu1","NIT",50,"cliver",0.154765190930508
"6158",615.7,"Simu1","NIT",50,"cliver",0.147413242660356
"6159",615.8,"Simu1","NIT",50,"cliver",0.140303120252009
"6160",615.9,"Simu1","NIT",50,"cliver",0.133438048248881
"6161",616,"Simu1","NIT",50,"cliver",0.126819934620373
"6162",616.1,"Simu1","NIT",50,"cliver",0.120449481906727
"6163",616.2,"Simu1","NIT",50,"cliver",0.1143262908672
"6164",616.3,"Simu1","NIT",50,"cliver",0.108448957757707
"6165",616.4,"Simu1","NIT",50,"cliver",0.102815167225951
"6166",616.5,"Simu1","NIT",50,"cliver",0.0974217808119285
"6167",616.6,"Simu1","NIT",50,"cliver",0.0922649221570337
"6168",616.7,"Simu1","NIT",50,"cliver",0.0873400583607568
"6169",616.8,"Simu1","NIT",50,"cliver",0.0826420802836016
"6170",616.9,"Simu1","NIT",50,"cliver",0.0781653775969005
"6171",617,"Simu1","NIT",50,"cliver",0.0739039161856109
"6172",617.1,"Simu1","NIT",50,"cliver",0.0698513021011374
"6173",617.2,"Simu1","NIT",50,"cliver",0.0660008742187174
"6174",617.3,"Simu1","NIT",50,"cliver",0.0623457274775142
"6175",617.4,"Simu1","NIT",50,"cliver",0.0588788049591093
"6176",617.5,"Simu1","NIT",50,"cliver",0.0555928876780627
"6177",617.6,"Simu1","NIT",50,"cliver",0.0524807258047902
"6178",617.7,"Simu1","NIT",50,"cliver",0.0495352092884038
"6179",617.8,"Simu1","NIT",50,"cliver",0.0467491439501599
"6180",617.9,"Simu1","NIT",50,"cliver",0.0441153105848265
"6181",618,"Simu1","NIT",50,"cliver",0.0425485401653536
"6182",618.1,"Simu1","NIT",50,"cliver",0.246773140339813
"6183",618.2,"Simu1","NIT",50,"cliver",0.320056053208811
"6184",618.3,"Simu1","NIT",50,"cliver",0.340402779066689
"6185",618.4,"Simu1","NIT",50,"cliver",0.350856970877779
"6186",618.5,"Simu1","NIT",50,"cliver",0.357775905765095
"6187",618.6,"Simu1","NIT",50,"cliver",0.362320070038955
"6188",618.7,"Simu1","NIT",50,"cliver",0.364860747513395
"6189",618.8,"Simu1","NIT",50,"cliver",0.36563482750564
"6190",618.9,"Simu1","NIT",50,"cliver",0.364844323084295
"6191",619,"Simu1","NIT",50,"cliver",0.362671573514988
"6192",619.1,"Simu1","NIT",50,"cliver",0.359283020618203
"6193",619.2,"Simu1","NIT",50,"cliver",0.354830631541338
"6194",619.3,"Simu1","NIT",50,"cliver",0.349452956554071
"6195",619.4,"Simu1","NIT",50,"cliver",0.343276275535509
"6196",619.5,"Simu1","NIT",50,"cliver",0.336415499824188
"6197",619.6,"Simu1","NIT",50,"cliver",0.32897501961226
"6198",619.7,"Simu1","NIT",50,"cliver",0.321049587063665
"6199",619.8,"Simu1","NIT",50,"cliver",0.312725097302404
"6200",619.9,"Simu1","NIT",50,"cliver",0.304079293250252
"6201",620,"Simu1","NIT",50,"cliver",0.295182404088601
"6202",620.1,"Simu1","NIT",50,"cliver",0.286097744027595
"6203",620.2,"Simu1","NIT",50,"cliver",0.276882299214115
"6204",620.3,"Simu1","NIT",50,"cliver",0.267587251297627
"6205",620.4,"Simu1","NIT",50,"cliver",0.258258446564836
"6206",620.5,"Simu1","NIT",50,"cliver",0.24893683510204
"6207",620.6,"Simu1","NIT",50,"cliver",0.239658878542548
"6208",620.7,"Simu1","NIT",50,"cliver",0.230456934681664
"6209",620.8,"Simu1","NIT",50,"cliver",0.221359598693308
"6210",620.9,"Simu1","NIT",50,"cliver",0.212392022532875
"6211",621,"Simu1","NIT",50,"cliver",0.203576201098202
"6212",621.1,"Simu1","NIT",50,"cliver",0.194931243467397
"6213",621.2,"Simu1","NIT",50,"cliver",0.186473615979275
"6214",621.3,"Simu1","NIT",50,"cliver",0.17821736194415
"6215",621.4,"Simu1","NIT",50,"cliver",0.170174317896274
"6216",621.5,"Simu1","NIT",50,"cliver",0.162354258748938
"6217",621.6,"Simu1","NIT",50,"cliver",0.154765111818958
"6218",621.7,"Simu1","NIT",50,"cliver",0.147413180209198
"6219",621.8,"Simu1","NIT",50,"cliver",0.140303112001881
"6220",621.9,"Simu1","NIT",50,"cliver",0.133438037581067
"6221",622,"Simu1","NIT",50,"cliver",0.126819889995017
"6222",622.1,"Simu1","NIT",50,"cliver",0.120449438090262
"6223",622.2,"Simu1","NIT",50,"cliver",0.114326281384844
"6224",622.3,"Simu1","NIT",50,"cliver",0.108448943262593
"6225",622.4,"Simu1","NIT",50,"cliver",0.102815150578481
"6226",622.5,"Simu1","NIT",50,"cliver",0.097421737539034
"6227",622.6,"Simu1","NIT",50,"cliver",0.0922649432808646
"6228",622.7,"Simu1","NIT",50,"cliver",0.0873399226833385
"6229",622.8,"Simu1","NIT",50,"cliver",0.0826420166393945
"6230",622.9,"Simu1","NIT",50,"cliver",0.0781653097481745
"6231",623,"Simu1","NIT",50,"cliver",0.0739038595709392
"6232",623.1,"Simu1","NIT",50,"cliver",0.069851226656238
"6233",623.2,"Simu1","NIT",50,"cliver",0.0660007790742275
"6234",623.3,"Simu1","NIT",50,"cliver",0.0623456349441032
"6235",623.4,"Simu1","NIT",50,"cliver",0.0588787132369456
"6236",623.5,"Simu1","NIT",50,"cliver",0.0555928169973103
"6237",623.6,"Simu1","NIT",50,"cliver",0.0524807435057804
"6238",623.7,"Simu1","NIT",50,"cliver",0.0495352387179689
"6239",623.8,"Simu1","NIT",50,"cliver",0.0467491174305128
"6240",623.9,"Simu1","NIT",50,"cliver",0.0441152997521153
"6241",624,"Simu1","NIT",50,"cliver",0.0425485237958345
"6242",624.1,"Simu1","NIT",50,"cliver",0.246773054707328
"6243",624.2,"Simu1","NIT",50,"cliver",0.320055978630457
"6244",624.3,"Simu1","NIT",50,"cliver",0.340402816590803
"6245",624.4,"Simu1","NIT",50,"cliver",0.350856613288231
"6246",624.5,"Simu1","NIT",50,"cliver",0.357775594716814
"6247",624.6,"Simu1","NIT",50,"cliver",0.362319652365734
"6248",624.7,"Simu1","NIT",50,"cliver",0.364860227017388
"6249",624.8,"Simu1","NIT",50,"cliver",0.36563427042519
"6250",624.9,"Simu1","NIT",50,"cliver",0.36484384974411
"6251",625,"Simu1","NIT",50,"cliver",0.362671199773746
"6252",625.1,"Simu1","NIT",50,"cliver",0.359282643573916
"6253",625.2,"Simu1","NIT",50,"cliver",0.354830291238573
"6254",625.3,"Simu1","NIT",50,"cliver",0.349452700360376
"6255",625.4,"Simu1","NIT",50,"cliver",0.343276097128685
"6256",625.5,"Simu1","NIT",50,"cliver",0.336415343111877
"6257",625.6,"Simu1","NIT",50,"cliver",0.328974834507125
"6258",625.7,"Simu1","NIT",50,"cliver",0.32104939134955
"6259",625.8,"Simu1","NIT",50,"cliver",0.3127249309771
"6260",625.9,"Simu1","NIT",50,"cliver",0.304079153156949
"6261",626,"Simu1","NIT",50,"cliver",0.295182264642924
"6262",626.1,"Simu1","NIT",50,"cliver",0.286097595606512
"6263",626.2,"Simu1","NIT",50,"cliver",0.276882155161401
"6264",626.3,"Simu1","NIT",50,"cliver",0.267587093851304
"6265",626.4,"Simu1","NIT",50,"cliver",0.258258318675846
"6266",626.5,"Simu1","NIT",50,"cliver",0.248936727720913
"6267",626.6,"Simu1","NIT",50,"cliver",0.239658751514786
"6268",626.7,"Simu1","NIT",50,"cliver",0.230456810556263
"6269",626.8,"Simu1","NIT",50,"cliver",0.221359491365577
"6270",626.9,"Simu1","NIT",50,"cliver",0.21239191925696
"6271",627,"Simu1","NIT",50,"cliver",0.203576099219724
"6272",627.1,"Simu1","NIT",50,"cliver",0.194931144993126
"6273",627.2,"Simu1","NIT",50,"cliver",0.186473491886893
"6274",627.3,"Simu1","NIT",50,"cliver",0.178217261686181
"6275",627.4,"Simu1","NIT",50,"cliver",0.170174242495963
"6276",627.5,"Simu1","NIT",50,"cliver",0.162354214318763
"6277",627.6,"Simu1","NIT",50,"cliver",0.154765109305271
"6278",627.7,"Simu1","NIT",50,"cliver",0.147413192402314
"6279",627.8,"Simu1","NIT",50,"cliver",0.140303108887815
"6280",627.9,"Simu1","NIT",50,"cliver",0.133438034806444
"6281",628,"Simu1","NIT",50,"cliver",0.126819952372384
"6282",628.1,"Simu1","NIT",50,"cliver",0.120449505294197
"6283",628.2,"Simu1","NIT",50,"cliver",0.114326341647456
"6284",628.3,"Simu1","NIT",50,"cliver",0.108448910322176
"6285",628.4,"Simu1","NIT",50,"cliver",0.102815097439915
"6286",628.5,"Simu1","NIT",50,"cliver",0.0974218741167304
"6287",628.6,"Simu1","NIT",50,"cliver",0.0922649087273536
"6288",628.7,"Simu1","NIT",50,"cliver",0.0873400140640767
"6289",628.8,"Simu1","NIT",50,"cliver",0.0826421053445106
"6290",628.9,"Simu1","NIT",50,"cliver",0.0781652157711049
"6291",629,"Simu1","NIT",50,"cliver",0.0739038558687597
"6292",629.1,"Simu1","NIT",50,"cliver",0.0698512451804591
"6293",629.2,"Simu1","NIT",50,"cliver",0.0660007954342142
"6294",629.3,"Simu1","NIT",50,"cliver",0.0623456220340034
"6295",629.4,"Simu1","NIT",50,"cliver",0.0588786667694506
"6296",629.5,"Simu1","NIT",50,"cliver",0.0555927741709483
"6297",629.6,"Simu1","NIT",50,"cliver",0.0524807066510081
"6298",629.7,"Simu1","NIT",50,"cliver",0.0495352128132264
"6299",629.8,"Simu1","NIT",50,"cliver",0.0467491204588276
"6300",629.9,"Simu1","NIT",50,"cliver",0.0441152877388853
"6301",630,"Simu1","NIT",50,"cliver",0.0425485324132452
"6302",630.1,"Simu1","NIT",50,"cliver",0.246772558106564
"6303",630.2,"Simu1","NIT",50,"cliver",0.320055413888379
"6304",630.3,"Simu1","NIT",50,"cliver",0.340402626234527
"6305",630.4,"Simu1","NIT",50,"cliver",0.350856947440879
"6306",630.5,"Simu1","NIT",50,"cliver",0.357775872908149
"6307",630.6,"Simu1","NIT",50,"cliver",0.362320023490357
"6308",630.7,"Simu1","NIT",50,"cliver",0.364860705363878
"6309",630.8,"Simu1","NIT",50,"cliver",0.365634791063356
"6310",630.9,"Simu1","NIT",50,"cliver",0.364844293731616
"6311",631,"Simu1","NIT",50,"cliver",0.362671524172297
"6312",631.1,"Simu1","NIT",50,"cliver",0.359282973743446
"6313",631.2,"Simu1","NIT",50,"cliver",0.354830579772443
"6314",631.3,"Simu1","NIT",50,"cliver",0.349452902190759
"6315",631.4,"Simu1","NIT",50,"cliver",0.343276229841044
"6316",631.5,"Simu1","NIT",50,"cliver",0.336415458961999
"6317",631.6,"Simu1","NIT",50,"cliver",0.328974976484303
"6318",631.7,"Simu1","NIT",50,"cliver",0.321049546426617
"6319",631.8,"Simu1","NIT",50,"cliver",0.312725061452147
"6320",631.9,"Simu1","NIT",50,"cliver",0.304079265718542
"6321",632,"Simu1","NIT",50,"cliver",0.295182381060691
"6322",632.1,"Simu1","NIT",50,"cliver",0.286097719326187
"6323",632.2,"Simu1","NIT",50,"cliver",0.276882273839127
"6324",632.3,"Simu1","NIT",50,"cliver",0.267587225934734
"6325",632.4,"Simu1","NIT",50,"cliver",0.258258422451049
"6326",632.5,"Simu1","NIT",50,"cliver",0.248936812183361
"6327",632.6,"Simu1","NIT",50,"cliver",0.239658855556715
"6328",632.7,"Simu1","NIT",50,"cliver",0.230456916307267
"6329",632.8,"Simu1","NIT",50,"cliver",0.221359575115286
"6330",632.9,"Simu1","NIT",50,"cliver",0.212392000637211
"6331",633,"Simu1","NIT",50,"cliver",0.203576184205972
"6332",633.1,"Simu1","NIT",50,"cliver",0.194931226844373
"6333",633.2,"Simu1","NIT",50,"cliver",0.186473596561022
"6334",633.3,"Simu1","NIT",50,"cliver",0.178217358123472
"6335",633.4,"Simu1","NIT",50,"cliver",0.170174332221763
"6336",633.5,"Simu1","NIT",50,"cliver",0.162354304667812
"6337",633.6,"Simu1","NIT",50,"cliver",0.154765214040713
"6338",633.7,"Simu1","NIT",50,"cliver",0.147413290965449
"6339",633.8,"Simu1","NIT",50,"cliver",0.140303191749957
"6340",633.9,"Simu1","NIT",50,"cliver",0.133438139028931
"6341",634,"Simu1","NIT",50,"cliver",0.12682003686723
"6342",634.1,"Simu1","NIT",50,"cliver",0.120449590317493
"6343",634.2,"Simu1","NIT",50,"cliver",0.114326404969481
"6344",634.3,"Simu1","NIT",50,"cliver",0.108449079274722
"6345",634.4,"Simu1","NIT",50,"cliver",0.102815291149296
"6346",634.5,"Simu1","NIT",50,"cliver",0.0974219052304143
"6347",634.6,"Simu1","NIT",50,"cliver",0.0922650446714631
"6348",634.7,"Simu1","NIT",50,"cliver",0.087340182781882
"6349",634.8,"Simu1","NIT",50,"cliver",0.0826422071242378
"6350",634.9,"Simu1","NIT",50,"cliver",0.0781654977402419
"6351",635,"Simu1","NIT",50,"cliver",0.0739040227374962
"6352",635.1,"Simu1","NIT",50,"cliver",0.0698514100530665
"6353",635.2,"Simu1","NIT",50,"cliver",0.0660009819202289
"6354",635.3,"Simu1","NIT",50,"cliver",0.0623458422454938
"6355",635.4,"Simu1","NIT",50,"cliver",0.0588788706180952
"6356",635.5,"Simu1","NIT",50,"cliver",0.0555929022630412
"6357",635.6,"Simu1","NIT",50,"cliver",0.0524808077064279
"6358",635.7,"Simu1","NIT",50,"cliver",0.049535323349394
"6359",635.8,"Simu1","NIT",50,"cliver",0.0467492032447021
"6360",635.9,"Simu1","NIT",50,"cliver",0.044115351827513
"6361",636,"Simu1","NIT",50,"cliver",0.0425485747353837
"6362",636.1,"Simu1","NIT",50,"cliver",0.246773151468612
"6363",636.2,"Simu1","NIT",50,"cliver",0.320056027298888
"6364",636.3,"Simu1","NIT",50,"cliver",0.340402882022817
"6365",636.4,"Simu1","NIT",50,"cliver",0.350857187220028
"6366",636.5,"Simu1","NIT",50,"cliver",0.357775400778473
"6367",636.6,"Simu1","NIT",50,"cliver",0.362320035749712
"6368",636.7,"Simu1","NIT",50,"cliver",0.364860673924545
"6369",636.8,"Simu1","NIT",50,"cliver",0.365634850727191
"6370",636.9,"Simu1","NIT",50,"cliver",0.364844291924291
"6371",637,"Simu1","NIT",50,"cliver",0.362671547643617
"6372",637.1,"Simu1","NIT",50,"cliver",0.359283011813008
"6373",637.2,"Simu1","NIT",50,"cliver",0.354830625646079
"6374",637.3,"Simu1","NIT",50,"cliver",0.349452948855827
"6375",637.4,"Simu1","NIT",50,"cliver",0.343276265362526
"6376",637.5,"Simu1","NIT",50,"cliver",0.336415483712579
"6377",637.6,"Simu1","NIT",50,"cliver",0.328975000185486
"6378",637.7,"Simu1","NIT",50,"cliver",0.321049565730216
"6379",637.8,"Simu1","NIT",50,"cliver",0.312725080355315
"6380",637.9,"Simu1","NIT",50,"cliver",0.30407927265948
"6381",638,"Simu1","NIT",50,"cliver",0.295182377441668
"6382",638.1,"Simu1","NIT",50,"cliver",0.286097717702947
"6383",638.2,"Simu1","NIT",50,"cliver",0.276882273861544
"6384",638.3,"Simu1","NIT",50,"cliver",0.2675872252039
"6385",638.4,"Simu1","NIT",50,"cliver",0.258258418722598
"6386",638.5,"Simu1","NIT",50,"cliver",0.248936805212898
"6387",638.6,"Simu1","NIT",50,"cliver",0.239658848979325
"6388",638.7,"Simu1","NIT",50,"cliver",0.230456904727117
"6389",638.8,"Simu1","NIT",50,"cliver",0.221359569288163
"6390",638.9,"Simu1","NIT",50,"cliver",0.212391992130212
"6391",639,"Simu1","NIT",50,"cliver",0.203576171299587
"6392",639.1,"Simu1","NIT",50,"cliver",0.19493121342263
"6393",639.2,"Simu1","NIT",50,"cliver",0.186473586558057
"6394",639.3,"Simu1","NIT",50,"cliver",0.178217333694732
"6395",639.4,"Simu1","NIT",50,"cliver",0.170174278652661
"6396",639.5,"Simu1","NIT",50,"cliver",0.162354212425662
"6397",639.6,"Simu1","NIT",50,"cliver",0.154765083737029
"6398",639.7,"Simu1","NIT",50,"cliver",0.147413145858634
"6399",639.8,"Simu1","NIT",50,"cliver",0.140303062819689
"6400",639.9,"Simu1","NIT",50,"cliver",0.133438002349321
"6401",640,"Simu1","NIT",50,"cliver",0.126819865257326
"6402",640.1,"Simu1","NIT",50,"cliver",0.120449412091586
"6403",640.2,"Simu1","NIT",50,"cliver",0.11432624391854
"6404",640.3,"Simu1","NIT",50,"cliver",0.108448920026068
"6405",640.4,"Simu1","NIT",50,"cliver",0.102815117352148
"6406",640.5,"Simu1","NIT",50,"cliver",0.0974217322721409
"6407",640.6,"Simu1","NIT",50,"cliver",0.0922648820200529
"6408",640.7,"Simu1","NIT",50,"cliver",0.0873400264486992
"6409",640.8,"Simu1","NIT",50,"cliver",0.0826419767155612
"6410",640.9,"Simu1","NIT",50,"cliver",0.0781652946225038
"6411",641,"Simu1","NIT",50,"cliver",0.0739038442252521
"6412",641.1,"Simu1","NIT",50,"cliver",0.0698512202253431
"6413",641.2,"Simu1","NIT",50,"cliver",0.0660007645169188
"6414",641.3,"Simu1","NIT",50,"cliver",0.0623456012923022
"6415",641.4,"Simu1","NIT",50,"cliver",0.0588786721909145
"6416",641.5,"Simu1","NIT",50,"cliver",0.0555927995689323
"6417",641.6,"Simu1","NIT",50,"cliver",0.0524807145712892
"6418",641.7,"Simu1","NIT",50,"cliver",0.0495352398329939
"6419",641.8,"Simu1","NIT",50,"cliver",0.0467490973734717
"6420",641.9,"Simu1","NIT",50,"cliver",0.0441153135728885
"6421",642,"Simu1","NIT",50,"cliver",0.0425485072224373
"6422",642.1,"Simu1","NIT",50,"cliver",0.246773166441036
"6423",642.2,"Simu1","NIT",50,"cliver",0.320055260178802
"6424",642.3,"Simu1","NIT",50,"cliver",0.340402908429314
"6425",642.4,"Simu1","NIT",50,"cliver",0.350856793483677
"6426",642.5,"Simu1","NIT",50,"cliver",0.357775561555825
"6427",642.6,"Simu1","NIT",50,"cliver",0.362320370389227
"6428",642.7,"Simu1","NIT",50,"cliver",0.364860958201242
"6429",642.8,"Simu1","NIT",50,"cliver",0.365635107820005
"6430",642.9,"Simu1","NIT",50,"cliver",0.364844585976766
"6431",643,"Simu1","NIT",50,"cliver",0.362671818723472
"6432",643.1,"Simu1","NIT",50,"cliver",0.359283267544253
"6433",643.2,"Simu1","NIT",50,"cliver",0.354830851889964
"6434",643.3,"Simu1","NIT",50,"cliver",0.349453182219132
"6435",643.4,"Simu1","NIT",50,"cliver",0.343276529725485
"6436",643.5,"Simu1","NIT",50,"cliver",0.336415763544367
"6437",643.6,"Simu1","NIT",50,"cliver",0.328975274121504
"6438",643.7,"Simu1","NIT",50,"cliver",0.32104982883704
"6439",643.8,"Simu1","NIT",50,"cliver",0.312725336679044
"6440",643.9,"Simu1","NIT",50,"cliver",0.304079535524651
"6441",644,"Simu1","NIT",50,"cliver",0.295182641794814
"6442",644.1,"Simu1","NIT",50,"cliver",0.286097973715195
"6443",644.2,"Simu1","NIT",50,"cliver",0.276882524319298
"6444",644.3,"Simu1","NIT",50,"cliver",0.267587475219138
"6445",644.4,"Simu1","NIT",50,"cliver",0.258258668767758
"6446",644.5,"Simu1","NIT",50,"cliver",0.248937052120015
"6447",644.6,"Simu1","NIT",50,"cliver",0.239659089947127
"6448",644.7,"Simu1","NIT",50,"cliver",0.230457140810004
"6449",644.8,"Simu1","NIT",50,"cliver",0.221359800567046
"6450",644.9,"Simu1","NIT",50,"cliver",0.212392218974608
"6451",645,"Simu1","NIT",50,"cliver",0.203576391799523
"6452",645.1,"Simu1","NIT",50,"cliver",0.194931428202174
"6453",645.2,"Simu1","NIT",50,"cliver",0.186473794398971
"6454",645.3,"Simu1","NIT",50,"cliver",0.178217536129452
"6455",645.4,"Simu1","NIT",50,"cliver",0.170174482084063
"6456",645.5,"Simu1","NIT",50,"cliver",0.162354429661797
"6457",645.6,"Simu1","NIT",50,"cliver",0.154765314209232
"6458",645.7,"Simu1","NIT",50,"cliver",0.147413362877045
"6459",645.8,"Simu1","NIT",50,"cliver",0.140303236829999
"6460",645.9,"Simu1","NIT",50,"cliver",0.1334381610652
"6461",646,"Simu1","NIT",50,"cliver",0.126820043874887
"6462",646.1,"Simu1","NIT",50,"cliver",0.120449587623873
"6463",646.2,"Simu1","NIT",50,"cliver",0.114326392818528
"6464",646.3,"Simu1","NIT",50,"cliver",0.108449055842831
"6465",646.4,"Simu1","NIT",50,"cliver",0.102815261574035
"6466",646.5,"Simu1","NIT",50,"cliver",0.0974218714704463
"6467",646.6,"Simu1","NIT",50,"cliver",0.092265009110844
"6468",646.7,"Simu1","NIT",50,"cliver",0.0873401415420562
"6469",646.8,"Simu1","NIT",50,"cliver",0.0826421599228008
"6470",646.9,"Simu1","NIT",50,"cliver",0.078165453501933
"6471",647,"Simu1","NIT",50,"cliver",0.0739039889985655
"6472",647.1,"Simu1","NIT",50,"cliver",0.0698513576944391
"6473",647.2,"Simu1","NIT",50,"cliver",0.0660008866257403
"6474",647.3,"Simu1","NIT",50,"cliver",0.0623456708461271
"6475",647.4,"Simu1","NIT",50,"cliver",0.0588787012461434
"6476",647.5,"Simu1","NIT",50,"cliver",0.0555928244574201
"6477",647.6,"Simu1","NIT",50,"cliver",0.0524807449053329
"6478",647.7,"Simu1","NIT",50,"cliver",0.0495352167922653
"6479",647.8,"Simu1","NIT",50,"cliver",0.0467491020260059
"6480",647.9,"Simu1","NIT",50,"cliver",0.0441152870628561
"6481",648,"Simu1","NIT",50,"cliver",0.0425485173958623
"6482",648.1,"Simu1","NIT",50,"cliver",0.246772994434656
"6483",648.2,"Simu1","NIT",50,"cliver",0.320055363062004
"6484",648.3,"Simu1","NIT",50,"cliver",0.340403272896507
"6485",648.4,"Simu1","NIT",50,"cliver",0.350857009562773
"6486",648.5,"Simu1","NIT",50,"cliver",0.357776370361864
"6487",648.6,"Simu1","NIT",50,"cliver",0.362320534635986
"6488",648.7,"Simu1","NIT",50,"cliver",0.364861203030775
"6489",648.8,"Simu1","NIT",50,"cliver",0.365635345982005
"6490",648.9,"Simu1","NIT",50,"cliver",0.364844821632537
"6491",649,"Simu1","NIT",50,"cliver",0.362672103421754
"6492",649.1,"Simu1","NIT",50,"cliver",0.35928357500076
"6493",649.2,"Simu1","NIT",50,"cliver",0.354831208535821
"6494",649.3,"Simu1","NIT",50,"cliver",0.349453546124909
"6495",649.4,"Simu1","NIT",50,"cliver",0.343276849212437
"6496",649.5,"Simu1","NIT",50,"cliver",0.336416054186693
"6497",649.6,"Simu1","NIT",50,"cliver",0.328975567373831
"6498",649.7,"Simu1","NIT",50,"cliver",0.321050132640956
"6499",649.8,"Simu1","NIT",50,"cliver",0.312725632642779
"6500",649.9,"Simu1","NIT",50,"cliver",0.304079809095185
"6501",650,"Simu1","NIT",50,"cliver",0.295182899059297
"6502",650.1,"Simu1","NIT",50,"cliver",0.286098226593053
"6503",650.2,"Simu1","NIT",50,"cliver",0.276882773233601
"6504",650.3,"Simu1","NIT",50,"cliver",0.267587713382589
"6505",650.4,"Simu1","NIT",50,"cliver",0.258258894206601
"6506",650.5,"Simu1","NIT",50,"cliver",0.248937268300124
"6507",650.6,"Simu1","NIT",50,"cliver",0.239659299101764
"6508",650.7,"Simu1","NIT",50,"cliver",0.230457341953557
"6509",650.8,"Simu1","NIT",50,"cliver",0.221359992549117
"6510",650.9,"Simu1","NIT",50,"cliver",0.212392402245015
"6511",651,"Simu1","NIT",50,"cliver",0.203576567287063
"6512",651.1,"Simu1","NIT",50,"cliver",0.194931596182256
"6513",651.2,"Simu1","NIT",50,"cliver",0.186473954771289
"6514",651.3,"Simu1","NIT",50,"cliver",0.178217689011938
"6515",651.4,"Simu1","NIT",50,"cliver",0.170174627800887
"6516",651.5,"Simu1","NIT",50,"cliver",0.162354568412946
"6517",651.6,"Simu1","NIT",50,"cliver",0.154765445944795
"6518",651.7,"Simu1","NIT",50,"cliver",0.14741348811616
"6519",651.8,"Simu1","NIT",50,"cliver",0.140303356059345
"6520",651.9,"Simu1","NIT",50,"cliver",0.133438274398696
"6521",652,"Simu1","NIT",50,"cliver",0.126820151251288
"6522",652.1,"Simu1","NIT",50,"cliver",0.120449689299215
"6523",652.2,"Simu1","NIT",50,"cliver",0.114326489152198
"6524",652.3,"Simu1","NIT",50,"cliver",0.108449147085253
"6525",652.4,"Simu1","NIT",50,"cliver",0.10281534774535
"6526",652.5,"Simu1","NIT",50,"cliver",0.0974219529049281
"6527",652.6,"Simu1","NIT",50,"cliver",0.0922650858572072
"6528",652.7,"Simu1","NIT",50,"cliver",0.0873402142639728
"6529",652.8,"Simu1","NIT",50,"cliver",0.0826422278795464
"6530",652.9,"Simu1","NIT",50,"cliver",0.0781655187869411
"6531",653,"Simu1","NIT",50,"cliver",0.0739040476330777
"6532",653.1,"Simu1","NIT",50,"cliver",0.0698514332757102
"6533",653.2,"Simu1","NIT",50,"cliver",0.0660009980278234
"6534",653.3,"Simu1","NIT",50,"cliver",0.0623458462699396
"6535",653.4,"Simu1","NIT",50,"cliver",0.0588788381497056
"6536",653.5,"Simu1","NIT",50,"cliver",0.055592824058612
"6537",653.6,"Simu1","NIT",50,"cliver",0.0524807160388401
"6538",653.7,"Simu1","NIT",50,"cliver",0.0495352715759339
"6539",653.8,"Simu1","NIT",50,"cliver",0.0467491758453969
"6540",653.9,"Simu1","NIT",50,"cliver",0.0441153174493489
"6541",654,"Simu1","NIT",50,"cliver",0.0425485479859102
"6542",654.1,"Simu1","NIT",50,"cliver",0.246773121835978
"6543",654.2,"Simu1","NIT",50,"cliver",0.320055222940198
"6544",654.3,"Simu1","NIT",50,"cliver",0.340403049853055
"6545",654.4,"Simu1","NIT",50,"cliver",0.350856544467543
"6546",654.5,"Simu1","NIT",50,"cliver",0.357775927396787
"6547",654.6,"Simu1","NIT",50,"cliver",0.362320165493721
"6548",654.7,"Simu1","NIT",50,"cliver",0.364860836130358
"6549",654.8,"Simu1","NIT",50,"cliver",0.36563480873037
"6550",654.9,"Simu1","NIT",50,"cliver",0.364844336668921
"6551",655,"Simu1","NIT",50,"cliver",0.36267163566222
"6552",655.1,"Simu1","NIT",50,"cliver",0.359283060945166
"6553",655.2,"Simu1","NIT",50,"cliver",0.35483070589294
"6554",655.3,"Simu1","NIT",50,"cliver",0.349453104389786
"6555",655.4,"Simu1","NIT",50,"cliver",0.343276490969229
"6556",655.5,"Simu1","NIT",50,"cliver",0.336415713665963
"6557",655.6,"Simu1","NIT",50,"cliver",0.328975190214869
"6558",655.7,"Simu1","NIT",50,"cliver",0.321049729033344
"6559",655.8,"Simu1","NIT",50,"cliver",0.312725271332676
"6560",655.9,"Simu1","NIT",50,"cliver",0.304079466334817
"6561",656,"Simu1","NIT",50,"cliver",0.295182555136698
"6562",656.1,"Simu1","NIT",50,"cliver",0.286097902643849
"6563",656.2,"Simu1","NIT",50,"cliver",0.27688247165441
"6564",656.3,"Simu1","NIT",50,"cliver",0.267587431401105
"6565",656.4,"Simu1","NIT",50,"cliver",0.258258618577041
"6566",656.5,"Simu1","NIT",50,"cliver",0.248936999116904
"6567",656.6,"Simu1","NIT",50,"cliver",0.23965904122116
"6568",656.7,"Simu1","NIT",50,"cliver",0.23045709729071
"6569",656.8,"Simu1","NIT",50,"cliver",0.221359756530701
"6570",656.9,"Simu1","NIT",50,"cliver",0.212392174808066
"6571",657,"Simu1","NIT",50,"cliver",0.203576350672532
"6572",657.1,"Simu1","NIT",50,"cliver",0.194931387356668
"6573",657.2,"Simu1","NIT",50,"cliver",0.186473753001877
"6574",657.3,"Simu1","NIT",50,"cliver",0.178217495918585
"6575",657.4,"Simu1","NIT",50,"cliver",0.170174443358816
"6576",657.5,"Simu1","NIT",50,"cliver",0.162354391252185
"6577",657.6,"Simu1","NIT",50,"cliver",0.154765275542219
"6578",657.7,"Simu1","NIT",50,"cliver",0.147413324794271
"6579",657.8,"Simu1","NIT",50,"cliver",0.140303200531563
"6580",657.9,"Simu1","NIT",50,"cliver",0.133438125077983
"6581",658,"Simu1","NIT",50,"cliver",0.126820010277566
"6582",658.1,"Simu1","NIT",50,"cliver",0.120449550782429
"6583",658.2,"Simu1","NIT",50,"cliver",0.114326367118066
"6584",658.3,"Simu1","NIT",50,"cliver",0.108449007225681
"6585",658.4,"Simu1","NIT",50,"cliver",0.102815276179396
"6586",658.5,"Simu1","NIT",50,"cliver",0.0974218805985155
"6587",658.6,"Simu1","NIT",50,"cliver",0.0922650217640928
"6588",658.7,"Simu1","NIT",50,"cliver",0.0873401041626146
"6589",658.8,"Simu1","NIT",50,"cliver",0.0826420886099086
"6590",658.9,"Simu1","NIT",50,"cliver",0.0781653609008338
"6591",659,"Simu1","NIT",50,"cliver",0.0739039060898764
"6592",659.1,"Simu1","NIT",50,"cliver",0.0698513462106684
"6593",659.2,"Simu1","NIT",50,"cliver",0.0660009430841041
"6594",659.3,"Simu1","NIT",50,"cliver",0.0623458088303509
"6595",659.4,"Simu1","NIT",50,"cliver",0.058878823187639
"6596",659.5,"Simu1","NIT",50,"cliver",0.0555929570654035
"6597",659.6,"Simu1","NIT",50,"cliver",0.0524807399837467
"6598",659.7,"Simu1","NIT",50,"cliver",0.04953524202775
"6599",659.8,"Simu1","NIT",50,"cliver",0.0467490994914451
"6600",659.9,"Simu1","NIT",50,"cliver",0.0441152961217412
"6601",660,"Simu1","NIT",50,"cliver",0.0425485486762226
"6602",660.1,"Simu1","NIT",50,"cliver",0.24677304213986
"6603",660.2,"Simu1","NIT",50,"cliver",0.320055053629161
"6604",660.3,"Simu1","NIT",50,"cliver",0.340402981546735
"6605",660.4,"Simu1","NIT",50,"cliver",0.350856780166412
"6606",660.5,"Simu1","NIT",50,"cliver",0.357775461845376
"6607",660.6,"Simu1","NIT",50,"cliver",0.362319910676745
"6608",660.7,"Simu1","NIT",50,"cliver",0.364860641265805
"6609",660.8,"Simu1","NIT",50,"cliver",0.365634836265185
"6610",660.9,"Simu1","NIT",50,"cliver",0.364844276870413
"6611",661,"Simu1","NIT",50,"cliver",0.362671519005902
"6612",661.1,"Simu1","NIT",50,"cliver",0.359283019303483
"6613",661.2,"Simu1","NIT",50,"cliver",0.354830655123887
"6614",661.3,"Simu1","NIT",50,"cliver",0.349453012927364
"6615",661.4,"Simu1","NIT",50,"cliver",0.343276323546738
"6616",661.5,"Simu1","NIT",50,"cliver",0.336415520640633
"6617",661.6,"Simu1","NIT",50,"cliver",0.328975032173352
"6618",661.7,"Simu1","NIT",50,"cliver",0.321049606692736
"6619",661.8,"Simu1","NIT",50,"cliver",0.312725121225042
"6620",661.9,"Simu1","NIT",50,"cliver",0.304079308648715
"6621",662,"Simu1","NIT",50,"cliver",0.295182402741004
"6622",662.1,"Simu1","NIT",50,"cliver",0.286097736307245
"6623",662.2,"Simu1","NIT",50,"cliver",0.276882295423982
"6624",662.3,"Simu1","NIT",50,"cliver",0.26758724933608
"6625",662.4,"Simu1","NIT",50,"cliver",0.258258441262816
"6626",662.5,"Simu1","NIT",50,"cliver",0.248936825780913
"6627",662.6,"Simu1","NIT",50,"cliver",0.239658868793266
"6628",662.7,"Simu1","NIT",50,"cliver",0.230456925105921
"6629",662.8,"Simu1","NIT",50,"cliver",0.221359588909439
"6630",662.9,"Simu1","NIT",50,"cliver",0.212392011314199
"6631",663,"Simu1","NIT",50,"cliver",0.203576189201846
"6632",663.1,"Simu1","NIT",50,"cliver",0.194931231326431
"6633",663.2,"Simu1","NIT",50,"cliver",0.186473603210366
"6634",663.3,"Simu1","NIT",50,"cliver",0.178217350529451
"6635",663.4,"Simu1","NIT",50,"cliver",0.170174302233475
"6636",663.5,"Simu1","NIT",50,"cliver",0.162354255682683
"6637",663.6,"Simu1","NIT",50,"cliver",0.154765145948817
"6638",663.7,"Simu1","NIT",50,"cliver",0.147413200479278
"6639",663.8,"Simu1","NIT",50,"cliver",0.140303080718428
"6640",663.9,"Simu1","NIT",50,"cliver",0.133438011231411
"6641",664,"Simu1","NIT",50,"cliver",0.12681989998584
"6642",664.1,"Simu1","NIT",50,"cliver",0.120449449511965
"6643",664.2,"Simu1","NIT",50,"cliver",0.114326260582092
"6644",664.3,"Simu1","NIT",50,"cliver",0.108448929467037
"6645",664.4,"Simu1","NIT",50,"cliver",0.102815140821916
"6646",664.5,"Simu1","NIT",50,"cliver",0.0974217561751162
"6647",664.6,"Simu1","NIT",50,"cliver",0.0922648991899986
"6648",664.7,"Simu1","NIT",50,"cliver",0.0873400369462875
"6649",664.8,"Simu1","NIT",50,"cliver",0.0826420603701342
"6650",664.9,"Simu1","NIT",50,"cliver",0.0781653590014419
"6651",665,"Simu1","NIT",50,"cliver",0.0739038990284855
"6652",665.1,"Simu1","NIT",50,"cliver",0.0698512858041127
"6653",665.2,"Simu1","NIT",50,"cliver",0.066000858977047
"6654",665.3,"Simu1","NIT",50,"cliver",0.0623457132431466
"6655",665.4,"Simu1","NIT",50,"cliver",0.0588787931060547
"6656",665.5,"Simu1","NIT",50,"cliver",0.0555928797743808
"6657",665.6,"Simu1","NIT",50,"cliver",0.0524807172654914
"6658",665.7,"Simu1","NIT",50,"cliver",0.0495351980856811
"6659",665.8,"Simu1","NIT",50,"cliver",0.0467491343491305
"6660",665.9,"Simu1","NIT",50,"cliver",0.044115306449326
"6661",666,"Simu1","NIT",50,"cliver",0.0425485455819665
"6662",666.1,"Simu1","NIT",50,"cliver",0.24677307313854
"6663",666.2,"Simu1","NIT",50,"cliver",0.32005550854491
"6664",666.3,"Simu1","NIT",50,"cliver",0.340402889792714
"6665",666.4,"Simu1","NIT",50,"cliver",0.350856686362367
"6666",666.5,"Simu1","NIT",50,"cliver",0.357776045596957
"6667",666.6,"Simu1","NIT",50,"cliver",0.362320264153577
"6668",666.7,"Simu1","NIT",50,"cliver",0.364860882163447
"6669",666.8,"Simu1","NIT",50,"cliver",0.365635049332918
"6670",666.9,"Simu1","NIT",50,"cliver",0.364844475921734
"6671",667,"Simu1","NIT",50,"cliver",0.362671744826482
"6672",667.1,"Simu1","NIT",50,"cliver",0.359283227401597
"6673",667.2,"Simu1","NIT",50,"cliver",0.354830862175553
"6674",667.3,"Simu1","NIT",50,"cliver",0.349453216273654
"6675",667.4,"Simu1","NIT",50,"cliver",0.343276529087714
"6676",667.5,"Simu1","NIT",50,"cliver",0.336415725593572
"6677",667.6,"Simu1","NIT",50,"cliver",0.328975237981383
"6678",667.7,"Simu1","NIT",50,"cliver",0.32104981118917
"6679",667.8,"Simu1","NIT",50,"cliver",0.31272532142344
"6680",667.9,"Simu1","NIT",50,"cliver",0.304079504174634
"6681",668,"Simu1","NIT",50,"cliver",0.295182596426528
"6682",668.1,"Simu1","NIT",50,"cliver",0.286097929038483
"6683",668.2,"Simu1","NIT",50,"cliver",0.27688248469813
"6684",668.3,"Simu1","NIT",50,"cliver",0.2675874333593
"6685",668.4,"Simu1","NIT",50,"cliver",0.25825862081288
"6686",668.5,"Simu1","NIT",50,"cliver",0.248937001791057
"6687",668.6,"Simu1","NIT",50,"cliver",0.239659040703167
"6688",668.7,"Simu1","NIT",50,"cliver",0.23045709198711
"6689",668.8,"Simu1","NIT",50,"cliver",0.221359750654451
"6690",668.9,"Simu1","NIT",50,"cliver",0.212392168255612
"6691",669,"Simu1","NIT",50,"cliver",0.203576341358023
"6692",669.1,"Simu1","NIT",50,"cliver",0.194931378438934
"6693",669.2,"Simu1","NIT",50,"cliver",0.18647374515349
"6694",669.3,"Simu1","NIT",50,"cliver",0.17821748738499
"6695",669.4,"Simu1","NIT",50,"cliver",0.170174434078266
"6696",669.5,"Simu1","NIT",50,"cliver",0.162354382519192
"6697",669.6,"Simu1","NIT",50,"cliver",0.154765267773714
"6698",669.7,"Simu1","NIT",50,"cliver",0.147413317406423
"6699",669.8,"Simu1","NIT",50,"cliver",0.140303192808522
"6700",669.9,"Simu1","NIT",50,"cliver",0.133438118509353
"6701",670,"Simu1","NIT",50,"cliver",0.12682000252014
"6702",670.1,"Simu1","NIT",50,"cliver",0.120449547452104
"6703",670.2,"Simu1","NIT",50,"cliver",0.114326354046582
"6704",670.3,"Simu1","NIT",50,"cliver",0.108449018552255
"6705",670.4,"Simu1","NIT",50,"cliver",0.102815225611316
"6706",670.5,"Simu1","NIT",50,"cliver",0.0974218368474806
"6707",670.6,"Simu1","NIT",50,"cliver",0.0922649758166744
"6708",670.7,"Simu1","NIT",50,"cliver",0.0873401097814887
"6709",670.8,"Simu1","NIT",50,"cliver",0.0826421292667153
"6710",670.9,"Simu1","NIT",50,"cliver",0.0781654246976613
"6711",671,"Simu1","NIT",50,"cliver",0.0739039603114611
"6712",671.1,"Simu1","NIT",50,"cliver",0.0698513460311314
"6713",671.2,"Simu1","NIT",50,"cliver",0.0660009168957683
"6714",671.3,"Simu1","NIT",50,"cliver",0.0623457705580535
"6715",671.4,"Simu1","NIT",50,"cliver",0.0588788423064031
"6716",671.5,"Simu1","NIT",50,"cliver",0.0555929102943894
"6717",671.6,"Simu1","NIT",50,"cliver",0.052480725396227
"6718",671.7,"Simu1","NIT",50,"cliver",0.049535154252401
"6719",671.8,"Simu1","NIT",50,"cliver",0.0467490955822537
"6720",671.9,"Simu1","NIT",50,"cliver",0.0441153338002316
"6721",672,"Simu1","NIT",50,"cliver",0.0425485461725238
"6722",672.1,"Simu1","NIT",50,"cliver",0.246773141069111
"6723",672.2,"Simu1","NIT",50,"cliver",0.320056050725042
"6724",672.3,"Simu1","NIT",50,"cliver",0.340402729555053
"6725",672.4,"Simu1","NIT",50,"cliver",0.350856764217001
"6726",672.5,"Simu1","NIT",50,"cliver",0.357775106844458
"6727",672.6,"Simu1","NIT",50,"cliver",0.362319911614434
"6728",672.7,"Simu1","NIT",50,"cliver",0.364860479491581
"6729",672.8,"Simu1","NIT",50,"cliver",0.365634512957308
"6730",672.9,"Simu1","NIT",50,"cliver",0.364844125864742
"6731",673,"Simu1","NIT",50,"cliver",0.362671385597167
"6732",673.1,"Simu1","NIT",50,"cliver",0.359282818088335
"6733",673.2,"Simu1","NIT",50,"cliver",0.354830465057021
"6734",673.3,"Simu1","NIT",50,"cliver",0.349452852987886
"6735",673.4,"Simu1","NIT",50,"cliver",0.343276232736738
"6736",673.5,"Simu1","NIT",50,"cliver",0.336415440961194
"6737",673.6,"Simu1","NIT",50,"cliver",0.328974921455893
"6738",673.7,"Simu1","NIT",50,"cliver",0.321049491382789
"6739",673.8,"Simu1","NIT",50,"cliver",0.312725034178861
"6740",673.9,"Simu1","NIT",50,"cliver",0.304079251726316
"6741",674,"Simu1","NIT",50,"cliver",0.295182358094749
"6742",674.1,"Simu1","NIT",50,"cliver",0.286097687107647
"6743",674.2,"Simu1","NIT",50,"cliver",0.276882244847883
"6744",674.3,"Simu1","NIT",50,"cliver",0.267587205331415
"6745",674.4,"Simu1","NIT",50,"cliver",0.258258408532134
"6746",674.5,"Simu1","NIT",50,"cliver",0.248936796437558
"6747",674.6,"Simu1","NIT",50,"cliver",0.239658838901157
"6748",674.7,"Simu1","NIT",50,"cliver",0.230456902566072
"6749",674.8,"Simu1","NIT",50,"cliver",0.221359574090978
"6750",674.9,"Simu1","NIT",50,"cliver",0.212391995900074
"6751",675,"Simu1","NIT",50,"cliver",0.203576195093376
"6752",675.1,"Simu1","NIT",50,"cliver",0.194931231551554
"6753",675.2,"Simu1","NIT",50,"cliver",0.186473581840129
"6754",675.3,"Simu1","NIT",50,"cliver",0.178217346693809
"6755",675.4,"Simu1","NIT",50,"cliver",0.17017431655226
"6756",675.5,"Simu1","NIT",50,"cliver",0.162354249807135
"6757",675.6,"Simu1","NIT",50,"cliver",0.154765129210389
"6758",675.7,"Simu1","NIT",50,"cliver",0.147413204810938
"6759",675.8,"Simu1","NIT",50,"cliver",0.140303097702696
"6760",675.9,"Simu1","NIT",50,"cliver",0.133438014217402
"6761",676,"Simu1","NIT",50,"cliver",0.126819897416395
"6762",676.1,"Simu1","NIT",50,"cliver",0.120449454474545
"6763",676.2,"Simu1","NIT",50,"cliver",0.114326276570387
"6764",676.3,"Simu1","NIT",50,"cliver",0.108448932322997
"6765",676.4,"Simu1","NIT",50,"cliver",0.102815156425155
"6766",676.5,"Simu1","NIT",50,"cliver",0.0974217404812523
"6767",676.6,"Simu1","NIT",50,"cliver",0.0922649729705148
"6768",676.7,"Simu1","NIT",50,"cliver",0.0873400837317815
"6769",676.8,"Simu1","NIT",50,"cliver",0.0826421087759237
"6770",676.9,"Simu1","NIT",50,"cliver",0.0781653586383441
"6771",677,"Simu1","NIT",50,"cliver",0.0739038688173262
"6772",677.1,"Simu1","NIT",50,"cliver",0.0698512454549859
"6773",677.2,"Simu1","NIT",50,"cliver",0.0660008186692069
"6774",677.3,"Simu1","NIT",50,"cliver",0.0623456958752222
"6775",677.4,"Simu1","NIT",50,"cliver",0.0588787675831401
"6776",677.5,"Simu1","NIT",50,"cliver",0.055592876414161
"6777",677.6,"Simu1","NIT",50,"cliver",0.0524807642257837
"6778",677.7,"Simu1","NIT",50,"cliver",0.0495352911721093
"6779",677.8,"Simu1","NIT",50,"cliver",0.0467491226060364
"6780",677.9,"Simu1","NIT",50,"cliver",0.0441153997342567
"6781",678,"Simu1","NIT",50,"cliver",0.0425485811061681
"6782",678.1,"Simu1","NIT",50,"cliver",0.246773165786903
"6783",678.2,"Simu1","NIT",50,"cliver",0.320056076454854
"6784",678.3,"Simu1","NIT",50,"cliver",0.340402820942474
"6785",678.4,"Simu1","NIT",50,"cliver",0.350856979284905
"6786",678.5,"Simu1","NIT",50,"cliver",0.357775923696721
"6787",678.6,"Simu1","NIT",50,"cliver",0.36232008375724
"6788",678.7,"Simu1","NIT",50,"cliver",0.364860752777551
"6789",678.8,"Simu1","NIT",50,"cliver",0.365634833303325
"6790",678.9,"Simu1","NIT",50,"cliver",0.364844330281894
"6791",679,"Simu1","NIT",50,"cliver",0.362671582108386
"6792",679.1,"Simu1","NIT",50,"cliver",0.359283029290673
"6793",679.2,"Simu1","NIT",50,"cliver",0.354830643972052
"6794",679.3,"Simu1","NIT",50,"cliver",0.349452968104049
"6795",679.4,"Simu1","NIT",50,"cliver",0.34327628403233
"6796",679.5,"Simu1","NIT",50,"cliver",0.336415504914851
"6797",679.6,"Simu1","NIT",50,"cliver",0.328975025468052
"6798",679.7,"Simu1","NIT",50,"cliver",0.321049590000375
"6799",679.8,"Simu1","NIT",50,"cliver",0.312725095154108
"6800",679.9,"Simu1","NIT",50,"cliver",0.304079284595268
"6801",680,"Simu1","NIT",50,"cliver",0.295182391456717
"6802",680.1,"Simu1","NIT",50,"cliver",0.286097732157684
"6803",680.2,"Simu1","NIT",50,"cliver",0.276882287758378
"6804",680.3,"Simu1","NIT",50,"cliver",0.267587239339359
"6805",680.4,"Simu1","NIT",50,"cliver",0.258258435654132
"6806",680.5,"Simu1","NIT",50,"cliver",0.248936824851613
"6807",680.6,"Simu1","NIT",50,"cliver",0.239658868607747
"6808",680.7,"Simu1","NIT",50,"cliver",0.230456924472866
"6809",680.8,"Simu1","NIT",50,"cliver",0.221359589341909
"6810",680.9,"Simu1","NIT",50,"cliver",0.212392013566222
"6811",681,"Simu1","NIT",50,"cliver",0.203576192564594
"6812",681.1,"Simu1","NIT",50,"cliver",0.194931235110947
"6813",681.2,"Simu1","NIT",50,"cliver",0.186473607425763
"6814",681.3,"Simu1","NIT",50,"cliver",0.178217355386564
"6815",681.4,"Simu1","NIT",50,"cliver",0.170174307661227
"6816",681.5,"Simu1","NIT",50,"cliver",0.162354261484161
"6817",681.6,"Simu1","NIT",50,"cliver",0.154765152069978
"6818",681.7,"Simu1","NIT",50,"cliver",0.147413207095843
"6819",681.8,"Simu1","NIT",50,"cliver",0.140303087480628
"6820",681.9,"Simu1","NIT",50,"cliver",0.133438017911025
"6821",682,"Simu1","NIT",50,"cliver",0.126819906641102
"6822",682.1,"Simu1","NIT",50,"cliver",0.120449456327983
"6823",682.2,"Simu1","NIT",50,"cliver",0.114326267444192
"6824",682.3,"Simu1","NIT",50,"cliver",0.10844893623145
"6825",682.4,"Simu1","NIT",50,"cliver",0.10281514744525
"6826",682.5,"Simu1","NIT",50,"cliver",0.0974217628108361
"6827",682.6,"Simu1","NIT",50,"cliver",0.0922649056640748
"6828",682.7,"Simu1","NIT",50,"cliver",0.0873400434094311
"6829",682.8,"Simu1","NIT",50,"cliver",0.0826420663925117
"6830",682.9,"Simu1","NIT",50,"cliver",0.0781653653879032
"6831",683,"Simu1","NIT",50,"cliver",0.0739039042528503
"6832",683.1,"Simu1","NIT",50,"cliver",0.0698513033982726
"6833",683.2,"Simu1","NIT",50,"cliver",0.0660008826727038
"6834",683.3,"Simu1","NIT",50,"cliver",0.0623457152429302
"6835",683.4,"Simu1","NIT",50,"cliver",0.0588786702863309
"6836",683.5,"Simu1","NIT",50,"cliver",0.0555926930040842
"6837",683.6,"Simu1","NIT",50,"cliver",0.0524806570666259
"6838",683.7,"Simu1","NIT",50,"cliver",0.0495352047342183
"6839",683.8,"Simu1","NIT",50,"cliver",0.0467490650790106
"6840",683.9,"Simu1","NIT",50,"cliver",0.0441152331058802
"6841",684,"Simu1","NIT",50,"cliver",0.0425485069822001
"6842",684.1,"Simu1","NIT",50,"cliver",0.246772585391761
"6843",684.2,"Simu1","NIT",50,"cliver",0.320055371800141
"6844",684.3,"Simu1","NIT",50,"cliver",0.34040316597494
"6845",684.4,"Simu1","NIT",50,"cliver",0.350857116658439
"6846",684.5,"Simu1","NIT",50,"cliver",0.357776257633886
"6847",684.6,"Simu1","NIT",50,"cliver",0.362320466680377
"6848",684.7,"Simu1","NIT",50,"cliver",0.364861119674814
"6849",684.8,"Simu1","NIT",50,"cliver",0.365635280399091
"6850",684.9,"Simu1","NIT",50,"cliver",0.364844740342247
"6851",685,"Simu1","NIT",50,"cliver",0.362672014214679
"6852",685.1,"Simu1","NIT",50,"cliver",0.359283497399621
"6853",685.2,"Simu1","NIT",50,"cliver",0.354831137959713
"6854",685.3,"Simu1","NIT",50,"cliver",0.349453489801743
"6855",685.4,"Simu1","NIT",50,"cliver",0.343276799128376
"6856",685.5,"Simu1","NIT",50,"cliver",0.336415996316372
"6857",685.6,"Simu1","NIT",50,"cliver",0.328975507946455
"6858",685.7,"Simu1","NIT",50,"cliver",0.321050077293459
"6859",685.8,"Simu1","NIT",50,"cliver",0.312725582321561
"6860",685.9,"Simu1","NIT",50,"cliver",0.3040797604797
"6861",686,"Simu1","NIT",50,"cliver",0.295182849018231
"6862",686.1,"Simu1","NIT",50,"cliver",0.286098176744029
"6863",686.2,"Simu1","NIT",50,"cliver",0.276882726248587
"6864",686.3,"Simu1","NIT",50,"cliver",0.26758766884959
"6865",686.4,"Simu1","NIT",50,"cliver",0.258258850470341
"6866",686.5,"Simu1","NIT",50,"cliver",0.248937225263
"6867",686.6,"Simu1","NIT",50,"cliver",0.239659257641801
"6868",686.7,"Simu1","NIT",50,"cliver",0.230457302322738
"6869",686.8,"Simu1","NIT",50,"cliver",0.221359954361498
"6870",686.9,"Simu1","NIT",50,"cliver",0.212392365269973
"6871",687,"Simu1","NIT",50,"cliver",0.203576531642995
"6872",687.1,"Simu1","NIT",50,"cliver",0.194931561994172
"6873",687.2,"Simu1","NIT",50,"cliver",0.186473921994725
"6874",687.3,"Simu1","NIT",50,"cliver",0.178217657551656
"6875",687.4,"Simu1","NIT",50,"cliver",0.170174597631542
"6876",687.5,"Simu1","NIT",50,"cliver",0.162354539538042
"6877",687.6,"Simu1","NIT",50,"cliver",0.154765418343713
"6878",687.7,"Simu1","NIT",50,"cliver",0.14741346165474
"6879",687.8,"Simu1","NIT",50,"cliver",0.140303330829572
"6880",687.9,"Simu1","NIT",50,"cliver",0.133438250407426
"6881",688,"Simu1","NIT",50,"cliver",0.126820128435838
"6882",688.1,"Simu1","NIT",50,"cliver",0.120449667555415
"6883",688.2,"Simu1","NIT",50,"cliver",0.114326468482902
"6884",688.3,"Simu1","NIT",50,"cliver",0.108449127469949
"6885",688.4,"Simu1","NIT",50,"cliver",0.102815329169819
"6886",688.5,"Simu1","NIT",50,"cliver",0.0974219352399152
"6887",688.6,"Simu1","NIT",50,"cliver",0.0922650691918306
"6888",688.7,"Simu1","NIT",50,"cliver",0.0873401983539202
"6889",688.8,"Simu1","NIT",50,"cliver",0.0826422131272019
"6890",688.9,"Simu1","NIT",50,"cliver",0.078165504212729
"6891",689,"Simu1","NIT",50,"cliver",0.0739040352595948
"6892",689.1,"Simu1","NIT",50,"cliver",0.0698514175121887
"6893",689.2,"Simu1","NIT",50,"cliver",0.0660009831206684
"6894",689.3,"Simu1","NIT",50,"cliver",0.0623458312802101
"6895",689.4,"Simu1","NIT",50,"cliver",0.058878856775028
"6896",689.5,"Simu1","NIT",50,"cliver",0.0555928546245265
"6897",689.6,"Simu1","NIT",50,"cliver",0.052480738252176
"6898",689.7,"Simu1","NIT",50,"cliver",0.0495352825079345
"6899",689.8,"Simu1","NIT",50,"cliver",0.0467491724274611
"6900",689.9,"Simu1","NIT",50,"cliver",0.0441153104098338
"6901",690,"Simu1","NIT",50,"cliver",0.0425485189524746
"6902",690.1,"Simu1","NIT",50,"cliver",0.246772639410008
"6903",690.2,"Simu1","NIT",50,"cliver",0.320054920025483
"6904",690.3,"Simu1","NIT",50,"cliver",0.340402793079073
"6905",690.4,"Simu1","NIT",50,"cliver",0.350856778734619
"6906",690.5,"Simu1","NIT",50,"cliver",0.357775258396235
"6907",690.6,"Simu1","NIT",50,"cliver",0.362320074883232
"6908",690.7,"Simu1","NIT",50,"cliver",0.36486066208743
"6909",690.8,"Simu1","NIT",50,"cliver",0.365634826831943
"6910",690.9,"Simu1","NIT",50,"cliver",0.364844285004676
"6911",691,"Simu1","NIT",50,"cliver",0.362671532942691
"6912",691.1,"Simu1","NIT",50,"cliver",0.359282985303423
"6913",691.2,"Simu1","NIT",50,"cliver",0.354830576794198
"6914",691.3,"Simu1","NIT",50,"cliver",0.349452902026848
"6915",691.4,"Simu1","NIT",50,"cliver",0.343276247828655
"6916",691.5,"Simu1","NIT",50,"cliver",0.336415488037353
"6917",691.6,"Simu1","NIT",50,"cliver",0.328974995920565
"6918",691.7,"Simu1","NIT",50,"cliver",0.321049570845671
"6919",691.8,"Simu1","NIT",50,"cliver",0.312725109925714
"6920",691.9,"Simu1","NIT",50,"cliver",0.304079303216666
"6921",692,"Simu1","NIT",50,"cliver",0.295182420871662
"6922",692.1,"Simu1","NIT",50,"cliver",0.286097759339957
"6923",692.2,"Simu1","NIT",50,"cliver",0.276882332459145
"6924",692.3,"Simu1","NIT",50,"cliver",0.267587304313187
"6925",692.4,"Simu1","NIT",50,"cliver",0.258258527425866
"6926",692.5,"Simu1","NIT",50,"cliver",0.248936945941517
"6927",692.6,"Simu1","NIT",50,"cliver",0.239659020585368
"6928",692.7,"Simu1","NIT",50,"cliver",0.230457107217578
"6929",692.8,"Simu1","NIT",50,"cliver",0.22135979388621
"6930",692.9,"Simu1","NIT",50,"cliver",0.212392218491648
"6931",693,"Simu1","NIT",50,"cliver",0.203576364390879
"6932",693.1,"Simu1","NIT",50,"cliver",0.194931368035805
"6933",693.2,"Simu1","NIT",50,"cliver",0.186473718513581
"6934",693.3,"Simu1","NIT",50,"cliver",0.178217464171829
"6935",693.4,"Simu1","NIT",50,"cliver",0.170174411956529
"6936",693.5,"Simu1","NIT",50,"cliver",0.162354359964551
"6937",693.6,"Simu1","NIT",50,"cliver",0.154765233641367
"6938",693.7,"Simu1","NIT",50,"cliver",0.147413288129578
"6939",693.8,"Simu1","NIT",50,"cliver",0.140303138275228
"6940",693.9,"Simu1","NIT",50,"cliver",0.133438027221842
"6941",694,"Simu1","NIT",50,"cliver",0.126819942718229
"6942",694.1,"Simu1","NIT",50,"cliver",0.120449529410341
"6943",694.2,"Simu1","NIT",50,"cliver",0.114326290592921
"6944",694.3,"Simu1","NIT",50,"cliver",0.108448949974879
"6945",694.4,"Simu1","NIT",50,"cliver",0.102815224581443
"6946",694.5,"Simu1","NIT",50,"cliver",0.0974218222844424
"6947",694.6,"Simu1","NIT",50,"cliver",0.0922648914480709
"6948",694.7,"Simu1","NIT",50,"cliver",0.0873400460260682
"6949",694.8,"Simu1","NIT",50,"cliver",0.0826421118681726
"6950",694.9,"Simu1","NIT",50,"cliver",0.0781654088030003
"6951",695,"Simu1","NIT",50,"cliver",0.0739038924590852
"6952",695.1,"Simu1","NIT",50,"cliver",0.0698513171674999
"6953",695.2,"Simu1","NIT",50,"cliver",0.0660007771308571
"6954",695.3,"Simu1","NIT",50,"cliver",0.0623456693958793
"6955",695.4,"Simu1","NIT",50,"cliver",0.0588787072925634
"6956",695.5,"Simu1","NIT",50,"cliver",0.0555928010843712
"6957",695.6,"Simu1","NIT",50,"cliver",0.05248069913532
"6958",695.7,"Simu1","NIT",50,"cliver",0.0495351925570364
"6959",695.8,"Simu1","NIT",50,"cliver",0.0467490943059469
"6960",695.9,"Simu1","NIT",50,"cliver",0.0441152907599694
"6961",696,"Simu1","NIT",50,"cliver",0.0425485955192456
"6962",696.1,"Simu1","NIT",50,"cliver",0.246773058045401
"6963",696.2,"Simu1","NIT",50,"cliver",0.320055234598993
"6964",696.3,"Simu1","NIT",50,"cliver",0.340402834057603
"6965",696.4,"Simu1","NIT",50,"cliver",0.350856986674554
"6966",696.5,"Simu1","NIT",50,"cliver",0.357776036220648
"6967",696.6,"Simu1","NIT",50,"cliver",0.36231981238319
"6968",696.7,"Simu1","NIT",50,"cliver",0.364860630426916
"6969",696.8,"Simu1","NIT",50,"cliver",0.365634800060591
"6970",696.9,"Simu1","NIT",50,"cliver",0.364844341387819
"6971",697,"Simu1","NIT",50,"cliver",0.36267159402558
"6972",697.1,"Simu1","NIT",50,"cliver",0.359283051661436
"6973",697.2,"Simu1","NIT",50,"cliver",0.354830693749181
"6974",697.3,"Simu1","NIT",50,"cliver",0.349453035385356
"6975",697.4,"Simu1","NIT",50,"cliver",0.343276342368815
"6976",697.5,"Simu1","NIT",50,"cliver",0.336415553435025
"6977",697.6,"Simu1","NIT",50,"cliver",0.32897507223336
"6978",697.7,"Simu1","NIT",50,"cliver",0.321049643690628
"6979",697.8,"Simu1","NIT",50,"cliver",0.312725153211363
"6980",697.9,"Simu1","NIT",50,"cliver",0.30407934055974
"6981",698,"Simu1","NIT",50,"cliver",0.295182440516046
"6982",698.1,"Simu1","NIT",50,"cliver",0.286097777945199
"6983",698.2,"Simu1","NIT",50,"cliver",0.27688233573781
"6984",698.3,"Simu1","NIT",50,"cliver",0.267587287986881
"6985",698.4,"Simu1","NIT",50,"cliver",0.258258480882367
"6986",698.5,"Simu1","NIT",50,"cliver",0.248936866853654
"6987",698.6,"Simu1","NIT",50,"cliver",0.23965890981555
"6988",698.7,"Simu1","NIT",50,"cliver",0.230456965253082
"6989",698.8,"Simu1","NIT",50,"cliver",0.221359628506058
"6990",698.9,"Simu1","NIT",50,"cliver",0.212392050691833
"6991",699,"Simu1","NIT",50,"cliver",0.203576228164385
"6992",699.1,"Simu1","NIT",50,"cliver",0.19493126953698
"6993",699.2,"Simu1","NIT",50,"cliver",0.186473640547391
"6994",699.3,"Simu1","NIT",50,"cliver",0.178217387031121
"6995",699.4,"Simu1","NIT",50,"cliver",0.170174337878951
"6996",699.5,"Simu1","NIT",50,"cliver",0.162354290399622
"6997",699.6,"Simu1","NIT",50,"cliver",0.15476517965331
"6998",699.7,"Simu1","NIT",50,"cliver",0.147413233309822
"6999",699.8,"Simu1","NIT",50,"cliver",0.140303112498769
"7000",699.9,"Simu1","NIT",50,"cliver",0.133438041843099
"7001",700,"Simu1","NIT",50,"cliver",0.126819929430314
"7002",700.1,"Simu1","NIT",50,"cliver",0.120449477922588
"7003",700.2,"Simu1","NIT",50,"cliver",0.114326287926641
"7004",700.3,"Simu1","NIT",50,"cliver",0.108448955715912
"7005",700.4,"Simu1","NIT",50,"cliver",0.102815165918657
"7006",700.5,"Simu1","NIT",50,"cliver",0.0974217803060274
"7007",700.6,"Simu1","NIT",50,"cliver",0.0922649221544398
"7008",700.7,"Simu1","NIT",50,"cliver",0.08734005915397
"7009",700.8,"Simu1","NIT",50,"cliver",0.0826420809927223
"7010",700.9,"Simu1","NIT",50,"cliver",0.0781653798861389
"7011",701,"Simu1","NIT",50,"cliver",0.0739039161775091
"7012",701.1,"Simu1","NIT",50,"cliver",0.0698513094886069
"7013",701.2,"Simu1","NIT",50,"cliver",0.0660008821962082
"7014",701.3,"Simu1","NIT",50,"cliver",0.0623457391867452
"7015",701.4,"Simu1","NIT",50,"cliver",0.0588787353626398
"7016",701.5,"Simu1","NIT",50,"cliver",0.0555927568100525
"7017",701.6,"Simu1","NIT",50,"cliver",0.0524806772188395
"7018",701.7,"Simu1","NIT",50,"cliver",0.0495352092739273
"7019",701.8,"Simu1","NIT",50,"cliver",0.0467490859508966
"7020",701.9,"Simu1","NIT",50,"cliver",0.0441152478486683
"7021",702,"Simu1","NIT",50,"cliver",0.0425484863631977
"7022",702.1,"Simu1","NIT",50,"cliver",0.246773062916254
"7023",702.2,"Simu1","NIT",50,"cliver",0.320055127254187
"7024",702.3,"Simu1","NIT",50,"cliver",0.340402956757107
"7025",702.4,"Simu1","NIT",50,"cliver",0.350856810671055
"7026",702.5,"Simu1","NIT",50,"cliver",0.357776079323302
"7027",702.6,"Simu1","NIT",50,"cliver",0.362320276939592
"7028",702.7,"Simu1","NIT",50,"cliver",0.364860883725905
"7029",702.8,"Simu1","NIT",50,"cliver",0.365635043892204
"7030",702.9,"Simu1","NIT",50,"cliver",0.364844474008464
"7031",703,"Simu1","NIT",50,"cliver",0.362671744455014
"7032",703.1,"Simu1","NIT",50,"cliver",0.359283225580715
"7033",703.2,"Simu1","NIT",50,"cliver",0.354830861387053
"7034",703.3,"Simu1","NIT",50,"cliver",0.349453215553625
"7035",703.4,"Simu1","NIT",50,"cliver",0.343276528479433
"7036",703.5,"Simu1","NIT",50,"cliver",0.336415725875041
"7037",703.6,"Simu1","NIT",50,"cliver",0.328975238877522
"7038",703.7,"Simu1","NIT",50,"cliver",0.32104981237203
"7039",703.8,"Simu1","NIT",50,"cliver",0.31272532270995
"7040",703.9,"Simu1","NIT",50,"cliver",0.30407950565418
"7041",704,"Simu1","NIT",50,"cliver",0.295182598292354
"7042",704.1,"Simu1","NIT",50,"cliver",0.286097931237223
"7043",704.2,"Simu1","NIT",50,"cliver",0.276882487028615
"7044",704.3,"Simu1","NIT",50,"cliver",0.267587435761351
"7045",704.4,"Simu1","NIT",50,"cliver",0.258258623351869
"7046",704.5,"Simu1","NIT",50,"cliver",0.24893700447913
"7047",704.6,"Simu1","NIT",50,"cliver",0.2396590434757
"7048",704.7,"Simu1","NIT",50,"cliver",0.230457094794421
"7049",704.8,"Simu1","NIT",50,"cliver",0.221359753492181
"7050",704.9,"Simu1","NIT",50,"cliver",0.21239217112543
"7051",705,"Simu1","NIT",50,"cliver",0.20357634424277
"7052",705.1,"Simu1","NIT",50,"cliver",0.194931381316004
"7053",705.2,"Simu1","NIT",50,"cliver",0.18647374800958
"7054",705.3,"Simu1","NIT",50,"cliver",0.178217490213916
"7055",705.4,"Simu1","NIT",50,"cliver",0.170174436872087
"7056",705.5,"Simu1","NIT",50,"cliver",0.162354385268887
"7057",705.6,"Simu1","NIT",50,"cliver",0.154765270470475
"7058",705.7,"Simu1","NIT",50,"cliver",0.14741332005012
"7059",705.8,"Simu1","NIT",50,"cliver",0.14030319538941
"7060",705.9,"Simu1","NIT",50,"cliver",0.133438121020135
"7061",706,"Simu1","NIT",50,"cliver",0.126820004957124
"7062",706.1,"Simu1","NIT",50,"cliver",0.120449549816847
"7063",706.2,"Simu1","NIT",50,"cliver",0.114326356336083
"7064",706.3,"Simu1","NIT",50,"cliver",0.108449020764304
"7065",706.4,"Simu1","NIT",50,"cliver",0.102815227742149
"7066",706.5,"Simu1","NIT",50,"cliver",0.0974218389027352
"7067",706.6,"Simu1","NIT",50,"cliver",0.0922649777879478
"7068",706.7,"Simu1","NIT",50,"cliver",0.0873401116847112
"7069",706.8,"Simu1","NIT",50,"cliver",0.0826421310689064
"7070",706.9,"Simu1","NIT",50,"cliver",0.0781654264721852
"7071",707,"Simu1","NIT",50,"cliver",0.0739039618978988
"7072",707.1,"Simu1","NIT",50,"cliver",0.0698513478114736
"7073",707.2,"Simu1","NIT",50,"cliver",0.066000918633171
"7074",707.3,"Simu1","NIT",50,"cliver",0.0623457725267767
"7075",707.4,"Simu1","NIT",50,"cliver",0.058878843690889
"7076",707.5,"Simu1","NIT",50,"cliver",0.0555929101864059
"7077",707.6,"Simu1","NIT",50,"cliver",0.0524807249838886
"7078",707.7,"Simu1","NIT",50,"cliver",0.0495351560911918
"7079",707.8,"Simu1","NIT",50,"cliver",0.0467490981934498
"7080",707.9,"Simu1","NIT",50,"cliver",0.0441153373230816
"7081",708,"Simu1","NIT",50,"cliver",0.0425485374237006
"7082",708.1,"Simu1","NIT",50,"cliver",0.246772921023146
"7083",708.2,"Simu1","NIT",50,"cliver",0.320056438696374
"7084",708.3,"Simu1","NIT",50,"cliver",0.34040360191492
"7085",708.4,"Simu1","NIT",50,"cliver",0.350857361669538
"7086",708.5,"Simu1","NIT",50,"cliver",0.357776615084395
"7087",708.6,"Simu1","NIT",50,"cliver",0.362321022118719
"7088",708.7,"Simu1","NIT",50,"cliver",0.364861656433176
"7089",708.8,"Simu1","NIT",50,"cliver",0.365635666524269
"7090",708.9,"Simu1","NIT",50,"cliver",0.364844955082824
"7091",709,"Simu1","NIT",50,"cliver",0.362672088794779
"7092",709.1,"Simu1","NIT",50,"cliver",0.359283698447096
"7093",709.2,"Simu1","NIT",50,"cliver",0.354831378047015
"7094",709.3,"Simu1","NIT",50,"cliver",0.349453762424376
"7095",709.4,"Simu1","NIT",50,"cliver",0.343277159327039
"7096",709.5,"Simu1","NIT",50,"cliver",0.336416435548619
"7097",709.6,"Simu1","NIT",50,"cliver",0.328975995630002
"7098",709.7,"Simu1","NIT",50,"cliver",0.321050559048268
"7099",709.8,"Simu1","NIT",50,"cliver",0.312726022892442
"7100",709.9,"Simu1","NIT",50,"cliver",0.304080183097206
"7101",710,"Simu1","NIT",50,"cliver",0.295183284682349
"7102",710.1,"Simu1","NIT",50,"cliver",0.286098623611701
"7103",710.2,"Simu1","NIT",50,"cliver",0.276883168343132
"7104",710.3,"Simu1","NIT",50,"cliver",0.267588099960836
"7105",710.4,"Simu1","NIT",50,"cliver",0.258259273530808
"7106",710.5,"Simu1","NIT",50,"cliver",0.248937643541362
"7107",710.6,"Simu1","NIT",50,"cliver",0.239659670439256
"7108",710.7,"Simu1","NIT",50,"cliver",0.230457707003757
"7109",710.8,"Simu1","NIT",50,"cliver",0.221360349311937
"7110",710.9,"Simu1","NIT",50,"cliver",0.212392749341989
"7111",711,"Simu1","NIT",50,"cliver",0.203576906960173
"7112",711.1,"Simu1","NIT",50,"cliver",0.194931925137762
"7113",711.2,"Simu1","NIT",50,"cliver",0.186474284021654
"7114",711.3,"Simu1","NIT",50,"cliver",0.178218032900617
"7115",711.4,"Simu1","NIT",50,"cliver",0.170174944156072
"7116",711.5,"Simu1","NIT",50,"cliver",0.162354807160639
"7117",711.6,"Simu1","NIT",50,"cliver",0.15476566499622
"7118",711.7,"Simu1","NIT",50,"cliver",0.147413746168257
"7119",711.8,"Simu1","NIT",50,"cliver",0.140303613714505
"7120",711.9,"Simu1","NIT",50,"cliver",0.133438478855088
"7121",712,"Simu1","NIT",50,"cliver",0.126820345241432
"7122",712.1,"Simu1","NIT",50,"cliver",0.120449911055802
"7123",712.2,"Simu1","NIT",50,"cliver",0.114326715136222
"7124",712.3,"Simu1","NIT",50,"cliver",0.108449333088447
"7125",712.4,"Simu1","NIT",50,"cliver",0.102815529405204
"7126",712.5,"Simu1","NIT",50,"cliver",0.0974221210118044
"7127",712.6,"Simu1","NIT",50,"cliver",0.0922652939189867
"7128",712.7,"Simu1","NIT",50,"cliver",0.0873402638586993
"7129",712.8,"Simu1","NIT",50,"cliver",0.0826423468739057
"7130",712.9,"Simu1","NIT",50,"cliver",0.0781656233591074
"7131",713,"Simu1","NIT",50,"cliver",0.0739041456800913
"7132",713.1,"Simu1","NIT",50,"cliver",0.0698514942135673
"7133",713.2,"Simu1","NIT",50,"cliver",0.0660010267371768
"7134",713.3,"Simu1","NIT",50,"cliver",0.0623458643342432
"7135",713.4,"Simu1","NIT",50,"cliver",0.0588789316509482
"7136",713.5,"Simu1","NIT",50,"cliver",0.0555930396911337
"7137",713.6,"Simu1","NIT",50,"cliver",0.0524809409151385
"7138",713.7,"Simu1","NIT",50,"cliver",0.0495354397245815
"7139",713.8,"Simu1","NIT",50,"cliver",0.0467493049205435
"7140",713.9,"Simu1","NIT",50,"cliver",0.0441155173726192
"7141",714,"Simu1","NIT",50,"cliver",0.0425487535629262
"7142",714.1,"Simu1","NIT",50,"cliver",0.24677337204804
"7143",714.2,"Simu1","NIT",50,"cliver",0.320056908030147
"7144",714.3,"Simu1","NIT",50,"cliver",0.340403841279952
"7145",714.4,"Simu1","NIT",50,"cliver",0.350857578263956
"7146",714.5,"Simu1","NIT",50,"cliver",0.3577769374324
"7147",714.6,"Simu1","NIT",50,"cliver",0.362320894164095
"7148",714.7,"Simu1","NIT",50,"cliver",0.364861457007186
"7149",714.8,"Simu1","NIT",50,"cliver",0.365635751404402
"7150",714.9,"Simu1","NIT",50,"cliver",0.364845333167884
"7151",715,"Simu1","NIT",50,"cliver",0.362672475122059
"7152",715.1,"Simu1","NIT",50,"cliver",0.359283941843196
"7153",715.2,"Simu1","NIT",50,"cliver",0.354831580375839
"7154",715.3,"Simu1","NIT",50,"cliver",0.349453942413193
"7155",715.4,"Simu1","NIT",50,"cliver",0.343277261647275
"7156",715.5,"Simu1","NIT",50,"cliver",0.33641643223
"7157",715.6,"Simu1","NIT",50,"cliver",0.32897592648675
"7158",715.7,"Simu1","NIT",50,"cliver",0.32105047660525
"7159",715.8,"Simu1","NIT",50,"cliver",0.312725980947534
"7160",715.9,"Simu1","NIT",50,"cliver",0.304080171666071
"7161",716,"Simu1","NIT",50,"cliver",0.29518326050062
"7162",716.1,"Simu1","NIT",50,"cliver",0.286098570204989
"7163",716.2,"Simu1","NIT",50,"cliver",0.276883105204405
"7164",716.3,"Simu1","NIT",50,"cliver",0.267588034916214
"7165",716.4,"Simu1","NIT",50,"cliver",0.258259210499707
"7166",716.5,"Simu1","NIT",50,"cliver",0.248937574735506
"7167",716.6,"Simu1","NIT",50,"cliver",0.239659588640862
"7168",716.7,"Simu1","NIT",50,"cliver",0.230457619831181
"7169",716.8,"Simu1","NIT",50,"cliver",0.221360264669733
"7170",716.9,"Simu1","NIT",50,"cliver",0.21239266432511
"7171",717,"Simu1","NIT",50,"cliver",0.203576815974022
"7172",717.1,"Simu1","NIT",50,"cliver",0.194931834403378
"7173",717.2,"Simu1","NIT",50,"cliver",0.186474185130004
"7174",717.3,"Simu1","NIT",50,"cliver",0.178217909623704
"7175",717.4,"Simu1","NIT",50,"cliver",0.170174838069367
"7176",717.5,"Simu1","NIT",50,"cliver",0.16235476881275
"7177",717.6,"Simu1","NIT",50,"cliver",0.154765638546984
"7178",717.7,"Simu1","NIT",50,"cliver",0.147413670653391
"7179",717.8,"Simu1","NIT",50,"cliver",0.140303531496453
"7180",717.9,"Simu1","NIT",50,"cliver",0.133438437557624
"7181",718,"Simu1","NIT",50,"cliver",0.126820319059091
"7182",718.1,"Simu1","NIT",50,"cliver",0.120449862230635
"7183",718.2,"Simu1","NIT",50,"cliver",0.114326644385158
"7184",718.3,"Simu1","NIT",50,"cliver",0.108449278754614
"7185",718.4,"Simu1","NIT",50,"cliver",0.102815478854852
"7186",718.5,"Simu1","NIT",50,"cliver",0.0974220847576148
"7187",718.6,"Simu1","NIT",50,"cliver",0.0922652097689836
"7188",718.7,"Simu1","NIT",50,"cliver",0.0873403196977651
"7189",718.8,"Simu1","NIT",50,"cliver",0.0826423379323891
"7190",718.9,"Simu1","NIT",50,"cliver",0.0781656105600016
"7191",719,"Simu1","NIT",50,"cliver",0.0739041915635527
"7192",719.1,"Simu1","NIT",50,"cliver",0.0698516291999574
"7193",719.2,"Simu1","NIT",50,"cliver",0.0660010981514276
"7194",719.3,"Simu1","NIT",50,"cliver",0.0623458681276541
"7195",719.4,"Simu1","NIT",50,"cliver",0.0588789855850673
"7196",719.5,"Simu1","NIT",50,"cliver",0.0555931925613936
"7197",719.6,"Simu1","NIT",50,"cliver",0.0524807955248465
"7198",719.7,"Simu1","NIT",50,"cliver",0.0495353596586203
"7199",719.8,"Simu1","NIT",50,"cliver",0.0467492576466708
"7200",719.9,"Simu1","NIT",50,"cliver",0.0441154217682484
"7201",720,"Simu1","NIT",50,"cliver",0.0425486222863442
