"","time","Simulation","Chemical","dose","variable","value"
"1",0,"Simu1","NIT",50,"cliver",0
"2",0.1,"Simu1","NIT",50,"cliver",0.297037740104854
"3",0.2,"Simu1","NIT",50,"cliver",0.454494135596858
"4",0.3,"Simu1","NIT",50,"cliver",0.524573163973719
"5",0.4,"Simu1","NIT",50,"cliver",0.569779290954406
"6",0.5,"Simu1","NIT",50,"cliver",0.602107060227698
"7",0.6,"Simu1","NIT",50,"cliver",0.625174770917281
"8",0.7,"Simu1","NIT",50,"cliver",0.640827858893963
"9",0.8,"Simu1","NIT",50,"cliver",0.650387520232163
"10",0.9,"Simu1","NIT",50,"cliver",0.654913148682569
"11",1,"Simu1","NIT",50,"cliver",0.655280449323673
"12",1.1,"Simu1","NIT",50,"cliver",0.652219264037066
"13",1.2,"Simu1","NIT",50,"cliver",0.64633953026977
"14",1.3,"Simu1","NIT",50,"cliver",0.638152426966623
"15",1.4,"Simu1","NIT",50,"cliver",0.628085841657586
"16",1.5,"Simu1","NIT",50,"cliver",0.616498989415566
"17",1.6,"Simu1","NIT",50,"cliver",0.603693970627177
"18",1.7,"Simu1","NIT",50,"cliver",0.589924778707665
"19",1.8,"Simu1","NIT",50,"cliver",0.575405258122363
"20",1.9,"Simu1","NIT",50,"cliver",0.560315750249186
"21",2,"Simu1","NIT",50,"cliver",0.544808512591573
"22",2.1,"Simu1","NIT",50,"cliver",0.529012076027744
"23",2.2,"Simu1","NIT",50,"cliver",0.513034952343932
"24",2.3,"Simu1","NIT",50,"cliver",0.496968826844594
"25",2.4,"Simu1","NIT",50,"cliver",0.480891216019486
"26",2.5,"Simu1","NIT",50,"cliver",0.464867652001654
"27",2.6,"Simu1","NIT",50,"cliver",0.448953479737151
"28",2.7,"Simu1","NIT",50,"cliver",0.433195380703994
"29",2.8,"Simu1","NIT",50,"cliver",0.417632676427404
"30",2.9,"Simu1","NIT",50,"cliver",0.402298427060338
"31",3,"Simu1","NIT",50,"cliver",0.387220345635313
"32",3.1,"Simu1","NIT",50,"cliver",0.372421564253207
"33",3.2,"Simu1","NIT",50,"cliver",0.357921286363416
"34",3.3,"Simu1","NIT",50,"cliver",0.343735344516871
"35",3.4,"Simu1","NIT",50,"cliver",0.329876673612935
"36",3.5,"Simu1","NIT",50,"cliver",0.316355710332668
"37",3.6,"Simu1","NIT",50,"cliver",0.303180731946698
"38",3.7,"Simu1","NIT",50,"cliver",0.290358145766207
"39",3.8,"Simu1","NIT",50,"cliver",0.277892736847133
"40",3.9,"Simu1","NIT",50,"cliver",0.265787877520898
"41",4,"Simu1","NIT",50,"cliver",0.2540457044398
"42",4.1,"Simu1","NIT",50,"cliver",0.242667270724666
"43",4.2,"Simu1","NIT",50,"cliver",0.231652671797701
"44",4.3,"Simu1","NIT",50,"cliver",0.221001151266311
"45",4.4,"Simu1","NIT",50,"cliver",0.210711188828741
"46",4.5,"Simu1","NIT",50,"cliver",0.200780572488925
"47",4.6,"Simu1","NIT",50,"cliver",0.191206457033419
"48",4.7,"Simu1","NIT",50,"cliver",0.181985410601486
"49",4.8,"Simu1","NIT",50,"cliver",0.17311345140896
"50",4.9,"Simu1","NIT",50,"cliver",0.164586076618186
"51",5,"Simu1","NIT",50,"cliver",0.156398284909521
"52",5.1,"Simu1","NIT",50,"cliver",0.148544594545261
"53",5.2,"Simu1","NIT",50,"cliver",0.141019058948168
"54",5.3,"Simu1","NIT",50,"cliver",0.133815281287715
"55",5.4,"Simu1","NIT",50,"cliver",0.126926430556954
"56",5.5,"Simu1","NIT",50,"cliver",0.120345257899385
"57",5.6,"Simu1","NIT",50,"cliver",0.114064122258793
"58",5.7,"Simu1","NIT",50,"cliver",0.108075023511687
"59",5.8,"Simu1","NIT",50,"cliver",0.102369590994609
"60",5.9,"Simu1","NIT",50,"cliver",0.0969391591610732
"61",6,"Simu1","NIT",50,"cliver",0.0930313451116558
"62",6.1,"Simu1","NIT",50,"cliver",0.415505324901181
"63",6.2,"Simu1","NIT",50,"cliver",0.583860428784276
"64",6.3,"Simu1","NIT",50,"cliver",0.65969591371006
"65",6.4,"Simu1","NIT",50,"cliver",0.708245412451988
"66",6.5,"Simu1","NIT",50,"cliver",0.742507849660481
"67",6.6,"Simu1","NIT",50,"cliver",0.766476879169737
"68",6.7,"Simu1","NIT",50,"cliver",0.78219995021042
"69",6.8,"Simu1","NIT",50,"cliver",0.791145253215236
"70",6.9,"Simu1","NIT",50,"cliver",0.794492207563155
"71",7,"Simu1","NIT",50,"cliver",0.793217410299769
"72",7.1,"Simu1","NIT",50,"cliver",0.788135839935542
"73",7.2,"Simu1","NIT",50,"cliver",0.779929355333159
"74",7.3,"Simu1","NIT",50,"cliver",0.769169970284877
"75",7.4,"Simu1","NIT",50,"cliver",0.756337702500928
"76",7.5,"Simu1","NIT",50,"cliver",0.741835153558413
"77",7.6,"Simu1","NIT",50,"cliver",0.726000931421612
"78",7.7,"Simu1","NIT",50,"cliver",0.709120239870991
"79",7.8,"Simu1","NIT",50,"cliver",0.691433097429801
"80",7.9,"Simu1","NIT",50,"cliver",0.673141663548898
"81",8,"Simu1","NIT",50,"cliver",0.654416391203925
"82",8.1,"Simu1","NIT",50,"cliver",0.635401199974773
"83",8.2,"Simu1","NIT",50,"cliver",0.616217515683002
"84",8.3,"Simu1","NIT",50,"cliver",0.596967735982542
"85",8.4,"Simu1","NIT",50,"cliver",0.577738030584514
"86",8.5,"Simu1","NIT",50,"cliver",0.55860149625392
"87",8.6,"Simu1","NIT",50,"cliver",0.539618779046247
"88",8.7,"Simu1","NIT",50,"cliver",0.520841770715961
"89",8.8,"Simu1","NIT",50,"cliver",0.502313412706957
"90",8.9,"Simu1","NIT",50,"cliver",0.484069786925134
"91",9,"Simu1","NIT",50,"cliver",0.46614081507819
"92",9.1,"Simu1","NIT",50,"cliver",0.448551249698683
"93",9.2,"Simu1","NIT",50,"cliver",0.431321484236795
"94",9.3,"Simu1","NIT",50,"cliver",0.4144680782967
"95",9.4,"Simu1","NIT",50,"cliver",0.398004291873899
"96",9.5,"Simu1","NIT",50,"cliver",0.38194059909829
"97",9.6,"Simu1","NIT",50,"cliver",0.366285078563125
"98",9.7,"Simu1","NIT",50,"cliver",0.351043717537362
"99",9.8,"Simu1","NIT",50,"cliver",0.336220714099898
"100",9.9,"Simu1","NIT",50,"cliver",0.321818771411329
"101",10,"Simu1","NIT",50,"cliver",0.307839266075041
"102",10.1,"Simu1","NIT",50,"cliver",0.294282382629652
"103",10.2,"Simu1","NIT",50,"cliver",0.281147283193579
"104",10.3,"Simu1","NIT",50,"cliver",0.268432272095215
"105",10.4,"Simu1","NIT",50,"cliver",0.256134914235915
"106",10.5,"Simu1","NIT",50,"cliver",0.244252117523471
"107",10.6,"Simu1","NIT",50,"cliver",0.232780197564397
"108",10.7,"Simu1","NIT",50,"cliver",0.221714937515638
"109",10.8,"Simu1","NIT",50,"cliver",0.211051650981584
"110",10.9,"Simu1","NIT",50,"cliver",0.200785227956745
"111",11,"Simu1","NIT",50,"cliver",0.190910150502631
"112",11.1,"Simu1","NIT",50,"cliver",0.181420510113979
"113",11.2,"Simu1","NIT",50,"cliver",0.17231003458307
"114",11.3,"Simu1","NIT",50,"cliver",0.163572090512497
"115",11.4,"Simu1","NIT",50,"cliver",0.155199678400915
"116",11.5,"Simu1","NIT",50,"cliver",0.147185447790463
"117",11.6,"Simu1","NIT",50,"cliver",0.139521690755806
"118",11.7,"Simu1","NIT",50,"cliver",0.132200343070585
"119",11.8,"Simu1","NIT",50,"cliver",0.125212991973399
"120",11.9,"Simu1","NIT",50,"cliver",0.118550883664859
"121",12,"Simu1","NIT",50,"cliver",0.11346181642268
"122",12.1,"Simu1","NIT",50,"cliver",0.435181330820723
"123",12.2,"Simu1","NIT",50,"cliver",0.603376651024318
"124",12.3,"Simu1","NIT",50,"cliver",0.678913551864362
"125",12.4,"Simu1","NIT",50,"cliver",0.727068628466865
"126",12.5,"Simu1","NIT",50,"cliver",0.760895612270128
"127",12.6,"Simu1","NIT",50,"cliver",0.784402627243416
"128",12.7,"Simu1","NIT",50,"cliver",0.799648008556062
"129",12.8,"Simu1","NIT",50,"cliver",0.808105176260457
"130",12.9,"Simu1","NIT",50,"cliver",0.810956022716005
"131",13,"Simu1","NIT",50,"cliver",0.80918159679563
"132",13.1,"Simu1","NIT",50,"cliver",0.80359965056648
"133",13.2,"Simu1","NIT",50,"cliver",0.794894621502481
"134",13.3,"Simu1","NIT",50,"cliver",0.783640811768937
"135",13.4,"Simu1","NIT",50,"cliver",0.770319886000354
"136",13.5,"Simu1","NIT",50,"cliver",0.755335715781956
"137",13.6,"Simu1","NIT",50,"cliver",0.739028483371988
"138",13.7,"Simu1","NIT",50,"cliver",0.721684109161822
"139",13.8,"Simu1","NIT",50,"cliver",0.703543319494123
"140",13.9,"Simu1","NIT",50,"cliver",0.684808847443894
"141",14,"Simu1","NIT",50,"cliver",0.665651820711464
"142",14.1,"Simu1","NIT",50,"cliver",0.64621617908616
"143",14.2,"Simu1","NIT",50,"cliver",0.626623811273348
"144",14.3,"Simu1","NIT",50,"cliver",0.606976837391342
"145",14.4,"Simu1","NIT",50,"cliver",0.587361513117883
"146",14.5,"Simu1","NIT",50,"cliver",0.56785070350574
"147",14.6,"Simu1","NIT",50,"cliver",0.548505756318618
"148",14.7,"Simu1","NIT",50,"cliver",0.529378309083656
"149",14.8,"Simu1","NIT",50,"cliver",0.510510498411954
"150",14.9,"Simu1","NIT",50,"cliver",0.491938202919187
"151",15,"Simu1","NIT",50,"cliver",0.473691386848897
"152",15.1,"Simu1","NIT",50,"cliver",0.455794629161346
"153",15.2,"Simu1","NIT",50,"cliver",0.438267966585219
"154",15.3,"Simu1","NIT",50,"cliver",0.421127630661657
"155",15.4,"Simu1","NIT",50,"cliver",0.404386601137894
"156",15.5,"Simu1","NIT",50,"cliver",0.388055113244399
"157",15.6,"Simu1","NIT",50,"cliver",0.372140904950561
"158",15.7,"Simu1","NIT",50,"cliver",0.356649744899664
"159",15.8,"Simu1","NIT",50,"cliver",0.341585514998352
"160",15.9,"Simu1","NIT",50,"cliver",0.326950713567663
"161",16,"Simu1","NIT",50,"cliver",0.312746347271644
"162",16.1,"Simu1","NIT",50,"cliver",0.298972364568054
"163",16.2,"Simu1","NIT",50,"cliver",0.285627624473779
"164",16.3,"Simu1","NIT",50,"cliver",0.272710243556885
"165",16.4,"Simu1","NIT",50,"cliver",0.260217445608835
"166",16.5,"Simu1","NIT",50,"cliver",0.248145946348452
"167",16.6,"Simu1","NIT",50,"cliver",0.236491912293829
"168",16.7,"Simu1","NIT",50,"cliver",0.225250871077131
"169",16.8,"Simu1","NIT",50,"cliver",0.214417874449065
"170",16.9,"Simu1","NIT",50,"cliver",0.203987660393785
"171",17,"Simu1","NIT",50,"cliver",0.193954579466982
"172",17.1,"Simu1","NIT",50,"cliver",0.184312564723617
"173",17.2,"Simu1","NIT",50,"cliver",0.175055185262846
"174",17.3,"Simu1","NIT",50,"cliver",0.166175685478787
"175",17.4,"Simu1","NIT",50,"cliver",0.157666966503387
"176",17.5,"Simu1","NIT",50,"cliver",0.149521581228473
"177",17.6,"Simu1","NIT",50,"cliver",0.141731729186678
"178",17.7,"Simu1","NIT",50,"cliver",0.13428927385236
"179",17.8,"Simu1","NIT",50,"cliver",0.127185727600216
"180",17.9,"Simu1","NIT",50,"cliver",0.120412274254606
"181",18,"Simu1","NIT",50,"cliver",0.115216684406784
"182",18.1,"Simu1","NIT",50,"cliver",0.436865057277012
"183",18.2,"Simu1","NIT",50,"cliver",0.605037714378938
"184",18.3,"Simu1","NIT",50,"cliver",0.680541492596043
"185",18.4,"Simu1","NIT",50,"cliver",0.728656321578427
"186",18.5,"Simu1","NIT",50,"cliver",0.762440297899065
"187",18.6,"Simu1","NIT",50,"cliver",0.785904285999546
"188",18.7,"Simu1","NIT",50,"cliver",0.801104092129498
"189",18.8,"Simu1","NIT",50,"cliver",0.809515441734519
"190",18.9,"Simu1","NIT",50,"cliver",0.812320610486354
"191",19,"Simu1","NIT",50,"cliver",0.810500563708084
"192",19.1,"Simu1","NIT",50,"cliver",0.804873484525958
"193",19.2,"Simu1","NIT",50,"cliver",0.796123977281666
"194",19.3,"Simu1","NIT",50,"cliver",0.784825991637033
"195",19.4,"Simu1","NIT",50,"cliver",0.771461750341945
"196",19.5,"Simu1","NIT",50,"cliver",0.756435419498151
"197",19.6,"Simu1","NIT",50,"cliver",0.740086734328763
"198",19.7,"Simu1","NIT",50,"cliver",0.722701848146967
"199",19.8,"Simu1","NIT",50,"cliver",0.704521747480967
"200",19.9,"Simu1","NIT",50,"cliver",0.685749274127436
"201",20,"Simu1","NIT",50,"cliver",0.666555293341892
"202",20.1,"Simu1","NIT",50,"cliver",0.647083880760692
"203",20.2,"Simu1","NIT",50,"cliver",0.627456620822829
"204",20.3,"Simu1","NIT",50,"cliver",0.60777603555826
"205",20.4,"Simu1","NIT",50,"cliver",0.588128462649054
"206",20.5,"Simu1","NIT",50,"cliver",0.568586550202582
"207",20.6,"Simu1","NIT",50,"cliver",0.549211380106326
"208",20.7,"Simu1","NIT",50,"cliver",0.530054232910501
"209",20.8,"Simu1","NIT",50,"cliver",0.511158026823426
"210",20.9,"Simu1","NIT",50,"cliver",0.492558552034578
"211",21,"Simu1","NIT",50,"cliver",0.474285497050252
"212",21.1,"Simu1","NIT",50,"cliver",0.456363376864558
"213",21.2,"Simu1","NIT",50,"cliver",0.43881223270027
"214",21.3,"Simu1","NIT",50,"cliver",0.421648347493971
"215",21.4,"Simu1","NIT",50,"cliver",0.404884651108462
"216",21.5,"Simu1","NIT",50,"cliver",0.388531358390379
"217",21.6,"Simu1","NIT",50,"cliver",0.372596226940949
"218",21.7,"Simu1","NIT",50,"cliver",0.357084938459209
"219",21.8,"Simu1","NIT",50,"cliver",0.342001371908283
"220",21.9,"Simu1","NIT",50,"cliver",0.327347876743851
"221",22,"Simu1","NIT",50,"cliver",0.313125505668195
"222",22.1,"Simu1","NIT",50,"cliver",0.299334151083053
"223",22.2,"Simu1","NIT",50,"cliver",0.285972691643063
"224",22.3,"Simu1","NIT",50,"cliver",0.273039163105224
"225",22.4,"Simu1","NIT",50,"cliver",0.260530871149938
"226",22.5,"Simu1","NIT",50,"cliver",0.248444459437827
"227",22.6,"Simu1","NIT",50,"cliver",0.236775990758637
"228",22.7,"Simu1","NIT",50,"cliver",0.225521026036218
"229",22.8,"Simu1","NIT",50,"cliver",0.214674673212056
"230",22.9,"Simu1","NIT",50,"cliver",0.204231617266131
"231",23,"Simu1","NIT",50,"cliver",0.194186153281157
"232",23.1,"Simu1","NIT",50,"cliver",0.184532209674794
"233",23.2,"Simu1","NIT",50,"cliver",0.175263364659758
"234",23.3,"Simu1","NIT",50,"cliver",0.166372842879397
"235",23.4,"Simu1","NIT",50,"cliver",0.157853535069833
"236",23.5,"Simu1","NIT",50,"cliver",0.149697981830345
"237",23.6,"Simu1","NIT",50,"cliver",0.141898368607985
"238",23.7,"Simu1","NIT",50,"cliver",0.134446546102992
"239",23.8,"Simu1","NIT",50,"cliver",0.127334028782602
"240",23.9,"Simu1","NIT",50,"cliver",0.120551993026111
"241",24,"Simu1","NIT",50,"cliver",0.115348194595334
"242",24.1,"Simu1","NIT",50,"cliver",0.436991281215731
"243",24.2,"Simu1","NIT",50,"cliver",0.605162086542185
"244",24.3,"Simu1","NIT",50,"cliver",0.680663991469281
"245",24.4,"Simu1","NIT",50,"cliver",0.728774796744252
"246",24.5,"Simu1","NIT",50,"cliver",0.762556917999015
"247",24.6,"Simu1","NIT",50,"cliver",0.786016823631508
"248",24.7,"Simu1","NIT",50,"cliver",0.801213705377583
"249",24.8,"Simu1","NIT",50,"cliver",0.809621216369144
"250",24.9,"Simu1","NIT",50,"cliver",0.812422952303822
"251",25,"Simu1","NIT",50,"cliver",0.810599216925741
"252",25.1,"Simu1","NIT",50,"cliver",0.804968260594127
"253",25.2,"Simu1","NIT",50,"cliver",0.796215421925232
"254",25.3,"Simu1","NIT",50,"cliver",0.784914445505952
"255",25.4,"Simu1","NIT",50,"cliver",0.771546741055289
"256",25.5,"Simu1","NIT",50,"cliver",0.756516994607378
"257",25.6,"Simu1","NIT",50,"cliver",0.74016531161238
"258",25.7,"Simu1","NIT",50,"cliver",0.722777614283066
"259",25.8,"Simu1","NIT",50,"cliver",0.704594567138796
"260",25.9,"Simu1","NIT",50,"cliver",0.685819054491051
"261",26,"Simu1","NIT",50,"cliver",0.666622171508296
"262",26.1,"Simu1","NIT",50,"cliver",0.647148078934743
"263",26.2,"Simu1","NIT",50,"cliver",0.627518315887446
"264",26.3,"Simu1","NIT",50,"cliver",0.607835198791178
"265",26.4,"Simu1","NIT",50,"cliver",0.588185291680029
"266",26.5,"Simu1","NIT",50,"cliver",0.568640785784286
"267",26.6,"Simu1","NIT",50,"cliver",0.54926348814277
"268",26.7,"Simu1","NIT",50,"cliver",0.53010416856674
"269",26.8,"Simu1","NIT",50,"cliver",0.511205666218443
"270",26.9,"Simu1","NIT",50,"cliver",0.492603955684307
"271",27,"Simu1","NIT",50,"cliver",0.474328818985112
"272",27.1,"Simu1","NIT",50,"cliver",0.456405135920122
"273",27.2,"Simu1","NIT",50,"cliver",0.438852572000172
"274",27.3,"Simu1","NIT",50,"cliver",0.421687100031741
"275",27.4,"Simu1","NIT",50,"cliver",0.404921745189671
"276",27.5,"Simu1","NIT",50,"cliver",0.388566808387797
"277",27.6,"Simu1","NIT",50,"cliver",0.372630102508387
"278",27.7,"Simu1","NIT",50,"cliver",0.357117302650034
"279",27.8,"Simu1","NIT",50,"cliver",0.342032289000414
"280",27.9,"Simu1","NIT",50,"cliver",0.327377406631903
"281",28,"Simu1","NIT",50,"cliver",0.313153685794826
"282",28.1,"Simu1","NIT",50,"cliver",0.299361014909506
"283",28.2,"Simu1","NIT",50,"cliver",0.285998287265304
"284",28.3,"Simu1","NIT",50,"cliver",0.273063527562317
"285",28.4,"Simu1","NIT",50,"cliver",0.260554033388402
"286",28.5,"Simu1","NIT",50,"cliver",0.248466466006654
"287",28.6,"Simu1","NIT",50,"cliver",0.236796903552246
"288",28.7,"Simu1","NIT",50,"cliver",0.225540898813248
"289",28.8,"Simu1","NIT",50,"cliver",0.214693543605959
"290",28.9,"Simu1","NIT",50,"cliver",0.20424951948295
"291",29,"Simu1","NIT",50,"cliver",0.194203126164666
"292",29.1,"Simu1","NIT",50,"cliver",0.184548294155908
"293",29.2,"Simu1","NIT",50,"cliver",0.17527859553105
"294",29.3,"Simu1","NIT",50,"cliver",0.166387255118627
"295",29.4,"Simu1","NIT",50,"cliver",0.157867156425421
"296",29.5,"Simu1","NIT",50,"cliver",0.149710840315581
"297",29.6,"Simu1","NIT",50,"cliver",0.141910502487117
"298",29.7,"Simu1","NIT",50,"cliver",0.134457993473485
"299",29.8,"Simu1","NIT",50,"cliver",0.127344822500372
"300",29.9,"Simu1","NIT",50,"cliver",0.120562162642585
"301",30,"Simu1","NIT",50,"cliver",0.115357759525108
"302",30.1,"Simu1","NIT",50,"cliver",0.437000417161993
"303",30.2,"Simu1","NIT",50,"cliver",0.60517107041419
"304",30.3,"Simu1","NIT",50,"cliver",0.680672770145806
"305",30.4,"Simu1","NIT",50,"cliver",0.7287833402612
"306",30.5,"Simu1","NIT",50,"cliver",0.762565211612942
"307",30.6,"Simu1","NIT",50,"cliver",0.786024861798973
"308",30.7,"Simu1","NIT",50,"cliver",0.801221484197245
"309",30.8,"Simu1","NIT",50,"cliver",0.809628737180489
"310",30.9,"Simu1","NIT",50,"cliver",0.812430213858111
"311",31,"Simu1","NIT",50,"cliver",0.810606221915055
"312",31.1,"Simu1","NIT",50,"cliver",0.804975013250227
"313",31.2,"Simu1","NIT",50,"cliver",0.796221926653939
"314",31.3,"Simu1","NIT",50,"cliver",0.78492070531418
"315",31.4,"Simu1","NIT",50,"cliver",0.771552761623998
"316",31.5,"Simu1","NIT",50,"cliver",0.756522783017299
"317",31.6,"Simu1","NIT",50,"cliver",0.740170873843966
"318",31.7,"Simu1","NIT",50,"cliver",0.722782956191366
"319",31.8,"Simu1","NIT",50,"cliver",0.70459969452625
"320",31.9,"Simu1","NIT",50,"cliver",0.685823973564526
"321",32,"Simu1","NIT",50,"cliver",0.666626890286058
"322",32.1,"Simu1","NIT",50,"cliver",0.647152603758622
"323",32.2,"Simu1","NIT",50,"cliver",0.627522653184296
"324",32.3,"Simu1","NIT",50,"cliver",0.60783935448503
"325",32.4,"Simu1","NIT",50,"cliver",0.588189273073989
"326",32.5,"Simu1","NIT",50,"cliver",0.568644603745702
"327",32.6,"Simu1","NIT",50,"cliver",0.549267138273944
"328",32.7,"Simu1","NIT",50,"cliver",0.530107660946764
"329",32.8,"Simu1","NIT",50,"cliver",0.511209006999714
"330",32.9,"Simu1","NIT",50,"cliver",0.492607154217257
"331",33,"Simu1","NIT",50,"cliver",0.47433187943119
"332",33.1,"Simu1","NIT",50,"cliver",0.456408064847459
"333",33.2,"Simu1","NIT",50,"cliver",0.4388553705204
"334",33.3,"Simu1","NIT",50,"cliver",0.421689772384525
"335",33.4,"Simu1","NIT",50,"cliver",0.404924297329274
"336",33.5,"Simu1","NIT",50,"cliver",0.388569245845895
"337",33.6,"Simu1","NIT",50,"cliver",0.372632429821866
"338",33.7,"Simu1","NIT",50,"cliver",0.357119523961682
"339",33.8,"Simu1","NIT",50,"cliver",0.342034408258332
"340",33.9,"Simu1","NIT",50,"cliver",0.327379427730982
"341",34,"Simu1","NIT",50,"cliver",0.313155612553633
"342",34.1,"Simu1","NIT",50,"cliver",0.29936285100869
"343",34.2,"Simu1","NIT",50,"cliver",0.286000036040638
"344",34.3,"Simu1","NIT",50,"cliver",0.273065192282378
"345",34.4,"Simu1","NIT",50,"cliver",0.26055561744689
"346",34.5,"Simu1","NIT",50,"cliver",0.248467972710515
"347",34.6,"Simu1","NIT",50,"cliver",0.236798335894445
"348",34.7,"Simu1","NIT",50,"cliver",0.225542259549045
"349",34.8,"Simu1","NIT",50,"cliver",0.21469483542476
"350",34.9,"Simu1","NIT",50,"cliver",0.204250745067246
"351",35,"Simu1","NIT",50,"cliver",0.194204288133716
"352",35.1,"Simu1","NIT",50,"cliver",0.184549395001987
"353",35.2,"Simu1","NIT",50,"cliver",0.175279637637508
"354",35.3,"Simu1","NIT",50,"cliver",0.166388240814773
"355",35.4,"Simu1","NIT",50,"cliver",0.157868088002102
"356",35.5,"Simu1","NIT",50,"cliver",0.149711720004886
"357",35.6,"Simu1","NIT",50,"cliver",0.141911332456056
"358",35.7,"Simu1","NIT",50,"cliver",0.134458775839718
"359",35.8,"Simu1","NIT",50,"cliver",0.127345559343108
"360",35.9,"Simu1","NIT",50,"cliver",0.120562855987405
"361",36,"Simu1","NIT",50,"cliver",0.115358407531082
"362",36.1,"Simu1","NIT",50,"cliver",0.437001095434574
"363",36.2,"Simu1","NIT",50,"cliver",0.605171769540447
"364",36.3,"Simu1","NIT",50,"cliver",0.680673505129961
"365",36.4,"Simu1","NIT",50,"cliver",0.728784050389112
"366",36.5,"Simu1","NIT",50,"cliver",0.76256590553004
"367",36.6,"Simu1","NIT",50,"cliver",0.786025539082375
"368",36.7,"Simu1","NIT",50,"cliver",0.801222161476959
"369",36.8,"Simu1","NIT",50,"cliver",0.809629387241393
"370",36.9,"Simu1","NIT",50,"cliver",0.812430864845694
"371",37,"Simu1","NIT",50,"cliver",0.810606867012302
"372",37.1,"Simu1","NIT",50,"cliver",0.804975636412118
"373",37.2,"Simu1","NIT",50,"cliver",0.796222520134516
"374",37.3,"Simu1","NIT",50,"cliver",0.784921293568774
"375",37.4,"Simu1","NIT",50,"cliver",0.771553340635198
"376",37.5,"Simu1","NIT",50,"cliver",0.756523333654247
"377",37.6,"Simu1","NIT",50,"cliver",0.740171396787627
"378",37.7,"Simu1","NIT",50,"cliver",0.72278345852033
"379",37.8,"Simu1","NIT",50,"cliver",0.704600179814918
"380",37.9,"Simu1","NIT",50,"cliver",0.685824448057012
"381",38,"Simu1","NIT",50,"cliver",0.666627346987458
"382",38.1,"Simu1","NIT",50,"cliver",0.647153041568765
"383",38.2,"Simu1","NIT",50,"cliver",0.627523071797349
"384",38.3,"Simu1","NIT",50,"cliver",0.607839763446941
"385",38.4,"Simu1","NIT",50,"cliver",0.588189657208573
"386",38.5,"Simu1","NIT",50,"cliver",0.568644901467709
"387",38.6,"Simu1","NIT",50,"cliver",0.549267500985289
"388",38.7,"Simu1","NIT",50,"cliver",0.530108024920545
"389",38.8,"Simu1","NIT",50,"cliver",0.511209361066624
"390",38.9,"Simu1","NIT",50,"cliver",0.492607474889153
"391",39,"Simu1","NIT",50,"cliver",0.474332173177864
"392",39.1,"Simu1","NIT",50,"cliver",0.456408318084023
"393",39.2,"Simu1","NIT",50,"cliver",0.438855606845042
"394",39.3,"Simu1","NIT",50,"cliver",0.421690026026765
"395",39.4,"Simu1","NIT",50,"cliver",0.404924552873831
"396",39.5,"Simu1","NIT",50,"cliver",0.388569490097257
"397",39.6,"Simu1","NIT",50,"cliver",0.37263266111756
"398",39.7,"Simu1","NIT",50,"cliver",0.357119744341484
"399",39.8,"Simu1","NIT",50,"cliver",0.342034620176932
"400",39.9,"Simu1","NIT",50,"cliver",0.32737963215731
"401",40,"Simu1","NIT",50,"cliver",0.3131558092872
"402",40.1,"Simu1","NIT",50,"cliver",0.2993630396007
"403",40.2,"Simu1","NIT",50,"cliver",0.286000218886805
"404",40.3,"Simu1","NIT",50,"cliver",0.27306537086645
"405",40.4,"Simu1","NIT",50,"cliver",0.260555789744279
"406",40.5,"Simu1","NIT",50,"cliver",0.248468135926326
"407",40.6,"Simu1","NIT",50,"cliver",0.236798489888561
"408",40.7,"Simu1","NIT",50,"cliver",0.225542406035386
"409",40.8,"Simu1","NIT",50,"cliver",0.214694975661811
"410",40.9,"Simu1","NIT",50,"cliver",0.204250879038418
"411",41,"Simu1","NIT",50,"cliver",0.194204415370981
"412",41.1,"Simu1","NIT",50,"cliver",0.184549515617603
"413",41.2,"Simu1","NIT",50,"cliver",0.175279752229988
"414",41.3,"Simu1","NIT",50,"cliver",0.166388349792702
"415",41.4,"Simu1","NIT",50,"cliver",0.157868191415445
"416",41.5,"Simu1","NIT",50,"cliver",0.149711817910173
"417",41.6,"Simu1","NIT",50,"cliver",0.141911425095118
"418",41.7,"Simu1","NIT",50,"cliver",0.134458863495523
"419",41.8,"Simu1","NIT",50,"cliver",0.127345642217494
"420",41.9,"Simu1","NIT",50,"cliver",0.120562934490028
"421",42,"Simu1","NIT",50,"cliver",0.115358491161273
"422",42.1,"Simu1","NIT",50,"cliver",0.437001200160835
"423",42.2,"Simu1","NIT",50,"cliver",0.605171885720464
"424",42.3,"Simu1","NIT",50,"cliver",0.680673644449337
"425",42.4,"Simu1","NIT",50,"cliver",0.72878418641137
"426",42.5,"Simu1","NIT",50,"cliver",0.762566036152948
"427",42.6,"Simu1","NIT",50,"cliver",0.786025677240627
"428",42.7,"Simu1","NIT",50,"cliver",0.801222296940956
"429",42.8,"Simu1","NIT",50,"cliver",0.809629514772864
"430",42.9,"Simu1","NIT",50,"cliver",0.812431000569643
"431",43,"Simu1","NIT",50,"cliver",0.810607008537787
"432",43.1,"Simu1","NIT",50,"cliver",0.804975773904849
"433",43.2,"Simu1","NIT",50,"cliver",0.796222646896246
"434",43.3,"Simu1","NIT",50,"cliver",0.784921419607864
"435",43.4,"Simu1","NIT",50,"cliver",0.771553474855582
"436",43.5,"Simu1","NIT",50,"cliver",0.756523459380187
"437",43.6,"Simu1","NIT",50,"cliver",0.740171513596597
"438",43.7,"Simu1","NIT",50,"cliver",0.722783570900017
"439",43.8,"Simu1","NIT",50,"cliver",0.704600290301246
"440",43.9,"Simu1","NIT",50,"cliver",0.685824554669495
"441",44,"Simu1","NIT",50,"cliver",0.666627446402824
"442",44.1,"Simu1","NIT",50,"cliver",0.647153140146283
"443",44.2,"Simu1","NIT",50,"cliver",0.627523167291747
"444",44.3,"Simu1","NIT",50,"cliver",0.607839860474026
"445",44.4,"Simu1","NIT",50,"cliver",0.588189743752641
"446",44.5,"Simu1","NIT",50,"cliver",0.568644996485512
"447",44.6,"Simu1","NIT",50,"cliver",0.549267568124894
"448",44.7,"Simu1","NIT",50,"cliver",0.530108116561892
"449",44.8,"Simu1","NIT",50,"cliver",0.511209441511008
"450",44.9,"Simu1","NIT",50,"cliver",0.4926075587647
"451",45,"Simu1","NIT",50,"cliver",0.474332243029036
"452",45.1,"Simu1","NIT",50,"cliver",0.45640837771929
"453",45.2,"Simu1","NIT",50,"cliver",0.438855671500761
"454",45.3,"Simu1","NIT",50,"cliver",0.421690085189675
"455",45.4,"Simu1","NIT",50,"cliver",0.404924614943459
"456",45.5,"Simu1","NIT",50,"cliver",0.388569549801208
"457",45.6,"Simu1","NIT",50,"cliver",0.372632716790458
"458",45.7,"Simu1","NIT",50,"cliver",0.35711979707656
"459",45.8,"Simu1","NIT",50,"cliver",0.342034671300831
"460",45.9,"Simu1","NIT",50,"cliver",0.32737968217428
"461",46,"Simu1","NIT",50,"cliver",0.313155857980699
"462",46.1,"Simu1","NIT",50,"cliver",0.299363086521063
"463",46.2,"Simu1","NIT",50,"cliver",0.286000265352379
"464",46.3,"Simu1","NIT",50,"cliver",0.273065417692413
"465",46.4,"Simu1","NIT",50,"cliver",0.260555835811152
"466",46.5,"Simu1","NIT",50,"cliver",0.248468179420826
"467",46.6,"Simu1","NIT",50,"cliver",0.236798530478181
"468",46.7,"Simu1","NIT",50,"cliver",0.225542444588642
"469",46.8,"Simu1","NIT",50,"cliver",0.214695012889269
"470",46.9,"Simu1","NIT",50,"cliver",0.204250914900931
"471",47,"Simu1","NIT",50,"cliver",0.194204449497508
"472",47.1,"Simu1","NIT",50,"cliver",0.184549547952606
"473",47.2,"Simu1","NIT",50,"cliver",0.175279783038039
"474",47.3,"Simu1","NIT",50,"cliver",0.16638837925587
"475",47.4,"Simu1","NIT",50,"cliver",0.157868219494512
"476",47.5,"Simu1","NIT",50,"cliver",0.149711844555789
"477",47.6,"Simu1","NIT",50,"cliver",0.141911450368306
"478",47.7,"Simu1","NIT",50,"cliver",0.13445888749448
"479",47.8,"Simu1","NIT",50,"cliver",0.127345664989227
"480",47.9,"Simu1","NIT",50,"cliver",0.120562956176944
"481",48,"Simu1","NIT",50,"cliver",0.115358547859865
"482",48.1,"Simu1","NIT",50,"cliver",0.437000750515859
"483",48.2,"Simu1","NIT",50,"cliver",0.605170754305744
"484",48.3,"Simu1","NIT",50,"cliver",0.680672072042009
"485",48.4,"Simu1","NIT",50,"cliver",0.728783862541349
"486",48.5,"Simu1","NIT",50,"cliver",0.762564770352749
"487",48.6,"Simu1","NIT",50,"cliver",0.786023895692049
"488",48.7,"Simu1","NIT",50,"cliver",0.801220073737514
"489",48.8,"Simu1","NIT",50,"cliver",0.809626367301456
"490",48.9,"Simu1","NIT",50,"cliver",0.81242877155894
"491",49,"Simu1","NIT",50,"cliver",0.810605154716868
"492",49.1,"Simu1","NIT",50,"cliver",0.804974255874237
"493",49.2,"Simu1","NIT",50,"cliver",0.796221468317401
"494",49.3,"Simu1","NIT",50,"cliver",0.784920527041229
"495",49.4,"Simu1","NIT",50,"cliver",0.771552935671284
"496",49.5,"Simu1","NIT",50,"cliver",0.756523077350656
"497",49.6,"Simu1","NIT",50,"cliver",0.740170839979996
"498",49.7,"Simu1","NIT",50,"cliver",0.722782719411351
"499",49.8,"Simu1","NIT",50,"cliver",0.704599525071776
"500",49.9,"Simu1","NIT",50,"cliver",0.685823855589181
"501",50,"Simu1","NIT",50,"cliver",0.666626660486188
"502",50.1,"Simu1","NIT",50,"cliver",0.647152243750191
"503",50.2,"Simu1","NIT",50,"cliver",0.627522203503205
"504",50.3,"Simu1","NIT",50,"cliver",0.607838934919889
"505",50.4,"Simu1","NIT",50,"cliver",0.588188706620374
"506",50.5,"Simu1","NIT",50,"cliver",0.56864419795538
"507",50.6,"Simu1","NIT",50,"cliver",0.549266548432705
"508",50.7,"Simu1","NIT",50,"cliver",0.530107041916164
"509",50.8,"Simu1","NIT",50,"cliver",0.511208571573686
"510",50.9,"Simu1","NIT",50,"cliver",0.492606902817629
"511",51,"Simu1","NIT",50,"cliver",0.474331736918652
"512",51.1,"Simu1","NIT",50,"cliver",0.456407584154376
"513",51.2,"Simu1","NIT",50,"cliver",0.438854504451748
"514",51.3,"Simu1","NIT",50,"cliver",0.421688739711487
"515",51.4,"Simu1","NIT",50,"cliver",0.404923264753068
"516",51.5,"Simu1","NIT",50,"cliver",0.388568248466173
"517",51.6,"Simu1","NIT",50,"cliver",0.372631449970361
"518",51.7,"Simu1","NIT",50,"cliver",0.357118549660475
"519",51.8,"Simu1","NIT",50,"cliver",0.34203344193725
"520",51.9,"Simu1","NIT",50,"cliver",0.327378480528859
"521",52,"Simu1","NIT",50,"cliver",0.313154694758652
"522",52.1,"Simu1","NIT",50,"cliver",0.29936196833656
"523",52.2,"Simu1","NIT",50,"cliver",0.285999193723405
"524",52.3,"Simu1","NIT",50,"cliver",0.273064407840315
"525",52.4,"Simu1","NIT",50,"cliver",0.260554903375945
"526",52.5,"Simu1","NIT",50,"cliver",0.248467320966479
"527",52.6,"Simu1","NIT",50,"cliver",0.236797728247168
"528",52.7,"Simu1","NIT",50,"cliver",0.225541684980955
"529",52.8,"Simu1","NIT",50,"cliver",0.214694293318521
"530",52.9,"Simu1","NIT",50,"cliver",0.204250237123391
"531",53,"Simu1","NIT",50,"cliver",0.194203811749187
"532",53.1,"Simu1","NIT",50,"cliver",0.184548945527073
"533",53.2,"Simu1","NIT",50,"cliver",0.175279212196653
"534",53.3,"Simu1","NIT",50,"cliver",0.166387839281481
"535",53.4,"Simu1","NIT",50,"cliver",0.157867709192289
"536",53.5,"Simu1","NIT",50,"cliver",0.149711363443553
"537",53.6,"Simu1","NIT",50,"cliver",0.141910994084463
"538",53.7,"Simu1","NIT",50,"cliver",0.134458461841695
"539",53.8,"Simu1","NIT",50,"cliver",0.127345272755611
"540",53.9,"Simu1","NIT",50,"cliver",0.120562583749025
"541",54,"Simu1","NIT",50,"cliver",0.115358177806075
"542",54.1,"Simu1","NIT",50,"cliver",0.437000718403225
"543",54.2,"Simu1","NIT",50,"cliver",0.605170971419036
"544",54.3,"Simu1","NIT",50,"cliver",0.680672337873785
"545",54.4,"Simu1","NIT",50,"cliver",0.728784459850124
"546",54.5,"Simu1","NIT",50,"cliver",0.762564999284919
"547",54.6,"Simu1","NIT",50,"cliver",0.786024408794841
"548",54.7,"Simu1","NIT",50,"cliver",0.801221474681014
"549",54.8,"Simu1","NIT",50,"cliver",0.809628532300725
"550",54.9,"Simu1","NIT",50,"cliver",0.812429917984683
"551",55,"Simu1","NIT",50,"cliver",0.81060565501704
"552",55.1,"Simu1","NIT",50,"cliver",0.804974647798871
"553",55.2,"Simu1","NIT",50,"cliver",0.796221643969966
"554",55.3,"Simu1","NIT",50,"cliver",0.78492030018994
"555",55.4,"Simu1","NIT",50,"cliver",0.771552501404315
"556",55.5,"Simu1","NIT",50,"cliver",0.756522716385263
"557",55.6,"Simu1","NIT",50,"cliver",0.740170772915704
"558",55.7,"Simu1","NIT",50,"cliver",0.722782696410431
"559",55.8,"Simu1","NIT",50,"cliver",0.704599404240787
"560",55.9,"Simu1","NIT",50,"cliver",0.685823793466722
"561",56,"Simu1","NIT",50,"cliver",0.666626800422141
"562",56.1,"Simu1","NIT",50,"cliver",0.647152545719698
"563",56.2,"Simu1","NIT",50,"cliver",0.62752253040436
"564",56.3,"Simu1","NIT",50,"cliver",0.607839233388507
"565",56.4,"Simu1","NIT",50,"cliver",0.588189014904579
"566",56.5,"Simu1","NIT",50,"cliver",0.568644559035263
"567",56.6,"Simu1","NIT",50,"cliver",0.549266955724842
"568",56.7,"Simu1","NIT",50,"cliver",0.530107464978147
"569",56.8,"Simu1","NIT",50,"cliver",0.511208993719636
"570",56.9,"Simu1","NIT",50,"cliver",0.492607328705392
"571",57,"Simu1","NIT",50,"cliver",0.474332171594124
"572",57.1,"Simu1","NIT",50,"cliver",0.456408025231547
"573",57.2,"Simu1","NIT",50,"cliver",0.438854942669765
"574",57.3,"Simu1","NIT",50,"cliver",0.421689172345397
"575",57.4,"Simu1","NIT",50,"cliver",0.404923689589511
"576",57.5,"Simu1","NIT",50,"cliver",0.388568669372269
"577",57.6,"Simu1","NIT",50,"cliver",0.372631869785132
"578",57.7,"Simu1","NIT",50,"cliver",0.357118957597359
"579",57.8,"Simu1","NIT",50,"cliver",0.342033838731199
"580",57.9,"Simu1","NIT",50,"cliver",0.327378866953392
"581",58,"Simu1","NIT",50,"cliver",0.313155071000981
"582",58.1,"Simu1","NIT",50,"cliver",0.299362333666666
"583",58.2,"Simu1","NIT",50,"cliver",0.285999546893866
"584",58.3,"Simu1","NIT",50,"cliver",0.273064749124962
"585",58.4,"Simu1","NIT",50,"cliver",0.260555233659669
"586",58.5,"Simu1","NIT",50,"cliver",0.248467639889946
"587",58.6,"Simu1","NIT",50,"cliver",0.236798035290032
"588",58.7,"Simu1","NIT",50,"cliver",0.225541980501973
"589",58.8,"Simu1","NIT",50,"cliver",0.21469457780088
"590",58.9,"Simu1","NIT",50,"cliver",0.204250510465246
"591",59,"Simu1","NIT",50,"cliver",0.194204073993752
"592",59.1,"Simu1","NIT",50,"cliver",0.18454919687899
"593",59.2,"Simu1","NIT",50,"cliver",0.175279453141976
"594",59.3,"Simu1","NIT",50,"cliver",0.166388069616673
"595",59.4,"Simu1","NIT",50,"cliver",0.157867929747937
"596",59.5,"Simu1","NIT",50,"cliver",0.149711573150817
"597",59.6,"Simu1","NIT",50,"cliver",0.141911194900107
"598",59.7,"Simu1","NIT",50,"cliver",0.134458647136737
"599",59.8,"Simu1","NIT",50,"cliver",0.127345439788623
"600",59.9,"Simu1","NIT",50,"cliver",0.120562747021093
"601",60,"Simu1","NIT",50,"cliver",0.115358297165314
"602",60.1,"Simu1","NIT",50,"cliver",0.437000367534107
"603",60.2,"Simu1","NIT",50,"cliver",0.605170427401862
"604",60.3,"Simu1","NIT",50,"cliver",0.680671692889388
"605",60.4,"Simu1","NIT",50,"cliver",0.728783741748007
"606",60.5,"Simu1","NIT",50,"cliver",0.762563817600431
"607",60.6,"Simu1","NIT",50,"cliver",0.786023363206376
"608",60.7,"Simu1","NIT",50,"cliver",0.801220287793876
"609",60.8,"Simu1","NIT",50,"cliver",0.809627450764599
"610",60.9,"Simu1","NIT",50,"cliver",0.812428903221262
"611",61,"Simu1","NIT",50,"cliver",0.810604776861617
"612",61.1,"Simu1","NIT",50,"cliver",0.804973657881109
"613",61.2,"Simu1","NIT",50,"cliver",0.79622063718168
"614",61.3,"Simu1","NIT",50,"cliver",0.784919421688618
"615",61.4,"Simu1","NIT",50,"cliver",0.771551710259609
"616",61.5,"Simu1","NIT",50,"cliver",0.756521930141824
"617",61.6,"Simu1","NIT",50,"cliver",0.740170071152293
"618",61.7,"Simu1","NIT",50,"cliver",0.722782167658144
"619",61.8,"Simu1","NIT",50,"cliver",0.704598978571438
"620",61.9,"Simu1","NIT",50,"cliver",0.685823412303435
"621",62,"Simu1","NIT",50,"cliver",0.666626430966561
"622",62.1,"Simu1","NIT",50,"cliver",0.647152101022218
"623",62.2,"Simu1","NIT",50,"cliver",0.627521744135671
"624",62.3,"Simu1","NIT",50,"cliver",0.607838127629734
"625",62.4,"Simu1","NIT",50,"cliver",0.588188176788588
"626",62.5,"Simu1","NIT",50,"cliver",0.568644149642406
"627",62.6,"Simu1","NIT",50,"cliver",0.549266637720432
"628",62.7,"Simu1","NIT",50,"cliver",0.530107145840973
"629",62.8,"Simu1","NIT",50,"cliver",0.511208745941561
"630",62.9,"Simu1","NIT",50,"cliver",0.492607268516404
"631",63,"Simu1","NIT",50,"cliver",0.474332279510453
"632",63.1,"Simu1","NIT",50,"cliver",0.456408287565887
"633",63.2,"Simu1","NIT",50,"cliver",0.438855196969529
"634",63.3,"Simu1","NIT",50,"cliver",0.421689555761133
"635",63.4,"Simu1","NIT",50,"cliver",0.404923841828708
"636",63.5,"Simu1","NIT",50,"cliver",0.388569236339183
"637",63.6,"Simu1","NIT",50,"cliver",0.372631967857312
"638",63.7,"Simu1","NIT",50,"cliver",0.357119065984743
"639",63.8,"Simu1","NIT",50,"cliver",0.34203384428579
"640",63.9,"Simu1","NIT",50,"cliver",0.327378733792025
"641",64,"Simu1","NIT",50,"cliver",0.313154830027911
"642",64.1,"Simu1","NIT",50,"cliver",0.299362063701392
"643",64.2,"Simu1","NIT",50,"cliver",0.285999349320593
"644",64.3,"Simu1","NIT",50,"cliver",0.273064620453847
"645",64.4,"Simu1","NIT",50,"cliver",0.260555125260213
"646",64.5,"Simu1","NIT",50,"cliver",0.248467521076669
"647",64.6,"Simu1","NIT",50,"cliver",0.23679790393587
"648",64.7,"Simu1","NIT",50,"cliver",0.225541844190718
"649",64.8,"Simu1","NIT",50,"cliver",0.214694441193302
"650",64.9,"Simu1","NIT",50,"cliver",0.204250373776659
"651",65,"Simu1","NIT",50,"cliver",0.194203935467296
"652",65.1,"Simu1","NIT",50,"cliver",0.18454905234608
"653",65.2,"Simu1","NIT",50,"cliver",0.175279300570001
"654",65.3,"Simu1","NIT",50,"cliver",0.166387911382966
"655",65.4,"Simu1","NIT",50,"cliver",0.157867769782498
"656",65.5,"Simu1","NIT",50,"cliver",0.14971141532891
"657",65.6,"Simu1","NIT",50,"cliver",0.141911041202362
"658",65.7,"Simu1","NIT",50,"cliver",0.13445849631964
"659",65.8,"Simu1","NIT",50,"cliver",0.127345290443561
"660",65.9,"Simu1","NIT",50,"cliver",0.120562599586866
"661",66,"Simu1","NIT",50,"cliver",0.115358191392785
"662",66.1,"Simu1","NIT",50,"cliver",0.437000738352958
"663",66.2,"Simu1","NIT",50,"cliver",0.605170991918806
"664",66.3,"Simu1","NIT",50,"cliver",0.680672360411261
"665",66.4,"Simu1","NIT",50,"cliver",0.72878439853971
"666",66.5,"Simu1","NIT",50,"cliver",0.762564851752229
"667",66.6,"Simu1","NIT",50,"cliver",0.78602391953111
"668",66.7,"Simu1","NIT",50,"cliver",0.801220108466093
"669",66.8,"Simu1","NIT",50,"cliver",0.809628094208148
"670",66.9,"Simu1","NIT",50,"cliver",0.812429449618992
"671",67,"Simu1","NIT",50,"cliver",0.810605747111037
"672",67.1,"Simu1","NIT",50,"cliver",0.804974966896279
"673",67.2,"Simu1","NIT",50,"cliver",0.796221639735157
"674",67.3,"Simu1","NIT",50,"cliver",0.784920228470774
"675",67.4,"Simu1","NIT",50,"cliver",0.771552553119989
"676",67.5,"Simu1","NIT",50,"cliver",0.756522744219122
"677",67.6,"Simu1","NIT",50,"cliver",0.740170666383376
"678",67.7,"Simu1","NIT",50,"cliver",0.722782557607164
"679",67.8,"Simu1","NIT",50,"cliver",0.70459933852845
"680",67.9,"Simu1","NIT",50,"cliver",0.685823790122037
"681",68,"Simu1","NIT",50,"cliver",0.666626776151017
"682",68.1,"Simu1","NIT",50,"cliver",0.647152437716245
"683",68.2,"Simu1","NIT",50,"cliver",0.627522386738011
"684",68.3,"Simu1","NIT",50,"cliver",0.607839118072195
"685",68.4,"Simu1","NIT",50,"cliver",0.588188940645678
"686",68.5,"Simu1","NIT",50,"cliver",0.568644502268779
"687",68.6,"Simu1","NIT",50,"cliver",0.54926689490882
"688",68.7,"Simu1","NIT",50,"cliver",0.53010740714958
"689",68.8,"Simu1","NIT",50,"cliver",0.511208942984303
"690",68.9,"Simu1","NIT",50,"cliver",0.492607298530531
"691",69,"Simu1","NIT",50,"cliver",0.474332136210301
"692",69.1,"Simu1","NIT",50,"cliver",0.456408013596496
"693",69.2,"Simu1","NIT",50,"cliver",0.438854895838759
"694",69.3,"Simu1","NIT",50,"cliver",0.421689195183833
"695",69.4,"Simu1","NIT",50,"cliver",0.404923667007577
"696",69.5,"Simu1","NIT",50,"cliver",0.38856865498952
"697",69.6,"Simu1","NIT",50,"cliver",0.372631817102712
"698",69.7,"Simu1","NIT",50,"cliver",0.357118811886814
"699",69.8,"Simu1","NIT",50,"cliver",0.342033579723324
"700",69.9,"Simu1","NIT",50,"cliver",0.327378540883955
"701",70,"Simu1","NIT",50,"cliver",0.313154822489311
"702",70.1,"Simu1","NIT",50,"cliver",0.299362248623729
"703",70.2,"Simu1","NIT",50,"cliver",0.285999587929483
"704",70.3,"Simu1","NIT",50,"cliver",0.273064836944288
"705",70.4,"Simu1","NIT",50,"cliver",0.260555332443523
"706",70.5,"Simu1","NIT",50,"cliver",0.248467723160601
"707",70.6,"Simu1","NIT",50,"cliver",0.236798148920512
"708",70.7,"Simu1","NIT",50,"cliver",0.225542048721996
"709",70.8,"Simu1","NIT",50,"cliver",0.214694822998963
"710",70.9,"Simu1","NIT",50,"cliver",0.204250620858956
"711",71,"Simu1","NIT",50,"cliver",0.194204154734479
"712",71.1,"Simu1","NIT",50,"cliver",0.184549255314834
"713",71.2,"Simu1","NIT",50,"cliver",0.175279478955861
"714",71.3,"Simu1","NIT",50,"cliver",0.166388068448008
"715",71.4,"Simu1","NIT",50,"cliver",0.157867930834609
"716",71.5,"Simu1","NIT",50,"cliver",0.149711597442709
"717",71.6,"Simu1","NIT",50,"cliver",0.141911251014642
"718",71.7,"Simu1","NIT",50,"cliver",0.134458699475813
"719",71.8,"Simu1","NIT",50,"cliver",0.127345508959966
"720",71.9,"Simu1","NIT",50,"cliver",0.120562907500558
"721",72,"Simu1","NIT",50,"cliver",0.115358419242553
"722",72.1,"Simu1","NIT",50,"cliver",0.437001041210003
"723",72.2,"Simu1","NIT",50,"cliver",0.605171684168467
"724",72.3,"Simu1","NIT",50,"cliver",0.680673374958432
"725",72.4,"Simu1","NIT",50,"cliver",0.728783926941445
"726",72.5,"Simu1","NIT",50,"cliver",0.762565781728347
"727",72.6,"Simu1","NIT",50,"cliver",0.786025414837793
"728",72.7,"Simu1","NIT",50,"cliver",0.801222022081551
"729",72.8,"Simu1","NIT",50,"cliver",0.809629256938497
"730",72.9,"Simu1","NIT",50,"cliver",0.812430718748162
"731",73,"Simu1","NIT",50,"cliver",0.810606711192043
"732",73.1,"Simu1","NIT",50,"cliver",0.804975485457331
"733",73.2,"Simu1","NIT",50,"cliver",0.796222381422412
"734",73.3,"Simu1","NIT",50,"cliver",0.784921145511559
"735",73.4,"Simu1","NIT",50,"cliver",0.771553186960251
"736",73.5,"Simu1","NIT",50,"cliver",0.756523191777902
"737",73.6,"Simu1","NIT",50,"cliver",0.740171266510424
"738",73.7,"Simu1","NIT",50,"cliver",0.72278333382567
"739",73.8,"Simu1","NIT",50,"cliver",0.70460005825526
"740",73.9,"Simu1","NIT",50,"cliver",0.685824324879192
"741",74,"Simu1","NIT",50,"cliver",0.666627227190599
"742",74.1,"Simu1","NIT",50,"cliver",0.647152927063096
"743",74.2,"Simu1","NIT",50,"cliver",0.627522963502521
"744",74.3,"Simu1","NIT",50,"cliver",0.60783965308708
"745",74.4,"Simu1","NIT",50,"cliver",0.588189558955807
"746",74.5,"Simu1","NIT",50,"cliver",0.568644870413238
"747",74.6,"Simu1","NIT",50,"cliver",0.54926740196021
"748",74.7,"Simu1","NIT",50,"cliver",0.530107915853521
"749",74.8,"Simu1","NIT",50,"cliver",0.511209252999967
"750",74.9,"Simu1","NIT",50,"cliver",0.492607386068764
"751",75,"Simu1","NIT",50,"cliver",0.474332099449749
"752",75.1,"Simu1","NIT",50,"cliver",0.456408271454018
"753",75.2,"Simu1","NIT",50,"cliver",0.438855570168174
"754",75.3,"Simu1","NIT",50,"cliver",0.421689966482963
"755",75.4,"Simu1","NIT",50,"cliver",0.404924484391432
"756",75.5,"Simu1","NIT",50,"cliver",0.388569424749382
"757",75.6,"Simu1","NIT",50,"cliver",0.372632600688201
"758",75.7,"Simu1","NIT",50,"cliver",0.357119687248731
"759",75.8,"Simu1","NIT",50,"cliver",0.342034564460708
"760",75.9,"Simu1","NIT",50,"cliver",0.327379577171362
"761",76,"Simu1","NIT",50,"cliver",0.313155755425533
"762",76.1,"Simu1","NIT",50,"cliver",0.299362987478646
"763",76.2,"Simu1","NIT",50,"cliver",0.286000166572544
"764",76.3,"Simu1","NIT",50,"cliver",0.27306531722446
"765",76.4,"Simu1","NIT",50,"cliver",0.260555736748657
"766",76.5,"Simu1","NIT",50,"cliver",0.24846808625422
"767",76.6,"Simu1","NIT",50,"cliver",0.236798443852176
"768",76.7,"Simu1","NIT",50,"cliver",0.225542362278151
"769",76.8,"Simu1","NIT",50,"cliver",0.214694933217389
"770",76.9,"Simu1","NIT",50,"cliver",0.204250838071653
"771",77,"Simu1","NIT",50,"cliver",0.194204376451109
"772",77.1,"Simu1","NIT",50,"cliver",0.184549478795126
"773",77.2,"Simu1","NIT",50,"cliver",0.1752797171147
"774",77.3,"Simu1","NIT",50,"cliver",0.166388316157128
"775",77.4,"Simu1","NIT",50,"cliver",0.157868159349817
"776",77.5,"Simu1","NIT",50,"cliver",0.149711787497554
"777",77.6,"Simu1","NIT",50,"cliver",0.141911396250747
"778",77.7,"Simu1","NIT",50,"cliver",0.134458836094262
"779",77.8,"Simu1","NIT",50,"cliver",0.127345616205078
"780",77.9,"Simu1","NIT",50,"cliver",0.120562909621812
"781",78,"Simu1","NIT",50,"cliver",0.115358464096513
"782",78.1,"Simu1","NIT",50,"cliver",0.437001088048375
"783",78.2,"Simu1","NIT",50,"cliver",0.605171731689492
"784",78.3,"Simu1","NIT",50,"cliver",0.68067342414788
"785",78.4,"Simu1","NIT",50,"cliver",0.728783972586341
"786",78.5,"Simu1","NIT",50,"cliver",0.76256582502335
"787",78.6,"Simu1","NIT",50,"cliver",0.786025455609478
"788",78.7,"Simu1","NIT",50,"cliver",0.801222061685585
"789",78.8,"Simu1","NIT",50,"cliver",0.809629293369321
"790",78.9,"Simu1","NIT",50,"cliver",0.812430754216347
"791",79,"Simu1","NIT",50,"cliver",0.810606745174982
"792",79.1,"Simu1","NIT",50,"cliver",0.804975516880197
"793",79.2,"Simu1","NIT",50,"cliver",0.796222409913726
"794",79.3,"Simu1","NIT",50,"cliver",0.784921172942685
"795",79.4,"Simu1","NIT",50,"cliver",0.771553213022999
"796",79.5,"Simu1","NIT",50,"cliver",0.756523215153986
"797",79.6,"Simu1","NIT",50,"cliver",0.740171287366365
"798",79.7,"Simu1","NIT",50,"cliver",0.722783352733467
"799",79.8,"Simu1","NIT",50,"cliver",0.704600075457653
"800",79.9,"Simu1","NIT",50,"cliver",0.685824341904286
"801",80,"Simu1","NIT",50,"cliver",0.666627242151005
"802",80.1,"Simu1","NIT",50,"cliver",0.647152940322214
"803",80.2,"Simu1","NIT",50,"cliver",0.6275229752842
"804",80.3,"Simu1","NIT",50,"cliver",0.607839664086114
"805",80.4,"Simu1","NIT",50,"cliver",0.588189568249113
"806",80.5,"Simu1","NIT",50,"cliver",0.568644870792263
"807",80.6,"Simu1","NIT",50,"cliver",0.549267409614338
"808",80.7,"Simu1","NIT",50,"cliver",0.53010792391382
"809",80.8,"Simu1","NIT",50,"cliver",0.511209261241344
"810",80.9,"Simu1","NIT",50,"cliver",0.492607390832646
"811",81,"Simu1","NIT",50,"cliver",0.474332102479226
"812",81.1,"Simu1","NIT",50,"cliver",0.456408270455892
"813",81.2,"Simu1","NIT",50,"cliver",0.438855569926492
"814",81.3,"Simu1","NIT",50,"cliver",0.421689967827633
"815",81.4,"Simu1","NIT",50,"cliver",0.404924486147621
"816",81.5,"Simu1","NIT",50,"cliver",0.388569425978229
"817",81.6,"Simu1","NIT",50,"cliver",0.372632601307649
"818",81.7,"Simu1","NIT",50,"cliver",0.357119687419434
"819",81.8,"Simu1","NIT",50,"cliver",0.342034564372571
"820",81.9,"Simu1","NIT",50,"cliver",0.327379576901053
"821",82,"Simu1","NIT",50,"cliver",0.31315575496461
"822",82.1,"Simu1","NIT",50,"cliver",0.299362986803437
"823",82.2,"Simu1","NIT",50,"cliver",0.286000165867556
"824",82.3,"Simu1","NIT",50,"cliver",0.273065316600565
"825",82.4,"Simu1","NIT",50,"cliver",0.260555736048555
"826",82.5,"Simu1","NIT",50,"cliver",0.248468085275096
"827",82.6,"Simu1","NIT",50,"cliver",0.236798442592426
"828",82.7,"Simu1","NIT",50,"cliver",0.225542360867872
"829",82.8,"Simu1","NIT",50,"cliver",0.214694931746475
"830",82.9,"Simu1","NIT",50,"cliver",0.204250836534301
"831",83,"Simu1","NIT",50,"cliver",0.194204374810981
"832",83.1,"Simu1","NIT",50,"cliver",0.184549477060077
"833",83.2,"Simu1","NIT",50,"cliver",0.175279715326397
"834",83.3,"Simu1","NIT",50,"cliver",0.166388314340883
"835",83.4,"Simu1","NIT",50,"cliver",0.157868157504341
"836",83.5,"Simu1","NIT",50,"cliver",0.149711785622331
"837",83.6,"Simu1","NIT",50,"cliver",0.141911394358459
"838",83.7,"Simu1","NIT",50,"cliver",0.134458834199329
"839",83.8,"Simu1","NIT",50,"cliver",0.127345614315686
"840",83.9,"Simu1","NIT",50,"cliver",0.120562907759878
"841",84,"Simu1","NIT",50,"cliver",0.115358480129817
"842",84.1,"Simu1","NIT",50,"cliver",0.437000737769554
"843",84.2,"Simu1","NIT",50,"cliver",0.605170993681882
"844",84.3,"Simu1","NIT",50,"cliver",0.680672981699684
"845",84.4,"Simu1","NIT",50,"cliver",0.728783690888444
"846",84.5,"Simu1","NIT",50,"cliver",0.762563761747009
"847",84.6,"Simu1","NIT",50,"cliver",0.786023278190148
"848",84.7,"Simu1","NIT",50,"cliver",0.801219460111389
"849",84.8,"Simu1","NIT",50,"cliver",0.809627468011191
"850",84.9,"Simu1","NIT",50,"cliver",0.812428784909485
"851",85,"Simu1","NIT",50,"cliver",0.810605044567321
"852",85.1,"Simu1","NIT",50,"cliver",0.804974238448537
"853",85.2,"Simu1","NIT",50,"cliver",0.796220935058325
"854",85.3,"Simu1","NIT",50,"cliver",0.784919480414903
"855",85.4,"Simu1","NIT",50,"cliver",0.77155178822235
"856",85.5,"Simu1","NIT",50,"cliver",0.756521993588139
"857",85.6,"Simu1","NIT",50,"cliver",0.740169936302547
"858",85.7,"Simu1","NIT",50,"cliver",0.722781812195821
"859",85.8,"Simu1","NIT",50,"cliver",0.704598581240618
"860",85.9,"Simu1","NIT",50,"cliver",0.685823040589804
"861",86,"Simu1","NIT",50,"cliver",0.666626050648099
"862",86.1,"Simu1","NIT",50,"cliver",0.647151732928621
"863",86.2,"Simu1","NIT",50,"cliver",0.627521693329317
"864",86.3,"Simu1","NIT",50,"cliver",0.607838434243221
"865",86.4,"Simu1","NIT",50,"cliver",0.588188270688744
"866",86.5,"Simu1","NIT",50,"cliver",0.568643849181977
"867",86.6,"Simu1","NIT",50,"cliver",0.54926625886508
"868",86.7,"Simu1","NIT",50,"cliver",0.530106785702622
"869",86.8,"Simu1","NIT",50,"cliver",0.511208337758884
"870",86.9,"Simu1","NIT",50,"cliver",0.49260670701992
"871",87,"Simu1","NIT",50,"cliver",0.474331565155193
"872",87.1,"Simu1","NIT",50,"cliver",0.456407451787804
"873",87.2,"Simu1","NIT",50,"cliver",0.438854363100589
"874",87.3,"Simu1","NIT",50,"cliver",0.421688654775958
"875",87.4,"Simu1","NIT",50,"cliver",0.4049231021597
"876",87.5,"Simu1","NIT",50,"cliver",0.388568133917045
"877",87.6,"Simu1","NIT",50,"cliver",0.372631377227828
"878",87.7,"Simu1","NIT",50,"cliver",0.357118489208962
"879",87.8,"Simu1","NIT",50,"cliver",0.34203343797803
"880",87.9,"Simu1","NIT",50,"cliver",0.3273784907287
"881",88,"Simu1","NIT",50,"cliver",0.313154768601957
"882",88.1,"Simu1","NIT",50,"cliver",0.299362037436754
"883",88.2,"Simu1","NIT",50,"cliver",0.285999331423207
"884",88.3,"Simu1","NIT",50,"cliver",0.273064520597047
"885",88.4,"Simu1","NIT",50,"cliver",0.260555015770391
"886",88.5,"Simu1","NIT",50,"cliver",0.248467444335605
"887",88.6,"Simu1","NIT",50,"cliver",0.236797792749363
"888",88.7,"Simu1","NIT",50,"cliver",0.225541762301881
"889",88.8,"Simu1","NIT",50,"cliver",0.214694417086235
"890",88.9,"Simu1","NIT",50,"cliver",0.204250291765127
"891",89,"Simu1","NIT",50,"cliver",0.19420384286761
"892",89.1,"Simu1","NIT",50,"cliver",0.184549053657968
"893",89.2,"Simu1","NIT",50,"cliver",0.175279234514116
"894",89.3,"Simu1","NIT",50,"cliver",0.166387854299225
"895",89.4,"Simu1","NIT",50,"cliver",0.157867749977808
"896",89.5,"Simu1","NIT",50,"cliver",0.14971138909911
"897",89.6,"Simu1","NIT",50,"cliver",0.141911012208245
"898",89.7,"Simu1","NIT",50,"cliver",0.134458461277827
"899",89.8,"Simu1","NIT",50,"cliver",0.127345274010881
"900",89.9,"Simu1","NIT",50,"cliver",0.120562571733271
"901",90,"Simu1","NIT",50,"cliver",0.11535818072647
"902",90.1,"Simu1","NIT",50,"cliver",0.437000952207362
"903",90.2,"Simu1","NIT",50,"cliver",0.605172948620955
"904",90.3,"Simu1","NIT",50,"cliver",0.680675724062924
"905",90.4,"Simu1","NIT",50,"cliver",0.728786778183469
"906",90.5,"Simu1","NIT",50,"cliver",0.762566455746664
"907",90.6,"Simu1","NIT",50,"cliver",0.78602610885774
"908",90.7,"Simu1","NIT",50,"cliver",0.801222380529298
"909",90.8,"Simu1","NIT",50,"cliver",0.809630203292997
"910",90.9,"Simu1","NIT",50,"cliver",0.81243159105915
"911",91,"Simu1","NIT",50,"cliver",0.810607453870497
"912",91.1,"Simu1","NIT",50,"cliver",0.80497677704934
"913",91.2,"Simu1","NIT",50,"cliver",0.796223530719536
"914",91.3,"Simu1","NIT",50,"cliver",0.784922036670588
"915",91.4,"Simu1","NIT",50,"cliver",0.771553625270579
"916",91.5,"Simu1","NIT",50,"cliver",0.756524258589908
"917",91.6,"Simu1","NIT",50,"cliver",0.740173225404549
"918",91.7,"Simu1","NIT",50,"cliver",0.72278537608947
"919",91.8,"Simu1","NIT",50,"cliver",0.70460220184356
"920",91.9,"Simu1","NIT",50,"cliver",0.685826752123968
"921",92,"Simu1","NIT",50,"cliver",0.666629920660406
"922",92.1,"Simu1","NIT",50,"cliver",0.647155748608134
"923",92.2,"Simu1","NIT",50,"cliver",0.627525731717
"924",92.3,"Simu1","NIT",50,"cliver",0.607842355517932
"925",92.4,"Simu1","NIT",50,"cliver",0.588191825050709
"926",92.5,"Simu1","NIT",50,"cliver",0.568647040188847
"927",92.6,"Simu1","NIT",50,"cliver",0.549269261548692
"928",92.7,"Simu1","NIT",50,"cliver",0.530109668028335
"929",92.8,"Simu1","NIT",50,"cliver",0.511211063479882
"930",92.9,"Simu1","NIT",50,"cliver",0.492609228968862
"931",93,"Simu1","NIT",50,"cliver",0.474333918267796
"932",93.1,"Simu1","NIT",50,"cliver",0.456409664763907
"933",93.2,"Simu1","NIT",50,"cliver",0.438856497090189
"934",93.3,"Simu1","NIT",50,"cliver",0.421690653038778
"935",93.4,"Simu1","NIT",50,"cliver",0.404925073733395
"936",93.5,"Simu1","NIT",50,"cliver",0.388570002804336
"937",93.6,"Simu1","NIT",50,"cliver",0.372633171073455
"938",93.7,"Simu1","NIT",50,"cliver",0.357120110332485
"939",93.8,"Simu1","NIT",50,"cliver",0.342034916255958
"940",93.9,"Simu1","NIT",50,"cliver",0.327379944293377
"941",94,"Simu1","NIT",50,"cliver",0.31315616867613
"942",94.1,"Simu1","NIT",50,"cliver",0.299363398042629
"943",94.2,"Simu1","NIT",50,"cliver",0.28600054180307
"944",94.3,"Simu1","NIT",50,"cliver",0.273065715834211
"945",94.4,"Simu1","NIT",50,"cliver",0.2605561297474
"946",94.5,"Simu1","NIT",50,"cliver",0.248468482199813
"947",94.6,"Simu1","NIT",50,"cliver",0.236798843477467
"948",94.7,"Simu1","NIT",50,"cliver",0.225542753732838
"949",94.8,"Simu1","NIT",50,"cliver",0.214695316306783
"950",94.9,"Simu1","NIT",50,"cliver",0.204251225856669
"951",95,"Simu1","NIT",50,"cliver",0.194204787130156
"952",95.1,"Simu1","NIT",50,"cliver",0.184549890466681
"953",95.2,"Simu1","NIT",50,"cliver",0.175280082704397
"954",95.3,"Simu1","NIT",50,"cliver",0.166388645638733
"955",95.4,"Simu1","NIT",50,"cliver",0.157868467008593
"956",95.5,"Simu1","NIT",50,"cliver",0.149712056691139
"957",95.6,"Simu1","NIT",50,"cliver",0.141911651709935
"958",95.7,"Simu1","NIT",50,"cliver",0.134459115701788
"959",95.8,"Simu1","NIT",50,"cliver",0.127345895918732
"960",95.9,"Simu1","NIT",50,"cliver",0.120563149087061
"961",96,"Simu1","NIT",50,"cliver",0.115358725238491
"962",96.1,"Simu1","NIT",50,"cliver",0.437001264666709
"963",96.2,"Simu1","NIT",50,"cliver",0.605171519424473
"964",96.3,"Simu1","NIT",50,"cliver",0.680672882733413
"965",96.4,"Simu1","NIT",50,"cliver",0.72878499995968
"966",96.5,"Simu1","NIT",50,"cliver",0.762565255342988
"967",96.6,"Simu1","NIT",50,"cliver",0.786024620283696
"968",96.7,"Simu1","NIT",50,"cliver",0.801221588298395
"969",96.8,"Simu1","NIT",50,"cliver",0.809628792595038
"970",96.9,"Simu1","NIT",50,"cliver",0.812430262011391
"971",97,"Simu1","NIT",50,"cliver",0.81060644023647
"972",97.1,"Simu1","NIT",50,"cliver",0.80497540245447
"973",97.2,"Simu1","NIT",50,"cliver",0.796221991261469
"974",97.3,"Simu1","NIT",50,"cliver",0.784920760302688
"975",97.4,"Simu1","NIT",50,"cliver",0.771553051688605
"976",97.5,"Simu1","NIT",50,"cliver",0.756523149780741
"977",97.6,"Simu1","NIT",50,"cliver",0.740171263296396
"978",97.7,"Simu1","NIT",50,"cliver",0.722783327809062
"979",97.8,"Simu1","NIT",50,"cliver",0.704600093994554
"980",97.9,"Simu1","NIT",50,"cliver",0.685824433553338
"981",98,"Simu1","NIT",50,"cliver",0.666627370595147
"982",98.1,"Simu1","NIT",50,"cliver",0.647153083868028
"983",98.2,"Simu1","NIT",50,"cliver",0.627523076402135
"984",98.3,"Simu1","NIT",50,"cliver",0.607839775906558
"985",98.4,"Simu1","NIT",50,"cliver",0.588189510706531
"986",98.5,"Simu1","NIT",50,"cliver",0.568644991139272
"987",98.6,"Simu1","NIT",50,"cliver",0.549267340427196
"988",98.7,"Simu1","NIT",50,"cliver",0.530107819876938
"989",98.8,"Simu1","NIT",50,"cliver",0.511209328184339
"990",98.9,"Simu1","NIT",50,"cliver",0.492607635090445
"991",99,"Simu1","NIT",50,"cliver",0.474332455638932
"992",99.1,"Simu1","NIT",50,"cliver",0.456408285283768
"993",99.2,"Simu1","NIT",50,"cliver",0.438855200291686
"994",99.3,"Simu1","NIT",50,"cliver",0.421689418670261
"995",99.4,"Simu1","NIT",50,"cliver",0.404923895322167
"996",99.5,"Simu1","NIT",50,"cliver",0.388568869269478
"997",99.6,"Simu1","NIT",50,"cliver",0.372632001474775
"998",99.7,"Simu1","NIT",50,"cliver",0.357119094447929
"999",99.8,"Simu1","NIT",50,"cliver",0.342033967071713
"1000",99.9,"Simu1","NIT",50,"cliver",0.327379006414876
"1001",100,"Simu1","NIT",50,"cliver",0.313155213075279
"1002",100.1,"Simu1","NIT",50,"cliver",0.299362452104876
"1003",100.2,"Simu1","NIT",50,"cliver",0.285999668678563
"1004",100.3,"Simu1","NIT",50,"cliver",0.273064887511575
"1005",100.4,"Simu1","NIT",50,"cliver",0.26055539922674
"1006",100.5,"Simu1","NIT",50,"cliver",0.248467809234244
"1007",100.6,"Simu1","NIT",50,"cliver",0.236798216840755
"1008",100.7,"Simu1","NIT",50,"cliver",0.225542143216747
"1009",100.8,"Simu1","NIT",50,"cliver",0.214694770063412
"1010",100.9,"Simu1","NIT",50,"cliver",0.204250713970684
"1011",101,"Simu1","NIT",50,"cliver",0.19420434375653
"1012",101.1,"Simu1","NIT",50,"cliver",0.184549289734294
"1013",101.2,"Simu1","NIT",50,"cliver",0.175279564017267
"1014",101.3,"Simu1","NIT",50,"cliver",0.166388280392777
"1015",101.4,"Simu1","NIT",50,"cliver",0.157868078547723
"1016",101.5,"Simu1","NIT",50,"cliver",0.149711612899993
"1017",101.6,"Simu1","NIT",50,"cliver",0.141911209847513
"1018",101.7,"Simu1","NIT",50,"cliver",0.134458674132893
"1019",101.8,"Simu1","NIT",50,"cliver",0.127345454338933
"1020",101.9,"Simu1","NIT",50,"cliver",0.120562745567072
"1021",102,"Simu1","NIT",50,"cliver",0.115358342608508
"1022",102.1,"Simu1","NIT",50,"cliver",0.437001336089223
"1023",102.2,"Simu1","NIT",50,"cliver",0.605171954077664
"1024",102.3,"Simu1","NIT",50,"cliver",0.680673476580358
"1025",102.4,"Simu1","NIT",50,"cliver",0.728785601221541
"1026",102.5,"Simu1","NIT",50,"cliver",0.762566310345921
"1027",102.6,"Simu1","NIT",50,"cliver",0.786026220122231
"1028",102.7,"Simu1","NIT",50,"cliver",0.801222878162195
"1029",102.8,"Simu1","NIT",50,"cliver",0.809629966631609
"1030",102.9,"Simu1","NIT",50,"cliver",0.812431522332624
"1031",103,"Simu1","NIT",50,"cliver",0.810607770734588
"1032",103.1,"Simu1","NIT",50,"cliver",0.804976915340104
"1033",103.2,"Simu1","NIT",50,"cliver",0.796223530030663
"1034",103.3,"Simu1","NIT",50,"cliver",0.784922042628242
"1035",103.4,"Simu1","NIT",50,"cliver",0.77155428494268
"1036",103.5,"Simu1","NIT",50,"cliver",0.756524398451548
"1037",103.6,"Simu1","NIT",50,"cliver",0.740172268903011
"1038",103.7,"Simu1","NIT",50,"cliver",0.722784130814456
"1039",103.8,"Simu1","NIT",50,"cliver",0.70460087838729
"1040",103.9,"Simu1","NIT",50,"cliver",0.685825282098869
"1041",104,"Simu1","NIT",50,"cliver",0.666628199043416
"1042",104.1,"Simu1","NIT",50,"cliver",0.647153795795367
"1043",104.2,"Simu1","NIT",50,"cliver",0.62752369245365
"1044",104.3,"Simu1","NIT",50,"cliver",0.607840379872938
"1045",104.4,"Simu1","NIT",50,"cliver",0.588190159723741
"1046",104.5,"Simu1","NIT",50,"cliver",0.568645676814802
"1047",104.6,"Simu1","NIT",50,"cliver",0.549268027985904
"1048",104.7,"Simu1","NIT",50,"cliver",0.530108499641344
"1049",104.8,"Simu1","NIT",50,"cliver",0.511210001115033
"1050",104.9,"Simu1","NIT",50,"cliver",0.492608318582296
"1051",105,"Simu1","NIT",50,"cliver",0.47433314466406
"1052",105.1,"Simu1","NIT",50,"cliver",0.456408976519527
"1053",105.2,"Simu1","NIT",50,"cliver",0.438855780036655
"1054",105.3,"Simu1","NIT",50,"cliver",0.421689789927429
"1055",105.4,"Simu1","NIT",50,"cliver",0.404924129653243
"1056",105.5,"Simu1","NIT",50,"cliver",0.388569014652404
"1057",105.6,"Simu1","NIT",50,"cliver",0.372632407138647
"1058",105.7,"Simu1","NIT",50,"cliver",0.357119736233416
"1059",105.8,"Simu1","NIT",50,"cliver",0.342034726191377
"1060",105.9,"Simu1","NIT",50,"cliver",0.327379751422818
"1061",106,"Simu1","NIT",50,"cliver",0.313155918988518
"1062",106.1,"Simu1","NIT",50,"cliver",0.299363155596927
"1063",106.2,"Simu1","NIT",50,"cliver",0.286000355536361
"1064",106.3,"Simu1","NIT",50,"cliver",0.27306554320626
"1065",106.4,"Simu1","NIT",50,"cliver",0.260556004500403
"1066",106.5,"Simu1","NIT",50,"cliver",0.248468372720802
"1067",106.6,"Simu1","NIT",50,"cliver",0.236798716824332
"1068",106.7,"Simu1","NIT",50,"cliver",0.225542611089251
"1069",106.8,"Simu1","NIT",50,"cliver",0.214695168984148
"1070",106.9,"Simu1","NIT",50,"cliver",0.204251072378823
"1071",107,"Simu1","NIT",50,"cliver",0.19420460942932
"1072",107.1,"Simu1","NIT",50,"cliver",0.184549704084741
"1073",107.2,"Simu1","NIT",50,"cliver",0.175279931303756
"1074",107.3,"Simu1","NIT",50,"cliver",0.166388521850034
"1075",107.4,"Simu1","NIT",50,"cliver",0.157868359946573
"1076",107.5,"Simu1","NIT",50,"cliver",0.149711982260426
"1077",107.6,"Simu1","NIT",50,"cliver",0.141911582539533
"1078",107.7,"Simu1","NIT",50,"cliver",0.134459013861036
"1079",107.8,"Simu1","NIT",50,"cliver",0.127345786736027
"1080",107.9,"Simu1","NIT",50,"cliver",0.120563075052708
"1081",108,"Simu1","NIT",50,"cliver",0.115358691929107
"1082",108.1,"Simu1","NIT",50,"cliver",0.437001534855387
"1083",108.2,"Simu1","NIT",50,"cliver",0.605174104543375
"1084",108.3,"Simu1","NIT",50,"cliver",0.680676616716787
"1085",108.4,"Simu1","NIT",50,"cliver",0.728787239619274
"1086",108.5,"Simu1","NIT",50,"cliver",0.762566878510688
"1087",108.6,"Simu1","NIT",50,"cliver",0.786026965977098
"1088",108.7,"Simu1","NIT",50,"cliver",0.80122355980579
"1089",108.8,"Simu1","NIT",50,"cliver",0.809631141184948
"1090",108.9,"Simu1","NIT",50,"cliver",0.812432135125437
"1091",109,"Simu1","NIT",50,"cliver",0.810608548259882
"1092",109.1,"Simu1","NIT",50,"cliver",0.804977689558128
"1093",109.2,"Simu1","NIT",50,"cliver",0.796224391417804
"1094",109.3,"Simu1","NIT",50,"cliver",0.78492309572086
"1095",109.4,"Simu1","NIT",50,"cliver",0.771555413122159
"1096",109.5,"Simu1","NIT",50,"cliver",0.756525575325143
"1097",109.6,"Simu1","NIT",50,"cliver",0.740173532866742
"1098",109.7,"Simu1","NIT",50,"cliver",0.722785590648872
"1099",109.8,"Simu1","NIT",50,"cliver",0.704602399986756
"1100",109.9,"Simu1","NIT",50,"cliver",0.685826730911093
"1101",110,"Simu1","NIT",50,"cliver",0.666629711665289
"1102",110.1,"Simu1","NIT",50,"cliver",0.647155428195515
"1103",110.2,"Simu1","NIT",50,"cliver",0.627525382041514
"1104",110.3,"Simu1","NIT",50,"cliver",0.607841968580058
"1105",110.4,"Simu1","NIT",50,"cliver",0.588191700841452
"1106",110.5,"Simu1","NIT",50,"cliver",0.568647064861343
"1107",110.6,"Simu1","NIT",50,"cliver",0.549269657976242
"1108",110.7,"Simu1","NIT",50,"cliver",0.530109863372094
"1109",110.8,"Simu1","NIT",50,"cliver",0.511211422234295
"1110",110.9,"Simu1","NIT",50,"cliver",0.492609797981086
"1111",111,"Simu1","NIT",50,"cliver",0.47433447600686
"1112",111.1,"Simu1","NIT",50,"cliver",0.45641041480594
"1113",111.2,"Simu1","NIT",50,"cliver",0.438857141626885
"1114",111.3,"Simu1","NIT",50,"cliver",0.421691370640458
"1115",111.4,"Simu1","NIT",50,"cliver",0.404925806098135
"1116",111.5,"Simu1","NIT",50,"cliver",0.388570702894185
"1117",111.6,"Simu1","NIT",50,"cliver",0.372633826871857
"1118",111.7,"Simu1","NIT",50,"cliver",0.357120865873017
"1119",111.8,"Simu1","NIT",50,"cliver",0.342035706107201
"1120",111.9,"Simu1","NIT",50,"cliver",0.327380690748524
"1121",112,"Simu1","NIT",50,"cliver",0.313156840309765
"1122",112.1,"Simu1","NIT",50,"cliver",0.299364040761503
"1123",112.2,"Simu1","NIT",50,"cliver",0.286001172814323
"1124",112.3,"Simu1","NIT",50,"cliver",0.273066276999532
"1125",112.4,"Simu1","NIT",50,"cliver",0.26055666622058
"1126",112.5,"Simu1","NIT",50,"cliver",0.248468995398307
"1127",112.6,"Simu1","NIT",50,"cliver",0.236799328797659
"1128",112.7,"Simu1","NIT",50,"cliver",0.225543214647631
"1129",112.8,"Simu1","NIT",50,"cliver",0.214695748980745
"1130",112.9,"Simu1","NIT",50,"cliver",0.204251620390679
"1131",113,"Simu1","NIT",50,"cliver",0.194205130486091
"1132",113.1,"Simu1","NIT",50,"cliver",0.184550203530105
"1133",113.2,"Simu1","NIT",50,"cliver",0.175280408635902
"1134",113.3,"Simu1","NIT",50,"cliver",0.166388976895864
"1135",113.4,"Simu1","NIT",50,"cliver",0.157868792528318
"1136",113.5,"Simu1","NIT",50,"cliver",0.149712390667639
"1137",113.6,"Simu1","NIT",50,"cliver",0.141911969827096
"1138",113.7,"Simu1","NIT",50,"cliver",0.134459383411489
"1139",113.8,"Simu1","NIT",50,"cliver",0.127346136736464
"1140",113.9,"Simu1","NIT",50,"cliver",0.120563404324056
"1141",114,"Simu1","NIT",50,"cliver",0.115358965475319
"1142",114.1,"Simu1","NIT",50,"cliver",0.437001311081766
"1143",114.2,"Simu1","NIT",50,"cliver",0.605171851234231
"1144",114.3,"Simu1","NIT",50,"cliver",0.680672791714032
"1145",114.4,"Simu1","NIT",50,"cliver",0.728784646861606
"1146",114.5,"Simu1","NIT",50,"cliver",0.762564870721815
"1147",114.6,"Simu1","NIT",50,"cliver",0.786024034947914
"1148",114.7,"Simu1","NIT",50,"cliver",0.801221030550411
"1149",114.8,"Simu1","NIT",50,"cliver",0.809628264373616
"1150",114.9,"Simu1","NIT",50,"cliver",0.812429705619892
"1151",115,"Simu1","NIT",50,"cliver",0.810605488766361
"1152",115.1,"Simu1","NIT",50,"cliver",0.804974452375674
"1153",115.2,"Simu1","NIT",50,"cliver",0.796221438105534
"1154",115.3,"Simu1","NIT",50,"cliver",0.7849201167015
"1155",115.4,"Simu1","NIT",50,"cliver",0.771552294804816
"1156",115.5,"Simu1","NIT",50,"cliver",0.756522507935443
"1157",115.6,"Simu1","NIT",50,"cliver",0.74017059329438
"1158",115.7,"Simu1","NIT",50,"cliver",0.72278252525578
"1159",115.8,"Simu1","NIT",50,"cliver",0.704599212030134
"1160",115.9,"Simu1","NIT",50,"cliver",0.685823583256925
"1161",116,"Simu1","NIT",50,"cliver",0.666626588414269
"1162",116.1,"Simu1","NIT",50,"cliver",0.647152334809859
"1163",116.2,"Simu1","NIT",50,"cliver",0.627522329800918
"1164",116.3,"Simu1","NIT",50,"cliver",0.607839040804131
"1165",116.4,"Simu1","NIT",50,"cliver",0.5881888284883
"1166",116.5,"Simu1","NIT",50,"cliver",0.568644377455266
"1167",116.6,"Simu1","NIT",50,"cliver",0.549266778923988
"1168",116.7,"Simu1","NIT",50,"cliver",0.53010729225478
"1169",116.8,"Simu1","NIT",50,"cliver",0.511208825345187
"1170",116.9,"Simu1","NIT",50,"cliver",0.492607163705641
"1171",117,"Simu1","NIT",50,"cliver",0.474332010854718
"1172",117.1,"Simu1","NIT",50,"cliver",0.456407867095537
"1173",117.2,"Simu1","NIT",50,"cliver",0.438854789094427
"1174",117.3,"Simu1","NIT",50,"cliver",0.421689020530266
"1175",117.4,"Simu1","NIT",50,"cliver",0.404923543589643
"1176",117.5,"Simu1","NIT",50,"cliver",0.388568523531554
"1177",117.6,"Simu1","NIT",50,"cliver",0.372631726605691
"1178",117.7,"Simu1","NIT",50,"cliver",0.357118822844377
"1179",117.8,"Simu1","NIT",50,"cliver",0.342033706613634
"1180",117.9,"Simu1","NIT",50,"cliver",0.327378735310271
"1181",118,"Simu1","NIT",50,"cliver",0.313154943805226
"1182",118.1,"Simu1","NIT",50,"cliver",0.29936221150225
"1183",118.2,"Simu1","NIT",50,"cliver",0.285999427432992
"1184",118.3,"Simu1","NIT",50,"cliver",0.273064632378494
"1185",118.4,"Simu1","NIT",50,"cliver",0.26055512091603
"1186",118.5,"Simu1","NIT",50,"cliver",0.248467531059034
"1187",118.6,"Simu1","NIT",50,"cliver",0.236797929675041
"1188",118.7,"Simu1","NIT",50,"cliver",0.225541878163285
"1189",118.8,"Simu1","NIT",50,"cliver",0.214694479079148
"1190",118.9,"Simu1","NIT",50,"cliver",0.204250415319009
"1191",119,"Simu1","NIT",50,"cliver",0.194203982172109
"1192",119.1,"Simu1","NIT",50,"cliver",0.184549108396024
"1193",119.2,"Simu1","NIT",50,"cliver",0.175279368016899
"1194",119.3,"Simu1","NIT",50,"cliver",0.16638798792012
"1195",119.4,"Simu1","NIT",50,"cliver",0.157867851159978
"1196",119.5,"Simu1","NIT",50,"cliver",0.149711498039161
"1197",119.6,"Simu1","NIT",50,"cliver",0.141911122211124
"1198",119.7,"Simu1","NIT",50,"cliver",0.134458576791481
"1199",119.8,"Simu1","NIT",50,"cliver",0.127345372879496
"1200",119.9,"Simu1","NIT",50,"cliver",0.120562681155409
"1201",120,"Simu1","NIT",50,"cliver",0.115358277515266
"1202",120.1,"Simu1","NIT",50,"cliver",0.437000567811328
"1203",120.2,"Simu1","NIT",50,"cliver",0.605170863155741
"1204",120.3,"Simu1","NIT",50,"cliver",0.680671884693469
"1205",120.4,"Simu1","NIT",50,"cliver",0.728783334492771
"1206",120.5,"Simu1","NIT",50,"cliver",0.76256435672038
"1207",120.6,"Simu1","NIT",50,"cliver",0.786023556262161
"1208",120.7,"Simu1","NIT",50,"cliver",0.801220703402738
"1209",120.8,"Simu1","NIT",50,"cliver",0.809627704780515
"1210",120.9,"Simu1","NIT",50,"cliver",0.812429132825508
"1211",121,"Simu1","NIT",50,"cliver",0.810605052590691
"1212",121.1,"Simu1","NIT",50,"cliver",0.804973854986575
"1213",121.2,"Simu1","NIT",50,"cliver",0.796220821931162
"1214",121.3,"Simu1","NIT",50,"cliver",0.784919555485827
"1215",121.4,"Simu1","NIT",50,"cliver",0.771551757767841
"1216",121.5,"Simu1","NIT",50,"cliver",0.756521962658868
"1217",121.6,"Simu1","NIT",50,"cliver",0.740170080680832
"1218",121.7,"Simu1","NIT",50,"cliver",0.722782031150404
"1219",121.8,"Simu1","NIT",50,"cliver",0.704598692681057
"1220",121.9,"Simu1","NIT",50,"cliver",0.685823030234102
"1221",122,"Simu1","NIT",50,"cliver",0.666626026225923
"1222",122.1,"Simu1","NIT",50,"cliver",0.647151779699753
"1223",122.2,"Simu1","NIT",50,"cliver",0.627521792756147
"1224",122.3,"Simu1","NIT",50,"cliver",0.607838522108254
"1225",122.4,"Simu1","NIT",50,"cliver",0.58818832434969
"1226",122.5,"Simu1","NIT",50,"cliver",0.568643887559892
"1227",122.6,"Simu1","NIT",50,"cliver",0.549266304018447
"1228",122.7,"Simu1","NIT",50,"cliver",0.530106833247021
"1229",122.8,"Simu1","NIT",50,"cliver",0.511208381251505
"1230",122.9,"Simu1","NIT",50,"cliver",0.492606734247835
"1231",123,"Simu1","NIT",50,"cliver",0.474331594999573
"1232",123.1,"Simu1","NIT",50,"cliver",0.456407465661885
"1233",123.2,"Simu1","NIT",50,"cliver",0.438854400856629
"1234",123.3,"Simu1","NIT",50,"cliver",0.421688646757063
"1235",123.4,"Simu1","NIT",50,"cliver",0.404923181891446
"1236",123.5,"Simu1","NIT",50,"cliver",0.388568176402014
"1237",123.6,"Simu1","NIT",50,"cliver",0.372631387243021
"1238",123.7,"Simu1","NIT",50,"cliver",0.357118495804385
"1239",123.8,"Simu1","NIT",50,"cliver",0.342033393904656
"1240",123.9,"Simu1","NIT",50,"cliver",0.327378437255285
"1241",124,"Simu1","NIT",50,"cliver",0.313154655823287
"1242",124.1,"Simu1","NIT",50,"cliver",0.29936193280778
"1243",124.2,"Simu1","NIT",50,"cliver",0.285999161313411
"1244",124.3,"Simu1","NIT",50,"cliver",0.273064378440465
"1245",124.4,"Simu1","NIT",50,"cliver",0.260554876492088
"1246",124.5,"Simu1","NIT",50,"cliver",0.248467296193717
"1247",124.6,"Simu1","NIT",50,"cliver",0.236797705536961
"1248",124.7,"Simu1","NIT",50,"cliver",0.225541664156409
"1249",124.8,"Simu1","NIT",50,"cliver",0.214694274130205
"1250",124.9,"Simu1","NIT",50,"cliver",0.204250219352046
"1251",125,"Simu1","NIT",50,"cliver",0.194203795413914
"1252",125.1,"Simu1","NIT",50,"cliver",0.184548930394793
"1253",125.2,"Simu1","NIT",50,"cliver",0.175279198349284
"1254",125.3,"Simu1","NIT",50,"cliver",0.166387826218953
"1255",125.4,"Simu1","NIT",50,"cliver",0.157867697632429
"1256",125.5,"Simu1","NIT",50,"cliver",0.149711351777565
"1257",125.6,"Simu1","NIT",50,"cliver",0.141910985969951
"1258",125.7,"Simu1","NIT",50,"cliver",0.13445845000249
"1259",125.8,"Simu1","NIT",50,"cliver",0.127345251354932
"1260",125.9,"Simu1","NIT",50,"cliver",0.120562564615137
"1261",126,"Simu1","NIT",50,"cliver",0.115358170060053
"1262",126.1,"Simu1","NIT",50,"cliver",0.437001198068913
"1263",126.2,"Simu1","NIT",50,"cliver",0.605171838966747
"1264",126.3,"Simu1","NIT",50,"cliver",0.680673379782214
"1265",126.4,"Simu1","NIT",50,"cliver",0.728785508143486
"1266",126.5,"Simu1","NIT",50,"cliver",0.762565924186796
"1267",126.6,"Simu1","NIT",50,"cliver",0.78602538979474
"1268",126.7,"Simu1","NIT",50,"cliver",0.801222503506561
"1269",126.8,"Simu1","NIT",50,"cliver",0.809629673484323
"1270",126.9,"Simu1","NIT",50,"cliver",0.812431155202653
"1271",127,"Simu1","NIT",50,"cliver",0.810607018052955
"1272",127.1,"Simu1","NIT",50,"cliver",0.804975988061896
"1273",127.2,"Simu1","NIT",50,"cliver",0.796222971247077
"1274",127.3,"Simu1","NIT",50,"cliver",0.784921673488204
"1275",127.4,"Simu1","NIT",50,"cliver",0.771553863148617
"1276",127.5,"Simu1","NIT",50,"cliver",0.756524064676927
"1277",127.6,"Simu1","NIT",50,"cliver",0.740172127617849
"1278",127.7,"Simu1","NIT",50,"cliver",0.722784033988116
"1279",127.8,"Simu1","NIT",50,"cliver",0.704600693915006
"1280",127.9,"Simu1","NIT",50,"cliver",0.685825040019813
"1281",128,"Simu1","NIT",50,"cliver",0.666628019905945
"1282",128.1,"Simu1","NIT",50,"cliver",0.647153738584494
"1283",128.2,"Simu1","NIT",50,"cliver",0.627523700356472
"1284",128.3,"Simu1","NIT",50,"cliver",0.607840379498161
"1285",128.4,"Simu1","NIT",50,"cliver",0.58819013745223
"1286",128.5,"Simu1","NIT",50,"cliver",0.568645656773629
"1287",128.6,"Simu1","NIT",50,"cliver",0.549268026824934
"1288",128.7,"Simu1","NIT",50,"cliver",0.530108507445087
"1289",128.8,"Simu1","NIT",50,"cliver",0.511210008060079
"1290",128.9,"Simu1","NIT",50,"cliver",0.49260831445988
"1291",129,"Simu1","NIT",50,"cliver",0.474333129798622
"1292",129.1,"Simu1","NIT",50,"cliver",0.456408953888583
"1293",129.2,"Simu1","NIT",50,"cliver",0.438855843775604
"1294",129.3,"Simu1","NIT",50,"cliver",0.421690043447668
"1295",129.4,"Simu1","NIT",50,"cliver",0.404924535138507
"1296",129.5,"Simu1","NIT",50,"cliver",0.388569484209173
"1297",129.6,"Simu1","NIT",50,"cliver",0.372632657620633
"1298",129.7,"Simu1","NIT",50,"cliver",0.357119722853497
"1299",129.8,"Simu1","NIT",50,"cliver",0.342034577227579
"1300",129.9,"Simu1","NIT",50,"cliver",0.327379577010243
"1301",130,"Simu1","NIT",50,"cliver",0.313155755967755
"1302",130.1,"Simu1","NIT",50,"cliver",0.299362994640237
"1303",130.2,"Simu1","NIT",50,"cliver",0.286000182743138
"1304",130.3,"Simu1","NIT",50,"cliver",0.273065360330176
"1305",130.4,"Simu1","NIT",50,"cliver",0.260555821691999
"1306",130.5,"Simu1","NIT",50,"cliver",0.248468205186961
"1307",130.6,"Simu1","NIT",50,"cliver",0.236798577891462
"1308",130.7,"Simu1","NIT",50,"cliver",0.225542500967369
"1309",130.8,"Simu1","NIT",50,"cliver",0.214695076939435
"1310",130.9,"Simu1","NIT",50,"cliver",0.204250988724306
"1311",131,"Simu1","NIT",50,"cliver",0.194204531777889
"1312",131.1,"Simu1","NIT",50,"cliver",0.184549634660163
"1313",131.2,"Simu1","NIT",50,"cliver",0.175279871584224
"1314",131.3,"Simu1","NIT",50,"cliver",0.166388469162261
"1315",131.4,"Simu1","NIT",50,"cliver",0.157868310893824
"1316",131.5,"Simu1","NIT",50,"cliver",0.149711936578663
"1317",131.6,"Simu1","NIT",50,"cliver",0.141911551501011
"1318",131.7,"Simu1","NIT",50,"cliver",0.134458993210344
"1319",131.8,"Simu1","NIT",50,"cliver",0.127345764078421
"1320",131.9,"Simu1","NIT",50,"cliver",0.120563062030603
"1321",132,"Simu1","NIT",50,"cliver",0.115358687618331
"1322",132.1,"Simu1","NIT",50,"cliver",0.437001312056495
"1323",132.2,"Simu1","NIT",50,"cliver",0.605173275437737
"1324",132.3,"Simu1","NIT",50,"cliver",0.680674713860081
"1325",132.4,"Simu1","NIT",50,"cliver",0.728786078390383
"1326",132.5,"Simu1","NIT",50,"cliver",0.762566103718516
"1327",132.6,"Simu1","NIT",50,"cliver",0.786026145617078
"1328",132.7,"Simu1","NIT",50,"cliver",0.801222117740521
"1329",132.8,"Simu1","NIT",50,"cliver",0.809629756883481
"1330",132.9,"Simu1","NIT",50,"cliver",0.812431751177452
"1331",133,"Simu1","NIT",50,"cliver",0.810607829443023
"1332",133.1,"Simu1","NIT",50,"cliver",0.804977078177785
"1333",133.2,"Simu1","NIT",50,"cliver",0.796224097428391
"1334",133.3,"Simu1","NIT",50,"cliver",0.78492259752185
"1335",133.4,"Simu1","NIT",50,"cliver",0.771554633523931
"1336",133.5,"Simu1","NIT",50,"cliver",0.756524847229404
"1337",133.6,"Simu1","NIT",50,"cliver",0.74017292099966
"1338",133.7,"Simu1","NIT",50,"cliver",0.722784755734161
"1339",133.8,"Simu1","NIT",50,"cliver",0.70460135003251
"1340",133.9,"Simu1","NIT",50,"cliver",0.68582568625572
"1341",134,"Simu1","NIT",50,"cliver",0.666628671878625
"1342",134.1,"Simu1","NIT",50,"cliver",0.647154350928487
"1343",134.2,"Simu1","NIT",50,"cliver",0.627524250672899
"1344",134.3,"Simu1","NIT",50,"cliver",0.607840890039486
"1345",134.4,"Simu1","NIT",50,"cliver",0.588190634511733
"1346",134.5,"Simu1","NIT",50,"cliver",0.568646144843122
"1347",134.6,"Simu1","NIT",50,"cliver",0.549268496221391
"1348",134.7,"Simu1","NIT",50,"cliver",0.530108952697587
"1349",134.8,"Simu1","NIT",50,"cliver",0.511210434301696
"1350",134.9,"Simu1","NIT",50,"cliver",0.492608726265195
"1351",135,"Simu1","NIT",50,"cliver",0.474333530316561
"1352",135.1,"Simu1","NIT",50,"cliver",0.456409337605155
"1353",135.2,"Simu1","NIT",50,"cliver",0.438856215805107
"1354",135.3,"Simu1","NIT",50,"cliver",0.421690395302682
"1355",135.4,"Simu1","NIT",50,"cliver",0.40492488459232
"1356",135.5,"Simu1","NIT",50,"cliver",0.38856979873564
"1357",135.6,"Simu1","NIT",50,"cliver",0.372632954538605
"1358",135.7,"Simu1","NIT",50,"cliver",0.357120012574884
"1359",135.8,"Simu1","NIT",50,"cliver",0.342034874310812
"1360",135.9,"Simu1","NIT",50,"cliver",0.327379863872807
"1361",136,"Simu1","NIT",50,"cliver",0.313156017225166
"1362",136.1,"Simu1","NIT",50,"cliver",0.299363247297653
"1363",136.2,"Simu1","NIT",50,"cliver",0.286000436022729
"1364",136.3,"Simu1","NIT",50,"cliver",0.273065601800825
"1365",136.4,"Simu1","NIT",50,"cliver",0.260556047075619
"1366",136.5,"Simu1","NIT",50,"cliver",0.248468423001052
"1367",136.6,"Simu1","NIT",50,"cliver",0.236798790290025
"1368",136.7,"Simu1","NIT",50,"cliver",0.225542703316311
"1369",136.8,"Simu1","NIT",50,"cliver",0.214695268439604
"1370",136.9,"Simu1","NIT",50,"cliver",0.204251172643941
"1371",137,"Simu1","NIT",50,"cliver",0.194204708511852
"1372",137.1,"Simu1","NIT",50,"cliver",0.184549803287216
"1373",137.2,"Simu1","NIT",50,"cliver",0.175280031245011
"1374",137.3,"Simu1","NIT",50,"cliver",0.166388622402941
"1375",137.4,"Simu1","NIT",50,"cliver",0.157868455463405
"1376",137.5,"Simu1","NIT",50,"cliver",0.149712080358995
"1377",137.6,"Simu1","NIT",50,"cliver",0.141911685284332
"1378",137.7,"Simu1","NIT",50,"cliver",0.13445911050083
"1379",137.8,"Simu1","NIT",50,"cliver",0.127345872928124
"1380",137.9,"Simu1","NIT",50,"cliver",0.120563161677026
"1381",138,"Simu1","NIT",50,"cliver",0.115358755133166
"1382",138.1,"Simu1","NIT",50,"cliver",0.437000932403595
"1383",138.2,"Simu1","NIT",50,"cliver",0.605171046676122
"1384",138.3,"Simu1","NIT",50,"cliver",0.680672355964368
"1385",138.4,"Simu1","NIT",50,"cliver",0.728784115562985
"1386",138.5,"Simu1","NIT",50,"cliver",0.762564794614604
"1387",138.6,"Simu1","NIT",50,"cliver",0.786023722317384
"1388",138.7,"Simu1","NIT",50,"cliver",0.80121976188582
"1389",138.8,"Simu1","NIT",50,"cliver",0.809627770285896
"1390",138.9,"Simu1","NIT",50,"cliver",0.81242914527389
"1391",139,"Simu1","NIT",50,"cliver",0.810605430806
"1392",139.1,"Simu1","NIT",50,"cliver",0.804974663828036
"1393",139.2,"Simu1","NIT",50,"cliver",0.796221444131403
"1394",139.3,"Simu1","NIT",50,"cliver",0.784919937883431
"1395",139.4,"Simu1","NIT",50,"cliver",0.771552229437152
"1396",139.5,"Simu1","NIT",50,"cliver",0.756522446604696
"1397",139.6,"Simu1","NIT",50,"cliver",0.740170404801093
"1398",139.7,"Simu1","NIT",50,"cliver",0.722782293492387
"1399",139.8,"Simu1","NIT",50,"cliver",0.704599041462082
"1400",139.9,"Simu1","NIT",50,"cliver",0.685823491046658
"1401",140,"Simu1","NIT",50,"cliver",0.666626502925028
"1402",140.1,"Simu1","NIT",50,"cliver",0.647152180758745
"1403",140.2,"Simu1","NIT",50,"cliver",0.627522124558122
"1404",140.3,"Simu1","NIT",50,"cliver",0.607838845769713
"1405",140.4,"Simu1","NIT",50,"cliver",0.588188667006196
"1406",140.5,"Simu1","NIT",50,"cliver",0.56864423458373
"1407",140.6,"Simu1","NIT",50,"cliver",0.549266632934451
"1408",140.7,"Simu1","NIT",50,"cliver",0.530107147102225
"1409",140.8,"Simu1","NIT",50,"cliver",0.511208685315312
"1410",140.9,"Simu1","NIT",50,"cliver",0.492607043399849
"1411",141,"Simu1","NIT",50,"cliver",0.474331888921185
"1412",141.1,"Simu1","NIT",50,"cliver",0.456407767751506
"1413",141.2,"Simu1","NIT",50,"cliver",0.438854662836409
"1414",141.3,"Simu1","NIT",50,"cliver",0.421688953186618
"1415",141.4,"Simu1","NIT",50,"cliver",0.404923378677902
"1416",141.5,"Simu1","NIT",50,"cliver",0.388568399520587
"1417",141.6,"Simu1","NIT",50,"cliver",0.372631656287096
"1418",141.7,"Simu1","NIT",50,"cliver",0.357118725411312
"1419",141.8,"Simu1","NIT",50,"cliver",0.342033676893994
"1420",141.9,"Simu1","NIT",50,"cliver",0.327378718657865
"1421",142,"Simu1","NIT",50,"cliver",0.31315490671319
"1422",142.1,"Simu1","NIT",50,"cliver",0.299362251028542
"1423",142.2,"Simu1","NIT",50,"cliver",0.285999443839292
"1424",142.3,"Simu1","NIT",50,"cliver",0.273064622429568
"1425",142.4,"Simu1","NIT",50,"cliver",0.260555185852585
"1426",142.5,"Simu1","NIT",50,"cliver",0.248467551681398
"1427",142.6,"Simu1","NIT",50,"cliver",0.236797908150793
"1428",142.7,"Simu1","NIT",50,"cliver",0.225541941760475
"1429",142.8,"Simu1","NIT",50,"cliver",0.214694496688365
"1430",142.9,"Simu1","NIT",50,"cliver",0.204250390239003
"1431",143,"Simu1","NIT",50,"cliver",0.194204044327522
"1432",143.1,"Simu1","NIT",50,"cliver",0.184549141572756
"1433",143.2,"Simu1","NIT",50,"cliver",0.175279359295304
"1434",143.3,"Simu1","NIT",50,"cliver",0.166387997447184
"1435",143.4,"Simu1","NIT",50,"cliver",0.157867858779931
"1436",143.5,"Simu1","NIT",50,"cliver",0.149711514420153
"1437",143.6,"Simu1","NIT",50,"cliver",0.141911103874285
"1438",143.7,"Simu1","NIT",50,"cliver",0.134458599882421
"1439",143.8,"Simu1","NIT",50,"cliver",0.127345311467398
"1440",143.9,"Simu1","NIT",50,"cliver",0.120562693828347
"1441",144,"Simu1","NIT",50,"cliver",0.115358259750151
"1442",144.1,"Simu1","NIT",50,"cliver",0.437000947936808
"1443",144.2,"Simu1","NIT",50,"cliver",0.605173676900595
"1444",144.3,"Simu1","NIT",50,"cliver",0.680675748469596
"1445",144.4,"Simu1","NIT",50,"cliver",0.728787648188927
"1446",144.5,"Simu1","NIT",50,"cliver",0.762568233905692
"1447",144.6,"Simu1","NIT",50,"cliver",0.786027751814812
"1448",144.7,"Simu1","NIT",50,"cliver",0.801224549535353
"1449",144.8,"Simu1","NIT",50,"cliver",0.80963209923815
"1450",144.9,"Simu1","NIT",50,"cliver",0.812433685794926
"1451",145,"Simu1","NIT",50,"cliver",0.810609991137839
"1452",145.1,"Simu1","NIT",50,"cliver",0.804979243976013
"1453",145.2,"Simu1","NIT",50,"cliver",0.79622611633685
"1454",145.3,"Simu1","NIT",50,"cliver",0.784924558128003
"1455",145.4,"Simu1","NIT",50,"cliver",0.771556788498226
"1456",145.5,"Simu1","NIT",50,"cliver",0.756526990745599
"1457",145.6,"Simu1","NIT",50,"cliver",0.740174897152011
"1458",145.7,"Simu1","NIT",50,"cliver",0.722786663498688
"1459",145.8,"Simu1","NIT",50,"cliver",0.704603300265525
"1460",145.9,"Simu1","NIT",50,"cliver",0.685827665452017
"1461",146,"Simu1","NIT",50,"cliver",0.666630626802905
"1462",146.1,"Simu1","NIT",50,"cliver",0.647156247492578
"1463",146.2,"Simu1","NIT",50,"cliver",0.627526110388156
"1464",146.3,"Simu1","NIT",50,"cliver",0.607842736801703
"1465",146.4,"Simu1","NIT",50,"cliver",0.58819246494432
"1466",146.5,"Simu1","NIT",50,"cliver",0.568647941570635
"1467",146.6,"Simu1","NIT",50,"cliver",0.549270248539835
"1468",146.7,"Simu1","NIT",50,"cliver",0.530110663604726
"1469",146.8,"Simu1","NIT",50,"cliver",0.5112121060905
"1470",146.9,"Simu1","NIT",50,"cliver",0.492610359901278
"1471",147,"Simu1","NIT",50,"cliver",0.474335118048782
"1472",147.1,"Simu1","NIT",50,"cliver",0.456410882887992
"1473",147.2,"Simu1","NIT",50,"cliver",0.438857710607559
"1474",147.3,"Simu1","NIT",50,"cliver",0.421691854532458
"1475",147.4,"Simu1","NIT",50,"cliver",0.404926286476372
"1476",147.5,"Simu1","NIT",50,"cliver",0.38857117816137
"1477",147.6,"Simu1","NIT",50,"cliver",0.372634289053051
"1478",147.7,"Simu1","NIT",50,"cliver",0.357121300668376
"1479",147.8,"Simu1","NIT",50,"cliver",0.342036104190934
"1480",147.9,"Simu1","NIT",50,"cliver",0.327381051467417
"1481",148,"Simu1","NIT",50,"cliver",0.313157175300742
"1482",148.1,"Simu1","NIT",50,"cliver",0.299364361830914
"1483",148.2,"Simu1","NIT",50,"cliver",0.286001501429483
"1484",148.3,"Simu1","NIT",50,"cliver",0.273066629676583
"1485",148.4,"Simu1","NIT",50,"cliver",0.260557040964298
"1486",148.5,"Simu1","NIT",50,"cliver",0.248469376802387
"1487",148.6,"Simu1","NIT",50,"cliver",0.236799703810955
"1488",148.7,"Simu1","NIT",50,"cliver",0.225543581344115
"1489",148.8,"Simu1","NIT",50,"cliver",0.214696112227772
"1490",148.9,"Simu1","NIT",50,"cliver",0.204251980618432
"1491",149,"Simu1","NIT",50,"cliver",0.194205481466954
"1492",149.1,"Simu1","NIT",50,"cliver",0.184550543090602
"1493",149.2,"Simu1","NIT",50,"cliver",0.1752807392305
"1494",149.3,"Simu1","NIT",50,"cliver",0.166389298015771
"1495",149.4,"Simu1","NIT",50,"cliver",0.157869100656785
"1496",149.5,"Simu1","NIT",50,"cliver",0.149712686176105
"1497",149.6,"Simu1","NIT",50,"cliver",0.141912254155239
"1498",149.7,"Simu1","NIT",50,"cliver",0.134459657633852
"1499",149.8,"Simu1","NIT",50,"cliver",0.127346401084633
"1500",149.9,"Simu1","NIT",50,"cliver",0.120563657715077
"1501",150,"Simu1","NIT",50,"cliver",0.115359190401485
"1502",150.1,"Simu1","NIT",50,"cliver",0.437001799533281
"1503",150.2,"Simu1","NIT",50,"cliver",0.605172439715119
"1504",150.3,"Simu1","NIT",50,"cliver",0.680674117364065
"1505",150.4,"Simu1","NIT",50,"cliver",0.728784659098928
"1506",150.5,"Simu1","NIT",50,"cliver",0.76256649923997
"1507",150.6,"Simu1","NIT",50,"cliver",0.786026116549764
"1508",150.7,"Simu1","NIT",50,"cliver",0.801222704994379
"1509",150.8,"Simu1","NIT",50,"cliver",0.809629923233409
"1510",150.9,"Simu1","NIT",50,"cliver",0.812431364756922
"1511",151,"Simu1","NIT",50,"cliver",0.810607337431815
"1512",151.1,"Simu1","NIT",50,"cliver",0.80497609335325
"1513",151.2,"Simu1","NIT",50,"cliver",0.796222971503165
"1514",151.3,"Simu1","NIT",50,"cliver",0.784921715264284
"1515",151.4,"Simu1","NIT",50,"cliver",0.77155373710354
"1516",151.5,"Simu1","NIT",50,"cliver",0.756523724533609
"1517",151.6,"Simu1","NIT",50,"cliver",0.740171782018745
"1518",151.7,"Simu1","NIT",50,"cliver",0.722783831719101
"1519",151.8,"Simu1","NIT",50,"cliver",0.704600538176468
"1520",151.9,"Simu1","NIT",50,"cliver",0.685824786079707
"1521",152,"Simu1","NIT",50,"cliver",0.66662767245352
"1522",152.1,"Simu1","NIT",50,"cliver",0.647153356404275
"1523",152.2,"Simu1","NIT",50,"cliver",0.627523377141812
"1524",152.3,"Simu1","NIT",50,"cliver",0.607840050604445
"1525",152.4,"Simu1","NIT",50,"cliver",0.588189942167672
"1526",152.5,"Simu1","NIT",50,"cliver",0.568645246541302
"1527",152.6,"Simu1","NIT",50,"cliver",0.549267755837459
"1528",152.7,"Simu1","NIT",50,"cliver",0.530108253995115
"1529",152.8,"Simu1","NIT",50,"cliver",0.511209576322863
"1530",152.9,"Simu1","NIT",50,"cliver",0.492607700507131
"1531",153,"Simu1","NIT",50,"cliver",0.474332403488298
"1532",153.1,"Simu1","NIT",50,"cliver",0.456408567388397
"1533",153.2,"Simu1","NIT",50,"cliver",0.438855852369748
"1534",153.3,"Simu1","NIT",50,"cliver",0.421690234266372
"1535",153.4,"Simu1","NIT",50,"cliver",0.404924739902085
"1536",153.5,"Simu1","NIT",50,"cliver",0.388569669753856
"1537",153.6,"Simu1","NIT",50,"cliver",0.372632835708197
"1538",153.7,"Simu1","NIT",50,"cliver",0.35711991245419
"1539",153.8,"Simu1","NIT",50,"cliver",0.342034779964987
"1540",153.9,"Simu1","NIT",50,"cliver",0.327379783236855
"1541",154,"Simu1","NIT",50,"cliver",0.313155952421993
"1542",154.1,"Simu1","NIT",50,"cliver",0.299363175783081
"1543",154.2,"Simu1","NIT",50,"cliver",0.286000346250547
"1544",154.3,"Simu1","NIT",50,"cliver",0.27306548843731
"1545",154.4,"Simu1","NIT",50,"cliver",0.260555900032635
"1546",154.5,"Simu1","NIT",50,"cliver",0.248468242195202
"1547",154.6,"Simu1","NIT",50,"cliver",0.23679859273496
"1548",154.7,"Simu1","NIT",50,"cliver",0.225542504190246
"1549",154.8,"Simu1","NIT",50,"cliver",0.21469506829647
"1550",154.9,"Simu1","NIT",50,"cliver",0.204250966584022
"1551",155,"Simu1","NIT",50,"cliver",0.194204498697408
"1552",155.1,"Simu1","NIT",50,"cliver",0.184549595004468
"1553",155.2,"Simu1","NIT",50,"cliver",0.175279827461459
"1554",155.3,"Simu1","NIT",50,"cliver",0.166388420833539
"1555",155.4,"Simu1","NIT",50,"cliver",0.157868258580448
"1556",155.5,"Simu1","NIT",50,"cliver",0.149711881500524
"1557",155.6,"Simu1","NIT",50,"cliver",0.141911485220717
"1558",155.7,"Simu1","NIT",50,"cliver",0.134458920219571
"1559",155.8,"Simu1","NIT",50,"cliver",0.127345695679094
"1560",155.9,"Simu1","NIT",50,"cliver",0.120562984616035
"1561",156,"Simu1","NIT",50,"cliver",0.115358528859772
"1562",156.1,"Simu1","NIT",50,"cliver",0.437001209616244
"1563",156.2,"Simu1","NIT",50,"cliver",0.605171880902786
"1564",156.3,"Simu1","NIT",50,"cliver",0.680673611606411
"1565",156.4,"Simu1","NIT",50,"cliver",0.72878415452939
"1566",156.5,"Simu1","NIT",50,"cliver",0.762566007020912
"1567",156.6,"Simu1","NIT",50,"cliver",0.786025637582668
"1568",156.7,"Simu1","NIT",50,"cliver",0.801222255889067
"1569",156.8,"Simu1","NIT",50,"cliver",0.80962947916709
"1570",156.9,"Simu1","NIT",50,"cliver",0.812430952512028
"1571",157,"Simu1","NIT",50,"cliver",0.810606950741816
"1572",157.1,"Simu1","NIT",50,"cliver",0.804975717270065
"1573",157.2,"Simu1","NIT",50,"cliver",0.796222598782046
"1574",157.3,"Simu1","NIT",50,"cliver",0.784921368650991
"1575",157.4,"Simu1","NIT",50,"cliver",0.771553412019159
"1576",157.5,"Simu1","NIT",50,"cliver",0.756523402829279
"1577",157.6,"Simu1","NIT",50,"cliver",0.740171463838851
"1578",157.7,"Simu1","NIT",50,"cliver",0.722783523059995
"1579",157.8,"Simu1","NIT",50,"cliver",0.704600241688481
"1580",157.9,"Simu1","NIT",50,"cliver",0.685824507533474
"1581",158,"Simu1","NIT",50,"cliver",0.666627404470416
"1582",158.1,"Simu1","NIT",50,"cliver",0.64715309607169
"1583",158.2,"Simu1","NIT",50,"cliver",0.627523124261277
"1584",158.3,"Simu1","NIT",50,"cliver",0.607839813302371
"1585",158.4,"Simu1","NIT",50,"cliver",0.58818970568474
"1586",158.5,"Simu1","NIT",50,"cliver",0.568644948816359
"1587",158.6,"Simu1","NIT",50,"cliver",0.54926754475978
"1588",158.7,"Simu1","NIT",50,"cliver",0.530108066026422
"1589",158.8,"Simu1","NIT",50,"cliver",0.511209401746028
"1590",158.9,"Simu1","NIT",50,"cliver",0.492607512991563
"1591",159,"Simu1","NIT",50,"cliver",0.47433221069368
"1592",159.1,"Simu1","NIT",50,"cliver",0.456408354347831
"1593",159.2,"Simu1","NIT",50,"cliver",0.438855643614137
"1594",159.3,"Simu1","NIT",50,"cliver",0.421690059474105
"1595",159.4,"Simu1","NIT",50,"cliver",0.404924584002061
"1596",159.5,"Simu1","NIT",50,"cliver",0.388569519850327
"1597",159.6,"Simu1","NIT",50,"cliver",0.372632689709317
"1598",159.7,"Simu1","NIT",50,"cliver",0.357119771714054
"1599",159.8,"Simu1","NIT",50,"cliver",0.342034646242741
"1600",159.9,"Simu1","NIT",50,"cliver",0.327379656918582
"1601",160,"Simu1","NIT",50,"cliver",0.313155832821214
"1602",160.1,"Simu1","NIT",50,"cliver",0.299363062003654
"1603",160.2,"Simu1","NIT",50,"cliver",0.286000240069152
"1604",160.3,"Simu1","NIT",50,"cliver",0.273065390789876
"1605",160.4,"Simu1","NIT",50,"cliver",0.260555808581912
"1606",160.5,"Simu1","NIT",50,"cliver",0.248468153912515
"1607",160.6,"Simu1","NIT",50,"cliver",0.236798507093582
"1608",160.7,"Simu1","NIT",50,"cliver",0.225542422404344
"1609",160.8,"Simu1","NIT",50,"cliver",0.214694991160268
"1610",160.9,"Simu1","NIT",50,"cliver",0.20425089371063
"1611",161,"Simu1","NIT",50,"cliver",0.194204429292498
"1612",161.1,"Simu1","NIT",50,"cliver",0.184549528827944
"1613",161.2,"Simu1","NIT",50,"cliver",0.175279764734777
"1614",161.3,"Simu1","NIT",50,"cliver",0.166388361606546
"1615",161.4,"Simu1","NIT",50,"cliver",0.157868202575323
"1616",161.5,"Simu1","NIT",50,"cliver",0.14971182845279
"1617",161.6,"Simu1","NIT",50,"cliver",0.14191143504469
"1618",161.7,"Simu1","NIT",50,"cliver",0.134458872872104
"1619",161.8,"Simu1","NIT",50,"cliver",0.12734565104597
"1620",161.9,"Simu1","NIT",50,"cliver",0.120562942782782
"1621",162,"Simu1","NIT",50,"cliver",0.115358527682261
"1622",162.1,"Simu1","NIT",50,"cliver",0.437001283915442
"1623",162.2,"Simu1","NIT",50,"cliver",0.605173279148256
"1624",162.3,"Simu1","NIT",50,"cliver",0.680676057226606
"1625",162.4,"Simu1","NIT",50,"cliver",0.728786966390018
"1626",162.5,"Simu1","NIT",50,"cliver",0.762566670193504
"1627",162.6,"Simu1","NIT",50,"cliver",0.78602633760805
"1628",162.7,"Simu1","NIT",50,"cliver",0.801222633924965
"1629",162.8,"Simu1","NIT",50,"cliver",0.809630543588965
"1630",162.9,"Simu1","NIT",50,"cliver",0.812431943008301
"1631",163,"Simu1","NIT",50,"cliver",0.810607609120294
"1632",163.1,"Simu1","NIT",50,"cliver",0.804977173435694
"1633",163.2,"Simu1","NIT",50,"cliver",0.796224475207738
"1634",163.3,"Simu1","NIT",50,"cliver",0.78492279392198
"1635",163.4,"Simu1","NIT",50,"cliver",0.77155459888439
"1636",163.5,"Simu1","NIT",50,"cliver",0.756525205430607
"1637",163.6,"Simu1","NIT",50,"cliver",0.740173813551977
"1638",163.7,"Simu1","NIT",50,"cliver",0.722785919598255
"1639",163.8,"Simu1","NIT",50,"cliver",0.704602715724611
"1640",163.9,"Simu1","NIT",50,"cliver",0.685827140347305
"1641",164,"Simu1","NIT",50,"cliver",0.666629919686709
"1642",164.1,"Simu1","NIT",50,"cliver",0.647155315228601
"1643",164.2,"Simu1","NIT",50,"cliver",0.627525160482596
"1644",164.3,"Simu1","NIT",50,"cliver",0.607841820722142
"1645",164.4,"Simu1","NIT",50,"cliver",0.588191508411666
"1646",164.5,"Simu1","NIT",50,"cliver",0.568646868040818
"1647",164.6,"Simu1","NIT",50,"cliver",0.549269083057779
"1648",164.7,"Simu1","NIT",50,"cliver",0.530109474338481
"1649",164.8,"Simu1","NIT",50,"cliver",0.511210921133223
"1650",164.9,"Simu1","NIT",50,"cliver",0.492609166439142
"1651",165,"Simu1","NIT",50,"cliver",0.474333909094196
"1652",165.1,"Simu1","NIT",50,"cliver",0.456409669997258
"1653",165.2,"Simu1","NIT",50,"cliver",0.438856512361632
"1654",165.3,"Simu1","NIT",50,"cliver",0.421690675289149
"1655",165.4,"Simu1","NIT",50,"cliver",0.404925128565935
"1656",165.5,"Simu1","NIT",50,"cliver",0.388570041829542
"1657",165.6,"Simu1","NIT",50,"cliver",0.372633175161458
"1658",165.7,"Simu1","NIT",50,"cliver",0.357120210586878
"1659",165.8,"Simu1","NIT",50,"cliver",0.34203504054717
"1660",165.9,"Simu1","NIT",50,"cliver",0.327380018593892
"1661",166,"Simu1","NIT",50,"cliver",0.313156173169287
"1662",166.1,"Simu1","NIT",50,"cliver",0.299363388388557
"1663",166.2,"Simu1","NIT",50,"cliver",0.286000558240597
"1664",166.3,"Simu1","NIT",50,"cliver",0.273065719030385
"1665",166.4,"Simu1","NIT",50,"cliver",0.260556162405162
"1666",166.5,"Simu1","NIT",50,"cliver",0.248468528976093
"1667",166.6,"Simu1","NIT",50,"cliver",0.236798886926909
"1668",166.7,"Simu1","NIT",50,"cliver",0.225542795729467
"1669",166.8,"Simu1","NIT",50,"cliver",0.214695357253114
"1670",166.9,"Simu1","NIT",50,"cliver",0.20425125542231
"1671",167,"Simu1","NIT",50,"cliver",0.194204785810849
"1672",167.1,"Simu1","NIT",50,"cliver",0.184549876461274
"1673",167.2,"Simu1","NIT",50,"cliver",0.175280101307511
"1674",167.3,"Simu1","NIT",50,"cliver",0.166388687430766
"1675",167.4,"Simu1","NIT",50,"cliver",0.157868518175692
"1676",167.5,"Simu1","NIT",50,"cliver",0.149712133239803
"1677",167.6,"Simu1","NIT",50,"cliver",0.141911728320881
"1678",167.7,"Simu1","NIT",50,"cliver",0.134459154271518
"1679",167.8,"Simu1","NIT",50,"cliver",0.127345921167017
"1680",167.9,"Simu1","NIT",50,"cliver",0.120563200621936
"1681",168,"Simu1","NIT",50,"cliver",0.115358757972263
"1682",168.1,"Simu1","NIT",50,"cliver",0.437001276050036
"1683",168.2,"Simu1","NIT",50,"cliver",0.605171522439824
"1684",168.3,"Simu1","NIT",50,"cliver",0.680672879027506
"1685",168.4,"Simu1","NIT",50,"cliver",0.728784992666173
"1686",168.5,"Simu1","NIT",50,"cliver",0.76256546967277
"1687",168.6,"Simu1","NIT",50,"cliver",0.786024891850728
"1688",168.7,"Simu1","NIT",50,"cliver",0.801221931799366
"1689",168.8,"Simu1","NIT",50,"cliver",0.809628990246623
"1690",168.9,"Simu1","NIT",50,"cliver",0.812430357472478
"1691",169,"Simu1","NIT",50,"cliver",0.810606080395886
"1692",169.1,"Simu1","NIT",50,"cliver",0.804975075267896
"1693",169.2,"Simu1","NIT",50,"cliver",0.796222052892237
"1694",169.3,"Simu1","NIT",50,"cliver",0.784920684074776
"1695",169.4,"Simu1","NIT",50,"cliver",0.771552855672878
"1696",169.5,"Simu1","NIT",50,"cliver",0.756523057702503
"1697",169.6,"Simu1","NIT",50,"cliver",0.74017111396169
"1698",169.7,"Simu1","NIT",50,"cliver",0.722783032753036
"1699",169.8,"Simu1","NIT",50,"cliver",0.704599729306163
"1700",169.9,"Simu1","NIT",50,"cliver",0.685824105897129
"1701",170,"Simu1","NIT",50,"cliver",0.666627101837269
"1702",170.1,"Simu1","NIT",50,"cliver",0.647152836472734
"1703",170.2,"Simu1","NIT",50,"cliver",0.627522814237636
"1704",170.3,"Simu1","NIT",50,"cliver",0.607839508179917
"1705",170.4,"Simu1","NIT",50,"cliver",0.588189279695413
"1706",170.5,"Simu1","NIT",50,"cliver",0.568644813482526
"1707",170.6,"Simu1","NIT",50,"cliver",0.549267200846278
"1708",170.7,"Simu1","NIT",50,"cliver",0.530107701090428
"1709",170.8,"Simu1","NIT",50,"cliver",0.511209221222515
"1710",170.9,"Simu1","NIT",50,"cliver",0.492607547105154
"1711",171,"Simu1","NIT",50,"cliver",0.474332381725062
"1712",171.1,"Simu1","NIT",50,"cliver",0.456408226580794
"1713",171.2,"Simu1","NIT",50,"cliver",0.438855136820587
"1714",171.3,"Simu1","NIT",50,"cliver",0.421689357698243
"1715",171.4,"Simu1","NIT",50,"cliver",0.4049238688908
"1716",171.5,"Simu1","NIT",50,"cliver",0.388568839140651
"1717",171.6,"Simu1","NIT",50,"cliver",0.372632030328828
"1718",171.7,"Simu1","NIT",50,"cliver",0.357119112579119
"1719",171.8,"Simu1","NIT",50,"cliver",0.342033988646496
"1720",171.9,"Simu1","NIT",50,"cliver",0.327379011528569
"1721",172,"Simu1","NIT",50,"cliver",0.313155208352343
"1722",172.1,"Simu1","NIT",50,"cliver",0.299362464116476
"1723",172.2,"Simu1","NIT",50,"cliver",0.285999672522066
"1724",172.3,"Simu1","NIT",50,"cliver",0.273064869816007
"1725",172.4,"Simu1","NIT",50,"cliver",0.26055534827185
"1726",172.5,"Simu1","NIT",50,"cliver",0.248467748930817
"1727",172.6,"Simu1","NIT",50,"cliver",0.236798139738423
"1728",172.7,"Simu1","NIT",50,"cliver",0.225542080261089
"1729",172.8,"Simu1","NIT",50,"cliver",0.214694672569608
"1730",172.9,"Simu1","NIT",50,"cliver",0.204250600585937
"1731",173,"Simu1","NIT",50,"cliver",0.194204159878119
"1732",173.1,"Simu1","NIT",50,"cliver",0.184549278582766
"1733",173.2,"Simu1","NIT",50,"cliver",0.175279530644315
"1734",173.3,"Simu1","NIT",50,"cliver",0.166388143167784
"1735",173.4,"Simu1","NIT",50,"cliver",0.15786799947984
"1736",173.5,"Simu1","NIT",50,"cliver",0.149711639394977
"1737",173.6,"Simu1","NIT",50,"cliver",0.141911258371974
"1738",173.7,"Simu1","NIT",50,"cliver",0.13445870753776
"1739",173.8,"Simu1","NIT",50,"cliver",0.127345496275732
"1740",173.9,"Simu1","NIT",50,"cliver",0.120562803818795
"1741",174,"Simu1","NIT",50,"cliver",0.115358340167057
"1742",174.1,"Simu1","NIT",50,"cliver",0.43700116627223
"1743",174.2,"Simu1","NIT",50,"cliver",0.605171694265056
"1744",174.3,"Simu1","NIT",50,"cliver",0.680673654866461
"1745",174.4,"Simu1","NIT",50,"cliver",0.728785183771805
"1746",174.5,"Simu1","NIT",50,"cliver",0.762565206642614
"1747",174.6,"Simu1","NIT",50,"cliver",0.786024213131182
"1748",174.7,"Simu1","NIT",50,"cliver",0.801221821292657
"1749",174.8,"Simu1","NIT",50,"cliver",0.809628916219752
"1750",174.9,"Simu1","NIT",50,"cliver",0.812430494364338
"1751",175,"Simu1","NIT",50,"cliver",0.810606674020603
"1752",175.1,"Simu1","NIT",50,"cliver",0.804975453915618
"1753",175.2,"Simu1","NIT",50,"cliver",0.796222246590211
"1754",175.3,"Simu1","NIT",50,"cliver",0.784921130746239
"1755",175.4,"Simu1","NIT",50,"cliver",0.771553388042005
"1756",175.5,"Simu1","NIT",50,"cliver",0.756523606870563
"1757",175.6,"Simu1","NIT",50,"cliver",0.74017175604224
"1758",175.7,"Simu1","NIT",50,"cliver",0.722783823502535
"1759",175.8,"Simu1","NIT",50,"cliver",0.704600657212734
"1760",175.9,"Simu1","NIT",50,"cliver",0.6858251282455
"1761",176,"Simu1","NIT",50,"cliver",0.666628276350789
"1762",176.1,"Simu1","NIT",50,"cliver",0.64715410653856
"1763",176.2,"Simu1","NIT",50,"cliver",0.627524114077753
"1764",176.3,"Simu1","NIT",50,"cliver",0.607840630110174
"1765",176.4,"Simu1","NIT",50,"cliver",0.588190235170874
"1766",176.5,"Simu1","NIT",50,"cliver",0.568645729220812
"1767",176.6,"Simu1","NIT",50,"cliver",0.549268082274445
"1768",176.7,"Simu1","NIT",50,"cliver",0.530108551052816
"1769",176.8,"Simu1","NIT",50,"cliver",0.511210021462775
"1770",176.9,"Simu1","NIT",50,"cliver",0.492608157528004
"1771",177,"Simu1","NIT",50,"cliver",0.474332710028495
"1772",177.1,"Simu1","NIT",50,"cliver",0.456408300747941
"1773",177.2,"Simu1","NIT",50,"cliver",0.438855237043682
"1774",177.3,"Simu1","NIT",50,"cliver",0.421689801207678
"1775",177.4,"Simu1","NIT",50,"cliver",0.404924597741317
"1776",177.5,"Simu1","NIT",50,"cliver",0.388569657510424
"1777",177.6,"Simu1","NIT",50,"cliver",0.372632812153649
"1778",177.7,"Simu1","NIT",50,"cliver",0.357119847732327
"1779",177.8,"Simu1","NIT",50,"cliver",0.342034696734235
"1780",177.9,"Simu1","NIT",50,"cliver",0.327379703975841
"1781",178,"Simu1","NIT",50,"cliver",0.313155881647603
"1782",178.1,"Simu1","NIT",50,"cliver",0.299363109173793
"1783",178.2,"Simu1","NIT",50,"cliver",0.286000284749356
"1784",178.3,"Simu1","NIT",50,"cliver",0.273065449528569
"1785",178.4,"Simu1","NIT",50,"cliver",0.260555894020344
"1786",178.5,"Simu1","NIT",50,"cliver",0.24846824912914
"1787",178.6,"Simu1","NIT",50,"cliver",0.236798586385775
"1788",178.7,"Simu1","NIT",50,"cliver",0.22554247994761
"1789",178.8,"Simu1","NIT",50,"cliver",0.214695038866602
"1790",178.9,"Simu1","NIT",50,"cliver",0.204250942306474
"1791",179,"Simu1","NIT",50,"cliver",0.194204478599776
"1792",179.1,"Simu1","NIT",50,"cliver",0.184549572934443
"1793",179.2,"Simu1","NIT",50,"cliver",0.175279802456049
"1794",179.3,"Simu1","NIT",50,"cliver",0.166388396410091
"1795",179.4,"Simu1","NIT",50,"cliver",0.157868236599617
"1796",179.5,"Simu1","NIT",50,"cliver",0.149711860730549
"1797",179.6,"Simu1","NIT",50,"cliver",0.141911464474879
"1798",179.7,"Simu1","NIT",50,"cliver",0.134458899918117
"1799",179.8,"Simu1","NIT",50,"cliver",0.127345676432977
"1800",179.9,"Simu1","NIT",50,"cliver",0.120562966650823
"1801",180,"Simu1","NIT",50,"cliver",0.115358523953111
"1802",180.1,"Simu1","NIT",50,"cliver",0.437001184332076
"1803",180.2,"Simu1","NIT",50,"cliver",0.605171844452342
"1804",180.3,"Simu1","NIT",50,"cliver",0.680673551320036
"1805",180.4,"Simu1","NIT",50,"cliver",0.728784101213366
"1806",180.5,"Simu1","NIT",50,"cliver",0.762565956283824
"1807",180.6,"Simu1","NIT",50,"cliver",0.786025588323718
"1808",180.7,"Simu1","NIT",50,"cliver",0.801222198114013
"1809",180.8,"Simu1","NIT",50,"cliver",0.809629428116616
"1810",180.9,"Simu1","NIT",50,"cliver",0.812430891699895
"1811",181,"Simu1","NIT",50,"cliver",0.810606883626085
"1812",181.1,"Simu1","NIT",50,"cliver",0.804975653181164
"1813",181.2,"Simu1","NIT",50,"cliver",0.796222542571262
"1814",181.3,"Simu1","NIT",50,"cliver",0.784921305872757
"1815",181.4,"Simu1","NIT",50,"cliver",0.771553345115453
"1816",181.5,"Simu1","NIT",50,"cliver",0.756523342926171
"1817",181.6,"Simu1","NIT",50,"cliver",0.740171410806212
"1818",181.7,"Simu1","NIT",50,"cliver",0.722783472861296
"1819",181.8,"Simu1","NIT",50,"cliver",0.704600192576416
"1820",181.9,"Simu1","NIT",50,"cliver",0.685824459121102
"1821",182,"Simu1","NIT",50,"cliver",0.66662735492761
"1822",182.1,"Simu1","NIT",50,"cliver",0.647153049265062
"1823",182.2,"Simu1","NIT",50,"cliver",0.627523080685678
"1824",182.3,"Simu1","NIT",50,"cliver",0.607839767432509
"1825",182.4,"Simu1","NIT",50,"cliver",0.588189667079882
"1826",182.5,"Simu1","NIT",50,"cliver",0.568644945654234
"1827",182.6,"Simu1","NIT",50,"cliver",0.549267503502316
"1828",182.7,"Simu1","NIT",50,"cliver",0.53010801774797
"1829",182.8,"Simu1","NIT",50,"cliver",0.511209354544469
"1830",182.9,"Simu1","NIT",50,"cliver",0.492607475347587
"1831",183,"Simu1","NIT",50,"cliver",0.474332182495627
"1832",183.1,"Simu1","NIT",50,"cliver",0.456408338840036
"1833",183.2,"Simu1","NIT",50,"cliver",0.438855638668221
"1834",183.3,"Simu1","NIT",50,"cliver",0.421690038912446
"1835",183.4,"Simu1","NIT",50,"cliver",0.404924556822497
"1836",183.5,"Simu1","NIT",50,"cliver",0.388569493989584
"1837",183.6,"Simu1","NIT",50,"cliver",0.372632666405225
"1838",183.7,"Simu1","NIT",50,"cliver",0.357119749949786
"1839",183.8,"Simu1","NIT",50,"cliver",0.34203462475527
"1840",183.9,"Simu1","NIT",50,"cliver",0.327379635297669
"1841",184,"Simu1","NIT",50,"cliver",0.313155811340282
"1842",184.1,"Simu1","NIT",50,"cliver",0.299363041088756
"1843",184.2,"Simu1","NIT",50,"cliver",0.286000218483166
"1844",184.3,"Simu1","NIT",50,"cliver",0.273065367803658
"1845",184.4,"Simu1","NIT",50,"cliver",0.260555785478669
"1846",184.5,"Simu1","NIT",50,"cliver",0.248468132458517
"1847",184.6,"Simu1","NIT",50,"cliver",0.236798487523769
"1848",184.7,"Simu1","NIT",50,"cliver",0.225542403855584
"1849",184.8,"Simu1","NIT",50,"cliver",0.214694973011943
"1850",184.9,"Simu1","NIT",50,"cliver",0.204250876078116
"1851",185,"Simu1","NIT",50,"cliver",0.194204412561726
"1852",185.1,"Simu1","NIT",50,"cliver",0.184549513050127
"1853",185.2,"Simu1","NIT",50,"cliver",0.175279749670373
"1854",185.3,"Simu1","NIT",50,"cliver",0.166388347118519
"1855",185.4,"Simu1","NIT",50,"cliver",0.157868188734748
"1856",185.5,"Simu1","NIT",50,"cliver",0.149711815327706
"1857",185.6,"Simu1","NIT",50,"cliver",0.141911422593733
"1858",185.7,"Simu1","NIT",50,"cliver",0.134458861026026
"1859",185.8,"Simu1","NIT",50,"cliver",0.127345639782372
"1860",185.9,"Simu1","NIT",50,"cliver",0.12056293195146
"1861",186,"Simu1","NIT",50,"cliver",0.115358491909155
"1862",186.1,"Simu1","NIT",50,"cliver",0.437001163485982
"1863",186.2,"Simu1","NIT",50,"cliver",0.605171829501488
"1864",186.3,"Simu1","NIT",50,"cliver",0.680673546161895
"1865",186.4,"Simu1","NIT",50,"cliver",0.728784095009206
"1866",186.5,"Simu1","NIT",50,"cliver",0.76256595099957
"1867",186.6,"Simu1","NIT",50,"cliver",0.786025583941208
"1868",186.7,"Simu1","NIT",50,"cliver",0.801222197842348
"1869",186.8,"Simu1","NIT",50,"cliver",0.809629426829183
"1870",186.9,"Simu1","NIT",50,"cliver",0.812430894715651
"1871",187,"Simu1","NIT",50,"cliver",0.810606889609505
"1872",187.1,"Simu1","NIT",50,"cliver",0.804975659067289
"1873",187.2,"Simu1","NIT",50,"cliver",0.796222546884013
"1874",187.3,"Simu1","NIT",50,"cliver",0.784921313182723
"1875",187.4,"Simu1","NIT",50,"cliver",0.771553354486941
"1876",187.5,"Simu1","NIT",50,"cliver",0.756523350705023
"1877",187.6,"Simu1","NIT",50,"cliver",0.740171417042183
"1878",187.7,"Simu1","NIT",50,"cliver",0.722783478784562
"1879",187.8,"Simu1","NIT",50,"cliver",0.704600198641609
"1880",187.9,"Simu1","NIT",50,"cliver",0.685824466743363
"1881",188,"Simu1","NIT",50,"cliver",0.666627362821413
"1882",188.1,"Simu1","NIT",50,"cliver",0.647153056340482
"1883",188.2,"Simu1","NIT",50,"cliver",0.627523087217185
"1884",188.3,"Simu1","NIT",50,"cliver",0.60783977510036
"1885",188.4,"Simu1","NIT",50,"cliver",0.588189672960612
"1886",188.5,"Simu1","NIT",50,"cliver",0.568644934766491
"1887",188.6,"Simu1","NIT",50,"cliver",0.549267510735765
"1888",188.7,"Simu1","NIT",50,"cliver",0.530108027843594
"1889",188.8,"Simu1","NIT",50,"cliver",0.511209367171111
"1890",188.9,"Simu1","NIT",50,"cliver",0.492607482013966
"1891",189,"Simu1","NIT",50,"cliver",0.474332186789248
"1892",189.1,"Simu1","NIT",50,"cliver",0.456408333325905
"1893",189.2,"Simu1","NIT",50,"cliver",0.438855636203561
"1894",189.3,"Simu1","NIT",50,"cliver",0.421690041772562
"1895",189.4,"Simu1","NIT",50,"cliver",0.404924562001939
"1896",189.5,"Simu1","NIT",50,"cliver",0.388569498933335
"1897",189.6,"Simu1","NIT",50,"cliver",0.372632670739157
"1898",189.7,"Simu1","NIT",50,"cliver",0.357119753990014
"1899",189.8,"Simu1","NIT",50,"cliver",0.342034628897765
"1900",189.9,"Simu1","NIT",50,"cliver",0.327379639659822
"1901",190,"Simu1","NIT",50,"cliver",0.313155815822296
"1902",190.1,"Simu1","NIT",50,"cliver",0.299363045548659
"1903",190.2,"Simu1","NIT",50,"cliver",0.286000223316138
"1904",190.3,"Simu1","NIT",50,"cliver",0.273065373234691
"1905",190.4,"Simu1","NIT",50,"cliver",0.260555791068926
"1906",190.5,"Simu1","NIT",50,"cliver",0.248468137630666
"1907",190.6,"Simu1","NIT",50,"cliver",0.236798492205832
"1908",190.7,"Simu1","NIT",50,"cliver",0.225542408325374
"1909",190.8,"Simu1","NIT",50,"cliver",0.214694977460601
"1910",190.9,"Simu1","NIT",50,"cliver",0.204250880457446
"1911",191,"Simu1","NIT",50,"cliver",0.194204416741142
"1912",191.1,"Simu1","NIT",50,"cliver",0.184549517010662
"1913",191.2,"Simu1","NIT",50,"cliver",0.175279753485477
"1914",191.3,"Simu1","NIT",50,"cliver",0.166388350826217
"1915",191.4,"Simu1","NIT",50,"cliver",0.157868192306531
"1916",191.5,"Simu1","NIT",50,"cliver",0.149711818737568
"1917",191.6,"Simu1","NIT",50,"cliver",0.141911425851504
"1918",191.7,"Simu1","NIT",50,"cliver",0.134458864149771
"1919",191.8,"Simu1","NIT",50,"cliver",0.127345642775593
"1920",191.9,"Simu1","NIT",50,"cliver",0.120562934859921
"1921",192,"Simu1","NIT",50,"cliver",0.11535850772875
"1922",192.1,"Simu1","NIT",50,"cliver",0.437001146596902
"1923",192.2,"Simu1","NIT",50,"cliver",0.605171801133284
"1924",192.3,"Simu1","NIT",50,"cliver",0.680673514563299
"1925",192.4,"Simu1","NIT",50,"cliver",0.728784058057664
"1926",192.5,"Simu1","NIT",50,"cliver",0.762565910445185
"1927",192.6,"Simu1","NIT",50,"cliver",0.786025540689153
"1928",192.7,"Simu1","NIT",50,"cliver",0.801222153868224
"1929",192.8,"Simu1","NIT",50,"cliver",0.809629380635248
"1930",192.9,"Simu1","NIT",50,"cliver",0.812430848941754
"1931",193,"Simu1","NIT",50,"cliver",0.810606844154838
"1932",193.1,"Simu1","NIT",50,"cliver",0.804975613011399
"1933",193.2,"Simu1","NIT",50,"cliver",0.796222499866905
"1934",193.3,"Simu1","NIT",50,"cliver",0.784921267331091
"1935",193.4,"Simu1","NIT",50,"cliver",0.771553309646974
"1936",193.5,"Simu1","NIT",50,"cliver",0.75652330555291
"1937",193.6,"Simu1","NIT",50,"cliver",0.740171371726452
"1938",193.7,"Simu1","NIT",50,"cliver",0.722783433937689
"1939",193.8,"Simu1","NIT",50,"cliver",0.704600154568808
"1940",193.9,"Simu1","NIT",50,"cliver",0.685824423318568
"1941",194,"Simu1","NIT",50,"cliver",0.666627321053068
"1942",194.1,"Simu1","NIT",50,"cliver",0.647153015125326
"1943",194.2,"Simu1","NIT",50,"cliver",0.627523046702466
"1944",194.3,"Simu1","NIT",50,"cliver",0.607839736031168
"1945",194.4,"Simu1","NIT",50,"cliver",0.588189634110236
"1946",194.5,"Simu1","NIT",50,"cliver",0.568644891750042
"1947",194.6,"Simu1","NIT",50,"cliver",0.549267474556498
"1948",194.7,"Simu1","NIT",50,"cliver",0.530107993802484
"1949",194.8,"Simu1","NIT",50,"cliver",0.51120933520894
"1950",194.9,"Simu1","NIT",50,"cliver",0.492607448826559
"1951",195,"Simu1","NIT",50,"cliver",0.474332153550714
"1952",195.1,"Simu1","NIT",50,"cliver",0.456408299586008
"1953",195.2,"Simu1","NIT",50,"cliver",0.438855602194224
"1954",195.3,"Simu1","NIT",50,"cliver",0.421690010952586
"1955",195.4,"Simu1","NIT",50,"cliver",0.404924533151678
"1956",195.5,"Simu1","NIT",50,"cliver",0.388569470987146
"1957",195.6,"Simu1","NIT",50,"cliver",0.372632643519997
"1958",195.7,"Simu1","NIT",50,"cliver",0.357119727613607
"1959",195.8,"Simu1","NIT",50,"cliver",0.342034603511755
"1960",195.9,"Simu1","NIT",50,"cliver",0.327379615298036
"1961",196,"Simu1","NIT",50,"cliver",0.313155792428184
"1962",196.1,"Simu1","NIT",50,"cliver",0.299363023046272
"1963",196.2,"Simu1","NIT",50,"cliver",0.286000201849433
"1964",196.3,"Simu1","NIT",50,"cliver",0.273065352879677
"1965",196.4,"Simu1","NIT",50,"cliver",0.260555771633071
"1966",196.5,"Simu1","NIT",50,"cliver",0.248468118859834
"1967",196.6,"Simu1","NIT",50,"cliver",0.236798474050212
"1968",196.7,"Simu1","NIT",50,"cliver",0.225542390879952
"1969",196.8,"Simu1","NIT",50,"cliver",0.214694960787142
"1970",196.9,"Simu1","NIT",50,"cliver",0.204250864520055
"1971",197,"Simu1","NIT",50,"cliver",0.19420440146878
"1972",197.1,"Simu1","NIT",50,"cliver",0.184549502377085
"1973",197.2,"Simu1","NIT",50,"cliver",0.17527973950272
"1974",197.3,"Simu1","NIT",50,"cliver",0.166388337492352
"1975",197.4,"Simu1","NIT",50,"cliver",0.157868179592044
"1976",197.5,"Simu1","NIT",50,"cliver",0.149711806613416
"1977",197.6,"Simu1","NIT",50,"cliver",0.141911414303036
"1978",197.7,"Simu1","NIT",50,"cliver",0.134458853165736
"1979",197.8,"Simu1","NIT",50,"cliver",0.1273456323384
"1980",197.9,"Simu1","NIT",50,"cliver",0.120562924969289
"1981",198,"Simu1","NIT",50,"cliver",0.115358520667643
"1982",198.1,"Simu1","NIT",50,"cliver",0.437001387568713
"1983",198.2,"Simu1","NIT",50,"cliver",0.605171927847422
"1984",198.3,"Simu1","NIT",50,"cliver",0.680674781485324
"1985",198.4,"Simu1","NIT",50,"cliver",0.728785421839555
"1986",198.5,"Simu1","NIT",50,"cliver",0.76256580133947
"1987",198.6,"Simu1","NIT",50,"cliver",0.786025829103951
"1988",198.7,"Simu1","NIT",50,"cliver",0.801222489397529
"1989",198.8,"Simu1","NIT",50,"cliver",0.809629671002183
"1990",198.9,"Simu1","NIT",50,"cliver",0.812431128690499
"1991",199,"Simu1","NIT",50,"cliver",0.810607418747394
"1992",199.1,"Simu1","NIT",50,"cliver",0.804976605707445
"1993",199.2,"Simu1","NIT",50,"cliver",0.796223494324162
"1994",199.3,"Simu1","NIT",50,"cliver",0.784921903914187
"1995",199.4,"Simu1","NIT",50,"cliver",0.771553998529213
"1996",199.5,"Simu1","NIT",50,"cliver",0.756524188018874
"1997",199.6,"Simu1","NIT",50,"cliver",0.740172135997045
"1998",199.7,"Simu1","NIT",50,"cliver",0.72278393309655
"1999",199.8,"Simu1","NIT",50,"cliver",0.704600577901489
"2000",199.9,"Simu1","NIT",50,"cliver",0.685824957756424
"2001",200,"Simu1","NIT",50,"cliver",0.666627950635927
"2002",200.1,"Simu1","NIT",50,"cliver",0.647153609825074
"2003",200.2,"Simu1","NIT",50,"cliver",0.627523508789098
"2004",200.3,"Simu1","NIT",50,"cliver",0.607840171948494
"2005",200.4,"Simu1","NIT",50,"cliver",0.58818994401831
"2006",200.5,"Simu1","NIT",50,"cliver",0.56864547295539
"2007",200.6,"Simu1","NIT",50,"cliver",0.549267836534934
"2008",200.7,"Simu1","NIT",50,"cliver",0.530108309199036
"2009",200.8,"Simu1","NIT",50,"cliver",0.511209809566867
"2010",200.9,"Simu1","NIT",50,"cliver",0.492608123847321
"2011",201,"Simu1","NIT",50,"cliver",0.474332943007104
"2012",201.1,"Simu1","NIT",50,"cliver",0.456408772156687
"2013",201.2,"Simu1","NIT",50,"cliver",0.438855659138061
"2014",201.3,"Simu1","NIT",50,"cliver",0.421689870548016
"2015",201.4,"Simu1","NIT",50,"cliver",0.404924341769148
"2016",201.5,"Simu1","NIT",50,"cliver",0.388569281292765
"2017",201.6,"Simu1","NIT",50,"cliver",0.37263249619153
"2018",201.7,"Simu1","NIT",50,"cliver",0.357119594721828
"2019",201.8,"Simu1","NIT",50,"cliver",0.342034473899392
"2020",201.9,"Simu1","NIT",50,"cliver",0.327379474292913
"2021",202,"Simu1","NIT",50,"cliver",0.313155616157826
"2022",202.1,"Simu1","NIT",50,"cliver",0.29936277975081
"2023",202.2,"Simu1","NIT",50,"cliver",0.285999917484538
"2024",202.3,"Simu1","NIT",50,"cliver",0.273065072580937
"2025",202.4,"Simu1","NIT",50,"cliver",0.260555605937311
"2026",202.5,"Simu1","NIT",50,"cliver",0.248468090593828
"2027",202.6,"Simu1","NIT",50,"cliver",0.2367985146393
"2028",202.7,"Simu1","NIT",50,"cliver",0.225542472503985
"2029",202.8,"Simu1","NIT",50,"cliver",0.214695017414925
"2030",202.9,"Simu1","NIT",50,"cliver",0.204250985843436
"2031",203,"Simu1","NIT",50,"cliver",0.1942045290077
"2032",203.1,"Simu1","NIT",50,"cliver",0.184549609269859
"2033",203.2,"Simu1","NIT",50,"cliver",0.175279834652898
"2034",203.3,"Simu1","NIT",50,"cliver",0.166388407852738
"2035",203.4,"Simu1","NIT",50,"cliver",0.157868221124149
"2036",203.5,"Simu1","NIT",50,"cliver",0.149711831051565
"2037",203.6,"Simu1","NIT",50,"cliver",0.141911454445564
"2038",203.7,"Simu1","NIT",50,"cliver",0.134458924229211
"2039",203.8,"Simu1","NIT",50,"cliver",0.127345724710708
"2040",203.9,"Simu1","NIT",50,"cliver",0.120563039032428
"2041",204,"Simu1","NIT",50,"cliver",0.115358639046582
"2042",204.1,"Simu1","NIT",50,"cliver",0.437000948442619
"2043",204.2,"Simu1","NIT",50,"cliver",0.605171265546745
"2044",204.3,"Simu1","NIT",50,"cliver",0.680672262305264
"2045",204.4,"Simu1","NIT",50,"cliver",0.728783983510402
"2046",204.5,"Simu1","NIT",50,"cliver",0.762564145129777
"2047",204.6,"Simu1","NIT",50,"cliver",0.786023960480182
"2048",204.7,"Simu1","NIT",50,"cliver",0.801220641432174
"2049",204.8,"Simu1","NIT",50,"cliver",0.809627793996033
"2050",204.9,"Simu1","NIT",50,"cliver",0.812429436222706
"2051",205,"Simu1","NIT",50,"cliver",0.810605667781294
"2052",205.1,"Simu1","NIT",50,"cliver",0.804974749156273
"2053",205.2,"Simu1","NIT",50,"cliver",0.796221336766828
"2054",205.3,"Simu1","NIT",50,"cliver",0.784919953162166
"2055",205.4,"Simu1","NIT",50,"cliver",0.771552252110285
"2056",205.5,"Simu1","NIT",50,"cliver",0.756522334912071
"2057",205.6,"Simu1","NIT",50,"cliver",0.740170280904348
"2058",205.7,"Simu1","NIT",50,"cliver",0.72278228397035
"2059",205.8,"Simu1","NIT",50,"cliver",0.704599110041839
"2060",205.9,"Simu1","NIT",50,"cliver",0.685823518500055
"2061",206,"Simu1","NIT",50,"cliver",0.666626424520563
"2062",206.1,"Simu1","NIT",50,"cliver",0.64715206322685
"2063",206.2,"Simu1","NIT",50,"cliver",0.627522017542674
"2064",206.3,"Simu1","NIT",50,"cliver",0.607838752293585
"2065",206.4,"Simu1","NIT",50,"cliver",0.588188561535306
"2066",206.5,"Simu1","NIT",50,"cliver",0.568644108319838
"2067",206.6,"Simu1","NIT",50,"cliver",0.549266508480476
"2068",206.7,"Simu1","NIT",50,"cliver",0.530107042872973
"2069",206.8,"Simu1","NIT",50,"cliver",0.511208626206241
"2070",206.9,"Simu1","NIT",50,"cliver",0.492606904458933
"2071",207,"Simu1","NIT",50,"cliver",0.474331577366113
"2072",207.1,"Simu1","NIT",50,"cliver",0.456407279905518
"2073",207.2,"Simu1","NIT",50,"cliver",0.438854136805447
"2074",207.3,"Simu1","NIT",50,"cliver",0.421688684195828
"2075",207.4,"Simu1","NIT",50,"cliver",0.404923558745341
"2076",207.5,"Simu1","NIT",50,"cliver",0.388568712147461
"2077",207.6,"Simu1","NIT",50,"cliver",0.372631931580332
"2078",207.7,"Simu1","NIT",50,"cliver",0.357119005978913
"2079",207.8,"Simu1","NIT",50,"cliver",0.342033886270217
"2080",207.9,"Simu1","NIT",50,"cliver",0.327378927024063
"2081",208,"Simu1","NIT",50,"cliver",0.313155140038819
"2082",208.1,"Simu1","NIT",50,"cliver",0.299362401549987
"2083",208.2,"Simu1","NIT",50,"cliver",0.285999608324207
"2084",208.3,"Simu1","NIT",50,"cliver",0.273064801533392
"2085",208.4,"Simu1","NIT",50,"cliver",0.260555276398044
"2086",208.5,"Simu1","NIT",50,"cliver",0.248467662656801
"2087",208.6,"Simu1","NIT",50,"cliver",0.236798027339498
"2088",208.7,"Simu1","NIT",50,"cliver",0.225541943053979
"2089",208.8,"Simu1","NIT",50,"cliver",0.214694522467511
"2090",208.9,"Simu1","NIT",50,"cliver",0.204250447536818
"2091",209,"Simu1","NIT",50,"cliver",0.194204006304714
"2092",209.1,"Simu1","NIT",50,"cliver",0.184549122441063
"2093",209.2,"Simu1","NIT",50,"cliver",0.175279371966415
"2094",209.3,"Simu1","NIT",50,"cliver",0.166387984961993
"2095",209.4,"Simu1","NIT",50,"cliver",0.157867844196238
"2096",209.5,"Simu1","NIT",50,"cliver",0.149711487174565
"2097",209.6,"Simu1","NIT",50,"cliver",0.141911108913519
"2098",209.7,"Simu1","NIT",50,"cliver",0.134458561512348
"2099",209.8,"Simu1","NIT",50,"cliver",0.12734535469091
"2100",209.9,"Simu1","NIT",50,"cliver",0.120562661662002
"2101",210,"Simu1","NIT",50,"cliver",0.115358271385184
"2102",210.1,"Simu1","NIT",50,"cliver",0.437001146669575
"2103",210.2,"Simu1","NIT",50,"cliver",0.605171689333971
"2104",210.3,"Simu1","NIT",50,"cliver",0.680674538662487
"2105",210.4,"Simu1","NIT",50,"cliver",0.728785091642244
"2106",210.5,"Simu1","NIT",50,"cliver",0.762565706452334
"2107",210.6,"Simu1","NIT",50,"cliver",0.786025895304397
"2108",210.7,"Simu1","NIT",50,"cliver",0.801221896471782
"2109",210.8,"Simu1","NIT",50,"cliver",0.80962819586928
"2110",210.9,"Simu1","NIT",50,"cliver",0.812429998004222
"2111",211,"Simu1","NIT",50,"cliver",0.810606149204052
"2112",211.1,"Simu1","NIT",50,"cliver",0.80497550778551
"2113",211.2,"Simu1","NIT",50,"cliver",0.796222697277787
"2114",211.3,"Simu1","NIT",50,"cliver",0.784921469473471
"2115",211.4,"Simu1","NIT",50,"cliver",0.771553355344348
"2116",211.5,"Simu1","NIT",50,"cliver",0.756523471963913
"2117",211.6,"Simu1","NIT",50,"cliver",0.74017172213114
"2118",211.7,"Simu1","NIT",50,"cliver",0.722783678089532
"2119",211.8,"Simu1","NIT",50,"cliver",0.704600389081603
"2120",211.9,"Simu1","NIT",50,"cliver",0.685824788279381
"2121",212,"Simu1","NIT",50,"cliver",0.666627810928216
"2122",212.1,"Simu1","NIT",50,"cliver",0.647153539513012
"2123",212.2,"Simu1","NIT",50,"cliver",0.627523460042657
"2124",212.3,"Simu1","NIT",50,"cliver",0.607840116032583
"2125",212.4,"Simu1","NIT",50,"cliver",0.588189818739223
"2126",212.5,"Simu1","NIT",50,"cliver",0.568645402858034
"2127",212.6,"Simu1","NIT",50,"cliver",0.549267603841412
"2128",212.7,"Simu1","NIT",50,"cliver",0.530108168734926
"2129",212.8,"Simu1","NIT",50,"cliver",0.511209792829969
"2130",212.9,"Simu1","NIT",50,"cliver",0.492608162459272
"2131",213,"Simu1","NIT",50,"cliver",0.474332838273204
"2132",213.1,"Simu1","NIT",50,"cliver",0.456408669879556
"2133",213.2,"Simu1","NIT",50,"cliver",0.43885562254805
"2134",213.3,"Simu1","NIT",50,"cliver",0.421689772578543
"2135",213.4,"Simu1","NIT",50,"cliver",0.404924265335859
"2136",213.5,"Simu1","NIT",50,"cliver",0.388569272736873
"2137",213.6,"Simu1","NIT",50,"cliver",0.372632427648483
"2138",213.7,"Simu1","NIT",50,"cliver",0.357119496617649
"2139",213.8,"Simu1","NIT",50,"cliver",0.342034364511355
"2140",213.9,"Simu1","NIT",50,"cliver",0.327379375973018
"2141",214,"Simu1","NIT",50,"cliver",0.313155574958341
"2142",214.1,"Simu1","NIT",50,"cliver",0.299362816565195
"2143",214.2,"Simu1","NIT",50,"cliver",0.286000047989903
"2144",214.3,"Simu1","NIT",50,"cliver",0.273065235012789
"2145",214.4,"Simu1","NIT",50,"cliver",0.260555746197929
"2146",214.5,"Simu1","NIT",50,"cliver",0.248468110424951
"2147",214.6,"Simu1","NIT",50,"cliver",0.236798541599859
"2148",214.7,"Simu1","NIT",50,"cliver",0.225542389922436
"2149",214.8,"Simu1","NIT",50,"cliver",0.214694981517253
"2150",214.9,"Simu1","NIT",50,"cliver",0.204250806414715
"2151",215,"Simu1","NIT",50,"cliver",0.194204461949972
"2152",215.1,"Simu1","NIT",50,"cliver",0.184549613468903
"2153",215.2,"Simu1","NIT",50,"cliver",0.17527969705536
"2154",215.3,"Simu1","NIT",50,"cliver",0.166388334276668
"2155",215.4,"Simu1","NIT",50,"cliver",0.157868174287563
"2156",215.5,"Simu1","NIT",50,"cliver",0.149711798648759
"2157",215.6,"Simu1","NIT",50,"cliver",0.14191139869472
"2158",215.7,"Simu1","NIT",50,"cliver",0.134458853875298
"2159",215.8,"Simu1","NIT",50,"cliver",0.127345654271001
"2160",215.9,"Simu1","NIT",50,"cliver",0.120562957611463
"2161",216,"Simu1","NIT",50,"cliver",0.115358552345134
"2162",216.1,"Simu1","NIT",50,"cliver",0.437001483164554
"2163",216.2,"Simu1","NIT",50,"cliver",0.60517205931445
"2164",216.3,"Simu1","NIT",50,"cliver",0.680674107788045
"2165",216.4,"Simu1","NIT",50,"cliver",0.72878557208266
"2166",216.5,"Simu1","NIT",50,"cliver",0.762566345050825
"2167",216.6,"Simu1","NIT",50,"cliver",0.786025918321834
"2168",216.7,"Simu1","NIT",50,"cliver",0.801222779492668
"2169",216.8,"Simu1","NIT",50,"cliver",0.809629926145718
"2170",216.9,"Simu1","NIT",50,"cliver",0.812431332703567
"2171",217,"Simu1","NIT",50,"cliver",0.8106071394679
"2172",217.1,"Simu1","NIT",50,"cliver",0.804976060151176
"2173",217.2,"Simu1","NIT",50,"cliver",0.796223039557374
"2174",217.3,"Simu1","NIT",50,"cliver",0.784921714965438
"2175",217.4,"Simu1","NIT",50,"cliver",0.771553939358911
"2176",217.5,"Simu1","NIT",50,"cliver",0.756524123569683
"2177",217.6,"Simu1","NIT",50,"cliver",0.740172137449867
"2178",217.7,"Simu1","NIT",50,"cliver",0.722784039511389
"2179",217.8,"Simu1","NIT",50,"cliver",0.704600716498314
"2180",217.9,"Simu1","NIT",50,"cliver",0.685825072015902
"2181",218,"Simu1","NIT",50,"cliver",0.666628043327357
"2182",218.1,"Simu1","NIT",50,"cliver",0.647153735494607
"2183",218.2,"Simu1","NIT",50,"cliver",0.627523666658296
"2184",218.3,"Simu1","NIT",50,"cliver",0.607840329610054
"2185",218.4,"Simu1","NIT",50,"cliver",0.588190081659505
"2186",218.5,"Simu1","NIT",50,"cliver",0.568645595747861
"2187",218.6,"Simu1","NIT",50,"cliver",0.549267959625073
"2188",218.7,"Simu1","NIT",50,"cliver",0.530108432790438
"2189",218.8,"Simu1","NIT",50,"cliver",0.511209931829598
"2190",218.9,"Simu1","NIT",50,"cliver",0.492608234775445
"2191",219,"Simu1","NIT",50,"cliver",0.474333053070824
"2192",219.1,"Simu1","NIT",50,"cliver",0.456408871399339
"2193",219.2,"Simu1","NIT",50,"cliver",0.438855767939888
"2194",219.3,"Simu1","NIT",50,"cliver",0.421689958369384
"2195",219.4,"Simu1","NIT",50,"cliver",0.40492445833828
"2196",219.5,"Simu1","NIT",50,"cliver",0.388569425310394
"2197",219.6,"Simu1","NIT",50,"cliver",0.372632572297003
"2198",219.7,"Simu1","NIT",50,"cliver",0.357119537780865
"2199",219.8,"Simu1","NIT",50,"cliver",0.342034291150939
"2200",219.9,"Simu1","NIT",50,"cliver",0.327379214057017
"2201",220,"Simu1","NIT",50,"cliver",0.313155401269818
"2202",220.1,"Simu1","NIT",50,"cliver",0.299362780515691
"2203",220.2,"Simu1","NIT",50,"cliver",0.286000117521897
"2204",220.3,"Simu1","NIT",50,"cliver",0.273065366536743
"2205",220.4,"Simu1","NIT",50,"cliver",0.260555854601161
"2206",220.5,"Simu1","NIT",50,"cliver",0.248468217027274
"2207",220.6,"Simu1","NIT",50,"cliver",0.23679863136583
"2208",220.7,"Simu1","NIT",50,"cliver",0.22554248922363
"2209",220.8,"Simu1","NIT",50,"cliver",0.214695117507944
"2210",220.9,"Simu1","NIT",50,"cliver",0.20425093152441
"2211",221,"Simu1","NIT",50,"cliver",0.194204483239744
"2212",221.1,"Simu1","NIT",50,"cliver",0.184549583003516
"2213",221.2,"Simu1","NIT",50,"cliver",0.17527981047001
"2214",221.3,"Simu1","NIT",50,"cliver",0.166388394482144
"2215",221.4,"Simu1","NIT",50,"cliver",0.157868242535911
"2216",221.5,"Simu1","NIT",50,"cliver",0.149711887675283
"2217",221.6,"Simu1","NIT",50,"cliver",0.141911504736667
"2218",221.7,"Simu1","NIT",50,"cliver",0.134458941726308
"2219",221.8,"Simu1","NIT",50,"cliver",0.127345715353118
"2220",221.9,"Simu1","NIT",50,"cliver",0.12056300220217
"2221",222,"Simu1","NIT",50,"cliver",0.115358558336301
"2222",222.1,"Simu1","NIT",50,"cliver",0.437001184869719
"2223",222.2,"Simu1","NIT",50,"cliver",0.605171829250196
"2224",222.3,"Simu1","NIT",50,"cliver",0.680673517380024
"2225",222.4,"Simu1","NIT",50,"cliver",0.728784068312287
"2226",222.5,"Simu1","NIT",50,"cliver",0.762565920387258
"2227",222.6,"Simu1","NIT",50,"cliver",0.786025550373188
"2228",222.7,"Simu1","NIT",50,"cliver",0.801222153283033
"2229",222.8,"Simu1","NIT",50,"cliver",0.809629384785702
"2230",222.9,"Simu1","NIT",50,"cliver",0.812430841718621
"2231",223,"Simu1","NIT",50,"cliver",0.81060682952934
"2232",223.1,"Simu1","NIT",50,"cliver",0.804975599789252
"2233",223.2,"Simu1","NIT",50,"cliver",0.796222491987201
"2234",223.3,"Simu1","NIT",50,"cliver",0.784921251230202
"2235",223.4,"Simu1","NIT",50,"cliver",0.771553288122336
"2236",223.5,"Simu1","NIT",50,"cliver",0.756523289309329
"2237",223.6,"Simu1","NIT",50,"cliver",0.740171360442498
"2238",223.7,"Simu1","NIT",50,"cliver",0.722783423962406
"2239",223.8,"Simu1","NIT",50,"cliver",0.704600144614777
"2240",223.9,"Simu1","NIT",50,"cliver",0.685824406669877
"2241",224,"Simu1","NIT",50,"cliver",0.666627305755726
"2242",224.1,"Simu1","NIT",50,"cliver",0.647153002351996
"2243",224.2,"Simu1","NIT",50,"cliver",0.627523035549101
"2244",224.3,"Simu1","NIT",50,"cliver",0.607839721643912
"2245",224.4,"Simu1","NIT",50,"cliver",0.588189624741459
"2246",224.5,"Simu1","NIT",50,"cliver",0.568644936387292
"2247",224.6,"Simu1","NIT",50,"cliver",0.549267461659495
"2248",224.7,"Simu1","NIT",50,"cliver",0.530107971965361
"2249",224.8,"Simu1","NIT",50,"cliver",0.511209305833808
"2250",224.9,"Simu1","NIT",50,"cliver",0.492607438061117
"2251",225,"Simu1","NIT",50,"cliver",0.474332149921101
"2252",225.1,"Simu1","NIT",50,"cliver",0.456408321308244
"2253",225.2,"Simu1","NIT",50,"cliver",0.43885561692959
"2254",225.3,"Simu1","NIT",50,"cliver",0.421690009781603
"2255",225.4,"Simu1","NIT",50,"cliver",0.404924525071189
"2256",225.5,"Simu1","NIT",50,"cliver",0.388569463496955
"2257",225.6,"Simu1","NIT",50,"cliver",0.372632637659916
"2258",225.7,"Simu1","NIT",50,"cliver",0.357119722450289
"2259",225.8,"Simu1","NIT",50,"cliver",0.342034597874934
"2260",225.9,"Simu1","NIT",50,"cliver",0.327379608845918
"2261",226,"Simu1","NIT",50,"cliver",0.31315578545539
"2262",226.1,"Simu1","NIT",50,"cliver",0.299363015963406
"2263",226.2,"Simu1","NIT",50,"cliver",0.286000193480193
"2264",226.3,"Simu1","NIT",50,"cliver",0.27306534256484
"2265",226.4,"Simu1","NIT",50,"cliver",0.260555760692777
"2266",226.5,"Simu1","NIT",50,"cliver",0.248468108996191
"2267",226.6,"Simu1","NIT",50,"cliver",0.236798465459028
"2268",226.7,"Simu1","NIT",50,"cliver",0.225542382733599
"2269",226.8,"Simu1","NIT",50,"cliver",0.214694952527389
"2270",226.9,"Simu1","NIT",50,"cliver",0.204250856298069
"2271",227,"Simu1","NIT",50,"cliver",0.194204393671566
"2272",227.1,"Simu1","NIT",50,"cliver",0.184549495057593
"2273",227.2,"Simu1","NIT",50,"cliver",0.175279732444371
"2274",227.3,"Simu1","NIT",50,"cliver",0.166388330587311
"2275",227.4,"Simu1","NIT",50,"cliver",0.157868172928117
"2276",227.5,"Simu1","NIT",50,"cliver",0.14971180026922
"2277",227.6,"Simu1","NIT",50,"cliver",0.141911408251272
"2278",227.7,"Simu1","NIT",50,"cliver",0.134458847356584
"2279",227.8,"Simu1","NIT",50,"cliver",0.127345626764433
"2280",227.9,"Simu1","NIT",50,"cliver",0.120562919503987
"2281",228,"Simu1","NIT",50,"cliver",0.115358470713226
"2282",228.1,"Simu1","NIT",50,"cliver",0.437001100977391
"2283",228.2,"Simu1","NIT",50,"cliver",0.605171744864829
"2284",228.3,"Simu1","NIT",50,"cliver",0.680673430966561
"2285",228.4,"Simu1","NIT",50,"cliver",0.72878398373826
"2286",228.5,"Simu1","NIT",50,"cliver",0.7625658368638
"2287",228.6,"Simu1","NIT",50,"cliver",0.786025468246706
"2288",228.7,"Simu1","NIT",50,"cliver",0.801222071779749
"2289",228.8,"Simu1","NIT",50,"cliver",0.809629305445404
"2290",228.9,"Simu1","NIT",50,"cliver",0.812430763157376
"2291",229,"Simu1","NIT",50,"cliver",0.810606752253937
"2292",229.1,"Simu1","NIT",50,"cliver",0.804975524640261
"2293",229.2,"Simu1","NIT",50,"cliver",0.796222419295542
"2294",229.3,"Simu1","NIT",50,"cliver",0.784921179815052
"2295",229.4,"Simu1","NIT",50,"cliver",0.771553218288243
"2296",229.5,"Simu1","NIT",50,"cliver",0.756523222028715
"2297",229.6,"Simu1","NIT",50,"cliver",0.740171295655628
"2298",229.7,"Simu1","NIT",50,"cliver",0.722783361338298
"2299",229.8,"Simu1","NIT",50,"cliver",0.704600083736022
"2300",229.9,"Simu1","NIT",50,"cliver",0.685824347103599
"2301",230,"Simu1","NIT",50,"cliver",0.666627248549493
"2302",230.1,"Simu1","NIT",50,"cliver",0.647152947283126
"2303",230.2,"Simu1","NIT",50,"cliver",0.627522982482769
"2304",230.3,"Simu1","NIT",50,"cliver",0.607839670137694
"2305",230.4,"Simu1","NIT",50,"cliver",0.588189575406581
"2306",230.5,"Simu1","NIT",50,"cliver",0.568644892453379
"2307",230.6,"Simu1","NIT",50,"cliver",0.549267415589648
"2308",230.7,"Simu1","NIT",50,"cliver",0.530107926631666
"2309",230.8,"Simu1","NIT",50,"cliver",0.511209261433194
"2310",230.9,"Simu1","NIT",50,"cliver",0.492607397196195
"2311",231,"Simu1","NIT",50,"cliver",0.474332111602256
"2312",231.1,"Simu1","NIT",50,"cliver",0.456408286397156
"2313",231.2,"Simu1","NIT",50,"cliver",0.438855582510567
"2314",231.3,"Simu1","NIT",50,"cliver",0.421689975305792
"2315",231.4,"Simu1","NIT",50,"cliver",0.404924491342629
"2316",231.5,"Simu1","NIT",50,"cliver",0.388569431142322
"2317",231.6,"Simu1","NIT",50,"cliver",0.372632606717965
"2318",231.7,"Simu1","NIT",50,"cliver",0.357119692799016
"2319",231.8,"Simu1","NIT",50,"cliver",0.342034569371307
"2320",231.9,"Simu1","NIT",50,"cliver",0.327379581424071
"2321",232,"Simu1","NIT",50,"cliver",0.313155759106535
"2322",232.1,"Simu1","NIT",50,"cliver",0.299362990687968
"2323",232.2,"Simu1","NIT",50,"cliver",0.286000169135826
"2324",232.3,"Simu1","NIT",50,"cliver",0.273065319060639
"2325",232.4,"Simu1","NIT",50,"cliver",0.260555738122251
"2326",232.5,"Simu1","NIT",50,"cliver",0.248468087481261
"2327",232.6,"Simu1","NIT",50,"cliver",0.236798444982809
"2328",232.7,"Simu1","NIT",50,"cliver",0.225542363189944
"2329",232.8,"Simu1","NIT",50,"cliver",0.214694933838624
"2330",232.9,"Simu1","NIT",50,"cliver",0.20425083845193
"2331",233,"Simu1","NIT",50,"cliver",0.194204376675772
"2332",233.1,"Simu1","NIT",50,"cliver",0.184549478889088
"2333",233.2,"Simu1","NIT",50,"cliver",0.1752797170571
"2334",233.3,"Simu1","NIT",50,"cliver",0.166388315946506
"2335",233.4,"Simu1","NIT",50,"cliver",0.15786815901681
"2336",233.5,"Simu1","NIT",50,"cliver",0.149711787069441
"2337",233.6,"Simu1","NIT",50,"cliver",0.141911395735702
"2338",233.7,"Simu1","NIT",50,"cliver",0.134458835496524
"2339",233.8,"Simu1","NIT",50,"cliver",0.127345615535018
"2340",233.9,"Simu1","NIT",50,"cliver",0.120562908871383
"2341",234,"Simu1","NIT",50,"cliver",0.115358457786123
"2342",234.1,"Simu1","NIT",50,"cliver",0.437001129019052
"2343",234.2,"Simu1","NIT",50,"cliver",0.605171794543502
"2344",234.3,"Simu1","NIT",50,"cliver",0.680673513189071
"2345",234.4,"Simu1","NIT",50,"cliver",0.728784060375048
"2346",234.5,"Simu1","NIT",50,"cliver",0.762565915699411
"2347",234.6,"Simu1","NIT",50,"cliver",0.786025548349037
"2348",234.7,"Simu1","NIT",50,"cliver",0.801222163496401
"2349",234.8,"Simu1","NIT",50,"cliver",0.809629391887763
"2350",234.9,"Simu1","NIT",50,"cliver",0.812430861501482
"2351",235,"Simu1","NIT",50,"cliver",0.810606857769291
"2352",235.1,"Simu1","NIT",50,"cliver",0.804975627472305
"2353",235.2,"Simu1","NIT",50,"cliver",0.796222514994576
"2354",235.3,"Simu1","NIT",50,"cliver",0.784921282955747
"2355",235.4,"Simu1","NIT",50,"cliver",0.771553325637614
"2356",235.5,"Simu1","NIT",50,"cliver",0.756523321806214
"2357",235.6,"Simu1","NIT",50,"cliver",0.740171388145523
"2358",235.7,"Simu1","NIT",50,"cliver",0.722783450436377
"2359",235.8,"Simu1","NIT",50,"cliver",0.704600171075187
"2360",235.9,"Simu1","NIT",50,"cliver",0.685824439774
"2361",236,"Simu1","NIT",50,"cliver",0.666627337400013
"2362",236.1,"Simu1","NIT",50,"cliver",0.647153031328129
"2363",236.2,"Simu1","NIT",50,"cliver",0.62752306272357
"2364",236.3,"Simu1","NIT",50,"cliver",0.607839751834057
"2365",236.4,"Simu1","NIT",50,"cliver",0.588189649677806
"2366",236.5,"Simu1","NIT",50,"cliver",0.568644907086179
"2367",236.6,"Simu1","NIT",50,"cliver",0.549267489573837
"2368",236.7,"Simu1","NIT",50,"cliver",0.530108008515345
"2369",236.8,"Simu1","NIT",50,"cliver",0.511209349604614
"2370",236.9,"Simu1","NIT",50,"cliver",0.492607462917273
"2371",237,"Simu1","NIT",50,"cliver",0.474332167321
"2372",237.1,"Simu1","NIT",50,"cliver",0.456408313020612
"2373",237.2,"Simu1","NIT",50,"cliver",0.438855615310639
"2374",237.3,"Simu1","NIT",50,"cliver",0.421690023711666
"2375",237.4,"Simu1","NIT",50,"cliver",0.404924545559624
"2376",237.5,"Simu1","NIT",50,"cliver",0.388569483050215
"2377",237.6,"Simu1","NIT",50,"cliver",0.372632655239228
"2378",237.7,"Simu1","NIT",50,"cliver",0.357119738988791
"2379",237.8,"Simu1","NIT",50,"cliver",0.342034614543157
"2380",237.9,"Simu1","NIT",50,"cliver",0.327379625987305
"2381",238,"Simu1","NIT",50,"cliver",0.313155802778111
"2382",238.1,"Simu1","NIT",50,"cliver",0.299363033060237
"2383",238.2,"Simu1","NIT",50,"cliver",0.28600021152969
"2384",238.3,"Simu1","NIT",50,"cliver",0.273065362229292
"2385",238.4,"Simu1","NIT",50,"cliver",0.260555780657255
"2386",238.5,"Simu1","NIT",50,"cliver",0.248468127564494
"2387",238.6,"Simu1","NIT",50,"cliver",0.236798482440086
"2388",238.7,"Simu1","NIT",50,"cliver",0.225542398958989
"2389",238.8,"Simu1","NIT",50,"cliver",0.214694968559715
"2390",238.9,"Simu1","NIT",50,"cliver",0.204250871991397
"2391",239,"Simu1","NIT",50,"cliver",0.194204408644546
"2392",239.1,"Simu1","NIT",50,"cliver",0.184549509262803
"2393",239.2,"Simu1","NIT",50,"cliver",0.175279746103828
"2394",239.3,"Simu1","NIT",50,"cliver",0.166388343814565
"2395",239.4,"Simu1","NIT",50,"cliver",0.15786818564146
"2396",239.5,"Simu1","NIT",50,"cliver",0.14971181239632
"2397",239.6,"Simu1","NIT",50,"cliver",0.141911419825812
"2398",239.7,"Simu1","NIT",50,"cliver",0.134458858434946
"2399",239.8,"Simu1","NIT",50,"cliver",0.127345637360851
"2400",239.9,"Simu1","NIT",50,"cliver",0.120562929751867
"2401",240,"Simu1","NIT",50,"cliver",0.115358525201778
"2402",240.1,"Simu1","NIT",50,"cliver",0.437001391957002
"2403",240.2,"Simu1","NIT",50,"cliver",0.605171932195404
"2404",240.3,"Simu1","NIT",50,"cliver",0.680674785918461
"2405",240.4,"Simu1","NIT",50,"cliver",0.728785426611545
"2406",240.5,"Simu1","NIT",50,"cliver",0.762565808340013
"2407",240.6,"Simu1","NIT",50,"cliver",0.786025833229875
"2408",240.7,"Simu1","NIT",50,"cliver",0.80122249358689
"2409",240.8,"Simu1","NIT",50,"cliver",0.809629674980153
"2410",240.9,"Simu1","NIT",50,"cliver",0.812431132341446
"2411",241,"Simu1","NIT",50,"cliver",0.81060742211637
"2412",241.1,"Simu1","NIT",50,"cliver",0.804976609417629
"2413",241.2,"Simu1","NIT",50,"cliver",0.796223497179366
"2414",241.3,"Simu1","NIT",50,"cliver",0.784921906428102
"2415",241.4,"Simu1","NIT",50,"cliver",0.771554001557653
"2416",241.5,"Simu1","NIT",50,"cliver",0.756524190948662
"2417",241.6,"Simu1","NIT",50,"cliver",0.740172138379246
"2418",241.7,"Simu1","NIT",50,"cliver",0.722783935440038
"2419",241.8,"Simu1","NIT",50,"cliver",0.704600580538878
"2420",241.9,"Simu1","NIT",50,"cliver",0.685824960545287
"2421",242,"Simu1","NIT",50,"cliver",0.666627953369377
"2422",242.1,"Simu1","NIT",50,"cliver",0.647153612359654
"2423",242.2,"Simu1","NIT",50,"cliver",0.627523511174769
"2424",242.3,"Simu1","NIT",50,"cliver",0.607840174253943
"2425",242.4,"Simu1","NIT",50,"cliver",0.588189946257869
"2426",242.5,"Simu1","NIT",50,"cliver",0.56864547511391
"2427",242.6,"Simu1","NIT",50,"cliver",0.549267838590211
"2428",242.7,"Simu1","NIT",50,"cliver",0.530108311180028
"2429",242.8,"Simu1","NIT",50,"cliver",0.511209811453268
"2430",242.9,"Simu1","NIT",50,"cliver",0.492608125706422
"2431",243,"Simu1","NIT",50,"cliver",0.474332944725491
"2432",243.1,"Simu1","NIT",50,"cliver",0.45640877392944
"2433",243.2,"Simu1","NIT",50,"cliver",0.43885566062498
"2434",243.3,"Simu1","NIT",50,"cliver",0.421689872354696
"2435",243.4,"Simu1","NIT",50,"cliver",0.404924342977381
"2436",243.5,"Simu1","NIT",50,"cliver",0.388569282807745
"2437",243.6,"Simu1","NIT",50,"cliver",0.372632497708976
"2438",243.7,"Simu1","NIT",50,"cliver",0.357119596234041
"2439",243.8,"Simu1","NIT",50,"cliver",0.342034474399876
"2440",243.9,"Simu1","NIT",50,"cliver",0.327379475286329
"2441",244,"Simu1","NIT",50,"cliver",0.313155616596167
"2442",244.1,"Simu1","NIT",50,"cliver",0.299362780242593
"2443",244.2,"Simu1","NIT",50,"cliver",0.285999918027539
"2444",244.3,"Simu1","NIT",50,"cliver",0.273065073012856
"2445",244.4,"Simu1","NIT",50,"cliver",0.260555606381919
"2446",244.5,"Simu1","NIT",50,"cliver",0.248468091021722
"2447",244.6,"Simu1","NIT",50,"cliver",0.236798515158527
"2448",244.7,"Simu1","NIT",50,"cliver",0.225542472620531
"2449",244.8,"Simu1","NIT",50,"cliver",0.214695018803641
"2450",244.9,"Simu1","NIT",50,"cliver",0.204250983836823
"2451",245,"Simu1","NIT",50,"cliver",0.194204530977025
"2452",245.1,"Simu1","NIT",50,"cliver",0.184549608981136
"2453",245.2,"Simu1","NIT",50,"cliver",0.175279834697028
"2454",245.3,"Simu1","NIT",50,"cliver",0.1663884065741
"2455",245.4,"Simu1","NIT",50,"cliver",0.157868220901341
"2456",245.5,"Simu1","NIT",50,"cliver",0.149711831543534
"2457",245.6,"Simu1","NIT",50,"cliver",0.141911455717581
"2458",245.7,"Simu1","NIT",50,"cliver",0.134458926495416
"2459",245.8,"Simu1","NIT",50,"cliver",0.127345724890598
"2460",245.9,"Simu1","NIT",50,"cliver",0.120563027030132
"2461",246,"Simu1","NIT",50,"cliver",0.115358578801719
"2462",246.1,"Simu1","NIT",50,"cliver",0.437000748294429
"2463",246.2,"Simu1","NIT",50,"cliver",0.60517072154767
"2464",246.3,"Simu1","NIT",50,"cliver",0.680672329752228
"2465",246.4,"Simu1","NIT",50,"cliver",0.728783357516928
"2466",246.5,"Simu1","NIT",50,"cliver",0.762563985310528
"2467",246.6,"Simu1","NIT",50,"cliver",0.786022785418519
"2468",246.7,"Simu1","NIT",50,"cliver",0.801218782206991
"2469",246.8,"Simu1","NIT",50,"cliver",0.809626709831588
"2470",246.9,"Simu1","NIT",50,"cliver",0.812428016133347
"2471",247,"Simu1","NIT",50,"cliver",0.810604275127698
"2472",247.1,"Simu1","NIT",50,"cliver",0.804973468586916
"2473",247.2,"Simu1","NIT",50,"cliver",0.796220158065054
"2474",247.3,"Simu1","NIT",50,"cliver",0.784918697651318
"2475",247.4,"Simu1","NIT",50,"cliver",0.771551007748372
"2476",247.5,"Simu1","NIT",50,"cliver",0.756521217300566
"2477",247.6,"Simu1","NIT",50,"cliver",0.740169170853281
"2478",247.7,"Simu1","NIT",50,"cliver",0.722781063333414
"2479",247.8,"Simu1","NIT",50,"cliver",0.704597849192617
"2480",247.9,"Simu1","NIT",50,"cliver",0.685822321652545
"2481",248,"Simu1","NIT",50,"cliver",0.666625341968564
"2482",248.1,"Simu1","NIT",50,"cliver",0.647151035197248
"2483",248.2,"Simu1","NIT",50,"cliver",0.627521008845835
"2484",248.3,"Simu1","NIT",50,"cliver",0.607837764509439
"2485",248.4,"Simu1","NIT",50,"cliver",0.588187615979644
"2486",248.5,"Simu1","NIT",50,"cliver",0.56864321009574
"2487",248.6,"Simu1","NIT",50,"cliver",0.549265635333724
"2488",248.7,"Simu1","NIT",50,"cliver",0.530106179242459
"2489",248.8,"Simu1","NIT",50,"cliver",0.511207746751035
"2490",248.9,"Simu1","NIT",50,"cliver",0.492606134804118
"2491",249,"Simu1","NIT",50,"cliver",0.474331005875392
"2492",249.1,"Simu1","NIT",50,"cliver",0.456406915843334
"2493",249.2,"Simu1","NIT",50,"cliver",0.438853831776578
"2494",249.3,"Simu1","NIT",50,"cliver",0.421688161250262
"2495",249.4,"Simu1","NIT",50,"cliver",0.404922668107787
"2496",249.5,"Simu1","NIT",50,"cliver",0.388567687952129
"2497",249.6,"Simu1","NIT",50,"cliver",0.372630888145814
"2498",249.7,"Simu1","NIT",50,"cliver",0.35711791190014
"2499",249.8,"Simu1","NIT",50,"cliver",0.342032714874201
"2500",249.9,"Simu1","NIT",50,"cliver",0.32737770256738
"2501",250,"Simu1","NIT",50,"cliver",0.313154003046735
"2502",250.1,"Simu1","NIT",50,"cliver",0.299361455457463
"2503",250.2,"Simu1","NIT",50,"cliver",0.285998826914548
"2504",250.3,"Simu1","NIT",50,"cliver",0.273064106769996
"2505",250.4,"Simu1","NIT",50,"cliver",0.260554632265351
"2506",250.5,"Simu1","NIT",50,"cliver",0.248467047120725
"2507",250.6,"Simu1","NIT",50,"cliver",0.236797503624719
"2508",250.7,"Simu1","NIT",50,"cliver",0.225541419578756
"2509",250.8,"Simu1","NIT",50,"cliver",0.21469423358274
"2510",250.9,"Simu1","NIT",50,"cliver",0.204250049105064
"2511",251,"Simu1","NIT",50,"cliver",0.194203607140915
"2512",251.1,"Simu1","NIT",50,"cliver",0.184548731289799
"2513",251.2,"Simu1","NIT",50,"cliver",0.175278978694104
"2514",251.3,"Simu1","NIT",50,"cliver",0.166387590086063
"2515",251.4,"Simu1","NIT",50,"cliver",0.157867472821886
"2516",251.5,"Simu1","NIT",50,"cliver",0.149711159818101
"2517",251.6,"Simu1","NIT",50,"cliver",0.141910835078529
"2518",251.7,"Simu1","NIT",50,"cliver",0.134458303407726
"2519",251.8,"Simu1","NIT",50,"cliver",0.1273451334902
"2520",251.9,"Simu1","NIT",50,"cliver",0.12056255186485
"2521",252,"Simu1","NIT",50,"cliver",0.115358109705832
"2522",252.1,"Simu1","NIT",50,"cliver",0.43700039020486
"2523",252.2,"Simu1","NIT",50,"cliver",0.605170670073273
"2524",252.3,"Simu1","NIT",50,"cliver",0.680672102378425
"2525",252.4,"Simu1","NIT",50,"cliver",0.728783350573422
"2526",252.5,"Simu1","NIT",50,"cliver",0.762563400082509
"2527",252.6,"Simu1","NIT",50,"cliver",0.786022750782139
"2528",252.7,"Simu1","NIT",50,"cliver",0.801219961512472
"2529",252.8,"Simu1","NIT",50,"cliver",0.809627055595437
"2530",252.9,"Simu1","NIT",50,"cliver",0.812428637397604
"2531",253,"Simu1","NIT",50,"cliver",0.810604824853168
"2532",253.1,"Simu1","NIT",50,"cliver",0.804973711301069
"2533",253.2,"Simu1","NIT",50,"cliver",0.796220429100525
"2534",253.3,"Simu1","NIT",50,"cliver",0.784919300993235
"2535",253.4,"Simu1","NIT",50,"cliver",0.771551543458933
"2536",253.5,"Simu1","NIT",50,"cliver",0.756521705903693
"2537",253.6,"Simu1","NIT",50,"cliver",0.740169849139973
"2538",253.7,"Simu1","NIT",50,"cliver",0.72278195580916
"2539",253.8,"Simu1","NIT",50,"cliver",0.704598726397771
"2540",253.9,"Simu1","NIT",50,"cliver",0.685823042147435
"2541",254,"Simu1","NIT",50,"cliver",0.666625976060271
"2542",254.1,"Simu1","NIT",50,"cliver",0.647151709780519
"2543",254.2,"Simu1","NIT",50,"cliver",0.62752174262994
"2544",254.3,"Simu1","NIT",50,"cliver",0.607838496334652
"2545",254.4,"Simu1","NIT",50,"cliver",0.588188295191172
"2546",254.5,"Simu1","NIT",50,"cliver",0.568643839568004
"2547",254.6,"Simu1","NIT",50,"cliver",0.549266244578838
"2548",254.7,"Simu1","NIT",50,"cliver",0.530106774175367
"2549",254.8,"Simu1","NIT",50,"cliver",0.511208325209683
"2550",254.9,"Simu1","NIT",50,"cliver",0.492606676895734
"2551",255,"Simu1","NIT",50,"cliver",0.474331534101147
"2552",255.1,"Simu1","NIT",50,"cliver",0.456407403196193
"2553",255.2,"Simu1","NIT",50,"cliver",0.438854339680804
"2554",255.3,"Simu1","NIT",50,"cliver",0.421688587597528
"2555",255.4,"Simu1","NIT",50,"cliver",0.404923123812944
"2556",255.5,"Simu1","NIT",50,"cliver",0.388568119151873
"2557",255.6,"Simu1","NIT",50,"cliver",0.372631330705975
"2558",255.7,"Simu1","NIT",50,"cliver",0.357118439537145
"2559",255.8,"Simu1","NIT",50,"cliver",0.342033340588722
"2560",255.9,"Simu1","NIT",50,"cliver",0.327378387035777
"2561",256,"Simu1","NIT",50,"cliver",0.313154606861966
"2562",256.1,"Simu1","NIT",50,"cliver",0.299361885121041
"2563",256.2,"Simu1","NIT",50,"cliver",0.285999116079319
"2564",256.3,"Simu1","NIT",50,"cliver",0.273064335549554
"2565",256.4,"Simu1","NIT",50,"cliver",0.260554835188194
"2566",256.5,"Simu1","NIT",50,"cliver",0.248467256554815
"2567",256.6,"Simu1","NIT",50,"cliver",0.236797667927501
"2568",256.7,"Simu1","NIT",50,"cliver",0.225541628473173
"2569",256.8,"Simu1","NIT",50,"cliver",0.214694240060955
"2570",256.9,"Simu1","NIT",50,"cliver",0.204250186928555
"2571",257,"Simu1","NIT",50,"cliver",0.194203764657326
"2572",257.1,"Simu1","NIT",50,"cliver",0.184548901323373
"2573",257.2,"Simu1","NIT",50,"cliver",0.175279170652348
"2574",257.3,"Simu1","NIT",50,"cliver",0.166387800178562
"2575",257.4,"Simu1","NIT",50,"cliver",0.157867672598549
"2576",257.5,"Simu1","NIT",50,"cliver",0.149711328990659
"2577",257.6,"Simu1","NIT",50,"cliver",0.141910962068008
"2578",257.7,"Simu1","NIT",50,"cliver",0.134458429942047
"2579",257.8,"Simu1","NIT",50,"cliver",0.127345239403537
"2580",257.9,"Simu1","NIT",50,"cliver",0.120562547672219
"2581",258,"Simu1","NIT",50,"cliver",0.11535814004936
"2582",258.1,"Simu1","NIT",50,"cliver",0.437000908415199
"2583",258.2,"Simu1","NIT",50,"cliver",0.605172929335604
"2584",258.3,"Simu1","NIT",50,"cliver",0.680675735600726
"2585",258.4,"Simu1","NIT",50,"cliver",0.728786290693145
"2586",258.5,"Simu1","NIT",50,"cliver",0.762566023811089
"2587",258.6,"Simu1","NIT",50,"cliver",0.786025739685468
"2588",258.7,"Simu1","NIT",50,"cliver",0.801221362370036
"2589",258.8,"Simu1","NIT",50,"cliver",0.809629731787961
"2590",258.9,"Simu1","NIT",50,"cliver",0.812430830095869
"2591",259,"Simu1","NIT",50,"cliver",0.810607098717289
"2592",259.1,"Simu1","NIT",50,"cliver",0.804976508601873
"2593",259.2,"Simu1","NIT",50,"cliver",0.796223214631168
"2594",259.3,"Simu1","NIT",50,"cliver",0.784921933516442
"2595",259.4,"Simu1","NIT",50,"cliver",0.771554341781811
"2596",259.5,"Simu1","NIT",50,"cliver",0.756524490138539
"2597",259.6,"Simu1","NIT",50,"cliver",0.740172515327126
"2598",259.7,"Simu1","NIT",50,"cliver",0.722784542752004
"2599",259.8,"Simu1","NIT",50,"cliver",0.704601293192591
"2600",259.9,"Simu1","NIT",50,"cliver",0.685825586966295
"2601",260,"Simu1","NIT",50,"cliver",0.666628514680718
"2602",260.1,"Simu1","NIT",50,"cliver",0.647154244972393
"2603",260.2,"Simu1","NIT",50,"cliver",0.627524236503076
"2604",260.3,"Simu1","NIT",50,"cliver",0.607840910454142
"2605",260.4,"Simu1","NIT",50,"cliver",0.588190628161027
"2606",260.5,"Simu1","NIT",50,"cliver",0.568646118827987
"2607",260.6,"Simu1","NIT",50,"cliver",0.549268476261778
"2608",260.7,"Simu1","NIT",50,"cliver",0.53010895419582
"2609",260.8,"Simu1","NIT",50,"cliver",0.511210435600265
"2610",260.9,"Simu1","NIT",50,"cliver",0.492608728489982
"2611",261,"Simu1","NIT",50,"cliver",0.474333519625111
"2612",261.1,"Simu1","NIT",50,"cliver",0.456409344432938
"2613",261.2,"Simu1","NIT",50,"cliver",0.438856207009091
"2614",261.3,"Simu1","NIT",50,"cliver",0.421690416835591
"2615",261.4,"Simu1","NIT",50,"cliver",0.404924862337588
"2616",261.5,"Simu1","NIT",50,"cliver",0.388569846131604
"2617",261.6,"Simu1","NIT",50,"cliver",0.372632927921952
"2618",261.7,"Simu1","NIT",50,"cliver",0.357119986413545
"2619",261.8,"Simu1","NIT",50,"cliver",0.34203484707553
"2620",261.9,"Simu1","NIT",50,"cliver",0.327379869642277
"2621",262,"Simu1","NIT",50,"cliver",0.313156040301379
"2622",262.1,"Simu1","NIT",50,"cliver",0.299363249803505
"2623",262.2,"Simu1","NIT",50,"cliver",0.286000453198925
"2624",262.3,"Simu1","NIT",50,"cliver",0.273065630662816
"2625",262.4,"Simu1","NIT",50,"cliver",0.260556132277393
"2626",262.5,"Simu1","NIT",50,"cliver",0.248468490380158
"2627",262.6,"Simu1","NIT",50,"cliver",0.236798901658286
"2628",262.7,"Simu1","NIT",50,"cliver",0.225542762106244
"2629",262.8,"Simu1","NIT",50,"cliver",0.214695425245512
"2630",262.9,"Simu1","NIT",50,"cliver",0.204251226535396
"2631",263,"Simu1","NIT",50,"cliver",0.194204716047686
"2632",263.1,"Simu1","NIT",50,"cliver",0.184549848856743
"2633",263.2,"Simu1","NIT",50,"cliver",0.17528009045678
"2634",263.3,"Simu1","NIT",50,"cliver",0.166388660976436
"2635",263.4,"Simu1","NIT",50,"cliver",0.157868481914378
"2636",263.5,"Simu1","NIT",50,"cliver",0.149712103751979
"2637",263.6,"Simu1","NIT",50,"cliver",0.141911702574946
"2638",263.7,"Simu1","NIT",50,"cliver",0.134459128288133
"2639",263.8,"Simu1","NIT",50,"cliver",0.127345892401154
"2640",263.9,"Simu1","NIT",50,"cliver",0.120563171400583
"2641",264,"Simu1","NIT",50,"cliver",0.115358729376021
"2642",264.1,"Simu1","NIT",50,"cliver",0.437000995628323
"2643",264.2,"Simu1","NIT",50,"cliver",0.605171273614977
"2644",264.3,"Simu1","NIT",50,"cliver",0.680672482146935
"2645",264.4,"Simu1","NIT",50,"cliver",0.728784289912152
"2646",264.5,"Simu1","NIT",50,"cliver",0.762564500139262
"2647",264.6,"Simu1","NIT",50,"cliver",0.786024224127229
"2648",264.7,"Simu1","NIT",50,"cliver",0.80122091390012
"2649",264.8,"Simu1","NIT",50,"cliver",0.80962802101036
"2650",264.9,"Simu1","NIT",50,"cliver",0.812429460756256
"2651",265,"Simu1","NIT",50,"cliver",0.810605717791442
"2652",265.1,"Simu1","NIT",50,"cliver",0.804974875414038
"2653",265.2,"Simu1","NIT",50,"cliver",0.79622166134082
"2654",265.3,"Simu1","NIT",50,"cliver",0.784920061048121
"2655",265.4,"Simu1","NIT",50,"cliver",0.771552251987191
"2656",265.5,"Simu1","NIT",50,"cliver",0.7565224526258
"2657",265.6,"Simu1","NIT",50,"cliver",0.740170411862486
"2658",265.7,"Simu1","NIT",50,"cliver",0.722782310381692
"2659",265.8,"Simu1","NIT",50,"cliver",0.704599060931782
"2660",265.9,"Simu1","NIT",50,"cliver",0.685823491302473
"2661",266,"Simu1","NIT",50,"cliver",0.666626464134546
"2662",266.1,"Simu1","NIT",50,"cliver",0.647152102372167
"2663",266.2,"Simu1","NIT",50,"cliver",0.627522019295001
"2664",266.3,"Simu1","NIT",50,"cliver",0.607838717971065
"2665",266.4,"Simu1","NIT",50,"cliver",0.588188530028824
"2666",266.5,"Simu1","NIT",50,"cliver",0.568644074637663
"2667",266.6,"Simu1","NIT",50,"cliver",0.549266487158377
"2668",266.7,"Simu1","NIT",50,"cliver",0.530106952293031
"2669",266.8,"Simu1","NIT",50,"cliver",0.511208574685575
"2670",266.9,"Simu1","NIT",50,"cliver",0.492606905284898
"2671",267,"Simu1","NIT",50,"cliver",0.47433175487882
"2672",267.1,"Simu1","NIT",50,"cliver",0.45640756222501
"2673",267.2,"Simu1","NIT",50,"cliver",0.438854307175903
"2674",267.3,"Simu1","NIT",50,"cliver",0.421688363444811
"2675",267.4,"Simu1","NIT",50,"cliver",0.404922806403479
"2676",267.5,"Simu1","NIT",50,"cliver",0.38856803367934
"2677",267.6,"Simu1","NIT",50,"cliver",0.372631535545511
"2678",267.7,"Simu1","NIT",50,"cliver",0.357118793121531
"2679",267.8,"Simu1","NIT",50,"cliver",0.342033714084849
"2680",267.9,"Simu1","NIT",50,"cliver",0.327378739814538
"2681",268,"Simu1","NIT",50,"cliver",0.313154950429978
"2682",268.1,"Simu1","NIT",50,"cliver",0.299362231824508
"2683",268.2,"Simu1","NIT",50,"cliver",0.285999464182667
"2684",268.3,"Simu1","NIT",50,"cliver",0.273064677212415
"2685",268.4,"Simu1","NIT",50,"cliver",0.260555153963229
"2686",268.5,"Simu1","NIT",50,"cliver",0.248467535064702
"2687",268.6,"Simu1","NIT",50,"cliver",0.236797905631612
"2688",268.7,"Simu1","NIT",50,"cliver",0.225541839190199
"2689",268.8,"Simu1","NIT",50,"cliver",0.214694435496312
"2690",268.9,"Simu1","NIT",50,"cliver",0.204250369643554
"2691",269,"Simu1","NIT",50,"cliver",0.194203932561554
"2692",269.1,"Simu1","NIT",50,"cliver",0.184549053412379
"2693",269.2,"Simu1","NIT",50,"cliver",0.175279310002971
"2694",269.3,"Simu1","NIT",50,"cliver",0.166387930601751
"2695",269.4,"Simu1","NIT",50,"cliver",0.15786779524032
"2696",269.5,"Simu1","NIT",50,"cliver",0.149711441546834
"2697",269.6,"Simu1","NIT",50,"cliver",0.141911066866245
"2698",269.7,"Simu1","NIT",50,"cliver",0.134458523877432
"2699",269.8,"Simu1","NIT",50,"cliver",0.127345320827404
"2700",269.9,"Simu1","NIT",50,"cliver",0.120562635835406
"2701",270,"Simu1","NIT",50,"cliver",0.115358165798576
"2702",270.1,"Simu1","NIT",50,"cliver",0.43700038822792
"2703",270.2,"Simu1","NIT",50,"cliver",0.605170251982001
"2704",270.3,"Simu1","NIT",50,"cliver",0.680672130269553
"2705",270.4,"Simu1","NIT",50,"cliver",0.728784370706841
"2706",270.5,"Simu1","NIT",50,"cliver",0.762563542846959
"2707",270.6,"Simu1","NIT",50,"cliver",0.786023927418226
"2708",270.7,"Simu1","NIT",50,"cliver",0.801220285934733
"2709",270.8,"Simu1","NIT",50,"cliver",0.80962738512213
"2710",270.9,"Simu1","NIT",50,"cliver",0.812428904437952
"2711",271,"Simu1","NIT",50,"cliver",0.810605099561812
"2712",271.1,"Simu1","NIT",50,"cliver",0.804974184968045
"2713",271.2,"Simu1","NIT",50,"cliver",0.796220776267217
"2714",271.3,"Simu1","NIT",50,"cliver",0.784919364824396
"2715",271.4,"Simu1","NIT",50,"cliver",0.771551683499666
"2716",271.5,"Simu1","NIT",50,"cliver",0.75652178606558
"2717",271.6,"Simu1","NIT",50,"cliver",0.740169817436079
"2718",271.7,"Simu1","NIT",50,"cliver",0.722781866122297
"2719",271.8,"Simu1","NIT",50,"cliver",0.704598703131562
"2720",271.9,"Simu1","NIT",50,"cliver",0.685823076492804
"2721",272,"Simu1","NIT",50,"cliver",0.666625968448582
"2722",272.1,"Simu1","NIT",50,"cliver",0.647151618726204
"2723",272.2,"Simu1","NIT",50,"cliver",0.627521610055357
"2724",272.3,"Simu1","NIT",50,"cliver",0.607838369668822
"2725",272.4,"Simu1","NIT",50,"cliver",0.588188187736627
"2726",272.5,"Simu1","NIT",50,"cliver",0.568643738727406
"2727",272.6,"Simu1","NIT",50,"cliver",0.549266140641164
"2728",272.7,"Simu1","NIT",50,"cliver",0.530106670142669
"2729",272.8,"Simu1","NIT",50,"cliver",0.511208226978237
"2730",272.9,"Simu1","NIT",50,"cliver",0.492606584901495
"2731",273,"Simu1","NIT",50,"cliver",0.474331444643307
"2732",273.1,"Simu1","NIT",50,"cliver",0.456407314181677
"2733",273.2,"Simu1","NIT",50,"cliver",0.438854251870185
"2734",273.3,"Simu1","NIT",50,"cliver",0.421688502269667
"2735",273.4,"Simu1","NIT",50,"cliver",0.40492304097673
"2736",273.5,"Simu1","NIT",50,"cliver",0.388568038020796
"2737",273.6,"Simu1","NIT",50,"cliver",0.372631251071546
"2738",273.7,"Simu1","NIT",50,"cliver",0.357118361388692
"2739",273.8,"Simu1","NIT",50,"cliver",0.342033262828603
"2740",273.9,"Simu1","NIT",50,"cliver",0.327378310499717
"2741",274,"Simu1","NIT",50,"cliver",0.313154533169741
"2742",274.1,"Simu1","NIT",50,"cliver",0.29936181368335
"2743",274.2,"Simu1","NIT",50,"cliver",0.285999046206252
"2744",274.3,"Simu1","NIT",50,"cliver",0.273064267557398
"2745",274.4,"Simu1","NIT",50,"cliver",0.260554769523419
"2746",274.5,"Simu1","NIT",50,"cliver",0.24846719303987
"2747",274.6,"Simu1","NIT",50,"cliver",0.236797606315742
"2748",274.7,"Simu1","NIT",50,"cliver",0.225541568865521
"2749",274.8,"Simu1","NIT",50,"cliver",0.214694182634805
"2750",274.9,"Simu1","NIT",50,"cliver",0.204250131579245
"2751",275,"Simu1","NIT",50,"cliver",0.19420371131239
"2752",275.1,"Simu1","NIT",50,"cliver",0.184548849933191
"2753",275.2,"Simu1","NIT",50,"cliver",0.175279121382196
"2754",275.3,"Simu1","NIT",50,"cliver",0.166387752751797
"2755",275.4,"Simu1","NIT",50,"cliver",0.157867627399431
"2756",275.5,"Simu1","NIT",50,"cliver",0.1497112850778
"2757",275.6,"Simu1","NIT",50,"cliver",0.141910921399331
"2758",275.7,"Simu1","NIT",50,"cliver",0.134458387390277
"2759",275.8,"Simu1","NIT",50,"cliver",0.127345192664772
"2760",275.9,"Simu1","NIT",50,"cliver",0.120562507928912
"2761",276,"Simu1","NIT",50,"cliver",0.115358087926766
"2762",276.1,"Simu1","NIT",50,"cliver",0.43700077241289
"2763",276.2,"Simu1","NIT",50,"cliver",0.60517144202835
"2764",276.3,"Simu1","NIT",50,"cliver",0.68067316433939
"2765",276.4,"Simu1","NIT",50,"cliver",0.728783721761475
"2766",276.5,"Simu1","NIT",50,"cliver",0.762565586847658
"2767",276.6,"Simu1","NIT",50,"cliver",0.786025229269281
"2768",276.7,"Simu1","NIT",50,"cliver",0.80122185251989
"2769",276.8,"Simu1","NIT",50,"cliver",0.809629091628903
"2770",276.9,"Simu1","NIT",50,"cliver",0.812430569088721
"2771",277,"Simu1","NIT",50,"cliver",0.810606573736344
"2772",277.1,"Simu1","NIT",50,"cliver",0.804975353293374
"2773",277.2,"Simu1","NIT",50,"cliver",0.796222251325438
"2774",277.3,"Simu1","NIT",50,"cliver",0.784921027179215
"2775",277.4,"Simu1","NIT",50,"cliver",0.771553078008435
"2776",277.5,"Simu1","NIT",50,"cliver",0.756523084028017
"2777",277.6,"Simu1","NIT",50,"cliver",0.740171159979082
"2778",277.7,"Simu1","NIT",50,"cliver",0.722783230984736
"2779",277.8,"Simu1","NIT",50,"cliver",0.704599959833361
"2780",277.9,"Simu1","NIT",50,"cliver",0.685824236763648
"2781",278,"Simu1","NIT",50,"cliver",0.666627141154985
"2782",278.1,"Simu1","NIT",50,"cliver",0.647152843100894
"2783",278.2,"Simu1","NIT",50,"cliver",0.627522882136447
"2784",278.3,"Simu1","NIT",50,"cliver",0.607839577734392
"2785",278.4,"Simu1","NIT",50,"cliver",0.588189483435219
"2786",278.5,"Simu1","NIT",50,"cliver",0.568644754327615
"2787",278.6,"Simu1","NIT",50,"cliver",0.549267335564272
"2788",278.7,"Simu1","NIT",50,"cliver",0.530107859259759
"2789",278.8,"Simu1","NIT",50,"cliver",0.511209204976624
"2790",278.9,"Simu1","NIT",50,"cliver",0.49260732698065
"2791",279,"Simu1","NIT",50,"cliver",0.474332038322676
"2792",279.1,"Simu1","NIT",50,"cliver",0.456408192091065
"2793",279.2,"Simu1","NIT",50,"cliver",0.43885550045463
"2794",279.3,"Simu1","NIT",50,"cliver",0.421689911026354
"2795",279.4,"Simu1","NIT",50,"cliver",0.404924436423432
"2796",279.5,"Simu1","NIT",50,"cliver",0.388569378644351
"2797",279.6,"Simu1","NIT",50,"cliver",0.372632555604957
"2798",279.7,"Simu1","NIT",50,"cliver",0.357119643796428
"2799",279.8,"Simu1","NIT",50,"cliver",0.342034523426764
"2800",279.9,"Simu1","NIT",50,"cliver",0.327379538732559
"2801",280,"Simu1","NIT",50,"cliver",0.313155719291927
"2802",280.1,"Simu1","NIT",50,"cliver",0.299362953279207
"2803",280.2,"Simu1","NIT",50,"cliver",0.286000135112131
"2804",280.3,"Simu1","NIT",50,"cliver",0.273065288925929
"2805",280.4,"Simu1","NIT",50,"cliver",0.260555710569577
"2806",280.5,"Simu1","NIT",50,"cliver",0.248468060877198
"2807",280.6,"Simu1","NIT",50,"cliver",0.236798419078698
"2808",280.7,"Simu1","NIT",50,"cliver",0.225542338666772
"2809",280.8,"Simu1","NIT",50,"cliver",0.214694911126705
"2810",280.9,"Simu1","NIT",50,"cliver",0.204250817336904
"2811",281,"Simu1","NIT",50,"cliver",0.194204356736178
"2812",281.1,"Simu1","NIT",50,"cliver",0.184549460013279
"2813",281.2,"Simu1","NIT",50,"cliver",0.175279699379238
"2814",281.3,"Simu1","NIT",50,"cliver",0.166388299501336
"2815",281.4,"Simu1","NIT",50,"cliver",0.157868143663527
"2816",281.5,"Simu1","NIT",50,"cliver",0.149711772678714
"2817",281.6,"Simu1","NIT",50,"cliver",0.141911382276519
"2818",281.7,"Simu1","NIT",50,"cliver",0.134458822958909
"2819",281.8,"Simu1","NIT",50,"cliver",0.127345603872305
"2820",281.9,"Simu1","NIT",50,"cliver",0.120562898143812
"2821",282,"Simu1","NIT",50,"cliver",0.115358472558566
"2822",282.1,"Simu1","NIT",50,"cliver",0.437001113449114
"2823",282.2,"Simu1","NIT",50,"cliver",0.605171768934295
"2824",282.3,"Simu1","NIT",50,"cliver",0.680673484609752
"2825",282.4,"Simu1","NIT",50,"cliver",0.72878402831038
"2826",282.5,"Simu1","NIT",50,"cliver",0.762565881307683
"2827",282.6,"Simu1","NIT",50,"cliver",0.786025512290578
"2828",282.7,"Simu1","NIT",50,"cliver",0.801222126967414
"2829",282.8,"Simu1","NIT",50,"cliver",0.809629354146925
"2830",282.9,"Simu1","NIT",50,"cliver",0.812430824077396
"2831",283,"Simu1","NIT",50,"cliver",0.810606820669938
"2832",283.1,"Simu1","NIT",50,"cliver",0.804975590228293
"2833",283.2,"Simu1","NIT",50,"cliver",0.796222477429406
"2834",283.3,"Simu1","NIT",50,"cliver",0.78492124628028
"2835",283.4,"Simu1","NIT",50,"cliver",0.771553289793209
"2836",283.5,"Simu1","NIT",50,"cliver",0.756523286073199
"2837",283.6,"Simu1","NIT",50,"cliver",0.740171352613569
"2838",283.7,"Simu1","NIT",50,"cliver",0.722783415466288
"2839",283.8,"Simu1","NIT",50,"cliver",0.704600136845663
"2840",283.9,"Simu1","NIT",50,"cliver",0.685824406213551
"2841",284,"Simu1","NIT",50,"cliver",0.666627305049513
"2842",284.1,"Simu1","NIT",50,"cliver",0.647152999588099
"2843",284.2,"Simu1","NIT",50,"cliver",0.627523031670605
"2844",284.3,"Simu1","NIT",50,"cliver",0.607839721883441
"2845",284.4,"Simu1","NIT",50,"cliver",0.588189620129741
"2846",284.5,"Simu1","NIT",50,"cliver",0.568644875901501
"2847",284.6,"Simu1","NIT",50,"cliver",0.549267462093225
"2848",284.7,"Simu1","NIT",50,"cliver",0.530107982478595
"2849",284.8,"Simu1","NIT",50,"cliver",0.511209324989907
"2850",284.9,"Simu1","NIT",50,"cliver",0.492607437924531
"2851",285,"Simu1","NIT",50,"cliver",0.474332142525835
"2852",285.1,"Simu1","NIT",50,"cliver",0.456408289127659
"2853",285.2,"Simu1","NIT",50,"cliver",0.438855590556429
"2854",285.3,"Simu1","NIT",50,"cliver",0.42169000095822
"2855",285.4,"Simu1","NIT",50,"cliver",0.404924524128435
"2856",285.5,"Simu1","NIT",50,"cliver",0.388569462340984
"2857",285.6,"Simu1","NIT",50,"cliver",0.372632635144254
"2858",285.7,"Simu1","NIT",50,"cliver",0.357119719565869
"2859",285.8,"Simu1","NIT",50,"cliver",0.342034595867968
"2860",285.9,"Simu1","NIT",50,"cliver",0.327379608072723
"2861",286,"Simu1","NIT",50,"cliver",0.313155785586754
"2862",286.1,"Simu1","NIT",50,"cliver",0.29936301654365
"2863",286.2,"Simu1","NIT",50,"cliver",0.286000195761793
"2864",286.3,"Simu1","NIT",50,"cliver",0.273065347246868
"2865",286.4,"Simu1","NIT",50,"cliver",0.260555766349048
"2866",286.5,"Simu1","NIT",50,"cliver",0.248468113784008
"2867",286.6,"Simu1","NIT",50,"cliver",0.236798469153768
"2868",286.7,"Simu1","NIT",50,"cliver",0.225542386214251
"2869",286.8,"Simu1","NIT",50,"cliver",0.214694956386232
"2870",286.9,"Simu1","NIT",50,"cliver",0.204250860364846
"2871",287,"Simu1","NIT",50,"cliver",0.194204397520884
"2872",287.1,"Simu1","NIT",50,"cliver",0.184549498622756
"2873",287.2,"Simu1","NIT",50,"cliver",0.175279735949603
"2874",287.3,"Simu1","NIT",50,"cliver",0.166388334140864
"2875",287.4,"Simu1","NIT",50,"cliver",0.15786817642771
"2876",287.5,"Simu1","NIT",50,"cliver",0.149711803622192
"2877",287.6,"Simu1","NIT",50,"cliver",0.141911411478999
"2878",287.7,"Simu1","NIT",50,"cliver",0.134458850505149
"2879",287.8,"Simu1","NIT",50,"cliver",0.127345629834258
"2880",287.9,"Simu1","NIT",50,"cliver",0.120562922624286
"2881",288,"Simu1","NIT",50,"cliver",0.115358520182422
"2882",288.1,"Simu1","NIT",50,"cliver",0.437001387263856
"2883",288.2,"Simu1","NIT",50,"cliver",0.605171927942938
"2884",288.3,"Simu1","NIT",50,"cliver",0.68067477215184
"2885",288.4,"Simu1","NIT",50,"cliver",0.728785311860239
"2886",288.5,"Simu1","NIT",50,"cliver",0.762566896722307
"2887",288.6,"Simu1","NIT",50,"cliver",0.786025745878288
"2888",288.7,"Simu1","NIT",50,"cliver",0.80122161082326
"2889",288.8,"Simu1","NIT",50,"cliver",0.809629356893717
"2890",288.9,"Simu1","NIT",50,"cliver",0.812430888968309
"2891",289,"Simu1","NIT",50,"cliver",0.81060706414813
"2892",289.1,"Simu1","NIT",50,"cliver",0.804976278238507
"2893",289.2,"Simu1","NIT",50,"cliver",0.796223186886917
"2894",289.3,"Simu1","NIT",50,"cliver",0.7849216316464
"2895",289.4,"Simu1","NIT",50,"cliver",0.771553788073403
"2896",289.5,"Simu1","NIT",50,"cliver",0.756524012009985
"2897",289.6,"Simu1","NIT",50,"cliver",0.74017198915474
"2898",289.7,"Simu1","NIT",50,"cliver",0.722783813197623
"2899",289.8,"Simu1","NIT",50,"cliver",0.704600490625597
"2900",289.9,"Simu1","NIT",50,"cliver",0.685824893574767
"2901",290,"Simu1","NIT",50,"cliver",0.666627897765191
"2902",290.1,"Simu1","NIT",50,"cliver",0.647153562350032
"2903",290.2,"Simu1","NIT",50,"cliver",0.627523466504889
"2904",290.3,"Simu1","NIT",50,"cliver",0.607840135407414
"2905",290.4,"Simu1","NIT",50,"cliver",0.588189912130302
"2906",290.5,"Simu1","NIT",50,"cliver",0.568645444463388
"2907",290.6,"Simu1","NIT",50,"cliver",0.549267810727649
"2908",290.7,"Simu1","NIT",50,"cliver",0.530108286151773
"2909",290.8,"Simu1","NIT",50,"cliver",0.51120978880267
"2910",290.9,"Simu1","NIT",50,"cliver",0.49260810533966
"2911",291,"Simu1","NIT",50,"cliver",0.474332925885796
"2912",291.1,"Simu1","NIT",50,"cliver",0.456408757045775
"2913",291.2,"Simu1","NIT",50,"cliver",0.438855644657958
"2914",291.3,"Simu1","NIT",50,"cliver",0.421689858282388
"2915",291.4,"Simu1","NIT",50,"cliver",0.404924341385619
"2916",291.5,"Simu1","NIT",50,"cliver",0.388569266247063
"2917",291.6,"Simu1","NIT",50,"cliver",0.372632455614312
"2918",291.7,"Simu1","NIT",50,"cliver",0.357119544975377
"2919",291.8,"Simu1","NIT",50,"cliver",0.342034421777051
"2920",291.9,"Simu1","NIT",50,"cliver",0.327379417634679
"2921",292,"Simu1","NIT",50,"cliver",0.313155610142956
"2922",292.1,"Simu1","NIT",50,"cliver",0.299362872051448
"2923",292.2,"Simu1","NIT",50,"cliver",0.286000107309711
"2924",292.3,"Simu1","NIT",50,"cliver",0.273065306581434
"2925",292.4,"Simu1","NIT",50,"cliver",0.260555797471115
"2926",292.5,"Simu1","NIT",50,"cliver",0.248468170933272
"2927",292.6,"Simu1","NIT",50,"cliver",0.236798578915304
"2928",292.7,"Simu1","NIT",50,"cliver",0.225542501834824
"2929",292.8,"Simu1","NIT",50,"cliver",0.214694982387653
"2930",292.9,"Simu1","NIT",50,"cliver",0.204250918219657
"2931",293,"Simu1","NIT",50,"cliver",0.194204490417706
"2932",293.1,"Simu1","NIT",50,"cliver",0.184549591021058
"2933",293.2,"Simu1","NIT",50,"cliver",0.175279811966278
"2934",293.3,"Simu1","NIT",50,"cliver",0.16638840816502
"2935",293.4,"Simu1","NIT",50,"cliver",0.157868256147899
"2936",293.5,"Simu1","NIT",50,"cliver",0.149711882476932
"2937",293.6,"Simu1","NIT",50,"cliver",0.141911484955772
"2938",293.7,"Simu1","NIT",50,"cliver",0.13445891878161
"2939",293.8,"Simu1","NIT",50,"cliver",0.127345694338454
"2940",293.9,"Simu1","NIT",50,"cliver",0.120562989559082
"2941",294,"Simu1","NIT",50,"cliver",0.115358568763173
"2942",294.1,"Simu1","NIT",50,"cliver",0.437001459915846
"2943",294.2,"Simu1","NIT",50,"cliver",0.605172026811365
"2944",294.3,"Simu1","NIT",50,"cliver",0.68067432108277
"2945",294.4,"Simu1","NIT",50,"cliver",0.728784570193211
"2946",294.5,"Simu1","NIT",50,"cliver",0.76256640471169
"2947",294.6,"Simu1","NIT",50,"cliver",0.786026042028045
"2948",294.7,"Simu1","NIT",50,"cliver",0.801222640460845
"2949",294.8,"Simu1","NIT",50,"cliver",0.80962988770329
"2950",294.9,"Simu1","NIT",50,"cliver",0.812431333279117
"2951",295,"Simu1","NIT",50,"cliver",0.81060731485901
"2952",295.1,"Simu1","NIT",50,"cliver",0.804976088044011
"2953",295.2,"Simu1","NIT",50,"cliver",0.796222984279121
"2954",295.3,"Simu1","NIT",50,"cliver",0.78492172763396
"2955",295.4,"Simu1","NIT",50,"cliver",0.771553752511434
"2956",295.5,"Simu1","NIT",50,"cliver",0.756523755609112
"2957",295.6,"Simu1","NIT",50,"cliver",0.740171826433721
"2958",295.7,"Simu1","NIT",50,"cliver",0.722783880690403
"2959",295.8,"Simu1","NIT",50,"cliver",0.704600581351355
"2960",295.9,"Simu1","NIT",50,"cliver",0.6858248337603
"2961",296,"Simu1","NIT",50,"cliver",0.666627729697287
"2962",296.1,"Simu1","NIT",50,"cliver",0.647153419787785
"2963",296.2,"Simu1","NIT",50,"cliver",0.627523444436272
"2964",296.3,"Simu1","NIT",50,"cliver",0.607840116367703
"2965",296.4,"Simu1","NIT",50,"cliver",0.588190013312648
"2966",296.5,"Simu1","NIT",50,"cliver",0.568645376338861
"2967",296.6,"Simu1","NIT",50,"cliver",0.549267829396047
"2968",296.7,"Simu1","NIT",50,"cliver",0.530108312459861
"2969",296.8,"Simu1","NIT",50,"cliver",0.511209625232798
"2970",296.9,"Simu1","NIT",50,"cliver",0.492607761141003
"2971",297,"Simu1","NIT",50,"cliver",0.4743324973792
"2972",297.1,"Simu1","NIT",50,"cliver",0.456408686588674
"2973",297.2,"Simu1","NIT",50,"cliver",0.438855955714114
"2974",297.3,"Simu1","NIT",50,"cliver",0.421690315764379
"2975",297.4,"Simu1","NIT",50,"cliver",0.404924812080389
"2976",297.5,"Simu1","NIT",50,"cliver",0.38856974181878
"2977",297.6,"Simu1","NIT",50,"cliver",0.372632908397121
"2978",297.7,"Simu1","NIT",50,"cliver",0.357119984531695
"2979",297.8,"Simu1","NIT",50,"cliver",0.342034849864205
"2980",297.9,"Simu1","NIT",50,"cliver",0.3273798505091
"2981",298,"Simu1","NIT",50,"cliver",0.313156017398293
"2982",298.1,"Simu1","NIT",50,"cliver",0.299363238886975
"2983",298.2,"Simu1","NIT",50,"cliver",0.286000405840507
"2984",298.3,"Simu1","NIT",50,"cliver",0.273065543689604
"2985",298.4,"Simu1","NIT",50,"cliver",0.260555952812147
"2986",298.5,"Simu1","NIT",50,"cliver",0.2484682946375
"2987",298.6,"Simu1","NIT",50,"cliver",0.23679864493266
"2988",298.7,"Simu1","NIT",50,"cliver",0.225542555001455
"2989",298.8,"Simu1","NIT",50,"cliver",0.214695117037049
"2990",298.9,"Simu1","NIT",50,"cliver",0.204251013505985
"2991",299,"Simu1","NIT",50,"cliver",0.194204544295454
"2992",299.1,"Simu1","NIT",50,"cliver",0.184549639309862
"2993",299.2,"Simu1","NIT",50,"cliver",0.175279870190481
"2994",299.3,"Simu1","NIT",50,"cliver",0.166388461878243
"2995",299.4,"Simu1","NIT",50,"cliver",0.1578682980779
"2996",299.5,"Simu1","NIT",50,"cliver",0.149711919563256
"2997",299.6,"Simu1","NIT",50,"cliver",0.14191152182665
"2998",299.7,"Simu1","NIT",50,"cliver",0.134458955334851
"2999",299.8,"Simu1","NIT",50,"cliver",0.127345729319541
"3000",299.9,"Simu1","NIT",50,"cliver",0.120563016716644
"3001",300,"Simu1","NIT",50,"cliver",0.115358620778591
"3002",300.1,"Simu1","NIT",50,"cliver",0.437001054228682
"3003",300.2,"Simu1","NIT",50,"cliver",0.605171693257744
"3004",300.3,"Simu1","NIT",50,"cliver",0.680672621931434
"3005",300.4,"Simu1","NIT",50,"cliver",0.728784168599217
"3006",300.5,"Simu1","NIT",50,"cliver",0.762562607773818
"3007",300.6,"Simu1","NIT",50,"cliver",0.78602247348012
"3008",300.7,"Simu1","NIT",50,"cliver",0.801220414601696
"3009",300.8,"Simu1","NIT",50,"cliver",0.809627601702608
"3010",300.9,"Simu1","NIT",50,"cliver",0.812429258452294
"3011",301,"Simu1","NIT",50,"cliver",0.810605331995968
"3012",301.1,"Simu1","NIT",50,"cliver",0.804974139485165
"3013",301.2,"Simu1","NIT",50,"cliver",0.796221137396394
"3014",301.3,"Simu1","NIT",50,"cliver",0.784920002915453
"3015",301.4,"Simu1","NIT",50,"cliver",0.771552186913287
"3016",301.5,"Simu1","NIT",50,"cliver",0.756522398361257
"3017",301.6,"Simu1","NIT",50,"cliver",0.740170559268631
"3018",301.7,"Simu1","NIT",50,"cliver",0.722782574355799
"3019",301.8,"Simu1","NIT",50,"cliver",0.704599253485431
"3020",301.9,"Simu1","NIT",50,"cliver",0.685823567532491
"3021",302,"Simu1","NIT",50,"cliver",0.666626544071079
"3022",302.1,"Simu1","NIT",50,"cliver",0.64715229480877
"3023",302.2,"Simu1","NIT",50,"cliver",0.627522318200361
"3024",302.3,"Simu1","NIT",50,"cliver",0.607839054065858
"3025",302.4,"Simu1","NIT",50,"cliver",0.588188849633163
"3026",302.5,"Simu1","NIT",50,"cliver",0.568644400240344
"3027",302.6,"Simu1","NIT",50,"cliver",0.549266806111838
"3028",302.7,"Simu1","NIT",50,"cliver",0.530107327151611
"3029",302.8,"Simu1","NIT",50,"cliver",0.511208865573721
"3030",302.9,"Simu1","NIT",50,"cliver",0.492607205950638
"3031",303,"Simu1","NIT",50,"cliver",0.474332052882564
"3032",303.1,"Simu1","NIT",50,"cliver",0.456407910392776
"3033",303.2,"Simu1","NIT",50,"cliver",0.438854833014629
"3034",303.3,"Simu1","NIT",50,"cliver",0.421689066068232
"3035",303.4,"Simu1","NIT",50,"cliver",0.404923587703772
"3036",303.5,"Simu1","NIT",50,"cliver",0.388568568830334
"3037",303.6,"Simu1","NIT",50,"cliver",0.372631766109065
"3038",303.7,"Simu1","NIT",50,"cliver",0.357118860505949
"3039",303.8,"Simu1","NIT",50,"cliver",0.342033746238829
"3040",303.9,"Simu1","NIT",50,"cliver",0.32737877761681
"3041",304,"Simu1","NIT",50,"cliver",0.313154983716319
"3042",304.1,"Simu1","NIT",50,"cliver",0.299362248228755
"3043",304.2,"Simu1","NIT",50,"cliver",0.2859994649696
"3044",304.3,"Simu1","NIT",50,"cliver",0.273064670710977
"3045",304.4,"Simu1","NIT",50,"cliver",0.260555157306093
"3046",304.5,"Simu1","NIT",50,"cliver",0.248467565739809
"3047",304.6,"Simu1","NIT",50,"cliver",0.236797964263006
"3048",304.7,"Simu1","NIT",50,"cliver",0.225541912351187
"3049",304.8,"Simu1","NIT",50,"cliver",0.214694511916676
"3050",304.9,"Simu1","NIT",50,"cliver",0.204250446980619
"3051",305,"Simu1","NIT",50,"cliver",0.1942040131887
"3052",305.1,"Simu1","NIT",50,"cliver",0.1845491386113
"3053",305.2,"Simu1","NIT",50,"cliver",0.175279397161162
"3054",305.3,"Simu1","NIT",50,"cliver",0.166388015981351
"3055",305.4,"Simu1","NIT",50,"cliver",0.157867878413269
"3056",305.5,"Simu1","NIT",50,"cliver",0.14971152426267
"3057",305.6,"Simu1","NIT",50,"cliver",0.14191114901486
"3058",305.7,"Simu1","NIT",50,"cliver",0.134458603510732
"3059",305.8,"Simu1","NIT",50,"cliver",0.127345397398329
"3060",305.9,"Simu1","NIT",50,"cliver",0.120562713633812
"3061",306,"Simu1","NIT",50,"cliver",0.115358293060427
"3062",306.1,"Simu1","NIT",50,"cliver",0.437000425145306
"3063",306.2,"Simu1","NIT",50,"cliver",0.605170811669653
"3064",306.3,"Simu1","NIT",50,"cliver",0.680671665850046
"3065",306.4,"Simu1","NIT",50,"cliver",0.728783084379576
"3066",306.5,"Simu1","NIT",50,"cliver",0.762564203364312
"3067",306.6,"Simu1","NIT",50,"cliver",0.786023896494144
"3068",306.7,"Simu1","NIT",50,"cliver",0.801220475486066
"3069",306.8,"Simu1","NIT",50,"cliver",0.809627548115049
"3070",306.9,"Simu1","NIT",50,"cliver",0.812429007587988
"3071",307,"Simu1","NIT",50,"cliver",0.810605249280447
"3072",307.1,"Simu1","NIT",50,"cliver",0.804974394537384
"3073",307.2,"Simu1","NIT",50,"cliver",0.796221125846167
"3074",307.3,"Simu1","NIT",50,"cliver",0.784919557254603
"3075",307.4,"Simu1","NIT",50,"cliver",0.771551772693653
"3076",307.5,"Simu1","NIT",50,"cliver",0.756521966168001
"3077",307.6,"Simu1","NIT",50,"cliver",0.740169927297461
"3078",307.7,"Simu1","NIT",50,"cliver",0.722781820331618
"3079",307.8,"Simu1","NIT",50,"cliver",0.704598589150222
"3080",307.9,"Simu1","NIT",50,"cliver",0.685823031992829
"3081",308,"Simu1","NIT",50,"cliver",0.666626008504364
"3082",308.1,"Simu1","NIT",50,"cliver",0.647151655256237
"3083",308.2,"Simu1","NIT",50,"cliver",0.627521588159749
"3084",308.3,"Simu1","NIT",50,"cliver",0.607838307426315
"3085",308.4,"Simu1","NIT",50,"cliver",0.588188133076947
"3086",308.5,"Simu1","NIT",50,"cliver",0.568643695768169
"3087",308.6,"Simu1","NIT",50,"cliver",0.549266109847185
"3088",308.7,"Simu1","NIT",50,"cliver",0.530106610569833
"3089",308.8,"Simu1","NIT",50,"cliver",0.511208201088828
"3090",308.9,"Simu1","NIT",50,"cliver",0.492606576430404
"3091",309,"Simu1","NIT",50,"cliver",0.474331442104088
"3092",309.1,"Simu1","NIT",50,"cliver",0.456407246493705
"3093",309.2,"Simu1","NIT",50,"cliver",0.438854000621683
"3094",309.3,"Simu1","NIT",50,"cliver",0.421688075431777
"3095",309.4,"Simu1","NIT",50,"cliver",0.404922532856112
"3096",309.5,"Simu1","NIT",50,"cliver",0.388567773947192
"3097",309.6,"Simu1","NIT",50,"cliver",0.372631285270491
"3098",309.7,"Simu1","NIT",50,"cliver",0.357118550659965
"3099",309.8,"Simu1","NIT",50,"cliver",0.342033479902711
"3100",309.9,"Simu1","NIT",50,"cliver",0.327378514885132
"3101",310,"Simu1","NIT",50,"cliver",0.313154734862932
"3102",310.1,"Simu1","NIT",50,"cliver",0.299362025176769
"3103",310.2,"Simu1","NIT",50,"cliver",0.28599926598841
"3104",310.3,"Simu1","NIT",50,"cliver",0.273064487176205
"3105",310.4,"Simu1","NIT",50,"cliver",0.260554971615644
"3106",310.5,"Simu1","NIT",50,"cliver",0.248467360243554
"3107",310.6,"Simu1","NIT",50,"cliver",0.236797738400356
"3108",310.7,"Simu1","NIT",50,"cliver",0.225541679496168
"3109",310.8,"Simu1","NIT",50,"cliver",0.214694283068266
"3110",310.9,"Simu1","NIT",50,"cliver",0.204250224123814
"3111",311,"Simu1","NIT",50,"cliver",0.194203793646118
"3112",311.1,"Simu1","NIT",50,"cliver",0.184548920971635
"3113",311.2,"Simu1","NIT",50,"cliver",0.175279183940416
"3114",311.3,"Simu1","NIT",50,"cliver",0.166387810669529
"3115",311.4,"Simu1","NIT",50,"cliver",0.157867681153608
"3116",311.5,"Simu1","NIT",50,"cliver",0.149711333138275
"3117",311.6,"Simu1","NIT",50,"cliver",0.141910963990312
"3118",311.7,"Simu1","NIT",50,"cliver",0.134458426318726
"3119",311.8,"Simu1","NIT",50,"cliver",0.127345228378259
"3120",311.9,"Simu1","NIT",50,"cliver",0.120562546336192
"3121",312,"Simu1","NIT",50,"cliver",0.115358091089858
"3122",312.1,"Simu1","NIT",50,"cliver",0.437000056533958
"3123",312.2,"Simu1","NIT",50,"cliver",0.605170066017306
"3124",312.3,"Simu1","NIT",50,"cliver",0.680671281881514
"3125",312.4,"Simu1","NIT",50,"cliver",0.728782521133575
"3126",312.5,"Simu1","NIT",50,"cliver",0.762562790842054
"3127",312.6,"Simu1","NIT",50,"cliver",0.78602226056525
"3128",312.7,"Simu1","NIT",50,"cliver",0.801218640628218
"3129",312.8,"Simu1","NIT",50,"cliver",0.809626072666254
"3130",312.9,"Simu1","NIT",50,"cliver",0.812427548379546
"3131",313,"Simu1","NIT",50,"cliver",0.810603797015727
"3132",313.1,"Simu1","NIT",50,"cliver",0.804972928362445
"3133",313.2,"Simu1","NIT",50,"cliver",0.796219556394999
"3134",313.3,"Simu1","NIT",50,"cliver",0.78491824380673
"3135",313.4,"Simu1","NIT",50,"cliver",0.771550609961316
"3136",313.5,"Simu1","NIT",50,"cliver",0.756520745401796
"3137",313.6,"Simu1","NIT",50,"cliver",0.740168651834781
"3138",313.7,"Simu1","NIT",50,"cliver",0.722780600899746
"3139",313.8,"Simu1","NIT",50,"cliver",0.704597450664217
"3140",313.9,"Simu1","NIT",50,"cliver",0.685821949565854
"3141",314,"Simu1","NIT",50,"cliver",0.666624963178919
"3142",314.1,"Simu1","NIT",50,"cliver",0.647150668711301
"3143",314.2,"Simu1","NIT",50,"cliver",0.627520680963706
"3144",314.3,"Simu1","NIT",50,"cliver",0.607837476862449
"3145",314.4,"Simu1","NIT",50,"cliver",0.588187353275225
"3146",314.5,"Simu1","NIT",50,"cliver",0.568642959872047
"3147",314.6,"Simu1","NIT",50,"cliver",0.549265399942012
"3148",314.7,"Simu1","NIT",50,"cliver",0.5301059592041
"3149",314.8,"Simu1","NIT",50,"cliver",0.511207547291745
"3150",314.9,"Simu1","NIT",50,"cliver",0.492605941681469
"3151",315,"Simu1","NIT",50,"cliver",0.474330833191382
"3152",315.1,"Simu1","NIT",50,"cliver",0.456406733272305
"3153",315.2,"Simu1","NIT",50,"cliver",0.438853691828931
"3154",315.3,"Simu1","NIT",50,"cliver",0.421687972840588
"3155",315.4,"Simu1","NIT",50,"cliver",0.404922487207277
"3156",315.5,"Simu1","NIT",50,"cliver",0.388567537463872
"3157",315.6,"Simu1","NIT",50,"cliver",0.372630783251084
"3158",315.7,"Simu1","NIT",50,"cliver",0.357117927217453
"3159",315.8,"Simu1","NIT",50,"cliver",0.342032839732706
"3160",315.9,"Simu1","NIT",50,"cliver",0.32737789165181
"3161",316,"Simu1","NIT",50,"cliver",0.313154141811194
"3162",316.1,"Simu1","NIT",50,"cliver",0.299361448599034
"3163",316.2,"Simu1","NIT",50,"cliver",0.285998688528404
"3164",316.3,"Simu1","NIT",50,"cliver",0.273063919880541
"3165",316.4,"Simu1","NIT",50,"cliver",0.260554442440615
"3166",316.5,"Simu1","NIT",50,"cliver",0.248466882619356
"3167",316.6,"Simu1","NIT",50,"cliver",0.236797305830832
"3168",316.7,"Simu1","NIT",50,"cliver",0.225541280215384
"3169",316.8,"Simu1","NIT",50,"cliver",0.214693908839313
"3170",316.9,"Simu1","NIT",50,"cliver",0.204249870614039
"3171",317,"Simu1","NIT",50,"cliver",0.194203461025268
"3172",317.1,"Simu1","NIT",50,"cliver",0.184548610675608
"3173",317.2,"Simu1","NIT",50,"cliver",0.17527889388849
"3174",317.3,"Simu1","NIT",50,"cliver",0.166387536335839
"3175",317.4,"Simu1","NIT",50,"cliver",0.157867431842998
"3176",317.5,"Simu1","NIT",50,"cliver",0.149711106018556
"3177",317.6,"Simu1","NIT",50,"cliver",0.141910746440146
"3178",317.7,"Simu1","NIT",50,"cliver",0.134458211447338
"3179",317.8,"Simu1","NIT",50,"cliver",0.127345016045972
"3180",317.9,"Simu1","NIT",50,"cliver",0.12056235717967
"3181",318,"Simu1","NIT",50,"cliver",0.115357989506773
"3182",318.1,"Simu1","NIT",50,"cliver",0.437000544589589
"3183",318.2,"Simu1","NIT",50,"cliver",0.605170803839781
"3184",318.3,"Simu1","NIT",50,"cliver",0.680672177829327
"3185",318.4,"Simu1","NIT",50,"cliver",0.728784309307379
"3186",318.5,"Simu1","NIT",50,"cliver",0.762564573449656
"3187",318.6,"Simu1","NIT",50,"cliver",0.786025006936397
"3188",318.7,"Simu1","NIT",50,"cliver",0.801221345675803
"3189",318.8,"Simu1","NIT",50,"cliver",0.809628617321698
"3190",318.9,"Simu1","NIT",50,"cliver",0.812429388080771
"3191",319,"Simu1","NIT",50,"cliver",0.810605437957802
"3192",319.1,"Simu1","NIT",50,"cliver",0.804974950530959
"3193",319.2,"Simu1","NIT",50,"cliver",0.796221887039716
"3194",319.3,"Simu1","NIT",50,"cliver",0.784920824891083
"3195",319.4,"Simu1","NIT",50,"cliver",0.771553192379233
"3196",319.5,"Simu1","NIT",50,"cliver",0.756523295292762
"3197",319.6,"Simu1","NIT",50,"cliver",0.740171094790766
"3198",319.7,"Simu1","NIT",50,"cliver",0.722783077956601
"3199",319.8,"Simu1","NIT",50,"cliver",0.704599925386505
"3200",319.9,"Simu1","NIT",50,"cliver",0.685824446589459
"3201",320,"Simu1","NIT",50,"cliver",0.666627116715492
"3202",320.1,"Simu1","NIT",50,"cliver",0.647153065884695
"3203",320.2,"Simu1","NIT",50,"cliver",0.627522924102821
"3204",320.3,"Simu1","NIT",50,"cliver",0.607839549558607
"3205",320.4,"Simu1","NIT",50,"cliver",0.588189559597795
"3206",320.5,"Simu1","NIT",50,"cliver",0.568645184897008
"3207",320.6,"Simu1","NIT",50,"cliver",0.549267557751481
"3208",320.7,"Simu1","NIT",50,"cliver",0.530108082223467
"3209",320.8,"Simu1","NIT",50,"cliver",0.511209651178401
"3210",320.9,"Simu1","NIT",50,"cliver",0.492607992946287
"3211",321,"Simu1","NIT",50,"cliver",0.474332815497133
"3212",321.1,"Simu1","NIT",50,"cliver",0.45640856147238
"3213",321.2,"Simu1","NIT",50,"cliver",0.438855304634055
"3214",321.3,"Simu1","NIT",50,"cliver",0.421689396074475
"3215",321.4,"Simu1","NIT",50,"cliver",0.404923858569824
"3216",321.5,"Simu1","NIT",50,"cliver",0.388568826955373
"3217",321.6,"Simu1","NIT",50,"cliver",0.372631998860075
"3218",321.7,"Simu1","NIT",50,"cliver",0.357119060437885
"3219",321.8,"Simu1","NIT",50,"cliver",0.342033897966506
"3220",321.9,"Simu1","NIT",50,"cliver",0.327379018997807
"3221",322,"Simu1","NIT",50,"cliver",0.313155121857259
"3222",322.1,"Simu1","NIT",50,"cliver",0.299362295398425
"3223",322.2,"Simu1","NIT",50,"cliver",0.285999482031124
"3224",322.3,"Simu1","NIT",50,"cliver",0.273064791012517
"3225",322.4,"Simu1","NIT",50,"cliver",0.260555228645665
"3226",322.5,"Simu1","NIT",50,"cliver",0.24846759934861
"3227",322.6,"Simu1","NIT",50,"cliver",0.23679800858546
"3228",322.7,"Simu1","NIT",50,"cliver",0.225541966229468
"3229",322.8,"Simu1","NIT",50,"cliver",0.214694589781051
"3230",322.9,"Simu1","NIT",50,"cliver",0.204250502869021
"3231",323,"Simu1","NIT",50,"cliver",0.194204038415587
"3232",323.1,"Simu1","NIT",50,"cliver",0.184549178061292
"3233",323.2,"Simu1","NIT",50,"cliver",0.175279456639228
"3234",323.3,"Simu1","NIT",50,"cliver",0.166388056049698
"3235",323.4,"Simu1","NIT",50,"cliver",0.157867905295784
"3236",323.5,"Simu1","NIT",50,"cliver",0.149711554288792
"3237",323.6,"Simu1","NIT",50,"cliver",0.14191119227143
"3238",323.7,"Simu1","NIT",50,"cliver",0.134458579101725
"3239",323.8,"Simu1","NIT",50,"cliver",0.127345375255467
"3240",323.9,"Simu1","NIT",50,"cliver",0.120562685020805
"3241",324,"Simu1","NIT",50,"cliver",0.115358299082764
"3242",324.1,"Simu1","NIT",50,"cliver",0.437000078670128
"3243",324.2,"Simu1","NIT",50,"cliver",0.60517017980551
"3244",324.3,"Simu1","NIT",50,"cliver",0.680671836417059
"3245",324.4,"Simu1","NIT",50,"cliver",0.728783150584583
"3246",324.5,"Simu1","NIT",50,"cliver",0.762563198706279
"3247",324.6,"Simu1","NIT",50,"cliver",0.786022400191979
"3248",324.7,"Simu1","NIT",50,"cliver",0.801219281368406
"3249",324.8,"Simu1","NIT",50,"cliver",0.809626835722803
"3250",324.9,"Simu1","NIT",50,"cliver",0.812428305690569
"3251",325,"Simu1","NIT",50,"cliver",0.810604549867185
"3252",325.1,"Simu1","NIT",50,"cliver",0.804973623897049
"3253",325.2,"Simu1","NIT",50,"cliver",0.796220273391875
"3254",325.3,"Simu1","NIT",50,"cliver",0.784919034171488
"3255",325.4,"Simu1","NIT",50,"cliver",0.771551408735318
"3256",325.5,"Simu1","NIT",50,"cliver",0.756521541068794
"3257",325.6,"Simu1","NIT",50,"cliver",0.740169658761068
"3258",325.7,"Simu1","NIT",50,"cliver",0.722781769269208
"3259",325.8,"Simu1","NIT",50,"cliver",0.70459859269648
"3260",325.9,"Simu1","NIT",50,"cliver",0.685822937344361
"3261",326,"Simu1","NIT",50,"cliver",0.666625849723054
"3262",326.1,"Simu1","NIT",50,"cliver",0.647151555274255
"3263",326.2,"Simu1","NIT",50,"cliver",0.627521582865022
"3264",326.3,"Simu1","NIT",50,"cliver",0.607838347782658
"3265",326.4,"Simu1","NIT",50,"cliver",0.588188159994998
"3266",326.5,"Simu1","NIT",50,"cliver",0.568643708883189
"3267",326.6,"Simu1","NIT",50,"cliver",0.549266113886778
"3268",326.7,"Simu1","NIT",50,"cliver",0.53010664576557
"3269",326.8,"Simu1","NIT",50,"cliver",0.511208201834778
"3270",326.9,"Simu1","NIT",50,"cliver",0.492606558398353
"3271",327,"Simu1","NIT",50,"cliver",0.474331418651428
"3272",327.1,"Simu1","NIT",50,"cliver",0.456407290039033
"3273",327.2,"Simu1","NIT",50,"cliver",0.438854229298919
"3274",327.3,"Simu1","NIT",50,"cliver",0.421688480547106
"3275",327.4,"Simu1","NIT",50,"cliver",0.404923020064676
"3276",327.5,"Simu1","NIT",50,"cliver",0.388568018270389
"3277",327.6,"Simu1","NIT",50,"cliver",0.372631232662223
"3278",327.7,"Simu1","NIT",50,"cliver",0.357118344135346
"3279",327.8,"Simu1","NIT",50,"cliver",0.342033246762082
"3280",327.9,"Simu1","NIT",50,"cliver",0.327378296129427
"3281",328,"Simu1","NIT",50,"cliver",0.313154519562455
"3282",328.1,"Simu1","NIT",50,"cliver",0.299361800858166
"3283",328.2,"Simu1","NIT",50,"cliver",0.285999034237314
"3284",328.3,"Simu1","NIT",50,"cliver",0.273064256445809
"3285",328.4,"Simu1","NIT",50,"cliver",0.260554759160631
"3286",328.5,"Simu1","NIT",50,"cliver",0.248467183308788
"3287",328.6,"Simu1","NIT",50,"cliver",0.236797597211925
"3288",328.7,"Simu1","NIT",50,"cliver",0.225541560399938
"3289",328.8,"Simu1","NIT",50,"cliver",0.21469417472845
"3290",328.9,"Simu1","NIT",50,"cliver",0.204250124167186
"3291",329,"Simu1","NIT",50,"cliver",0.194203704386607
"3292",329.1,"Simu1","NIT",50,"cliver",0.184548843492081
"3293",329.2,"Simu1","NIT",50,"cliver",0.175279115368855
"3294",329.3,"Simu1","NIT",50,"cliver",0.166387747146706
"3295",329.4,"Simu1","NIT",50,"cliver",0.1578676221582
"3296",329.5,"Simu1","NIT",50,"cliver",0.14971128024264
"3297",329.6,"Simu1","NIT",50,"cliver",0.141910916839265
"3298",329.7,"Simu1","NIT",50,"cliver",0.134458383281835
"3299",329.8,"Simu1","NIT",50,"cliver",0.12734518834996
"3300",329.9,"Simu1","NIT",50,"cliver",0.120562505607179
"3301",330,"Simu1","NIT",50,"cliver",0.115358089692173
"3302",330.1,"Simu1","NIT",50,"cliver",0.437000784300747
"3303",330.2,"Simu1","NIT",50,"cliver",0.605171459377362
"3304",330.3,"Simu1","NIT",50,"cliver",0.680673190422452
"3305",330.4,"Simu1","NIT",50,"cliver",0.728783746936726
"3306",330.5,"Simu1","NIT",50,"cliver",0.762565612302474
"3307",330.6,"Simu1","NIT",50,"cliver",0.786025255097761
"3308",330.7,"Simu1","NIT",50,"cliver",0.801221881566858
"3309",330.8,"Simu1","NIT",50,"cliver",0.809629119167788
"3310",330.9,"Simu1","NIT",50,"cliver",0.812430599954068
"3311",331,"Simu1","NIT",50,"cliver",0.810606606766643
"3312",331.1,"Simu1","NIT",50,"cliver",0.804975385605015
"3313",331.2,"Simu1","NIT",50,"cliver",0.79622228141606
"3314",331.3,"Simu1","NIT",50,"cliver",0.7849210593086
"3315",331.4,"Simu1","NIT",50,"cliver",0.771553111372958
"3316",331.5,"Simu1","NIT",50,"cliver",0.75652311524358
"3317",331.6,"Simu1","NIT",50,"cliver",0.740171189053636
"3318",331.7,"Simu1","NIT",50,"cliver",0.722783259088776
"3319",331.8,"Simu1","NIT",50,"cliver",0.704599987449267
"3320",331.9,"Simu1","NIT",50,"cliver",0.685824263423855
"3321",332,"Simu1","NIT",50,"cliver",0.666627168966982
"3322",332.1,"Simu1","NIT",50,"cliver",0.64715286948242
"3323",332.2,"Simu1","NIT",50,"cliver",0.627522907331314
"3324",332.3,"Simu1","NIT",50,"cliver",0.60783960337351
"3325",332.4,"Simu1","NIT",50,"cliver",0.588189506674349
"3326",332.5,"Simu1","NIT",50,"cliver",0.56864476591038
"3327",332.6,"Simu1","NIT",50,"cliver",0.549267359045432
"3328",332.7,"Simu1","NIT",50,"cliver",0.530107884621151
"3329",332.8,"Simu1","NIT",50,"cliver",0.511209232118922
"3330",332.9,"Simu1","NIT",50,"cliver",0.492607348511202
"3331",333,"Simu1","NIT",50,"cliver",0.474332056797797
"3332",333.1,"Simu1","NIT",50,"cliver",0.456408207431597
"3333",333.2,"Simu1","NIT",50,"cliver",0.438855511453616
"3334",333.3,"Simu1","NIT",50,"cliver",0.421689926439721
"3335",333.4,"Simu1","NIT",50,"cliver",0.404924453539331
"3336",333.5,"Simu1","NIT",50,"cliver",0.388569395089187
"3337",333.6,"Simu1","NIT",50,"cliver",0.372632571016929
"3338",333.7,"Simu1","NIT",50,"cliver",0.357119658483101
"3339",333.8,"Simu1","NIT",50,"cliver",0.342034537769515
"3340",333.9,"Simu1","NIT",50,"cliver",0.327379552856612
"3341",334,"Simu1","NIT",50,"cliver",0.31315573311831
"3342",334.1,"Simu1","NIT",50,"cliver",0.299362966684763
"3343",334.2,"Simu1","NIT",50,"cliver",0.286000148471934
"3344",334.3,"Simu1","NIT",50,"cliver",0.273065302462246
"3345",334.4,"Simu1","NIT",50,"cliver",0.260555723898581
"3346",334.5,"Simu1","NIT",50,"cliver",0.248468073473484
"3347",334.6,"Simu1","NIT",50,"cliver",0.236798430878029
"3348",334.7,"Simu1","NIT",50,"cliver",0.22554234993322
"3349",334.8,"Simu1","NIT",50,"cliver",0.214694922050098
"3350",334.9,"Simu1","NIT",50,"cliver",0.20425082788611
"3351",335,"Simu1","NIT",50,"cliver",0.194204366799883
"3352",335.1,"Simu1","NIT",50,"cliver",0.18454946958119
"3353",335.2,"Simu1","NIT",50,"cliver",0.175279708528002
"3354",335.3,"Simu1","NIT",50,"cliver",0.166388308276496
"3355",335.4,"Simu1","NIT",50,"cliver",0.157868152048375
"3356",335.5,"Simu1","NIT",50,"cliver",0.149711780657801
"3357",335.6,"Simu1","NIT",50,"cliver",0.141911389867359
"3358",335.7,"Simu1","NIT",50,"cliver",0.13445883018731
"3359",335.8,"Simu1","NIT",50,"cliver",0.127345610750205
"3360",335.9,"Simu1","NIT",50,"cliver",0.120562904722743
"3361",336,"Simu1","NIT",50,"cliver",0.115358506057298
"3362",336.1,"Simu1","NIT",50,"cliver",0.437001374100007
"3363",336.2,"Simu1","NIT",50,"cliver",0.605171915322797
"3364",336.3,"Simu1","NIT",50,"cliver",0.680674762946891
"3365",336.4,"Simu1","NIT",50,"cliver",0.72878531907541
"3366",336.5,"Simu1","NIT",50,"cliver",0.762566028211139
"3367",336.6,"Simu1","NIT",50,"cliver",0.786025127956116
"3368",336.7,"Simu1","NIT",50,"cliver",0.801222580059812
"3369",336.8,"Simu1","NIT",50,"cliver",0.809629571715589
"3370",336.9,"Simu1","NIT",50,"cliver",0.812431049484101
"3371",337,"Simu1","NIT",50,"cliver",0.810606883129646
"3372",337.1,"Simu1","NIT",50,"cliver",0.804975756885805
"3373",337.2,"Simu1","NIT",50,"cliver",0.796222763958927
"3374",337.3,"Simu1","NIT",50,"cliver",0.784921490570264
"3375",337.4,"Simu1","NIT",50,"cliver",0.771553688965456
"3376",337.5,"Simu1","NIT",50,"cliver",0.756523894096034
"3377",337.6,"Simu1","NIT",50,"cliver",0.740171951995865
"3378",337.7,"Simu1","NIT",50,"cliver",0.722783880992415
"3379",337.8,"Simu1","NIT",50,"cliver",0.704600584326069
"3380",337.9,"Simu1","NIT",50,"cliver",0.685824955354339
"3381",338,"Simu1","NIT",50,"cliver",0.66662794069462
"3382",338.1,"Simu1","NIT",50,"cliver",0.64715365034885
"3383",338.2,"Simu1","NIT",50,"cliver",0.627523590015868
"3384",338.3,"Simu1","NIT",50,"cliver",0.607840245129658
"3385",338.4,"Simu1","NIT",50,"cliver",0.588189983002422
"3386",338.5,"Simu1","NIT",50,"cliver",0.568645488227495
"3387",338.6,"Simu1","NIT",50,"cliver",0.54926785182257
"3388",338.7,"Simu1","NIT",50,"cliver",0.530108324843926
"3389",338.8,"Simu1","NIT",50,"cliver",0.51120982644201
"3390",338.9,"Simu1","NIT",50,"cliver",0.492608122654258
"3391",339,"Simu1","NIT",50,"cliver",0.47433295202024
"3392",339.1,"Simu1","NIT",50,"cliver",0.456408779085621
"3393",339.2,"Simu1","NIT",50,"cliver",0.438855664053089
"3394",339.3,"Simu1","NIT",50,"cliver",0.421689872636602
"3395",339.4,"Simu1","NIT",50,"cliver",0.404924361322798
"3396",339.5,"Simu1","NIT",50,"cliver",0.388569331353531
"3397",339.6,"Simu1","NIT",50,"cliver",0.372632497864309
"3398",339.7,"Simu1","NIT",50,"cliver",0.35711956031762
"3399",339.8,"Simu1","NIT",50,"cliver",0.342034420757206
"3400",339.9,"Simu1","NIT",50,"cliver",0.327379426032454
"3401",340,"Simu1","NIT",50,"cliver",0.313155612746387
"3402",340.1,"Simu1","NIT",50,"cliver",0.299362860282867
"3403",340.2,"Simu1","NIT",50,"cliver",0.28600008035643
"3404",340.3,"Simu1","NIT",50,"cliver",0.273065282377407
"3405",340.4,"Simu1","NIT",50,"cliver",0.260555773291201
"3406",340.5,"Simu1","NIT",50,"cliver",0.248468162644339
"3407",340.6,"Simu1","NIT",50,"cliver",0.236798556435268
"3408",340.7,"Simu1","NIT",50,"cliver",0.225542471008058
"3409",340.8,"Simu1","NIT",50,"cliver",0.21469506929043
"3410",340.9,"Simu1","NIT",50,"cliver",0.204250952524635
"3411",341,"Simu1","NIT",50,"cliver",0.194204500251526
"3412",341.1,"Simu1","NIT",50,"cliver",0.184549566942556
"3413",341.2,"Simu1","NIT",50,"cliver",0.17527982446957
"3414",341.3,"Simu1","NIT",50,"cliver",0.16638844032148
"3415",341.4,"Simu1","NIT",50,"cliver",0.157868261462716
"3416",341.5,"Simu1","NIT",50,"cliver",0.149711820401612
"3417",341.6,"Simu1","NIT",50,"cliver",0.141911440523381
"3418",341.7,"Simu1","NIT",50,"cliver",0.134458867481684
"3419",341.8,"Simu1","NIT",50,"cliver",0.127345623907563
"3420",341.9,"Simu1","NIT",50,"cliver",0.120562873468888
"3421",342,"Simu1","NIT",50,"cliver",0.11535845182293
"3422",342.1,"Simu1","NIT",50,"cliver",0.437000741695417
"3423",342.2,"Simu1","NIT",50,"cliver",0.605171037683111
"3424",342.3,"Simu1","NIT",50,"cliver",0.680672076222154
"3425",342.4,"Simu1","NIT",50,"cliver",0.728784897859781
"3426",342.5,"Simu1","NIT",50,"cliver",0.762565394189073
"3427",342.6,"Simu1","NIT",50,"cliver",0.786024121022304
"3428",342.7,"Simu1","NIT",50,"cliver",0.801219884663228
"3429",342.8,"Simu1","NIT",50,"cliver",0.809627978884121
"3430",342.9,"Simu1","NIT",50,"cliver",0.812429202510342
"3431",343,"Simu1","NIT",50,"cliver",0.810605413274998
"3432",343.1,"Simu1","NIT",50,"cliver",0.804974574058551
"3433",343.2,"Simu1","NIT",50,"cliver",0.796221294083079
"3434",343.3,"Simu1","NIT",50,"cliver",0.784919771626457
"3435",343.4,"Simu1","NIT",50,"cliver",0.771552037058959
"3436",343.5,"Simu1","NIT",50,"cliver",0.756522226929385
"3437",343.6,"Simu1","NIT",50,"cliver",0.740170173223875
"3438",343.7,"Simu1","NIT",50,"cliver",0.722782044432165
"3439",343.8,"Simu1","NIT",50,"cliver",0.704598793701364
"3440",343.9,"Simu1","NIT",50,"cliver",0.685823238125286
"3441",344,"Simu1","NIT",50,"cliver",0.666626238692438
"3442",344.1,"Simu1","NIT",50,"cliver",0.647151908609746
"3443",344.2,"Simu1","NIT",50,"cliver",0.627521852207125
"3444",344.3,"Simu1","NIT",50,"cliver",0.607838576483927
"3445",344.4,"Simu1","NIT",50,"cliver",0.588188401144628
"3446",344.5,"Simu1","NIT",50,"cliver",0.568643970700477
"3447",344.6,"Simu1","NIT",50,"cliver",0.549266373554212
"3448",344.7,"Simu1","NIT",50,"cliver",0.530106891547833
"3449",344.8,"Simu1","NIT",50,"cliver",0.511208437955349
"3450",344.9,"Simu1","NIT",50,"cliver",0.492606798944236
"3451",345,"Simu1","NIT",50,"cliver",0.474331655513797
"3452",345.1,"Simu1","NIT",50,"cliver",0.456407533443402
"3453",345.2,"Simu1","NIT",50,"cliver",0.438854445668324
"3454",345.3,"Simu1","NIT",50,"cliver",0.421688728326116
"3455",345.4,"Simu1","NIT",50,"cliver",0.404923218218373
"3456",345.5,"Simu1","NIT",50,"cliver",0.38856823527236
"3457",345.6,"Simu1","NIT",50,"cliver",0.372631408090422
"3458",345.7,"Simu1","NIT",50,"cliver",0.357118420531679
"3459",345.8,"Simu1","NIT",50,"cliver",0.342033209149508
"3460",345.9,"Simu1","NIT",50,"cliver",0.327378179036572
"3461",346,"Simu1","NIT",50,"cliver",0.313154457629705
"3462",346.1,"Simu1","NIT",50,"cliver",0.299361890311667
"3463",346.2,"Simu1","NIT",50,"cliver",0.285999246308583
"3464",346.3,"Simu1","NIT",50,"cliver",0.273064510603967
"3465",346.4,"Simu1","NIT",50,"cliver",0.260555023586324
"3466",346.5,"Simu1","NIT",50,"cliver",0.24846741901522
"3467",346.6,"Simu1","NIT",50,"cliver",0.23679787940411
"3468",346.7,"Simu1","NIT",50,"cliver",0.225541807931892
"3469",346.8,"Simu1","NIT",50,"cliver",0.214694392695189
"3470",346.9,"Simu1","NIT",50,"cliver",0.204250309087586
"3471",347,"Simu1","NIT",50,"cliver",0.194203852412157
"3472",347.1,"Simu1","NIT",50,"cliver",0.184548955702666
"3473",347.2,"Simu1","NIT",50,"cliver",0.175279217818761
"3474",347.3,"Simu1","NIT",50,"cliver",0.1663878688105
"3475",347.4,"Simu1","NIT",50,"cliver",0.157867773047541
"3476",347.5,"Simu1","NIT",50,"cliver",0.149711427979708
"3477",347.6,"Simu1","NIT",50,"cliver",0.141911073398902
"3478",347.7,"Simu1","NIT",50,"cliver",0.134458527321198
"3479",347.8,"Simu1","NIT",50,"cliver",0.127345453681992
"3480",347.9,"Simu1","NIT",50,"cliver",0.120562694177524
"3481",348,"Simu1","NIT",50,"cliver",0.115358285039439
"3482",348.1,"Simu1","NIT",50,"cliver",0.43700105321525
"3483",348.2,"Simu1","NIT",50,"cliver",0.605171701339602
"3484",348.3,"Simu1","NIT",50,"cliver",0.680673101877256
"3485",348.4,"Simu1","NIT",50,"cliver",0.728785040596157
"3486",348.5,"Simu1","NIT",50,"cliver",0.762565292994214
"3487",348.6,"Simu1","NIT",50,"cliver",0.786024467476667
"3488",348.7,"Simu1","NIT",50,"cliver",0.801221971631152
"3489",348.8,"Simu1","NIT",50,"cliver",0.809628975209037
"3490",348.9,"Simu1","NIT",50,"cliver",0.81243057163079
"3491",349,"Simu1","NIT",50,"cliver",0.810606630657319
"3492",349.1,"Simu1","NIT",50,"cliver",0.804975421470591
"3493",349.2,"Simu1","NIT",50,"cliver",0.79622232616845
"3494",349.3,"Simu1","NIT",50,"cliver",0.784921164158956
"3495",349.4,"Simu1","NIT",50,"cliver",0.771553322455112
"3496",349.5,"Simu1","NIT",50,"cliver",0.756523484793157
"3497",349.6,"Simu1","NIT",50,"cliver",0.740171613014262
"3498",349.7,"Simu1","NIT",50,"cliver",0.722783611491252
"3499",349.8,"Simu1","NIT",50,"cliver",0.704600262544356
"3500",349.9,"Simu1","NIT",50,"cliver",0.685824531921259
"3501",350,"Simu1","NIT",50,"cliver",0.666627465485046
"3502",350.1,"Simu1","NIT",50,"cliver",0.647153187130264
"3503",350.2,"Simu1","NIT",50,"cliver",0.627523185132989
"3504",350.3,"Simu1","NIT",50,"cliver",0.607839897513785
"3505",350.4,"Simu1","NIT",50,"cliver",0.588189669894142
"3506",350.5,"Simu1","NIT",50,"cliver",0.568645197771966
"3507",350.6,"Simu1","NIT",50,"cliver",0.549267581373479
"3508",350.7,"Simu1","NIT",50,"cliver",0.530108080145099
"3509",350.8,"Simu1","NIT",50,"cliver",0.51120959645752
"3510",350.9,"Simu1","NIT",50,"cliver",0.492607915083735
"3511",351,"Simu1","NIT",50,"cliver",0.474332740642305
"3512",351.1,"Simu1","NIT",50,"cliver",0.456408576955693
"3513",351.2,"Simu1","NIT",50,"cliver",0.438855478621411
"3514",351.3,"Simu1","NIT",50,"cliver",0.421689691087358
"3515",351.4,"Simu1","NIT",50,"cliver",0.404924192574342
"3516",351.5,"Simu1","NIT",50,"cliver",0.38856915387355
"3517",351.6,"Simu1","NIT",50,"cliver",0.372632331623041
"3518",351.7,"Simu1","NIT",50,"cliver",0.357119406643845
"3519",351.8,"Simu1","NIT",50,"cliver",0.342034273526113
"3520",351.9,"Simu1","NIT",50,"cliver",0.327379286516366
"3521",352,"Simu1","NIT",50,"cliver",0.313155474588186
"3522",352.1,"Simu1","NIT",50,"cliver",0.299362721348604
"3523",352.2,"Simu1","NIT",50,"cliver",0.285999920702534
"3524",352.3,"Simu1","NIT",50,"cliver",0.273065109482811
"3525",352.4,"Simu1","NIT",50,"cliver",0.260555579471555
"3526",352.5,"Simu1","NIT",50,"cliver",0.248467971613047
"3527",352.6,"Simu1","NIT",50,"cliver",0.236798354204982
"3528",352.7,"Simu1","NIT",50,"cliver",0.225542286739337
"3529",352.8,"Simu1","NIT",50,"cliver",0.214694871098894
"3530",352.9,"Simu1","NIT",50,"cliver",0.20425079128998
"3531",353,"Simu1","NIT",50,"cliver",0.194204342979883
"3532",353.1,"Simu1","NIT",50,"cliver",0.184549454238804
"3533",353.2,"Simu1","NIT",50,"cliver",0.175279698981837
"3534",353.3,"Simu1","NIT",50,"cliver",0.166388304329947
"3535",353.4,"Simu1","NIT",50,"cliver",0.157868153668138
"3536",353.5,"Simu1","NIT",50,"cliver",0.149711786738367
"3537",353.6,"Simu1","NIT",50,"cliver",0.141911399166647
"3538",353.7,"Simu1","NIT",50,"cliver",0.134458841368944
"3539",353.8,"Simu1","NIT",50,"cliver",0.12734562335428
"3540",353.9,"Simu1","NIT",50,"cliver",0.120562918847854
"3541",354,"Simu1","NIT",50,"cliver",0.115358515341967
"3542",354.1,"Simu1","NIT",50,"cliver",0.437001369372854
"3543",354.2,"Simu1","NIT",50,"cliver",0.605173099812791
"3544",354.3,"Simu1","NIT",50,"cliver",0.680675867426692
"3545",354.4,"Simu1","NIT",50,"cliver",0.728786453087907
"3546",354.5,"Simu1","NIT",50,"cliver",0.762566154622649
"3547",354.6,"Simu1","NIT",50,"cliver",0.786025869673689
"3548",354.7,"Simu1","NIT",50,"cliver",0.801221681266263
"3549",354.8,"Simu1","NIT",50,"cliver",0.8096299607707
"3550",354.9,"Simu1","NIT",50,"cliver",0.812431619272722
"3551",355,"Simu1","NIT",50,"cliver",0.810607626089241
"3552",355.1,"Simu1","NIT",50,"cliver",0.804976554208761
"3553",355.2,"Simu1","NIT",50,"cliver",0.796223470811236
"3554",355.3,"Simu1","NIT",50,"cliver",0.784922086034742
"3555",355.4,"Simu1","NIT",50,"cliver",0.771554504873002
"3556",355.5,"Simu1","NIT",50,"cliver",0.756524695418312
"3557",355.6,"Simu1","NIT",50,"cliver",0.740172739805234
"3558",355.7,"Simu1","NIT",50,"cliver",0.722784309038452
"3559",355.8,"Simu1","NIT",50,"cliver",0.704600732321032
"3560",355.9,"Simu1","NIT",50,"cliver",0.685825746836594
"3561",356,"Simu1","NIT",50,"cliver",0.666629025296896
"3562",356.1,"Simu1","NIT",50,"cliver",0.647154755831586
"3563",356.2,"Simu1","NIT",50,"cliver",0.627524813516647
"3564",356.3,"Simu1","NIT",50,"cliver",0.607841618339361
"3565",356.4,"Simu1","NIT",50,"cliver",0.588191416604399
"3566",356.5,"Simu1","NIT",50,"cliver",0.568646877921014
"3567",356.6,"Simu1","NIT",50,"cliver",0.549269051480552
"3568",356.7,"Simu1","NIT",50,"cliver",0.530109357393542
"3569",356.8,"Simu1","NIT",50,"cliver",0.511210790877854
"3570",356.9,"Simu1","NIT",50,"cliver",0.492609059974356
"3571",357,"Simu1","NIT",50,"cliver",0.474333802364259
"3572",357.1,"Simu1","NIT",50,"cliver",0.456409540309584
"3573",357.2,"Simu1","NIT",50,"cliver",0.438856328135732
"3574",357.3,"Simu1","NIT",50,"cliver",0.421690543339053
"3575",357.4,"Simu1","NIT",50,"cliver",0.404924982804158
"3576",357.5,"Simu1","NIT",50,"cliver",0.388569907718826
"3577",357.6,"Simu1","NIT",50,"cliver",0.372632999794142
"3578",357.7,"Simu1","NIT",50,"cliver",0.357119987032269
"3579",357.8,"Simu1","NIT",50,"cliver",0.342034823598477
"3580",357.9,"Simu1","NIT",50,"cliver",0.327379873237629
"3581",358,"Simu1","NIT",50,"cliver",0.313156070360993
"3582",358.1,"Simu1","NIT",50,"cliver",0.299363287470586
"3583",358.2,"Simu1","NIT",50,"cliver",0.286000472933338
"3584",358.3,"Simu1","NIT",50,"cliver",0.273065650962124
"3585",358.4,"Simu1","NIT",50,"cliver",0.260556117165109
"3586",358.5,"Simu1","NIT",50,"cliver",0.248468500007216
"3587",358.6,"Simu1","NIT",50,"cliver",0.23679886525953
"3588",358.7,"Simu1","NIT",50,"cliver",0.225542778338205
"3589",358.8,"Simu1","NIT",50,"cliver",0.214695343642427
"3590",358.9,"Simu1","NIT",50,"cliver",0.204251243466854
"3591",359,"Simu1","NIT",50,"cliver",0.19420477359663
"3592",359.1,"Simu1","NIT",50,"cliver",0.18454986203891
"3593",359.2,"Simu1","NIT",50,"cliver",0.175280082120965
"3594",359.3,"Simu1","NIT",50,"cliver",0.166388661065038
"3595",359.4,"Simu1","NIT",50,"cliver",0.157868487046001
"3596",359.5,"Simu1","NIT",50,"cliver",0.149712100039658
"3597",359.6,"Simu1","NIT",50,"cliver",0.141911693959838
"3598",359.7,"Simu1","NIT",50,"cliver",0.134459119485048
"3599",359.8,"Simu1","NIT",50,"cliver",0.127345884861439
"3600",359.9,"Simu1","NIT",50,"cliver",0.120563164750205
"3601",360,"Simu1","NIT",50,"cliver",0.115358702318767
"3602",360.1,"Simu1","NIT",50,"cliver",0.437001320354644
"3603",360.2,"Simu1","NIT",50,"cliver",0.60517196016523
"3604",360.3,"Simu1","NIT",50,"cliver",0.680673641264198
"3605",360.4,"Simu1","NIT",50,"cliver",0.728784189148051
"3606",360.5,"Simu1","NIT",50,"cliver",0.7625660368714
"3607",360.6,"Simu1","NIT",50,"cliver",0.786025662758012
"3608",360.7,"Simu1","NIT",50,"cliver",0.801222260519031
"3609",360.8,"Simu1","NIT",50,"cliver",0.809629488690195
"3610",360.9,"Simu1","NIT",50,"cliver",0.812430940575578
"3611",361,"Simu1","NIT",50,"cliver",0.810606923960629
"3612",361.1,"Simu1","NIT",50,"cliver",0.804975690847508
"3613",361.2,"Simu1","NIT",50,"cliver",0.796222580124449
"3614",361.3,"Simu1","NIT",50,"cliver",0.784921335075462
"3615",361.4,"Simu1","NIT",50,"cliver",0.771553368132369
"3616",361.5,"Simu1","NIT",50,"cliver",0.756523366767767
"3617",361.6,"Simu1","NIT",50,"cliver",0.74017143538408
"3618",361.7,"Simu1","NIT",50,"cliver",0.722783496100531
"3619",361.8,"Simu1","NIT",50,"cliver",0.704600213415329
"3620",361.9,"Simu1","NIT",50,"cliver",0.685824472028307
"3621",362,"Simu1","NIT",50,"cliver",0.666627368934702
"3622",362.1,"Simu1","NIT",50,"cliver",0.647153063214192
"3623",362.2,"Simu1","NIT",50,"cliver",0.627523094065632
"3624",362.3,"Simu1","NIT",50,"cliver",0.607839777412389
"3625",362.4,"Simu1","NIT",50,"cliver",0.588189678641301
"3626",362.5,"Simu1","NIT",50,"cliver",0.568644992505294
"3627",362.6,"Simu1","NIT",50,"cliver",0.549267510918595
"3628",362.7,"Simu1","NIT",50,"cliver",0.530108018006082
"3629",362.8,"Simu1","NIT",50,"cliver",0.511209349028676
"3630",362.9,"Simu1","NIT",50,"cliver",0.492607481717423
"3631",363,"Simu1","NIT",50,"cliver",0.474332192947445
"3632",363.1,"Simu1","NIT",50,"cliver",0.456408364878244
"3633",363.2,"Simu1","NIT",50,"cliver",0.438855657606999
"3634",363.3,"Simu1","NIT",50,"cliver",0.421690047014599
"3635",363.4,"Simu1","NIT",50,"cliver",0.404924559953445
"3636",363.5,"Simu1","NIT",50,"cliver",0.388569496901702
"3637",363.6,"Simu1","NIT",50,"cliver",0.372632669740063
"3638",363.7,"Simu1","NIT",50,"cliver",0.357119753159818
"3639",363.8,"Simu1","NIT",50,"cliver",0.342034627138936
"3640",363.9,"Simu1","NIT",50,"cliver",0.327379636680356
"3641",364,"Simu1","NIT",50,"cliver",0.313155811942637
"3642",364.1,"Simu1","NIT",50,"cliver",0.299363041193912
"3643",364.2,"Simu1","NIT",50,"cliver",0.28600021736728
"3644",364.3,"Simu1","NIT",50,"cliver",0.27306536508176
"3645",364.4,"Simu1","NIT",50,"cliver",0.260555782034945
"3646",364.5,"Simu1","NIT",50,"cliver",0.248468129390853
"3647",364.6,"Simu1","NIT",50,"cliver",0.236798484961526
"3648",364.7,"Simu1","NIT",50,"cliver",0.225542401288075
"3649",364.8,"Simu1","NIT",50,"cliver",0.214694970110537
"3650",364.9,"Simu1","NIT",50,"cliver",0.204250872964259
"3651",365,"Simu1","NIT",50,"cliver",0.19420440949758
"3652",365.1,"Simu1","NIT",50,"cliver",0.184549510080901
"3653",365.2,"Simu1","NIT",50,"cliver",0.17527974667284
"3654",365.3,"Simu1","NIT",50,"cliver",0.16638834404119
"3655",365.4,"Simu1","NIT",50,"cliver",0.157868185648093
"3656",365.5,"Simu1","NIT",50,"cliver",0.149711812293658
"3657",365.6,"Simu1","NIT",50,"cliver",0.141911419606158
"3658",365.7,"Simu1","NIT",50,"cliver",0.13445885806538
"3659",365.8,"Simu1","NIT",50,"cliver",0.127345636854505
"3660",365.9,"Simu1","NIT",50,"cliver",0.120562928991091
"3661",366,"Simu1","NIT",50,"cliver",0.115358476265004
"3662",366.1,"Simu1","NIT",50,"cliver",0.437001160239224
"3663",366.2,"Simu1","NIT",50,"cliver",0.605171832794468
"3664",366.3,"Simu1","NIT",50,"cliver",0.680673565798499
"3665",366.4,"Simu1","NIT",50,"cliver",0.728784109616235
"3666",366.5,"Simu1","NIT",50,"cliver",0.762565963162724
"3667",366.6,"Simu1","NIT",50,"cliver",0.78602559495341
"3668",366.7,"Simu1","NIT",50,"cliver",0.801222215073041
"3669",366.8,"Simu1","NIT",50,"cliver",0.809629439314167
"3670",366.9,"Simu1","NIT",50,"cliver",0.812430914569542
"3671",367,"Simu1","NIT",50,"cliver",0.810606914542417
"3672",367.1,"Simu1","NIT",50,"cliver",0.804975682254724
"3673",367.2,"Simu1","NIT",50,"cliver",0.796222564609464
"3674",367.3,"Simu1","NIT",50,"cliver",0.784921336158145
"3675",367.4,"Simu1","NIT",50,"cliver",0.771553381067224
"3676",367.5,"Simu1","NIT",50,"cliver",0.756523372745111
"3677",367.6,"Simu1","NIT",50,"cliver",0.740171434587919
"3678",367.7,"Simu1","NIT",50,"cliver",0.722783494858104
"3679",367.8,"Simu1","NIT",50,"cliver",0.704600214627045
"3680",367.9,"Simu1","NIT",50,"cliver",0.685824481480308
"3681",368,"Simu1","NIT",50,"cliver",0.666627379221927
"3682",368.1,"Simu1","NIT",50,"cliver",0.647153072164865
"3683",368.2,"Simu1","NIT",50,"cliver",0.627523101203307
"3684",368.3,"Simu1","NIT",50,"cliver",0.607839791404805
"3685",368.4,"Simu1","NIT",50,"cliver",0.588189684305221
"3686",368.5,"Simu1","NIT",50,"cliver",0.568644927770093
"3687",368.6,"Simu1","NIT",50,"cliver",0.549267525471164
"3688",368.7,"Simu1","NIT",50,"cliver",0.530108047968904
"3689",368.8,"Simu1","NIT",50,"cliver",0.511209383721838
"3690",368.9,"Simu1","NIT",50,"cliver",0.492607496166968
"3691",369,"Simu1","NIT",50,"cliver",0.474332194018343
"3692",369.1,"Simu1","NIT",50,"cliver",0.456408338191273
"3693",369.2,"Simu1","NIT",50,"cliver",0.438855627028094
"3694",369.3,"Simu1","NIT",50,"cliver",0.421690044508639
"3695",369.4,"Simu1","NIT",50,"cliver",0.404924570129481
"3696",369.5,"Simu1","NIT",50,"cliver",0.388569506575384
"3697",369.6,"Simu1","NIT",50,"cliver",0.372632676924762
"3698",369.7,"Simu1","NIT",50,"cliver",0.357119759456274
"3699",369.8,"Simu1","NIT",50,"cliver",0.342034634563637
"3700",369.9,"Simu1","NIT",50,"cliver",0.327379645822018
"3701",370,"Simu1","NIT",50,"cliver",0.313155822270992
"3702",370.1,"Simu1","NIT",50,"cliver",0.299363051953395
"3703",370.2,"Simu1","NIT",50,"cliver",0.286000230570947
"3704",370.3,"Simu1","NIT",50,"cliver",0.273065381868343
"3705",370.4,"Simu1","NIT",50,"cliver",0.260555800148856
"3706",370.5,"Simu1","NIT",50,"cliver",0.248468145847275
"3707",370.6,"Simu1","NIT",50,"cliver",0.236798499362672
"3708",370.7,"Simu1","NIT",50,"cliver",0.225542415040575
"3709",370.8,"Simu1","NIT",50,"cliver",0.214694984185311
"3710",370.9,"Simu1","NIT",50,"cliver",0.204250887104149
"3711",371,"Simu1","NIT",50,"cliver",0.194204423017468
"3712",371.1,"Simu1","NIT",50,"cliver",0.184549522866404
"3713",371.2,"Simu1","NIT",50,"cliver",0.175279759086651
"3714",371.3,"Simu1","NIT",50,"cliver",0.166388356266848
"3715",371.4,"Simu1","NIT",50,"cliver",0.157868197527077
"3716",371.5,"Simu1","NIT",50,"cliver",0.149711823679106
"3717",371.6,"Simu1","NIT",50,"cliver",0.141911430535231
"3718",371.7,"Simu1","NIT",50,"cliver",0.134458868618658
"3719",371.8,"Simu1","NIT",50,"cliver",0.127345647037696
"3720",371.9,"Simu1","NIT",50,"cliver",0.120562939015519
"3721",372,"Simu1","NIT",50,"cliver",0.115358540873589
"3722",372.1,"Simu1","NIT",50,"cliver",0.437000765982661
"3723",372.2,"Simu1","NIT",50,"cliver",0.605170808173446
"3724",372.3,"Simu1","NIT",50,"cliver",0.680672140505711
"3725",372.4,"Simu1","NIT",50,"cliver",0.728783949566628
"3726",372.5,"Simu1","NIT",50,"cliver",0.762564877647635
"3727",372.6,"Simu1","NIT",50,"cliver",0.786024008455996
"3728",372.7,"Simu1","NIT",50,"cliver",0.80122017801856
"3729",372.8,"Simu1","NIT",50,"cliver",0.809626650815141
"3730",372.9,"Simu1","NIT",50,"cliver",0.812428770994438
"3731",373,"Simu1","NIT",50,"cliver",0.810604876898616
"3732",373.1,"Simu1","NIT",50,"cliver",0.80497413967258
"3733",373.2,"Simu1","NIT",50,"cliver",0.796221234259469
"3734",373.3,"Simu1","NIT",50,"cliver",0.784920002884607
"3735",373.4,"Simu1","NIT",50,"cliver",0.771551953993025
"3736",373.5,"Simu1","NIT",50,"cliver",0.756522078416404
"3737",373.6,"Simu1","NIT",50,"cliver",0.740170215310915
"3738",373.7,"Simu1","NIT",50,"cliver",0.722782366884969
"3739",373.8,"Simu1","NIT",50,"cliver",0.704599013289787
"3740",373.9,"Simu1","NIT",50,"cliver",0.685823076533922
"3741",374,"Simu1","NIT",50,"cliver",0.666626362491422
"3742",374.1,"Simu1","NIT",50,"cliver",0.647152741245641
"3743",374.2,"Simu1","NIT",50,"cliver",0.627522929876573
"3744",374.3,"Simu1","NIT",50,"cliver",0.607839654165274
"3745",374.4,"Simu1","NIT",50,"cliver",0.588189468877867
"3746",374.5,"Simu1","NIT",50,"cliver",0.568645092777062
"3747",374.6,"Simu1","NIT",50,"cliver",0.549267605634695
"3748",374.7,"Simu1","NIT",50,"cliver",0.53010818033571
"3749",374.8,"Simu1","NIT",50,"cliver",0.511209713335477
"3750",374.9,"Simu1","NIT",50,"cliver",0.492608010073065
"3751",375,"Simu1","NIT",50,"cliver",0.474332685903608
"3752",375.1,"Simu1","NIT",50,"cliver",0.456408305595736
"3753",375.2,"Simu1","NIT",50,"cliver",0.438855042532375
"3754",375.3,"Simu1","NIT",50,"cliver",0.421689187591499
"3755",375.4,"Simu1","NIT",50,"cliver",0.4049236728949
"3756",375.5,"Simu1","NIT",50,"cliver",0.388568609897655
"3757",375.6,"Simu1","NIT",50,"cliver",0.372631749248197
"3758",375.7,"Simu1","NIT",50,"cliver",0.357118796942603
"3759",375.8,"Simu1","NIT",50,"cliver",0.34203365722084
"3760",375.9,"Simu1","NIT",50,"cliver",0.32737867424969
"3761",376,"Simu1","NIT",50,"cliver",0.313154865474439
"3762",376.1,"Simu1","NIT",50,"cliver",0.299362114277648
"3763",376.2,"Simu1","NIT",50,"cliver",0.285999319506429
"3764",376.3,"Simu1","NIT",50,"cliver",0.273064519577032
"3765",376.4,"Simu1","NIT",50,"cliver",0.260555003732286
"3766",376.5,"Simu1","NIT",50,"cliver",0.24846741027556
"3767",376.6,"Simu1","NIT",50,"cliver",0.236797807334164
"3768",376.7,"Simu1","NIT",50,"cliver",0.22554175545062
"3769",376.8,"Simu1","NIT",50,"cliver",0.214694356809584
"3770",376.9,"Simu1","NIT",50,"cliver",0.204250294593245
"3771",377,"Simu1","NIT",50,"cliver",0.194203863996245
"3772",377.1,"Simu1","NIT",50,"cliver",0.184548992978264
"3773",377.2,"Simu1","NIT",50,"cliver",0.175279255515373
"3774",377.3,"Simu1","NIT",50,"cliver",0.166387878590119
"3775",377.4,"Simu1","NIT",50,"cliver",0.157867745486196
"3776",377.5,"Simu1","NIT",50,"cliver",0.149711395911438
"3777",377.6,"Simu1","NIT",50,"cliver",0.141911025345113
"3778",377.7,"Simu1","NIT",50,"cliver",0.134458484874411
"3779",377.8,"Simu1","NIT",50,"cliver",0.127345283988509
"3780",377.9,"Simu1","NIT",50,"cliver",0.120562595219192
"3781",378,"Simu1","NIT",50,"cliver",0.115358190972162
"3782",378.1,"Simu1","NIT",50,"cliver",0.437000953906061
"3783",378.2,"Simu1","NIT",50,"cliver",0.605172918681298
"3784",378.3,"Simu1","NIT",50,"cliver",0.680675738650619
"3785",378.4,"Simu1","NIT",50,"cliver",0.72878648529336
"3786",378.5,"Simu1","NIT",50,"cliver",0.762566214360323
"3787",378.6,"Simu1","NIT",50,"cliver",0.786025945582952
"3788",378.7,"Simu1","NIT",50,"cliver",0.801222517654289
"3789",378.8,"Simu1","NIT",50,"cliver",0.809630006693152
"3790",378.9,"Simu1","NIT",50,"cliver",0.812431680632804
"3791",379,"Simu1","NIT",50,"cliver",0.810607426090479
"3792",379.1,"Simu1","NIT",50,"cliver",0.804976645737926
"3793",379.2,"Simu1","NIT",50,"cliver",0.796223627324978
"3794",379.3,"Simu1","NIT",50,"cliver",0.784922383050034
"3795",379.4,"Simu1","NIT",50,"cliver",0.771554453411645
"3796",379.5,"Simu1","NIT",50,"cliver",0.756524381612621
"3797",379.6,"Simu1","NIT",50,"cliver",0.740172363197455
"3798",379.7,"Simu1","NIT",50,"cliver",0.722784168486612
"3799",379.8,"Simu1","NIT",50,"cliver",0.704601158285384
"3800",379.9,"Simu1","NIT",50,"cliver",0.685826188056686
"3801",380,"Simu1","NIT",50,"cliver",0.666629338155059
"3802",380.1,"Simu1","NIT",50,"cliver",0.647155074397845
"3803",380.2,"Simu1","NIT",50,"cliver",0.627525093256457
"3804",380.3,"Simu1","NIT",50,"cliver",0.607841789390111
"3805",380.4,"Simu1","NIT",50,"cliver",0.588191362018084
"3806",380.5,"Simu1","NIT",50,"cliver",0.568646694163742
"3807",380.6,"Simu1","NIT",50,"cliver",0.549268992335584
"3808",380.7,"Simu1","NIT",50,"cliver",0.530109423191273
"3809",380.8,"Simu1","NIT",50,"cliver",0.51121085788004
"3810",380.9,"Simu1","NIT",50,"cliver",0.49260906296539
"3811",381,"Simu1","NIT",50,"cliver",0.474333792050895
"3812",381.1,"Simu1","NIT",50,"cliver",0.456409566927775
"3813",381.2,"Simu1","NIT",50,"cliver",0.438856418525206
"3814",381.3,"Simu1","NIT",50,"cliver",0.421690576225177
"3815",381.4,"Simu1","NIT",50,"cliver",0.404925023065005
"3816",381.5,"Simu1","NIT",50,"cliver",0.388569937477672
"3817",381.6,"Simu1","NIT",50,"cliver",0.372633076390243
"3818",381.7,"Simu1","NIT",50,"cliver",0.357120116096869
"3819",381.8,"Simu1","NIT",50,"cliver",0.342034947807467
"3820",381.9,"Simu1","NIT",50,"cliver",0.327379927455501
"3821",382,"Simu1","NIT",50,"cliver",0.313156085230108
"3822",382.1,"Simu1","NIT",50,"cliver",0.299363304595528
"3823",382.2,"Simu1","NIT",50,"cliver",0.286000478197038
"3824",382.3,"Simu1","NIT",50,"cliver",0.273065642097153
"3825",382.4,"Simu1","NIT",50,"cliver",0.260556088272461
"3826",382.5,"Simu1","NIT",50,"cliver",0.24846845793735
"3827",382.6,"Simu1","NIT",50,"cliver",0.236798819216568
"3828",382.7,"Simu1","NIT",50,"cliver",0.225542731337112
"3829",382.8,"Simu1","NIT",50,"cliver",0.214695296235624
"3830",382.9,"Simu1","NIT",50,"cliver",0.204251197647936
"3831",383,"Simu1","NIT",50,"cliver",0.194204731136864
"3832",383.1,"Simu1","NIT",50,"cliver",0.18454982476415
"3833",383.2,"Simu1","NIT",50,"cliver",0.175280052473616
"3834",383.3,"Simu1","NIT",50,"cliver",0.166388641357636
"3835",383.4,"Simu1","NIT",50,"cliver",0.157868474718157
"3836",383.5,"Simu1","NIT",50,"cliver",0.149712092315637
"3837",383.6,"Simu1","NIT",50,"cliver",0.141911689751538
"3838",383.7,"Simu1","NIT",50,"cliver",0.134459118122928
"3839",383.8,"Simu1","NIT",50,"cliver",0.127345886932842
"3840",383.9,"Simu1","NIT",50,"cliver",0.120563169014288
"3841",384,"Simu1","NIT",50,"cliver",0.115358709399802
"3842",384.1,"Simu1","NIT",50,"cliver",0.437001337654339
"3843",384.2,"Simu1","NIT",50,"cliver",0.60517198285986
"3844",384.3,"Simu1","NIT",50,"cliver",0.680673668983295
"3845",384.4,"Simu1","NIT",50,"cliver",0.728784218132107
"3846",384.5,"Simu1","NIT",50,"cliver",0.762566067643291
"3847",384.6,"Simu1","NIT",50,"cliver",0.786025694847334
"3848",384.7,"Simu1","NIT",50,"cliver",0.801222294459941
"3849",384.8,"Simu1","NIT",50,"cliver",0.809629522993014
"3850",384.9,"Simu1","NIT",50,"cliver",0.812430976329868
"3851",385,"Simu1","NIT",50,"cliver",0.810606960599813
"3852",385.1,"Simu1","NIT",50,"cliver",0.804975727522635
"3853",385.2,"Simu1","NIT",50,"cliver",0.796222616442201
"3854",385.3,"Simu1","NIT",50,"cliver",0.784921371971615
"3855",385.4,"Simu1","NIT",50,"cliver",0.771553405243243
"3856",385.5,"Simu1","NIT",50,"cliver",0.75652340314971
"3857",385.6,"Simu1","NIT",50,"cliver",0.74017147100526
"3858",385.7,"Simu1","NIT",50,"cliver",0.722783531169992
"3859",385.8,"Simu1","NIT",50,"cliver",0.704600248476361
"3860",385.9,"Simu1","NIT",50,"cliver",0.685824506883822
"3861",386,"Simu1","NIT",50,"cliver",0.666627402847085
"3862",386.1,"Simu1","NIT",50,"cliver",0.647153096313535
"3863",386.2,"Simu1","NIT",50,"cliver",0.627523126409432
"3864",386.3,"Simu1","NIT",50,"cliver",0.607839809327443
"3865",386.4,"Simu1","NIT",50,"cliver",0.588189709542394
"3866",386.5,"Simu1","NIT",50,"cliver",0.568645019474497
"3867",386.6,"Simu1","NIT",50,"cliver",0.549267540563712
"3868",386.7,"Simu1","NIT",50,"cliver",0.530108047748295
"3869",386.8,"Simu1","NIT",50,"cliver",0.511209378644671
"3870",386.9,"Simu1","NIT",50,"cliver",0.492607508869178
"3871",387,"Simu1","NIT",50,"cliver",0.474332218481901
"3872",387.1,"Simu1","NIT",50,"cliver",0.456408387999403
"3873",387.2,"Simu1","NIT",50,"cliver",0.438855680838316
"3874",387.3,"Simu1","NIT",50,"cliver",0.421690070801536
"3875",387.4,"Simu1","NIT",50,"cliver",0.404924583557772
"3876",387.5,"Simu1","NIT",50,"cliver",0.388569519744385
"3877",387.6,"Simu1","NIT",50,"cliver",0.372632691759918
"3878",387.7,"Simu1","NIT",50,"cliver",0.357119774437651
"3879",387.8,"Simu1","NIT",50,"cliver",0.342034647775577
"3880",387.9,"Simu1","NIT",50,"cliver",0.327379656710314
"3881",388,"Simu1","NIT",50,"cliver",0.313155831351758
"3882",388.1,"Simu1","NIT",50,"cliver",0.299363059961321
"3883",388.2,"Simu1","NIT",50,"cliver",0.286000235598631
"3884",388.3,"Simu1","NIT",50,"cliver",0.273065382838514
"3885",388.4,"Simu1","NIT",50,"cliver",0.260555799217618
"3886",388.5,"Simu1","NIT",50,"cliver",0.24846814587631
"3887",388.6,"Simu1","NIT",50,"cliver",0.236798500749521
"3888",388.7,"Simu1","NIT",50,"cliver",0.22554241645747
"3889",388.8,"Simu1","NIT",50,"cliver",0.214694984715894
"3890",388.9,"Simu1","NIT",50,"cliver",0.204250887003492
"3891",389,"Simu1","NIT",50,"cliver",0.194204422951865
"3892",389.1,"Simu1","NIT",50,"cliver",0.18454952295914
"3893",389.2,"Simu1","NIT",50,"cliver",0.175279759004715
"3894",389.3,"Simu1","NIT",50,"cliver",0.166388355847031
"3895",389.4,"Simu1","NIT",50,"cliver",0.157868196933181
"3896",389.5,"Simu1","NIT",50,"cliver",0.149711823064697
"3897",389.6,"Simu1","NIT",50,"cliver",0.141911429878556
"3898",389.7,"Simu1","NIT",50,"cliver",0.134458867856205
"3899",389.8,"Simu1","NIT",50,"cliver",0.127345646177919
"3900",389.9,"Simu1","NIT",50,"cliver",0.120562937869464
"3901",390,"Simu1","NIT",50,"cliver",0.115358487155819
"3902",390.1,"Simu1","NIT",50,"cliver",0.437001126665754
"3903",390.2,"Simu1","NIT",50,"cliver",0.605171775320924
"3904",390.3,"Simu1","NIT",50,"cliver",0.680673467038743
"3905",390.4,"Simu1","NIT",50,"cliver",0.728784018864121
"3906",390.5,"Simu1","NIT",50,"cliver",0.762565872529328
"3907",390.6,"Simu1","NIT",50,"cliver",0.786025504006248
"3908",390.7,"Simu1","NIT",50,"cliver",0.801222109076406
"3909",390.8,"Simu1","NIT",50,"cliver",0.809629341697985
"3910",390.9,"Simu1","NIT",50,"cliver",0.812430800815108
"3911",391,"Simu1","NIT",50,"cliver",0.810606790482508
"3912",391.1,"Simu1","NIT",50,"cliver",0.804975562000216
"3913",391.2,"Simu1","NIT",50,"cliver",0.79622245520947
"3914",391.3,"Simu1","NIT",50,"cliver",0.784921216319737
"3915",391.4,"Simu1","NIT",50,"cliver",0.771553254839338
"3916",391.5,"Simu1","NIT",50,"cliver",0.756523256912354
"3917",391.6,"Simu1","NIT",50,"cliver",0.740171328934834
"3918",391.7,"Simu1","NIT",50,"cliver",0.722783393543608
"3919",391.8,"Simu1","NIT",50,"cliver",0.704600115317716
"3920",391.9,"Simu1","NIT",50,"cliver",0.685824379196611
"3921",392,"Simu1","NIT",50,"cliver",0.666627279066968
"3922",392.1,"Simu1","NIT",50,"cliver",0.647152976551023
"3923",392.2,"Simu1","NIT",50,"cliver",0.627523010672314
"3924",392.3,"Simu1","NIT",50,"cliver",0.607839697957637
"3925",392.4,"Simu1","NIT",50,"cliver",0.588189601725403
"3926",392.5,"Simu1","NIT",50,"cliver",0.568644911681549
"3927",392.6,"Simu1","NIT",50,"cliver",0.549267440617436
"3928",392.7,"Simu1","NIT",50,"cliver",0.530107952451718
"3929",392.8,"Simu1","NIT",50,"cliver",0.511209287655935
"3930",392.9,"Simu1","NIT",50,"cliver",0.492607419286112
"3931",393,"Simu1","NIT",50,"cliver",0.47433213116575
"3932",393.1,"Simu1","NIT",50,"cliver",0.456408301889679
"3933",393.2,"Simu1","NIT",50,"cliver",0.438855598922985
"3934",393.3,"Simu1","NIT",50,"cliver",0.421689993540064
"3935",393.4,"Simu1","NIT",50,"cliver",0.404924509954997
"3936",393.5,"Simu1","NIT",50,"cliver",0.388569448993143
"3937",393.6,"Simu1","NIT",50,"cliver",0.372632623686539
"3938",393.7,"Simu1","NIT",50,"cliver",0.357119709046197
"3939",393.8,"Simu1","NIT",50,"cliver",0.342034585095734
"3940",393.9,"Simu1","NIT",50,"cliver",0.32737959669236
"3941",394,"Simu1","NIT",50,"cliver",0.313155773887801
"3942",394.1,"Simu1","NIT",50,"cliver",0.299363004936571
"3943",394.2,"Simu1","NIT",50,"cliver",0.286000183054677
"3944",394.3,"Simu1","NIT",50,"cliver",0.27306533276538
"3945",394.4,"Simu1","NIT",50,"cliver",0.260555751410928
"3946",394.5,"Simu1","NIT",50,"cliver",0.248468100103269
"3947",394.6,"Simu1","NIT",50,"cliver",0.236798456928736
"3948",394.7,"Simu1","NIT",50,"cliver",0.225542374606328
"3949",394.8,"Simu1","NIT",50,"cliver",0.214694944824122
"3950",394.9,"Simu1","NIT",50,"cliver",0.204250848992975
"3951",395,"Simu1","NIT",50,"cliver",0.194204386724897
"3952",395.1,"Simu1","NIT",50,"cliver",0.184549488452808
"3953",395.2,"Simu1","NIT",50,"cliver",0.175279726182585
"3954",395.3,"Simu1","NIT",50,"cliver",0.166388324662143
"3955",395.4,"Simu1","NIT",50,"cliver",0.1578681673207
"3956",395.5,"Simu1","NIT",50,"cliver",0.149711794961874
"3957",395.6,"Simu1","NIT",50,"cliver",0.141911403233578
"3958",395.7,"Simu1","NIT",50,"cliver",0.134458842619551
"3959",395.8,"Simu1","NIT",50,"cliver",0.127345622296586
"3960",395.9,"Simu1","NIT",50,"cliver",0.120562915300943
"3961",396,"Simu1","NIT",50,"cliver",0.115358468879501
"3962",396.1,"Simu1","NIT",50,"cliver",0.437001091707903
"3963",396.2,"Simu1","NIT",50,"cliver",0.605171733965448
"3964",396.3,"Simu1","NIT",50,"cliver",0.680673422714927
"3965",396.4,"Simu1","NIT",50,"cliver",0.728783972528042
"3966",396.5,"Simu1","NIT",50,"cliver",0.762565824871778
"3967",396.6,"Simu1","NIT",50,"cliver",0.786025455484103
"3968",396.7,"Simu1","NIT",50,"cliver",0.801222060118267
"3969",396.8,"Simu1","NIT",50,"cliver",0.809629292530332
"3970",396.9,"Simu1","NIT",50,"cliver",0.812430751781742
"3971",397,"Simu1","NIT",50,"cliver",0.810606741771469
"3972",397.1,"Simu1","NIT",50,"cliver",0.804975513740363
"3973",397.2,"Simu1","NIT",50,"cliver",0.796222407526931
"3974",397.3,"Simu1","NIT",50,"cliver",0.784921169403594
"3975",397.4,"Simu1","NIT",50,"cliver",0.771553208767894
"3976",397.5,"Simu1","NIT",50,"cliver",0.756523211704494
"3977",397.6,"Simu1","NIT",50,"cliver",0.740171284653656
"3978",397.7,"Simu1","NIT",50,"cliver",0.722783350254718
"3979",397.8,"Simu1","NIT",50,"cliver",0.704600073061882
"3980",397.9,"Simu1","NIT",50,"cliver",0.685824338058306
"3981",398,"Simu1","NIT",50,"cliver",0.666627238982925
"3982",398.1,"Simu1","NIT",50,"cliver",0.64715293754273
"3983",398.2,"Simu1","NIT",50,"cliver",0.627522972750514
"3984",398.3,"Simu1","NIT",50,"cliver",0.607839661145829
"3985",398.4,"Simu1","NIT",50,"cliver",0.588189565981558
"3986",398.5,"Simu1","NIT",50,"cliver",0.56864487680899
"3987",398.6,"Simu1","NIT",50,"cliver",0.549267407040043
"3988",398.7,"Simu1","NIT",50,"cliver",0.530107919987733
"3989",398.8,"Simu1","NIT",50,"cliver",0.511209256277643
"3990",398.9,"Simu1","NIT",50,"cliver",0.492607388825703
"3991",399,"Simu1","NIT",50,"cliver",0.474332101655527
"3992",399.1,"Simu1","NIT",50,"cliver",0.456408273258667
"3993",399.2,"Simu1","NIT",50,"cliver",0.438855571320912
"3994",399.3,"Simu1","NIT",50,"cliver",0.421689966978037
"3995",399.4,"Simu1","NIT",50,"cliver",0.404924484363668
"3996",399.5,"Simu1","NIT",50,"cliver",0.388569424312737
"3997",399.6,"Simu1","NIT",50,"cliver",0.372632599891697
"3998",399.7,"Simu1","NIT",50,"cliver",0.35711968612125
"3999",399.8,"Simu1","NIT",50,"cliver",0.342034563026327
"4000",399.9,"Simu1","NIT",50,"cliver",0.327379575459792
"4001",400,"Simu1","NIT",50,"cliver",0.313155753470211
"4002",400.1,"Simu1","NIT",50,"cliver",0.299362985311799
"4003",400.2,"Simu1","NIT",50,"cliver",0.286000164209254
"4004",400.3,"Simu1","NIT",50,"cliver",0.273065314683188
"4005",400.4,"Simu1","NIT",50,"cliver",0.260555734065379
"4006",400.5,"Simu1","NIT",50,"cliver",0.248468083466354
"4007",400.6,"Simu1","NIT",50,"cliver",0.236798440980915
"4008",400.7,"Simu1","NIT",50,"cliver",0.22554235933368
"4009",400.8,"Simu1","NIT",50,"cliver",0.214694930211397
"4010",400.9,"Simu1","NIT",50,"cliver",0.204250835021365
"4011",401,"Simu1","NIT",50,"cliver",0.194204373374648
"4012",401.1,"Simu1","NIT",50,"cliver",0.184549475706183
"4013",401.2,"Simu1","NIT",50,"cliver",0.17527971402339
"4014",401.3,"Simu1","NIT",50,"cliver",0.166388313073673
"4015",401.4,"Simu1","NIT",50,"cliver",0.157868156285297
"4016",401.5,"Simu1","NIT",50,"cliver",0.149711784461998
"4017",401.6,"Simu1","NIT",50,"cliver",0.141911393252268
"4018",401.7,"Simu1","NIT",50,"cliver",0.134458833139934
"4019",401.8,"Simu1","NIT",50,"cliver",0.127345613301544
"4020",401.9,"Simu1","NIT",50,"cliver",0.120562906773888
"4021",402,"Simu1","NIT",50,"cliver",0.115358460983062
"4022",402.1,"Simu1","NIT",50,"cliver",0.437001084308939
"4023",402.2,"Simu1","NIT",50,"cliver",0.605171727042733
"4024",402.3,"Simu1","NIT",50,"cliver",0.680673417066037
"4025",402.4,"Simu1","NIT",50,"cliver",0.728783966534415
"4026",402.5,"Simu1","NIT",50,"cliver",0.76256581903456
"4027",402.6,"Simu1","NIT",50,"cliver",0.786025449768196
"4028",402.7,"Simu1","NIT",50,"cliver",0.801222055000419
"4029",402.8,"Simu1","NIT",50,"cliver",0.80962928732049
"4030",402.9,"Simu1","NIT",50,"cliver",0.812430747226509
"4031",403,"Simu1","NIT",50,"cliver",0.810606737670086
"4032",403.1,"Simu1","NIT",50,"cliver",0.804975509701537
"4033",403.2,"Simu1","NIT",50,"cliver",0.796222403397885
"4034",403.3,"Simu1","NIT",50,"cliver",0.784921165791221
"4035",403.4,"Simu1","NIT",50,"cliver",0.771553205530389
"4036",403.5,"Simu1","NIT",50,"cliver",0.756523208354734
"4037",403.6,"Simu1","NIT",50,"cliver",0.740171281212769
"4038",403.7,"Simu1","NIT",50,"cliver",0.722783346880365
"4039",403.8,"Simu1","NIT",50,"cliver",0.704600069798436
"4040",403.9,"Simu1","NIT",50,"cliver",0.685824335398463
"4041",404,"Simu1","NIT",50,"cliver",0.666627236240434
"4042",404.1,"Simu1","NIT",50,"cliver",0.64715293480739
"4043",404.2,"Simu1","NIT",50,"cliver",0.627522970065407
"4044",404.3,"Simu1","NIT",50,"cliver",0.607839658714644
"4045",404.4,"Simu1","NIT",50,"cliver",0.588189563460203
"4046",404.5,"Simu1","NIT",50,"cliver",0.568644872638457
"4047",404.6,"Simu1","NIT",50,"cliver",0.54926740484458
"4048",404.7,"Simu1","NIT",50,"cliver",0.530107918340801
"4049",404.8,"Simu1","NIT",50,"cliver",0.511209255070648
"4050",404.9,"Simu1","NIT",50,"cliver",0.492607386767179
"4051",405,"Simu1","NIT",50,"cliver",0.474332099160148
"4052",405.1,"Simu1","NIT",50,"cliver",0.456408269876899
"4053",405.2,"Simu1","NIT",50,"cliver",0.438855568489325
"4054",405.3,"Simu1","NIT",50,"cliver",0.421689964957139
"4055",405.4,"Simu1","NIT",50,"cliver",0.404924482730985
"4056",405.5,"Simu1","NIT",50,"cliver",0.388569422729841
"4057",405.6,"Simu1","NIT",50,"cliver",0.372632598314696
"4058",405.7,"Simu1","NIT",50,"cliver",0.35711968458947
"4059",405.8,"Simu1","NIT",50,"cliver",0.342034561590078
"4060",405.9,"Simu1","NIT",50,"cliver",0.327379574131436
"4061",406,"Simu1","NIT",50,"cliver",0.313155752233899
"4062",406.1,"Simu1","NIT",50,"cliver",0.299362984147367
"4063",406.2,"Simu1","NIT",50,"cliver",0.286000163168563
"4064",406.3,"Simu1","NIT",50,"cliver",0.27306531379341
"4065",406.4,"Simu1","NIT",50,"cliver",0.260555733262364
"4066",406.5,"Simu1","NIT",50,"cliver",0.248468082671353
"4067",406.6,"Simu1","NIT",50,"cliver",0.236798440184796
"4068",406.7,"Simu1","NIT",50,"cliver",0.225542358572811
"4069",406.8,"Simu1","NIT",50,"cliver",0.214694929508745
"4070",406.9,"Simu1","NIT",50,"cliver",0.204250834367605
"4071",407,"Simu1","NIT",50,"cliver",0.194204372750559
"4072",407.1,"Simu1","NIT",50,"cliver",0.184549475108155
"4073",407.2,"Simu1","NIT",50,"cliver",0.17527971345975
"4074",407.3,"Simu1","NIT",50,"cliver",0.166388312547485
"4075",407.4,"Simu1","NIT",50,"cliver",0.157868155790897
"4076",407.5,"Simu1","NIT",50,"cliver",0.149711783994356
"4077",407.6,"Simu1","NIT",50,"cliver",0.141911392811199
"4078",407.7,"Simu1","NIT",50,"cliver",0.13445883272614
"4079",407.8,"Simu1","NIT",50,"cliver",0.127345612913904
"4080",407.9,"Simu1","NIT",50,"cliver",0.120562906416169
"4081",408,"Simu1","NIT",50,"cliver",0.115358462245719
"4082",408.1,"Simu1","NIT",50,"cliver",0.43700109215534
"4083",408.2,"Simu1","NIT",50,"cliver",0.605171741119735
"4084",408.3,"Simu1","NIT",50,"cliver",0.680673447602608
"4085",408.4,"Simu1","NIT",50,"cliver",0.728783990898404
"4086",408.5,"Simu1","NIT",50,"cliver",0.762565842647464
"4087",408.6,"Simu1","NIT",50,"cliver",0.786025472541652
"4088",408.7,"Simu1","NIT",50,"cliver",0.801222083819651
"4089",408.8,"Simu1","NIT",50,"cliver",0.809629311902411
"4090",408.9,"Simu1","NIT",50,"cliver",0.812430778634262
"4091",409,"Simu1","NIT",50,"cliver",0.810606773170471
"4092",409.1,"Simu1","NIT",50,"cliver",0.804975543289743
"4093",409.2,"Simu1","NIT",50,"cliver",0.796222432434042
"4094",409.3,"Simu1","NIT",50,"cliver",0.784921199574493
"4095",409.4,"Simu1","NIT",50,"cliver",0.771553242146746
"4096",409.5,"Simu1","NIT",50,"cliver",0.756523240496534
"4097",409.6,"Simu1","NIT",50,"cliver",0.740171309136444
"4098",409.7,"Simu1","NIT",50,"cliver",0.722783373102431
"4099",409.8,"Simu1","NIT",50,"cliver",0.704600095208297
"4100",409.9,"Simu1","NIT",50,"cliver",0.68582436573112
"4101",410,"Simu1","NIT",50,"cliver",0.666627263873269
"4102",410.1,"Simu1","NIT",50,"cliver",0.647152960012107
"4103",410.2,"Simu1","NIT",50,"cliver",0.627522993492133
"4104",410.3,"Simu1","NIT",50,"cliver",0.607839683691196
"4105",410.4,"Simu1","NIT",50,"cliver",0.58818958440552
"4106",410.5,"Simu1","NIT",50,"cliver",0.568644851258066
"4107",410.6,"Simu1","NIT",50,"cliver",0.549267426950075
"4108",410.7,"Simu1","NIT",50,"cliver",0.530107946060068
"4109",410.8,"Simu1","NIT",50,"cliver",0.51120928740471
"4110",410.9,"Simu1","NIT",50,"cliver",0.492607405693355
"4111",411,"Simu1","NIT",50,"cliver",0.474332113321653
"4112",411.1,"Simu1","NIT",50,"cliver",0.456408263960103
"4113",411.2,"Simu1","NIT",50,"cliver",0.438855568640881
"4114",411.3,"Simu1","NIT",50,"cliver",0.421689975556907
"4115",411.4,"Simu1","NIT",50,"cliver",0.404924497616953
"4116",411.5,"Simu1","NIT",50,"cliver",0.388569436789085
"4117",411.6,"Simu1","NIT",50,"cliver",0.372632610859966
"4118",411.7,"Simu1","NIT",50,"cliver",0.357119696274764
"4119",411.8,"Simu1","NIT",50,"cliver",0.342034573230906
"4120",411.9,"Simu1","NIT",50,"cliver",0.327379585974705
"4121",412,"Simu1","NIT",50,"cliver",0.313155764090982
"4122",412.1,"Simu1","NIT",50,"cliver",0.299362995751267
"4123",412.2,"Simu1","NIT",50,"cliver",0.286000175338027
"4124",412.3,"Simu1","NIT",50,"cliver",0.273065326991185
"4125",412.4,"Simu1","NIT",50,"cliver",0.260555746592303
"4126",412.5,"Simu1","NIT",50,"cliver",0.248468094979373
"4127",412.6,"Simu1","NIT",50,"cliver",0.236798451350042
"4128",412.7,"Simu1","NIT",50,"cliver",0.225542369173457
"4129",412.8,"Simu1","NIT",50,"cliver",0.214694939936127
"4130",412.9,"Simu1","NIT",50,"cliver",0.204250844526604
"4131",413,"Simu1","NIT",50,"cliver",0.194204382385393
"4132",413.1,"Simu1","NIT",50,"cliver",0.184549484192205
"4133",413.2,"Simu1","NIT",50,"cliver",0.175279722150236
"4134",413.3,"Simu1","NIT",50,"cliver",0.166388320926339
"4135",413.4,"Simu1","NIT",50,"cliver",0.157868163806007
"4136",413.5,"Simu1","NIT",50,"cliver",0.149711791600012
"4137",413.6,"Simu1","NIT",50,"cliver",0.141911400034092
"4138",413.7,"Simu1","NIT",50,"cliver",0.134458839607997
"4139",413.8,"Simu1","NIT",50,"cliver",0.127345619467368
"4140",413.9,"Simu1","NIT",50,"cliver",0.120562912735354
"4141",414,"Simu1","NIT",50,"cliver",0.115358486042061
"4142",414.1,"Simu1","NIT",50,"cliver",0.43700109233012
"4143",414.2,"Simu1","NIT",50,"cliver",0.6051720145745
"4144",414.3,"Simu1","NIT",50,"cliver",0.680673279300189
"4145",414.4,"Simu1","NIT",50,"cliver",0.728784575879994
"4146",414.5,"Simu1","NIT",50,"cliver",0.762564861779567
"4147",414.6,"Simu1","NIT",50,"cliver",0.786024644635555
"4148",414.7,"Simu1","NIT",50,"cliver",0.801221350929366
"4149",414.8,"Simu1","NIT",50,"cliver",0.809628486733063
"4150",414.9,"Simu1","NIT",50,"cliver",0.812429804319435
"4151",415,"Simu1","NIT",50,"cliver",0.810606084852643
"4152",415.1,"Simu1","NIT",50,"cliver",0.804975022536207
"4153",415.2,"Simu1","NIT",50,"cliver",0.796221809824765
"4154",415.3,"Simu1","NIT",50,"cliver",0.78492061222395
"4155",415.4,"Simu1","NIT",50,"cliver",0.771552811717667
"4156",415.5,"Simu1","NIT",50,"cliver",0.756522963899861
"4157",415.6,"Simu1","NIT",50,"cliver",0.74017105325467
"4158",415.7,"Simu1","NIT",50,"cliver",0.722783045604095
"4159",415.8,"Simu1","NIT",50,"cliver",0.704599755516494
"4160",415.9,"Simu1","NIT",50,"cliver",0.685824114571256
"4161",416,"Simu1","NIT",50,"cliver",0.666627127051958
"4162",416.1,"Simu1","NIT",50,"cliver",0.647152844832594
"4163",416.2,"Simu1","NIT",50,"cliver",0.627522867378881
"4164",416.3,"Simu1","NIT",50,"cliver",0.607839577904266
"4165",416.4,"Simu1","NIT",50,"cliver",0.588189366841536
"4166",416.5,"Simu1","NIT",50,"cliver",0.56864492986269
"4167",416.6,"Simu1","NIT",50,"cliver",0.549267329791971
"4168",416.7,"Simu1","NIT",50,"cliver",0.530107827875615
"4169",416.8,"Simu1","NIT",50,"cliver",0.51120934974028
"4170",416.9,"Simu1","NIT",50,"cliver",0.492607682936973
"4171",417,"Simu1","NIT",50,"cliver",0.474332521205154
"4172",417.1,"Simu1","NIT",50,"cliver",0.456408364057432
"4173",417.2,"Simu1","NIT",50,"cliver",0.438855270263239
"4174",417.3,"Simu1","NIT",50,"cliver",0.421689489459109
"4175",417.4,"Simu1","NIT",50,"cliver",0.404923999213616
"4176",417.5,"Simu1","NIT",50,"cliver",0.388568967571748
"4177",417.6,"Simu1","NIT",50,"cliver",0.372632150760291
"4178",417.7,"Simu1","NIT",50,"cliver",0.357119230892928
"4179",417.8,"Simu1","NIT",50,"cliver",0.342034102861919
"4180",417.9,"Simu1","NIT",50,"cliver",0.327379121484986
"4181",418,"Simu1","NIT",50,"cliver",0.313155314916789
"4182",418.1,"Simu1","NIT",50,"cliver",0.299362566930767
"4183",418.2,"Simu1","NIT",50,"cliver",0.28599977204517
"4184",418.3,"Simu1","NIT",50,"cliver",0.273064966384747
"4185",418.4,"Simu1","NIT",50,"cliver",0.260555441631541
"4186",418.5,"Simu1","NIT",50,"cliver",0.248467838850188
"4187",418.6,"Simu1","NIT",50,"cliver",0.236798226458924
"4188",418.7,"Simu1","NIT",50,"cliver",0.225542163963425
"4189",418.8,"Simu1","NIT",50,"cliver",0.214694753167435
"4190",418.9,"Simu1","NIT",50,"cliver",0.204250678047979
"4191",419,"Simu1","NIT",50,"cliver",0.19420423433896
"4192",419.1,"Simu1","NIT",50,"cliver",0.184549350119701
"4193",419.2,"Simu1","NIT",50,"cliver",0.17527959927658
"4194",419.3,"Simu1","NIT",50,"cliver",0.166388208897658
"4195",419.4,"Simu1","NIT",50,"cliver",0.157868062429799
"4196",419.5,"Simu1","NIT",50,"cliver",0.149711699545327
"4197",419.6,"Simu1","NIT",50,"cliver",0.141911316006807
"4198",419.7,"Simu1","NIT",50,"cliver",0.134458762474511
"4199",419.8,"Simu1","NIT",50,"cliver",0.127345549467033
"4200",419.9,"Simu1","NIT",50,"cliver",0.120562846584838
"4201",420,"Simu1","NIT",50,"cliver",0.115358416138305
"4202",420.1,"Simu1","NIT",50,"cliver",0.437000577620005
"4203",420.2,"Simu1","NIT",50,"cliver",0.605170550421204
"4204",420.3,"Simu1","NIT",50,"cliver",0.680672162790124
"4205",420.4,"Simu1","NIT",50,"cliver",0.728783190100288
"4206",420.5,"Simu1","NIT",50,"cliver",0.762564073247896
"4207",420.6,"Simu1","NIT",50,"cliver",0.786023971281811
"4208",420.7,"Simu1","NIT",50,"cliver",0.80122026456274
"4209",420.8,"Simu1","NIT",50,"cliver",0.809627293832856
"4210",420.9,"Simu1","NIT",50,"cliver",0.81242859979737
"4211",421,"Simu1","NIT",50,"cliver",0.810604673182751
"4212",421.1,"Simu1","NIT",50,"cliver",0.804973772182349
"4213",421.2,"Simu1","NIT",50,"cliver",0.796220568942225
"4214",421.3,"Simu1","NIT",50,"cliver",0.784918936335792
"4215",421.4,"Simu1","NIT",50,"cliver",0.771551122351881
"4216",421.5,"Simu1","NIT",50,"cliver",0.75652133692318
"4217",421.6,"Simu1","NIT",50,"cliver",0.740169284290902
"4218",421.7,"Simu1","NIT",50,"cliver",0.722781092986517
"4219",421.8,"Simu1","NIT",50,"cliver",0.704597781138576
"4220",421.9,"Simu1","NIT",50,"cliver",0.685822218956036
"4221",422,"Simu1","NIT",50,"cliver",0.666625270382646
"4222",422.1,"Simu1","NIT",50,"cliver",0.647150994688957
"4223",422.2,"Simu1","NIT",50,"cliver",0.627520967619525
"4224",422.3,"Simu1","NIT",50,"cliver",0.607837708357079
"4225",422.4,"Simu1","NIT",50,"cliver",0.588187554560964
"4226",422.5,"Simu1","NIT",50,"cliver",0.568643152327479
"4227",422.6,"Simu1","NIT",50,"cliver",0.54926558293103
"4228",422.7,"Simu1","NIT",50,"cliver",0.53010612269782
"4229",422.8,"Simu1","NIT",50,"cliver",0.511207690845548
"4230",422.9,"Simu1","NIT",50,"cliver",0.492606069960178
"4231",423,"Simu1","NIT",50,"cliver",0.474330953942668
"4232",423.1,"Simu1","NIT",50,"cliver",0.456406843009107
"4233",423.2,"Simu1","NIT",50,"cliver",0.438853795581067
"4234",423.3,"Simu1","NIT",50,"cliver",0.421688060972119
"4235",423.4,"Simu1","NIT",50,"cliver",0.404922616219799
"4236",423.5,"Simu1","NIT",50,"cliver",0.388567627832931
"4237",423.6,"Simu1","NIT",50,"cliver",0.372630857566963
"4238",423.7,"Simu1","NIT",50,"cliver",0.357117984961249
"4239",423.8,"Simu1","NIT",50,"cliver",0.342032902476944
"4240",423.9,"Simu1","NIT",50,"cliver",0.32737796213881
"4241",424,"Simu1","NIT",50,"cliver",0.313154196205358
"4242",424.1,"Simu1","NIT",50,"cliver",0.299361490737759
"4243",424.2,"Simu1","NIT",50,"cliver",0.285998736321138
"4244",424.3,"Simu1","NIT",50,"cliver",0.273063968538966
"4245",424.4,"Simu1","NIT",50,"cliver",0.260554481610206
"4246",424.5,"Simu1","NIT",50,"cliver",0.24846691697267
"4247",424.6,"Simu1","NIT",50,"cliver",0.236797341384311
"4248",424.7,"Simu1","NIT",50,"cliver",0.225541314196112
"4249",424.8,"Simu1","NIT",50,"cliver",0.214693938204804
"4250",424.9,"Simu1","NIT",50,"cliver",0.204249897445157
"4251",425,"Simu1","NIT",50,"cliver",0.194203487092406
"4252",425.1,"Simu1","NIT",50,"cliver",0.184548635162974
"4253",425.2,"Simu1","NIT",50,"cliver",0.1752789159524
"4254",425.3,"Simu1","NIT",50,"cliver",0.166387556375198
"4255",425.4,"Simu1","NIT",50,"cliver",0.157867440143956
"4256",425.5,"Simu1","NIT",50,"cliver",0.149711108237677
"4257",425.6,"Simu1","NIT",50,"cliver",0.141910753651415
"4258",425.7,"Simu1","NIT",50,"cliver",0.134458226129492
"4259",425.8,"Simu1","NIT",50,"cliver",0.127345037781586
"4260",425.9,"Simu1","NIT",50,"cliver",0.120562366139003
"4261",426,"Simu1","NIT",50,"cliver",0.1153579234834
"4262",426.1,"Simu1","NIT",50,"cliver",0.437000668308679
"4263",426.2,"Simu1","NIT",50,"cliver",0.605171798981481
"4264",426.3,"Simu1","NIT",50,"cliver",0.680673456529701
"4265",426.4,"Simu1","NIT",50,"cliver",0.728784832719744
"4266",426.5,"Simu1","NIT",50,"cliver",0.76256506036721
"4267",426.6,"Simu1","NIT",50,"cliver",0.786024820337328
"4268",426.7,"Simu1","NIT",50,"cliver",0.801221775342331
"4269",426.8,"Simu1","NIT",50,"cliver",0.809628652922172
"4270",426.9,"Simu1","NIT",50,"cliver",0.812430417959009
"4271",427,"Simu1","NIT",50,"cliver",0.810606320591044
"4272",427.1,"Simu1","NIT",50,"cliver",0.804975232921964
"4273",427.2,"Simu1","NIT",50,"cliver",0.796222279332853
"4274",427.3,"Simu1","NIT",50,"cliver",0.784921032293001
"4275",427.4,"Simu1","NIT",50,"cliver",0.771553223884164
"4276",427.5,"Simu1","NIT",50,"cliver",0.756523336756837
"4277",427.6,"Simu1","NIT",50,"cliver",0.74017142664315
"4278",427.7,"Simu1","NIT",50,"cliver",0.722783434212323
"4279",427.8,"Simu1","NIT",50,"cliver",0.704600220198549
"4280",427.9,"Simu1","NIT",50,"cliver",0.685824639593669
"4281",428,"Simu1","NIT",50,"cliver",0.666627635813113
"4282",428.1,"Simu1","NIT",50,"cliver",0.647153328548476
"4283",428.2,"Simu1","NIT",50,"cliver",0.627523289383005
"4284",428.3,"Simu1","NIT",50,"cliver",0.607840020469981
"4285",428.4,"Simu1","NIT",50,"cliver",0.588189835474029
"4286",428.5,"Simu1","NIT",50,"cliver",0.568645377571866
"4287",428.6,"Simu1","NIT",50,"cliver",0.549267748154646
"4288",428.7,"Simu1","NIT",50,"cliver",0.530108236760394
"4289",428.8,"Simu1","NIT",50,"cliver",0.511209757217171
"4290",428.9,"Simu1","NIT",50,"cliver",0.49260808208205
"4291",429,"Simu1","NIT",50,"cliver",0.474332905672715
"4292",429.1,"Simu1","NIT",50,"cliver",0.456408735168214
"4293",429.2,"Simu1","NIT",50,"cliver",0.438855632276007
"4294",429.3,"Simu1","NIT",50,"cliver",0.421689843153606
"4295",429.4,"Simu1","NIT",50,"cliver",0.404924342472866
"4296",429.5,"Simu1","NIT",50,"cliver",0.388569299568399
"4297",429.6,"Simu1","NIT",50,"cliver",0.372632472599891
"4298",429.7,"Simu1","NIT",50,"cliver",0.357119543358766
"4299",429.8,"Simu1","NIT",50,"cliver",0.342034405676921
"4300",429.9,"Simu1","NIT",50,"cliver",0.327379414386966
"4301",430,"Simu1","NIT",50,"cliver",0.313155598615585
"4302",430.1,"Simu1","NIT",50,"cliver",0.299362841687124
"4303",430.2,"Simu1","NIT",50,"cliver",0.286000037262111
"4304",430.3,"Simu1","NIT",50,"cliver",0.273065222095166
"4305",430.4,"Simu1","NIT",50,"cliver",0.260555688163715
"4306",430.5,"Simu1","NIT",50,"cliver",0.248468076529722
"4307",430.6,"Simu1","NIT",50,"cliver",0.236798455382448
"4308",430.7,"Simu1","NIT",50,"cliver",0.225542384153316
"4309",430.8,"Simu1","NIT",50,"cliver",0.214694964805839
"4310",430.9,"Simu1","NIT",50,"cliver",0.204250881381488
"4311",431,"Simu1","NIT",50,"cliver",0.194204429507972
"4312",431.1,"Simu1","NIT",50,"cliver",0.18454953723353
"4313",431.2,"Simu1","NIT",50,"cliver",0.175279778514968
"4314",431.3,"Simu1","NIT",50,"cliver",0.166388380462133
"4315",431.4,"Simu1","NIT",50,"cliver",0.157868226496794
"4316",431.5,"Simu1","NIT",50,"cliver",0.149711856253605
"4317",431.6,"Simu1","NIT",50,"cliver",0.141911465605388
"4318",431.7,"Simu1","NIT",50,"cliver",0.134458905005847
"4319",431.8,"Simu1","NIT",50,"cliver",0.127345685554325
"4320",431.9,"Simu1","NIT",50,"cliver",0.120562976306729
"4321",432,"Simu1","NIT",50,"cliver",0.115358562973764
"4322",432.1,"Simu1","NIT",50,"cliver",0.437000824278213
"4323",432.2,"Simu1","NIT",50,"cliver",0.605171077558786
"4324",432.3,"Simu1","NIT",50,"cliver",0.680672790344721
"4325",432.4,"Simu1","NIT",50,"cliver",0.728784744306375
"4326",432.5,"Simu1","NIT",50,"cliver",0.762564177910188
"4327",432.6,"Simu1","NIT",50,"cliver",0.786024088333418
"4328",432.7,"Simu1","NIT",50,"cliver",0.801220733133296
"4329",432.8,"Simu1","NIT",50,"cliver",0.809627826053606
"4330",432.9,"Simu1","NIT",50,"cliver",0.812429300851365
"4331",433,"Simu1","NIT",50,"cliver",0.81060553465919
"4332",433.1,"Simu1","NIT",50,"cliver",0.804974690450275
"4333",433.2,"Simu1","NIT",50,"cliver",0.796221390666263
"4334",433.3,"Simu1","NIT",50,"cliver",0.784919851182945
"4335",433.4,"Simu1","NIT",50,"cliver",0.771552081143356
"4336",433.5,"Simu1","NIT",50,"cliver",0.756522280977092
"4337",433.6,"Simu1","NIT",50,"cliver",0.740170244198535
"4338",433.7,"Simu1","NIT",50,"cliver",0.722782198829263
"4339",433.8,"Simu1","NIT",50,"cliver",0.704599004045066
"4340",433.9,"Simu1","NIT",50,"cliver",0.685823445014758
"4341",434,"Simu1","NIT",50,"cliver",0.666626378275476
"4342",434.1,"Simu1","NIT",50,"cliver",0.647151992901576
"4343",434.2,"Simu1","NIT",50,"cliver",0.627521894995487
"4344",434.3,"Simu1","NIT",50,"cliver",0.607838628310922
"4345",434.4,"Simu1","NIT",50,"cliver",0.588188377524202
"4346",434.5,"Simu1","NIT",50,"cliver",0.568644077922281
"4347",434.6,"Simu1","NIT",50,"cliver",0.549266572880681
"4348",434.7,"Simu1","NIT",50,"cliver",0.530106922054392
"4349",434.8,"Simu1","NIT",50,"cliver",0.511208493986152
"4350",434.9,"Simu1","NIT",50,"cliver",0.492606904803217
"4351",435,"Simu1","NIT",50,"cliver",0.474331640484509
"4352",435.1,"Simu1","NIT",50,"cliver",0.456407502381872
"4353",435.2,"Simu1","NIT",50,"cliver",0.438854543404822
"4354",435.3,"Simu1","NIT",50,"cliver",0.421688718476364
"4355",435.4,"Simu1","NIT",50,"cliver",0.404923206891364
"4356",435.5,"Simu1","NIT",50,"cliver",0.388568248688639
"4357",435.6,"Simu1","NIT",50,"cliver",0.372631462399614
"4358",435.7,"Simu1","NIT",50,"cliver",0.357118566939908
"4359",435.8,"Simu1","NIT",50,"cliver",0.342033454093232
"4360",435.9,"Simu1","NIT",50,"cliver",0.327378482448051
"4361",436,"Simu1","NIT",50,"cliver",0.313154707042622
"4362",436.1,"Simu1","NIT",50,"cliver",0.299361990332721
"4363",436.2,"Simu1","NIT",50,"cliver",0.285999207155133
"4364",436.3,"Simu1","NIT",50,"cliver",0.273064415956142
"4365",436.4,"Simu1","NIT",50,"cliver",0.260554917994987
"4366",436.5,"Simu1","NIT",50,"cliver",0.248467338333471
"4367",436.6,"Simu1","NIT",50,"cliver",0.236797741226128
"4368",436.7,"Simu1","NIT",50,"cliver",0.225541696417771
"4369",436.8,"Simu1","NIT",50,"cliver",0.214694306907302
"4370",436.9,"Simu1","NIT",50,"cliver",0.204250251210014
"4371",437,"Simu1","NIT",50,"cliver",0.194203823718201
"4372",437.1,"Simu1","NIT",50,"cliver",0.184548957296671
"4373",437.2,"Simu1","NIT",50,"cliver",0.175279223230484
"4374",437.3,"Simu1","NIT",50,"cliver",0.166387852497424
"4375",437.4,"Simu1","NIT",50,"cliver",0.157867732999422
"4376",437.5,"Simu1","NIT",50,"cliver",0.149711390388105
"4377",437.6,"Simu1","NIT",50,"cliver",0.141911012727958
"4378",437.7,"Simu1","NIT",50,"cliver",0.134458468176526
"4379",437.8,"Simu1","NIT",50,"cliver",0.127345272247551
"4380",437.9,"Simu1","NIT",50,"cliver",0.120562591453708
"4381",438,"Simu1","NIT",50,"cliver",0.115358209471581
"4382",438.1,"Simu1","NIT",50,"cliver",0.437000500612755
"4383",438.2,"Simu1","NIT",50,"cliver",0.605170791220193
"4384",438.3,"Simu1","NIT",50,"cliver",0.680671853127805
"4385",438.4,"Simu1","NIT",50,"cliver",0.728783215139775
"4386",438.5,"Simu1","NIT",50,"cliver",0.762564396458467
"4387",438.6,"Simu1","NIT",50,"cliver",0.786023884385417
"4388",438.7,"Simu1","NIT",50,"cliver",0.801220493053582
"4389",438.8,"Simu1","NIT",50,"cliver",0.809627544416582
"4390",438.9,"Simu1","NIT",50,"cliver",0.812429114548533
"4391",439,"Simu1","NIT",50,"cliver",0.810605361988191
"4392",439.1,"Simu1","NIT",50,"cliver",0.804974494176902
"4393",439.2,"Simu1","NIT",50,"cliver",0.796221103342575
"4394",439.3,"Simu1","NIT",50,"cliver",0.784919660219718
"4395",439.4,"Simu1","NIT",50,"cliver",0.771551938404506
"4396",439.5,"Simu1","NIT",50,"cliver",0.756522066001704
"4397",439.6,"Simu1","NIT",50,"cliver",0.740169965767978
"4398",439.7,"Simu1","NIT",50,"cliver",0.722781877703162
"4399",439.8,"Simu1","NIT",50,"cliver",0.704598678231972
"4400",439.9,"Simu1","NIT",50,"cliver",0.685823130178975
"4401",440,"Simu1","NIT",50,"cliver",0.666626091427398
"4402",440.1,"Simu1","NIT",50,"cliver",0.647151737070192
"4403",440.2,"Simu1","NIT",50,"cliver",0.627521688159359
"4404",440.3,"Simu1","NIT",50,"cliver",0.607838430930189
"4405",440.4,"Simu1","NIT",50,"cliver",0.588188264791372
"4406",440.5,"Simu1","NIT",50,"cliver",0.568643833227543
"4407",440.6,"Simu1","NIT",50,"cliver",0.549266238296493
"4408",440.7,"Simu1","NIT",50,"cliver",0.530106759526969
"4409",440.8,"Simu1","NIT",50,"cliver",0.511208320387762
"4410",440.9,"Simu1","NIT",50,"cliver",0.49260667554843
"4411",441,"Simu1","NIT",50,"cliver",0.47433156365134
"4412",441.1,"Simu1","NIT",50,"cliver",0.456407441263061
"4413",441.2,"Simu1","NIT",50,"cliver",0.438854291822345
"4414",441.3,"Simu1","NIT",50,"cliver",0.421688341870954
"4415",441.4,"Simu1","NIT",50,"cliver",0.404922739371009
"4416",441.5,"Simu1","NIT",50,"cliver",0.388567673526024
"4417",441.6,"Simu1","NIT",50,"cliver",0.372631113507768
"4418",441.7,"Simu1","NIT",50,"cliver",0.35711848734121
"4419",441.8,"Simu1","NIT",50,"cliver",0.342033520920509
"4420",441.9,"Simu1","NIT",50,"cliver",0.327378589107385
"4421",442,"Simu1","NIT",50,"cliver",0.313154799274229
"4422",442.1,"Simu1","NIT",50,"cliver",0.29936207770087
"4423",442.2,"Simu1","NIT",50,"cliver",0.285999318462881
"4424",442.3,"Simu1","NIT",50,"cliver",0.273064545938817
"4425",442.4,"Simu1","NIT",50,"cliver",0.260555046100709
"4426",442.5,"Simu1","NIT",50,"cliver",0.248467452159076
"4427",442.6,"Simu1","NIT",50,"cliver",0.236797833279424
"4428",442.7,"Simu1","NIT",50,"cliver",0.225541763778691
"4429",442.8,"Simu1","NIT",50,"cliver",0.214694357080628
"4430",442.9,"Simu1","NIT",50,"cliver",0.204250295026175
"4431",443,"Simu1","NIT",50,"cliver",0.194203865689219
"4432",443.1,"Simu1","NIT",50,"cliver",0.184548992968116
"4433",443.2,"Simu1","NIT",50,"cliver",0.175279252021884
"4434",443.3,"Simu1","NIT",50,"cliver",0.166387873652839
"4435",443.4,"Simu1","NIT",50,"cliver",0.157867741890801
"4436",443.5,"Simu1","NIT",50,"cliver",0.149711393371709
"4437",443.6,"Simu1","NIT",50,"cliver",0.141911022029657
"4438",443.7,"Simu1","NIT",50,"cliver",0.134458480890486
"4439",443.8,"Simu1","NIT",50,"cliver",0.127345280352615
"4440",443.9,"Simu1","NIT",50,"cliver",0.120562593872301
"4441",444,"Simu1","NIT",50,"cliver",0.115358226733638
"4442",444.1,"Simu1","NIT",50,"cliver",0.437000880969798
"4443",444.2,"Simu1","NIT",50,"cliver",0.605172743551652
"4444",444.3,"Simu1","NIT",50,"cliver",0.680674782398109
"4445",444.4,"Simu1","NIT",50,"cliver",0.728785698044737
"4446",444.5,"Simu1","NIT",50,"cliver",0.762565464632572
"4447",444.6,"Simu1","NIT",50,"cliver",0.786026024496428
"4448",444.7,"Simu1","NIT",50,"cliver",0.801222681917032
"4449",444.8,"Simu1","NIT",50,"cliver",0.809629917052496
"4450",444.9,"Simu1","NIT",50,"cliver",0.812431506635806
"4451",445,"Simu1","NIT",50,"cliver",0.810607783752133
"4452",445.1,"Simu1","NIT",50,"cliver",0.804976939201412
"4453",445.2,"Simu1","NIT",50,"cliver",0.796223558209662
"4454",445.3,"Simu1","NIT",50,"cliver",0.784922129050618
"4455",445.4,"Simu1","NIT",50,"cliver",0.771554422770965
"4456",445.5,"Simu1","NIT",50,"cliver",0.75652453052783
"4457",445.6,"Simu1","NIT",50,"cliver",0.740172497069268
"4458",445.7,"Simu1","NIT",50,"cliver",0.722784499052424
"4459",445.8,"Simu1","NIT",50,"cliver",0.704601293599309
"4460",445.9,"Simu1","NIT",50,"cliver",0.68582564604978
"4461",446,"Simu1","NIT",50,"cliver",0.666628484100391
"4462",446.1,"Simu1","NIT",50,"cliver",0.647154067294033
"4463",446.2,"Simu1","NIT",50,"cliver",0.62752398150283
"4464",446.3,"Simu1","NIT",50,"cliver",0.607840685773899
"4465",446.4,"Simu1","NIT",50,"cliver",0.58819035731061
"4466",446.5,"Simu1","NIT",50,"cliver",0.56864616141231
"4467",446.6,"Simu1","NIT",50,"cliver",0.54926832992757
"4468",446.7,"Simu1","NIT",50,"cliver",0.530108848767961
"4469",446.8,"Simu1","NIT",50,"cliver",0.511210367712533
"4470",446.9,"Simu1","NIT",50,"cliver",0.492608722167818
"4471",447,"Simu1","NIT",50,"cliver",0.474333551278152
"4472",447.1,"Simu1","NIT",50,"cliver",0.45640941316553
"4473",447.2,"Simu1","NIT",50,"cliver",0.438856379135301
"4474",447.3,"Simu1","NIT",50,"cliver",0.421690652482246
"4475",447.4,"Simu1","NIT",50,"cliver",0.404925186064099
"4476",447.5,"Simu1","NIT",50,"cliver",0.388570150187687
"4477",447.6,"Simu1","NIT",50,"cliver",0.372633288126295
"4478",447.7,"Simu1","NIT",50,"cliver",0.357120266159519
"4479",447.8,"Simu1","NIT",50,"cliver",0.342035019584456
"4480",447.9,"Simu1","NIT",50,"cliver",0.327379953400114
"4481",448,"Simu1","NIT",50,"cliver",0.313156098741084
"4482",448.1,"Simu1","NIT",50,"cliver",0.299363311937297
"4483",448.2,"Simu1","NIT",50,"cliver",0.286000471405843
"4484",448.3,"Simu1","NIT",50,"cliver",0.273065617876787
"4485",448.4,"Simu1","NIT",50,"cliver",0.260556052353101
"4486",448.5,"Simu1","NIT",50,"cliver",0.248468418618268
"4487",448.6,"Simu1","NIT",50,"cliver",0.236798778154482
"4488",448.7,"Simu1","NIT",50,"cliver",0.225542684199345
"4489",448.8,"Simu1","NIT",50,"cliver",0.214695243263123
"4490",448.9,"Simu1","NIT",50,"cliver",0.204251143930082
"4491",449,"Simu1","NIT",50,"cliver",0.194204676532676
"4492",449.1,"Simu1","NIT",50,"cliver",0.184549767419964
"4493",449.2,"Simu1","NIT",50,"cliver",0.175279995591552
"4494",449.3,"Simu1","NIT",50,"cliver",0.16638858466785
"4495",449.4,"Simu1","NIT",50,"cliver",0.157868418020379
"4496",449.5,"Simu1","NIT",50,"cliver",0.149712036466742
"4497",449.6,"Simu1","NIT",50,"cliver",0.141911634952389
"4498",449.7,"Simu1","NIT",50,"cliver",0.134459064303007
"4499",449.8,"Simu1","NIT",50,"cliver",0.127345834152001
"4500",449.9,"Simu1","NIT",50,"cliver",0.120563117554135
"4501",450,"Simu1","NIT",50,"cliver",0.11535866525922
"4502",450.1,"Simu1","NIT",50,"cliver",0.437001285674416
"4503",450.2,"Simu1","NIT",50,"cliver",0.605171928152957
"4504",450.3,"Simu1","NIT",50,"cliver",0.680673614956558
"4505",450.4,"Simu1","NIT",50,"cliver",0.728784162627987
"4506",450.5,"Simu1","NIT",50,"cliver",0.762566011943507
"4507",450.6,"Simu1","NIT",50,"cliver",0.786025639138309
"4508",450.7,"Simu1","NIT",50,"cliver",0.801222239777223
"4509",450.8,"Simu1","NIT",50,"cliver",0.809629468330513
"4510",450.9,"Simu1","NIT",50,"cliver",0.812430923120297
"4511",451,"Simu1","NIT",50,"cliver",0.810606908618095
"4512",451.1,"Simu1","NIT",50,"cliver",0.804975676209017
"4513",451.2,"Simu1","NIT",50,"cliver",0.79622256563383
"4514",451.3,"Simu1","NIT",50,"cliver",0.784921322776841
"4515",451.4,"Simu1","NIT",50,"cliver",0.771553357474529
"4516",451.5,"Simu1","NIT",50,"cliver",0.756523356022796
"4517",451.6,"Simu1","NIT",50,"cliver",0.740171424598713
"4518",451.7,"Simu1","NIT",50,"cliver",0.722783485781768
"4519",451.8,"Simu1","NIT",50,"cliver",0.704600204201345
"4520",451.9,"Simu1","NIT",50,"cliver",0.685824464600323
"4521",452,"Simu1","NIT",50,"cliver",0.666627361380503
"4522",452.1,"Simu1","NIT",50,"cliver",0.647153055825576
"4523",452.2,"Simu1","NIT",50,"cliver",0.627523086978384
"4524",452.3,"Simu1","NIT",50,"cliver",0.607839771296515
"4525",452.4,"Simu1","NIT",50,"cliver",0.588189672331559
"4526",452.5,"Simu1","NIT",50,"cliver",0.568644980329558
"4527",452.6,"Simu1","NIT",50,"cliver",0.549267505802352
"4528",452.7,"Simu1","NIT",50,"cliver",0.530108014880629
"4529",452.8,"Simu1","NIT",50,"cliver",0.511209347459275
"4530",452.9,"Simu1","NIT",50,"cliver",0.492607477107469
"4531",453,"Simu1","NIT",50,"cliver",0.474332186896572
"4532",453.1,"Simu1","NIT",50,"cliver",0.456408355801066
"4533",453.2,"Simu1","NIT",50,"cliver",0.438855650465576
"4534",453.3,"Simu1","NIT",50,"cliver",0.421690042673241
"4535",453.4,"Simu1","NIT",50,"cliver",0.404924556931534
"4536",453.5,"Simu1","NIT",50,"cliver",0.388569494026749
"4537",453.6,"Simu1","NIT",50,"cliver",0.372632666861038
"4538",453.7,"Simu1","NIT",50,"cliver",0.357119750407448
"4539",453.8,"Simu1","NIT",50,"cliver",0.342034624682778
"4540",453.9,"Simu1","NIT",50,"cliver",0.327379634558705
"4541",454,"Simu1","NIT",50,"cliver",0.313155810097199
"4542",454.1,"Simu1","NIT",50,"cliver",0.299363039552684
"4543",454.2,"Simu1","NIT",50,"cliver",0.286000216108063
"4544",454.3,"Simu1","NIT",50,"cliver",0.273065364295563
"4545",454.4,"Simu1","NIT",50,"cliver",0.260555781495372
"4546",454.5,"Simu1","NIT",50,"cliver",0.248468128824016
"4547",454.6,"Simu1","NIT",50,"cliver",0.236798484336018
"4548",454.7,"Simu1","NIT",50,"cliver",0.225542400729196
"4549",454.8,"Simu1","NIT",50,"cliver",0.214694969696116
"4550",454.9,"Simu1","NIT",50,"cliver",0.204250872660376
"4551",455,"Simu1","NIT",50,"cliver",0.194204409237068
"4552",455.1,"Simu1","NIT",50,"cliver",0.184549509851247
"4553",455.2,"Simu1","NIT",50,"cliver",0.175279746502662
"4554",455.3,"Simu1","NIT",50,"cliver",0.166388343940669
"4555",455.4,"Simu1","NIT",50,"cliver",0.157868185597501
"4556",455.5,"Simu1","NIT",50,"cliver",0.14971181227582
"4557",455.6,"Simu1","NIT",50,"cliver",0.141911419620845
"4558",455.7,"Simu1","NIT",50,"cliver",0.134458858115415
"4559",455.8,"Simu1","NIT",50,"cliver",0.12734563693664
"4560",455.9,"Simu1","NIT",50,"cliver",0.120562929118261
"4561",456,"Simu1","NIT",50,"cliver",0.115358481257989
"4562",456.1,"Simu1","NIT",50,"cliver",0.437001103876657
"4563",456.2,"Simu1","NIT",50,"cliver",0.60517174519048
"4564",456.3,"Simu1","NIT",50,"cliver",0.680673430741648
"4565",456.4,"Simu1","NIT",50,"cliver",0.728783981778972
"4566",456.5,"Simu1","NIT",50,"cliver",0.762565833915583
"4567",456.6,"Simu1","NIT",50,"cliver",0.786025464432035
"4568",456.7,"Simu1","NIT",50,"cliver",0.801222067684977
"4569",456.8,"Simu1","NIT",50,"cliver",0.809629300554421
"4570",456.9,"Simu1","NIT",50,"cliver",0.812430758262734
"4571",457,"Simu1","NIT",50,"cliver",0.810606747251647
"4572",457.1,"Simu1","NIT",50,"cliver",0.80497551925162
"4573",457.2,"Simu1","NIT",50,"cliver",0.796222413456386
"4574",457.3,"Simu1","NIT",50,"cliver",0.784921174135269
"4575",457.4,"Simu1","NIT",50,"cliver",0.771553212682258
"4576",457.5,"Simu1","NIT",50,"cliver",0.756523216093482
"4577",457.6,"Simu1","NIT",50,"cliver",0.740171289451328
"4578",457.7,"Simu1","NIT",50,"cliver",0.722783355040004
"4579",457.8,"Simu1","NIT",50,"cliver",0.704600077718519
"4580",457.9,"Simu1","NIT",50,"cliver",0.685824341242593
"4581",458,"Simu1","NIT",50,"cliver",0.666627242535702
"4582",458.1,"Simu1","NIT",50,"cliver",0.647152941219215
"4583",458.2,"Simu1","NIT",50,"cliver",0.627522976428024
"4584",458.3,"Simu1","NIT",50,"cliver",0.607839664287328
"4585",458.4,"Simu1","NIT",50,"cliver",0.588189569475169
"4586",458.5,"Simu1","NIT",50,"cliver",0.568644884934857
"4587",458.6,"Simu1","NIT",50,"cliver",0.549267409946292
"4588",458.7,"Simu1","NIT",50,"cliver",0.530107921528005
"4589",458.8,"Simu1","NIT",50,"cliver",0.511209256761004
"4590",458.9,"Simu1","NIT",50,"cliver",0.492607391740759
"4591",459,"Simu1","NIT",50,"cliver",0.47433210580968
"4592",459.1,"Simu1","NIT",50,"cliver",0.456408279853908
"4593",459.2,"Simu1","NIT",50,"cliver",0.438855576534868
"4594",459.3,"Simu1","NIT",50,"cliver",0.421689970129888
"4595",459.4,"Simu1","NIT",50,"cliver",0.404924486579705
"4596",459.5,"Simu1","NIT",50,"cliver",0.388569426487608
"4597",459.6,"Simu1","NIT",50,"cliver",0.372632602136077
"4598",459.7,"Simu1","NIT",50,"cliver",0.357119688327965
"4599",459.8,"Simu1","NIT",50,"cliver",0.342034565058945
"4600",459.9,"Simu1","NIT",50,"cliver",0.327379577283051
"4601",460,"Simu1","NIT",50,"cliver",0.313155755123643
"4602",460.1,"Simu1","NIT",50,"cliver",0.299362986846055
"4603",460.2,"Simu1","NIT",50,"cliver",0.28600016548343
"4604",460.3,"Simu1","NIT",50,"cliver",0.273065315622961
"4605",460.4,"Simu1","NIT",50,"cliver",0.260555734840235
"4606",460.5,"Simu1","NIT",50,"cliver",0.248468084283293
"4607",460.6,"Simu1","NIT",50,"cliver",0.236798441861199
"4608",460.7,"Simu1","NIT",50,"cliver",0.225542360178113
"4609",460.8,"Simu1","NIT",50,"cliver",0.214694930957162
"4610",460.9,"Simu1","NIT",50,"cliver",0.204250835691692
"4611",461,"Simu1","NIT",50,"cliver",0.194204374018728
"4612",461.1,"Simu1","NIT",50,"cliver",0.184549476331508
"4613",461.2,"Simu1","NIT",50,"cliver",0.17527971460593
"4614",461.3,"Simu1","NIT",50,"cliver",0.16638831360364
"4615",461.4,"Simu1","NIT",50,"cliver",0.157868156776086
"4616",461.5,"Simu1","NIT",50,"cliver",0.149711784925245
"4617",461.6,"Simu1","NIT",50,"cliver",0.141911393686739
"4618",461.7,"Simu1","NIT",50,"cliver",0.134458833542149
"4619",461.8,"Simu1","NIT",50,"cliver",0.127345613672847
"4620",461.9,"Simu1","NIT",50,"cliver",0.120562907103083
"4621",462,"Simu1","NIT",50,"cliver",0.115358457543459
"4622",462.1,"Simu1","NIT",50,"cliver",0.437001105848252
"4623",462.2,"Simu1","NIT",50,"cliver",0.605171758944039
"4624",462.3,"Simu1","NIT",50,"cliver",0.680673456909429
"4625",462.4,"Simu1","NIT",50,"cliver",0.728784008370523
"4626",462.5,"Simu1","NIT",50,"cliver",0.762565863297347
"4627",462.6,"Simu1","NIT",50,"cliver",0.786025495749949
"4628",462.7,"Simu1","NIT",50,"cliver",0.80122210350083
"4629",462.8,"Simu1","NIT",50,"cliver",0.809629336003214
"4630",462.9,"Simu1","NIT",50,"cliver",0.812430797803312
"4631",463,"Simu1","NIT",50,"cliver",0.810606789301358
"4632",463.1,"Simu1","NIT",50,"cliver",0.804975561049805
"4633",463.2,"Simu1","NIT",50,"cliver",0.796222453821098
"4634",463.3,"Simu1","NIT",50,"cliver",0.784921216814834
"4635",463.4,"Simu1","NIT",50,"cliver",0.771553256632624
"4636",463.5,"Simu1","NIT",50,"cliver",0.756523258071852
"4637",463.6,"Simu1","NIT",50,"cliver",0.740171329510821
"4638",463.7,"Simu1","NIT",50,"cliver",0.722783394131658
"4639",463.8,"Simu1","NIT",50,"cliver",0.704600116079548
"4640",463.9,"Simu1","NIT",50,"cliver",0.685824382009231
"4641",464,"Simu1","NIT",50,"cliver",0.666627281264547
"4642",464.1,"Simu1","NIT",50,"cliver",0.647152978472821
"4643",464.2,"Simu1","NIT",50,"cliver",0.627523012477547
"4644",464.3,"Simu1","NIT",50,"cliver",0.607839700442024
"4645",464.4,"Simu1","NIT",50,"cliver",0.588189603529299
"4646",464.5,"Simu1","NIT",50,"cliver",0.568644902889532
"4647",464.6,"Simu1","NIT",50,"cliver",0.549267443082641
"4648",464.7,"Simu1","NIT",50,"cliver",0.530107956714474
"4649",464.8,"Simu1","NIT",50,"cliver",0.511209293319201
"4650",464.9,"Simu1","NIT",50,"cliver",0.492607421384212
"4651",465,"Simu1","NIT",50,"cliver",0.474332131955418
"4652",465.1,"Simu1","NIT",50,"cliver",0.456408298168435
"4653",465.2,"Simu1","NIT",50,"cliver",0.438855597024325
"4654",465.3,"Simu1","NIT",50,"cliver",0.421689994499827
"4655",465.4,"Simu1","NIT",50,"cliver",0.404924512139105
"4656",465.5,"Simu1","NIT",50,"cliver",0.388569451085488
"4657",465.6,"Simu1","NIT",50,"cliver",0.372632625517813
"4658",465.7,"Simu1","NIT",50,"cliver",0.357119710775263
"4659",465.8,"Simu1","NIT",50,"cliver",0.342034586924187
"4660",465.9,"Simu1","NIT",50,"cliver",0.327379598674323
"4661",466,"Simu1","NIT",50,"cliver",0.313155775967165
"4662",466.1,"Simu1","NIT",50,"cliver",0.299363007039982
"4663",466.2,"Simu1","NIT",50,"cliver",0.286000185389334
"4664",466.3,"Simu1","NIT",50,"cliver",0.273065335443125
"4665",466.4,"Simu1","NIT",50,"cliver",0.260555754188622
"4666",466.5,"Simu1","NIT",50,"cliver",0.248468102679291
"4667",466.6,"Simu1","NIT",50,"cliver",0.236798459271994
"4668",466.7,"Simu1","NIT",50,"cliver",0.225542376863569
"4669",466.8,"Simu1","NIT",50,"cliver",0.214694947090534
"4670",466.9,"Simu1","NIT",50,"cliver",0.204250851237983
"4671",467,"Simu1","NIT",50,"cliver",0.194204388878916
"4672",467.1,"Simu1","NIT",50,"cliver",0.18454949050683
"4673",467.2,"Simu1","NIT",50,"cliver",0.175279728174287
"4674",467.3,"Simu1","NIT",50,"cliver",0.166388326608904
"4675",467.4,"Simu1","NIT",50,"cliver",0.157868169205839
"4676",467.5,"Simu1","NIT",50,"cliver",0.149711796771089
"4677",467.6,"Simu1","NIT",50,"cliver",0.141911404971472
"4678",467.7,"Simu1","NIT",50,"cliver",0.134458844294307
"4679",467.8,"Simu1","NIT",50,"cliver",0.127345623909271
"4680",467.9,"Simu1","NIT",50,"cliver",0.120562916872142
"4681",468,"Simu1","NIT",50,"cliver",0.11535848990199
"4682",468.1,"Simu1","NIT",50,"cliver",0.43700075560682
"4683",468.2,"Simu1","NIT",50,"cliver",0.60517102825249
"4684",468.3,"Simu1","NIT",50,"cliver",0.680672700945172
"4685",468.4,"Simu1","NIT",50,"cliver",0.728784030259625
"4686",468.5,"Simu1","NIT",50,"cliver",0.762564680543853
"4687",468.6,"Simu1","NIT",50,"cliver",0.78602415171622
"4688",468.7,"Simu1","NIT",50,"cliver",0.801220867512212
"4689",468.8,"Simu1","NIT",50,"cliver",0.809627962065856
"4690",468.9,"Simu1","NIT",50,"cliver",0.812429371153332
"4691",469,"Simu1","NIT",50,"cliver",0.810605617698294
"4692",469.1,"Simu1","NIT",50,"cliver",0.804974768168147
"4693",469.2,"Simu1","NIT",50,"cliver",0.796221583020319
"4694",469.3,"Simu1","NIT",50,"cliver",0.784919966463627
"4695",469.4,"Simu1","NIT",50,"cliver",0.771552128509196
"4696",469.5,"Simu1","NIT",50,"cliver",0.756522330042761
"4697",469.6,"Simu1","NIT",50,"cliver",0.74017028267781
"4698",469.7,"Simu1","NIT",50,"cliver",0.722782169122993
"4699",469.8,"Simu1","NIT",50,"cliver",0.704598906803481
"4700",469.9,"Simu1","NIT",50,"cliver",0.685823334690802
"4701",470,"Simu1","NIT",50,"cliver",0.666626326649291
"4702",470.1,"Simu1","NIT",50,"cliver",0.647151981774673
"4703",470.2,"Simu1","NIT",50,"cliver",0.627521901856032
"4704",470.3,"Simu1","NIT",50,"cliver",0.607838599910843
"4705",470.4,"Simu1","NIT",50,"cliver",0.588188411173757
"4706",470.5,"Simu1","NIT",50,"cliver",0.568643966401303
"4707",470.6,"Simu1","NIT",50,"cliver",0.549266372879572
"4708",470.7,"Simu1","NIT",50,"cliver",0.530106864816949
"4709",470.8,"Simu1","NIT",50,"cliver",0.511208438794229
"4710",470.9,"Simu1","NIT",50,"cliver",0.492606732480071
"4711",471,"Simu1","NIT",50,"cliver",0.474331651275565
"4712",471.1,"Simu1","NIT",50,"cliver",0.456407542664999
"4713",471.2,"Simu1","NIT",50,"cliver",0.438854401441621
"4714",471.3,"Simu1","NIT",50,"cliver",0.421688506716581
"4715",471.4,"Simu1","NIT",50,"cliver",0.404922847569393
"4716",471.5,"Simu1","NIT",50,"cliver",0.388567739165076
"4717",471.6,"Simu1","NIT",50,"cliver",0.372631126060136
"4718",471.7,"Simu1","NIT",50,"cliver",0.357118497500514
"4719",471.8,"Simu1","NIT",50,"cliver",0.342033549699397
"4720",471.9,"Simu1","NIT",50,"cliver",0.327378630249188
"4721",472,"Simu1","NIT",50,"cliver",0.313154839854327
"4722",472.1,"Simu1","NIT",50,"cliver",0.299362112721187
"4723",472.2,"Simu1","NIT",50,"cliver",0.28599934919024
"4724",472.3,"Simu1","NIT",50,"cliver",0.273064574831298
"4725",472.4,"Simu1","NIT",50,"cliver",0.260555074125212
"4726",472.5,"Simu1","NIT",50,"cliver",0.248467481743673
"4727",472.6,"Simu1","NIT",50,"cliver",0.236797863979737
"4728",472.7,"Simu1","NIT",50,"cliver",0.22554179270437
"4729",472.8,"Simu1","NIT",50,"cliver",0.214694382487994
"4730",472.9,"Simu1","NIT",50,"cliver",0.204250317415119
"4731",473,"Simu1","NIT",50,"cliver",0.19420388655328
"4732",473.1,"Simu1","NIT",50,"cliver",0.1845490134398
"4733",473.2,"Simu1","NIT",50,"cliver",0.175279271495124
"4734",473.3,"Simu1","NIT",50,"cliver",0.16638789108312
"4735",473.4,"Simu1","NIT",50,"cliver",0.157867757656058
"4736",473.5,"Simu1","NIT",50,"cliver",0.149711408563705
"4737",473.6,"Simu1","NIT",50,"cliver",0.14191103642714
"4738",473.7,"Simu1","NIT",50,"cliver",0.134458494022886
"4739",473.8,"Simu1","NIT",50,"cliver",0.127345292463813
"4740",473.9,"Simu1","NIT",50,"cliver",0.12056260338733
"4741",474,"Simu1","NIT",50,"cliver",0.115358200352209
"4742",474.1,"Simu1","NIT",50,"cliver",0.437001057139415
"4743",474.2,"Simu1","NIT",50,"cliver",0.60517276693732
"4744",474.3,"Simu1","NIT",50,"cliver",0.680675516489178
"4745",474.4,"Simu1","NIT",50,"cliver",0.728786159574102
"4746",474.5,"Simu1","NIT",50,"cliver",0.762565863298098
"4747",474.6,"Simu1","NIT",50,"cliver",0.78602558254537
"4748",474.7,"Simu1","NIT",50,"cliver",0.801222239825603
"4749",474.8,"Simu1","NIT",50,"cliver",0.809629604816074
"4750",474.9,"Simu1","NIT",50,"cliver",0.812431346111633
"4751",475,"Simu1","NIT",50,"cliver",0.810607113344277
"4752",475.1,"Simu1","NIT",50,"cliver",0.804976322423738
"4753",475.2,"Simu1","NIT",50,"cliver",0.796223148596701
"4754",475.3,"Simu1","NIT",50,"cliver",0.784922000686459
"4755",475.4,"Simu1","NIT",50,"cliver",0.771554234010654
"4756",475.5,"Simu1","NIT",50,"cliver",0.756524449194268
"4757",475.6,"Simu1","NIT",50,"cliver",0.740172639111897
"4758",475.7,"Simu1","NIT",50,"cliver",0.722784744865481
"4759",475.8,"Simu1","NIT",50,"cliver",0.704601580388733
"4760",475.9,"Simu1","NIT",50,"cliver",0.685825966471637
"4761",476,"Simu1","NIT",50,"cliver",0.666629007757647
"4762",476.1,"Simu1","NIT",50,"cliver",0.647154740741812
"4763",476.2,"Simu1","NIT",50,"cliver",0.627524758089691
"4764",476.3,"Simu1","NIT",50,"cliver",0.607841461030771
"4765",476.4,"Simu1","NIT",50,"cliver",0.588191168713845
"4766",476.5,"Simu1","NIT",50,"cliver",0.56864666302355
"4767",476.6,"Simu1","NIT",50,"cliver",0.549268987446031
"4768",476.7,"Simu1","NIT",50,"cliver",0.530109511931503
"4769",476.8,"Simu1","NIT",50,"cliver",0.511211072770513
"4770",476.9,"Simu1","NIT",50,"cliver",0.492609400806667
"4771",477,"Simu1","NIT",50,"cliver",0.474334193625461
"4772",477.1,"Simu1","NIT",50,"cliver",0.456409950891811
"4773",477.2,"Simu1","NIT",50,"cliver",0.438856683595684
"4774",477.3,"Simu1","NIT",50,"cliver",0.421690690897117
"4775",477.4,"Simu1","NIT",50,"cliver",0.404925045498673
"4776",477.5,"Simu1","NIT",50,"cliver",0.388569935462489
"4777",477.6,"Simu1","NIT",50,"cliver",0.372633067810237
"4778",477.7,"Simu1","NIT",50,"cliver",0.357120085342777
"4779",477.8,"Simu1","NIT",50,"cliver",0.3420348870461
"4780",477.9,"Simu1","NIT",50,"cliver",0.327379847405102
"4781",478,"Simu1","NIT",50,"cliver",0.313155998828157
"4782",478.1,"Simu1","NIT",50,"cliver",0.299363215116212
"4783",478.2,"Simu1","NIT",50,"cliver",0.286000382805991
"4784",478.3,"Simu1","NIT",50,"cliver",0.273065539966939
"4785",478.4,"Simu1","NIT",50,"cliver",0.260555982251601
"4786",478.5,"Simu1","NIT",50,"cliver",0.24846835133432
"4787",478.6,"Simu1","NIT",50,"cliver",0.236798711758487
"4788",478.7,"Simu1","NIT",50,"cliver",0.225542622958064
"4789",478.8,"Simu1","NIT",50,"cliver",0.214695189440195
"4790",478.9,"Simu1","NIT",50,"cliver",0.204251093498521
"4791",479,"Simu1","NIT",50,"cliver",0.194204628359895
"4792",479.1,"Simu1","NIT",50,"cliver",0.184549723710371
"4793",479.2,"Simu1","NIT",50,"cliver",0.175279954472877
"4794",479.3,"Simu1","NIT",50,"cliver",0.166388546560473
"4795",479.4,"Simu1","NIT",50,"cliver",0.157868382426027
"4796",479.5,"Simu1","NIT",50,"cliver",0.14971200287597
"4797",479.6,"Simu1","NIT",50,"cliver",0.141911603631283
"4798",479.7,"Simu1","NIT",50,"cliver",0.134459035319974
"4799",479.8,"Simu1","NIT",50,"cliver",0.12734579914284
"4800",479.9,"Simu1","NIT",50,"cliver",0.120563079119848
"4801",480,"Simu1","NIT",50,"cliver",0.115358644127888
"4802",480.1,"Simu1","NIT",50,"cliver",0.437000625086548
"4803",480.2,"Simu1","NIT",50,"cliver",0.605170653298805
"4804",480.3,"Simu1","NIT",50,"cliver",0.680671813815118
"4805",480.4,"Simu1","NIT",50,"cliver",0.728783273095022
"4806",480.5,"Simu1","NIT",50,"cliver",0.762563300282096
"4807",480.6,"Simu1","NIT",50,"cliver",0.786022943272955
"4808",480.7,"Simu1","NIT",50,"cliver",0.801219936183743
"4809",480.8,"Simu1","NIT",50,"cliver",0.809626982534106
"4810",480.9,"Simu1","NIT",50,"cliver",0.812428466099689
"4811",481,"Simu1","NIT",50,"cliver",0.810604498503945
"4812",481.1,"Simu1","NIT",50,"cliver",0.804973237303252
"4813",481.2,"Simu1","NIT",50,"cliver",0.796220099192985
"4814",481.3,"Simu1","NIT",50,"cliver",0.784918966384512
"4815",481.4,"Simu1","NIT",50,"cliver",0.771551146280954
"4816",481.5,"Simu1","NIT",50,"cliver",0.756521365467282
"4817",481.6,"Simu1","NIT",50,"cliver",0.740169513729526
"4818",481.7,"Simu1","NIT",50,"cliver",0.722781558983119
"4819",481.8,"Simu1","NIT",50,"cliver",0.704598312902999
"4820",481.9,"Simu1","NIT",50,"cliver",0.685822715647099
"4821",482,"Simu1","NIT",50,"cliver",0.666625742649888
"4822",482.1,"Simu1","NIT",50,"cliver",0.647151505208522
"4823",482.2,"Simu1","NIT",50,"cliver",0.627521496446896
"4824",482.3,"Simu1","NIT",50,"cliver",0.607838187107392
"4825",482.4,"Simu1","NIT",50,"cliver",0.588187954552025
"4826",482.5,"Simu1","NIT",50,"cliver",0.568643496132523
"4827",482.6,"Simu1","NIT",50,"cliver",0.549265901670024
"4828",482.7,"Simu1","NIT",50,"cliver",0.53010642654372
"4829",482.8,"Simu1","NIT",50,"cliver",0.511207968575813
"4830",482.9,"Simu1","NIT",50,"cliver",0.492606345288618
"4831",483,"Simu1","NIT",50,"cliver",0.474331183748673
"4832",483.1,"Simu1","NIT",50,"cliver",0.456407058668907
"4833",483.2,"Simu1","NIT",50,"cliver",0.438854033527325
"4834",483.3,"Simu1","NIT",50,"cliver",0.421688278985637
"4835",483.4,"Simu1","NIT",50,"cliver",0.404922819012506
"4836",483.5,"Simu1","NIT",50,"cliver",0.388567832787735
"4837",483.6,"Simu1","NIT",50,"cliver",0.372631014282268
"4838",483.7,"Simu1","NIT",50,"cliver",0.357118220226483
"4839",483.8,"Simu1","NIT",50,"cliver",0.342033088827488
"4840",483.9,"Simu1","NIT",50,"cliver",0.327378109711002
"4841",484,"Simu1","NIT",50,"cliver",0.313154342135451
"4842",484.1,"Simu1","NIT",50,"cliver",0.299361639504682
"4843",484.2,"Simu1","NIT",50,"cliver",0.285998910832886
"4844",484.3,"Simu1","NIT",50,"cliver",0.273064157189638
"4845",484.4,"Simu1","NIT",50,"cliver",0.260554691092089
"4846",484.5,"Simu1","NIT",50,"cliver",0.248467124552112
"4847",484.6,"Simu1","NIT",50,"cliver",0.236797559489486
"4848",484.7,"Simu1","NIT",50,"cliver",0.225541517304347
"4849",484.8,"Simu1","NIT",50,"cliver",0.214694148342385
"4850",484.9,"Simu1","NIT",50,"cliver",0.204250084508833
"4851",485,"Simu1","NIT",50,"cliver",0.194203681253097
"4852",485.1,"Simu1","NIT",50,"cliver",0.184548745642065
"4853",485.2,"Simu1","NIT",50,"cliver",0.175278977884539
"4854",485.3,"Simu1","NIT",50,"cliver",0.166387568794979
"4855",485.4,"Simu1","NIT",50,"cliver",0.157867475350201
"4856",485.5,"Simu1","NIT",50,"cliver",0.149711175736331
"4857",485.6,"Simu1","NIT",50,"cliver",0.141910775934722
"4858",485.7,"Simu1","NIT",50,"cliver",0.134458234897417
"4859",485.8,"Simu1","NIT",50,"cliver",0.127345039374058
"4860",485.9,"Simu1","NIT",50,"cliver",0.120562373074226
"4861",486,"Simu1","NIT",50,"cliver",0.115357993991185
"4862",486.1,"Simu1","NIT",50,"cliver",0.437000637421391
"4863",486.2,"Simu1","NIT",50,"cliver",0.605171576171875
"4864",486.3,"Simu1","NIT",50,"cliver",0.680672860620865
"4865",486.4,"Simu1","NIT",50,"cliver",0.728784175077039
"4866",486.5,"Simu1","NIT",50,"cliver",0.76256447809035
"4867",486.6,"Simu1","NIT",50,"cliver",0.786024277443864
"4868",486.7,"Simu1","NIT",50,"cliver",0.801221001057392
"4869",486.8,"Simu1","NIT",50,"cliver",0.809628150472432
"4870",486.9,"Simu1","NIT",50,"cliver",0.812429484925474
"4871",487,"Simu1","NIT",50,"cliver",0.810605779545309
"4872",487.1,"Simu1","NIT",50,"cliver",0.804974729772006
"4873",487.2,"Simu1","NIT",50,"cliver",0.796221531605589
"4874",487.3,"Simu1","NIT",50,"cliver",0.784920347112517
"4875",487.4,"Simu1","NIT",50,"cliver",0.771552558352436
"4876",487.5,"Simu1","NIT",50,"cliver",0.756522722919305
"4877",487.6,"Simu1","NIT",50,"cliver",0.74017082343378
"4878",487.7,"Simu1","NIT",50,"cliver",0.722782826343515
"4879",487.8,"Simu1","NIT",50,"cliver",0.704599545957983
"4880",487.9,"Simu1","NIT",50,"cliver",0.685823913949715
"4881",488,"Simu1","NIT",50,"cliver",0.666626938868871
"4882",488.1,"Simu1","NIT",50,"cliver",0.647152657744131
"4883",488.2,"Simu1","NIT",50,"cliver",0.627522695004173
"4884",488.3,"Simu1","NIT",50,"cliver",0.607839414028519
"4885",488.4,"Simu1","NIT",50,"cliver",0.588189209139157
"4886",488.5,"Simu1","NIT",50,"cliver",0.568644780544416
"4887",488.6,"Simu1","NIT",50,"cliver",0.549267188099754
"4888",488.7,"Simu1","NIT",50,"cliver",0.530107692457692
"4889",488.8,"Simu1","NIT",50,"cliver",0.511209220861389
"4890",488.9,"Simu1","NIT",50,"cliver",0.492607560607074
"4891",489,"Simu1","NIT",50,"cliver",0.474332404805167
"4892",489.1,"Simu1","NIT",50,"cliver",0.456408253258066
"4893",489.2,"Simu1","NIT",50,"cliver",0.438855164955713
"4894",489.3,"Simu1","NIT",50,"cliver",0.421689389398334
"4895",489.4,"Simu1","NIT",50,"cliver",0.404923904111494
"4896",489.5,"Simu1","NIT",50,"cliver",0.388568877210513
"4897",489.6,"Simu1","NIT",50,"cliver",0.37263206494189
"4898",489.7,"Simu1","NIT",50,"cliver",0.357119149410257
"4899",489.8,"Simu1","NIT",50,"cliver",0.342034025518154
"4900",489.9,"Simu1","NIT",50,"cliver",0.327379048096711
"4901",490,"Simu1","NIT",50,"cliver",0.313155245307308
"4902",490.1,"Simu1","NIT",50,"cliver",0.299362500933096
"4903",490.2,"Simu1","NIT",50,"cliver",0.285999709500307
"4904",490.3,"Simu1","NIT",50,"cliver",0.27306490713592
"4905",490.4,"Simu1","NIT",50,"cliver",0.260555385532396
"4906",490.5,"Simu1","NIT",50,"cliver",0.24846778576285
"4907",490.6,"Simu1","NIT",50,"cliver",0.236798176251526
"4908",490.7,"Simu1","NIT",50,"cliver",0.225542116508316
"4909",490.8,"Simu1","NIT",50,"cliver",0.214694708342041
"4910",490.9,"Simu1","NIT",50,"cliver",0.204250635736112
"4911",491,"Simu1","NIT",50,"cliver",0.194204194429531
"4912",491.1,"Simu1","NIT",50,"cliver",0.184549312505145
"4913",491.2,"Simu1","NIT",50,"cliver",0.1752795638531
"4914",491.3,"Simu1","NIT",50,"cliver",0.166388175565932
"4915",491.4,"Simu1","NIT",50,"cliver",0.15786803109372
"4916",491.5,"Simu1","NIT",50,"cliver",0.149711670112385
"4917",491.6,"Simu1","NIT",50,"cliver",0.141911288385478
"4918",491.7,"Simu1","NIT",50,"cliver",0.13445873658057
"4919",491.8,"Simu1","NIT",50,"cliver",0.127345525207872
"4920",491.9,"Simu1","NIT",50,"cliver",0.120562823884166
"4921",492,"Simu1","NIT",50,"cliver",0.115358383518352
"4922",492.1,"Simu1","NIT",50,"cliver",0.437001015173727
"4923",492.2,"Simu1","NIT",50,"cliver",0.605171663283455
"4924",492.3,"Simu1","NIT",50,"cliver",0.680673363860677
"4925",492.4,"Simu1","NIT",50,"cliver",0.728783912880558
"4926",492.5,"Simu1","NIT",50,"cliver",0.7625657678846
"4927",492.6,"Simu1","NIT",50,"cliver",0.78602540089225
"4928",492.7,"Simu1","NIT",50,"cliver",0.80122201162049
"4929",492.8,"Simu1","NIT",50,"cliver",0.809629244470891
"4930",492.9,"Simu1","NIT",50,"cliver",0.812430710078547
"4931",493,"Simu1","NIT",50,"cliver",0.810606704783026
"4932",493.1,"Simu1","NIT",50,"cliver",0.804975478185117
"4933",493.2,"Simu1","NIT",50,"cliver",0.796222372006092
"4934",493.3,"Simu1","NIT",50,"cliver",0.784921138795906
"4935",493.4,"Simu1","NIT",50,"cliver",0.771553181902136
"4936",493.5,"Simu1","NIT",50,"cliver",0.756523184568147
"4937",493.6,"Simu1","NIT",50,"cliver",0.740171257334074
"4938",493.7,"Simu1","NIT",50,"cliver",0.722783323996972
"4939",493.8,"Simu1","NIT",50,"cliver",0.704600048214582
"4940",493.9,"Simu1","NIT",50,"cliver",0.685824318413408
"4941",494,"Simu1","NIT",50,"cliver",0.666627219040204
"4942",494.1,"Simu1","NIT",50,"cliver",0.647152917980901
"4943",494.2,"Simu1","NIT",50,"cliver",0.627522953866254
"4944",494.3,"Simu1","NIT",50,"cliver",0.607839644599861
"4945",494.4,"Simu1","NIT",50,"cliver",0.588189548844961
"4946",494.5,"Simu1","NIT",50,"cliver",0.568644836628112
"4947",494.6,"Simu1","NIT",50,"cliver",0.549267393069481
"4948",494.7,"Simu1","NIT",50,"cliver",0.530107910475861
"4949",494.8,"Simu1","NIT",50,"cliver",0.511209250458252
"4950",494.9,"Simu1","NIT",50,"cliver",0.492607376546579
"4951",495,"Simu1","NIT",50,"cliver",0.47433208782957
"4952",495.1,"Simu1","NIT",50,"cliver",0.456408250118038
"4953",495.2,"Simu1","NIT",50,"cliver",0.438855552580915
"4954",495.3,"Simu1","NIT",50,"cliver",0.421689954828027
"4955",495.4,"Simu1","NIT",50,"cliver",0.404924475401216
"4956",495.5,"Simu1","NIT",50,"cliver",0.388569415766244
"4957",495.6,"Simu1","NIT",50,"cliver",0.372632591374918
"4958",495.7,"Simu1","NIT",50,"cliver",0.357119677944579
"4959",495.8,"Simu1","NIT",50,"cliver",0.342034555589374
"4960",495.9,"Simu1","NIT",50,"cliver",0.327379568856726
"4961",496,"Simu1","NIT",50,"cliver",0.313155747565287
"4962",496.1,"Simu1","NIT",50,"cliver",0.299362979932378
"4963",496.2,"Simu1","NIT",50,"cliver",0.286000159767346
"4964",496.3,"Simu1","NIT",50,"cliver",0.273065311395752
"4965",496.4,"Simu1","NIT",50,"cliver",0.260555731414114
"4966",496.5,"Simu1","NIT",50,"cliver",0.248468080806522
"4967",496.6,"Simu1","NIT",50,"cliver",0.23679843822912
"4968",496.7,"Simu1","NIT",50,"cliver",0.225542356779238
"4969",496.8,"Simu1","NIT",50,"cliver",0.214694928039278
"4970",496.9,"Simu1","NIT",50,"cliver",0.204250833155541
"4971",497,"Simu1","NIT",50,"cliver",0.194204371656803
"4972",497.1,"Simu1","NIT",50,"cliver",0.18454947410369
"4973",497.2,"Simu1","NIT",50,"cliver",0.175279712601861
"4974",497.3,"Simu1","NIT",50,"cliver",0.166388311857537
"4975",497.4,"Simu1","NIT",50,"cliver",0.157868155228138
"4976",497.5,"Simu1","NIT",50,"cliver",0.149711783522259
"4977",497.6,"Simu1","NIT",50,"cliver",0.141911392427963
"4978",497.7,"Simu1","NIT",50,"cliver",0.134458832437082
"4979",497.8,"Simu1","NIT",50,"cliver",0.127345612711389
"4980",497.9,"Simu1","NIT",50,"cliver",0.12056290632984
"4981",498,"Simu1","NIT",50,"cliver",0.115358510375942
"4982",498.1,"Simu1","NIT",50,"cliver",0.437000787465519
"4983",498.2,"Simu1","NIT",50,"cliver",0.605171002264446
"4984",498.3,"Simu1","NIT",50,"cliver",0.680672281281957
"4985",498.4,"Simu1","NIT",50,"cliver",0.728783982695465
"4986",498.5,"Simu1","NIT",50,"cliver",0.762564240699192
"4987",498.6,"Simu1","NIT",50,"cliver",0.78602413177328
"4988",498.7,"Simu1","NIT",50,"cliver",0.801220914724037
"4989",498.8,"Simu1","NIT",50,"cliver",0.8096280395598
"4990",498.9,"Simu1","NIT",50,"cliver",0.812429533138242
"4991",499,"Simu1","NIT",50,"cliver",0.810605789088283
"4992",499.1,"Simu1","NIT",50,"cliver",0.804974958672393
"4993",499.2,"Simu1","NIT",50,"cliver",0.796221697592397
"4994",499.3,"Simu1","NIT",50,"cliver",0.784920141203812
"4995",499.4,"Simu1","NIT",50,"cliver",0.7715523644002
"4996",499.5,"Simu1","NIT",50,"cliver",0.756522572777731
"4997",499.6,"Simu1","NIT",50,"cliver",0.740170543509978
"4998",499.7,"Simu1","NIT",50,"cliver",0.722782483671385
"4999",499.8,"Simu1","NIT",50,"cliver",0.704599278086383
"5000",499.9,"Simu1","NIT",50,"cliver",0.685823713777553
"5001",500,"Simu1","NIT",50,"cliver",0.666626649930359
"5002",500.1,"Simu1","NIT",50,"cliver",0.647152261884707
"5003",500.2,"Simu1","NIT",50,"cliver",0.627522166447473
"5004",500.3,"Simu1","NIT",50,"cliver",0.607838878305363
"5005",500.4,"Simu1","NIT",50,"cliver",0.588188660151867
"5006",500.5,"Simu1","NIT",50,"cliver",0.568644260098535
"5007",500.6,"Simu1","NIT",50,"cliver",0.549266807541291
"5008",500.7,"Simu1","NIT",50,"cliver",0.530107085213928
"5009",500.8,"Simu1","NIT",50,"cliver",0.511208602583986
"5010",500.9,"Simu1","NIT",50,"cliver",0.492607157949155
"5011",501,"Simu1","NIT",50,"cliver",0.474331886045356
"5012",501.1,"Simu1","NIT",50,"cliver",0.456407664086237
"5013",501.2,"Simu1","NIT",50,"cliver",0.43885472828519
"5014",501.3,"Simu1","NIT",50,"cliver",0.421688895497839
"5015",501.4,"Simu1","NIT",50,"cliver",0.404923448898357
"5016",501.5,"Simu1","NIT",50,"cliver",0.388568445248051
"5017",501.6,"Simu1","NIT",50,"cliver",0.372631640755226
"5018",501.7,"Simu1","NIT",50,"cliver",0.357118742559326
"5019",501.8,"Simu1","NIT",50,"cliver",0.342033646638949
"5020",501.9,"Simu1","NIT",50,"cliver",0.327378672010251
"5021",502,"Simu1","NIT",50,"cliver",0.313154888479985
"5022",502.1,"Simu1","NIT",50,"cliver",0.299362205780038
"5023",502.2,"Simu1","NIT",50,"cliver",0.285999357435673
"5024",502.3,"Simu1","NIT",50,"cliver",0.273064501132312
"5025",502.4,"Simu1","NIT",50,"cliver",0.260554999567375
"5026",502.5,"Simu1","NIT",50,"cliver",0.248467454895924
"5027",502.6,"Simu1","NIT",50,"cliver",0.236797866573875
"5028",502.7,"Simu1","NIT",50,"cliver",0.225541834991859
"5029",502.8,"Simu1","NIT",50,"cliver",0.214694445250233
"5030",502.9,"Simu1","NIT",50,"cliver",0.204250385225907
"5031",503,"Simu1","NIT",50,"cliver",0.194203959825731
"5032",503.1,"Simu1","NIT",50,"cliver",0.184549091773642
"5033",503.2,"Simu1","NIT",50,"cliver",0.175279351434695
"5034",503.3,"Simu1","NIT",50,"cliver",0.166387969526546
"5035",503.4,"Simu1","NIT",50,"cliver",0.157867832555208
"5036",503.5,"Simu1","NIT",50,"cliver",0.149711478136956
"5037",503.6,"Simu1","NIT",50,"cliver",0.141911103239829
"5038",503.7,"Simu1","NIT",50,"cliver",0.13445855560321
"5039",503.8,"Simu1","NIT",50,"cliver",0.127345353594575
"5040",503.9,"Simu1","NIT",50,"cliver",0.120562658857743
"5041",504,"Simu1","NIT",50,"cliver",0.115358247272643
"5042",504.1,"Simu1","NIT",50,"cliver",0.437001015819957
"5043",504.2,"Simu1","NIT",50,"cliver",0.605172983788669
"5044",504.3,"Simu1","NIT",50,"cliver",0.680674072799004
"5045",504.4,"Simu1","NIT",50,"cliver",0.728785762581484
"5046",504.5,"Simu1","NIT",50,"cliver",0.762566303146649
"5047",504.6,"Simu1","NIT",50,"cliver",0.786026460491861
"5048",504.7,"Simu1","NIT",50,"cliver",0.801223185833549
"5049",504.8,"Simu1","NIT",50,"cliver",0.809630466079604
"5050",504.9,"Simu1","NIT",50,"cliver",0.812431927447353
"5051",505,"Simu1","NIT",50,"cliver",0.810607919960891
"5052",505.1,"Simu1","NIT",50,"cliver",0.804976734183401
"5053",505.2,"Simu1","NIT",50,"cliver",0.796223680422122
"5054",505.3,"Simu1","NIT",50,"cliver",0.784922413744022
"5055",505.4,"Simu1","NIT",50,"cliver",0.771554547721819
"5056",505.5,"Simu1","NIT",50,"cliver",0.75652469322294
"5057",505.6,"Simu1","NIT",50,"cliver",0.740172794349668
"5058",505.7,"Simu1","NIT",50,"cliver",0.722784744177722
"5059",505.8,"Simu1","NIT",50,"cliver",0.704601375504586
"5060",505.9,"Simu1","NIT",50,"cliver",0.685825657663163
"5061",506,"Simu1","NIT",50,"cliver",0.666628599109447
"5062",506.1,"Simu1","NIT",50,"cliver",0.647154301004824
"5063",506.2,"Simu1","NIT",50,"cliver",0.627524267556344
"5064",506.3,"Simu1","NIT",50,"cliver",0.607840942186803
"5065",506.4,"Simu1","NIT",50,"cliver",0.588190679232975
"5066",506.5,"Simu1","NIT",50,"cliver",0.568646174932634
"5067",506.6,"Simu1","NIT",50,"cliver",0.549268527550733
"5068",506.7,"Simu1","NIT",50,"cliver",0.530108995314549
"5069",506.8,"Simu1","NIT",50,"cliver",0.511210481460297
"5070",506.9,"Simu1","NIT",50,"cliver",0.492608771193905
"5071",507,"Simu1","NIT",50,"cliver",0.474333569102223
"5072",507.1,"Simu1","NIT",50,"cliver",0.456409378240474
"5073",507.2,"Simu1","NIT",50,"cliver",0.438856253423151
"5074",507.3,"Simu1","NIT",50,"cliver",0.421690439845327
"5075",507.4,"Simu1","NIT",50,"cliver",0.404924916162941
"5076",507.5,"Simu1","NIT",50,"cliver",0.388569852581135
"5077",507.6,"Simu1","NIT",50,"cliver",0.372633006349771
"5078",507.7,"Simu1","NIT",50,"cliver",0.357120058660192
"5079",507.8,"Simu1","NIT",50,"cliver",0.342034902449073
"5080",507.9,"Simu1","NIT",50,"cliver",0.327379892514834
"5081",508,"Simu1","NIT",50,"cliver",0.313156058237204
"5082",508.1,"Simu1","NIT",50,"cliver",0.299363283521626
"5083",508.2,"Simu1","NIT",50,"cliver",0.286000461808318
"5084",508.3,"Simu1","NIT",50,"cliver",0.273065629710198
"5085",508.4,"Simu1","NIT",50,"cliver",0.26055607936792
"5086",508.5,"Simu1","NIT",50,"cliver",0.248468451818493
"5087",508.6,"Simu1","NIT",50,"cliver",0.23679881511531
"5088",508.7,"Simu1","NIT",50,"cliver",0.225542728707143
"5089",508.8,"Simu1","NIT",50,"cliver",0.214695294631854
"5090",508.9,"Simu1","NIT",50,"cliver",0.204251196891314
"5091",509,"Simu1","NIT",50,"cliver",0.194204731079836
"5092",509.1,"Simu1","NIT",50,"cliver",0.184549825229017
"5093",509.2,"Simu1","NIT",50,"cliver",0.175280053365937
"5094",509.3,"Simu1","NIT",50,"cliver",0.166388642496103
"5095",509.4,"Simu1","NIT",50,"cliver",0.157868476216798
"5096",509.5,"Simu1","NIT",50,"cliver",0.149712093762161
"5097",509.6,"Simu1","NIT",50,"cliver",0.141911691954974
"5098",509.7,"Simu1","NIT",50,"cliver",0.134459121730521
"5099",509.8,"Simu1","NIT",50,"cliver",0.127345890475157
"5100",509.9,"Simu1","NIT",50,"cliver",0.120563171782761
"5101",510,"Simu1","NIT",50,"cliver",0.115358755570269
"5102",510.1,"Simu1","NIT",50,"cliver",0.437001609135272
"5103",510.2,"Simu1","NIT",50,"cliver",0.605172148881793
"5104",510.3,"Simu1","NIT",50,"cliver",0.680674198075573
"5105",510.4,"Simu1","NIT",50,"cliver",0.728786023688221
"5106",510.5,"Simu1","NIT",50,"cliver",0.762565616891399
"5107",510.6,"Simu1","NIT",50,"cliver",0.786024973509953
"5108",510.7,"Simu1","NIT",50,"cliver",0.80122222720838
"5109",510.8,"Simu1","NIT",50,"cliver",0.809629422676299
"5110",510.9,"Simu1","NIT",50,"cliver",0.812430973594099
"5111",511,"Simu1","NIT",50,"cliver",0.810607189060124
"5112",511.1,"Simu1","NIT",50,"cliver",0.804976139412068
"5113",511.2,"Simu1","NIT",50,"cliver",0.796222795961803
"5114",511.3,"Simu1","NIT",50,"cliver",0.784921603690763
"5115",511.4,"Simu1","NIT",50,"cliver",0.771553862543242
"5116",511.5,"Simu1","NIT",50,"cliver",0.756523967147067
"5117",511.6,"Simu1","NIT",50,"cliver",0.740172070562378
"5118",511.7,"Simu1","NIT",50,"cliver",0.722784131201413
"5119",511.8,"Simu1","NIT",50,"cliver",0.704600862831262
"5120",511.9,"Simu1","NIT",50,"cliver",0.685825136797078
"5121",512,"Simu1","NIT",50,"cliver",0.666628020752132
"5122",512.1,"Simu1","NIT",50,"cliver",0.647153702175749
"5123",512.2,"Simu1","NIT",50,"cliver",0.627523685912826
"5124",512.3,"Simu1","NIT",50,"cliver",0.607840392030934
"5125",512.4,"Simu1","NIT",50,"cliver",0.588190139039406
"5126",512.5,"Simu1","NIT",50,"cliver",0.568645627647139
"5127",512.6,"Simu1","NIT",50,"cliver",0.54926797661183
"5128",512.7,"Simu1","NIT",50,"cliver",0.530108452609442
"5129",512.8,"Simu1","NIT",50,"cliver",0.511209951859905
"5130",512.9,"Simu1","NIT",50,"cliver",0.492608252145482
"5131",513,"Simu1","NIT",50,"cliver",0.474333057998659
"5132",513.1,"Simu1","NIT",50,"cliver",0.45640887656521
"5133",513.2,"Simu1","NIT",50,"cliver",0.438855763811933
"5134",513.3,"Simu1","NIT",50,"cliver",0.421689963675606
"5135",513.4,"Simu1","NIT",50,"cliver",0.404924452696942
"5136",513.5,"Simu1","NIT",50,"cliver",0.388569401648704
"5137",513.6,"Simu1","NIT",50,"cliver",0.372632567797856
"5138",513.7,"Simu1","NIT",50,"cliver",0.357119632186599
"5139",513.8,"Simu1","NIT",50,"cliver",0.342034489730986
"5140",513.9,"Simu1","NIT",50,"cliver",0.327379494064173
"5141",514,"Simu1","NIT",50,"cliver",0.313155672625307
"5142",514.1,"Simu1","NIT",50,"cliver",0.29936291025945
"5143",514.2,"Simu1","NIT",50,"cliver",0.286000101677098
"5144",514.3,"Simu1","NIT",50,"cliver",0.273065282760579
"5145",514.4,"Simu1","NIT",50,"cliver",0.260555744844304
"5146",514.5,"Simu1","NIT",50,"cliver",0.248468129456057
"5147",514.6,"Simu1","NIT",50,"cliver",0.236798505060126
"5148",514.7,"Simu1","NIT",50,"cliver",0.225542430803813
"5149",514.8,"Simu1","NIT",50,"cliver",0.214695008435469
"5150",514.9,"Simu1","NIT",50,"cliver",0.204250922186775
"5151",515,"Simu1","NIT",50,"cliver",0.194204467702442
"5152",515.1,"Simu1","NIT",50,"cliver",0.184549573037028
"5153",515.2,"Simu1","NIT",50,"cliver",0.175279811885978
"5154",515.3,"Simu1","NIT",50,"cliver",0.166388411770126
"5155",515.4,"Simu1","NIT",50,"cliver",0.15786825541987
"5156",515.5,"Simu1","NIT",50,"cliver",0.149711883910675
"5157",515.6,"Simu1","NIT",50,"cliver",0.141911489895948
"5158",515.7,"Simu1","NIT",50,"cliver",0.134458931150208
"5159",515.8,"Simu1","NIT",50,"cliver",0.127345716895342
"5160",515.9,"Simu1","NIT",50,"cliver",0.120563008076095
"5161",516,"Simu1","NIT",50,"cliver",0.115358569281657
"5162",516.1,"Simu1","NIT",50,"cliver",0.437000778302907
"5163",516.2,"Simu1","NIT",50,"cliver",0.605171029517488
"5164",516.3,"Simu1","NIT",50,"cliver",0.680672386351339
"5165",516.4,"Simu1","NIT",50,"cliver",0.728783462999168
"5166",516.5,"Simu1","NIT",50,"cliver",0.76256366953878
"5167",516.6,"Simu1","NIT",50,"cliver",0.78602371945939
"5168",516.7,"Simu1","NIT",50,"cliver",0.80122032423909
"5169",516.8,"Simu1","NIT",50,"cliver",0.809627480131136
"5170",516.9,"Simu1","NIT",50,"cliver",0.812428903015283
"5171",517,"Simu1","NIT",50,"cliver",0.810604885970622
"5172",517.1,"Simu1","NIT",50,"cliver",0.804973644429503
"5173",517.2,"Simu1","NIT",50,"cliver",0.796220557591367
"5174",517.3,"Simu1","NIT",50,"cliver",0.78491933516093
"5175",517.4,"Simu1","NIT",50,"cliver",0.771551469778907
"5176",517.5,"Simu1","NIT",50,"cliver",0.756521632684351
"5177",517.6,"Simu1","NIT",50,"cliver",0.740169768774858
"5178",517.7,"Simu1","NIT",50,"cliver",0.722781779574196
"5179",517.8,"Simu1","NIT",50,"cliver",0.70459845857067
"5180",517.9,"Simu1","NIT",50,"cliver",0.685822775657629
"5181",518,"Simu1","NIT",50,"cliver",0.666625760266332
"5182",518.1,"Simu1","NIT",50,"cliver",0.647151521784958
"5183",518.2,"Simu1","NIT",50,"cliver",0.627521555672728
"5184",518.3,"Simu1","NIT",50,"cliver",0.607838300065449
"5185",518.4,"Simu1","NIT",50,"cliver",0.588188105418482
"5186",518.5,"Simu1","NIT",50,"cliver",0.568643668710787
"5187",518.6,"Simu1","NIT",50,"cliver",0.549266089122717
"5188",518.7,"Simu1","NIT",50,"cliver",0.530106625456579
"5189",518.8,"Simu1","NIT",50,"cliver",0.51120817986622
"5190",518.9,"Simu1","NIT",50,"cliver",0.492606537239318
"5191",519,"Simu1","NIT",50,"cliver",0.4743314018081
"5192",519.1,"Simu1","NIT",50,"cliver",0.456407277216956
"5193",519.2,"Simu1","NIT",50,"cliver",0.438854217839674
"5194",519.3,"Simu1","NIT",50,"cliver",0.42168846912514
"5195",519.4,"Simu1","NIT",50,"cliver",0.404923009049636
"5196",519.5,"Simu1","NIT",50,"cliver",0.388568008400126
"5197",519.6,"Simu1","NIT",50,"cliver",0.37263122369553
"5198",519.7,"Simu1","NIT",50,"cliver",0.357118336114387
"5199",519.8,"Simu1","NIT",50,"cliver",0.342033239667923
"5200",519.9,"Simu1","NIT",50,"cliver",0.327378288540245
"5201",520,"Simu1","NIT",50,"cliver",0.31315451180673
"5202",520.1,"Simu1","NIT",50,"cliver",0.299361793279963
"5203",520.2,"Simu1","NIT",50,"cliver",0.285999026714731
"5204",520.3,"Simu1","NIT",50,"cliver",0.273064248787598
"5205",520.4,"Simu1","NIT",50,"cliver",0.260554751388269
"5206",520.5,"Simu1","NIT",50,"cliver",0.24846717553842
"5207",520.6,"Simu1","NIT",50,"cliver",0.23679758945073
"5208",520.7,"Simu1","NIT",50,"cliver",0.225541552580002
"5209",520.8,"Simu1","NIT",50,"cliver",0.214694166856938
"5210",520.9,"Simu1","NIT",50,"cliver",0.204250116308498
"5211",521,"Simu1","NIT",50,"cliver",0.194203696564012
"5212",521.1,"Simu1","NIT",50,"cliver",0.184548835689903
"5213",521.2,"Simu1","NIT",50,"cliver",0.175279107603298
"5214",521.3,"Simu1","NIT",50,"cliver",0.166387739446436
"5215",521.4,"Simu1","NIT",50,"cliver",0.157867614555845
"5216",521.5,"Simu1","NIT",50,"cliver",0.149711272721309
"5217",521.6,"Simu1","NIT",50,"cliver",0.141910909463902
"5218",521.7,"Simu1","NIT",50,"cliver",0.134458375978864
"5219",521.8,"Simu1","NIT",50,"cliver",0.127345181340868
"5220",521.9,"Simu1","NIT",50,"cliver",0.120562506000225
"5221",522,"Simu1","NIT",50,"cliver",0.115358060182401
"5222",522.1,"Simu1","NIT",50,"cliver",0.437000902218807
"5223",522.2,"Simu1","NIT",50,"cliver",0.605171430359018
"5224",522.3,"Simu1","NIT",50,"cliver",0.6806740340613
"5225",522.4,"Simu1","NIT",50,"cliver",0.728784769555973
"5226",522.5,"Simu1","NIT",50,"cliver",0.76256507347214
"5227",522.6,"Simu1","NIT",50,"cliver",0.786025158291872
"5228",522.7,"Simu1","NIT",50,"cliver",0.801221843991394
"5229",522.8,"Simu1","NIT",50,"cliver",0.809629032362687
"5230",522.9,"Simu1","NIT",50,"cliver",0.81243067723374
"5231",523,"Simu1","NIT",50,"cliver",0.810606883627069
"5232",523.1,"Simu1","NIT",50,"cliver",0.804975944560467
"5233",523.2,"Simu1","NIT",50,"cliver",0.796222518622388
"5234",523.3,"Simu1","NIT",50,"cliver",0.784921174997507
"5235",523.4,"Simu1","NIT",50,"cliver",0.771553479946041
"5236",523.5,"Simu1","NIT",50,"cliver",0.756523548147765
"5237",523.6,"Simu1","NIT",50,"cliver",0.740171536637279
"5238",523.7,"Simu1","NIT",50,"cliver",0.722783552298401
"5239",523.8,"Simu1","NIT",50,"cliver",0.704600365166236
"5240",523.9,"Simu1","NIT",50,"cliver",0.685824704397407
"5241",524,"Simu1","NIT",50,"cliver",0.666627551775806
"5242",524.1,"Simu1","NIT",50,"cliver",0.64715316647997
"5243",524.2,"Simu1","NIT",50,"cliver",0.627523100866996
"5244",524.3,"Simu1","NIT",50,"cliver",0.607839811546526
"5245",524.4,"Simu1","NIT",50,"cliver",0.588189583182315
"5246",524.5,"Simu1","NIT",50,"cliver",0.568645115999702
"5247",524.6,"Simu1","NIT",50,"cliver",0.549267553105636
"5248",524.7,"Simu1","NIT",50,"cliver",0.530108073486521
"5249",524.8,"Simu1","NIT",50,"cliver",0.511209466537069
"5250",524.9,"Simu1","NIT",50,"cliver",0.492607633229964
"5251",525,"Simu1","NIT",50,"cliver",0.474332331709834
"5252",525.1,"Simu1","NIT",50,"cliver",0.456408431890411
"5253",525.2,"Simu1","NIT",50,"cliver",0.438855694334055
"5254",525.3,"Simu1","NIT",50,"cliver",0.421690084126893
"5255",525.4,"Simu1","NIT",50,"cliver",0.404924601363384
"5256",525.5,"Simu1","NIT",50,"cliver",0.38856953551471
"5257",525.6,"Simu1","NIT",50,"cliver",0.372632702047795
"5258",525.7,"Simu1","NIT",50,"cliver",0.357119779748514
"5259",525.8,"Simu1","NIT",50,"cliver",0.342034650342833
"5260",525.9,"Simu1","NIT",50,"cliver",0.32737965811802
"5261",526,"Simu1","NIT",50,"cliver",0.313155831963431
"5262",526.1,"Simu1","NIT",50,"cliver",0.299363059659783
"5263",526.2,"Simu1","NIT",50,"cliver",0.28600023536189
"5264",526.3,"Simu1","NIT",50,"cliver",0.273065383359268
"5265",526.4,"Simu1","NIT",50,"cliver",0.260555799696586
"5266",526.5,"Simu1","NIT",50,"cliver",0.248468145187785
"5267",526.6,"Simu1","NIT",50,"cliver",0.236798498879044
"5268",526.7,"Simu1","NIT",50,"cliver",0.225542414139976
"5269",526.8,"Simu1","NIT",50,"cliver",0.21469498244281
"5270",526.9,"Simu1","NIT",50,"cliver",0.204250884747547
"5271",527,"Simu1","NIT",50,"cliver",0.194204420489773
"5272",527.1,"Simu1","NIT",50,"cliver",0.184549520271121
"5273",527.2,"Simu1","NIT",50,"cliver",0.175279756283436
"5274",527.3,"Simu1","NIT",50,"cliver",0.166388353215217
"5275",527.4,"Simu1","NIT",50,"cliver",0.157868194346825
"5276",527.5,"Simu1","NIT",50,"cliver",0.14971182047403
"5277",527.6,"Simu1","NIT",50,"cliver",0.141911427314871
"5278",527.7,"Simu1","NIT",50,"cliver",0.1344588653703
"5279",527.8,"Simu1","NIT",50,"cliver",0.127345643777222
"5280",527.9,"Simu1","NIT",50,"cliver",0.120562935656774
"5281",528,"Simu1","NIT",50,"cliver",0.115358507339057
"5282",528.1,"Simu1","NIT",50,"cliver",0.437001146257723
"5283",528.2,"Simu1","NIT",50,"cliver",0.605171800819548
"5284",528.3,"Simu1","NIT",50,"cliver",0.680673514703356
"5285",528.4,"Simu1","NIT",50,"cliver",0.728784057848556
"5286",528.5,"Simu1","NIT",50,"cliver",0.762565910038774
"5287",528.6,"Simu1","NIT",50,"cliver",0.786025540137774
"5288",528.7,"Simu1","NIT",50,"cliver",0.801222153465254
"5289",528.8,"Simu1","NIT",50,"cliver",0.809629379982194
"5290",528.9,"Simu1","NIT",50,"cliver",0.81243084850393
"5291",529,"Simu1","NIT",50,"cliver",0.810606843850487
"5292",529.1,"Simu1","NIT",50,"cliver",0.804975612597619
"5293",529.2,"Simu1","NIT",50,"cliver",0.796222499222661
"5294",529.3,"Simu1","NIT",50,"cliver",0.784921266858849
"5295",529.4,"Simu1","NIT",50,"cliver",0.77155330928713
"5296",529.5,"Simu1","NIT",50,"cliver",0.756523305008728
"5297",529.6,"Simu1","NIT",50,"cliver",0.740171371007669
"5298",529.7,"Simu1","NIT",50,"cliver",0.722783433159239
"5299",529.8,"Simu1","NIT",50,"cliver",0.704600153782236
"5300",529.9,"Simu1","NIT",50,"cliver",0.685824422487003
"5301",530,"Simu1","NIT",50,"cliver",0.666627320370837
"5302",530.1,"Simu1","NIT",50,"cliver",0.647153014364021
"5303",530.2,"Simu1","NIT",50,"cliver",0.627523045887634
"5304",530.3,"Simu1","NIT",50,"cliver",0.607839735315227
"5305",530.4,"Simu1","NIT",50,"cliver",0.588189633234854
"5306",530.5,"Simu1","NIT",50,"cliver",0.568644889930035
"5307",530.6,"Simu1","NIT",50,"cliver",0.549267473833192
"5308",530.7,"Simu1","NIT",50,"cliver",0.530107993313658
"5309",530.8,"Simu1","NIT",50,"cliver",0.511209334949147
"5310",530.9,"Simu1","NIT",50,"cliver",0.492607448129631
"5311",531,"Simu1","NIT",50,"cliver",0.474332152640606
"5312",531.1,"Simu1","NIT",50,"cliver",0.456408298732532
"5313",531.2,"Simu1","NIT",50,"cliver",0.438855600739648
"5314",531.3,"Simu1","NIT",50,"cliver",0.421690009967959
"5315",531.4,"Simu1","NIT",50,"cliver",0.404924532390921
"5316",531.5,"Simu1","NIT",50,"cliver",0.388569470233796
"5317",531.6,"Simu1","NIT",50,"cliver",0.372632642740357
"5318",531.7,"Simu1","NIT",50,"cliver",0.357119726835141
"5319",531.8,"Simu1","NIT",50,"cliver",0.342034602768551
"5320",531.9,"Simu1","NIT",50,"cliver",0.327379614600848
"5321",532,"Simu1","NIT",50,"cliver",0.313155791769058
"5322",532.1,"Simu1","NIT",50,"cliver",0.299363022413148
"5323",532.2,"Simu1","NIT",50,"cliver",0.28600020127552
"5324",532.3,"Simu1","NIT",50,"cliver",0.27306535238431
"5325",532.4,"Simu1","NIT",50,"cliver",0.26055577118055
"5326",532.5,"Simu1","NIT",50,"cliver",0.248468118401367
"5327",532.6,"Simu1","NIT",50,"cliver",0.236798473578861
"5328",532.7,"Simu1","NIT",50,"cliver",0.225542390418668
"5329",532.8,"Simu1","NIT",50,"cliver",0.21469496035217
"5330",532.9,"Simu1","NIT",50,"cliver",0.20425086410754
"5331",533,"Simu1","NIT",50,"cliver",0.194204401067489
"5332",533.1,"Simu1","NIT",50,"cliver",0.184549501984944
"5333",533.2,"Simu1","NIT",50,"cliver",0.175279739125545
"5334",533.3,"Simu1","NIT",50,"cliver",0.166388337133126
"5335",533.4,"Simu1","NIT",50,"cliver",0.157868179248069
"5336",533.5,"Simu1","NIT",50,"cliver",0.149711806282049
"5337",533.6,"Simu1","NIT",50,"cliver",0.141911413984612
"5338",533.7,"Simu1","NIT",50,"cliver",0.134458852861317
"5339",533.8,"Simu1","NIT",50,"cliver",0.127345632047751
"5340",533.9,"Simu1","NIT",50,"cliver",0.120562924695754
"5341",534,"Simu1","NIT",50,"cliver",0.115358520949191
"5342",534.1,"Simu1","NIT",50,"cliver",0.437001387765978
"5343",534.2,"Simu1","NIT",50,"cliver",0.605171928166201
"5344",534.3,"Simu1","NIT",50,"cliver",0.680674777136399
"5345",534.4,"Simu1","NIT",50,"cliver",0.72878534401258
"5346",534.5,"Simu1","NIT",50,"cliver",0.762565835316529
"5347",534.6,"Simu1","NIT",50,"cliver",0.786025283884169
"5348",534.7,"Simu1","NIT",50,"cliver",0.801222494133884
"5349",534.8,"Simu1","NIT",50,"cliver",0.809629570130276
"5350",534.9,"Simu1","NIT",50,"cliver",0.81243100914332
"5351",535,"Simu1","NIT",50,"cliver",0.810606781065338
"5352",535.1,"Simu1","NIT",50,"cliver",0.804975752197429
"5353",535.2,"Simu1","NIT",50,"cliver",0.796222759220584
"5354",535.3,"Simu1","NIT",50,"cliver",0.784921439009791
"5355",535.4,"Simu1","NIT",50,"cliver",0.771553640715448
"5356",535.5,"Simu1","NIT",50,"cliver",0.756523845221792
"5357",535.6,"Simu1","NIT",50,"cliver",0.740171883114097
"5358",535.7,"Simu1","NIT",50,"cliver",0.722783782440181
"5359",535.8,"Simu1","NIT",50,"cliver",0.70460046152548
"5360",535.9,"Simu1","NIT",50,"cliver",0.685824821617696
"5361",536,"Simu1","NIT",50,"cliver",0.666627802985767
"5362",536.1,"Simu1","NIT",50,"cliver",0.647153522847301
"5363",536.2,"Simu1","NIT",50,"cliver",0.627523483306916
"5364",536.3,"Simu1","NIT",50,"cliver",0.607840162756499
"5365",536.4,"Simu1","NIT",50,"cliver",0.588189921002596
"5366",536.5,"Simu1","NIT",50,"cliver",0.568645441305235
"5367",536.6,"Simu1","NIT",50,"cliver",0.549267813536281
"5368",536.7,"Simu1","NIT",50,"cliver",0.53010829776414
"5369",536.8,"Simu1","NIT",50,"cliver",0.511209801854651
"5370",536.9,"Simu1","NIT",50,"cliver",0.492608112115639
"5371",537,"Simu1","NIT",50,"cliver",0.474332931004233
"5372",537.1,"Simu1","NIT",50,"cliver",0.456408759967581
"5373",537.2,"Simu1","NIT",50,"cliver",0.438855654035225
"5374",537.3,"Simu1","NIT",50,"cliver",0.421689859134094
"5375",537.4,"Simu1","NIT",50,"cliver",0.404924354564838
"5376",537.5,"Simu1","NIT",50,"cliver",0.388569309573422
"5377",537.6,"Simu1","NIT",50,"cliver",0.372632479729493
"5378",537.7,"Simu1","NIT",50,"cliver",0.357119550172827
"5379",537.8,"Simu1","NIT",50,"cliver",0.342034412318505
"5380",537.9,"Simu1","NIT",50,"cliver",0.327379421112142
"5381",538,"Simu1","NIT",50,"cliver",0.313155603271824
"5382",538.1,"Simu1","NIT",50,"cliver",0.299362844140671
"5383",538.2,"Simu1","NIT",50,"cliver",0.286000039336566
"5384",538.3,"Simu1","NIT",50,"cliver",0.273065223810557
"5385",538.4,"Simu1","NIT",50,"cliver",0.260555688477901
"5386",538.5,"Simu1","NIT",50,"cliver",0.24846807571584
"5387",538.6,"Simu1","NIT",50,"cliver",0.23679845418617
"5388",538.7,"Simu1","NIT",50,"cliver",0.225542382463024
"5389",538.8,"Simu1","NIT",50,"cliver",0.214694962318045
"5390",538.9,"Simu1","NIT",50,"cliver",0.204250878271433
"5391",539,"Simu1","NIT",50,"cliver",0.194204426081938
"5392",539.1,"Simu1","NIT",50,"cliver",0.184549533413887
"5393",539.2,"Simu1","NIT",50,"cliver",0.175279774363769
"5394",539.3,"Simu1","NIT",50,"cliver",0.166388375806718
"5395",539.4,"Simu1","NIT",50,"cliver",0.157868222045637
"5396",539.5,"Simu1","NIT",50,"cliver",0.149711850696397
"5397",539.6,"Simu1","NIT",50,"cliver",0.141911454174774
"5398",539.7,"Simu1","NIT",50,"cliver",0.134458891227832
"5399",539.8,"Simu1","NIT",50,"cliver",0.127345675293469
"5400",539.9,"Simu1","NIT",50,"cliver",0.120562973356039
"5401",540,"Simu1","NIT",50,"cliver",0.115358503582768
"5402",540.1,"Simu1","NIT",50,"cliver",0.437000864463644
"5403",540.2,"Simu1","NIT",50,"cliver",0.605171440988039
"5404",540.3,"Simu1","NIT",50,"cliver",0.680672348708428
"5405",540.4,"Simu1","NIT",50,"cliver",0.728783736278949
"5406",540.5,"Simu1","NIT",50,"cliver",0.762564761924451
"5407",540.6,"Simu1","NIT",50,"cliver",0.786023498393458
"5408",540.7,"Simu1","NIT",50,"cliver",0.80122113868028
"5409",540.8,"Simu1","NIT",50,"cliver",0.809627973650161
"5410",540.9,"Simu1","NIT",50,"cliver",0.812429495182327
"5411",541,"Simu1","NIT",50,"cliver",0.810605510382977
"5412",541.1,"Simu1","NIT",50,"cliver",0.804974211398246
"5413",541.2,"Simu1","NIT",50,"cliver",0.796221104686067
"5414",541.3,"Simu1","NIT",50,"cliver",0.78491996265125
"5415",541.4,"Simu1","NIT",50,"cliver",0.771552093016996
"5416",541.5,"Simu1","NIT",50,"cliver",0.756522150115446
"5417",541.6,"Simu1","NIT",50,"cliver",0.740170261403464
"5418",541.7,"Simu1","NIT",50,"cliver",0.72278234270015
"5419",541.8,"Simu1","NIT",50,"cliver",0.704599059968345
"5420",541.9,"Simu1","NIT",50,"cliver",0.685823347880588
"5421",542,"Simu1","NIT",50,"cliver",0.666626266920212
"5422",542.1,"Simu1","NIT",50,"cliver",0.647151992224219
"5423",542.2,"Simu1","NIT",50,"cliver",0.627521983256296
"5424",542.3,"Simu1","NIT",50,"cliver",0.607838775173459
"5425",542.4,"Simu1","NIT",50,"cliver",0.58818844240819
"5426",542.5,"Simu1","NIT",50,"cliver",0.568644150420681
"5427",542.6,"Simu1","NIT",50,"cliver",0.549266627954634
"5428",542.7,"Simu1","NIT",50,"cliver",0.530107162522503
"5429",542.8,"Simu1","NIT",50,"cliver",0.511208585330731
"5430",542.9,"Simu1","NIT",50,"cliver",0.492606889029348
"5431",543,"Simu1","NIT",50,"cliver",0.474331908922457
"5432",543.1,"Simu1","NIT",50,"cliver",0.456407856248664
"5433",543.2,"Simu1","NIT",50,"cliver",0.438854781492416
"5434",543.3,"Simu1","NIT",50,"cliver",0.421689053688019
"5435",543.4,"Simu1","NIT",50,"cliver",0.40492362019062
"5436",543.5,"Simu1","NIT",50,"cliver",0.388568639090486
"5437",543.6,"Simu1","NIT",50,"cliver",0.372631857487122
"5438",543.7,"Simu1","NIT",50,"cliver",0.357118943888023
"5439",543.8,"Simu1","NIT",50,"cliver",0.342033779933411
"5440",543.9,"Simu1","NIT",50,"cliver",0.327378752916618
"5441",544,"Simu1","NIT",50,"cliver",0.313154928226023
"5442",544.1,"Simu1","NIT",50,"cliver",0.299362189209507
"5443",544.2,"Simu1","NIT",50,"cliver",0.285999406974575
"5444",544.3,"Simu1","NIT",50,"cliver",0.273064605941811
"5445",544.4,"Simu1","NIT",50,"cliver",0.260555082907271
"5446",544.5,"Simu1","NIT",50,"cliver",0.24846748680135
"5447",544.6,"Simu1","NIT",50,"cliver",0.236797885838671
"5448",544.7,"Simu1","NIT",50,"cliver",0.225541835453636
"5449",544.8,"Simu1","NIT",50,"cliver",0.214694434599905
"5450",544.9,"Simu1","NIT",50,"cliver",0.204250369621204
"5451",545,"Simu1","NIT",50,"cliver",0.194203935512507
"5452",545.1,"Simu1","NIT",50,"cliver",0.184549065070518
"5453",545.2,"Simu1","NIT",50,"cliver",0.175279332161404
"5454",545.3,"Simu1","NIT",50,"cliver",0.166387953288481
"5455",545.4,"Simu1","NIT",50,"cliver",0.157867810474237
"5456",545.5,"Simu1","NIT",50,"cliver",0.149711456187987
"5457",545.6,"Simu1","NIT",50,"cliver",0.141911087038691
"5458",545.7,"Simu1","NIT",50,"cliver",0.134458546634672
"5459",545.8,"Simu1","NIT",50,"cliver",0.127345339343972
"5460",545.9,"Simu1","NIT",50,"cliver",0.120562650333096
"5461",546,"Simu1","NIT",50,"cliver",0.115358236084601
"5462",546.1,"Simu1","NIT",50,"cliver",0.436999963769864
"5463",546.2,"Simu1","NIT",50,"cliver",0.605170292936779
"5464",546.3,"Simu1","NIT",50,"cliver",0.680671543980579
"5465",546.4,"Simu1","NIT",50,"cliver",0.728782474750621
"5466",546.5,"Simu1","NIT",50,"cliver",0.762562702684217
"5467",546.6,"Simu1","NIT",50,"cliver",0.786022544377032
"5468",546.7,"Simu1","NIT",50,"cliver",0.801219243784801
"5469",546.8,"Simu1","NIT",50,"cliver",0.809626515617602
"5470",546.9,"Simu1","NIT",50,"cliver",0.812428096350434
"5471",547,"Simu1","NIT",50,"cliver",0.810604230363275
"5472",547.1,"Simu1","NIT",50,"cliver",0.804973043873456
"5473",547.2,"Simu1","NIT",50,"cliver",0.796219743278112
"5474",547.3,"Simu1","NIT",50,"cliver",0.784918579952451
"5475",547.4,"Simu1","NIT",50,"cliver",0.771550808909227
"5476",547.5,"Simu1","NIT",50,"cliver",0.756520986610902
"5477",547.6,"Simu1","NIT",50,"cliver",0.740169144192051
"5478",547.7,"Simu1","NIT",50,"cliver",0.722781225570218
"5479",547.8,"Simu1","NIT",50,"cliver",0.70459800245861
"5480",547.9,"Simu1","NIT",50,"cliver",0.685822399320849
"5481",548,"Simu1","NIT",50,"cliver",0.66662550134847
"5482",548.1,"Simu1","NIT",50,"cliver",0.647151222359306
"5483",548.2,"Simu1","NIT",50,"cliver",0.627521276296314
"5484",548.3,"Simu1","NIT",50,"cliver",0.607837867515777
"5485",548.4,"Simu1","NIT",50,"cliver",0.588187408139925
"5486",548.5,"Simu1","NIT",50,"cliver",0.568642747642947
"5487",548.6,"Simu1","NIT",50,"cliver",0.549265592680298
"5488",548.7,"Simu1","NIT",50,"cliver",0.530106420367796
"5489",548.8,"Simu1","NIT",50,"cliver",0.511207996191472
"5490",548.9,"Simu1","NIT",50,"cliver",0.492606354796929
"5491",549,"Simu1","NIT",50,"cliver",0.474331287116426
"5492",549.1,"Simu1","NIT",50,"cliver",0.456407304370335
"5493",549.2,"Simu1","NIT",50,"cliver",0.438854353325482
"5494",549.3,"Simu1","NIT",50,"cliver",0.421688697128403
"5495",549.4,"Simu1","NIT",50,"cliver",0.404923229313012
"5496",549.5,"Simu1","NIT",50,"cliver",0.388568284032826
"5497",549.6,"Simu1","NIT",50,"cliver",0.372631407244298
"5498",549.7,"Simu1","NIT",50,"cliver",0.357118644340206
"5499",549.8,"Simu1","NIT",50,"cliver",0.342033314424472
"5500",549.9,"Simu1","NIT",50,"cliver",0.327378848469642
"5501",550,"Simu1","NIT",50,"cliver",0.313154570864013
"5502",550.1,"Simu1","NIT",50,"cliver",0.299361829776498
"5503",550.2,"Simu1","NIT",50,"cliver",0.285999145479405
"5504",550.3,"Simu1","NIT",50,"cliver",0.273064141914705
"5505",550.4,"Simu1","NIT",50,"cliver",0.260554625417766
"5506",550.5,"Simu1","NIT",50,"cliver",0.248467006130903
"5507",550.6,"Simu1","NIT",50,"cliver",0.236797394393831
"5508",550.7,"Simu1","NIT",50,"cliver",0.225541382359522
"5509",550.8,"Simu1","NIT",50,"cliver",0.21469403298359
"5510",550.9,"Simu1","NIT",50,"cliver",0.204249999543173
"5511",551,"Simu1","NIT",50,"cliver",0.194203580908264
"5512",551.1,"Simu1","NIT",50,"cliver",0.184548718689762
"5513",551.2,"Simu1","NIT",50,"cliver",0.175278992381846
"5514",551.3,"Simu1","NIT",50,"cliver",0.166387628301745
"5515",551.4,"Simu1","NIT",50,"cliver",0.15786750724909
"5516",551.5,"Simu1","NIT",50,"cliver",0.149711168257492
"5517",551.6,"Simu1","NIT",50,"cliver",0.141910807304814
"5518",551.7,"Simu1","NIT",50,"cliver",0.134458275257676
"5519",551.8,"Simu1","NIT",50,"cliver",0.127345084636926
"5520",551.9,"Simu1","NIT",50,"cliver",0.120562404056257
"5521",552,"Simu1","NIT",50,"cliver",0.115358009048058
"5522",552.1,"Simu1","NIT",50,"cliver",0.437000789150286
"5523",552.2,"Simu1","NIT",50,"cliver",0.605172733425926
"5524",552.3,"Simu1","NIT",50,"cliver",0.680675517146467
"5525",552.4,"Simu1","NIT",50,"cliver",0.728786324845345
"5526",552.5,"Simu1","NIT",50,"cliver",0.76256609331395
"5527",552.6,"Simu1","NIT",50,"cliver",0.786025796365203
"5528",552.7,"Simu1","NIT",50,"cliver",0.801222292032899
"5529",552.8,"Simu1","NIT",50,"cliver",0.809629890573811
"5530",552.9,"Simu1","NIT",50,"cliver",0.812431538787527
"5531",553,"Simu1","NIT",50,"cliver",0.810607200251342
"5532",553.1,"Simu1","NIT",50,"cliver",0.804976550439417
"5533",553.2,"Simu1","NIT",50,"cliver",0.796223342523878
"5534",553.3,"Simu1","NIT",50,"cliver",0.784921977638035
"5535",553.4,"Simu1","NIT",50,"cliver",0.771554294903533
"5536",553.5,"Simu1","NIT",50,"cliver",0.75652473942331
"5537",553.6,"Simu1","NIT",50,"cliver",0.740172916804596
"5538",553.7,"Simu1","NIT",50,"cliver",0.722785104802505
"5539",553.8,"Simu1","NIT",50,"cliver",0.70460200320122
"5540",553.9,"Simu1","NIT",50,"cliver",0.685826470725975
"5541",554,"Simu1","NIT",50,"cliver",0.666629223399952
"5542",554.1,"Simu1","NIT",50,"cliver",0.647154664941068
"5543",554.2,"Simu1","NIT",50,"cliver",0.627524586027437
"5544",554.3,"Simu1","NIT",50,"cliver",0.607841259965328
"5545",554.4,"Simu1","NIT",50,"cliver",0.58819101728219
"5546",554.5,"Simu1","NIT",50,"cliver",0.568646416450425
"5547",554.6,"Simu1","NIT",50,"cliver",0.549268665095645
"5548",554.7,"Simu1","NIT",50,"cliver",0.530109097197206
"5549",554.8,"Simu1","NIT",50,"cliver",0.511210574248898
"5550",554.9,"Simu1","NIT",50,"cliver",0.492608841083784
"5551",555,"Simu1","NIT",50,"cliver",0.474333606297188
"5552",555.1,"Simu1","NIT",50,"cliver",0.456409388877757
"5553",555.2,"Simu1","NIT",50,"cliver",0.438856249424304
"5554",555.3,"Simu1","NIT",50,"cliver",0.421690428616683
"5555",555.4,"Simu1","NIT",50,"cliver",0.404924896823362
"5556",555.5,"Simu1","NIT",50,"cliver",0.388569823440069
"5557",555.6,"Simu1","NIT",50,"cliver",0.372632969170622
"5558",555.7,"Simu1","NIT",50,"cliver",0.357120016332626
"5559",555.8,"Simu1","NIT",50,"cliver",0.342034857012745
"5560",555.9,"Simu1","NIT",50,"cliver",0.327379844796835
"5561",556,"Simu1","NIT",50,"cliver",0.313156008537337
"5562",556.1,"Simu1","NIT",50,"cliver",0.299363232485196
"5563",556.2,"Simu1","NIT",50,"cliver",0.286000410521779
"5564",556.3,"Simu1","NIT",50,"cliver",0.273065578968726
"5565",556.4,"Simu1","NIT",50,"cliver",0.260556029599461
"5566",556.5,"Simu1","NIT",50,"cliver",0.24846840302922
"5567",556.6,"Simu1","NIT",50,"cliver",0.23679876749546
"5568",556.7,"Simu1","NIT",50,"cliver",0.225542682500445
"5569",556.8,"Simu1","NIT",50,"cliver",0.214695249935556
"5570",556.9,"Simu1","NIT",50,"cliver",0.204251153740496
"5571",557,"Simu1","NIT",50,"cliver",0.194204689508276
"5572",557.1,"Simu1","NIT",50,"cliver",0.184549785303267
"5573",557.2,"Simu1","NIT",50,"cliver",0.17528001507268
"5574",557.3,"Simu1","NIT",50,"cliver",0.166388605902288
"5575",557.4,"Simu1","NIT",50,"cliver",0.157868441147766
"5576",557.5,"Simu1","NIT",50,"cliver",0.149712060519779
"5577",557.6,"Simu1","NIT",50,"cliver",0.141911659719489
"5578",557.7,"Simu1","NIT",50,"cliver",0.134459089613359
"5579",557.8,"Simu1","NIT",50,"cliver",0.127345860248766
"5580",557.9,"Simu1","NIT",50,"cliver",0.120563143036545
"5581",558,"Simu1","NIT",50,"cliver",0.115358729930988
"5582",558.1,"Simu1","NIT",50,"cliver",0.437001591517173
"5583",558.2,"Simu1","NIT",50,"cliver",0.605172131232339
"5584",558.3,"Simu1","NIT",50,"cliver",0.680674983674682
"5585",558.4,"Simu1","NIT",50,"cliver",0.728785623028285
"5586",558.5,"Simu1","NIT",50,"cliver",0.76256600958737
"5587",558.6,"Simu1","NIT",50,"cliver",0.786026020972744
"5588",558.7,"Simu1","NIT",50,"cliver",0.801222677994616
"5589",558.8,"Simu1","NIT",50,"cliver",0.809629854873558
"5590",558.9,"Simu1","NIT",50,"cliver",0.812431307133123
"5591",559,"Simu1","NIT",50,"cliver",0.810607591858729
"5592",559.1,"Simu1","NIT",50,"cliver",0.804976776311443
"5593",559.2,"Simu1","NIT",50,"cliver",0.796223656895835
"5594",559.3,"Simu1","NIT",50,"cliver",0.784922060754338
"5595",559.4,"Simu1","NIT",50,"cliver",0.771554153482663
"5596",559.5,"Simu1","NIT",50,"cliver",0.756524338335575
"5597",559.6,"Simu1","NIT",50,"cliver",0.740172279680559
"5598",559.7,"Simu1","NIT",50,"cliver",0.722784072491932
"5599",559.8,"Simu1","NIT",50,"cliver",0.704600714550065
"5600",559.9,"Simu1","NIT",50,"cliver",0.685825091066293
"5601",560,"Simu1","NIT",50,"cliver",0.666628079744362
"5602",560.1,"Simu1","NIT",50,"cliver",0.647153734159666
"5603",560.2,"Simu1","NIT",50,"cliver",0.627523628644506
"5604",560.3,"Simu1","NIT",50,"cliver",0.607840287706853
"5605",560.4,"Simu1","NIT",50,"cliver",0.588190055826283
"5606",560.5,"Simu1","NIT",50,"cliver",0.568645580834499
"5607",560.6,"Simu1","NIT",50,"cliver",0.549267940470763
"5608",560.7,"Simu1","NIT",50,"cliver",0.530108409411357
"5609",560.8,"Simu1","NIT",50,"cliver",0.51120990604306
"5610",560.9,"Simu1","NIT",50,"cliver",0.492608216989546
"5611",561,"Simu1","NIT",50,"cliver",0.474333032370453
"5612",561.1,"Simu1","NIT",50,"cliver",0.456408858743825
"5613",561.2,"Simu1","NIT",50,"cliver",0.438855741434112
"5614",561.3,"Simu1","NIT",50,"cliver",0.421689951482567
"5615",561.4,"Simu1","NIT",50,"cliver",0.404924467596343
"5616",561.5,"Simu1","NIT",50,"cliver",0.388569415471804
"5617",561.6,"Simu1","NIT",50,"cliver",0.372632518005419
"5618",561.7,"Simu1","NIT",50,"cliver",0.35711946283329
"5619",561.8,"Simu1","NIT",50,"cliver",0.342034207672927
"5620",561.9,"Simu1","NIT",50,"cliver",0.327379162801141
"5621",562,"Simu1","NIT",50,"cliver",0.31315545946693
"5622",562.1,"Simu1","NIT",50,"cliver",0.299362868710464
"5623",562.2,"Simu1","NIT",50,"cliver",0.286000168539118
"5624",562.3,"Simu1","NIT",50,"cliver",0.2730653839616
"5625",562.4,"Simu1","NIT",50,"cliver",0.260555846592093
"5626",562.5,"Simu1","NIT",50,"cliver",0.248468228749513
"5627",562.6,"Simu1","NIT",50,"cliver",0.236798612671535
"5628",562.7,"Simu1","NIT",50,"cliver",0.2255425032418
"5629",562.8,"Simu1","NIT",50,"cliver",0.214695087676768
"5630",562.9,"Simu1","NIT",50,"cliver",0.204250986962002
"5631",563,"Simu1","NIT",50,"cliver",0.19420450040494
"5632",563.1,"Simu1","NIT",50,"cliver",0.184549574493022
"5633",563.2,"Simu1","NIT",50,"cliver",0.175279795280797
"5634",563.3,"Simu1","NIT",50,"cliver",0.166388410035305
"5635",563.4,"Simu1","NIT",50,"cliver",0.157868284681476
"5636",563.5,"Simu1","NIT",50,"cliver",0.149711935701607
"5637",563.6,"Simu1","NIT",50,"cliver",0.141911542142842
"5638",563.7,"Simu1","NIT",50,"cliver",0.134458986465569
"5639",563.8,"Simu1","NIT",50,"cliver",0.1273458288141
"5640",563.9,"Simu1","NIT",50,"cliver",0.120563174190012
"5641",564,"Simu1","NIT",50,"cliver",0.115358678010614
"5642",564.1,"Simu1","NIT",50,"cliver",0.437001319798072
"5643",564.2,"Simu1","NIT",50,"cliver",0.605171971172528
"5644",564.3,"Simu1","NIT",50,"cliver",0.68067366566259
"5645",564.4,"Simu1","NIT",50,"cliver",0.728784214623419
"5646",564.5,"Simu1","NIT",50,"cliver",0.76256606625412
"5647",564.6,"Simu1","NIT",50,"cliver",0.786025695228685
"5648",564.7,"Simu1","NIT",50,"cliver",0.80122229883686
"5649",564.8,"Simu1","NIT",50,"cliver",0.809629527780933
"5650",564.9,"Simu1","NIT",50,"cliver",0.812430985113531
"5651",565,"Simu1","NIT",50,"cliver",0.810606972245824
"5652",565.1,"Simu1","NIT",50,"cliver",0.80497573996106
"5653",565.2,"Simu1","NIT",50,"cliver",0.796222628802372
"5654",565.3,"Simu1","NIT",50,"cliver",0.78492138716984
"5655",565.4,"Simu1","NIT",50,"cliver",0.77155342247208
"5656",565.5,"Simu1","NIT",50,"cliver",0.756523419891022
"5657",565.6,"Simu1","NIT",50,"cliver",0.740171487282097
"5658",565.7,"Simu1","NIT",50,"cliver",0.722783547689717
"5659",565.8,"Simu1","NIT",50,"cliver",0.704600265387695
"5660",565.9,"Simu1","NIT",50,"cliver",0.685824526585238
"5661",566,"Simu1","NIT",50,"cliver",0.666627421856114
"5662",566.1,"Simu1","NIT",50,"cliver",0.64715311502507
"5663",566.2,"Simu1","NIT",50,"cliver",0.627523144991739
"5664",566.3,"Simu1","NIT",50,"cliver",0.607839828749589
"5665",566.4,"Simu1","NIT",50,"cliver",0.588189728060222
"5666",566.5,"Simu1","NIT",50,"cliver",0.568645027179064
"5667",566.6,"Simu1","NIT",50,"cliver",0.549267559676552
"5668",566.7,"Simu1","NIT",50,"cliver",0.530108069050146
"5669",566.8,"Simu1","NIT",50,"cliver",0.511209401566401
"5670",566.9,"Simu1","NIT",50,"cliver",0.492607526945645
"5671",567,"Simu1","NIT",50,"cliver",0.474332234176795
"5672",567.1,"Simu1","NIT",50,"cliver",0.456408398271774
"5673",567.2,"Simu1","NIT",50,"cliver",0.438855693222609
"5674",567.3,"Simu1","NIT",50,"cliver",0.421690086581676
"5675",567.4,"Simu1","NIT",50,"cliver",0.404924600621714
"5676",567.5,"Simu1","NIT",50,"cliver",0.388569536402265
"5677",567.6,"Simu1","NIT",50,"cliver",0.372632707790517
"5678",567.7,"Simu1","NIT",50,"cliver",0.357119790034846
"5679",567.8,"Simu1","NIT",50,"cliver",0.342034663189332
"5680",567.9,"Simu1","NIT",50,"cliver",0.327379672002933
"5681",568,"Simu1","NIT",50,"cliver",0.313155846446218
"5682",568.1,"Simu1","NIT",50,"cliver",0.299363074760284
"5683",568.2,"Simu1","NIT",50,"cliver",0.286000250364375
"5684",568.3,"Simu1","NIT",50,"cliver",0.27306539771092
"5685",568.4,"Simu1","NIT",50,"cliver",0.260555813882269
"5686",568.5,"Simu1","NIT",50,"cliver",0.248468159947047
"5687",568.6,"Simu1","NIT",50,"cliver",0.236798514187726
"5688",568.7,"Simu1","NIT",50,"cliver",0.225542429451593
"5689",568.8,"Simu1","NIT",50,"cliver",0.214694997387983
"5690",568.9,"Simu1","NIT",50,"cliver",0.20425089931527
"5691",569,"Simu1","NIT",50,"cliver",0.194204434816358
"5692",569.1,"Simu1","NIT",50,"cliver",0.184549534367707
"5693",569.2,"Simu1","NIT",50,"cliver",0.175279770008594
"5694",569.3,"Simu1","NIT",50,"cliver",0.166388366471681
"5695",569.4,"Simu1","NIT",50,"cliver",0.15786820716114
"5696",569.5,"Simu1","NIT",50,"cliver",0.149711832882172
"5697",569.6,"Simu1","NIT",50,"cliver",0.141911439296433
"5698",569.7,"Simu1","NIT",50,"cliver",0.134458876890282
"5699",569.8,"Simu1","NIT",50,"cliver",0.127345654835442
"5700",569.9,"Simu1","NIT",50,"cliver",0.120562946182418
"5701",570,"Simu1","NIT",50,"cliver",0.115358512427774
"5702",570.1,"Simu1","NIT",50,"cliver",0.437000258971209
"5703",570.2,"Simu1","NIT",50,"cliver",0.605170348808145
"5704",570.3,"Simu1","NIT",50,"cliver",0.680671995810254
"5705",570.4,"Simu1","NIT",50,"cliver",0.72878330367256
"5706",570.5,"Simu1","NIT",50,"cliver",0.76256375064637
"5707",570.6,"Simu1","NIT",50,"cliver",0.786023392595154
"5708",570.7,"Simu1","NIT",50,"cliver",0.801220243313975
"5709",570.8,"Simu1","NIT",50,"cliver",0.809627364280937
"5710",570.9,"Simu1","NIT",50,"cliver",0.812428799983812
"5711",571,"Simu1","NIT",50,"cliver",0.810605081287096
"5712",571.1,"Simu1","NIT",50,"cliver",0.804974269742383
"5713",571.2,"Simu1","NIT",50,"cliver",0.79622113114207
"5714",571.3,"Simu1","NIT",50,"cliver",0.784919547201293
"5715",571.4,"Simu1","NIT",50,"cliver",0.771551712606626
"5716",571.5,"Simu1","NIT",50,"cliver",0.756521941579732
"5717",571.6,"Simu1","NIT",50,"cliver",0.740169920710817
"5718",571.7,"Simu1","NIT",50,"cliver",0.722781823151467
"5719",571.8,"Simu1","NIT",50,"cliver",0.704598580187848
"5720",571.9,"Simu1","NIT",50,"cliver",0.685823020322395
"5721",572,"Simu1","NIT",50,"cliver",0.666626027963739
"5722",572.1,"Simu1","NIT",50,"cliver",0.647151696266574
"5723",572.2,"Simu1","NIT",50,"cliver",0.627521625076155
"5724",572.3,"Simu1","NIT",50,"cliver",0.607838328237903
"5725",572.4,"Simu1","NIT",50,"cliver",0.58818814794108
"5726",572.5,"Simu1","NIT",50,"cliver",0.568643708662417
"5727",572.6,"Simu1","NIT",50,"cliver",0.54926613008354
"5728",572.7,"Simu1","NIT",50,"cliver",0.530106617527736
"5729",572.8,"Simu1","NIT",50,"cliver",0.511208223546409
"5730",572.9,"Simu1","NIT",50,"cliver",0.49260648391357
"5731",573,"Simu1","NIT",50,"cliver",0.474331547317452
"5732",573.1,"Simu1","NIT",50,"cliver",0.456407313649289
"5733",573.2,"Simu1","NIT",50,"cliver",0.438854337185803
"5734",573.3,"Simu1","NIT",50,"cliver",0.421688595821231
"5735",573.4,"Simu1","NIT",50,"cliver",0.404923176672185
"5736",573.5,"Simu1","NIT",50,"cliver",0.388568124393454
"5737",573.6,"Simu1","NIT",50,"cliver",0.372631282349788
"5738",573.7,"Simu1","NIT",50,"cliver",0.357118336050636
"5739",573.8,"Simu1","NIT",50,"cliver",0.34203320037698
"5740",573.9,"Simu1","NIT",50,"cliver",0.327378331245492
"5741",574,"Simu1","NIT",50,"cliver",0.313154656364842
"5742",574.1,"Simu1","NIT",50,"cliver",0.299361986600759
"5743",574.2,"Simu1","NIT",50,"cliver",0.285999221633035
"5744",574.3,"Simu1","NIT",50,"cliver",0.273064430814641
"5745",574.4,"Simu1","NIT",50,"cliver",0.260554924402963
"5746",574.5,"Simu1","NIT",50,"cliver",0.248467343964778
"5747",574.6,"Simu1","NIT",50,"cliver",0.236797752389757
"5748",574.7,"Simu1","NIT",50,"cliver",0.22554170675353
"5749",574.8,"Simu1","NIT",50,"cliver",0.214694303284401
"5750",574.9,"Simu1","NIT",50,"cliver",0.204250228073449
"5751",575,"Simu1","NIT",50,"cliver",0.194203785875254
"5752",575.1,"Simu1","NIT",50,"cliver",0.184548910052303
"5753",575.2,"Simu1","NIT",50,"cliver",0.175279172714502
"5754",575.3,"Simu1","NIT",50,"cliver",0.166387796934272
"5755",575.4,"Simu1","NIT",50,"cliver",0.157867663096973
"5756",575.5,"Simu1","NIT",50,"cliver",0.149711311979741
"5757",575.6,"Simu1","NIT",50,"cliver",0.141910941797034
"5758",575.7,"Simu1","NIT",50,"cliver",0.134458404036828
"5759",575.8,"Simu1","NIT",50,"cliver",0.127345205097995
"5760",575.9,"Simu1","NIT",50,"cliver",0.120562518188288
"5761",576,"Simu1","NIT",50,"cliver",0.11535809248364
"5762",576.1,"Simu1","NIT",50,"cliver",0.437000731378357
"5763",576.2,"Simu1","NIT",50,"cliver",0.605171380634838
"5764",576.3,"Simu1","NIT",50,"cliver",0.680673085063347
"5765",576.4,"Simu1","NIT",50,"cliver",0.728783637658945
"5766",576.5,"Simu1","NIT",50,"cliver",0.762565497333698
"5767",576.6,"Simu1","NIT",50,"cliver",0.786025135477737
"5768",576.7,"Simu1","NIT",50,"cliver",0.801221752198753
"5769",576.8,"Simu1","NIT",50,"cliver",0.80962899057778
"5770",576.9,"Simu1","NIT",50,"cliver",0.812430462733847
"5771",577,"Simu1","NIT",50,"cliver",0.810606463952814
"5772",577.1,"Simu1","NIT",50,"cliver",0.804975243549977
"5773",577.2,"Simu1","NIT",50,"cliver",0.796222143449105
"5774",577.3,"Simu1","NIT",50,"cliver",0.784920917030344
"5775",577.4,"Simu1","NIT",50,"cliver",0.771552966797752
"5776",577.5,"Simu1","NIT",50,"cliver",0.756522975577153
"5777",577.6,"Simu1","NIT",50,"cliver",0.740171054434451
"5778",577.7,"Simu1","NIT",50,"cliver",0.722783127311769
"5779",577.8,"Simu1","NIT",50,"cliver",0.704599857733154
"5780",577.9,"Simu1","NIT",50,"cliver",0.685824134542371
"5781",578,"Simu1","NIT",50,"cliver",0.66662704096737
"5782",578.1,"Simu1","NIT",50,"cliver",0.64715274569807
"5783",578.2,"Simu1","NIT",50,"cliver",0.627522787304973
"5784",578.3,"Simu1","NIT",50,"cliver",0.607839483880524
"5785",578.4,"Simu1","NIT",50,"cliver",0.588189393437164
"5786",578.5,"Simu1","NIT",50,"cliver",0.56864468357102
"5787",578.6,"Simu1","NIT",50,"cliver",0.549267248568198
"5788",578.7,"Simu1","NIT",50,"cliver",0.530107771593846
"5789",578.8,"Simu1","NIT",50,"cliver",0.51120911699151
"5790",578.9,"Simu1","NIT",50,"cliver",0.492607247059341
"5791",579,"Simu1","NIT",50,"cliver",0.474331962823403
"5792",579.1,"Simu1","NIT",50,"cliver",0.456408128331379
"5793",579.2,"Simu1","NIT",50,"cliver",0.438855435790545
"5794",579.3,"Simu1","NIT",50,"cliver",0.421689843224119
"5795",579.4,"Simu1","NIT",50,"cliver",0.404924368411993
"5796",579.5,"Simu1","NIT",50,"cliver",0.388569312897826
"5797",579.6,"Simu1","NIT",50,"cliver",0.37263249245663
"5798",579.7,"Simu1","NIT",50,"cliver",0.357119582905684
"5799",579.8,"Simu1","NIT",50,"cliver",0.342034464373485
"5800",579.9,"Simu1","NIT",50,"cliver",0.327379481369036
"5801",580,"Simu1","NIT",50,"cliver",0.31315566368215
"5802",580.1,"Simu1","NIT",50,"cliver",0.299362899527315
"5803",580.2,"Simu1","NIT",50,"cliver",0.286000082795333
"5804",580.3,"Simu1","NIT",50,"cliver",0.273065237788761
"5805",580.4,"Simu1","NIT",50,"cliver",0.26055566100833
"5806",580.5,"Simu1","NIT",50,"cliver",0.248468013421944
"5807",580.6,"Simu1","NIT",50,"cliver",0.236798373763157
"5808",580.7,"Simu1","NIT",50,"cliver",0.225542295182349
"5809",580.8,"Simu1","NIT",50,"cliver",0.214694869250587
"5810",580.9,"Simu1","NIT",50,"cliver",0.204250777080958
"5811",581,"Simu1","NIT",50,"cliver",0.194204318192408
"5812",581.1,"Simu1","NIT",50,"cliver",0.184549423163858
"5813",581.2,"Simu1","NIT",50,"cliver",0.175279664115753
"5814",581.3,"Simu1","NIT",50,"cliver",0.166388265750114
"5815",581.4,"Simu1","NIT",50,"cliver",0.15786811141573
"5816",581.5,"Simu1","NIT",50,"cliver",0.149711741922518
"5817",581.6,"Simu1","NIT",50,"cliver",0.141911352964539
"5818",581.7,"Simu1","NIT",50,"cliver",0.134458795035305
"5819",581.8,"Simu1","NIT",50,"cliver",0.127345577294969
"5820",581.9,"Simu1","NIT",50,"cliver",0.120562872828899
"5821",582,"Simu1","NIT",50,"cliver",0.115358433928533
"5822",582.1,"Simu1","NIT",50,"cliver",0.437001141070758
"5823",582.2,"Simu1","NIT",50,"cliver",0.605171825585496
"5824",582.3,"Simu1","NIT",50,"cliver",0.680673582642063
"5825",582.4,"Simu1","NIT",50,"cliver",0.728784125642621
"5826",582.5,"Simu1","NIT",50,"cliver",0.762565976981386
"5827",582.6,"Simu1","NIT",50,"cliver",0.786025618468819
"5828",582.7,"Simu1","NIT",50,"cliver",0.801222239494608
"5829",582.8,"Simu1","NIT",50,"cliver",0.809629459261821
"5830",582.9,"Simu1","NIT",50,"cliver",0.812430945457566
"5831",583,"Simu1","NIT",50,"cliver",0.81060695403353
"5832",583.1,"Simu1","NIT",50,"cliver",0.804975720988499
"5833",583.2,"Simu1","NIT",50,"cliver",0.79622259629618
"5834",583.3,"Simu1","NIT",50,"cliver",0.784921370273284
"5835",583.4,"Simu1","NIT",50,"cliver",0.771553425947725
"5836",583.5,"Simu1","NIT",50,"cliver",0.756523412485156
"5837",583.6,"Simu1","NIT",50,"cliver",0.740171468760784
"5838",583.7,"Simu1","NIT",50,"cliver",0.722783527648295
"5839",583.8,"Simu1","NIT",50,"cliver",0.704600248332598
"5840",583.9,"Simu1","NIT",50,"cliver",0.685824514170638
"5841",584,"Simu1","NIT",50,"cliver",0.666627407699605
"5842",584.1,"Simu1","NIT",50,"cliver",0.64715310278956
"5843",584.2,"Simu1","NIT",50,"cliver",0.627523131514546
"5844",584.3,"Simu1","NIT",50,"cliver",0.607839825169819
"5845",584.4,"Simu1","NIT",50,"cliver",0.588189710502752
"5846",584.5,"Simu1","NIT",50,"cliver",0.568644962003064
"5847",584.6,"Simu1","NIT",50,"cliver",0.549267538068066
"5848",584.7,"Simu1","NIT",50,"cliver",0.530108085584365
"5849",584.8,"Simu1","NIT",50,"cliver",0.511209412147918
"5850",584.9,"Simu1","NIT",50,"cliver",0.492607530024745
"5851",585,"Simu1","NIT",50,"cliver",0.474332216536559
"5852",585.1,"Simu1","NIT",50,"cliver",0.456408353313534
"5853",585.2,"Simu1","NIT",50,"cliver",0.438855647385991
"5854",585.3,"Simu1","NIT",50,"cliver",0.421690061335127
"5855",585.4,"Simu1","NIT",50,"cliver",0.404924592194296
"5856",585.5,"Simu1","NIT",50,"cliver",0.388569527964674
"5857",585.6,"Simu1","NIT",50,"cliver",0.372632696026437
"5858",585.7,"Simu1","NIT",50,"cliver",0.357119777253792
"5859",585.8,"Simu1","NIT",50,"cliver",0.342034652269013
"5860",585.9,"Simu1","NIT",50,"cliver",0.32737966386141
"5861",586,"Simu1","NIT",50,"cliver",0.31315584038572
"5862",586.1,"Simu1","NIT",50,"cliver",0.299363069669704
"5863",586.2,"Simu1","NIT",50,"cliver",0.28600024909174
"5864",586.3,"Simu1","NIT",50,"cliver",0.273065401921726
"5865",586.4,"Simu1","NIT",50,"cliver",0.260555820615993
"5866",586.5,"Simu1","NIT",50,"cliver",0.248468164964669
"5867",586.6,"Simu1","NIT",50,"cliver",0.236798516782301
"5868",586.7,"Simu1","NIT",50,"cliver",0.225542431552724
"5869",586.8,"Simu1","NIT",50,"cliver",0.214695000425222
"5870",586.9,"Simu1","NIT",50,"cliver",0.204250902995316
"5871",587,"Simu1","NIT",50,"cliver",0.194204438172336
"5872",587.1,"Simu1","NIT",50,"cliver",0.184549537200038
"5873",587.2,"Simu1","NIT",50,"cliver",0.175279772817999
"5874",587.3,"Simu1","NIT",50,"cliver",0.166388369535997
"5875",587.4,"Simu1","NIT",50,"cliver",0.157868210264944
"5876",587.5,"Simu1","NIT",50,"cliver",0.149711835808345
"5877",587.6,"Simu1","NIT",50,"cliver",0.141911442084159
"5878",587.7,"Simu1","NIT",50,"cliver",0.134458879651067
"5879",587.8,"Simu1","NIT",50,"cliver",0.127345657569261
"5880",587.9,"Simu1","NIT",50,"cliver",0.120562949149389
"5881",588,"Simu1","NIT",50,"cliver",0.115358524588069
"5882",588.1,"Simu1","NIT",50,"cliver",0.437001365448951
"5883",588.2,"Simu1","NIT",50,"cliver",0.605173112254997
"5884",588.3,"Simu1","NIT",50,"cliver",0.680675874204784
"5885",588.4,"Simu1","NIT",50,"cliver",0.728786486347005
"5886",588.5,"Simu1","NIT",50,"cliver",0.762566186850016
"5887",588.6,"Simu1","NIT",50,"cliver",0.786025902220716
"5888",588.7,"Simu1","NIT",50,"cliver",0.80122162347817
"5889",588.8,"Simu1","NIT",50,"cliver",0.809630010361995
"5890",588.9,"Simu1","NIT",50,"cliver",0.812431587990076
"5891",589,"Simu1","NIT",50,"cliver",0.810607647714443
"5892",589.1,"Simu1","NIT",50,"cliver",0.80497655761888
"5893",589.2,"Simu1","NIT",50,"cliver",0.796223466475922
"5894",589.3,"Simu1","NIT",50,"cliver",0.784922090600145
"5895",589.4,"Simu1","NIT",50,"cliver",0.771554521590472
"5896",589.5,"Simu1","NIT",50,"cliver",0.756524682970317
"5897",589.6,"Simu1","NIT",50,"cliver",0.740172545756553
"5898",589.7,"Simu1","NIT",50,"cliver",0.722784073314782
"5899",589.8,"Simu1","NIT",50,"cliver",0.704600936716285
"5900",589.9,"Simu1","NIT",50,"cliver",0.685825895406872
"5901",590,"Simu1","NIT",50,"cliver",0.666628989522239
"5902",590.1,"Simu1","NIT",50,"cliver",0.647154756436665
"5903",590.2,"Simu1","NIT",50,"cliver",0.627524844612903
"5904",590.3,"Simu1","NIT",50,"cliver",0.607841642952295
"5905",590.4,"Simu1","NIT",50,"cliver",0.58819143502752
"5906",590.5,"Simu1","NIT",50,"cliver",0.568646822583964
"5907",590.6,"Simu1","NIT",50,"cliver",0.54926894897756
"5908",590.7,"Simu1","NIT",50,"cliver",0.530109260169448
"5909",590.8,"Simu1","NIT",50,"cliver",0.511210732525225
"5910",590.9,"Simu1","NIT",50,"cliver",0.492608982025249
"5911",591,"Simu1","NIT",50,"cliver",0.474333744627931
"5912",591.1,"Simu1","NIT",50,"cliver",0.456409488381112
"5913",591.2,"Simu1","NIT",50,"cliver",0.438856314303325
"5914",591.3,"Simu1","NIT",50,"cliver",0.421690486677304
"5915",591.4,"Simu1","NIT",50,"cliver",0.404924952006988
"5916",591.5,"Simu1","NIT",50,"cliver",0.388569865887928
"5917",591.6,"Simu1","NIT",50,"cliver",0.372632998316718
"5918",591.7,"Simu1","NIT",50,"cliver",0.35712003785756
"5919",591.8,"Simu1","NIT",50,"cliver",0.342034874047433
"5920",591.9,"Simu1","NIT",50,"cliver",0.327379857693726
"5921",592,"Simu1","NIT",50,"cliver",0.313156017176261
"5922",592.1,"Simu1","NIT",50,"cliver",0.299363237163155
"5923",592.2,"Simu1","NIT",50,"cliver",0.286000412107849
"5924",592.3,"Simu1","NIT",50,"cliver",0.273065578414112
"5925",592.4,"Simu1","NIT",50,"cliver",0.260556027115188
"5926",592.5,"Simu1","NIT",50,"cliver",0.248468398718771
"5927",592.6,"Simu1","NIT",50,"cliver",0.236798761622447
"5928",592.7,"Simu1","NIT",50,"cliver",0.225542675506319
"5929",592.8,"Simu1","NIT",50,"cliver",0.214695242219739
"5930",592.9,"Simu1","NIT",50,"cliver",0.204251145439142
"5931",593,"Simu1","NIT",50,"cliver",0.194204680889581
"5932",593.1,"Simu1","NIT",50,"cliver",0.184549776542273
"5933",593.2,"Simu1","NIT",50,"cliver",0.175280006214864
"5934",593.3,"Simu1","NIT",50,"cliver",0.166388596907915
"5935",593.4,"Simu1","NIT",50,"cliver",0.157868432062241
"5936",593.5,"Simu1","NIT",50,"cliver",0.149712051490601
"5937",593.6,"Simu1","NIT",50,"cliver",0.141911650692262
"5938",593.7,"Simu1","NIT",50,"cliver",0.13445908073552
"5939",593.8,"Simu1","NIT",50,"cliver",0.127345851175473
"5940",593.9,"Simu1","NIT",50,"cliver",0.120563134729957
"5941",594,"Simu1","NIT",50,"cliver",0.115358723262241
"5942",594.1,"Simu1","NIT",50,"cliver",0.437001584849705
"5943",594.2,"Simu1","NIT",50,"cliver",0.605172124810511
"5944",594.3,"Simu1","NIT",50,"cliver",0.680674967472607
"5945",594.4,"Simu1","NIT",50,"cliver",0.728785506613273
"5946",594.5,"Simu1","NIT",50,"cliver",0.762566231448589
"5947",594.6,"Simu1","NIT",50,"cliver",0.786025368313329
"5948",594.7,"Simu1","NIT",50,"cliver",0.80122202069285
"5949",594.8,"Simu1","NIT",50,"cliver",0.80962966119443
"5950",594.9,"Simu1","NIT",50,"cliver",0.8124310261818
"5951",595,"Simu1","NIT",50,"cliver",0.810607316010427
"5952",595.1,"Simu1","NIT",50,"cliver",0.80497639621937
"5953",595.2,"Simu1","NIT",50,"cliver",0.796222982262274
"5954",595.3,"Simu1","NIT",50,"cliver",0.78492162322787
"5955",595.4,"Simu1","NIT",50,"cliver",0.77155391992841
"5956",595.5,"Simu1","NIT",50,"cliver",0.756523988035205
"5957",595.6,"Simu1","NIT",50,"cliver",0.740171858034442
"5958",595.7,"Simu1","NIT",50,"cliver",0.722783772776011
"5959",595.8,"Simu1","NIT",50,"cliver",0.704600560388269
"5960",595.9,"Simu1","NIT",50,"cliver",0.68582498278584
"5961",596,"Simu1","NIT",50,"cliver",0.666627908906015
"5962",596.1,"Simu1","NIT",50,"cliver",0.647153526102574
"5963",596.2,"Simu1","NIT",50,"cliver",0.627523451198859
"5964",596.3,"Simu1","NIT",50,"cliver",0.607840161805222
"5965",596.4,"Simu1","NIT",50,"cliver",0.588189956588928
"5966",596.5,"Simu1","NIT",50,"cliver",0.568645483648981
"5967",596.6,"Simu1","NIT",50,"cliver",0.549267846971
"5968",596.7,"Simu1","NIT",50,"cliver",0.530108328156941
"5969",596.8,"Simu1","NIT",50,"cliver",0.511209843417928
"5970",596.9,"Simu1","NIT",50,"cliver",0.492608160200662
"5971",597,"Simu1","NIT",50,"cliver",0.474332988234158
"5972",597.1,"Simu1","NIT",50,"cliver",0.456408804004421
"5973",597.2,"Simu1","NIT",50,"cliver",0.438855719525379
"5974",597.3,"Simu1","NIT",50,"cliver",0.421689941904056
"5975",597.4,"Simu1","NIT",50,"cliver",0.404924434678934
"5976",597.5,"Simu1","NIT",50,"cliver",0.388569316173114
"5977",597.6,"Simu1","NIT",50,"cliver",0.37263233209037
"5978",597.7,"Simu1","NIT",50,"cliver",0.357119281362086
"5979",597.8,"Simu1","NIT",50,"cliver",0.342034090503108
"5980",597.9,"Simu1","NIT",50,"cliver",0.327379246028114
"5981",598,"Simu1","NIT",50,"cliver",0.313155626542276
"5982",598.1,"Simu1","NIT",50,"cliver",0.299362985295931
"5983",598.2,"Simu1","NIT",50,"cliver",0.286000212311207
"5984",598.3,"Simu1","NIT",50,"cliver",0.273065390849813
"5985",598.4,"Simu1","NIT",50,"cliver",0.260555852547196
"5986",598.5,"Simu1","NIT",50,"cliver",0.248468246290251
"5987",598.6,"Simu1","NIT",50,"cliver",0.236798594567581
"5988",598.7,"Simu1","NIT",50,"cliver",0.22554251715784
"5989",598.8,"Simu1","NIT",50,"cliver",0.21469507527564
"5990",598.9,"Simu1","NIT",50,"cliver",0.204250955908616
"5991",599,"Simu1","NIT",50,"cliver",0.194204468232783
"5992",599.1,"Simu1","NIT",50,"cliver",0.184549554194835
"5993",599.2,"Simu1","NIT",50,"cliver",0.175279809252519
"5994",599.3,"Simu1","NIT",50,"cliver",0.166388441243707
"5995",599.4,"Simu1","NIT",50,"cliver",0.157868309207372
"5996",599.5,"Simu1","NIT",50,"cliver",0.149711936248756
"5997",599.6,"Simu1","NIT",50,"cliver",0.141911549811163
"5998",599.7,"Simu1","NIT",50,"cliver",0.134458935543642
"5999",599.8,"Simu1","NIT",50,"cliver",0.127345732859569
"6000",599.9,"Simu1","NIT",50,"cliver",0.120563021971037
"6001",600,"Simu1","NIT",50,"cliver",0.115358616968464
"6002",600.1,"Simu1","NIT",50,"cliver",0.43700138777989
"6003",600.2,"Simu1","NIT",50,"cliver",0.605172029664191
"6004",600.3,"Simu1","NIT",50,"cliver",0.680673436638816
"6005",600.4,"Simu1","NIT",50,"cliver",0.72878509035536
"6006",600.5,"Simu1","NIT",50,"cliver",0.762565608375601
"6007",600.6,"Simu1","NIT",50,"cliver",0.786025587850104
"6008",600.7,"Simu1","NIT",50,"cliver",0.801221943031171
"6009",600.8,"Simu1","NIT",50,"cliver",0.80962958625388
"6010",600.9,"Simu1","NIT",50,"cliver",0.812430993947684
"6011",601,"Simu1","NIT",50,"cliver",0.810607187097431
"6012",601.1,"Simu1","NIT",50,"cliver",0.804976367078944
"6013",601.2,"Simu1","NIT",50,"cliver",0.796223177667258
"6014",601.3,"Simu1","NIT",50,"cliver",0.784921569828203
"6015",601.4,"Simu1","NIT",50,"cliver",0.771553777135689
"6016",601.5,"Simu1","NIT",50,"cliver",0.756523977125771
"6017",601.6,"Simu1","NIT",50,"cliver",0.740171899136811
"6018",601.7,"Simu1","NIT",50,"cliver",0.722783694116283
"6019",601.8,"Simu1","NIT",50,"cliver",0.704600366228381
"6020",601.9,"Simu1","NIT",50,"cliver",0.685824771150635
"6021",602,"Simu1","NIT",50,"cliver",0.666627778176516
"6022",602.1,"Simu1","NIT",50,"cliver",0.647153449385256
"6023",602.2,"Simu1","NIT",50,"cliver",0.627523366349786
"6024",602.3,"Simu1","NIT",50,"cliver",0.607840049677957
"6025",602.4,"Simu1","NIT",50,"cliver",0.588189837600609
"6026",602.5,"Simu1","NIT",50,"cliver",0.568645376695897
"6027",602.6,"Simu1","NIT",50,"cliver",0.549267747981104
"6028",602.7,"Simu1","NIT",50,"cliver",0.530108228246044
"6029",602.8,"Simu1","NIT",50,"cliver",0.511209736409626
"6030",602.9,"Simu1","NIT",50,"cliver",0.492608056344619
"6031",603,"Simu1","NIT",50,"cliver",0.4743328808776
"6032",603.1,"Simu1","NIT",50,"cliver",0.456408712079029
"6033",603.2,"Simu1","NIT",50,"cliver",0.438855605584359
"6034",603.3,"Simu1","NIT",50,"cliver",0.421689814976255
"6035",603.4,"Simu1","NIT",50,"cliver",0.404924311311263
"6036",603.5,"Simu1","NIT",50,"cliver",0.388569266409394
"6037",603.6,"Simu1","NIT",50,"cliver",0.372632440543983
"6038",603.7,"Simu1","NIT",50,"cliver",0.357119514705044
"6039",603.8,"Simu1","NIT",50,"cliver",0.342034379850687
"6040",603.9,"Simu1","NIT",50,"cliver",0.327379387098224
"6041",604,"Simu1","NIT",50,"cliver",0.313155569821838
"6042",604.1,"Simu1","NIT",50,"cliver",0.299362814680395
"6043",604.2,"Simu1","NIT",50,"cliver",0.286000011398407
"6044",604.3,"Simu1","NIT",50,"cliver",0.273065195260111
"6045",604.4,"Simu1","NIT",50,"cliver",0.260555661123361
"6046",604.5,"Simu1","NIT",50,"cliver",0.248468050613209
"6047",604.6,"Simu1","NIT",50,"cliver",0.236798430035701
"6048",604.7,"Simu1","NIT",50,"cliver",0.225542358703533
"6049",604.8,"Simu1","NIT",50,"cliver",0.214694939618114
"6050",604.9,"Simu1","NIT",50,"cliver",0.204250856960736
"6051",605,"Simu1","NIT",50,"cliver",0.194204405554675
"6052",605.1,"Simu1","NIT",50,"cliver",0.184549513745136
"6053",605.2,"Simu1","NIT",50,"cliver",0.175279755255102
"6054",605.3,"Simu1","NIT",50,"cliver",0.166388358357188
"6055",605.4,"Simu1","NIT",50,"cliver",0.157868203914588
"6056",605.5,"Simu1","NIT",50,"cliver",0.14971183065821
"6057",605.6,"Simu1","NIT",50,"cliver",0.141911439034919
"6058",605.7,"Simu1","NIT",50,"cliver",0.134458882503295
"6059",605.8,"Simu1","NIT",50,"cliver",0.127345664519716
"6060",605.9,"Simu1","NIT",50,"cliver",0.120562957969546
"6061",606,"Simu1","NIT",50,"cliver",0.115358529439436
"6062",606.1,"Simu1","NIT",50,"cliver",0.437001159909999
"6063",606.2,"Simu1","NIT",50,"cliver",0.605171807178159
"6064",606.3,"Simu1","NIT",50,"cliver",0.680673499478526
"6065",606.4,"Simu1","NIT",50,"cliver",0.72878405153802
"6066",606.5,"Simu1","NIT",50,"cliver",0.762565905488933
"6067",606.6,"Simu1","NIT",50,"cliver",0.786025537115256
"6068",606.7,"Simu1","NIT",50,"cliver",0.801222142359375
"6069",606.8,"Simu1","NIT",50,"cliver",0.80962937484635
"6070",606.9,"Simu1","NIT",50,"cliver",0.812430833958743
"6071",607,"Simu1","NIT",50,"cliver",0.810606823481451
"6072",607.1,"Simu1","NIT",50,"cliver",0.80497559466879
"6073",607.2,"Simu1","NIT",50,"cliver",0.796222487442327
"6074",607.3,"Simu1","NIT",50,"cliver",0.784921248244197
"6075",607.4,"Simu1","NIT",50,"cliver",0.771553286368077
"6076",607.5,"Simu1","NIT",50,"cliver",0.756523287862559
"6077",607.6,"Simu1","NIT",50,"cliver",0.740171359280458
"6078",607.7,"Simu1","NIT",50,"cliver",0.722783423304042
"6079",607.8,"Simu1","NIT",50,"cliver",0.704600144483326
"6080",607.9,"Simu1","NIT",50,"cliver",0.685824407895806
"6081",608,"Simu1","NIT",50,"cliver",0.666627307081247
"6082",608.1,"Simu1","NIT",50,"cliver",0.647153003895637
"6083",608.2,"Simu1","NIT",50,"cliver",0.627523037351999
"6084",608.3,"Simu1","NIT",50,"cliver",0.607839724026275
"6085",608.4,"Simu1","NIT",50,"cliver",0.588189627079529
"6086",608.5,"Simu1","NIT",50,"cliver",0.568644935851685
"6087",608.6,"Simu1","NIT",50,"cliver",0.549267464685931
"6088",608.7,"Simu1","NIT",50,"cliver",0.530107975996323
"6089",608.8,"Simu1","NIT",50,"cliver",0.511209310646897
"6090",608.9,"Simu1","NIT",50,"cliver",0.492607441344219
"6091",609,"Simu1","NIT",50,"cliver",0.474332152422217
"6092",609.1,"Simu1","NIT",50,"cliver",0.456408322217961
"6093",609.2,"Simu1","NIT",50,"cliver",0.438855618756353
"6094",609.3,"Simu1","NIT",50,"cliver",0.421690012963726
"6095",609.4,"Simu1","NIT",50,"cliver",0.404924528852726
"6096",609.5,"Simu1","NIT",50,"cliver",0.388569467274281
"6097",609.6,"Simu1","NIT",50,"cliver",0.372632641348162
"6098",609.7,"Simu1","NIT",50,"cliver",0.35711972611026
"6099",609.8,"Simu1","NIT",50,"cliver",0.342034601587702
"6100",609.9,"Simu1","NIT",50,"cliver",0.327379612626701
"6101",610,"Simu1","NIT",50,"cliver",0.313155789270745
"6102",610.1,"Simu1","NIT",50,"cliver",0.29936301977323
"6103",610.2,"Simu1","NIT",50,"cliver",0.28600019737157
"6104",610.3,"Simu1","NIT",50,"cliver",0.273065346581728
"6105",610.4,"Simu1","NIT",50,"cliver",0.260555764718928
"6106",610.5,"Simu1","NIT",50,"cliver",0.248468112890797
"6107",610.6,"Simu1","NIT",50,"cliver",0.236798469204337
"6108",610.7,"Simu1","NIT",50,"cliver",0.225542386391993
"6109",610.8,"Simu1","NIT",50,"cliver",0.214694956137837
"6110",610.9,"Simu1","NIT",50,"cliver",0.204250859843185
"6111",611,"Simu1","NIT",50,"cliver",0.194204397117105
"6112",611.1,"Simu1","NIT",50,"cliver",0.184549498397198
"6113",611.2,"Simu1","NIT",50,"cliver",0.175279735692907
"6114",611.3,"Simu1","NIT",50,"cliver",0.166388333750648
"6115",611.4,"Simu1","NIT",50,"cliver",0.157868175997158
"6116",611.5,"Simu1","NIT",50,"cliver",0.149711803236324
"6117",611.6,"Simu1","NIT",50,"cliver",0.141911411117637
"6118",611.7,"Simu1","NIT",50,"cliver",0.13445885012523
"6119",611.8,"Simu1","NIT",50,"cliver",0.127345629435499
"6120",611.9,"Simu1","NIT",50,"cliver",0.120562922086305
"6121",612,"Simu1","NIT",50,"cliver",0.11535847577956
"6122",612.1,"Simu1","NIT",50,"cliver",0.437001099106801
"6123",612.2,"Simu1","NIT",50,"cliver",0.60517174242749
"6124",612.3,"Simu1","NIT",50,"cliver",0.680673434246882
"6125",612.4,"Simu1","NIT",50,"cliver",0.728783982567958
"6126",612.5,"Simu1","NIT",50,"cliver",0.762565834714213
"6127",612.6,"Simu1","NIT",50,"cliver",0.786025465012938
"6128",612.7,"Simu1","NIT",50,"cliver",0.801222070632883
"6129",612.8,"Simu1","NIT",50,"cliver",0.809629302103298
"6130",612.9,"Simu1","NIT",50,"cliver",0.812430762475495
"6131",613,"Simu1","NIT",50,"cliver",0.810606753030561
"6132",613.1,"Simu1","NIT",50,"cliver",0.804975524474755
"6133",613.2,"Simu1","NIT",50,"cliver",0.796222417308065
"6134",613.3,"Simu1","NIT",50,"cliver",0.784921179926223
"6135",613.4,"Simu1","NIT",50,"cliver",0.771553219649819
"6136",613.5,"Simu1","NIT",50,"cliver",0.756523221601993
"6137",613.6,"Simu1","NIT",50,"cliver",0.740171293634976
"6138",613.7,"Simu1","NIT",50,"cliver",0.722783358772475
"6139",613.8,"Simu1","NIT",50,"cliver",0.704600081256546
"6140",613.9,"Simu1","NIT",50,"cliver",0.685824347300182
"6141",614,"Simu1","NIT",50,"cliver",0.666627247389547
"6142",614.1,"Simu1","NIT",50,"cliver",0.647152945378478
"6143",614.2,"Simu1","NIT",50,"cliver",0.627522980149293
"6144",614.3,"Simu1","NIT",50,"cliver",0.60783966869383
"6145",614.4,"Simu1","NIT",50,"cliver",0.58818957272831
"6146",614.5,"Simu1","NIT",50,"cliver",0.56864487632636
"6147",614.6,"Simu1","NIT",50,"cliver",0.549267413670456
"6148",614.7,"Simu1","NIT",50,"cliver",0.530107927635283
"6149",614.8,"Simu1","NIT",50,"cliver",0.511209264668775
"6150",614.9,"Simu1","NIT",50,"cliver",0.492607394417557
"6151",615,"Simu1","NIT",50,"cliver",0.474332105981952
"6152",615.1,"Simu1","NIT",50,"cliver",0.456408274266415
"6153",615.2,"Simu1","NIT",50,"cliver",0.438855573428087
"6154",615.3,"Simu1","NIT",50,"cliver",0.421689970930037
"6155",615.4,"Simu1","NIT",50,"cliver",0.404924489003336
"6156",615.5,"Simu1","NIT",50,"cliver",0.388569428711502
"6157",615.6,"Simu1","NIT",50,"cliver",0.372632603938678
"6158",615.7,"Simu1","NIT",50,"cliver",0.357119689938265
"6159",615.8,"Simu1","NIT",50,"cliver",0.342034566765217
"6160",615.9,"Simu1","NIT",50,"cliver",0.327379579166735
"6161",616,"Simu1","NIT",50,"cliver",0.313155757112451
"6162",616.1,"Simu1","NIT",50,"cliver",0.299362988843992
"6163",616.2,"Simu1","NIT",50,"cliver",0.286000167785835
"6164",616.3,"Simu1","NIT",50,"cliver",0.273065318390023
"6165",616.4,"Simu1","NIT",50,"cliver",0.260555737734606
"6166",616.5,"Simu1","NIT",50,"cliver",0.248468086888464
"6167",616.6,"Simu1","NIT",50,"cliver",0.236798444139234
"6168",616.7,"Simu1","NIT",50,"cliver",0.225542362337991
"6169",616.8,"Simu1","NIT",50,"cliver",0.214694933134291
"6170",616.9,"Simu1","NIT",50,"cliver",0.20425083784548
"6171",617,"Simu1","NIT",50,"cliver",0.194204376054688
"6172",617.1,"Simu1","NIT",50,"cliver",0.184549478239907
"6173",617.2,"Simu1","NIT",50,"cliver",0.175279716441636
"6174",617.3,"Simu1","NIT",50,"cliver",0.16638831539257
"6175",617.4,"Simu1","NIT",50,"cliver",0.157868158496547
"6176",617.5,"Simu1","NIT",50,"cliver",0.149711786558876
"6177",617.6,"Simu1","NIT",50,"cliver",0.14191139524139
"6178",617.7,"Simu1","NIT",50,"cliver",0.134458835030322
"6179",617.8,"Simu1","NIT",50,"cliver",0.12734561509703
"6180",617.9,"Simu1","NIT",50,"cliver",0.120562908492017
"6181",618,"Simu1","NIT",50,"cliver",0.115358476799441
"6182",618.1,"Simu1","NIT",50,"cliver",0.437000173962706
"6183",618.2,"Simu1","NIT",50,"cliver",0.605170398329629
"6184",618.3,"Simu1","NIT",50,"cliver",0.680671591176233
"6185",618.4,"Simu1","NIT",50,"cliver",0.728782570163409
"6186",618.5,"Simu1","NIT",50,"cliver",0.762562817481771
"6187",618.6,"Simu1","NIT",50,"cliver",0.78602259508665
"6188",618.7,"Simu1","NIT",50,"cliver",0.801219271385573
"6189",618.8,"Simu1","NIT",50,"cliver",0.809626369380335
"6190",618.9,"Simu1","NIT",50,"cliver",0.812427963710347
"6191",619,"Simu1","NIT",50,"cliver",0.810604007361601
"6192",619.1,"Simu1","NIT",50,"cliver",0.804972629307066
"6193",619.2,"Simu1","NIT",50,"cliver",0.79621953678328
"6194",619.3,"Simu1","NIT",50,"cliver",0.784918391444193
"6195",619.4,"Simu1","NIT",50,"cliver",0.771550488249324
"6196",619.5,"Simu1","NIT",50,"cliver",0.756520518830489
"6197",619.6,"Simu1","NIT",50,"cliver",0.740168611781897
"6198",619.7,"Simu1","NIT",50,"cliver",0.722780711911966
"6199",619.8,"Simu1","NIT",50,"cliver",0.704597548305535
"6200",619.9,"Simu1","NIT",50,"cliver",0.685821910206614
"6201",620,"Simu1","NIT",50,"cliver",0.66662485328102
"6202",620.1,"Simu1","NIT",50,"cliver",0.647150582654821
"6203",620.2,"Simu1","NIT",50,"cliver",0.627520639689882
"6204",620.3,"Simu1","NIT",50,"cliver",0.60783744823154
"6205",620.4,"Simu1","NIT",50,"cliver",0.588187303331056
"6206",620.5,"Simu1","NIT",50,"cliver",0.5686429226548
"6207",620.6,"Simu1","NIT",50,"cliver",0.549265338199523
"6208",620.7,"Simu1","NIT",50,"cliver",0.530105981874507
"6209",620.8,"Simu1","NIT",50,"cliver",0.511207428491592
"6210",620.9,"Simu1","NIT",50,"cliver",0.49260600603931
"6211",621,"Simu1","NIT",50,"cliver",0.474330896786685
"6212",621.1,"Simu1","NIT",50,"cliver",0.456406736197005
"6213",621.2,"Simu1","NIT",50,"cliver",0.438853528732776
"6214",621.3,"Simu1","NIT",50,"cliver",0.421687627689653
"6215",621.4,"Simu1","NIT",50,"cliver",0.404922057745065
"6216",621.5,"Simu1","NIT",50,"cliver",0.388567218401473
"6217",621.6,"Simu1","NIT",50,"cliver",0.372630741965915
"6218",621.7,"Simu1","NIT",50,"cliver",0.357118067670322
"6219",621.8,"Simu1","NIT",50,"cliver",0.342033046975315
"6220",621.9,"Simu1","NIT",50,"cliver",0.327378106293091
"6221",622,"Simu1","NIT",50,"cliver",0.313154338214412
"6222",622.1,"Simu1","NIT",50,"cliver",0.299361640995395
"6223",622.2,"Simu1","NIT",50,"cliver",0.285998897944021
"6224",622.3,"Simu1","NIT",50,"cliver",0.273064136430311
"6225",622.4,"Simu1","NIT",50,"cliver",0.260554641841066
"6226",622.5,"Simu1","NIT",50,"cliver",0.248467050488385
"6227",622.6,"Simu1","NIT",50,"cliver",0.236797442280314
"6228",622.7,"Simu1","NIT",50,"cliver",0.225541392533017
"6229",622.8,"Simu1","NIT",50,"cliver",0.214694005861602
"6230",622.9,"Simu1","NIT",50,"cliver",0.20424995905247
"6231",623,"Simu1","NIT",50,"cliver",0.194203541719149
"6232",623.1,"Simu1","NIT",50,"cliver",0.184548680903853
"6233",623.2,"Simu1","NIT",50,"cliver",0.175278953838467
"6234",623.3,"Simu1","NIT",50,"cliver",0.166387590335816
"6235",623.4,"Simu1","NIT",50,"cliver",0.157867471564015
"6236",623.5,"Simu1","NIT",50,"cliver",0.149711134109747
"6237",623.6,"Simu1","NIT",50,"cliver",0.141910774447461
"6238",623.7,"Simu1","NIT",50,"cliver",0.134458245808968
"6239",623.8,"Simu1","NIT",50,"cliver",0.127345056916623
"6240",623.9,"Simu1","NIT",50,"cliver",0.120562379765828
"6241",624,"Simu1","NIT",50,"cliver",0.115358022248169
"6242",624.1,"Simu1","NIT",50,"cliver",0.437000410213691
"6243",624.2,"Simu1","NIT",50,"cliver",0.605170664938511
"6244",624.3,"Simu1","NIT",50,"cliver",0.680672026945756
"6245",624.4,"Simu1","NIT",50,"cliver",0.72878404450286
"6246",624.5,"Simu1","NIT",50,"cliver",0.762564994051308
"6247",624.6,"Simu1","NIT",50,"cliver",0.786024455908215
"6248",624.7,"Simu1","NIT",50,"cliver",0.801220966676621
"6249",624.8,"Simu1","NIT",50,"cliver",0.8096283177579
"6250",624.9,"Simu1","NIT",50,"cliver",0.812429676362596
"6251",625,"Simu1","NIT",50,"cliver",0.810605836307491
"6252",625.1,"Simu1","NIT",50,"cliver",0.80497482216909
"6253",625.2,"Simu1","NIT",50,"cliver",0.796221382809518
"6254",625.3,"Simu1","NIT",50,"cliver",0.784920091846237
"6255",625.4,"Simu1","NIT",50,"cliver",0.771552352640194
"6256",625.5,"Simu1","NIT",50,"cliver",0.756522370390143
"6257",625.6,"Simu1","NIT",50,"cliver",0.740170273407348
"6258",625.7,"Simu1","NIT",50,"cliver",0.722782251978429
"6259",625.8,"Simu1","NIT",50,"cliver",0.704599065966448
"6260",625.9,"Simu1","NIT",50,"cliver",0.685823483682809
"6261",626,"Simu1","NIT",50,"cliver",0.66662641018888
"6262",626.1,"Simu1","NIT",50,"cliver",0.647152053403132
"6263",626.2,"Simu1","NIT",50,"cliver",0.627522019485251
"6264",626.3,"Simu1","NIT",50,"cliver",0.607838769715197
"6265",626.4,"Simu1","NIT",50,"cliver",0.588188597910383
"6266",626.5,"Simu1","NIT",50,"cliver",0.568644156411439
"6267",626.6,"Simu1","NIT",50,"cliver",0.549266558151515
"6268",626.7,"Simu1","NIT",50,"cliver",0.530107074398191
"6269",626.8,"Simu1","NIT",50,"cliver",0.511208636117769
"6270",626.9,"Simu1","NIT",50,"cliver",0.492606974157386
"6271",627,"Simu1","NIT",50,"cliver",0.474331868433628
"6272",627.1,"Simu1","NIT",50,"cliver",0.456407697743284
"6273",627.2,"Simu1","NIT",50,"cliver",0.438854657045609
"6274",627.3,"Simu1","NIT",50,"cliver",0.421688880316578
"6275",627.4,"Simu1","NIT",50,"cliver",0.404923258144069
"6276",627.5,"Simu1","NIT",50,"cliver",0.388568087069717
"6277",627.6,"Simu1","NIT",50,"cliver",0.372631176132043
"6278",627.7,"Simu1","NIT",50,"cliver",0.357118341982951
"6279",627.8,"Simu1","NIT",50,"cliver",0.342033470769545
"6280",627.9,"Simu1","NIT",50,"cliver",0.327378707478661
"6281",628,"Simu1","NIT",50,"cliver",0.313155011818134
"6282",628.1,"Simu1","NIT",50,"cliver",0.299362281889143
"6283",628.2,"Simu1","NIT",50,"cliver",0.285999521033786
"6284",628.3,"Simu1","NIT",50,"cliver",0.273064652185457
"6285",628.4,"Simu1","NIT",50,"cliver",0.260555208437565
"6286",628.5,"Simu1","NIT",50,"cliver",0.248467592482708
"6287",628.6,"Simu1","NIT",50,"cliver",0.236797957325641
"6288",628.7,"Simu1","NIT",50,"cliver",0.225541863894247
"6289",628.8,"Simu1","NIT",50,"cliver",0.214694430548624
"6290",628.9,"Simu1","NIT",50,"cliver",0.204250359567783
"6291",629,"Simu1","NIT",50,"cliver",0.194203959996058
"6292",629.1,"Simu1","NIT",50,"cliver",0.184549130248557
"6293",629.2,"Simu1","NIT",50,"cliver",0.175279399373175
"6294",629.3,"Simu1","NIT",50,"cliver",0.166388035073274
"6295",629.4,"Simu1","NIT",50,"cliver",0.157867868077179
"6296",629.5,"Simu1","NIT",50,"cliver",0.149711485896715
"6297",629.6,"Simu1","NIT",50,"cliver",0.141911137552917
"6298",629.7,"Simu1","NIT",50,"cliver",0.134458574579495
"6299",629.8,"Simu1","NIT",50,"cliver",0.127345342653985
"6300",629.9,"Simu1","NIT",50,"cliver",0.120562635866529
"6301",630,"Simu1","NIT",50,"cliver",0.115358261730718
"6302",630.1,"Simu1","NIT",50,"cliver",0.43700129762461
"6303",630.2,"Simu1","NIT",50,"cliver",0.60517194466372
"6304",630.3,"Simu1","NIT",50,"cliver",0.680673489207808
"6305",630.4,"Simu1","NIT",50,"cliver",0.72878564046852
"6306",630.5,"Simu1","NIT",50,"cliver",0.762565934271668
"6307",630.6,"Simu1","NIT",50,"cliver",0.786024932545194
"6308",630.7,"Simu1","NIT",50,"cliver",0.801222672183389
"6309",630.8,"Simu1","NIT",50,"cliver",0.809629656022246
"6310",630.9,"Simu1","NIT",50,"cliver",0.812431203738093
"6311",631,"Simu1","NIT",50,"cliver",0.810607175072986
"6312",631.1,"Simu1","NIT",50,"cliver",0.804975975941453
"6313",631.2,"Simu1","NIT",50,"cliver",0.796222998274708
"6314",631.3,"Simu1","NIT",50,"cliver",0.784921775151439
"6315",631.4,"Simu1","NIT",50,"cliver",0.771553951145363
"6316",631.5,"Simu1","NIT",50,"cliver",0.756524146561532
"6317",631.6,"Simu1","NIT",50,"cliver",0.740172268002907
"6318",631.7,"Simu1","NIT",50,"cliver",0.722784223524768
"6319",631.8,"Simu1","NIT",50,"cliver",0.704600865697679
"6320",631.9,"Simu1","NIT",50,"cliver",0.685825159393936
"6321",632,"Simu1","NIT",50,"cliver",0.666628109021777
"6322",632.1,"Simu1","NIT",50,"cliver",0.647153820864601
"6323",632.2,"Simu1","NIT",50,"cliver",0.627523799442568
"6324",632.3,"Simu1","NIT",50,"cliver",0.607840490544555
"6325",632.4,"Simu1","NIT",50,"cliver",0.58819024500596
"6326",632.5,"Simu1","NIT",50,"cliver",0.56864575637906
"6327",632.6,"Simu1","NIT",50,"cliver",0.549268123158684
"6328",632.7,"Simu1","NIT",50,"cliver",0.530108605153741
"6329",632.8,"Simu1","NIT",50,"cliver",0.51121010515177
"6330",632.9,"Simu1","NIT",50,"cliver",0.492608408267774
"6331",633,"Simu1","NIT",50,"cliver",0.474333218719473
"6332",633.1,"Simu1","NIT",50,"cliver",0.456409040354237
"6333",633.2,"Simu1","NIT",50,"cliver",0.438855927445297
"6334",633.3,"Simu1","NIT",50,"cliver",0.421690125643663
"6335",633.4,"Simu1","NIT",50,"cliver",0.404924612967966
"6336",633.5,"Simu1","NIT",50,"cliver",0.388569560565762
"6337",633.6,"Simu1","NIT",50,"cliver",0.372632724769356
"6338",633.7,"Simu1","NIT",50,"cliver",0.35711978697767
"6339",633.8,"Simu1","NIT",50,"cliver",0.342034640587603
"6340",633.9,"Simu1","NIT",50,"cliver",0.327379640959956
"6341",634,"Simu1","NIT",50,"cliver",0.313155816550597
"6342",634.1,"Simu1","NIT",50,"cliver",0.299363050882524
"6343",634.2,"Simu1","NIT",50,"cliver",0.286000238138561
"6344",634.3,"Simu1","NIT",50,"cliver",0.273065415128092
"6345",634.4,"Simu1","NIT",50,"cliver",0.260555873494532
"6346",634.5,"Simu1","NIT",50,"cliver",0.248468254226893
"6347",634.6,"Simu1","NIT",50,"cliver",0.236798625678877
"6348",634.7,"Simu1","NIT",50,"cliver",0.225542547329946
"6349",634.8,"Simu1","NIT",50,"cliver",0.21469512102376
"6350",634.9,"Simu1","NIT",50,"cliver",0.20425103079843
"6351",635,"Simu1","NIT",50,"cliver",0.194204572305111
"6352",635.1,"Simu1","NIT",50,"cliver",0.184549673657104
"6353",635.2,"Simu1","NIT",50,"cliver",0.175279908678028
"6354",635.3,"Simu1","NIT",50,"cliver",0.1663885046502
"6355",635.4,"Simu1","NIT",50,"cliver",0.1578683446662
"6356",635.5,"Simu1","NIT",50,"cliver",0.149711969074042
"6357",635.6,"Simu1","NIT",50,"cliver",0.141911572095736
"6358",635.7,"Simu1","NIT",50,"cliver",0.134459005216288
"6359",635.8,"Simu1","NIT",50,"cliver",0.127345779422154
"6360",635.9,"Simu1","NIT",50,"cliver",0.12056306861574
"6361",636,"Simu1","NIT",50,"cliver",0.115358631906726
"6362",636.1,"Simu1","NIT",50,"cliver",0.437000907845358
"6363",636.2,"Simu1","NIT",50,"cliver",0.605171209007402
"6364",636.3,"Simu1","NIT",50,"cliver",0.680672190878772
"6365",636.4,"Simu1","NIT",50,"cliver",0.728783826275194
"6366",636.5,"Simu1","NIT",50,"cliver",0.762563842365098
"6367",636.6,"Simu1","NIT",50,"cliver",0.786024052239172
"6368",636.7,"Simu1","NIT",50,"cliver",0.801220559672717
"6369",636.8,"Simu1","NIT",50,"cliver",0.809627709268364
"6370",636.9,"Simu1","NIT",50,"cliver",0.812429251946867
"6371",637,"Simu1","NIT",50,"cliver",0.81060539086674
"6372",637.1,"Simu1","NIT",50,"cliver",0.80497421596736
"6373",637.2,"Simu1","NIT",50,"cliver",0.79622093463102
"6374",637.3,"Simu1","NIT",50,"cliver",0.784919748150987
"6375",637.4,"Simu1","NIT",50,"cliver",0.771552023898594
"6376",637.5,"Simu1","NIT",50,"cliver",0.756522190518962
"6377",637.6,"Simu1","NIT",50,"cliver",0.740170350815562
"6378",637.7,"Simu1","NIT",50,"cliver",0.722782418084964
"6379",637.8,"Simu1","NIT",50,"cliver",0.704599251378907
"6380",637.9,"Simu1","NIT",50,"cliver",0.685823692680482
"6381",638,"Simu1","NIT",50,"cliver",0.666626651224196
"6382",638.1,"Simu1","NIT",50,"cliver",0.647152390454448
"6383",638.2,"Simu1","NIT",50,"cliver",0.627522562211379
"6384",638.3,"Simu1","NIT",50,"cliver",0.607839181250363
"6385",638.4,"Simu1","NIT",50,"cliver",0.588188869491862
"6386",638.5,"Simu1","NIT",50,"cliver",0.568644233131959
"6387",638.6,"Simu1","NIT",50,"cliver",0.549266446241229
"6388",638.7,"Simu1","NIT",50,"cliver",0.530107272115522
"6389",638.8,"Simu1","NIT",50,"cliver",0.51120916737724
"6390",638.9,"Simu1","NIT",50,"cliver",0.49260760799177
"6391",639,"Simu1","NIT",50,"cliver",0.474332416910687
"6392",639.1,"Simu1","NIT",50,"cliver",0.456408232404732
"6393",639.2,"Simu1","NIT",50,"cliver",0.438855140814829
"6394",639.3,"Simu1","NIT",50,"cliver",0.421689343821082
"6395",639.4,"Simu1","NIT",50,"cliver",0.404923761942171
"6396",639.5,"Simu1","NIT",50,"cliver",0.38856861528772
"6397",639.6,"Simu1","NIT",50,"cliver",0.372631731918247
"6398",639.7,"Simu1","NIT",50,"cliver",0.357118804444083
"6399",639.8,"Simu1","NIT",50,"cliver",0.34203367974528
"6400",639.9,"Simu1","NIT",50,"cliver",0.327378694301531
"6401",640,"Simu1","NIT",50,"cliver",0.313154868947288
"6402",640.1,"Simu1","NIT",50,"cliver",0.299362123655149
"6403",640.2,"Simu1","NIT",50,"cliver",0.285999322817805
"6404",640.3,"Simu1","NIT",50,"cliver",0.273064546364133
"6405",640.4,"Simu1","NIT",50,"cliver",0.260554993463891
"6406",640.5,"Simu1","NIT",50,"cliver",0.248467350855239
"6407",640.6,"Simu1","NIT",50,"cliver",0.236797755621808
"6408",640.7,"Simu1","NIT",50,"cliver",0.225541775158271
"6409",640.8,"Simu1","NIT",50,"cliver",0.214694392688273
"6410",640.9,"Simu1","NIT",50,"cliver",0.204250283775311
"6411",641,"Simu1","NIT",50,"cliver",0.194203838983289
"6412",641.1,"Simu1","NIT",50,"cliver",0.184549005594053
"6413",641.2,"Simu1","NIT",50,"cliver",0.175279273893205
"6414",641.3,"Simu1","NIT",50,"cliver",0.166387883025206
"6415",641.4,"Simu1","NIT",50,"cliver",0.157867730243375
"6416",641.5,"Simu1","NIT",50,"cliver",0.149711418380103
"6417",641.6,"Simu1","NIT",50,"cliver",0.141910983336627
"6418",641.7,"Simu1","NIT",50,"cliver",0.134458455725324
"6419",641.8,"Simu1","NIT",50,"cliver",0.127345242944906
"6420",641.9,"Simu1","NIT",50,"cliver",0.120562530334003
"6421",642,"Simu1","NIT",50,"cliver",0.115358134440826
"6422",642.1,"Simu1","NIT",50,"cliver",0.437001011892921
"6423",642.2,"Simu1","NIT",50,"cliver",0.605172683540071
"6424",642.3,"Simu1","NIT",50,"cliver",0.680675418493273
"6425",642.4,"Simu1","NIT",50,"cliver",0.728786139516303
"6426",642.5,"Simu1","NIT",50,"cliver",0.762565848156028
"6427",642.6,"Simu1","NIT",50,"cliver",0.786025553498284
"6428",642.7,"Simu1","NIT",50,"cliver",0.801222111586141
"6429",642.8,"Simu1","NIT",50,"cliver",0.809629590402649
"6430",642.9,"Simu1","NIT",50,"cliver",0.812431260704457
"6431",643,"Simu1","NIT",50,"cliver",0.810606995440484
"6432",643.1,"Simu1","NIT",50,"cliver",0.804976220380148
"6433",643.2,"Simu1","NIT",50,"cliver",0.796223097735227
"6434",643.3,"Simu1","NIT",50,"cliver",0.784921369562644
"6435",643.4,"Simu1","NIT",50,"cliver",0.771553099752528
"6436",643.5,"Simu1","NIT",50,"cliver",0.756524270346554
"6437",643.6,"Simu1","NIT",50,"cliver",0.74017286964845
"6438",643.7,"Simu1","NIT",50,"cliver",0.722784946605783
"6439",643.8,"Simu1","NIT",50,"cliver",0.704601810265275
"6440",643.9,"Simu1","NIT",50,"cliver",0.685826443142223
"6441",644,"Simu1","NIT",50,"cliver",0.666629597206557
"6442",644.1,"Simu1","NIT",50,"cliver",0.647155383763005
"6443",644.2,"Simu1","NIT",50,"cliver",0.627525375452256
"6444",644.3,"Simu1","NIT",50,"cliver",0.607841882831454
"6445",644.4,"Simu1","NIT",50,"cliver",0.588191339240363
"6446",644.5,"Simu1","NIT",50,"cliver",0.568646634978802
"6447",644.6,"Simu1","NIT",50,"cliver",0.549268917412487
"6448",644.7,"Simu1","NIT",50,"cliver",0.530109319718655
"6449",644.8,"Simu1","NIT",50,"cliver",0.511210696834473
"6450",644.9,"Simu1","NIT",50,"cliver",0.492608873101957
"6451",645,"Simu1","NIT",50,"cliver",0.474333589807189
"6452",645.1,"Simu1","NIT",50,"cliver",0.456409364741375
"6453",645.2,"Simu1","NIT",50,"cliver",0.438856196622127
"6454",645.3,"Simu1","NIT",50,"cliver",0.421690379120655
"6455",645.4,"Simu1","NIT",50,"cliver",0.404924765461219
"6456",645.5,"Simu1","NIT",50,"cliver",0.388569835316214
"6457",645.6,"Simu1","NIT",50,"cliver",0.372632855987563
"6458",645.7,"Simu1","NIT",50,"cliver",0.357119817409161
"6459",645.8,"Simu1","NIT",50,"cliver",0.342034788345156
"6460",645.9,"Simu1","NIT",50,"cliver",0.327379755135321
"6461",646,"Simu1","NIT",50,"cliver",0.313155815851324
"6462",646.1,"Simu1","NIT",50,"cliver",0.299363128441604
"6463",646.2,"Simu1","NIT",50,"cliver",0.286000333843586
"6464",646.3,"Simu1","NIT",50,"cliver",0.27306544749089
"6465",646.4,"Simu1","NIT",50,"cliver",0.260555921499459
"6466",646.5,"Simu1","NIT",50,"cliver",0.248468337208685
"6467",646.6,"Simu1","NIT",50,"cliver",0.23679870091948
"6468",646.7,"Simu1","NIT",50,"cliver",0.225542612317598
"6469",646.8,"Simu1","NIT",50,"cliver",0.214695151549251
"6470",646.9,"Simu1","NIT",50,"cliver",0.204251086303452
"6471",647,"Simu1","NIT",50,"cliver",0.194204605945361
"6472",647.1,"Simu1","NIT",50,"cliver",0.184549767548209
"6473",647.2,"Simu1","NIT",50,"cliver",0.175279977552239
"6474",647.3,"Simu1","NIT",50,"cliver",0.166388564081304
"6475",647.4,"Simu1","NIT",50,"cliver",0.157868242786026
"6476",647.5,"Simu1","NIT",50,"cliver",0.149711837837498
"6477",647.6,"Simu1","NIT",50,"cliver",0.141911450564854
"6478",647.7,"Simu1","NIT",50,"cliver",0.1344589024502
"6479",647.8,"Simu1","NIT",50,"cliver",0.127345676909507
"6480",647.9,"Simu1","NIT",50,"cliver",0.12056296912226
"6481",648,"Simu1","NIT",50,"cliver",0.115358548755075
"6482",648.1,"Simu1","NIT",50,"cliver",0.437000820339419
"6483",648.2,"Simu1","NIT",50,"cliver",0.605171096397977
"6484",648.3,"Simu1","NIT",50,"cliver",0.680673158707425
"6485",648.4,"Simu1","NIT",50,"cliver",0.728783766599729
"6486",648.5,"Simu1","NIT",50,"cliver",0.762564196871271
"6487",648.6,"Simu1","NIT",50,"cliver",0.786024287566412
"6488",648.7,"Simu1","NIT",50,"cliver",0.801220856292334
"6489",648.8,"Simu1","NIT",50,"cliver",0.809627933164428
"6490",648.9,"Simu1","NIT",50,"cliver",0.812429358142156
"6491",649,"Simu1","NIT",50,"cliver",0.810605353246831
"6492",649.1,"Simu1","NIT",50,"cliver",0.804974077506878
"6493",649.2,"Simu1","NIT",50,"cliver",0.796220959190635
"6494",649.3,"Simu1","NIT",50,"cliver",0.784919770883695
"6495",649.4,"Simu1","NIT",50,"cliver",0.771551905432834
"6496",649.5,"Simu1","NIT",50,"cliver",0.756522062325131
"6497",649.6,"Simu1","NIT",50,"cliver",0.740170193872229
"6498",649.7,"Simu1","NIT",50,"cliver",0.722782200723449
"6499",649.8,"Simu1","NIT",50,"cliver",0.704598869106868
"6500",649.9,"Simu1","NIT",50,"cliver",0.685823165971695
"6501",650,"Simu1","NIT",50,"cliver",0.666626129844904
"6502",650.1,"Simu1","NIT",50,"cliver",0.647151875933775
"6503",650.2,"Simu1","NIT",50,"cliver",0.627521898483638
"6504",650.3,"Simu1","NIT",50,"cliver",0.60783863568043
"6505",650.4,"Simu1","NIT",50,"cliver",0.588188433580946
"6506",650.5,"Simu1","NIT",50,"cliver",0.568643988094093
"6507",650.6,"Simu1","NIT",50,"cliver",0.549266399415245
"6508",650.7,"Simu1","NIT",50,"cliver",0.530106927113832
"6509",650.8,"Simu1","NIT",50,"cliver",0.511208473120349
"6510",650.9,"Simu1","NIT",50,"cliver",0.492606821797675
"6511",651,"Simu1","NIT",50,"cliver",0.474331677483217
"6512",651.1,"Simu1","NIT",50,"cliver",0.4564075441045
"6513",651.2,"Simu1","NIT",50,"cliver",0.438854476187849
"6514",651.3,"Simu1","NIT",50,"cliver",0.421688719019036
"6515",651.4,"Simu1","NIT",50,"cliver",0.404923250572229
"6516",651.5,"Simu1","NIT",50,"cliver",0.388568241646447
"6517",651.6,"Simu1","NIT",50,"cliver",0.372631448871429
"6518",651.7,"Simu1","NIT",50,"cliver",0.357118553163836
"6519",651.8,"Simu1","NIT",50,"cliver",0.342033448896411
"6520",651.9,"Simu1","NIT",50,"cliver",0.327378490179134
"6521",652,"Simu1","NIT",50,"cliver",0.313154706052536
"6522",652.1,"Simu1","NIT",50,"cliver",0.299361980220448
"6523",652.2,"Simu1","NIT",50,"cliver",0.285999206502962
"6524",652.3,"Simu1","NIT",50,"cliver",0.273064421651171
"6525",652.4,"Simu1","NIT",50,"cliver",0.260554917491785
"6526",652.5,"Simu1","NIT",50,"cliver",0.248467335004257
"6527",652.6,"Simu1","NIT",50,"cliver",0.236797742446352
"6528",652.7,"Simu1","NIT",50,"cliver",0.225541699287282
"6529",652.8,"Simu1","NIT",50,"cliver",0.214694307427134
"6530",652.9,"Simu1","NIT",50,"cliver",0.204250250882487
"6531",653,"Simu1","NIT",50,"cliver",0.194203825302343
"6532",653.1,"Simu1","NIT",50,"cliver",0.184548958752144
"6533",653.2,"Simu1","NIT",50,"cliver",0.175279225142726
"6534",653.3,"Simu1","NIT",50,"cliver",0.166387851606612
"6535",653.4,"Simu1","NIT",50,"cliver",0.157867721497336
"6536",653.5,"Simu1","NIT",50,"cliver",0.149711374589945
"6537",653.6,"Simu1","NIT",50,"cliver",0.141911006424379
"6538",653.7,"Simu1","NIT",50,"cliver",0.134458467765794
"6539",653.8,"Simu1","NIT",50,"cliver",0.127345268257401
"6540",653.9,"Simu1","NIT",50,"cliver",0.120562614307367
"6541",654,"Simu1","NIT",50,"cliver",0.115358443801095
"6542",654.1,"Simu1","NIT",50,"cliver",0.437001099058314
"6543",654.2,"Simu1","NIT",50,"cliver",0.605171762583783
"6544",654.3,"Simu1","NIT",50,"cliver",0.680673474112063
"6545",654.4,"Simu1","NIT",50,"cliver",0.728784033323973
"6546",654.5,"Simu1","NIT",50,"cliver",0.762565896075128
"6547",654.6,"Simu1","NIT",50,"cliver",0.786025535159419
"6548",654.7,"Simu1","NIT",50,"cliver",0.801222150003318
"6549",654.8,"Simu1","NIT",50,"cliver",0.809629386554806
"6550",654.9,"Simu1","NIT",50,"cliver",0.812430853971245
"6551",655,"Simu1","NIT",50,"cliver",0.810606849817904
"6552",655.1,"Simu1","NIT",50,"cliver",0.804975624075529
"6553",655.2,"Simu1","NIT",50,"cliver",0.796222518313382
"6554",655.3,"Simu1","NIT",50,"cliver",0.784921284255857
"6555",655.4,"Simu1","NIT",50,"cliver",0.771553326201551
"6556",655.5,"Simu1","NIT",50,"cliver",0.756523327880019
"6557",655.6,"Simu1","NIT",50,"cliver",0.740171399304749
"6558",655.7,"Simu1","NIT",50,"cliver",0.722783464151397
"6559",655.8,"Simu1","NIT",50,"cliver",0.70460018624953
"6560",655.9,"Simu1","NIT",50,"cliver",0.685824453595895
"6561",656,"Simu1","NIT",50,"cliver",0.666627351973575
"6562",656.1,"Simu1","NIT",50,"cliver",0.647153048423871
"6563",656.2,"Simu1","NIT",50,"cliver",0.627523081658797
"6564",656.3,"Simu1","NIT",50,"cliver",0.607839769400348
"6565",656.4,"Simu1","NIT",50,"cliver",0.588189671012059
"6566",656.5,"Simu1","NIT",50,"cliver",0.568644959305444
"6567",656.6,"Simu1","NIT",50,"cliver",0.549267509135809
"6568",656.7,"Simu1","NIT",50,"cliver",0.530108023050786
"6569",656.8,"Simu1","NIT",50,"cliver",0.511209359613036
"6570",656.9,"Simu1","NIT",50,"cliver",0.492607483686824
"6571",657,"Simu1","NIT",50,"cliver",0.474332192257404
"6572",657.1,"Simu1","NIT",50,"cliver",0.456408353066693
"6573",657.2,"Simu1","NIT",50,"cliver",0.438855652027901
"6574",657.3,"Simu1","NIT",50,"cliver",0.421690050462294
"6575",657.4,"Simu1","NIT",50,"cliver",0.404924567730342
"6576",657.5,"Simu1","NIT",50,"cliver",0.388569505218402
"6577",657.6,"Simu1","NIT",50,"cliver",0.372632678038765
"6578",657.7,"Simu1","NIT",50,"cliver",0.35711976180857
"6579",657.8,"Simu1","NIT",50,"cliver",0.34203463663175
"6580",657.9,"Simu1","NIT",50,"cliver",0.327379647101758
"6581",658,"Simu1","NIT",50,"cliver",0.313155823072474
"6582",658.1,"Simu1","NIT",50,"cliver",0.299363052768418
"6583",658.2,"Simu1","NIT",50,"cliver",0.286000229915941
"6584",658.3,"Simu1","NIT",50,"cliver",0.273065378869095
"6585",658.4,"Simu1","NIT",50,"cliver",0.260555796330494
"6586",658.5,"Simu1","NIT",50,"cliver",0.248468143304348
"6587",658.6,"Simu1","NIT",50,"cliver",0.236798498367039
"6588",658.7,"Simu1","NIT",50,"cliver",0.225542414562267
"6589",658.8,"Simu1","NIT",50,"cliver",0.214694983487386
"6590",658.9,"Simu1","NIT",50,"cliver",0.204250886326716
"6591",659,"Simu1","NIT",50,"cliver",0.194204422621729
"6592",659.1,"Simu1","NIT",50,"cliver",0.184549522915651
"6593",659.2,"Simu1","NIT",50,"cliver",0.175279759300435
"6594",659.3,"Simu1","NIT",50,"cliver",0.166388356488728
"6595",659.4,"Simu1","NIT",50,"cliver",0.157868197848971
"6596",659.5,"Simu1","NIT",50,"cliver",0.149711824189966
"6597",659.6,"Simu1","NIT",50,"cliver",0.141911431194959
"6598",659.7,"Simu1","NIT",50,"cliver",0.134458869355499
"6599",659.8,"Simu1","NIT",50,"cliver",0.127345647836489
"6600",659.9,"Simu1","NIT",50,"cliver",0.120562939711495
"6601",660,"Simu1","NIT",50,"cliver",0.115358517818819
"6602",660.1,"Simu1","NIT",50,"cliver",0.437000885950095
"6603",660.2,"Simu1","NIT",50,"cliver",0.605171454909232
"6604",660.3,"Simu1","NIT",50,"cliver",0.68067245546396
"6605",660.4,"Simu1","NIT",50,"cliver",0.728784220838464
"6606",660.5,"Simu1","NIT",50,"cliver",0.76256527639106
"6607",660.6,"Simu1","NIT",50,"cliver",0.786024771157548
"6608",660.7,"Simu1","NIT",50,"cliver",0.801221376072342
"6609",660.8,"Simu1","NIT",50,"cliver",0.809628432074274
"6610",660.9,"Simu1","NIT",50,"cliver",0.812429833022632
"6611",661,"Simu1","NIT",50,"cliver",0.810606058582935
"6612",661.1,"Simu1","NIT",50,"cliver",0.804975189812489
"6613",661.2,"Simu1","NIT",50,"cliver",0.796221954087932
"6614",661.3,"Simu1","NIT",50,"cliver",0.784920334266625
"6615",661.4,"Simu1","NIT",50,"cliver",0.771552508323375
"6616",661.5,"Simu1","NIT",50,"cliver",0.75652269477853
"6617",661.6,"Simu1","NIT",50,"cliver",0.740170641460591
"6618",661.7,"Simu1","NIT",50,"cliver",0.72278252915734
"6619",661.8,"Simu1","NIT",50,"cliver",0.704599269692839
"6620",661.9,"Simu1","NIT",50,"cliver",0.685823691314229
"6621",662,"Simu1","NIT",50,"cliver",0.666626656512808
"6622",662.1,"Simu1","NIT",50,"cliver",0.647152287731684
"6623",662.2,"Simu1","NIT",50,"cliver",0.627522197990087
"6624",662.3,"Simu1","NIT",50,"cliver",0.607838890412644
"6625",662.4,"Simu1","NIT",50,"cliver",0.58818869662026
"6626",662.5,"Simu1","NIT",50,"cliver",0.56864423585457
"6627",662.6,"Simu1","NIT",50,"cliver",0.549266643062638
"6628",662.7,"Simu1","NIT",50,"cliver",0.530107103538665
"6629",662.8,"Simu1","NIT",50,"cliver",0.511208720454717
"6630",662.9,"Simu1","NIT",50,"cliver",0.492607046462524
"6631",663,"Simu1","NIT",50,"cliver",0.47433189268192
"6632",663.1,"Simu1","NIT",50,"cliver",0.456407694251374
"6633",663.2,"Simu1","NIT",50,"cliver",0.438854432140193
"6634",663.3,"Simu1","NIT",50,"cliver",0.42168848749161
"6635",663.4,"Simu1","NIT",50,"cliver",0.404922928303857
"6636",663.5,"Simu1","NIT",50,"cliver",0.388568154258992
"6637",663.6,"Simu1","NIT",50,"cliver",0.372631652089271
"6638",663.7,"Simu1","NIT",50,"cliver",0.357118904510392
"6639",663.8,"Simu1","NIT",50,"cliver",0.34203382072366
"6640",663.9,"Simu1","NIT",50,"cliver",0.32737884257112
"6641",664,"Simu1","NIT",50,"cliver",0.313155049707278
"6642",664.1,"Simu1","NIT",50,"cliver",0.299362327646722
"6643",664.2,"Simu1","NIT",50,"cliver",0.285999556498903
"6644",664.3,"Simu1","NIT",50,"cliver",0.273064766054275
"6645",664.4,"Simu1","NIT",50,"cliver",0.260555239255134
"6646",664.5,"Simu1","NIT",50,"cliver",0.2484676169282
"6647",664.6,"Simu1","NIT",50,"cliver",0.236797984330083
"6648",664.7,"Simu1","NIT",50,"cliver",0.225541914904466
"6649",664.8,"Simu1","NIT",50,"cliver",0.214694508261703
"6650",664.9,"Simu1","NIT",50,"cliver",0.204250439439269
"6651",665,"Simu1","NIT",50,"cliver",0.194203999397507
"6652",665.1,"Simu1","NIT",50,"cliver",0.184549117403315
"6653",665.2,"Simu1","NIT",50,"cliver",0.175279371284907
"6654",665.3,"Simu1","NIT",50,"cliver",0.166387989214484
"6655",665.4,"Simu1","NIT",50,"cliver",0.157867851196427
"6656",665.5,"Simu1","NIT",50,"cliver",0.149711494933058
"6657",665.6,"Simu1","NIT",50,"cliver",0.141911117783537
"6658",665.7,"Simu1","NIT",50,"cliver",0.134458572383737
"6659",665.8,"Simu1","NIT",50,"cliver",0.127345366985229
"6660",665.9,"Simu1","NIT",50,"cliver",0.120562678336341
"6661",666,"Simu1","NIT",50,"cliver",0.115358233789274
"6662",666.1,"Simu1","NIT",50,"cliver",0.437001078577568
"6663",666.2,"Simu1","NIT",50,"cliver",0.605171607080515
"6664",666.3,"Simu1","NIT",50,"cliver",0.680674421057421
"6665",666.4,"Simu1","NIT",50,"cliver",0.728784940343153
"6666",666.5,"Simu1","NIT",50,"cliver",0.762563391524368
"6667",666.6,"Simu1","NIT",50,"cliver",0.786023455661183
"6668",666.7,"Simu1","NIT",50,"cliver",0.801221336805318
"6669",666.8,"Simu1","NIT",50,"cliver",0.809628610546065
"6670",666.9,"Simu1","NIT",50,"cliver",0.812430227111289
"6671",667,"Simu1","NIT",50,"cliver",0.810606236910888
"6672",667.1,"Simu1","NIT",50,"cliver",0.804975119185881
"6673",667.2,"Simu1","NIT",50,"cliver",0.796222169792075
"6674",667.3,"Simu1","NIT",50,"cliver",0.784920950788486
"6675",667.4,"Simu1","NIT",50,"cliver",0.771553162378204
"6676",667.5,"Simu1","NIT",50,"cliver",0.756523377964276
"6677",667.6,"Simu1","NIT",50,"cliver",0.740171527206018
"6678",667.7,"Simu1","NIT",50,"cliver",0.722783506849023
"6679",667.8,"Simu1","NIT",50,"cliver",0.704600168796085
"6680",667.9,"Simu1","NIT",50,"cliver",0.685824487484876
"6681",668,"Simu1","NIT",50,"cliver",0.666627463705901
"6682",668.1,"Simu1","NIT",50,"cliver",0.647153199129434
"6683",668.2,"Simu1","NIT",50,"cliver",0.627523196233001
"6684",668.3,"Simu1","NIT",50,"cliver",0.607839903558397
"6685",668.4,"Simu1","NIT",50,"cliver",0.588189675591116
"6686",668.5,"Simu1","NIT",50,"cliver",0.568645205434007
"6687",668.6,"Simu1","NIT",50,"cliver",0.549267589761881
"6688",668.7,"Simu1","NIT",50,"cliver",0.530108087801043
"6689",668.8,"Simu1","NIT",50,"cliver",0.511209603530105
"6690",668.9,"Simu1","NIT",50,"cliver",0.492607922544044
"6691",669,"Simu1","NIT",50,"cliver",0.47433274892432
"6692",669.1,"Simu1","NIT",50,"cliver",0.456408585749095
"6693",669.2,"Simu1","NIT",50,"cliver",0.438855487660773
"6694",669.3,"Simu1","NIT",50,"cliver",0.421689700218225
"6695",669.4,"Simu1","NIT",50,"cliver",0.404924202037043
"6696",669.5,"Simu1","NIT",50,"cliver",0.388569163462656
"6697",669.6,"Simu1","NIT",50,"cliver",0.372632341696485
"6698",669.7,"Simu1","NIT",50,"cliver",0.357119418231315
"6699",669.8,"Simu1","NIT",50,"cliver",0.342034285106609
"6700",669.9,"Simu1","NIT",50,"cliver",0.327379297357393
"6701",670,"Simu1","NIT",50,"cliver",0.313155485165301
"6702",670.1,"Simu1","NIT",50,"cliver",0.299362732233504
"6703",670.2,"Simu1","NIT",50,"cliver",0.285999931485751
"6704",670.3,"Simu1","NIT",50,"cliver",0.273065119735826
"6705",670.4,"Simu1","NIT",50,"cliver",0.260555589450829
"6706",670.5,"Simu1","NIT",50,"cliver",0.248467981525309
"6707",670.6,"Simu1","NIT",50,"cliver",0.23679836385158
"6708",670.7,"Simu1","NIT",50,"cliver",0.225542295971465
"6709",670.8,"Simu1","NIT",50,"cliver",0.214694880036147
"6710",670.9,"Simu1","NIT",50,"cliver",0.204250799980503
"6711",671,"Simu1","NIT",50,"cliver",0.194204351376406
"6712",671.1,"Simu1","NIT",50,"cliver",0.184549462247491
"6713",671.2,"Simu1","NIT",50,"cliver",0.175279706726658
"6714",671.3,"Simu1","NIT",50,"cliver",0.166388311670966
"6715",671.4,"Simu1","NIT",50,"cliver",0.157868160913646
"6716",671.5,"Simu1","NIT",50,"cliver",0.149711793189444
"6717",671.6,"Simu1","NIT",50,"cliver",0.141911406649243
"6718",671.7,"Simu1","NIT",50,"cliver",0.134458851314862
"6719",671.8,"Simu1","NIT",50,"cliver",0.127345633285521
"6720",671.9,"Simu1","NIT",50,"cliver",0.120562926642584
"6721",672,"Simu1","NIT",50,"cliver",0.115358523276035
"6722",672.1,"Simu1","NIT",50,"cliver",0.437001436416645
"6723",672.2,"Simu1","NIT",50,"cliver",0.605172009101662
"6724",672.3,"Simu1","NIT",50,"cliver",0.680674403428377
"6725",672.4,"Simu1","NIT",50,"cliver",0.728784616981225
"6726",672.5,"Simu1","NIT",50,"cliver",0.762566413506646
"6727",672.6,"Simu1","NIT",50,"cliver",0.78602604882579
"6728",672.7,"Simu1","NIT",50,"cliver",0.801222668164344
"6729",672.8,"Simu1","NIT",50,"cliver",0.809629883806993
"6730",672.9,"Simu1","NIT",50,"cliver",0.812431372412492
"6731",673,"Simu1","NIT",50,"cliver",0.810607381483931
"6732",673.1,"Simu1","NIT",50,"cliver",0.804976143267275
"6733",673.2,"Simu1","NIT",50,"cliver",0.796223008932829
"6734",673.3,"Simu1","NIT",50,"cliver",0.784921777788452
"6735",673.4,"Simu1","NIT",50,"cliver",0.771553831717441
"6736",673.5,"Simu1","NIT",50,"cliver",0.756523808355369
"6737",673.6,"Simu1","NIT",50,"cliver",0.740171853983976
"6738",673.7,"Simu1","NIT",50,"cliver",0.72278390413302
"6739",673.8,"Simu1","NIT",50,"cliver",0.704600617226379
"6740",673.9,"Simu1","NIT",50,"cliver",0.685824874217446
"6741",674,"Simu1","NIT",50,"cliver",0.66662775699576
"6742",674.1,"Simu1","NIT",50,"cliver",0.647153443206745
"6743",674.2,"Simu1","NIT",50,"cliver",0.627523460385063
"6744",674.3,"Simu1","NIT",50,"cliver",0.607840150423451
"6745",674.4,"Simu1","NIT",50,"cliver",0.588190022919013
"6746",674.5,"Simu1","NIT",50,"cliver",0.56864527951766
"6747",674.6,"Simu1","NIT",50,"cliver",0.549267830281777
"6748",674.7,"Simu1","NIT",50,"cliver",0.530108377814868
"6749",674.8,"Simu1","NIT",50,"cliver",0.511209693948247
"6750",674.9,"Simu1","NIT",50,"cliver",0.492607805323815
"6751",675,"Simu1","NIT",50,"cliver",0.474332477582409
"6752",675.1,"Simu1","NIT",50,"cliver",0.456408600285828
"6753",675.2,"Simu1","NIT",50,"cliver",0.438855889449021
"6754",675.3,"Simu1","NIT",50,"cliver",0.421690299032918
"6755",675.4,"Simu1","NIT",50,"cliver",0.404924821475239
"6756",675.5,"Simu1","NIT",50,"cliver",0.388569749481548
"6757",675.6,"Simu1","NIT",50,"cliver",0.372632908975353
"6758",675.7,"Simu1","NIT",50,"cliver",0.357119982285505
"6759",675.8,"Simu1","NIT",50,"cliver",0.342034850132848
"6760",675.9,"Simu1","NIT",50,"cliver",0.327379854935746
"6761",676,"Simu1","NIT",50,"cliver",0.31315602470775
"6762",676.1,"Simu1","NIT",50,"cliver",0.299363247141534
"6763",676.2,"Simu1","NIT",50,"cliver",0.286000420493644
"6764",676.3,"Simu1","NIT",50,"cliver",0.273065567779884
"6765",676.4,"Simu1","NIT",50,"cliver",0.260555980574277
"6766",676.5,"Simu1","NIT",50,"cliver",0.248468318274711
"6767",676.6,"Simu1","NIT",50,"cliver",0.236798663375411
"6768",676.7,"Simu1","NIT",50,"cliver",0.225542571956289
"6769",676.8,"Simu1","NIT",50,"cliver",0.214695135117958
"6770",676.9,"Simu1","NIT",50,"cliver",0.204251032097665
"6771",677,"Simu1","NIT",50,"cliver",0.194204561629906
"6772",677.1,"Simu1","NIT",50,"cliver",0.184549655101428
"6773",677.2,"Simu1","NIT",50,"cliver",0.175279885411159
"6774",677.3,"Simu1","NIT",50,"cliver",0.166388477035583
"6775",677.4,"Simu1","NIT",50,"cliver",0.157868312777983
"6776",677.5,"Simu1","NIT",50,"cliver",0.149711933434135
"6777",677.6,"Simu1","NIT",50,"cliver",0.141911534975123
"6778",677.7,"Simu1","NIT",50,"cliver",0.134458967980404
"6779",677.8,"Simu1","NIT",50,"cliver",0.127345741486298
"6780",677.9,"Simu1","NIT",50,"cliver",0.120563028876299
"6781",678,"Simu1","NIT",50,"cliver",0.115358625130914
"6782",678.1,"Simu1","NIT",50,"cliver",0.437000951972939
"6783",678.2,"Simu1","NIT",50,"cliver",0.60517133191301
"6784",678.3,"Simu1","NIT",50,"cliver",0.680672574518457
"6785",678.4,"Simu1","NIT",50,"cliver",0.728784092578054
"6786",678.5,"Simu1","NIT",50,"cliver",0.762564587531486
"6787",678.6,"Simu1","NIT",50,"cliver",0.78602426412602
"6788",678.7,"Simu1","NIT",50,"cliver",0.801221223607907
"6789",678.8,"Simu1","NIT",50,"cliver",0.809628332456935
"6790",678.9,"Simu1","NIT",50,"cliver",0.812429764541057
"6791",679,"Simu1","NIT",50,"cliver",0.810605605688832
"6792",679.1,"Simu1","NIT",50,"cliver",0.804974520207667
"6793",679.2,"Simu1","NIT",50,"cliver",0.796221525031685
"6794",679.3,"Simu1","NIT",50,"cliver",0.784920231523116
"6795",679.4,"Simu1","NIT",50,"cliver",0.771552470694094
"6796",679.5,"Simu1","NIT",50,"cliver",0.756522682724941
"6797",679.6,"Simu1","NIT",50,"cliver",0.740170736825045
"6798",679.7,"Simu1","NIT",50,"cliver",0.722782675530145
"6799",679.8,"Simu1","NIT",50,"cliver",0.704599400949018
"6800",679.9,"Simu1","NIT",50,"cliver",0.685823789270162
"6801",680,"Simu1","NIT",50,"cliver",0.666626792270116
"6802",680.1,"Simu1","NIT",50,"cliver",0.64715251693105
"6803",680.2,"Simu1","NIT",50,"cliver",0.627522476753339
"6804",680.3,"Simu1","NIT",50,"cliver",0.60783916426163
"6805",680.4,"Simu1","NIT",50,"cliver",0.588188941278953
"6806",680.5,"Simu1","NIT",50,"cliver",0.568644482296945
"6807",680.6,"Simu1","NIT",50,"cliver",0.549266876236036
"6808",680.7,"Simu1","NIT",50,"cliver",0.530107377747698
"6809",680.8,"Simu1","NIT",50,"cliver",0.511208908061894
"6810",680.9,"Simu1","NIT",50,"cliver",0.492607236760935
"6811",681,"Simu1","NIT",50,"cliver",0.47433208986544
"6812",681.1,"Simu1","NIT",50,"cliver",0.456407929364297
"6813",681.2,"Simu1","NIT",50,"cliver",0.438854869551685
"6814",681.3,"Simu1","NIT",50,"cliver",0.421689081281554
"6815",681.4,"Simu1","NIT",50,"cliver",0.404923590793831
"6816",681.5,"Simu1","NIT",50,"cliver",0.388568599835529
"6817",681.6,"Simu1","NIT",50,"cliver",0.372631821394304
"6818",681.7,"Simu1","NIT",50,"cliver",0.357118901088442
"6819",681.8,"Simu1","NIT",50,"cliver",0.342033770768058
"6820",681.9,"Simu1","NIT",50,"cliver",0.327378815770805
"6821",682,"Simu1","NIT",50,"cliver",0.313155028730778
"6822",682.1,"Simu1","NIT",50,"cliver",0.299362276971534
"6823",682.2,"Simu1","NIT",50,"cliver",0.285999484333142
"6824",682.3,"Simu1","NIT",50,"cliver",0.273064696329225
"6825",682.4,"Simu1","NIT",50,"cliver",0.260555185054872
"6826",682.5,"Simu1","NIT",50,"cliver",0.248467586517089
"6827",682.6,"Simu1","NIT",50,"cliver",0.236797981283336
"6828",682.7,"Simu1","NIT",50,"cliver",0.225541930887601
"6829",682.8,"Simu1","NIT",50,"cliver",0.214694530747059
"6830",682.9,"Simu1","NIT",50,"cliver",0.204250462558811
"6831",683,"Simu1","NIT",50,"cliver",0.194204027401078
"6832",683.1,"Simu1","NIT",50,"cliver",0.184549151879941
"6833",683.2,"Simu1","NIT",50,"cliver",0.175279411791077
"6834",683.3,"Simu1","NIT",50,"cliver",0.166388025926166
"6835",683.4,"Simu1","NIT",50,"cliver",0.157867891775548
"6836",683.5,"Simu1","NIT",50,"cliver",0.149711510696398
"6837",683.6,"Simu1","NIT",50,"cliver",0.141911103117112
"6838",683.7,"Simu1","NIT",50,"cliver",0.134458564299363
"6839",683.8,"Simu1","NIT",50,"cliver",0.127345386584712
"6840",683.9,"Simu1","NIT",50,"cliver",0.120562693036729
"6841",684,"Simu1","NIT",50,"cliver",0.115358303536678
"6842",684.1,"Simu1","NIT",50,"cliver",0.437000851933224
"6843",684.2,"Simu1","NIT",50,"cliver",0.605173378766201
"6844",684.3,"Simu1","NIT",50,"cliver",0.680675551982665
"6845",684.4,"Simu1","NIT",50,"cliver",0.728786463025671
"6846",684.5,"Simu1","NIT",50,"cliver",0.762568482227664
"6847",684.6,"Simu1","NIT",50,"cliver",0.786028267676902
"6848",684.7,"Simu1","NIT",50,"cliver",0.801225032260964
"6849",684.8,"Simu1","NIT",50,"cliver",0.80963231443704
"6850",684.9,"Simu1","NIT",50,"cliver",0.81243389177413
"6851",685,"Simu1","NIT",50,"cliver",0.810610027575747
"6852",685.1,"Simu1","NIT",50,"cliver",0.804978832545763
"6853",685.2,"Simu1","NIT",50,"cliver",0.796225596938641
"6854",685.3,"Simu1","NIT",50,"cliver",0.784924385405418
"6855",685.4,"Simu1","NIT",50,"cliver",0.771556467654655
"6856",685.5,"Simu1","NIT",50,"cliver",0.756526412683702
"6857",685.6,"Simu1","NIT",50,"cliver",0.740174385666851
"6858",685.7,"Simu1","NIT",50,"cliver",0.722786389421627
"6859",685.8,"Simu1","NIT",50,"cliver",0.704603102813031
"6860",685.9,"Simu1","NIT",50,"cliver",0.68582733099566
"6861",686,"Simu1","NIT",50,"cliver",0.666630130499699
"6862",686.1,"Simu1","NIT",50,"cliver",0.647155738184215
"6863",686.2,"Simu1","NIT",50,"cliver",0.627525663743661
"6864",686.3,"Simu1","NIT",50,"cliver",0.607842360361412
"6865",686.4,"Simu1","NIT",50,"cliver",0.5881920435525
"6866",686.5,"Simu1","NIT",50,"cliver",0.568647599313225
"6867",686.6,"Simu1","NIT",50,"cliver",0.549269891226391
"6868",686.7,"Simu1","NIT",50,"cliver",0.530110334821374
"6869",686.8,"Simu1","NIT",50,"cliver",0.511211719830259
"6870",686.9,"Simu1","NIT",50,"cliver",0.492609760838726
"6871",687,"Simu1","NIT",50,"cliver",0.474334351118705
"6872",687.1,"Simu1","NIT",50,"cliver",0.456410097337768
"6873",687.2,"Simu1","NIT",50,"cliver",0.438857298815865
"6874",687.3,"Simu1","NIT",50,"cliver",0.421691799851549
"6875",687.4,"Simu1","NIT",50,"cliver",0.404926383159939
"6876",687.5,"Simu1","NIT",50,"cliver",0.38857128682979
"6877",687.6,"Simu1","NIT",50,"cliver",0.372634383682503
"6878",687.7,"Simu1","NIT",50,"cliver",0.357121398068549
"6879",687.8,"Simu1","NIT",50,"cliver",0.342036215383987
"6880",687.9,"Simu1","NIT",50,"cliver",0.327381176500378
"6881",688,"Simu1","NIT",50,"cliver",0.313157303134323
"6882",688.1,"Simu1","NIT",50,"cliver",0.299364481880852
"6883",688.2,"Simu1","NIT",50,"cliver",0.286001611310957
"6884",688.3,"Simu1","NIT",50,"cliver",0.273066726361232
"6885",688.4,"Simu1","NIT",50,"cliver",0.260557108371032
"6886",688.5,"Simu1","NIT",50,"cliver",0.248469403911129
"6887",688.6,"Simu1","NIT",50,"cliver",0.236799698669951
"6888",688.7,"Simu1","NIT",50,"cliver",0.225543559710092
"6889",688.8,"Simu1","NIT",50,"cliver",0.214696082689823
"6890",688.9,"Simu1","NIT",50,"cliver",0.204251943024525
"6891",689,"Simu1","NIT",50,"cliver",0.194205434249114
"6892",689.1,"Simu1","NIT",50,"cliver",0.184550488154998
"6893",689.2,"Simu1","NIT",50,"cliver",0.17528068065143
"6894",689.3,"Simu1","NIT",50,"cliver",0.166389237021834
"6895",689.4,"Simu1","NIT",50,"cliver",0.157869038469965
"6896",689.5,"Simu1","NIT",50,"cliver",0.149712625067896
"6897",689.6,"Simu1","NIT",50,"cliver",0.141912193270577
"6898",689.7,"Simu1","NIT",50,"cliver",0.13445959434861
"6899",689.8,"Simu1","NIT",50,"cliver",0.127346336897493
"6900",689.9,"Simu1","NIT",50,"cliver",0.120563594410878
"6901",690,"Simu1","NIT",50,"cliver",0.115359127237791
"6902",690.1,"Simu1","NIT",50,"cliver",0.437001368076085
"6903",690.2,"Simu1","NIT",50,"cliver",0.605171631694631
"6904",690.3,"Simu1","NIT",50,"cliver",0.68067376998764
"6905",690.4,"Simu1","NIT",50,"cliver",0.728784379194613
"6906",690.5,"Simu1","NIT",50,"cliver",0.762563997733322
"6907",690.6,"Simu1","NIT",50,"cliver",0.786024667613017
"6908",690.7,"Simu1","NIT",50,"cliver",0.801221037521966
"6909",690.8,"Simu1","NIT",50,"cliver",0.809628154532765
"6910",690.9,"Simu1","NIT",50,"cliver",0.812429693122463
"6911",691,"Simu1","NIT",50,"cliver",0.810605836674317
"6912",691.1,"Simu1","NIT",50,"cliver",0.804974873054644
"6913",691.2,"Simu1","NIT",50,"cliver",0.796221419665122
"6914",691.3,"Simu1","NIT",50,"cliver",0.784920077413518
"6915",691.4,"Simu1","NIT",50,"cliver",0.771552407411632
"6916",691.5,"Simu1","NIT",50,"cliver",0.756522486132247
"6917",691.6,"Simu1","NIT",50,"cliver",0.740170524043686
"6918",691.7,"Simu1","NIT",50,"cliver",0.72278258380296
"6919",691.8,"Simu1","NIT",50,"cliver",0.704599396234868
"6920",691.9,"Simu1","NIT",50,"cliver",0.685823719000007
"6921",692,"Simu1","NIT",50,"cliver",0.666626579841908
"6922",692.1,"Simu1","NIT",50,"cliver",0.647152221758779
"6923",692.2,"Simu1","NIT",50,"cliver",0.627522204520206
"6924",692.3,"Simu1","NIT",50,"cliver",0.607838944885305
"6925",692.4,"Simu1","NIT",50,"cliver",0.588188739949174
"6926",692.5,"Simu1","NIT",50,"cliver",0.568644271732651
"6927",692.6,"Simu1","NIT",50,"cliver",0.549266658224408
"6928",692.7,"Simu1","NIT",50,"cliver",0.530107172077167
"6929",692.8,"Simu1","NIT",50,"cliver",0.511208711260136
"6930",692.9,"Simu1","NIT",50,"cliver",0.492607051083478
"6931",693,"Simu1","NIT",50,"cliver",0.474331893944174
"6932",693.1,"Simu1","NIT",50,"cliver",0.45640774767013
"6933",693.2,"Simu1","NIT",50,"cliver",0.438854669713855
"6934",693.3,"Simu1","NIT",50,"cliver",0.421688904380279
"6935",693.4,"Simu1","NIT",50,"cliver",0.404923427634584
"6936",693.5,"Simu1","NIT",50,"cliver",0.388568409805383
"6937",693.6,"Simu1","NIT",50,"cliver",0.372631608511528
"6938",693.7,"Simu1","NIT",50,"cliver",0.357118704832118
"6939",693.8,"Simu1","NIT",50,"cliver",0.342033592580903
"6940",693.9,"Simu1","NIT",50,"cliver",0.327378627217703
"6941",694,"Simu1","NIT",50,"cliver",0.313154836790938
"6942",694.1,"Simu1","NIT",50,"cliver",0.299362104743335
"6943",694.2,"Simu1","NIT",50,"cliver",0.285999325064271
"6944",694.3,"Simu1","NIT",50,"cliver",0.273064534578818
"6945",694.4,"Simu1","NIT",50,"cliver",0.260555025081457
"6946",694.5,"Simu1","NIT",50,"cliver",0.248467437457653
"6947",694.6,"Simu1","NIT",50,"cliver",0.236797839925425
"6948",694.7,"Simu1","NIT",50,"cliver",0.225541792022244
"6949",694.8,"Simu1","NIT",50,"cliver",0.214694395648473
"6950",694.9,"Simu1","NIT",50,"cliver",0.204250334753115
"6951",695,"Simu1","NIT",50,"cliver",0.194203904949834
"6952",695.1,"Simu1","NIT",50,"cliver",0.184549034359416
"6953",695.2,"Simu1","NIT",50,"cliver",0.175279296862054
"6954",695.3,"Simu1","NIT",50,"cliver",0.166387919615284
"6955",695.4,"Simu1","NIT",50,"cliver",0.157867785850947
"6956",695.5,"Simu1","NIT",50,"cliver",0.14971143557108
"6957",695.6,"Simu1","NIT",50,"cliver",0.141911063872482
"6958",695.7,"Simu1","NIT",50,"cliver",0.134458522868449
"6959",695.8,"Simu1","NIT",50,"cliver",0.127345319570623
"6960",695.9,"Simu1","NIT",50,"cliver",0.120562628354838
"6961",696,"Simu1","NIT",50,"cliver",0.115358223489099
"6962",696.1,"Simu1","NIT",50,"cliver",0.437000765283891
"6963",696.2,"Simu1","NIT",50,"cliver",0.605171018764164
"6964",696.3,"Simu1","NIT",50,"cliver",0.680672385344631
"6965",696.4,"Simu1","NIT",50,"cliver",0.728784496463257
"6966",696.5,"Simu1","NIT",50,"cliver",0.762565484613421
"6967",696.6,"Simu1","NIT",50,"cliver",0.786025065580135
"6968",696.7,"Simu1","NIT",50,"cliver",0.801220730156873
"6969",696.8,"Simu1","NIT",50,"cliver",0.809628585568335
"6970",696.9,"Simu1","NIT",50,"cliver",0.812430076929522
"6971",697,"Simu1","NIT",50,"cliver",0.810606175082359
"6972",697.1,"Simu1","NIT",50,"cliver",0.804975334028399
"6973",697.2,"Simu1","NIT",50,"cliver",0.796222237258563
"6974",697.3,"Simu1","NIT",50,"cliver",0.784920677682395
"6975",697.4,"Simu1","NIT",50,"cliver",0.771552800702643
"6976",697.5,"Simu1","NIT",50,"cliver",0.756523024494826
"6977",697.6,"Simu1","NIT",50,"cliver",0.740171020215622
"6978",697.7,"Simu1","NIT",50,"cliver",0.722782850500645
"6979",697.8,"Simu1","NIT",50,"cliver",0.704599526850795
"6980",697.9,"Simu1","NIT",50,"cliver",0.685823936473268
"6981",698,"Simu1","NIT",50,"cliver",0.666626955374219
"6982",698.1,"Simu1","NIT",50,"cliver",0.647152640032225
"6983",698.2,"Simu1","NIT",50,"cliver",0.627522563750361
"6984",698.3,"Simu1","NIT",50,"cliver",0.607839251442725
"6985",698.4,"Simu1","NIT",50,"cliver",0.588189048071667
"6986",698.5,"Simu1","NIT",50,"cliver",0.568644601798273
"6987",698.6,"Simu1","NIT",50,"cliver",0.549266990695088
"6988",698.7,"Simu1","NIT",50,"cliver",0.530107488240173
"6989",698.8,"Simu1","NIT",50,"cliver",0.51120901373669
"6990",698.9,"Simu1","NIT",50,"cliver",0.492607351834537
"6991",699,"Simu1","NIT",50,"cliver",0.474332196456621
"6992",699.1,"Simu1","NIT",50,"cliver",0.456408047813621
"6993",699.2,"Simu1","NIT",50,"cliver",0.438854961797023
"6994",699.3,"Simu1","NIT",50,"cliver",0.421689190796204
"6995",699.4,"Simu1","NIT",50,"cliver",0.404923707001581
"6996",699.5,"Simu1","NIT",50,"cliver",0.388568659106659
"6997",699.6,"Simu1","NIT",50,"cliver",0.372631850688844
"6998",699.7,"Simu1","NIT",50,"cliver",0.357118961942803
"6999",699.8,"Simu1","NIT",50,"cliver",0.342033869032238
"7000",699.9,"Simu1","NIT",50,"cliver",0.327378889996336
"7001",700,"Simu1","NIT",50,"cliver",0.313155096287896
"7002",700.1,"Simu1","NIT",50,"cliver",0.299362376578412
"7003",700.2,"Simu1","NIT",50,"cliver",0.285999622805603
"7004",700.3,"Simu1","NIT",50,"cliver",0.273064848583903
"7005",700.4,"Simu1","NIT",50,"cliver",0.260555348554055
"7006",700.5,"Simu1","NIT",50,"cliver",0.248467752985282
"7007",700.6,"Simu1","NIT",50,"cliver",0.236798159698926
"7008",700.7,"Simu1","NIT",50,"cliver",0.225542102855003
"7009",700.8,"Simu1","NIT",50,"cliver",0.21469461272914
"7010",700.9,"Simu1","NIT",50,"cliver",0.204250556577631
"7011",701,"Simu1","NIT",50,"cliver",0.194204148273521
"7012",701.1,"Simu1","NIT",50,"cliver",0.184549264763497
"7013",701.2,"Simu1","NIT",50,"cliver",0.175279498926274
"7014",701.3,"Simu1","NIT",50,"cliver",0.166388110492799
"7015",701.4,"Simu1","NIT",50,"cliver",0.157867972598604
"7016",701.5,"Simu1","NIT",50,"cliver",0.149711611721879
"7017",701.6,"Simu1","NIT",50,"cliver",0.141911227676857
"7018",701.7,"Simu1","NIT",50,"cliver",0.134458673186838
"7019",701.8,"Simu1","NIT",50,"cliver",0.127345462094223
"7020",701.9,"Simu1","NIT",50,"cliver",0.120562763960478
"7021",702,"Simu1","NIT",50,"cliver",0.115358355993838
"7022",702.1,"Simu1","NIT",50,"cliver",0.437001214330582
"7023",702.2,"Simu1","NIT",50,"cliver",0.605172544467902
"7024",702.3,"Simu1","NIT",50,"cliver",0.680673708835277
"7025",702.4,"Simu1","NIT",50,"cliver",0.728785726699103
"7026",702.5,"Simu1","NIT",50,"cliver",0.762565809331464
"7027",702.6,"Simu1","NIT",50,"cliver",0.78602489409741
"7028",702.7,"Simu1","NIT",50,"cliver",0.801222581119749
"7029",702.8,"Simu1","NIT",50,"cliver",0.809629680709004
"7030",702.9,"Simu1","NIT",50,"cliver",0.812431229977908
"7031",703,"Simu1","NIT",50,"cliver",0.810607427244536
"7032",703.1,"Simu1","NIT",50,"cliver",0.804976247544627
"7033",703.2,"Simu1","NIT",50,"cliver",0.796222993998886
"7034",703.3,"Simu1","NIT",50,"cliver",0.784921858876688
"7035",703.4,"Simu1","NIT",50,"cliver",0.771554069843951
"7036",703.5,"Simu1","NIT",50,"cliver",0.756524018607549
"7037",703.6,"Simu1","NIT",50,"cliver",0.740171937750671
"7038",703.7,"Simu1","NIT",50,"cliver",0.72278394220512
"7039",703.8,"Simu1","NIT",50,"cliver",0.704600752331969
"7040",703.9,"Simu1","NIT",50,"cliver",0.685825114412126
"7041",704,"Simu1","NIT",50,"cliver",0.66662800430225
"7042",704.1,"Simu1","NIT",50,"cliver",0.647153652955107
"7043",704.2,"Simu1","NIT",50,"cliver",0.627523629305611
"7044",704.3,"Simu1","NIT",50,"cliver",0.607840367201846
"7045",704.4,"Simu1","NIT",50,"cliver",0.588190164001463
"7046",704.5,"Simu1","NIT",50,"cliver",0.5686456896485
"7047",704.6,"Simu1","NIT",50,"cliver",0.549268063047948
"7048",704.7,"Simu1","NIT",50,"cliver",0.530108551500322
"7049",704.8,"Simu1","NIT",50,"cliver",0.511210077195251
"7050",704.9,"Simu1","NIT",50,"cliver",0.492608382105313
"7051",705,"Simu1","NIT",50,"cliver",0.47433322538535
"7052",705.1,"Simu1","NIT",50,"cliver",0.456409008354318
"7053",705.2,"Simu1","NIT",50,"cliver",0.438855976811159
"7054",705.3,"Simu1","NIT",50,"cliver",0.421690119405779
"7055",705.4,"Simu1","NIT",50,"cliver",0.404924621058355
"7056",705.5,"Simu1","NIT",50,"cliver",0.388569530920532
"7057",705.6,"Simu1","NIT",50,"cliver",0.372632576720644
"7058",705.7,"Simu1","NIT",50,"cliver",0.357119556426367
"7059",705.8,"Simu1","NIT",50,"cliver",0.342034369398045
"7060",705.9,"Simu1","NIT",50,"cliver",0.327379511416706
"7061",706,"Simu1","NIT",50,"cliver",0.313155853426231
"7062",706.1,"Simu1","NIT",50,"cliver",0.299363173125219
"7063",706.2,"Simu1","NIT",50,"cliver",0.286000375747406
"7064",706.3,"Simu1","NIT",50,"cliver",0.273065547177635
"7065",706.4,"Simu1","NIT",50,"cliver",0.260556005864454
"7066",706.5,"Simu1","NIT",50,"cliver",0.248468393096998
"7067",706.6,"Simu1","NIT",50,"cliver",0.236798768843251
"7068",706.7,"Simu1","NIT",50,"cliver",0.225542690729792
"7069",706.8,"Simu1","NIT",50,"cliver",0.214695254501634
"7070",706.9,"Simu1","NIT",50,"cliver",0.204251145743468
"7071",707,"Simu1","NIT",50,"cliver",0.194204668728181
"7072",707.1,"Simu1","NIT",50,"cliver",0.184549757962071
"7073",707.2,"Simu1","NIT",50,"cliver",0.175279986603743
"7074",707.3,"Simu1","NIT",50,"cliver",0.166388577836533
"7075",707.4,"Simu1","NIT",50,"cliver",0.157868411789588
"7076",707.5,"Simu1","NIT",50,"cliver",0.14971202863432
"7077",707.6,"Simu1","NIT",50,"cliver",0.141911626563925
"7078",707.7,"Simu1","NIT",50,"cliver",0.134459057930462
"7079",707.8,"Simu1","NIT",50,"cliver",0.127345829275724
"7080",707.9,"Simu1","NIT",50,"cliver",0.120563113495095
"7081",708,"Simu1","NIT",50,"cliver",0.115358713140067
"7082",708.1,"Simu1","NIT",50,"cliver",0.437001638658753
"7083",708.2,"Simu1","NIT",50,"cliver",0.60517207950915
"7084",708.3,"Simu1","NIT",50,"cliver",0.68067429738946
"7085",708.4,"Simu1","NIT",50,"cliver",0.728785537958643
"7086",708.5,"Simu1","NIT",50,"cliver",0.762565809085937
"7087",708.6,"Simu1","NIT",50,"cliver",0.786026081728671
"7088",708.7,"Simu1","NIT",50,"cliver",0.801222763523361
"7089",708.8,"Simu1","NIT",50,"cliver",0.809629951571643
"7090",708.9,"Simu1","NIT",50,"cliver",0.812431450366429
"7091",709,"Simu1","NIT",50,"cliver",0.810607477688426
"7092",709.1,"Simu1","NIT",50,"cliver",0.804976232339679
"7093",709.2,"Simu1","NIT",50,"cliver",0.796223102902598
"7094",709.3,"Simu1","NIT",50,"cliver",0.78492189922261
"7095",709.4,"Simu1","NIT",50,"cliver",0.771554013238538
"7096",709.5,"Simu1","NIT",50,"cliver",0.756524125975894
"7097",709.6,"Simu1","NIT",50,"cliver",0.74017222876041
"7098",709.7,"Simu1","NIT",50,"cliver",0.722784218713306
"7099",709.8,"Simu1","NIT",50,"cliver",0.704600860208317
"7100",709.9,"Simu1","NIT",50,"cliver",0.685825113829682
"7101",710,"Simu1","NIT",50,"cliver",0.666628030217233
"7102",710.1,"Simu1","NIT",50,"cliver",0.647153732673578
"7103",710.2,"Simu1","NIT",50,"cliver",0.627523713041943
"7104",710.3,"Simu1","NIT",50,"cliver",0.607840407633585
"7105",710.4,"Simu1","NIT",50,"cliver",0.588190160414095
"7106",710.5,"Simu1","NIT",50,"cliver",0.568645668583983
"7107",710.6,"Simu1","NIT",50,"cliver",0.549268033612079
"7108",710.7,"Simu1","NIT",50,"cliver",0.530108515431793
"7109",710.8,"Simu1","NIT",50,"cliver",0.511210015664981
"7110",710.9,"Simu1","NIT",50,"cliver",0.492608318634795
"7111",711,"Simu1","NIT",50,"cliver",0.474333128802355
"7112",711.1,"Simu1","NIT",50,"cliver",0.456408950368175
"7113",711.2,"Simu1","NIT",50,"cliver",0.438855837987972
"7114",711.3,"Simu1","NIT",50,"cliver",0.421690037003295
"7115",711.4,"Simu1","NIT",50,"cliver",0.404924525348877
"7116",711.5,"Simu1","NIT",50,"cliver",0.388569473851754
"7117",711.6,"Simu1","NIT",50,"cliver",0.372632639204386
"7118",711.7,"Simu1","NIT",50,"cliver",0.357119702276485
"7119",711.8,"Simu1","NIT",50,"cliver",0.342034557664991
"7120",711.9,"Simu1","NIT",50,"cliver",0.327379559455255
"7121",712,"Simu1","NIT",50,"cliver",0.313155736601008
"7122",712.1,"Simu1","NIT",50,"cliver",0.299362972781246
"7123",712.2,"Simu1","NIT",50,"cliver",0.286000161881526
"7124",712.3,"Simu1","NIT",50,"cliver",0.273065340684471
"7125",712.4,"Simu1","NIT",50,"cliver",0.260555800975255
"7126",712.5,"Simu1","NIT",50,"cliver",0.248468183709796
"7127",712.6,"Simu1","NIT",50,"cliver",0.236798557171136
"7128",712.7,"Simu1","NIT",50,"cliver",0.225542480836605
"7129",712.8,"Simu1","NIT",50,"cliver",0.214695056586936
"7130",712.9,"Simu1","NIT",50,"cliver",0.204250968426438
"7131",713,"Simu1","NIT",50,"cliver",0.194204512015237
"7132",713.1,"Simu1","NIT",50,"cliver",0.184549615417155
"7133",713.2,"Simu1","NIT",50,"cliver",0.175279852545471
"7134",713.3,"Simu1","NIT",50,"cliver",0.166388450516775
"7135",713.4,"Simu1","NIT",50,"cliver",0.157868292718193
"7136",713.5,"Simu1","NIT",50,"cliver",0.149711918876182
"7137",713.6,"Simu1","NIT",50,"cliver",0.14191152464757
"7138",713.7,"Simu1","NIT",50,"cliver",0.134458960541139
"7139",713.8,"Simu1","NIT",50,"cliver",0.127345736365882
"7140",713.9,"Simu1","NIT",50,"cliver",0.120563025887191
"7141",714,"Simu1","NIT",50,"cliver",0.11535858989608
"7142",714.1,"Simu1","NIT",50,"cliver",0.437000846222025
"7143",714.2,"Simu1","NIT",50,"cliver",0.605171104525362
"7144",714.3,"Simu1","NIT",50,"cliver",0.680673214750961
"7145",714.4,"Simu1","NIT",50,"cliver",0.7287838216935
"7146",714.5,"Simu1","NIT",50,"cliver",0.762564005446724
"7147",714.6,"Simu1","NIT",50,"cliver",0.786022866238978
"7148",714.7,"Simu1","NIT",50,"cliver",0.801220594600285
"7149",714.8,"Simu1","NIT",50,"cliver",0.80962746084834
"7150",714.9,"Simu1","NIT",50,"cliver",0.812429020437203
"7151",715,"Simu1","NIT",50,"cliver",0.810605075753509
"7152",715.1,"Simu1","NIT",50,"cliver",0.804973807542743
"7153",715.2,"Simu1","NIT",50,"cliver",0.796220706310185
"7154",715.3,"Simu1","NIT",50,"cliver",0.78491957717224
"7155",715.4,"Simu1","NIT",50,"cliver",0.77155182195573
"7156",715.5,"Simu1","NIT",50,"cliver",0.756522070222948
"7157",715.6,"Simu1","NIT",50,"cliver",0.740170216072399
"7158",715.7,"Simu1","NIT",50,"cliver",0.722782312374468
"7159",715.8,"Simu1","NIT",50,"cliver",0.704599158728988
"7160",715.9,"Simu1","NIT",50,"cliver",0.685823606474198
"7161",716,"Simu1","NIT",50,"cliver",0.666626427444108
"7162",716.1,"Simu1","NIT",50,"cliver",0.647151749338505
"7163",716.2,"Simu1","NIT",50,"cliver",0.627521634376446
"7164",716.3,"Simu1","NIT",50,"cliver",0.607838907156202
"7165",716.4,"Simu1","NIT",50,"cliver",0.588188933541946
"7166",716.5,"Simu1","NIT",50,"cliver",0.568644499110188
"7167",716.6,"Simu1","NIT",50,"cliver",0.54926693386763
"7168",716.7,"Simu1","NIT",50,"cliver",0.530107518732309
"7169",716.8,"Simu1","NIT",50,"cliver",0.511209108236697
"7170",716.9,"Simu1","NIT",50,"cliver",0.492607459680946
"7171",717,"Simu1","NIT",50,"cliver",0.474332237740438
"7172",717.1,"Simu1","NIT",50,"cliver",0.456407931252985
"7173",717.2,"Simu1","NIT",50,"cliver",0.438854711676306
"7174",717.3,"Simu1","NIT",50,"cliver",0.421688881198305
"7175",717.4,"Simu1","NIT",50,"cliver",0.404923414620889
"7176",717.5,"Simu1","NIT",50,"cliver",0.38856837535642
"7177",717.6,"Simu1","NIT",50,"cliver",0.372631583714118
"7178",717.7,"Simu1","NIT",50,"cliver",0.357118586419323
"7179",717.8,"Simu1","NIT",50,"cliver",0.342033586094815
"7180",717.9,"Simu1","NIT",50,"cliver",0.32737825016434
"7181",718,"Simu1","NIT",50,"cliver",0.313154805411173
"7182",718.1,"Simu1","NIT",50,"cliver",0.299362076510836
"7183",718.2,"Simu1","NIT",50,"cliver",0.285999065260509
"7184",718.3,"Simu1","NIT",50,"cliver",0.273064571127401
"7185",718.4,"Simu1","NIT",50,"cliver",0.260554977467532
"7186",718.5,"Simu1","NIT",50,"cliver",0.2484672163723
"7187",718.6,"Simu1","NIT",50,"cliver",0.236797943048014
"7188",718.7,"Simu1","NIT",50,"cliver",0.22554169416484
"7189",718.8,"Simu1","NIT",50,"cliver",0.214694152184591
"7190",718.9,"Simu1","NIT",50,"cliver",0.204250650602462
"7191",719,"Simu1","NIT",50,"cliver",0.194203775340322
"7192",719.1,"Simu1","NIT",50,"cliver",0.184548883059928
"7193",719.2,"Simu1","NIT",50,"cliver",0.175279170816128
"7194",719.3,"Simu1","NIT",50,"cliver",0.166387793502542
"7195",719.4,"Simu1","NIT",50,"cliver",0.157867655389239
"7196",719.5,"Simu1","NIT",50,"cliver",0.149711296981866
"7197",719.6,"Simu1","NIT",50,"cliver",0.141910941320744
"7198",719.7,"Simu1","NIT",50,"cliver",0.13445842251737
"7199",719.8,"Simu1","NIT",50,"cliver",0.127345232866709
"7200",719.9,"Simu1","NIT",50,"cliver",0.120562550235826
"7201",720,"Simu1","NIT",50,"cliver",0.115358145008599
