"","time","Simulation","Chemical","dose","variable","value"
"1",0,"Simu1","NIT",50,"cliver",0
"2",0.1,"Simu1","NIT",50,"cliver",0.244812180703783
"3",0.2,"Simu1","NIT",50,"cliver",0.362443168509729
"4",0.3,"Simu1","NIT",50,"cliver",0.398663762672384
"5",0.4,"Simu1","NIT",50,"cliver",0.414776578326496
"6",0.5,"Simu1","NIT",50,"cliver",0.424210115676123
"7",0.6,"Simu1","NIT",50,"cliver",0.430375392394815
"8",0.7,"Simu1","NIT",50,"cliver",0.434272568592518
"9",0.8,"Simu1","NIT",50,"cliver",0.436305271013794
"10",0.9,"Simu1","NIT",50,"cliver",0.436712556176379
"11",1,"Simu1","NIT",50,"cliver",0.435680511940143
"12",1.1,"Simu1","NIT",50,"cliver",0.433370296771867
"13",1.2,"Simu1","NIT",50,"cliver",0.429926979930416
"14",1.3,"Simu1","NIT",50,"cliver",0.42548119782473
"15",1.4,"Simu1","NIT",50,"cliver",0.420151511586887
"16",1.5,"Simu1","NIT",50,"cliver",0.414045655603237
"17",1.6,"Simu1","NIT",50,"cliver",0.407261668442473
"18",1.7,"Simu1","NIT",50,"cliver",0.399888742413712
"19",1.8,"Simu1","NIT",50,"cliver",0.392008027590825
"20",1.9,"Simu1","NIT",50,"cliver",0.383693480678669
"21",2,"Simu1","NIT",50,"cliver",0.375012526584655
"22",2.1,"Simu1","NIT",50,"cliver",0.36602659808153
"23",2.2,"Simu1","NIT",50,"cliver",0.356791717612
"24",2.3,"Simu1","NIT",50,"cliver",0.347358921504323
"25",2.4,"Simu1","NIT",50,"cliver",0.337774722330507
"26",2.5,"Simu1","NIT",50,"cliver",0.328081485623221
"27",2.6,"Simu1","NIT",50,"cliver",0.318317788883147
"28",2.7,"Simu1","NIT",50,"cliver",0.308518701658407
"29",2.8,"Simu1","NIT",50,"cliver",0.298716118873917
"30",2.9,"Simu1","NIT",50,"cliver",0.288938932552216
"31",3,"Simu1","NIT",50,"cliver",0.279213404062861
"32",3.1,"Simu1","NIT",50,"cliver",0.269563229219944
"33",3.2,"Simu1","NIT",50,"cliver",0.260009778244822
"34",3.3,"Simu1","NIT",50,"cliver",0.250572369933456
"35",3.4,"Simu1","NIT",50,"cliver",0.241268398958522
"36",3.5,"Simu1","NIT",50,"cliver",0.232113429397814
"37",3.6,"Simu1","NIT",50,"cliver",0.223121363008108
"38",3.7,"Simu1","NIT",50,"cliver",0.214304314214178
"39",3.8,"Simu1","NIT",50,"cliver",0.205673010048184
"40",3.9,"Simu1","NIT",50,"cliver",0.197236906709794
"41",4,"Simu1","NIT",50,"cliver",0.189004206392903
"42",4.1,"Simu1","NIT",50,"cliver",0.180981894050118
"43",4.2,"Simu1","NIT",50,"cliver",0.173175812575725
"44",4.3,"Simu1","NIT",50,"cliver",0.16559074046005
"45",4.4,"Simu1","NIT",50,"cliver",0.15823045924082
"46",4.5,"Simu1","NIT",50,"cliver",0.151097799743428
"47",4.6,"Simu1","NIT",50,"cliver",0.144194704244787
"48",4.7,"Simu1","NIT",50,"cliver",0.137522267955358
"49",4.8,"Simu1","NIT",50,"cliver",0.131080781573269
"50",4.9,"Simu1","NIT",50,"cliver",0.124869768098602
"51",5,"Simu1","NIT",50,"cliver",0.118888030640968
"52",5.1,"Simu1","NIT",50,"cliver",0.113133699074215
"53",5.2,"Simu1","NIT",50,"cliver",0.107604284873304
"54",5.3,"Simu1","NIT",50,"cliver",0.102296720847237
"55",5.4,"Simu1","NIT",50,"cliver",0.0972074138176752
"56",5.5,"Simu1","NIT",50,"cliver",0.0923322740803982
"57",5.6,"Simu1","NIT",50,"cliver",0.0876667872795103
"58",5.7,"Simu1","NIT",50,"cliver",0.0832060667495178
"59",5.8,"Simu1","NIT",50,"cliver",0.0789449008147952
"60",5.9,"Simu1","NIT",50,"cliver",0.0748777897416588
"61",6,"Simu1","NIT",50,"cliver",0.0720396972989412
"62",6.1,"Simu1","NIT",50,"cliver",0.337820624236563
"63",6.2,"Simu1","NIT",50,"cliver",0.462523412994263
"64",6.3,"Simu1","NIT",50,"cliver",0.500959929040997
"65",6.4,"Simu1","NIT",50,"cliver",0.517252432740332
"66",6.5,"Simu1","NIT",50,"cliver",0.526083801734914
"67",6.6,"Simu1","NIT",50,"cliver",0.531286437231532
"68",6.7,"Simu1","NIT",50,"cliver",0.534003839675344
"69",6.8,"Simu1","NIT",50,"cliver",0.534694621141399
"70",6.9,"Simu1","NIT",50,"cliver",0.533626872949455
"71",7,"Simu1","NIT",50,"cliver",0.531008994799946
"72",7.1,"Simu1","NIT",50,"cliver",0.527018465021853
"73",7.2,"Simu1","NIT",50,"cliver",0.521814598485623
"74",7.3,"Simu1","NIT",50,"cliver",0.515541166990044
"75",7.4,"Simu1","NIT",50,"cliver",0.508327763042306
"76",7.5,"Simu1","NIT",50,"cliver",0.50029233816504
"77",7.6,"Simu1","NIT",50,"cliver",0.491542078046887
"78",7.7,"Simu1","NIT",50,"cliver",0.482174292189838
"79",7.8,"Simu1","NIT",50,"cliver",0.472277453907889
"80",7.9,"Simu1","NIT",50,"cliver",0.461932164851693
"81",8,"Simu1","NIT",50,"cliver",0.451211809275084
"82",8.1,"Simu1","NIT",50,"cliver",0.440183136349819
"83",8.2,"Simu1","NIT",50,"cliver",0.428906897836954
"84",8.3,"Simu1","NIT",50,"cliver",0.417438411915209
"85",8.4,"Simu1","NIT",50,"cliver",0.405828025149
"86",8.5,"Simu1","NIT",50,"cliver",0.394121508693017
"87",8.6,"Simu1","NIT",50,"cliver",0.382360438772837
"88",8.7,"Simu1","NIT",50,"cliver",0.370582560811409
"89",8.8,"Simu1","NIT",50,"cliver",0.358822114601585
"90",8.9,"Simu1","NIT",50,"cliver",0.347110115600718
"91",9,"Simu1","NIT",50,"cliver",0.335474610556786
"92",9.1,"Simu1","NIT",50,"cliver",0.3239409170121
"93",9.2,"Simu1","NIT",50,"cliver",0.312531848151492
"94",9.3,"Simu1","NIT",50,"cliver",0.301267912032225
"95",9.4,"Simu1","NIT",50,"cliver",0.290167495183047
"96",9.5,"Simu1","NIT",50,"cliver",0.279247022334912
"97",9.6,"Simu1","NIT",50,"cliver",0.268521115470423
"98",9.7,"Simu1","NIT",50,"cliver",0.258002736489185
"99",9.8,"Simu1","NIT",50,"cliver",0.247703302562437
"100",9.9,"Simu1","NIT",50,"cliver",0.237632796994138
"101",10,"Simu1","NIT",50,"cliver",0.227799887489036
"102",10.1,"Simu1","NIT",50,"cliver",0.218212015360434
"103",10.2,"Simu1","NIT",50,"cliver",0.208875468442383
"104",10.3,"Simu1","NIT",50,"cliver",0.199795455270661
"105",10.4,"Simu1","NIT",50,"cliver",0.190976180434721
"106",10.5,"Simu1","NIT",50,"cliver",0.182420897274028
"107",10.6,"Simu1","NIT",50,"cliver",0.174131960032923
"108",10.7,"Simu1","NIT",50,"cliver",0.166110861283087
"109",10.8,"Simu1","NIT",50,"cliver",0.158358291961695
"110",10.9,"Simu1","NIT",50,"cliver",0.150874146517716
"111",11,"Simu1","NIT",50,"cliver",0.143657595825332
"112",11.1,"Simu1","NIT",50,"cliver",0.13670710665592
"113",11.2,"Simu1","NIT",50,"cliver",0.130020558866766
"114",11.3,"Simu1","NIT",50,"cliver",0.123595053047539
"115",11.4,"Simu1","NIT",50,"cliver",0.117427021916504
"116",11.5,"Simu1","NIT",50,"cliver",0.111512509905851
"117",11.6,"Simu1","NIT",50,"cliver",0.105847019635956
"118",11.7,"Simu1","NIT",50,"cliver",0.100425517499426
"119",11.8,"Simu1","NIT",50,"cliver",0.0952425413165798
"120",11.9,"Simu1","NIT",50,"cliver",0.0902922703226498
"121",12,"Simu1","NIT",50,"cliver",0.0866095089468982
"122",12.1,"Simu1","NIT",50,"cliver",0.35185375771915
"123",12.2,"Simu1","NIT",50,"cliver",0.47648303052793
"124",12.3,"Simu1","NIT",50,"cliver",0.514671547880843
"125",12.4,"Simu1","NIT",50,"cliver",0.530591068118095
"126",12.5,"Simu1","NIT",50,"cliver",0.539010946450191
"127",12.6,"Simu1","NIT",50,"cliver",0.543795928239839
"128",12.7,"Simu1","NIT",50,"cliver",0.546100215047903
"129",12.8,"Simu1","NIT",50,"cliver",0.546384936099917
"130",12.9,"Simu1","NIT",50,"cliver",0.544920644537349
"131",13,"Simu1","NIT",50,"cliver",0.541915102795598
"132",13.1,"Simu1","NIT",50,"cliver",0.537546952421385
"133",13.2,"Simu1","NIT",50,"cliver",0.531975203066741
"134",13.3,"Simu1","NIT",50,"cliver",0.525343323132098
"135",13.4,"Simu1","NIT",50,"cliver",0.517781222855444
"136",13.5,"Simu1","NIT",50,"cliver",0.50940666206664
"137",13.6,"Simu1","NIT",50,"cliver",0.500326674597883
"138",13.7,"Simu1","NIT",50,"cliver",0.490638497775266
"139",13.8,"Simu1","NIT",50,"cliver",0.480430496961548
"140",13.9,"Simu1","NIT",50,"cliver",0.469783064648837
"141",14,"Simu1","NIT",50,"cliver",0.458769391479166
"142",14.1,"Simu1","NIT",50,"cliver",0.447456090183853
"143",14.2,"Simu1","NIT",50,"cliver",0.435903764912655
"144",14.3,"Simu1","NIT",50,"cliver",0.424167540817697
"145",14.4,"Simu1","NIT",50,"cliver",0.41229755304294
"146",14.5,"Simu1","NIT",50,"cliver",0.40033937858911
"147",14.6,"Simu1","NIT",50,"cliver",0.38833441363545
"148",14.7,"Simu1","NIT",50,"cliver",0.376320216795014
"149",14.8,"Simu1","NIT",50,"cliver",0.364330828953447
"150",14.9,"Simu1","NIT",50,"cliver",0.352397065989171
"151",15,"Simu1","NIT",50,"cliver",0.340546781836744
"152",15.1,"Simu1","NIT",50,"cliver",0.328805106559182
"153",15.2,"Simu1","NIT",50,"cliver",0.317194665129375
"154",15.3,"Simu1","NIT",50,"cliver",0.305735778930953
"155",15.4,"Simu1","NIT",50,"cliver",0.294446649816345
"156",15.5,"Simu1","NIT",50,"cliver",0.283343527397081
"157",15.6,"Simu1","NIT",50,"cliver",0.272440861432298
"158",15.7,"Simu1","NIT",50,"cliver",0.261751440954377
"159",15.8,"Simu1","NIT",50,"cliver",0.251286520940682
"160",15.9,"Simu1","NIT",50,"cliver",0.241055936914613
"161",16,"Simu1","NIT",50,"cliver",0.231068207740429
"162",16.1,"Simu1","NIT",50,"cliver",0.221330628895769
"163",16.2,"Simu1","NIT",50,"cliver",0.211849355418217
"164",16.3,"Simu1","NIT",50,"cliver",0.202629475781205
"165",16.4,"Simu1","NIT",50,"cliver",0.193675077264248
"166",16.5,"Simu1","NIT",50,"cliver",0.184989303959358
"167",16.6,"Simu1","NIT",50,"cliver",0.176574408114125
"168",16.7,"Simu1","NIT",50,"cliver",0.168431795607021
"169",16.8,"Simu1","NIT",50,"cliver",0.160562066464697
"170",16.9,"Simu1","NIT",50,"cliver",0.1529650519555
"171",17,"Simu1","NIT",50,"cliver",0.145639848870619
"172",17.1,"Simu1","NIT",50,"cliver",0.1385848527376
"173",17.2,"Simu1","NIT",50,"cliver",0.131797789717663
"174",17.3,"Simu1","NIT",50,"cliver",0.125275750811413
"175",17.4,"Simu1","NIT",50,"cliver",0.119015224077209
"176",17.5,"Simu1","NIT",50,"cliver",0.113012136149291
"177",17.6,"Simu1","NIT",50,"cliver",0.107261867267172
"178",17.7,"Simu1","NIT",50,"cliver",0.101759332942523
"179",17.8,"Simu1","NIT",50,"cliver",0.0964990083969628
"180",17.9,"Simu1","NIT",50,"cliver",0.0914750672629383
"181",18,"Simu1","NIT",50,"cliver",0.087722194235661
"182",18.1,"Simu1","NIT",50,"cliver",0.352919584553531
"183",18.2,"Simu1","NIT",50,"cliver",0.477536899437931
"184",18.3,"Simu1","NIT",50,"cliver",0.515701151184469
"185",18.4,"Simu1","NIT",50,"cliver",0.531587663620801
"186",18.5,"Simu1","NIT",50,"cliver",0.539972136920942
"187",18.6,"Simu1","NIT",50,"cliver",0.544721706341129
"188",18.7,"Simu1","NIT",50,"cliver",0.54699131612239
"189",18.8,"Simu1","NIT",50,"cliver",0.547242342648827
"190",18.9,"Simu1","NIT",50,"cliver",0.545745379850013
"191",19,"Simu1","NIT",50,"cliver",0.542708212794024
"192",19.1,"Simu1","NIT",50,"cliver",0.538309453817887
"193",19.2,"Simu1","NIT",50,"cliver",0.532708111832065
"194",19.3,"Simu1","NIT",50,"cliver",0.526047619492089
"195",19.4,"Simu1","NIT",50,"cliver",0.518457863756098
"196",19.5,"Simu1","NIT",50,"cliver",0.510056593943201
"197",19.6,"Simu1","NIT",50,"cliver",0.500950812211313
"198",19.7,"Simu1","NIT",50,"cliver",0.491237730254863
"199",19.8,"Simu1","NIT",50,"cliver",0.481005680623055
"200",19.9,"Simu1","NIT",50,"cliver",0.470335034461288
"201",20,"Simu1","NIT",50,"cliver",0.459298960974868
"202",20.1,"Simu1","NIT",50,"cliver",0.447964047534839
"203",20.2,"Simu1","NIT",50,"cliver",0.436390870855076
"204",20.3,"Simu1","NIT",50,"cliver",0.42463453075381
"205",20.4,"Simu1","NIT",50,"cliver",0.412745139747167
"206",20.5,"Simu1","NIT",50,"cliver",0.400768252441336
"207",20.6,"Simu1","NIT",50,"cliver",0.388745241668748
"208",20.7,"Simu1","NIT",50,"cliver",0.376713642855129
"209",20.8,"Simu1","NIT",50,"cliver",0.364707474919962
"210",20.9,"Simu1","NIT",50,"cliver",0.352757532752949
"211",21,"Simu1","NIT",50,"cliver",0.34089164964104
"212",21.1,"Simu1","NIT",50,"cliver",0.329134935281147
"213",21.2,"Simu1","NIT",50,"cliver",0.317509994909764
"214",21.3,"Simu1","NIT",50,"cliver",0.306037130974982
"215",21.4,"Simu1","NIT",50,"cliver",0.294734527084093
"216",21.5,"Simu1","NIT",50,"cliver",0.283618415186443
"217",21.6,"Simu1","NIT",50,"cliver",0.272703228008157
"218",21.7,"Simu1","NIT",50,"cliver",0.262001738269519
"219",21.8,"Simu1","NIT",50,"cliver",0.25152518541028
"220",21.9,"Simu1","NIT",50,"cliver",0.24128339006264
"221",22,"Simu1","NIT",50,"cliver",0.231284856984489
"222",22.1,"Simu1","NIT",50,"cliver",0.221536868309544
"223",22.2,"Simu1","NIT",50,"cliver",0.212045566502955
"224",22.3,"Simu1","NIT",50,"cliver",0.202816028202694
"225",22.4,"Simu1","NIT",50,"cliver",0.193852329607546
"226",22.5,"Simu1","NIT",50,"cliver",0.185157604487724
"227",22.6,"Simu1","NIT",50,"cliver",0.176734095510883
"228",22.7,"Simu1","NIT",50,"cliver",0.168583199636821
"229",22.8,"Simu1","NIT",50,"cliver",0.160705508637679
"230",22.9,"Simu1","NIT",50,"cliver",0.153100846074803
"231",23,"Simu1","NIT",50,"cliver",0.145768301644445
"232",23.1,"Simu1","NIT",50,"cliver",0.138706264034037
"233",23.2,"Simu1","NIT",50,"cliver",0.131912453294916
"234",23.3,"Simu1","NIT",50,"cliver",0.125383953724408
"235",23.4,"Simu1","NIT",50,"cliver",0.119117248857876
"236",23.5,"Simu1","NIT",50,"cliver",0.1131082558876
"237",23.6,"Simu1","NIT",50,"cliver",0.107352353520251
"238",23.7,"Simu1","NIT",50,"cliver",0.101844448792137
"239",23.8,"Simu1","NIT",50,"cliver",0.0965790215272223
"240",23.9,"Simu1","NIT",50,"cliver",0.0915502156607475
"241",24,"Simu1","NIT",50,"cliver",0.0877927404847213
"242",24.1,"Simu1","NIT",50,"cliver",0.352987624751504
"243",24.2,"Simu1","NIT",50,"cliver",0.477605415788018
"244",24.3,"Simu1","NIT",50,"cliver",0.515769061136163
"245",24.4,"Simu1","NIT",50,"cliver",0.531652461619425
"246",24.5,"Simu1","NIT",50,"cliver",0.540034271911975
"247",24.6,"Simu1","NIT",50,"cliver",0.544780902670584
"248",24.7,"Simu1","NIT",50,"cliver",0.547048337992265
"249",24.8,"Simu1","NIT",50,"cliver",0.547297084078965
"250",24.9,"Simu1","NIT",50,"cliver",0.545798163004957
"251",25,"Simu1","NIT",50,"cliver",0.542758859745656
"252",25.1,"Simu1","NIT",50,"cliver",0.53835822505387
"253",25.2,"Simu1","NIT",50,"cliver",0.532754953270543
"254",25.3,"Simu1","NIT",50,"cliver",0.526092569755552
"255",25.4,"Simu1","NIT",50,"cliver",0.518501063367088
"256",25.5,"Simu1","NIT",50,"cliver",0.510098153273335
"257",25.6,"Simu1","NIT",50,"cliver",0.500990720276381
"258",25.7,"Simu1","NIT",50,"cliver",0.491276019749888
"259",25.8,"Simu1","NIT",50,"cliver",0.481042421725248
"260",25.9,"Simu1","NIT",50,"cliver",0.470370308725144
"261",26,"Simu1","NIT",50,"cliver",0.459332803402979
"262",26.1,"Simu1","NIT",50,"cliver",0.447996489986545
"263",26.2,"Simu1","NIT",50,"cliver",0.436421951335755
"264",26.3,"Simu1","NIT",50,"cliver",0.424664324044968
"265",26.4,"Simu1","NIT",50,"cliver",0.412773683561651
"266",26.5,"Simu1","NIT",50,"cliver",0.400795593765014
"267",26.6,"Simu1","NIT",50,"cliver",0.388771442439783
"268",26.7,"Simu1","NIT",50,"cliver",0.376738723039349
"269",26.8,"Simu1","NIT",50,"cliver",0.364731462915487
"270",26.9,"Simu1","NIT",50,"cliver",0.352780479605025
"271",27,"Simu1","NIT",50,"cliver",0.340913628778166
"272",27.1,"Simu1","NIT",50,"cliver",0.329155971146031
"273",27.2,"Simu1","NIT",50,"cliver",0.317530091453224
"274",27.3,"Simu1","NIT",50,"cliver",0.306056320845493
"275",27.4,"Simu1","NIT",50,"cliver",0.29475285336664
"276",27.5,"Simu1","NIT",50,"cliver",0.283635914995013
"277",27.6,"Simu1","NIT",50,"cliver",0.27271992833597
"278",27.7,"Simu1","NIT",50,"cliver",0.262017661974738
"279",27.8,"Simu1","NIT",50,"cliver",0.251540362252402
"280",27.9,"Simu1","NIT",50,"cliver",0.241297853653586
"281",28,"Simu1","NIT",50,"cliver",0.231298632713511
"282",28.1,"Simu1","NIT",50,"cliver",0.221549977107878
"283",28.2,"Simu1","NIT",50,"cliver",0.212058032446768
"284",28.3,"Simu1","NIT",50,"cliver",0.202827879263796
"285",28.4,"Simu1","NIT",50,"cliver",0.193863587642742
"286",28.5,"Simu1","NIT",50,"cliver",0.185168292536345
"287",28.6,"Simu1","NIT",50,"cliver",0.176744229945471
"288",28.7,"Simu1","NIT",50,"cliver",0.16859281261699
"289",28.8,"Simu1","NIT",50,"cliver",0.160714591845177
"290",28.9,"Simu1","NIT",50,"cliver",0.153109444295024
"291",29,"Simu1","NIT",50,"cliver",0.145776541562471
"292",29.1,"Simu1","NIT",50,"cliver",0.138714085843834
"293",29.2,"Simu1","NIT",50,"cliver",0.131919746512015
"294",29.3,"Simu1","NIT",50,"cliver",0.125390790760307
"295",29.4,"Simu1","NIT",50,"cliver",0.119123753970882
"296",29.5,"Simu1","NIT",50,"cliver",0.113114426609829
"297",29.6,"Simu1","NIT",50,"cliver",0.107358164961025
"298",29.7,"Simu1","NIT",50,"cliver",0.101849919127959
"299",29.8,"Simu1","NIT",50,"cliver",0.0965842158966771
"300",29.9,"Simu1","NIT",50,"cliver",0.0915550795534652
"301",30,"Simu1","NIT",50,"cliver",0.0877972639950027
"302",30.1,"Simu1","NIT",50,"cliver",0.352992147172072
"303",30.2,"Simu1","NIT",50,"cliver",0.477609161923314
"304",30.3,"Simu1","NIT",50,"cliver",0.515773001286599
"305",30.4,"Simu1","NIT",50,"cliver",0.531656384838616
"306",30.5,"Simu1","NIT",50,"cliver",0.540038099773232
"307",30.6,"Simu1","NIT",50,"cliver",0.544784574298703
"308",30.7,"Simu1","NIT",50,"cliver",0.547051822006837
"309",30.8,"Simu1","NIT",50,"cliver",0.547300458571027
"310",30.9,"Simu1","NIT",50,"cliver",0.545801361678037
"311",31,"Simu1","NIT",50,"cliver",0.542761947131919
"312",31.1,"Simu1","NIT",50,"cliver",0.53836117643831
"313",31.2,"Simu1","NIT",50,"cliver",0.532757772543997
"314",31.3,"Simu1","NIT",50,"cliver",0.526095264467971
"315",31.4,"Simu1","NIT",50,"cliver",0.518503652628779
"316",31.5,"Simu1","NIT",50,"cliver",0.510100629643697
"317",31.6,"Simu1","NIT",50,"cliver",0.500993089217828
"318",31.7,"Simu1","NIT",50,"cliver",0.491278286686708
"319",31.8,"Simu1","NIT",50,"cliver",0.481044588725533
"320",31.9,"Simu1","NIT",50,"cliver",0.470372382290986
"321",32,"Simu1","NIT",50,"cliver",0.459334784351214
"322",32.1,"Simu1","NIT",50,"cliver",0.447998385673532
"323",32.2,"Simu1","NIT",50,"cliver",0.436423763496213
"324",32.3,"Simu1","NIT",50,"cliver",0.424666055447745
"325",32.4,"Simu1","NIT",50,"cliver",0.412775344103053
"326",32.5,"Simu1","NIT",50,"cliver",0.400797183140294
"327",32.6,"Simu1","NIT",50,"cliver",0.388772948454106
"328",32.7,"Simu1","NIT",50,"cliver",0.376740152744472
"329",32.8,"Simu1","NIT",50,"cliver",0.364732842436605
"330",32.9,"Simu1","NIT",50,"cliver",0.352781805474323
"331",33,"Simu1","NIT",50,"cliver",0.34091490262015
"332",33.1,"Simu1","NIT",50,"cliver",0.32915711417894
"333",33.2,"Simu1","NIT",50,"cliver",0.31753119490609
"334",33.3,"Simu1","NIT",50,"cliver",0.306057397296094
"335",33.4,"Simu1","NIT",50,"cliver",0.294753899335438
"336",33.5,"Simu1","NIT",50,"cliver",0.283636909938101
"337",33.6,"Simu1","NIT",50,"cliver",0.272720852343555
"338",33.7,"Simu1","NIT",50,"cliver",0.262018573773868
"339",33.8,"Simu1","NIT",50,"cliver",0.251541239474502
"340",33.9,"Simu1","NIT",50,"cliver",0.241298736622498
"341",34,"Simu1","NIT",50,"cliver",0.231299460601066
"342",34.1,"Simu1","NIT",50,"cliver",0.221550812865768
"343",34.2,"Simu1","NIT",50,"cliver",0.212058801290052
"344",34.3,"Simu1","NIT",50,"cliver",0.202828666452936
"345",34.4,"Simu1","NIT",50,"cliver",0.193864289839168
"346",34.5,"Simu1","NIT",50,"cliver",0.18516902837429
"347",34.6,"Simu1","NIT",50,"cliver",0.176744867515252
"348",34.7,"Simu1","NIT",50,"cliver",0.168593493015323
"349",34.8,"Simu1","NIT",50,"cliver",0.160715306934292
"350",34.9,"Simu1","NIT",50,"cliver",0.153109772646865
"351",35,"Simu1","NIT",50,"cliver",0.145777017850582
"352",35.1,"Simu1","NIT",50,"cliver",0.138714596102434
"353",35.2,"Simu1","NIT",50,"cliver",0.131920229349193
"354",35.3,"Simu1","NIT",50,"cliver",0.125391236337798
"355",35.4,"Simu1","NIT",50,"cliver",0.119124083701437
"356",35.5,"Simu1","NIT",50,"cliver",0.113114720153815
"357",35.6,"Simu1","NIT",50,"cliver",0.107358482293064
"358",35.7,"Simu1","NIT",50,"cliver",0.101850286889827
"359",35.8,"Simu1","NIT",50,"cliver",0.0965845411223229
"360",35.9,"Simu1","NIT",50,"cliver",0.0915554210769621
"361",36,"Simu1","NIT",50,"cliver",0.0877975853085452
"362",36.1,"Simu1","NIT",50,"cliver",0.352991636719298
"363",36.2,"Simu1","NIT",50,"cliver",0.477608001313865
"364",36.3,"Simu1","NIT",50,"cliver",0.5157704709293
"365",36.4,"Simu1","NIT",50,"cliver",0.531654646588543
"366",36.5,"Simu1","NIT",50,"cliver",0.540036621944014
"367",36.6,"Simu1","NIT",50,"cliver",0.544783690063746
"368",36.7,"Simu1","NIT",50,"cliver",0.547050881620205
"369",36.8,"Simu1","NIT",50,"cliver",0.547299544321211
"370",36.9,"Simu1","NIT",50,"cliver",0.545800309461537
"371",37,"Simu1","NIT",50,"cliver",0.542760937481773
"372",37.1,"Simu1","NIT",50,"cliver",0.5383600596115
"373",37.2,"Simu1","NIT",50,"cliver",0.532756668874029
"374",37.3,"Simu1","NIT",50,"cliver",0.526094208150633
"375",37.4,"Simu1","NIT",50,"cliver",0.518502562294366
"376",37.5,"Simu1","NIT",50,"cliver",0.510099460674224
"377",37.6,"Simu1","NIT",50,"cliver",0.500991907785318
"378",37.7,"Simu1","NIT",50,"cliver",0.491277117516778
"379",37.8,"Simu1","NIT",50,"cliver",0.481043431084114
"380",37.9,"Simu1","NIT",50,"cliver",0.470371211198569
"381",38,"Simu1","NIT",50,"cliver",0.459333618453069
"382",38.1,"Simu1","NIT",50,"cliver",0.447997238817218
"383",38.2,"Simu1","NIT",50,"cliver",0.43642265138795
"384",38.3,"Simu1","NIT",50,"cliver",0.424664955739753
"385",38.4,"Simu1","NIT",50,"cliver",0.412774260544688
"386",38.5,"Simu1","NIT",50,"cliver",0.400796116810908
"387",38.6,"Simu1","NIT",50,"cliver",0.388771896106643
"388",38.7,"Simu1","NIT",50,"cliver",0.376739133313154
"389",38.8,"Simu1","NIT",50,"cliver",0.364731845782328
"390",38.9,"Simu1","NIT",50,"cliver",0.352780826157701
"391",39,"Simu1","NIT",50,"cliver",0.340913905876144
"392",39.1,"Simu1","NIT",50,"cliver",0.32915619335198
"393",39.2,"Simu1","NIT",50,"cliver",0.317530292581593
"394",39.3,"Simu1","NIT",50,"cliver",0.30605650454559
"395",39.4,"Simu1","NIT",50,"cliver",0.294753011348863
"396",39.5,"Simu1","NIT",50,"cliver",0.283636043613058
"397",39.6,"Simu1","NIT",50,"cliver",0.272720032877092
"398",39.7,"Simu1","NIT",50,"cliver",0.262017750694284
"399",39.8,"Simu1","NIT",50,"cliver",0.251540435297312
"400",39.9,"Simu1","NIT",50,"cliver",0.241297906277251
"401",40,"Simu1","NIT",50,"cliver",0.231298667368693
"402",40.1,"Simu1","NIT",50,"cliver",0.221549999712798
"403",40.2,"Simu1","NIT",50,"cliver",0.212058044825936
"404",40.3,"Simu1","NIT",50,"cliver",0.202827878493369
"405",40.4,"Simu1","NIT",50,"cliver",0.193863576128079
"406",40.5,"Simu1","NIT",50,"cliver",0.185168270748716
"407",40.6,"Simu1","NIT",50,"cliver",0.176744204293486
"408",40.7,"Simu1","NIT",50,"cliver",0.168592773081287
"409",40.8,"Simu1","NIT",50,"cliver",0.16071456826657
"410",40.9,"Simu1","NIT",50,"cliver",0.153109412886508
"411",41,"Simu1","NIT",50,"cliver",0.145776396019844
"412",41.1,"Simu1","NIT",50,"cliver",0.138713906020066
"413",41.2,"Simu1","NIT",50,"cliver",0.131919662111303
"414",41.3,"Simu1","NIT",50,"cliver",0.125390748963951
"415",41.4,"Simu1","NIT",50,"cliver",0.11912364769008
"416",41.5,"Simu1","NIT",50,"cliver",0.113114280061213
"417",41.6,"Simu1","NIT",50,"cliver",0.107358018785317
"418",41.7,"Simu1","NIT",50,"cliver",0.101849773375507
"419",41.8,"Simu1","NIT",50,"cliver",0.0965840077138225
"420",41.9,"Simu1","NIT",50,"cliver",0.0915548910362597
"421",42,"Simu1","NIT",50,"cliver",0.0877971250461301
"422",42.1,"Simu1","NIT",50,"cliver",0.352991916848485
"423",42.2,"Simu1","NIT",50,"cliver",0.477608710874925
"424",42.3,"Simu1","NIT",50,"cliver",0.515771583045201
"425",42.4,"Simu1","NIT",50,"cliver",0.531656416912922
"426",42.5,"Simu1","NIT",50,"cliver",0.540038965466145
"427",42.6,"Simu1","NIT",50,"cliver",0.544785219793344
"428",42.7,"Simu1","NIT",50,"cliver",0.547051976151888
"429",42.8,"Simu1","NIT",50,"cliver",0.547300690055315
"430",42.9,"Simu1","NIT",50,"cliver",0.545800647266942
"431",43,"Simu1","NIT",50,"cliver",0.542762003860157
"432",43.1,"Simu1","NIT",50,"cliver",0.53836114395046
"433",43.2,"Simu1","NIT",50,"cliver",0.532757822708582
"434",43.3,"Simu1","NIT",50,"cliver",0.526095536363567
"435",43.4,"Simu1","NIT",50,"cliver",0.51850384382219
"436",43.5,"Simu1","NIT",50,"cliver",0.510100769539446
"437",43.6,"Simu1","NIT",50,"cliver",0.50099329493012
"438",43.7,"Simu1","NIT",50,"cliver",0.491278499286565
"439",43.8,"Simu1","NIT",50,"cliver",0.481044744660309
"440",43.9,"Simu1","NIT",50,"cliver",0.47037248804076
"441",44,"Simu1","NIT",50,"cliver",0.459334906531763
"442",44.1,"Simu1","NIT",50,"cliver",0.447998528320446
"443",44.2,"Simu1","NIT",50,"cliver",0.436423908353176
"444",44.3,"Simu1","NIT",50,"cliver",0.424666171304382
"445",44.4,"Simu1","NIT",50,"cliver",0.412775454482907
"446",44.5,"Simu1","NIT",50,"cliver",0.40079730092127
"447",44.6,"Simu1","NIT",50,"cliver",0.388773060346769
"448",44.7,"Simu1","NIT",50,"cliver",0.376740266570594
"449",44.8,"Simu1","NIT",50,"cliver",0.364732949967826
"450",44.9,"Simu1","NIT",50,"cliver",0.352781907337239
"451",45,"Simu1","NIT",50,"cliver",0.34091496391158
"452",45.1,"Simu1","NIT",50,"cliver",0.329157224262114
"453",45.2,"Simu1","NIT",50,"cliver",0.317531294898184
"454",45.3,"Simu1","NIT",50,"cliver",0.306057479693634
"455",45.4,"Simu1","NIT",50,"cliver",0.294753960259244
"456",45.5,"Simu1","NIT",50,"cliver",0.283636965604718
"457",45.6,"Simu1","NIT",50,"cliver",0.272720927181843
"458",45.7,"Simu1","NIT",50,"cliver",0.262018617458052
"459",45.8,"Simu1","NIT",50,"cliver",0.251541274971814
"460",45.9,"Simu1","NIT",50,"cliver",0.241298718849171
"461",46,"Simu1","NIT",50,"cliver",0.231299452859444
"462",46.1,"Simu1","NIT",50,"cliver",0.221550758538089
"463",46.2,"Simu1","NIT",50,"cliver",0.212058777384883
"464",46.3,"Simu1","NIT",50,"cliver",0.202828584960513
"465",46.4,"Simu1","NIT",50,"cliver",0.1938642566308
"466",46.5,"Simu1","NIT",50,"cliver",0.185168925642283
"467",46.6,"Simu1","NIT",50,"cliver",0.176744834052469
"468",46.7,"Simu1","NIT",50,"cliver",0.168593378083429
"469",46.8,"Simu1","NIT",50,"cliver",0.160715148858408
"470",46.9,"Simu1","NIT",50,"cliver",0.153109969505664
"471",47,"Simu1","NIT",50,"cliver",0.145776929200704
"472",47.1,"Simu1","NIT",50,"cliver",0.138714416236877
"473",47.2,"Simu1","NIT",50,"cliver",0.131920149929206
"474",47.3,"Simu1","NIT",50,"cliver",0.12539121477167
"475",47.4,"Simu1","NIT",50,"cliver",0.119124092420047
"476",47.5,"Simu1","NIT",50,"cliver",0.113114703474887
"477",47.6,"Simu1","NIT",50,"cliver",0.107358433965906
"478",47.7,"Simu1","NIT",50,"cliver",0.101850216497406
"479",47.8,"Simu1","NIT",50,"cliver",0.096584506818598
"480",47.9,"Simu1","NIT",50,"cliver",0.0915553216039814
"481",48,"Simu1","NIT",50,"cliver",0.0877974968478408
"482",48.1,"Simu1","NIT",50,"cliver",0.352992293972398
"483",48.2,"Simu1","NIT",50,"cliver",0.477609140902386
"484",48.3,"Simu1","NIT",50,"cliver",0.51577206354368
"485",48.4,"Simu1","NIT",50,"cliver",0.531656304396805
"486",48.5,"Simu1","NIT",50,"cliver",0.540038396991252
"487",48.6,"Simu1","NIT",50,"cliver",0.544785733716974
"488",48.7,"Simu1","NIT",50,"cliver",0.547052868378973
"489",48.8,"Simu1","NIT",50,"cliver",0.547301403441863
"490",48.9,"Simu1","NIT",50,"cliver",0.545802105897769
"491",49,"Simu1","NIT",50,"cliver",0.542762703513574
"492",49.1,"Simu1","NIT",50,"cliver",0.53836180798545
"493",49.2,"Simu1","NIT",50,"cliver",0.53275839343322
"494",49.3,"Simu1","NIT",50,"cliver",0.526095921431398
"495",49.4,"Simu1","NIT",50,"cliver",0.518504244628426
"496",49.5,"Simu1","NIT",50,"cliver",0.510101125548155
"497",49.6,"Simu1","NIT",50,"cliver",0.500993574050177
"498",49.7,"Simu1","NIT",50,"cliver",0.491278776663866
"499",49.8,"Simu1","NIT",50,"cliver",0.48104506636278
"500",49.9,"Simu1","NIT",50,"cliver",0.47037281851942
"501",50,"Simu1","NIT",50,"cliver",0.459335201232304
"502",50.1,"Simu1","NIT",50,"cliver",0.447998800085311
"503",50.2,"Simu1","NIT",50,"cliver",0.436424187949506
"504",50.3,"Simu1","NIT",50,"cliver",0.424666462552985
"505",50.4,"Simu1","NIT",50,"cliver",0.412775736048313
"506",50.5,"Simu1","NIT",50,"cliver",0.400797561854776
"507",50.6,"Simu1","NIT",50,"cliver",0.388773310577757
"508",50.7,"Simu1","NIT",50,"cliver",0.376740515679975
"509",50.8,"Simu1","NIT",50,"cliver",0.364733194734042
"510",50.9,"Simu1","NIT",50,"cliver",0.352782141373303
"511",51,"Simu1","NIT",50,"cliver",0.340915187403435
"512",51.1,"Simu1","NIT",50,"cliver",0.32915744096735
"513",51.2,"Simu1","NIT",50,"cliver",0.317531505890611
"514",51.3,"Simu1","NIT",50,"cliver",0.30605768334768
"515",51.4,"Simu1","NIT",50,"cliver",0.294754155694921
"516",51.5,"Simu1","NIT",50,"cliver",0.283637153623212
"517",51.6,"Simu1","NIT",50,"cliver",0.27272110864501
"518",51.7,"Simu1","NIT",50,"cliver",0.262018792341394
"519",51.8,"Simu1","NIT",50,"cliver",0.251541443128768
"520",51.9,"Simu1","NIT",50,"cliver",0.241298880462978
"521",52,"Simu1","NIT",50,"cliver",0.231299608194064
"522",52.1,"Simu1","NIT",50,"cliver",0.221550907519015
"523",52.2,"Simu1","NIT",50,"cliver",0.212058920042928
"524",52.3,"Simu1","NIT",50,"cliver",0.202828721549483
"525",52.4,"Simu1","NIT",50,"cliver",0.193864387452934
"526",52.5,"Simu1","NIT",50,"cliver",0.185169050807876
"527",52.6,"Simu1","NIT",50,"cliver",0.176744953633866
"528",52.7,"Simu1","NIT",50,"cliver",0.168593492230402
"529",52.8,"Simu1","NIT",50,"cliver",0.1607152578237
"530",52.9,"Simu1","NIT",50,"cliver",0.153110073374174
"531",53,"Simu1","NIT",50,"cliver",0.145777028211316
"532",53.1,"Simu1","NIT",50,"cliver",0.138714510284455
"533",53.2,"Simu1","NIT",50,"cliver",0.131920239751863
"534",53.3,"Simu1","NIT",50,"cliver",0.125391299248695
"535",53.4,"Simu1","NIT",50,"cliver",0.11912417479009
"536",53.5,"Simu1","NIT",50,"cliver",0.113114775945848
"537",53.6,"Simu1","NIT",50,"cliver",0.107358490897198
"538",53.7,"Simu1","NIT",50,"cliver",0.101850218751082
"539",53.8,"Simu1","NIT",50,"cliver",0.0965844593296552
"540",53.9,"Simu1","NIT",50,"cliver",0.0915553179248243
"541",54,"Simu1","NIT",50,"cliver",0.0877975141334257
"542",54.1,"Simu1","NIT",50,"cliver",0.352992317170962
"543",54.2,"Simu1","NIT",50,"cliver",0.477608655245066
"544",54.3,"Simu1","NIT",50,"cliver",0.515771951486735
"545",54.4,"Simu1","NIT",50,"cliver",0.531656411464645
"546",54.5,"Simu1","NIT",50,"cliver",0.540038509149717
"547",54.6,"Simu1","NIT",50,"cliver",0.544785711014355
"548",54.7,"Simu1","NIT",50,"cliver",0.547052888598866
"549",54.8,"Simu1","NIT",50,"cliver",0.547301417011736
"550",54.9,"Simu1","NIT",50,"cliver",0.545802125604956
"551",55,"Simu1","NIT",50,"cliver",0.542762715310763
"552",55.1,"Simu1","NIT",50,"cliver",0.538361811206502
"553",55.2,"Simu1","NIT",50,"cliver",0.532758412592729
"554",55.3,"Simu1","NIT",50,"cliver",0.52609593862353
"555",55.4,"Simu1","NIT",50,"cliver",0.518504268611707
"556",55.5,"Simu1","NIT",50,"cliver",0.510101153719098
"557",55.6,"Simu1","NIT",50,"cliver",0.500993593155837
"558",55.7,"Simu1","NIT",50,"cliver",0.491278792572832
"559",55.8,"Simu1","NIT",50,"cliver",0.481045083077423
"560",55.9,"Simu1","NIT",50,"cliver",0.470372835502851
"561",56,"Simu1","NIT",50,"cliver",0.459335217776625
"562",56.1,"Simu1","NIT",50,"cliver",0.447998814982396
"563",56.2,"Simu1","NIT",50,"cliver",0.436424201731005
"564",56.3,"Simu1","NIT",50,"cliver",0.42466647617781
"565",56.4,"Simu1","NIT",50,"cliver",0.412775749405187
"566",56.5,"Simu1","NIT",50,"cliver",0.400797574468796
"567",56.6,"Simu1","NIT",50,"cliver",0.388773322435439
"568",56.7,"Simu1","NIT",50,"cliver",0.376740527032827
"569",56.8,"Simu1","NIT",50,"cliver",0.364733205700088
"570",56.9,"Simu1","NIT",50,"cliver",0.352782151899132
"571",57,"Simu1","NIT",50,"cliver",0.340915197429223
"572",57.1,"Simu1","NIT",50,"cliver",0.329157450521135
"573",57.2,"Simu1","NIT",50,"cliver",0.317531515038137
"574",57.3,"Simu1","NIT",50,"cliver",0.306057692116802
"575",57.4,"Simu1","NIT",50,"cliver",0.294754164077874
"576",57.5,"Simu1","NIT",50,"cliver",0.283637161621062
"577",57.6,"Simu1","NIT",50,"cliver",0.27272111627951
"578",57.7,"Simu1","NIT",50,"cliver",0.262018799634947
"579",57.8,"Simu1","NIT",50,"cliver",0.25154145004903
"580",57.9,"Simu1","NIT",50,"cliver",0.241298887082111
"581",58,"Simu1","NIT",50,"cliver",0.231299614517255
"582",58.1,"Simu1","NIT",50,"cliver",0.221550913557116
"583",58.2,"Simu1","NIT",50,"cliver",0.212058925791066
"584",58.3,"Simu1","NIT",50,"cliver",0.202828727021912
"585",58.4,"Simu1","NIT",50,"cliver",0.19386439266932
"586",58.5,"Simu1","NIT",50,"cliver",0.185169055781859
"587",58.6,"Simu1","NIT",50,"cliver",0.176744958361267
"588",58.7,"Simu1","NIT",50,"cliver",0.168593496734874
"589",58.8,"Simu1","NIT",50,"cliver",0.160715262101416
"590",58.9,"Simu1","NIT",50,"cliver",0.153110077468524
"591",59,"Simu1","NIT",50,"cliver",0.145777032061634
"592",59.1,"Simu1","NIT",50,"cliver",0.138714514033956
"593",59.2,"Simu1","NIT",50,"cliver",0.131920243119829
"594",59.3,"Simu1","NIT",50,"cliver",0.1253913028928
"595",59.4,"Simu1","NIT",50,"cliver",0.119124177168829
"596",59.5,"Simu1","NIT",50,"cliver",0.113114780995134
"597",59.6,"Simu1","NIT",50,"cliver",0.107358494915792
"598",59.7,"Simu1","NIT",50,"cliver",0.101850223918571
"599",59.8,"Simu1","NIT",50,"cliver",0.0965844524230916
"600",59.9,"Simu1","NIT",50,"cliver",0.0915553103357406
"601",60,"Simu1","NIT",50,"cliver",0.0877975098957165
"602",60.1,"Simu1","NIT",50,"cliver",0.352991806707058
"603",60.2,"Simu1","NIT",50,"cliver",0.477608855486727
"604",60.3,"Simu1","NIT",50,"cliver",0.515771578304982
"605",60.4,"Simu1","NIT",50,"cliver",0.531656222944958
"606",60.5,"Simu1","NIT",50,"cliver",0.540037678913832
"607",60.6,"Simu1","NIT",50,"cliver",0.544785422619253
"608",60.7,"Simu1","NIT",50,"cliver",0.547052162867949
"609",60.8,"Simu1","NIT",50,"cliver",0.547300791403795
"610",60.9,"Simu1","NIT",50,"cliver",0.545802007839479
"611",61,"Simu1","NIT",50,"cliver",0.542762562234828
"612",61.1,"Simu1","NIT",50,"cliver",0.538361666213827
"613",61.2,"Simu1","NIT",50,"cliver",0.532758280595448
"614",61.3,"Simu1","NIT",50,"cliver",0.526095801183596
"615",61.4,"Simu1","NIT",50,"cliver",0.51850406658355
"616",61.5,"Simu1","NIT",50,"cliver",0.510100970009061
"617",61.6,"Simu1","NIT",50,"cliver",0.500993479583776
"618",61.7,"Simu1","NIT",50,"cliver",0.491278721952538
"619",61.8,"Simu1","NIT",50,"cliver",0.481044988114124
"620",61.9,"Simu1","NIT",50,"cliver",0.470372766552314
"621",62,"Simu1","NIT",50,"cliver",0.459335179934166
"622",62.1,"Simu1","NIT",50,"cliver",0.447998799282723
"623",62.2,"Simu1","NIT",50,"cliver",0.436424186949592
"624",62.3,"Simu1","NIT",50,"cliver",0.424666457136866
"625",62.4,"Simu1","NIT",50,"cliver",0.412775731353172
"626",62.5,"Simu1","NIT",50,"cliver",0.400797556044361
"627",62.6,"Simu1","NIT",50,"cliver",0.388773316415006
"628",62.7,"Simu1","NIT",50,"cliver",0.376740506212749
"629",62.8,"Simu1","NIT",50,"cliver",0.364733188823043
"630",62.9,"Simu1","NIT",50,"cliver",0.352782078377366
"631",63,"Simu1","NIT",50,"cliver",0.340914992321643
"632",63.1,"Simu1","NIT",50,"cliver",0.329157125856543
"633",63.2,"Simu1","NIT",50,"cliver",0.317531095329502
"634",63.3,"Simu1","NIT",50,"cliver",0.306057411230983
"635",63.4,"Simu1","NIT",50,"cliver",0.294754076483866
"636",63.5,"Simu1","NIT",50,"cliver",0.283637183901618
"637",63.6,"Simu1","NIT",50,"cliver",0.272721168595307
"638",63.7,"Simu1","NIT",50,"cliver",0.262018856863285
"639",63.8,"Simu1","NIT",50,"cliver",0.251541518984348
"640",63.9,"Simu1","NIT",50,"cliver",0.241298975912866
"641",64,"Simu1","NIT",50,"cliver",0.23129972267996
"642",64.1,"Simu1","NIT",50,"cliver",0.221551035402857
"643",64.2,"Simu1","NIT",50,"cliver",0.212059055878077
"644",64.3,"Simu1","NIT",50,"cliver",0.202828862170437
"645",64.4,"Simu1","NIT",50,"cliver",0.193864531163589
"646",64.5,"Simu1","NIT",50,"cliver",0.185169190692166
"647",64.6,"Simu1","NIT",50,"cliver",0.176745079992163
"648",64.7,"Simu1","NIT",50,"cliver",0.168593602386219
"649",64.8,"Simu1","NIT",50,"cliver",0.160715356059047
"650",64.9,"Simu1","NIT",50,"cliver",0.153110165148084
"651",65,"Simu1","NIT",50,"cliver",0.145777115580661
"652",65.1,"Simu1","NIT",50,"cliver",0.138714592053121
"653",65.2,"Simu1","NIT",50,"cliver",0.131920313852135
"654",65.3,"Simu1","NIT",50,"cliver",0.125391367203136
"655",65.4,"Simu1","NIT",50,"cliver",0.119124235993502
"656",65.5,"Simu1","NIT",50,"cliver",0.113114837277945
"657",65.6,"Simu1","NIT",50,"cliver",0.107358562264075
"658",65.7,"Simu1","NIT",50,"cliver",0.101850319464139
"659",65.8,"Simu1","NIT",50,"cliver",0.0965845779839262
"660",65.9,"Simu1","NIT",50,"cliver",0.0915554139336303
"661",66,"Simu1","NIT",50,"cliver",0.0877975755308045
"662",66.1,"Simu1","NIT",50,"cliver",0.352992231291758
"663",66.2,"Simu1","NIT",50,"cliver",0.477609953352618
"664",66.3,"Simu1","NIT",50,"cliver",0.51577348375045
"665",66.4,"Simu1","NIT",50,"cliver",0.531656728840663
"666",66.5,"Simu1","NIT",50,"cliver",0.540038379190706
"667",66.6,"Simu1","NIT",50,"cliver",0.544784849956466
"668",66.7,"Simu1","NIT",50,"cliver",0.547052121341145
"669",66.8,"Simu1","NIT",50,"cliver",0.547300721872495
"670",66.9,"Simu1","NIT",50,"cliver",0.545801648824799
"671",67,"Simu1","NIT",50,"cliver",0.542762205195265
"672",67.1,"Simu1","NIT",50,"cliver",0.53836143274429
"673",67.2,"Simu1","NIT",50,"cliver",0.532758026963763
"674",67.3,"Simu1","NIT",50,"cliver",0.52609551579361
"675",67.4,"Simu1","NIT",50,"cliver",0.518503888715837
"676",67.5,"Simu1","NIT",50,"cliver",0.51010086014899
"677",67.6,"Simu1","NIT",50,"cliver",0.500993313326099
"678",67.7,"Simu1","NIT",50,"cliver",0.491278504070406
"679",67.8,"Simu1","NIT",50,"cliver",0.481044800549257
"680",67.9,"Simu1","NIT",50,"cliver",0.470372586782432
"681",68,"Simu1","NIT",50,"cliver",0.459334983650539
"682",68.1,"Simu1","NIT",50,"cliver",0.447998577191669
"683",68.2,"Simu1","NIT",50,"cliver",0.436423948386482
"684",68.3,"Simu1","NIT",50,"cliver",0.424666234806046
"685",68.4,"Simu1","NIT",50,"cliver",0.412775511815176
"686",68.5,"Simu1","NIT",50,"cliver",0.400797343546746
"687",68.6,"Simu1","NIT",50,"cliver",0.388773112554005
"688",68.7,"Simu1","NIT",50,"cliver",0.376740316696257
"689",68.8,"Simu1","NIT",50,"cliver",0.364732988876995
"690",68.9,"Simu1","NIT",50,"cliver",0.352781939225703
"691",69,"Simu1","NIT",50,"cliver",0.340915025603722
"692",69.1,"Simu1","NIT",50,"cliver",0.329157301456536
"693",69.2,"Simu1","NIT",50,"cliver",0.317531357503415
"694",69.3,"Simu1","NIT",50,"cliver",0.306057529455943
"695",69.4,"Simu1","NIT",50,"cliver",0.294754007852639
"696",69.5,"Simu1","NIT",50,"cliver",0.283637014716092
"697",69.6,"Simu1","NIT",50,"cliver",0.272720974436543
"698",69.7,"Simu1","NIT",50,"cliver",0.26201865872346
"699",69.8,"Simu1","NIT",50,"cliver",0.251541312353368
"700",69.9,"Simu1","NIT",50,"cliver",0.241298757251637
"701",70,"Simu1","NIT",50,"cliver",0.231299490960396
"702",70.1,"Simu1","NIT",50,"cliver",0.221550792806872
"703",70.2,"Simu1","NIT",50,"cliver",0.212058807826962
"704",70.3,"Simu1","NIT",50,"cliver",0.202828615151087
"705",70.4,"Simu1","NIT",50,"cliver",0.193864285365282
"706",70.5,"Simu1","NIT",50,"cliver",0.185168953652437
"707",70.6,"Simu1","NIT",50,"cliver",0.176744857361158
"708",70.7,"Simu1","NIT",50,"cliver",0.168593405072787
"709",70.8,"Simu1","NIT",50,"cliver",0.160715155857201
"710",70.9,"Simu1","NIT",50,"cliver",0.153109979166824
"711",71,"Simu1","NIT",50,"cliver",0.14577702729041
"712",71.1,"Simu1","NIT",50,"cliver",0.138714533788664
"713",71.2,"Simu1","NIT",50,"cliver",0.131920187727157
"714",71.3,"Simu1","NIT",50,"cliver",0.12539121960496
"715",71.4,"Simu1","NIT",50,"cliver",0.119124147154454
"716",71.5,"Simu1","NIT",50,"cliver",0.113114786504665
"717",71.6,"Simu1","NIT",50,"cliver",0.107358506005102
"718",71.7,"Simu1","NIT",50,"cliver",0.101850246486161
"719",71.8,"Simu1","NIT",50,"cliver",0.0965845224156513
"720",71.9,"Simu1","NIT",50,"cliver",0.0915553651104664
"721",72,"Simu1","NIT",50,"cliver",0.0877975339144847
"722",72.1,"Simu1","NIT",50,"cliver",0.352991888417928
"723",72.2,"Simu1","NIT",50,"cliver",0.47760793904119
"724",72.3,"Simu1","NIT",50,"cliver",0.515770952348399
"725",72.4,"Simu1","NIT",50,"cliver",0.531656139627326
"726",72.5,"Simu1","NIT",50,"cliver",0.540038287563671
"727",72.6,"Simu1","NIT",50,"cliver",0.544784688831807
"728",72.7,"Simu1","NIT",50,"cliver",0.547051544313642
"729",72.8,"Simu1","NIT",50,"cliver",0.547299707923544
"730",72.9,"Simu1","NIT",50,"cliver",0.545801133726912
"731",73,"Simu1","NIT",50,"cliver",0.54276146340015
"732",73.1,"Simu1","NIT",50,"cliver",0.538360961503097
"733",73.2,"Simu1","NIT",50,"cliver",0.532757503945247
"734",73.3,"Simu1","NIT",50,"cliver",0.52609484890905
"735",73.4,"Simu1","NIT",50,"cliver",0.518503268184791
"736",73.5,"Simu1","NIT",50,"cliver",0.510100265567202
"737",73.6,"Simu1","NIT",50,"cliver",0.500992752784867
"738",73.7,"Simu1","NIT",50,"cliver",0.491277986129315
"739",73.8,"Simu1","NIT",50,"cliver",0.481044286185183
"740",73.9,"Simu1","NIT",50,"cliver",0.470372022438421
"741",74,"Simu1","NIT",50,"cliver",0.459334393310152
"742",74.1,"Simu1","NIT",50,"cliver",0.447998000682131
"743",74.2,"Simu1","NIT",50,"cliver",0.436423403547838
"744",74.3,"Simu1","NIT",50,"cliver",0.424665685469197
"745",74.4,"Simu1","NIT",50,"cliver",0.412774961691364
"746",74.5,"Simu1","NIT",50,"cliver",0.400796794620688
"747",74.6,"Simu1","NIT",50,"cliver",0.388772557892242
"748",74.7,"Simu1","NIT",50,"cliver",0.376739779811603
"749",74.8,"Simu1","NIT",50,"cliver",0.364732473088311
"750",74.9,"Simu1","NIT",50,"cliver",0.352781432696377
"751",75,"Simu1","NIT",50,"cliver",0.340914493857075
"752",75.1,"Simu1","NIT",50,"cliver",0.329156764799767
"753",75.2,"Simu1","NIT",50,"cliver",0.317530847173166
"754",75.3,"Simu1","NIT",50,"cliver",0.306057041316999
"755",75.4,"Simu1","NIT",50,"cliver",0.294753530465679
"756",75.5,"Simu1","NIT",50,"cliver",0.283636545947843
"757",75.6,"Simu1","NIT",50,"cliver",0.272720518898023
"758",75.7,"Simu1","NIT",50,"cliver",0.262018220363968
"759",75.8,"Simu1","NIT",50,"cliver",0.25154088860142
"760",75.9,"Simu1","NIT",50,"cliver",0.24129834335542
"761",76,"Simu1","NIT",50,"cliver",0.231299088644771
"762",76.1,"Simu1","NIT",50,"cliver",0.221550405563598
"763",76.2,"Simu1","NIT",50,"cliver",0.212058435530233
"764",76.3,"Simu1","NIT",50,"cliver",0.202828254412604
"765",76.4,"Simu1","NIT",50,"cliver",0.193863937527601
"766",76.5,"Simu1","NIT",50,"cliver",0.185168617846825
"767",76.6,"Simu1","NIT",50,"cliver",0.176744537304903
"768",76.7,"Simu1","NIT",50,"cliver",0.168593092286204
"769",76.8,"Simu1","NIT",50,"cliver",0.160714874004056
"770",76.9,"Simu1","NIT",50,"cliver",0.153109705441461
"771",77,"Simu1","NIT",50,"cliver",0.14577667570453
"772",77.1,"Simu1","NIT",50,"cliver",0.138714173089662
"773",77.2,"Simu1","NIT",50,"cliver",0.131919917057056
"774",77.3,"Simu1","NIT",50,"cliver",0.12539099181716
"775",77.4,"Simu1","NIT",50,"cliver",0.119123879516425
"776",77.5,"Simu1","NIT",50,"cliver",0.113114499451196
"777",77.6,"Simu1","NIT",50,"cliver",0.107358240959097
"778",77.7,"Simu1","NIT",50,"cliver",0.101850019435608
"779",77.8,"Simu1","NIT",50,"cliver",0.0965842764345147
"780",77.9,"Simu1","NIT",50,"cliver",0.0915551073606469
"781",78,"Simu1","NIT",50,"cliver",0.0877973066974283
"782",78.1,"Simu1","NIT",50,"cliver",0.352992068795794
"783",78.2,"Simu1","NIT",50,"cliver",0.477610104856669
"784",78.3,"Simu1","NIT",50,"cliver",0.515774214584513
"785",78.4,"Simu1","NIT",50,"cliver",0.53165859582747
"786",78.5,"Simu1","NIT",50,"cliver",0.540041728945136
"787",78.6,"Simu1","NIT",50,"cliver",0.544787349744912
"788",78.7,"Simu1","NIT",50,"cliver",0.547054922695717
"789",78.8,"Simu1","NIT",50,"cliver",0.547303504319339
"790",78.9,"Simu1","NIT",50,"cliver",0.545804275784571
"791",79,"Simu1","NIT",50,"cliver",0.542764920924235
"792",79.1,"Simu1","NIT",50,"cliver",0.53836401326472
"793",79.2,"Simu1","NIT",50,"cliver",0.532760574167534
"794",79.3,"Simu1","NIT",50,"cliver",0.526098084056647
"795",79.4,"Simu1","NIT",50,"cliver",0.518506357668965
"796",79.5,"Simu1","NIT",50,"cliver",0.510103245273957
"797",79.6,"Simu1","NIT",50,"cliver",0.500995715754109
"798",79.7,"Simu1","NIT",50,"cliver",0.4912809000283
"799",79.8,"Simu1","NIT",50,"cliver",0.481047145405861
"800",79.9,"Simu1","NIT",50,"cliver",0.470374872414024
"801",80,"Simu1","NIT",50,"cliver",0.459337242050162
"802",80.1,"Simu1","NIT",50,"cliver",0.448000820244799
"803",80.2,"Simu1","NIT",50,"cliver",0.436426170510689
"804",80.3,"Simu1","NIT",50,"cliver",0.424668401374034
"805",80.4,"Simu1","NIT",50,"cliver",0.412777635192843
"806",80.5,"Simu1","NIT",50,"cliver",0.400799423511566
"807",80.6,"Simu1","NIT",50,"cliver",0.388775132123254
"808",80.7,"Simu1","NIT",50,"cliver",0.376742293477042
"809",80.8,"Simu1","NIT",50,"cliver",0.364734928551761
"810",80.9,"Simu1","NIT",50,"cliver",0.352783831843213
"811",81,"Simu1","NIT",50,"cliver",0.340916834780021
"812",81.1,"Simu1","NIT",50,"cliver",0.329159043971138
"813",81.2,"Simu1","NIT",50,"cliver",0.317533064577527
"814",81.3,"Simu1","NIT",50,"cliver",0.30605919663534
"815",81.4,"Simu1","NIT",50,"cliver",0.294755620255126
"816",81.5,"Simu1","NIT",50,"cliver",0.283638566383071
"817",81.6,"Simu1","NIT",50,"cliver",0.272722483141641
"818",81.7,"Simu1","NIT",50,"cliver",0.262020143448686
"819",81.8,"Simu1","NIT",50,"cliver",0.251542750470936
"820",81.9,"Simu1","NIT",50,"cliver",0.241300121813344
"821",82,"Simu1","NIT",50,"cliver",0.231300800971674
"822",82.1,"Simu1","NIT",50,"cliver",0.22155206564774
"823",82.2,"Simu1","NIT",50,"cliver",0.212060048175454
"824",82.3,"Simu1","NIT",50,"cliver",0.202829824266847
"825",82.4,"Simu1","NIT",50,"cliver",0.193865458720758
"826",82.5,"Simu1","NIT",50,"cliver",0.185170092959979
"827",82.6,"Simu1","NIT",50,"cliver",0.176745964697418
"828",82.7,"Simu1","NIT",50,"cliver",0.168594466681901
"829",82.8,"Simu1","NIT",50,"cliver",0.160716211646022
"830",82.9,"Simu1","NIT",50,"cliver",0.153110951054058
"831",83,"Simu1","NIT",50,"cliver",0.145777860347743
"832",83.1,"Simu1","NIT",50,"cliver",0.138715081597445
"833",83.2,"Simu1","NIT",50,"cliver",0.131920903830136
"834",83.3,"Simu1","NIT",50,"cliver",0.125391904305723
"835",83.4,"Simu1","NIT",50,"cliver",0.119124681578182
"836",83.5,"Simu1","NIT",50,"cliver",0.113115228491482
"837",83.6,"Simu1","NIT",50,"cliver",0.107358925721851
"838",83.7,"Simu1","NIT",50,"cliver",0.101850645601745
"839",83.8,"Simu1","NIT",50,"cliver",0.0965848556356475
"840",83.9,"Simu1","NIT",50,"cliver",0.0915556685940353
"841",84,"Simu1","NIT",50,"cliver",0.0877978515288635
"842",84.1,"Simu1","NIT",50,"cliver",0.352991909665988
"843",84.2,"Simu1","NIT",50,"cliver",0.477608295027576
"844",84.3,"Simu1","NIT",50,"cliver",0.515770792097945
"845",84.4,"Simu1","NIT",50,"cliver",0.531654953244432
"846",84.5,"Simu1","NIT",50,"cliver",0.540036923987859
"847",84.6,"Simu1","NIT",50,"cliver",0.544783998109393
"848",84.7,"Simu1","NIT",50,"cliver",0.547051171945797
"849",84.8,"Simu1","NIT",50,"cliver",0.547299857378607
"850",84.9,"Simu1","NIT",50,"cliver",0.545800560414795
"851",85,"Simu1","NIT",50,"cliver",0.542760445462833
"852",85.1,"Simu1","NIT",50,"cliver",0.538359773902934
"853",85.2,"Simu1","NIT",50,"cliver",0.532756788058513
"854",85.3,"Simu1","NIT",50,"cliver",0.526094200641059
"855",85.4,"Simu1","NIT",50,"cliver",0.518502668883467
"856",85.5,"Simu1","NIT",50,"cliver",0.51009978648964
"857",85.6,"Simu1","NIT",50,"cliver",0.500992185163791
"858",85.7,"Simu1","NIT",50,"cliver",0.491277256762965
"859",85.8,"Simu1","NIT",50,"cliver",0.481043576730424
"860",85.9,"Simu1","NIT",50,"cliver",0.470371399488957
"861",86,"Simu1","NIT",50,"cliver",0.459333825818882
"862",86.1,"Simu1","NIT",50,"cliver",0.44799738654223
"863",86.2,"Simu1","NIT",50,"cliver",0.436422614200923
"864",86.3,"Simu1","NIT",50,"cliver",0.424664709777261
"865",86.4,"Simu1","NIT",50,"cliver",0.412774088789343
"866",86.5,"Simu1","NIT",50,"cliver",0.400796212956996
"867",86.6,"Simu1","NIT",50,"cliver",0.388772161922923
"868",86.7,"Simu1","NIT",50,"cliver",0.376739438245129
"869",86.8,"Simu1","NIT",50,"cliver",0.364732146176091
"870",86.9,"Simu1","NIT",50,"cliver",0.352781134919696
"871",87,"Simu1","NIT",50,"cliver",0.340914238141575
"872",87.1,"Simu1","NIT",50,"cliver",0.329156556523681
"873",87.2,"Simu1","NIT",50,"cliver",0.317530681236644
"874",87.3,"Simu1","NIT",50,"cliver",0.306056909904716
"875",87.4,"Simu1","NIT",50,"cliver",0.294753425663831
"876",87.5,"Simu1","NIT",50,"cliver",0.283636461768903
"877",87.6,"Simu1","NIT",50,"cliver",0.27272043373764
"878",87.7,"Simu1","NIT",50,"cliver",0.26201811300378
"879",87.8,"Simu1","NIT",50,"cliver",0.251540757044831
"880",87.9,"Simu1","NIT",50,"cliver",0.241298201292238
"881",88,"Simu1","NIT",50,"cliver",0.231298947403102
"882",88.1,"Simu1","NIT",50,"cliver",0.221550266034846
"883",88.2,"Simu1","NIT",50,"cliver",0.212058293720908
"884",88.3,"Simu1","NIT",50,"cliver",0.202828109227254
"885",88.4,"Simu1","NIT",50,"cliver",0.193863791685232
"886",88.5,"Simu1","NIT",50,"cliver",0.185168473886054
"887",88.6,"Simu1","NIT",50,"cliver",0.176744395373153
"888",88.7,"Simu1","NIT",50,"cliver",0.168592951588382
"889",88.8,"Simu1","NIT",50,"cliver",0.16071473472484
"890",88.9,"Simu1","NIT",50,"cliver",0.153109568577097
"891",89,"Simu1","NIT",50,"cliver",0.145776541905835
"892",89.1,"Simu1","NIT",50,"cliver",0.138714042380785
"893",89.2,"Simu1","NIT",50,"cliver",0.131919789394194
"894",89.3,"Simu1","NIT",50,"cliver",0.125390867407168
"895",89.4,"Simu1","NIT",50,"cliver",0.119123758622234
"896",89.5,"Simu1","NIT",50,"cliver",0.113114382288932
"897",89.6,"Simu1","NIT",50,"cliver",0.107358127360311
"898",89.7,"Simu1","NIT",50,"cliver",0.101849910088052
"899",89.8,"Simu1","NIT",50,"cliver",0.0965841747698945
"900",89.9,"Simu1","NIT",50,"cliver",0.0915549990302437
"901",90,"Simu1","NIT",50,"cliver",0.0877972051798406
"902",90.1,"Simu1","NIT",50,"cliver",0.35299227590989
"903",90.2,"Simu1","NIT",50,"cliver",0.477610995211606
"904",90.3,"Simu1","NIT",50,"cliver",0.515774749910053
"905",90.4,"Simu1","NIT",50,"cliver",0.53165872304914
"906",90.5,"Simu1","NIT",50,"cliver",0.540042138292508
"907",90.6,"Simu1","NIT",50,"cliver",0.544789069805221
"908",90.7,"Simu1","NIT",50,"cliver",0.547056041193416
"909",90.8,"Simu1","NIT",50,"cliver",0.547304628538707
"910",90.9,"Simu1","NIT",50,"cliver",0.54580527967335
"911",91,"Simu1","NIT",50,"cliver",0.54276597786688
"912",91.1,"Simu1","NIT",50,"cliver",0.538364994093781
"913",91.2,"Simu1","NIT",50,"cliver",0.532761579783193
"914",91.3,"Simu1","NIT",50,"cliver",0.526099151075611
"915",91.4,"Simu1","NIT",50,"cliver",0.51850751360681
"916",91.5,"Simu1","NIT",50,"cliver",0.510104441086735
"917",91.6,"Simu1","NIT",50,"cliver",0.500996853643224
"918",91.7,"Simu1","NIT",50,"cliver",0.491281960504895
"919",91.8,"Simu1","NIT",50,"cliver",0.48104819368422
"920",91.9,"Simu1","NIT",50,"cliver",0.47037592733408
"921",92,"Simu1","NIT",50,"cliver",0.459338283311462
"922",92.1,"Simu1","NIT",50,"cliver",0.448001824226965
"923",92.2,"Simu1","NIT",50,"cliver",0.436427138257147
"924",92.3,"Simu1","NIT",50,"cliver",0.424669346524166
"925",92.4,"Simu1","NIT",50,"cliver",0.412778563438932
"926",92.5,"Simu1","NIT",50,"cliver",0.400800332854413
"927",92.6,"Simu1","NIT",50,"cliver",0.388776022938074
"928",92.7,"Simu1","NIT",50,"cliver",0.376743161434261
"929",92.8,"Simu1","NIT",50,"cliver",0.36473576986068
"930",92.9,"Simu1","NIT",50,"cliver",0.352784654213265
"931",93,"Simu1","NIT",50,"cliver",0.340917642074415
"932",93.1,"Simu1","NIT",50,"cliver",0.329159815246345
"933",93.2,"Simu1","NIT",50,"cliver",0.317533815957558
"934",93.3,"Simu1","NIT",50,"cliver",0.306059932356026
"935",93.4,"Simu1","NIT",50,"cliver",0.294756335407317
"936",93.5,"Simu1","NIT",50,"cliver",0.283639290542889
"937",93.6,"Simu1","NIT",50,"cliver",0.272723200967185
"938",93.7,"Simu1","NIT",50,"cliver",0.262020839642937
"939",93.8,"Simu1","NIT",50,"cliver",0.251543442506683
"940",93.9,"Simu1","NIT",50,"cliver",0.241300832203314
"941",94,"Simu1","NIT",50,"cliver",0.231301508713969
"942",94.1,"Simu1","NIT",50,"cliver",0.221552759994681
"943",94.2,"Simu1","NIT",50,"cliver",0.212060702485717
"944",94.3,"Simu1","NIT",50,"cliver",0.202830425043655
"945",94.4,"Simu1","NIT",50,"cliver",0.193866061070021
"946",94.5,"Simu1","NIT",50,"cliver",0.185170675952772
"947",94.6,"Simu1","NIT",50,"cliver",0.176746483460001
"948",94.7,"Simu1","NIT",50,"cliver",0.168594972572261
"949",94.8,"Simu1","NIT",50,"cliver",0.160716715738791
"950",94.9,"Simu1","NIT",50,"cliver",0.153111444805451
"951",95,"Simu1","NIT",50,"cliver",0.145778289461664
"952",95.1,"Simu1","NIT",50,"cliver",0.138715697782782
"953",95.2,"Simu1","NIT",50,"cliver",0.131921369879432
"954",95.3,"Simu1","NIT",50,"cliver",0.125392379690951
"955",95.4,"Simu1","NIT",50,"cliver",0.119125220405529
"956",95.5,"Simu1","NIT",50,"cliver",0.113115793220705
"957",95.6,"Simu1","NIT",50,"cliver",0.107359471603853
"958",95.7,"Simu1","NIT",50,"cliver",0.101851179196239
"959",95.8,"Simu1","NIT",50,"cliver",0.0965853979707833
"960",95.9,"Simu1","NIT",50,"cliver",0.09155620208804
"961",96,"Simu1","NIT",50,"cliver",0.0877983339244632
"962",96.1,"Simu1","NIT",50,"cliver",0.352992368713184
"963",96.2,"Simu1","NIT",50,"cliver",0.477608718469042
"964",96.3,"Simu1","NIT",50,"cliver",0.515771138263532
"965",96.4,"Simu1","NIT",50,"cliver",0.531655148631337
"966",96.5,"Simu1","NIT",50,"cliver",0.540037666767061
"967",96.6,"Simu1","NIT",50,"cliver",0.544784515302112
"968",96.7,"Simu1","NIT",50,"cliver",0.547051656320509
"969",96.8,"Simu1","NIT",50,"cliver",0.54730011958846
"970",96.9,"Simu1","NIT",50,"cliver",0.545800706333079
"971",97,"Simu1","NIT",50,"cliver",0.54276159891574
"972",97.1,"Simu1","NIT",50,"cliver",0.538360533015169
"973",97.2,"Simu1","NIT",50,"cliver",0.532757087912544
"974",97.3,"Simu1","NIT",50,"cliver",0.526094662992095
"975",97.4,"Simu1","NIT",50,"cliver",0.518503010387043
"976",97.5,"Simu1","NIT",50,"cliver",0.51009991127416
"977",97.6,"Simu1","NIT",50,"cliver",0.50099234745083
"978",97.7,"Simu1","NIT",50,"cliver",0.491277542791271
"979",97.8,"Simu1","NIT",50,"cliver",0.481043838191405
"980",97.9,"Simu1","NIT",50,"cliver",0.47037160672785
"981",98,"Simu1","NIT",50,"cliver",0.459334004521804
"982",98.1,"Simu1","NIT",50,"cliver",0.447997612346063
"983",98.2,"Simu1","NIT",50,"cliver",0.436423008810388
"984",98.3,"Simu1","NIT",50,"cliver",0.424665298134253
"985",98.4,"Simu1","NIT",50,"cliver",0.41277459136226
"986",98.5,"Simu1","NIT",50,"cliver",0.400796436771487
"987",98.6,"Simu1","NIT",50,"cliver",0.388772203579951
"988",98.7,"Simu1","NIT",50,"cliver",0.376739427922819
"989",98.8,"Simu1","NIT",50,"cliver",0.364732128947844
"990",98.9,"Simu1","NIT",50,"cliver",0.352781098943564
"991",99,"Simu1","NIT",50,"cliver",0.340914168157032
"992",99.1,"Simu1","NIT",50,"cliver",0.329156444902182
"993",99.2,"Simu1","NIT",50,"cliver",0.317530533837616
"994",99.3,"Simu1","NIT",50,"cliver",0.306056736158417
"995",99.4,"Simu1","NIT",50,"cliver",0.294753233631396
"996",99.5,"Simu1","NIT",50,"cliver",0.283636256660272
"997",99.6,"Simu1","NIT",50,"cliver",0.27272023691041
"998",99.7,"Simu1","NIT",50,"cliver",0.262017946077865
"999",99.8,"Simu1","NIT",50,"cliver",0.251540622329574
"1000",99.9,"Simu1","NIT",50,"cliver",0.241298085172185
"1001",100,"Simu1","NIT",50,"cliver",0.231298838386717
"1002",100.1,"Simu1","NIT",50,"cliver",0.22155016312307
"1003",100.2,"Simu1","NIT",50,"cliver",0.212058200868919
"1004",100.3,"Simu1","NIT",50,"cliver",0.202828027381051
"1005",100.4,"Simu1","NIT",50,"cliver",0.193863718083926
"1006",100.5,"Simu1","NIT",50,"cliver",0.185168406011792
"1007",100.6,"Simu1","NIT",50,"cliver",0.17674433308592
"1008",100.7,"Simu1","NIT",50,"cliver",0.168592895611597
"1009",100.8,"Simu1","NIT",50,"cliver",0.160714684741318
"1010",100.9,"Simu1","NIT",50,"cliver",0.153109523529945
"1011",101,"Simu1","NIT",50,"cliver",0.145776501022724
"1012",101.1,"Simu1","NIT",50,"cliver",0.138714005625367
"1013",101.2,"Simu1","NIT",50,"cliver",0.131919756423463
"1014",101.3,"Simu1","NIT",50,"cliver",0.125390838425882
"1015",101.4,"Simu1","NIT",50,"cliver",0.119123731885615
"1016",101.5,"Simu1","NIT",50,"cliver",0.113114360839658
"1017",101.6,"Simu1","NIT",50,"cliver",0.107358096955498
"1018",101.7,"Simu1","NIT",50,"cliver",0.101849848155741
"1019",101.8,"Simu1","NIT",50,"cliver",0.0965840696645171
"1020",101.9,"Simu1","NIT",50,"cliver",0.0915549274541152
"1021",102,"Simu1","NIT",50,"cliver",0.087797167172057
"1022",102.1,"Simu1","NIT",50,"cliver",0.352992276708477
"1023",102.2,"Simu1","NIT",50,"cliver",0.477611586235549
"1024",102.3,"Simu1","NIT",50,"cliver",0.515774592642174
"1025",102.4,"Simu1","NIT",50,"cliver",0.531659722608177
"1026",102.5,"Simu1","NIT",50,"cliver",0.540042408915099
"1027",102.6,"Simu1","NIT",50,"cliver",0.544788736964988
"1028",102.7,"Simu1","NIT",50,"cliver",0.547055574766181
"1029",102.8,"Simu1","NIT",50,"cliver",0.547304342360076
"1030",102.9,"Simu1","NIT",50,"cliver",0.545804391241264
"1031",103,"Simu1","NIT",50,"cliver",0.542765902320116
"1032",103.1,"Simu1","NIT",50,"cliver",0.538364943228995
"1033",103.2,"Simu1","NIT",50,"cliver",0.532761589970425
"1034",103.3,"Simu1","NIT",50,"cliver",0.526099117432233
"1035",103.4,"Simu1","NIT",50,"cliver",0.518507490179679
"1036",103.5,"Simu1","NIT",50,"cliver",0.510104481144882
"1037",103.6,"Simu1","NIT",50,"cliver",0.500996967160772
"1038",103.7,"Simu1","NIT",50,"cliver",0.491282140609455
"1039",103.8,"Simu1","NIT",50,"cliver",0.481048343040889
"1040",103.9,"Simu1","NIT",50,"cliver",0.470376028487536
"1041",104,"Simu1","NIT",50,"cliver",0.45933838227503
"1042",104.1,"Simu1","NIT",50,"cliver",0.44800194713474
"1043",104.2,"Simu1","NIT",50,"cliver",0.43642727562809
"1044",104.3,"Simu1","NIT",50,"cliver",0.424669478804679
"1045",104.4,"Simu1","NIT",50,"cliver",0.412778685925714
"1046",104.5,"Simu1","NIT",50,"cliver",0.400800451310461
"1047",104.6,"Simu1","NIT",50,"cliver",0.388776138023026
"1048",104.7,"Simu1","NIT",50,"cliver",0.376743276133005
"1049",104.8,"Simu1","NIT",50,"cliver",0.36473588584978
"1050",104.9,"Simu1","NIT",50,"cliver",0.352784763903935
"1051",105,"Simu1","NIT",50,"cliver",0.340917742219659
"1052",105.1,"Simu1","NIT",50,"cliver",0.329159927583011
"1053",105.2,"Simu1","NIT",50,"cliver",0.317533923370682
"1054",105.3,"Simu1","NIT",50,"cliver",0.306060031388836
"1055",105.4,"Simu1","NIT",50,"cliver",0.294756434627219
"1056",105.5,"Simu1","NIT",50,"cliver",0.283639363884646
"1057",105.6,"Simu1","NIT",50,"cliver",0.272723250524226
"1058",105.7,"Simu1","NIT",50,"cliver",0.262020866091071
"1059",105.8,"Simu1","NIT",50,"cliver",0.251543449026194
"1060",105.9,"Simu1","NIT",50,"cliver",0.241300819050395
"1061",106,"Simu1","NIT",50,"cliver",0.23130148026518
"1062",106.1,"Simu1","NIT",50,"cliver",0.221552713919304
"1063",106.2,"Simu1","NIT",50,"cliver",0.212060661678755
"1064",106.3,"Simu1","NIT",50,"cliver",0.202830399261517
"1065",106.4,"Simu1","NIT",50,"cliver",0.193866002080474
"1066",106.5,"Simu1","NIT",50,"cliver",0.1851706032692
"1067",106.6,"Simu1","NIT",50,"cliver",0.176746444961388
"1068",106.7,"Simu1","NIT",50,"cliver",0.168594923540419
"1069",106.8,"Simu1","NIT",50,"cliver",0.160716630238863
"1070",106.9,"Simu1","NIT",50,"cliver",0.153111388082426
"1071",107,"Simu1","NIT",50,"cliver",0.145778286409601
"1072",107.1,"Simu1","NIT",50,"cliver",0.138715713400762
"1073",107.2,"Simu1","NIT",50,"cliver",0.131921388870911
"1074",107.3,"Simu1","NIT",50,"cliver",0.125392396412445
"1075",107.4,"Simu1","NIT",50,"cliver",0.119125219723882
"1076",107.5,"Simu1","NIT",50,"cliver",0.113115774807651
"1077",107.6,"Simu1","NIT",50,"cliver",0.107359459089529
"1078",107.7,"Simu1","NIT",50,"cliver",0.101851166517693
"1079",107.8,"Simu1","NIT",50,"cliver",0.0965853619480393
"1080",107.9,"Simu1","NIT",50,"cliver",0.0915561070313164
"1081",108,"Simu1","NIT",50,"cliver",0.0877982801933075
"1082",108.1,"Simu1","NIT",50,"cliver",0.352992257731636
"1083",108.2,"Simu1","NIT",50,"cliver",0.477608616396413
"1084",108.3,"Simu1","NIT",50,"cliver",0.51577167721491
"1085",108.4,"Simu1","NIT",50,"cliver",0.531655984088114
"1086",108.5,"Simu1","NIT",50,"cliver",0.540037604237562
"1087",108.6,"Simu1","NIT",50,"cliver",0.544784211295241
"1088",108.7,"Simu1","NIT",50,"cliver",0.547050821895175
"1089",108.8,"Simu1","NIT",50,"cliver",0.547299691391834
"1090",108.9,"Simu1","NIT",50,"cliver",0.545800200190245
"1091",109,"Simu1","NIT",50,"cliver",0.542761161871656
"1092",109.1,"Simu1","NIT",50,"cliver",0.53836019187662
"1093",109.2,"Simu1","NIT",50,"cliver",0.532756694551839
"1094",109.3,"Simu1","NIT",50,"cliver",0.526094366574201
"1095",109.4,"Simu1","NIT",50,"cliver",0.518502717284792
"1096",109.5,"Simu1","NIT",50,"cliver",0.51009961443479
"1097",109.6,"Simu1","NIT",50,"cliver",0.500992101800951
"1098",109.7,"Simu1","NIT",50,"cliver",0.491277328878148
"1099",109.8,"Simu1","NIT",50,"cliver",0.481043605909411
"1100",109.9,"Simu1","NIT",50,"cliver",0.470371360610219
"1101",110,"Simu1","NIT",50,"cliver",0.459333784402424
"1102",110.1,"Simu1","NIT",50,"cliver",0.447997424669069
"1103",110.2,"Simu1","NIT",50,"cliver",0.436422829999747
"1104",110.3,"Simu1","NIT",50,"cliver",0.424665111689977
"1105",110.4,"Simu1","NIT",50,"cliver",0.412774403618422
"1106",110.5,"Simu1","NIT",50,"cliver",0.400796260073072
"1107",110.6,"Simu1","NIT",50,"cliver",0.388772039302811
"1108",110.7,"Simu1","NIT",50,"cliver",0.376739269058399
"1109",110.8,"Simu1","NIT",50,"cliver",0.364731971719361
"1110",110.9,"Simu1","NIT",50,"cliver",0.352780945697812
"1111",111,"Simu1","NIT",50,"cliver",0.340914022155296
"1112",111.1,"Simu1","NIT",50,"cliver",0.329156305499608
"1113",111.2,"Simu1","NIT",50,"cliver",0.317530399142949
"1114",111.3,"Simu1","NIT",50,"cliver",0.30605660486107
"1115",111.4,"Simu1","NIT",50,"cliver",0.29475310740855
"1116",111.5,"Simu1","NIT",50,"cliver",0.283636134016763
"1117",111.6,"Simu1","NIT",50,"cliver",0.272720115949064
"1118",111.7,"Simu1","NIT",50,"cliver",0.262017830229756
"1119",111.8,"Simu1","NIT",50,"cliver",0.251540515000604
"1120",111.9,"Simu1","NIT",50,"cliver",0.241297981888999
"1121",112,"Simu1","NIT",50,"cliver",0.231298736309597
"1122",112.1,"Simu1","NIT",50,"cliver",0.221550065099232
"1123",112.2,"Simu1","NIT",50,"cliver",0.212058109069439
"1124",112.3,"Simu1","NIT",50,"cliver",0.202827939201611
"1125",112.4,"Simu1","NIT",50,"cliver",0.19386363246623
"1126",112.5,"Simu1","NIT",50,"cliver",0.185168323414918
"1127",112.6,"Simu1","NIT",50,"cliver",0.176744255685901
"1128",112.7,"Simu1","NIT",50,"cliver",0.168592820521069
"1129",112.8,"Simu1","NIT",50,"cliver",0.160714614934324
"1130",112.9,"Simu1","NIT",50,"cliver",0.153109447959132
"1131",113,"Simu1","NIT",50,"cliver",0.145776411217445
"1132",113.1,"Simu1","NIT",50,"cliver",0.13871390036228
"1133",113.2,"Simu1","NIT",50,"cliver",0.131919695724741
"1134",113.3,"Simu1","NIT",50,"cliver",0.125390753818306
"1135",113.4,"Simu1","NIT",50,"cliver",0.11912359991384
"1136",113.5,"Simu1","NIT",50,"cliver",0.113114245163921
"1137",113.6,"Simu1","NIT",50,"cliver",0.107358021120372
"1138",113.7,"Simu1","NIT",50,"cliver",0.101849813790498
"1139",113.8,"Simu1","NIT",50,"cliver",0.0965841130418016
"1140",113.9,"Simu1","NIT",50,"cliver",0.0915549936863972
"1141",114,"Simu1","NIT",50,"cliver",0.0877972262937605
"1142",114.1,"Simu1","NIT",50,"cliver",0.352992148094439
"1143",114.2,"Simu1","NIT",50,"cliver",0.477609237364328
"1144",114.3,"Simu1","NIT",50,"cliver",0.51577278563721
"1145",114.4,"Simu1","NIT",50,"cliver",0.531657433051665
"1146",114.5,"Simu1","NIT",50,"cliver",0.540040524661063
"1147",114.6,"Simu1","NIT",50,"cliver",0.544787339641739
"1148",114.7,"Simu1","NIT",50,"cliver",0.547054339862414
"1149",114.8,"Simu1","NIT",50,"cliver",0.547302786194319
"1150",114.9,"Simu1","NIT",50,"cliver",0.54580348269755
"1151",115,"Simu1","NIT",50,"cliver",0.542764070418618
"1152",115.1,"Simu1","NIT",50,"cliver",0.538363200260177
"1153",115.2,"Simu1","NIT",50,"cliver",0.532759763276154
"1154",115.3,"Simu1","NIT",50,"cliver",0.526097285618662
"1155",115.4,"Simu1","NIT",50,"cliver",0.518505589586051
"1156",115.5,"Simu1","NIT",50,"cliver",0.51010246728673
"1157",115.6,"Simu1","NIT",50,"cliver",0.500994924352099
"1158",115.7,"Simu1","NIT",50,"cliver",0.491280120075939
"1159",115.8,"Simu1","NIT",50,"cliver",0.481046387764609
"1160",115.9,"Simu1","NIT",50,"cliver",0.470374120134839
"1161",116,"Simu1","NIT",50,"cliver",0.459336489355356
"1162",116.1,"Simu1","NIT",50,"cliver",0.448000074826565
"1163",116.2,"Simu1","NIT",50,"cliver",0.436425443600702
"1164",116.3,"Simu1","NIT",50,"cliver",0.424667694753511
"1165",116.4,"Simu1","NIT",50,"cliver",0.412776944940405
"1166",116.5,"Simu1","NIT",50,"cliver",0.400798748572529
"1167",116.6,"Simu1","NIT",50,"cliver",0.388774474117611
"1168",116.7,"Simu1","NIT",50,"cliver",0.376741653975786
"1169",116.8,"Simu1","NIT",50,"cliver",0.364734306727787
"1170",116.9,"Simu1","NIT",50,"cliver",0.352783227059576
"1171",117,"Simu1","NIT",50,"cliver",0.34091624671987
"1172",117.1,"Simu1","NIT",50,"cliver",0.329158473392106
"1173",117.2,"Simu1","NIT",50,"cliver",0.317532510887773
"1174",117.3,"Simu1","NIT",50,"cliver",0.30605866072167
"1175",117.4,"Simu1","NIT",50,"cliver",0.29475510546114
"1176",117.5,"Simu1","NIT",50,"cliver",0.283638075769303
"1177",117.6,"Simu1","NIT",50,"cliver",0.272722003115602
"1178",117.7,"Simu1","NIT",50,"cliver",0.26201965916894
"1179",117.8,"Simu1","NIT",50,"cliver",0.251542282475118
"1180",117.9,"Simu1","NIT",50,"cliver",0.241299692422009
"1181",118,"Simu1","NIT",50,"cliver",0.231300392926412
"1182",118.1,"Simu1","NIT",50,"cliver",0.221551665269301
"1183",118.2,"Simu1","NIT",50,"cliver",0.212059651113931
"1184",118.3,"Simu1","NIT",50,"cliver",0.202829426239418
"1185",118.4,"Simu1","NIT",50,"cliver",0.193865066065488
"1186",118.5,"Simu1","NIT",50,"cliver",0.185169703699364
"1187",118.6,"Simu1","NIT",50,"cliver",0.176745581216558
"1188",118.7,"Simu1","NIT",50,"cliver",0.168594094920565
"1189",118.8,"Simu1","NIT",50,"cliver",0.160715836055491
"1190",118.9,"Simu1","NIT",50,"cliver",0.153110627604109
"1191",119,"Simu1","NIT",50,"cliver",0.145777558951121
"1192",119.1,"Simu1","NIT",50,"cliver",0.138715018035193
"1193",119.2,"Simu1","NIT",50,"cliver",0.131920725067375
"1194",119.3,"Simu1","NIT",50,"cliver",0.12539176267334
"1195",119.4,"Simu1","NIT",50,"cliver",0.119124616837643
"1196",119.5,"Simu1","NIT",50,"cliver",0.113115197690791
"1197",119.6,"Simu1","NIT",50,"cliver",0.107358926200045
"1198",119.7,"Simu1","NIT",50,"cliver",0.101850701416035
"1199",119.8,"Simu1","NIT",50,"cliver",0.0965849371772326
"1200",119.9,"Simu1","NIT",50,"cliver",0.0915557301755937
"1201",120,"Simu1","NIT",50,"cliver",0.0877978798526743
"1202",120.1,"Simu1","NIT",50,"cliver",0.352992190123326
"1203",120.2,"Simu1","NIT",50,"cliver",0.477609237765602
"1204",120.3,"Simu1","NIT",50,"cliver",0.515772338929068
"1205",120.4,"Simu1","NIT",50,"cliver",0.531656882204466
"1206",120.5,"Simu1","NIT",50,"cliver",0.540039516006206
"1207",120.6,"Simu1","NIT",50,"cliver",0.544786030701991
"1208",120.7,"Simu1","NIT",50,"cliver",0.547053377085345
"1209",120.8,"Simu1","NIT",50,"cliver",0.547301821255255
"1210",120.9,"Simu1","NIT",50,"cliver",0.545802522045113
"1211",121,"Simu1","NIT",50,"cliver",0.542763134288547
"1212",121.1,"Simu1","NIT",50,"cliver",0.538362201751063
"1213",121.2,"Simu1","NIT",50,"cliver",0.532758746120583
"1214",121.3,"Simu1","NIT",50,"cliver",0.526096245498245
"1215",121.4,"Simu1","NIT",50,"cliver",0.518504516565057
"1216",121.5,"Simu1","NIT",50,"cliver",0.510101406526451
"1217",121.6,"Simu1","NIT",50,"cliver",0.500993884623906
"1218",121.7,"Simu1","NIT",50,"cliver",0.491279078575913
"1219",121.8,"Simu1","NIT",50,"cliver",0.481045339172413
"1220",121.9,"Simu1","NIT",50,"cliver",0.47037308311304
"1221",122,"Simu1","NIT",50,"cliver",0.459335474169556
"1222",122.1,"Simu1","NIT",50,"cliver",0.447999075690619
"1223",122.2,"Simu1","NIT",50,"cliver",0.436424450967619
"1224",122.3,"Simu1","NIT",50,"cliver",0.424666709196829
"1225",122.4,"Simu1","NIT",50,"cliver",0.412775972520879
"1226",122.5,"Simu1","NIT",50,"cliver",0.400797791895531
"1227",122.6,"Simu1","NIT",50,"cliver",0.388773532815438
"1228",122.7,"Simu1","NIT",50,"cliver",0.376740727541817
"1229",122.8,"Simu1","NIT",50,"cliver",0.364733397099692
"1230",122.9,"Simu1","NIT",50,"cliver",0.352782335712872
"1231",123,"Simu1","NIT",50,"cliver",0.340915374713458
"1232",123.1,"Simu1","NIT",50,"cliver",0.329157620426379
"1233",123.2,"Simu1","NIT",50,"cliver",0.317531678402531
"1234",123.3,"Simu1","NIT",50,"cliver",0.30605785237146
"1235",123.4,"Simu1","NIT",50,"cliver",0.294754323102876
"1236",123.5,"Simu1","NIT",50,"cliver",0.283637309545791
"1237",123.6,"Simu1","NIT",50,"cliver",0.272721242050167
"1238",123.7,"Simu1","NIT",50,"cliver",0.262018918545894
"1239",123.8,"Simu1","NIT",50,"cliver",0.251541577001922
"1240",123.9,"Simu1","NIT",50,"cliver",0.241299009787924
"1241",124,"Simu1","NIT",50,"cliver",0.231299722072037
"1242",124.1,"Simu1","NIT",50,"cliver",0.221551016643894
"1243",124.2,"Simu1","NIT",50,"cliver",0.212059031672347
"1244",124.3,"Simu1","NIT",50,"cliver",0.20282882910012
"1245",124.4,"Simu1","NIT",50,"cliver",0.193864484585669
"1246",124.5,"Simu1","NIT",50,"cliver",0.185169143256636
"1247",124.6,"Simu1","NIT",50,"cliver",0.176745043502275
"1248",124.7,"Simu1","NIT",50,"cliver",0.168593580893451
"1249",124.8,"Simu1","NIT",50,"cliver",0.16071533628156
"1250",124.9,"Simu1","NIT",50,"cliver",0.153110155016475
"1251",125,"Simu1","NIT",50,"cliver",0.145777090377221
"1252",125.1,"Simu1","NIT",50,"cliver",0.138714605165564
"1253",125.2,"Simu1","NIT",50,"cliver",0.13192019758127
"1254",125.3,"Simu1","NIT",50,"cliver",0.125391313347149
"1255",125.4,"Simu1","NIT",50,"cliver",0.119124176312863
"1256",125.5,"Simu1","NIT",50,"cliver",0.113114765358877
"1257",125.6,"Simu1","NIT",50,"cliver",0.107358460178045
"1258",125.7,"Simu1","NIT",50,"cliver",0.101850186802997
"1259",125.8,"Simu1","NIT",50,"cliver",0.0965844441361777
"1260",125.9,"Simu1","NIT",50,"cliver",0.0915553152912213
"1261",126,"Simu1","NIT",50,"cliver",0.0877974961369636
"1262",126.1,"Simu1","NIT",50,"cliver",0.352992484846658
"1263",126.2,"Simu1","NIT",50,"cliver",0.477611088557936
"1264",126.3,"Simu1","NIT",50,"cliver",0.515774206873232
"1265",126.4,"Simu1","NIT",50,"cliver",0.531659381262323
"1266",126.5,"Simu1","NIT",50,"cliver",0.540042020236036
"1267",126.6,"Simu1","NIT",50,"cliver",0.544788352661292
"1268",126.7,"Simu1","NIT",50,"cliver",0.54705515627835
"1269",126.8,"Simu1","NIT",50,"cliver",0.547303862836028
"1270",126.9,"Simu1","NIT",50,"cliver",0.54580388552968
"1271",127,"Simu1","NIT",50,"cliver",0.542765277075127
"1272",127.1,"Simu1","NIT",50,"cliver",0.538364376586832
"1273",127.2,"Simu1","NIT",50,"cliver",0.532761085539243
"1274",127.3,"Simu1","NIT",50,"cliver",0.52609876315223
"1275",127.4,"Simu1","NIT",50,"cliver",0.51850704099974
"1276",127.5,"Simu1","NIT",50,"cliver",0.510103948101702
"1277",127.6,"Simu1","NIT",50,"cliver",0.5009964385387
"1278",127.7,"Simu1","NIT",50,"cliver",0.491281596947677
"1279",127.8,"Simu1","NIT",50,"cliver",0.481047798563912
"1280",127.9,"Simu1","NIT",50,"cliver",0.470375501212979
"1281",128,"Simu1","NIT",50,"cliver",0.459337873474795
"1282",128.1,"Simu1","NIT",50,"cliver",0.448001440182131
"1283",128.2,"Simu1","NIT",50,"cliver",0.436426762056792
"1284",128.3,"Simu1","NIT",50,"cliver",0.424668968715202
"1285",128.4,"Simu1","NIT",50,"cliver",0.412778195440975
"1286",128.5,"Simu1","NIT",50,"cliver",0.400799981522819
"1287",128.6,"Simu1","NIT",50,"cliver",0.388775677517879
"1288",128.7,"Simu1","NIT",50,"cliver",0.376742820299717
"1289",128.8,"Simu1","NIT",50,"cliver",0.364735440792656
"1290",128.9,"Simu1","NIT",50,"cliver",0.352784334362934
"1291",129,"Simu1","NIT",50,"cliver",0.340917325839166
"1292",129.1,"Simu1","NIT",50,"cliver",0.329159520763901
"1293",129.2,"Simu1","NIT",50,"cliver",0.317533526340379
"1294",129.3,"Simu1","NIT",50,"cliver",0.306059646261782
"1295",129.4,"Simu1","NIT",50,"cliver",0.294756061872438
"1296",129.5,"Simu1","NIT",50,"cliver",0.283639002370705
"1297",129.6,"Simu1","NIT",50,"cliver",0.272722899550779
"1298",129.7,"Simu1","NIT",50,"cliver",0.262020525991238
"1299",129.8,"Simu1","NIT",50,"cliver",0.25154312018618
"1300",129.9,"Simu1","NIT",50,"cliver",0.241300501293925
"1301",130,"Simu1","NIT",50,"cliver",0.231301173228916
"1302",130.1,"Simu1","NIT",50,"cliver",0.221552417619771
"1303",130.2,"Simu1","NIT",50,"cliver",0.212060375973659
"1304",130.3,"Simu1","NIT",50,"cliver",0.202830123897363
"1305",130.4,"Simu1","NIT",50,"cliver",0.193865736842259
"1306",130.5,"Simu1","NIT",50,"cliver",0.185170348121998
"1307",130.6,"Simu1","NIT",50,"cliver",0.176746199823631
"1308",130.7,"Simu1","NIT",50,"cliver",0.168594688200713
"1309",130.8,"Simu1","NIT",50,"cliver",0.160716404438228
"1310",130.9,"Simu1","NIT",50,"cliver",0.153111171714408
"1311",131,"Simu1","NIT",50,"cliver",0.145778079252369
"1312",131.1,"Simu1","NIT",50,"cliver",0.138715515357496
"1313",131.2,"Simu1","NIT",50,"cliver",0.131921199438654
"1314",131.3,"Simu1","NIT",50,"cliver",0.125392215917927
"1315",131.4,"Simu1","NIT",50,"cliver",0.119125046759324
"1316",131.5,"Simu1","NIT",50,"cliver",0.113115611901549
"1317",131.6,"Simu1","NIT",50,"cliver",0.107359299222452
"1318",131.7,"Simu1","NIT",50,"cliver",0.101851040022572
"1319",131.8,"Simu1","NIT",50,"cliver",0.0965853012256008
"1320",131.9,"Simu1","NIT",50,"cliver",0.0915561392371715
"1321",132,"Simu1","NIT",50,"cliver",0.087798226865544
"1322",132.1,"Simu1","NIT",50,"cliver",0.352992515498791
"1323",132.2,"Simu1","NIT",50,"cliver",0.477609560842829
"1324",132.3,"Simu1","NIT",50,"cliver",0.515772658235213
"1325",132.4,"Simu1","NIT",50,"cliver",0.531657194711431
"1326",132.5,"Simu1","NIT",50,"cliver",0.540038946860203
"1327",132.6,"Simu1","NIT",50,"cliver",0.5447865889241
"1328",132.7,"Simu1","NIT",50,"cliver",0.547053538452735
"1329",132.8,"Simu1","NIT",50,"cliver",0.547302048701499
"1330",132.9,"Simu1","NIT",50,"cliver",0.545802701592505
"1331",133,"Simu1","NIT",50,"cliver",0.542763318735765
"1332",133.1,"Simu1","NIT",50,"cliver",0.538362408075086
"1333",133.2,"Simu1","NIT",50,"cliver",0.532758946480976
"1334",133.3,"Simu1","NIT",50,"cliver",0.526096447242202
"1335",133.4,"Simu1","NIT",50,"cliver",0.518504724751242
"1336",133.5,"Simu1","NIT",50,"cliver",0.510101600926776
"1337",133.6,"Simu1","NIT",50,"cliver",0.500994057878138
"1338",133.7,"Simu1","NIT",50,"cliver",0.491279248699999
"1339",133.8,"Simu1","NIT",50,"cliver",0.481045507184397
"1340",133.9,"Simu1","NIT",50,"cliver",0.470373237792151
"1341",134,"Simu1","NIT",50,"cliver",0.459335613113218
"1342",134.1,"Simu1","NIT",50,"cliver",0.447999206486778
"1343",134.2,"Simu1","NIT",50,"cliver",0.436424581414476
"1344",134.3,"Simu1","NIT",50,"cliver",0.424666838996391
"1345",134.4,"Simu1","NIT",50,"cliver",0.41277609869079
"1346",134.5,"Simu1","NIT",50,"cliver",0.400797914378501
"1347",134.6,"Simu1","NIT",50,"cliver",0.388773652530325
"1348",134.7,"Simu1","NIT",50,"cliver",0.376740845123158
"1349",134.8,"Simu1","NIT",50,"cliver",0.364733511567069
"1350",134.9,"Simu1","NIT",50,"cliver",0.352782446863096
"1351",135,"Simu1","NIT",50,"cliver",0.340915482284244
"1352",135.1,"Simu1","NIT",50,"cliver",0.329157725100606
"1353",135.2,"Simu1","NIT",50,"cliver",0.317531779145011
"1354",135.3,"Simu1","NIT",50,"cliver",0.306057946050261
"1355",135.4,"Simu1","NIT",50,"cliver",0.294754408313764
"1356",135.5,"Simu1","NIT",50,"cliver",0.283637396436582
"1357",135.6,"Simu1","NIT",50,"cliver",0.272721341803228
"1358",135.7,"Simu1","NIT",50,"cliver",0.262019016093538
"1359",135.8,"Simu1","NIT",50,"cliver",0.251541657801227
"1360",135.9,"Simu1","NIT",50,"cliver",0.241299086202163
"1361",136,"Simu1","NIT",50,"cliver",0.231299805196397
"1362",136.1,"Simu1","NIT",50,"cliver",0.221551096061709
"1363",136.2,"Simu1","NIT",50,"cliver",0.212059100424322
"1364",136.3,"Simu1","NIT",50,"cliver",0.202828893997117
"1365",136.4,"Simu1","NIT",50,"cliver",0.193864552155856
"1366",136.5,"Simu1","NIT",50,"cliver",0.185169207999144
"1367",136.6,"Simu1","NIT",50,"cliver",0.176745103577901
"1368",136.7,"Simu1","NIT",50,"cliver",0.16859363515612
"1369",136.8,"Simu1","NIT",50,"cliver",0.16071539393244
"1370",136.9,"Simu1","NIT",50,"cliver",0.153110202890769
"1371",137,"Simu1","NIT",50,"cliver",0.145777151352134
"1372",137.1,"Simu1","NIT",50,"cliver",0.138714627319634
"1373",137.2,"Simu1","NIT",50,"cliver",0.131920350754917
"1374",137.3,"Simu1","NIT",50,"cliver",0.125391404802669
"1375",137.4,"Simu1","NIT",50,"cliver",0.119124274048232
"1376",137.5,"Simu1","NIT",50,"cliver",0.113114872283358
"1377",137.6,"Simu1","NIT",50,"cliver",0.107358618136962
"1378",137.7,"Simu1","NIT",50,"cliver",0.101850400448274
"1379",137.8,"Simu1","NIT",50,"cliver",0.0965846421356709
"1380",137.9,"Simu1","NIT",50,"cliver",0.0915554584320093
"1381",138,"Simu1","NIT",50,"cliver",0.0877976306607832
"1382",138.1,"Simu1","NIT",50,"cliver",0.352992615120299
"1383",138.2,"Simu1","NIT",50,"cliver",0.477610777037396
"1384",138.3,"Simu1","NIT",50,"cliver",0.515774354329097
"1385",138.4,"Simu1","NIT",50,"cliver",0.531657662366117
"1386",138.5,"Simu1","NIT",50,"cliver",0.540039429360629
"1387",138.6,"Simu1","NIT",50,"cliver",0.544785702735112
"1388",138.7,"Simu1","NIT",50,"cliver",0.547053153085166
"1389",138.8,"Simu1","NIT",50,"cliver",0.547301974222983
"1390",138.9,"Simu1","NIT",50,"cliver",0.54580273981978
"1391",139,"Simu1","NIT",50,"cliver",0.542763450616336
"1392",139.1,"Simu1","NIT",50,"cliver",0.538362564871865
"1393",139.2,"Simu1","NIT",50,"cliver",0.532759088381221
"1394",139.3,"Simu1","NIT",50,"cliver",0.526096616260689
"1395",139.4,"Simu1","NIT",50,"cliver",0.518505005464926
"1396",139.5,"Simu1","NIT",50,"cliver",0.510101931645655
"1397",139.6,"Simu1","NIT",50,"cliver",0.500994376459418
"1398",139.7,"Simu1","NIT",50,"cliver",0.491279557804081
"1399",139.8,"Simu1","NIT",50,"cliver",0.481045837493612
"1400",139.9,"Simu1","NIT",50,"cliver",0.47037358809064
"1401",140,"Simu1","NIT",50,"cliver",0.459335967659786
"1402",140.1,"Simu1","NIT",50,"cliver",0.447999559619936
"1403",140.2,"Simu1","NIT",50,"cliver",0.436424937044895
"1404",140.3,"Simu1","NIT",50,"cliver",0.424667198353067
"1405",140.4,"Simu1","NIT",50,"cliver",0.412776458117664
"1406",140.5,"Simu1","NIT",50,"cliver",0.400798271401662
"1407",140.6,"Simu1","NIT",50,"cliver",0.388774007442276
"1408",140.7,"Simu1","NIT",50,"cliver",0.376741197698498
"1409",140.8,"Simu1","NIT",50,"cliver",0.364733860182694
"1410",140.9,"Simu1","NIT",50,"cliver",0.352782790454451
"1411",141,"Simu1","NIT",50,"cliver",0.340915820871472
"1412",141.1,"Simu1","NIT",50,"cliver",0.329158058513551
"1413",141.2,"Simu1","NIT",50,"cliver",0.317532106560131
"1414",141.3,"Simu1","NIT",50,"cliver",0.306058266779194
"1415",141.4,"Simu1","NIT",50,"cliver",0.294754722224781
"1416",141.5,"Simu1","NIT",50,"cliver",0.283637703497767
"1417",141.6,"Simu1","NIT",50,"cliver",0.272721641716218
"1418",141.7,"Simu1","NIT",50,"cliver",0.262019308596461
"1419",141.8,"Simu1","NIT",50,"cliver",0.251541942563028
"1420",141.9,"Simu1","NIT",50,"cliver",0.241299363171002
"1421",142,"Simu1","NIT",50,"cliver",0.231300074314878
"1422",142.1,"Simu1","NIT",50,"cliver",0.221551357256838
"1423",142.2,"Simu1","NIT",50,"cliver",0.212059353612563
"1424",142.3,"Simu1","NIT",50,"cliver",0.202829139136886
"1425",142.4,"Simu1","NIT",50,"cliver",0.193864789253115
"1426",142.5,"Simu1","NIT",50,"cliver",0.185169437097186
"1427",142.6,"Simu1","NIT",50,"cliver",0.176745324674855
"1428",142.7,"Simu1","NIT",50,"cliver",0.16859384830694
"1429",142.8,"Simu1","NIT",50,"cliver",0.160715599157921
"1430",142.9,"Simu1","NIT",50,"cliver",0.153110400373764
"1431",143,"Simu1","NIT",50,"cliver",0.145777341009018
"1432",143.1,"Simu1","NIT",50,"cliver",0.138714809615841
"1433",143.2,"Simu1","NIT",50,"cliver",0.131920525021477
"1434",143.3,"Simu1","NIT",50,"cliver",0.125391572985237
"1435",143.4,"Simu1","NIT",50,"cliver",0.119124431973613
"1436",143.5,"Simu1","NIT",50,"cliver",0.113115033618777
"1437",143.6,"Simu1","NIT",50,"cliver",0.107358767693721
"1438",143.7,"Simu1","NIT",50,"cliver",0.101850515789713
"1439",143.8,"Simu1","NIT",50,"cliver",0.096584749777184
"1440",143.9,"Simu1","NIT",50,"cliver",0.0915555746960162
"1441",144,"Simu1","NIT",50,"cliver",0.0877977437945428
"1442",144.1,"Simu1","NIT",50,"cliver",0.352993025091568
"1443",144.2,"Simu1","NIT",50,"cliver",0.4776118821594
"1444",144.3,"Simu1","NIT",50,"cliver",0.515775296249722
"1445",144.4,"Simu1","NIT",50,"cliver",0.531659659948854
"1446",144.5,"Simu1","NIT",50,"cliver",0.540043129902547
"1447",144.6,"Simu1","NIT",50,"cliver",0.544790036630644
"1448",144.7,"Simu1","NIT",50,"cliver",0.547057036977657
"1449",144.8,"Simu1","NIT",50,"cliver",0.547305493257648
"1450",144.9,"Simu1","NIT",50,"cliver",0.545806235935212
"1451",145,"Simu1","NIT",50,"cliver",0.542766794920738
"1452",145.1,"Simu1","NIT",50,"cliver",0.538365883763111
"1453",145.2,"Simu1","NIT",50,"cliver",0.532762476629415
"1454",145.3,"Simu1","NIT",50,"cliver",0.526099984249573
"1455",145.4,"Simu1","NIT",50,"cliver",0.518508292612637
"1456",145.5,"Simu1","NIT",50,"cliver",0.510105145278283
"1457",145.6,"Simu1","NIT",50,"cliver",0.500997541932059
"1458",145.7,"Simu1","NIT",50,"cliver",0.491282692061878
"1459",145.8,"Simu1","NIT",50,"cliver",0.481048931332045
"1460",145.9,"Simu1","NIT",50,"cliver",0.470376628301497
"1461",146,"Simu1","NIT",50,"cliver",0.459338949310005
"1462",146.1,"Simu1","NIT",50,"cliver",0.448002480145351
"1463",146.2,"Simu1","NIT",50,"cliver",0.436427797793662
"1464",146.3,"Simu1","NIT",50,"cliver",0.424670001368847
"1465",146.4,"Simu1","NIT",50,"cliver",0.41277920136071
"1466",146.5,"Simu1","NIT",50,"cliver",0.400800950631586
"1467",146.6,"Simu1","NIT",50,"cliver",0.38877662097879
"1468",146.7,"Simu1","NIT",50,"cliver",0.376743746847693
"1469",146.8,"Simu1","NIT",50,"cliver",0.364736345872221
"1470",146.9,"Simu1","NIT",50,"cliver",0.352785211531006
"1471",147,"Simu1","NIT",50,"cliver",0.340918175827883
"1472",147.1,"Simu1","NIT",50,"cliver",0.3291603473217
"1473",147.2,"Simu1","NIT",50,"cliver",0.317534330117305
"1474",147.3,"Simu1","NIT",50,"cliver",0.306060425479409
"1475",147.4,"Simu1","NIT",50,"cliver",0.294756815848182
"1476",147.5,"Simu1","NIT",50,"cliver",0.283639732079412
"1477",147.6,"Simu1","NIT",50,"cliver",0.272723605858496
"1478",147.7,"Simu1","NIT",50,"cliver",0.262021208884713
"1479",147.8,"Simu1","NIT",50,"cliver",0.251543779595302
"1480",147.9,"Simu1","NIT",50,"cliver",0.241301137692136
"1481",148,"Simu1","NIT",50,"cliver",0.231301787035275
"1482",148.1,"Simu1","NIT",50,"cliver",0.22155300890592
"1483",148.2,"Simu1","NIT",50,"cliver",0.212060944958621
"1484",148.3,"Simu1","NIT",50,"cliver",0.202830671077998
"1485",148.4,"Simu1","NIT",50,"cliver",0.193866262760735
"1486",148.5,"Simu1","NIT",50,"cliver",0.185170853120329
"1487",148.6,"Simu1","NIT",50,"cliver",0.176746684210282
"1488",148.7,"Simu1","NIT",50,"cliver",0.168595152430304
"1489",148.8,"Simu1","NIT",50,"cliver",0.160716849029525
"1490",148.9,"Simu1","NIT",50,"cliver",0.153111597097106
"1491",149,"Simu1","NIT",50,"cliver",0.145778485864813
"1492",149.1,"Simu1","NIT",50,"cliver",0.138715903636343
"1493",149.2,"Simu1","NIT",50,"cliver",0.131921569994903
"1494",149.3,"Simu1","NIT",50,"cliver",0.125392569023641
"1495",149.4,"Simu1","NIT",50,"cliver",0.119125383491942
"1496",149.5,"Simu1","NIT",50,"cliver",0.113115931206124
"1497",149.6,"Simu1","NIT",50,"cliver",0.107359589280961
"1498",149.7,"Simu1","NIT",50,"cliver",0.101851265193164
"1499",149.8,"Simu1","NIT",50,"cliver",0.0965854354512516
"1500",149.9,"Simu1","NIT",50,"cliver",0.0915562610184668
"1501",150,"Simu1","NIT",50,"cliver",0.0877984667555791
"1502",150.1,"Simu1","NIT",50,"cliver",0.352993014550377
"1503",150.2,"Simu1","NIT",50,"cliver",0.477611408627265
"1504",150.3,"Simu1","NIT",50,"cliver",0.515775088217179
"1505",150.4,"Simu1","NIT",50,"cliver",0.531658381310933
"1506",150.5,"Simu1","NIT",50,"cliver",0.540040043028542
"1507",150.6,"Simu1","NIT",50,"cliver",0.544786514500945
"1508",150.7,"Simu1","NIT",50,"cliver",0.547053789926077
"1509",150.8,"Simu1","NIT",50,"cliver",0.547302375158304
"1510",150.9,"Simu1","NIT",50,"cliver",0.545803295315125
"1511",151,"Simu1","NIT",50,"cliver",0.542763835034464
"1512",151.1,"Simu1","NIT",50,"cliver",0.538363045993458
"1513",151.2,"Simu1","NIT",50,"cliver",0.532759622663266
"1514",151.3,"Simu1","NIT",50,"cliver",0.526097089668497
"1515",151.4,"Simu1","NIT",50,"cliver",0.518505437057726
"1516",151.5,"Simu1","NIT",50,"cliver",0.510102383624388
"1517",151.6,"Simu1","NIT",50,"cliver",0.500994810206122
"1518",151.7,"Simu1","NIT",50,"cliver",0.491279972138559
"1519",151.8,"Simu1","NIT",50,"cliver",0.481046239994766
"1520",151.9,"Simu1","NIT",50,"cliver",0.470373995556142
"1521",152,"Simu1","NIT",50,"cliver",0.459336362487836
"1522",152.1,"Simu1","NIT",50,"cliver",0.447999923218057
"1523",152.2,"Simu1","NIT",50,"cliver",0.436425264530971
"1524",152.3,"Simu1","NIT",50,"cliver",0.424667514052505
"1525",152.4,"Simu1","NIT",50,"cliver",0.412776768516158
"1526",152.5,"Simu1","NIT",50,"cliver",0.400798568342978
"1527",152.6,"Simu1","NIT",50,"cliver",0.388774291789231
"1528",152.7,"Simu1","NIT",50,"cliver",0.376741460108572
"1529",152.8,"Simu1","NIT",50,"cliver",0.364734109394265
"1530",152.9,"Simu1","NIT",50,"cliver",0.352783032327465
"1531",153,"Simu1","NIT",50,"cliver",0.340916087232562
"1532",153.1,"Simu1","NIT",50,"cliver",0.329158329505842
"1533",153.2,"Simu1","NIT",50,"cliver",0.317532348899422
"1534",153.3,"Simu1","NIT",50,"cliver",0.306058487639032
"1535",153.4,"Simu1","NIT",50,"cliver",0.294754933782076
"1536",153.5,"Simu1","NIT",50,"cliver",0.283637909663581
"1537",153.6,"Simu1","NIT",50,"cliver",0.272721840574005
"1538",153.7,"Simu1","NIT",50,"cliver",0.26201949453437
"1539",153.8,"Simu1","NIT",50,"cliver",0.251542116807737
"1540",153.9,"Simu1","NIT",50,"cliver",0.241299532784968
"1541",154,"Simu1","NIT",50,"cliver",0.23130023906105
"1542",154.1,"Simu1","NIT",50,"cliver",0.221551512570344
"1543",154.2,"Simu1","NIT",50,"cliver",0.212059499014228
"1544",154.3,"Simu1","NIT",50,"cliver",0.202829279308822
"1545",154.4,"Simu1","NIT",50,"cliver",0.193864923312237
"1546",154.5,"Simu1","NIT",50,"cliver",0.185169565802545
"1547",154.6,"Simu1","NIT",50,"cliver",0.176745442670386
"1548",154.7,"Simu1","NIT",50,"cliver",0.168593967081662
"1549",154.8,"Simu1","NIT",50,"cliver",0.160715689088241
"1550",154.9,"Simu1","NIT",50,"cliver",0.153110486612966
"1551",155,"Simu1","NIT",50,"cliver",0.145777535882888
"1552",155.1,"Simu1","NIT",50,"cliver",0.13871503184959
"1553",155.2,"Simu1","NIT",50,"cliver",0.131920638603855
"1554",155.3,"Simu1","NIT",50,"cliver",0.125391632608012
"1555",155.4,"Simu1","NIT",50,"cliver",0.119124553490401
"1556",155.5,"Simu1","NIT",50,"cliver",0.113115185131254
"1557",155.6,"Simu1","NIT",50,"cliver",0.107358880857087
"1558",155.7,"Simu1","NIT",50,"cliver",0.101850593409775
"1559",155.8,"Simu1","NIT",50,"cliver",0.0965848522530277
"1560",155.9,"Simu1","NIT",50,"cliver",0.0915556798914081
"1561",156,"Simu1","NIT",50,"cliver",0.0877978406190688
"1562",156.1,"Simu1","NIT",50,"cliver",0.352991855613507
"1563",156.2,"Simu1","NIT",50,"cliver",0.477608198866736
"1564",156.3,"Simu1","NIT",50,"cliver",0.515770624040389
"1565",156.4,"Simu1","NIT",50,"cliver",0.531654646426015
"1566",156.5,"Simu1","NIT",50,"cliver",0.540037177666063
"1567",156.6,"Simu1","NIT",50,"cliver",0.544784038307048
"1568",156.7,"Simu1","NIT",50,"cliver",0.547051059376099
"1569",156.8,"Simu1","NIT",50,"cliver",0.547299658929346
"1570",156.9,"Simu1","NIT",50,"cliver",0.545800393827307
"1571",157,"Simu1","NIT",50,"cliver",0.542761075363399
"1572",157.1,"Simu1","NIT",50,"cliver",0.538360156180355
"1573",157.2,"Simu1","NIT",50,"cliver",0.532756743407896
"1574",157.3,"Simu1","NIT",50,"cliver",0.526094281608399
"1575",157.4,"Simu1","NIT",50,"cliver",0.51850263220636
"1576",157.5,"Simu1","NIT",50,"cliver",0.510099532811271
"1577",157.6,"Simu1","NIT",50,"cliver",0.500991986173454
"1578",157.7,"Simu1","NIT",50,"cliver",0.491277198906444
"1579",157.8,"Simu1","NIT",50,"cliver",0.481043508244146
"1580",157.9,"Simu1","NIT",50,"cliver",0.470371285807103
"1581",158,"Simu1","NIT",50,"cliver",0.459333692886246
"1582",158.1,"Simu1","NIT",50,"cliver",0.447997313184293
"1583",158.2,"Simu1","NIT",50,"cliver",0.436422723160372
"1584",158.3,"Simu1","NIT",50,"cliver",0.424665023773787
"1585",158.4,"Simu1","NIT",50,"cliver",0.412774326087802
"1586",158.5,"Simu1","NIT",50,"cliver",0.40079618070211
"1587",158.6,"Simu1","NIT",50,"cliver",0.388771957752627
"1588",158.7,"Simu1","NIT",50,"cliver",0.376739192157615
"1589",158.8,"Simu1","NIT",50,"cliver",0.364731902079593
"1590",158.9,"Simu1","NIT",50,"cliver",0.352780880312426
"1591",159,"Simu1","NIT",50,"cliver",0.340913957899393
"1592",159.1,"Simu1","NIT",50,"cliver",0.329156243092389
"1593",159.2,"Simu1","NIT",50,"cliver",0.317530340072081
"1594",159.3,"Simu1","NIT",50,"cliver",0.306056549955525
"1595",159.4,"Simu1","NIT",50,"cliver",0.294753054778049
"1596",159.5,"Simu1","NIT",50,"cliver",0.28363608507131
"1597",159.6,"Simu1","NIT",50,"cliver",0.272720072395842
"1598",159.7,"Simu1","NIT",50,"cliver",0.262017788359451
"1599",159.8,"Simu1","NIT",50,"cliver",0.251540471208246
"1600",159.9,"Simu1","NIT",50,"cliver",0.241297940479589
"1601",160,"Simu1","NIT",50,"cliver",0.231298699890979
"1602",160.1,"Simu1","NIT",50,"cliver",0.221550030615876
"1603",160.2,"Simu1","NIT",50,"cliver",0.212058074189388
"1604",160.3,"Simu1","NIT",50,"cliver",0.202827906380967
"1605",160.4,"Simu1","NIT",50,"cliver",0.193863602584813
"1606",160.5,"Simu1","NIT",50,"cliver",0.185168295821517
"1607",160.6,"Simu1","NIT",50,"cliver",0.176744228044378
"1608",160.7,"Simu1","NIT",50,"cliver",0.168592795566312
"1609",160.8,"Simu1","NIT",50,"cliver",0.160714589537924
"1610",160.9,"Simu1","NIT",50,"cliver",0.153109432981234
"1611",161,"Simu1","NIT",50,"cliver",0.145776415005871
"1612",161.1,"Simu1","NIT",50,"cliver",0.138713923910406
"1613",161.2,"Simu1","NIT",50,"cliver",0.131919679036409
"1614",161.3,"Simu1","NIT",50,"cliver",0.125390764768652
"1615",161.4,"Simu1","NIT",50,"cliver",0.119123662911375
"1616",161.5,"Simu1","NIT",50,"cliver",0.113114293463824
"1617",161.6,"Simu1","NIT",50,"cliver",0.107358030699938
"1618",161.7,"Simu1","NIT",50,"cliver",0.101849783555801
"1619",161.8,"Simu1","NIT",50,"cliver",0.0965840217147196
"1620",161.9,"Simu1","NIT",50,"cliver",0.0915549109765373
"1621",162,"Simu1","NIT",50,"cliver",0.0877971322720183
"1622",162.1,"Simu1","NIT",50,"cliver",0.352991324716673
"1623",162.2,"Simu1","NIT",50,"cliver",0.477607149040117
"1624",162.3,"Simu1","NIT",50,"cliver",0.515769915915001
"1625",162.4,"Simu1","NIT",50,"cliver",0.531654198689569
"1626",162.5,"Simu1","NIT",50,"cliver",0.540037543619205
"1627",162.6,"Simu1","NIT",50,"cliver",0.544784345092863
"1628",162.7,"Simu1","NIT",50,"cliver",0.547051267770084
"1629",162.8,"Simu1","NIT",50,"cliver",0.547299667419644
"1630",162.9,"Simu1","NIT",50,"cliver",0.545800372848251
"1631",163,"Simu1","NIT",50,"cliver",0.542760916851801
"1632",163.1,"Simu1","NIT",50,"cliver",0.538360006078638
"1633",163.2,"Simu1","NIT",50,"cliver",0.532756615117645
"1634",163.3,"Simu1","NIT",50,"cliver",0.52609415192886
"1635",163.4,"Simu1","NIT",50,"cliver",0.518502501158179
"1636",163.5,"Simu1","NIT",50,"cliver",0.510099406524852
"1637",163.6,"Simu1","NIT",50,"cliver",0.500991865497482
"1638",163.7,"Simu1","NIT",50,"cliver",0.491277086819452
"1639",163.8,"Simu1","NIT",50,"cliver",0.481043404364468
"1640",163.9,"Simu1","NIT",50,"cliver",0.470371186205555
"1641",164,"Simu1","NIT",50,"cliver",0.459333598170402
"1642",164.1,"Simu1","NIT",50,"cliver",0.447997225283736
"1643",164.2,"Simu1","NIT",50,"cliver",0.436422643582474
"1644",164.3,"Simu1","NIT",50,"cliver",0.42466495145166
"1645",164.4,"Simu1","NIT",50,"cliver",0.412774258932833
"1646",164.5,"Simu1","NIT",50,"cliver",0.400796118462646
"1647",164.6,"Simu1","NIT",50,"cliver",0.38877190132194
"1648",164.7,"Simu1","NIT",50,"cliver",0.376739141455764
"1649",164.8,"Simu1","NIT",50,"cliver",0.364731856102088
"1650",164.9,"Simu1","NIT",50,"cliver",0.352780838416126
"1651",165,"Simu1","NIT",50,"cliver",0.340913920089491
"1652",165.1,"Simu1","NIT",50,"cliver",0.329156209371567
"1653",165.2,"Simu1","NIT",50,"cliver",0.317530310087733
"1654",165.3,"Simu1","NIT",50,"cliver",0.306056523264468
"1655",165.4,"Simu1","NIT",50,"cliver",0.294753031130974
"1656",165.5,"Simu1","NIT",50,"cliver",0.283636064345626
"1657",165.6,"Simu1","NIT",50,"cliver",0.272720054410526
"1658",165.7,"Simu1","NIT",50,"cliver",0.262017772860679
"1659",165.8,"Simu1","NIT",50,"cliver",0.251540457990015
"1660",165.9,"Simu1","NIT",50,"cliver",0.241297929360304
"1661",166,"Simu1","NIT",50,"cliver",0.231298690709034
"1662",166.1,"Simu1","NIT",50,"cliver",0.221550023203657
"1663",166.2,"Simu1","NIT",50,"cliver",0.212058068394078
"1664",166.3,"Simu1","NIT",50,"cliver",0.202827902063905
"1665",166.4,"Simu1","NIT",50,"cliver",0.193863599613943
"1666",166.5,"Simu1","NIT",50,"cliver",0.185168294067264
"1667",166.6,"Simu1","NIT",50,"cliver",0.176744227392057
"1668",166.7,"Simu1","NIT",50,"cliver",0.168592795902233
"1669",166.8,"Simu1","NIT",50,"cliver",0.160714590766101
"1670",166.9,"Simu1","NIT",50,"cliver",0.153109434989519
"1671",167,"Simu1","NIT",50,"cliver",0.145776417733922
"1672",167.1,"Simu1","NIT",50,"cliver",0.138713927214214
"1673",167.2,"Simu1","NIT",50,"cliver",0.131919682971462
"1674",167.3,"Simu1","NIT",50,"cliver",0.125390768953836
"1675",167.4,"Simu1","NIT",50,"cliver",0.119123668028525
"1676",167.5,"Simu1","NIT",50,"cliver",0.113114297544206
"1677",167.6,"Simu1","NIT",50,"cliver",0.107358035060679
"1678",167.7,"Simu1","NIT",50,"cliver",0.101849787686073
"1679",167.8,"Simu1","NIT",50,"cliver",0.0965840330853489
"1680",167.9,"Simu1","NIT",50,"cliver",0.0915549256854429
"1681",168,"Simu1","NIT",50,"cliver",0.0877971880963248
"1682",168.1,"Simu1","NIT",50,"cliver",0.352991910624208
"1683",168.2,"Simu1","NIT",50,"cliver",0.477609257693103
"1684",168.3,"Simu1","NIT",50,"cliver",0.515772564929686
"1685",168.4,"Simu1","NIT",50,"cliver",0.531656360452787
"1686",168.5,"Simu1","NIT",50,"cliver",0.540038413481139
"1687",168.6,"Simu1","NIT",50,"cliver",0.544784658572493
"1688",168.7,"Simu1","NIT",50,"cliver",0.547051882756144
"1689",168.8,"Simu1","NIT",50,"cliver",0.547300551987998
"1690",168.9,"Simu1","NIT",50,"cliver",0.545801402188802
"1691",169,"Simu1","NIT",50,"cliver",0.542762003312956
"1692",169.1,"Simu1","NIT",50,"cliver",0.538361275022799
"1693",169.2,"Simu1","NIT",50,"cliver",0.532757869120584
"1694",169.3,"Simu1","NIT",50,"cliver",0.526095346085037
"1695",169.4,"Simu1","NIT",50,"cliver",0.518503762365952
"1696",169.5,"Simu1","NIT",50,"cliver",0.510100745121339
"1697",169.6,"Simu1","NIT",50,"cliver",0.500993198592508
"1698",169.7,"Simu1","NIT",50,"cliver",0.491278395374591
"1699",169.8,"Simu1","NIT",50,"cliver",0.481044699737979
"1700",169.9,"Simu1","NIT",50,"cliver",0.470372501399339
"1701",170,"Simu1","NIT",50,"cliver",0.45933489793287
"1702",170.1,"Simu1","NIT",50,"cliver",0.447998498353974
"1703",170.2,"Simu1","NIT",50,"cliver",0.436423867751831
"1704",170.3,"Simu1","NIT",50,"cliver",0.424666167640071
"1705",170.4,"Simu1","NIT",50,"cliver",0.412775445453372
"1706",170.5,"Simu1","NIT",50,"cliver",0.400797284462656
"1707",170.6,"Simu1","NIT",50,"cliver",0.388773056090871
"1708",170.7,"Simu1","NIT",50,"cliver",0.376740255564303
"1709",170.8,"Simu1","NIT",50,"cliver",0.364732944981728
"1710",170.9,"Simu1","NIT",50,"cliver",0.352781921089378
"1711",171,"Simu1","NIT",50,"cliver",0.340914973190825
"1712",171.1,"Simu1","NIT",50,"cliver",0.329157210051411
"1713",171.2,"Simu1","NIT",50,"cliver",0.317531286462355
"1714",171.3,"Simu1","NIT",50,"cliver",0.306057496468083
"1715",171.4,"Simu1","NIT",50,"cliver",0.294753974604904
"1716",171.5,"Simu1","NIT",50,"cliver",0.283636963720456
"1717",171.6,"Simu1","NIT",50,"cliver",0.272720931302308
"1718",171.7,"Simu1","NIT",50,"cliver",0.262018635406611
"1719",171.8,"Simu1","NIT",50,"cliver",0.251541290303563
"1720",171.9,"Simu1","NIT",50,"cliver",0.241298725555046
"1721",172,"Simu1","NIT",50,"cliver",0.23129946142966
"1722",172.1,"Simu1","NIT",50,"cliver",0.221550772582795
"1723",172.2,"Simu1","NIT",50,"cliver",0.212058791054367
"1724",172.3,"Simu1","NIT",50,"cliver",0.20282859478928
"1725",172.4,"Simu1","NIT",50,"cliver",0.193864266945618
"1726",172.5,"Simu1","NIT",50,"cliver",0.185168936945746
"1727",172.6,"Simu1","NIT",50,"cliver",0.176744847291711
"1728",172.7,"Simu1","NIT",50,"cliver",0.168593386591794
"1729",172.8,"Simu1","NIT",50,"cliver",0.16071516377481
"1730",172.9,"Simu1","NIT",50,"cliver",0.153109970211764
"1731",173,"Simu1","NIT",50,"cliver",0.145776975467711
"1732",173.1,"Simu1","NIT",50,"cliver",0.13871455146034
"1733",173.2,"Simu1","NIT",50,"cliver",0.131920270458636
"1734",173.3,"Simu1","NIT",50,"cliver",0.12539125077333
"1735",173.4,"Simu1","NIT",50,"cliver",0.119124115865239
"1736",173.5,"Simu1","NIT",50,"cliver",0.113114775327722
"1737",173.6,"Simu1","NIT",50,"cliver",0.10735851339184
"1738",173.7,"Simu1","NIT",50,"cliver",0.101850275002205
"1739",173.8,"Simu1","NIT",50,"cliver",0.0965845247886371
"1740",173.9,"Simu1","NIT",50,"cliver",0.0915554154700379
"1741",174,"Simu1","NIT",50,"cliver",0.0877975695713351
"1742",174.1,"Simu1","NIT",50,"cliver",0.352991740241892
"1743",174.2,"Simu1","NIT",50,"cliver",0.477607745589513
"1744",174.3,"Simu1","NIT",50,"cliver",0.515770664636973
"1745",174.4,"Simu1","NIT",50,"cliver",0.531654314574443
"1746",174.5,"Simu1","NIT",50,"cliver",0.540037874035588
"1747",174.6,"Simu1","NIT",50,"cliver",0.544784729450347
"1748",174.7,"Simu1","NIT",50,"cliver",0.547051622341652
"1749",174.8,"Simu1","NIT",50,"cliver",0.547300034430524
"1750",174.9,"Simu1","NIT",50,"cliver",0.545800712943649
"1751",175,"Simu1","NIT",50,"cliver",0.54276128532218
"1752",175.1,"Simu1","NIT",50,"cliver",0.538360313863493
"1753",175.2,"Simu1","NIT",50,"cliver",0.5327569289931
"1754",175.3,"Simu1","NIT",50,"cliver",0.526094472167572
"1755",175.4,"Simu1","NIT",50,"cliver",0.518502828667986
"1756",175.5,"Simu1","NIT",50,"cliver",0.510099741299084
"1757",175.6,"Simu1","NIT",50,"cliver",0.500992172951166
"1758",175.7,"Simu1","NIT",50,"cliver",0.491277367691016
"1759",175.8,"Simu1","NIT",50,"cliver",0.481043678034217
"1760",175.9,"Simu1","NIT",50,"cliver",0.470371463078613
"1761",176,"Simu1","NIT",50,"cliver",0.459333868936815
"1762",176.1,"Simu1","NIT",50,"cliver",0.447997480366581
"1763",176.2,"Simu1","NIT",50,"cliver",0.436422883618914
"1764",176.3,"Simu1","NIT",50,"cliver",0.42466518296806
"1765",176.4,"Simu1","NIT",50,"cliver",0.412774484821267
"1766",176.5,"Simu1","NIT",50,"cliver",0.400796336321644
"1767",176.6,"Simu1","NIT",50,"cliver",0.388772108986984
"1768",176.7,"Simu1","NIT",50,"cliver",0.376739339944803
"1769",176.8,"Simu1","NIT",50,"cliver",0.364732047343073
"1770",176.9,"Simu1","NIT",50,"cliver",0.352781022859288
"1771",177,"Simu1","NIT",50,"cliver",0.340914097165787
"1772",177.1,"Simu1","NIT",50,"cliver",0.32915637893599
"1773",177.2,"Simu1","NIT",50,"cliver",0.317530472678316
"1774",177.3,"Simu1","NIT",50,"cliver",0.306056679421797
"1775",177.4,"Simu1","NIT",50,"cliver",0.294753181017021
"1776",177.5,"Simu1","NIT",50,"cliver",0.283636207976799
"1777",177.6,"Simu1","NIT",50,"cliver",0.272720191944679
"1778",177.7,"Simu1","NIT",50,"cliver",0.262017904573038
"1779",177.8,"Simu1","NIT",50,"cliver",0.251540584046961
"1780",177.9,"Simu1","NIT",50,"cliver",0.241298049915338
"1781",178,"Simu1","NIT",50,"cliver",0.231298806010019
"1782",178.1,"Simu1","NIT",50,"cliver",0.221550133445665
"1783",178.2,"Simu1","NIT",50,"cliver",0.212058173695184
"1784",178.3,"Simu1","NIT",50,"cliver",0.202828002535595
"1785",178.4,"Simu1","NIT",50,"cliver",0.193863695424767
"1786",178.5,"Simu1","NIT",50,"cliver",0.185168385404548
"1787",178.6,"Simu1","NIT",50,"cliver",0.176744314385892
"1788",178.7,"Simu1","NIT",50,"cliver",0.168592878675699
"1789",178.8,"Simu1","NIT",50,"cliver",0.160714669449267
"1790",178.9,"Simu1","NIT",50,"cliver",0.153109509770646
"1791",179,"Simu1","NIT",50,"cliver",0.145776488686132
"1792",179.1,"Simu1","NIT",50,"cliver",0.138713994601571
"1793",179.2,"Simu1","NIT",50,"cliver",0.131919746608434
"1794",179.3,"Simu1","NIT",50,"cliver",0.125390829753184
"1795",179.4,"Simu1","NIT",50,"cliver",0.119123724182811
"1796",179.5,"Simu1","NIT",50,"cliver",0.113114354312302
"1797",179.6,"Simu1","NIT",50,"cliver",0.107358093224145
"1798",179.7,"Simu1","NIT",50,"cliver",0.101849849490278
"1799",179.8,"Simu1","NIT",50,"cliver",0.0965841444708748
"1800",179.9,"Simu1","NIT",50,"cliver",0.0915550314611865
"1801",180,"Simu1","NIT",50,"cliver",0.0877972132271325
"1802",180.1,"Simu1","NIT",50,"cliver",0.352991273459576
"1803",180.2,"Simu1","NIT",50,"cliver",0.477607650227107
"1804",180.3,"Simu1","NIT",50,"cliver",0.515770144864341
"1805",180.4,"Simu1","NIT",50,"cliver",0.531654313378834
"1806",180.5,"Simu1","NIT",50,"cliver",0.540036293094406
"1807",180.6,"Simu1","NIT",50,"cliver",0.544783378769723
"1808",180.7,"Simu1","NIT",50,"cliver",0.547050563717634
"1809",180.8,"Simu1","NIT",50,"cliver",0.547299242864338
"1810",180.9,"Simu1","NIT",50,"cliver",0.545800010193095
"1811",181,"Simu1","NIT",50,"cliver",0.542760655603026
"1812",181.1,"Simu1","NIT",50,"cliver",0.538359784117756
"1813",181.2,"Simu1","NIT",50,"cliver",0.532756400954822
"1814",181.3,"Simu1","NIT",50,"cliver",0.526093943311747
"1815",181.4,"Simu1","NIT",50,"cliver",0.518502290730273
"1816",181.5,"Simu1","NIT",50,"cliver",0.510099195135072
"1817",181.6,"Simu1","NIT",50,"cliver",0.50099165760592
"1818",181.7,"Simu1","NIT",50,"cliver",0.491276883488982
"1819",181.8,"Simu1","NIT",50,"cliver",0.48104320249825
"1820",181.9,"Simu1","NIT",50,"cliver",0.470370985202164
"1821",182,"Simu1","NIT",50,"cliver",0.459333399637087
"1822",182.1,"Simu1","NIT",50,"cliver",0.447997031111753
"1823",182.2,"Simu1","NIT",50,"cliver",0.436422453532988
"1824",182.3,"Simu1","NIT",50,"cliver",0.424664764538831
"1825",182.4,"Simu1","NIT",50,"cliver",0.412774075207541
"1826",182.5,"Simu1","NIT",50,"cliver",0.400795938597302
"1827",182.6,"Simu1","NIT",50,"cliver",0.388771725611348
"1828",182.7,"Simu1","NIT",50,"cliver",0.376738969756155
"1829",182.8,"Simu1","NIT",50,"cliver",0.364731688296298
"1830",182.9,"Simu1","NIT",50,"cliver",0.352780674611587
"1831",183,"Simu1","NIT",50,"cliver",0.340913760450772
"1832",183.1,"Simu1","NIT",50,"cliver",0.329156053945715
"1833",183.2,"Simu1","NIT",50,"cliver",0.31753015883672
"1834",183.3,"Simu1","NIT",50,"cliver",0.30605637617746
"1835",183.4,"Simu1","NIT",50,"cliver",0.294752888241472
"1836",183.5,"Simu1","NIT",50,"cliver",0.283635925674282
"1837",183.6,"Simu1","NIT",50,"cliver",0.272719919941344
"1838",183.7,"Simu1","NIT",50,"cliver",0.262017642565816
"1839",183.8,"Simu1","NIT",50,"cliver",0.251540331866638
"1840",183.9,"Simu1","NIT",50,"cliver",0.24129780736796
"1841",184,"Simu1","NIT",50,"cliver",0.231298572811217
"1842",184.1,"Simu1","NIT",50,"cliver",0.221549909360125
"1843",184.2,"Simu1","NIT",50,"cliver",0.212057958570828
"1844",184.3,"Simu1","NIT",50,"cliver",0.202827796216496
"1845",184.4,"Simu1","NIT",50,"cliver",0.193863497687076
"1846",184.5,"Simu1","NIT",50,"cliver",0.185168196001695
"1847",184.6,"Simu1","NIT",50,"cliver",0.176744133134081
"1848",184.7,"Simu1","NIT",50,"cliver",0.168592705385651
"1849",184.8,"Simu1","NIT",50,"cliver",0.160714503928861
"1850",184.9,"Simu1","NIT",50,"cliver",0.1531093517465
"1851",185,"Simu1","NIT",50,"cliver",0.145776338037484
"1852",185.1,"Simu1","NIT",50,"cliver",0.138713850934523
"1853",185.2,"Simu1","NIT",50,"cliver",0.131919610142185
"1854",185.3,"Simu1","NIT",50,"cliver",0.125390699228164
"1855",185.4,"Simu1","NIT",50,"cliver",0.119123601951009
"1856",185.5,"Simu1","NIT",50,"cliver",0.113114233433151
"1857",185.6,"Simu1","NIT",50,"cliver",0.107357974101006
"1858",185.7,"Simu1","NIT",50,"cliver",0.10184972902233
"1859",185.8,"Simu1","NIT",50,"cliver",0.0965839823295117
"1860",185.9,"Simu1","NIT",50,"cliver",0.0915548643824129
"1861",186,"Simu1","NIT",50,"cliver",0.0877970947733069
"1862",186.1,"Simu1","NIT",50,"cliver",0.352991190359009
"1863",186.2,"Simu1","NIT",50,"cliver",0.477607547746063
"1864",186.3,"Simu1","NIT",50,"cliver",0.515770008004475
"1865",186.4,"Simu1","NIT",50,"cliver",0.531654056244278
"1866",186.5,"Simu1","NIT",50,"cliver",0.540036610683319
"1867",186.6,"Simu1","NIT",50,"cliver",0.544783476633653
"1868",186.7,"Simu1","NIT",50,"cliver",0.54705050494771
"1869",186.8,"Simu1","NIT",50,"cliver",0.547299122914538
"1870",186.9,"Simu1","NIT",50,"cliver",0.545799931460399
"1871",187,"Simu1","NIT",50,"cliver",0.54276064652797
"1872",187.1,"Simu1","NIT",50,"cliver",0.53835955371296
"1873",187.2,"Simu1","NIT",50,"cliver",0.532756161548088
"1874",187.3,"Simu1","NIT",50,"cliver",0.526093804757547
"1875",187.4,"Simu1","NIT",50,"cliver",0.518502120142613
"1876",187.5,"Simu1","NIT",50,"cliver",0.510099058340712
"1877",187.6,"Simu1","NIT",50,"cliver",0.500991612110086
"1878",187.7,"Simu1","NIT",50,"cliver",0.491276845143245
"1879",187.8,"Simu1","NIT",50,"cliver",0.481043138193293
"1880",187.9,"Simu1","NIT",50,"cliver",0.47037090721615
"1881",188,"Simu1","NIT",50,"cliver",0.459333350815608
"1882",188.1,"Simu1","NIT",50,"cliver",0.447997014215869
"1883",188.2,"Simu1","NIT",50,"cliver",0.436422450296017
"1884",188.3,"Simu1","NIT",50,"cliver",0.424664751068658
"1885",188.4,"Simu1","NIT",50,"cliver",0.412774053457481
"1886",188.5,"Simu1","NIT",50,"cliver",0.400795926660736
"1887",188.6,"Simu1","NIT",50,"cliver",0.388771702149086
"1888",188.7,"Simu1","NIT",50,"cliver",0.376738950991681
"1889",188.8,"Simu1","NIT",50,"cliver",0.36473168816669
"1890",188.9,"Simu1","NIT",50,"cliver",0.352780668189794
"1891",189,"Simu1","NIT",50,"cliver",0.340913755100127
"1892",189.1,"Simu1","NIT",50,"cliver",0.329156054348538
"1893",189.2,"Simu1","NIT",50,"cliver",0.317530162116509
"1894",189.3,"Simu1","NIT",50,"cliver",0.306056395670936
"1895",189.4,"Simu1","NIT",50,"cliver",0.29475293650997
"1896",189.5,"Simu1","NIT",50,"cliver",0.283636000335526
"1897",189.6,"Simu1","NIT",50,"cliver",0.272720012699101
"1898",189.7,"Simu1","NIT",50,"cliver",0.262017746198021
"1899",189.8,"Simu1","NIT",50,"cliver",0.251540448454714
"1900",189.9,"Simu1","NIT",50,"cliver",0.241297935701893
"1901",190,"Simu1","NIT",50,"cliver",0.231298714676614
"1902",190.1,"Simu1","NIT",50,"cliver",0.221550057118635
"1903",190.2,"Simu1","NIT",50,"cliver",0.212058113909606
"1904",190.3,"Simu1","NIT",50,"cliver",0.20282795389742
"1905",190.4,"Simu1","NIT",50,"cliver",0.193863592274105
"1906",190.5,"Simu1","NIT",50,"cliver",0.185168272843485
"1907",190.6,"Simu1","NIT",50,"cliver",0.176744249983357
"1908",190.7,"Simu1","NIT",50,"cliver",0.168592819489418
"1909",190.8,"Simu1","NIT",50,"cliver",0.160714591445694
"1910",190.9,"Simu1","NIT",50,"cliver",0.153109434860147
"1911",191,"Simu1","NIT",50,"cliver",0.145776428712938
"1912",191.1,"Simu1","NIT",50,"cliver",0.138713941164058
"1913",191.2,"Simu1","NIT",50,"cliver",0.131919695348465
"1914",191.3,"Simu1","NIT",50,"cliver",0.12539077945928
"1915",191.4,"Simu1","NIT",50,"cliver",0.119123678607846
"1916",191.5,"Simu1","NIT",50,"cliver",0.113114313293449
"1917",191.6,"Simu1","NIT",50,"cliver",0.107358062767624
"1918",191.7,"Simu1","NIT",50,"cliver",0.101849865529666
"1919",191.8,"Simu1","NIT",50,"cliver",0.0965842038061568
"1920",191.9,"Simu1","NIT",50,"cliver",0.0915550515355338
"1921",192,"Simu1","NIT",50,"cliver",0.0877972073132575
"1922",192.1,"Simu1","NIT",50,"cliver",0.35299128157417
"1923",192.2,"Simu1","NIT",50,"cliver",0.477607636519783
"1924",192.3,"Simu1","NIT",50,"cliver",0.515770076202153
"1925",192.4,"Simu1","NIT",50,"cliver",0.531654115328081
"1926",192.5,"Simu1","NIT",50,"cliver",0.540036664232777
"1927",192.6,"Simu1","NIT",50,"cliver",0.544783541523628
"1928",192.7,"Simu1","NIT",50,"cliver",0.547050579090196
"1929",192.8,"Simu1","NIT",50,"cliver",0.547299196972043
"1930",192.9,"Simu1","NIT",50,"cliver",0.545799949085576
"1931",193,"Simu1","NIT",50,"cliver",0.542760644199078
"1932",193.1,"Simu1","NIT",50,"cliver",0.538359739857108
"1933",193.2,"Simu1","NIT",50,"cliver",0.532756340134232
"1934",193.3,"Simu1","NIT",50,"cliver",0.52609389349501
"1935",193.4,"Simu1","NIT",50,"cliver",0.518502254192261
"1936",193.5,"Simu1","NIT",50,"cliver",0.510099171040899
"1937",193.6,"Simu1","NIT",50,"cliver",0.500991638891287
"1938",193.7,"Simu1","NIT",50,"cliver",0.491276866865035
"1939",193.8,"Simu1","NIT",50,"cliver",0.481043187923277
"1940",193.9,"Simu1","NIT",50,"cliver",0.470370976453117
"1941",194,"Simu1","NIT",50,"cliver",0.45933339570119
"1942",194.1,"Simu1","NIT",50,"cliver",0.447997028607746
"1943",194.2,"Simu1","NIT",50,"cliver",0.436422450277503
"1944",194.3,"Simu1","NIT",50,"cliver",0.424664761539152
"1945",194.4,"Simu1","NIT",50,"cliver",0.412774074125753
"1946",194.5,"Simu1","NIT",50,"cliver",0.400795938982765
"1947",194.6,"Simu1","NIT",50,"cliver",0.388771726048508
"1948",194.7,"Simu1","NIT",50,"cliver",0.376738970003162
"1949",194.8,"Simu1","NIT",50,"cliver",0.364731689033355
"1950",194.9,"Simu1","NIT",50,"cliver",0.352780676076176
"1951",195,"Simu1","NIT",50,"cliver",0.340913762232146
"1952",195.1,"Simu1","NIT",50,"cliver",0.329156055717688
"1953",195.2,"Simu1","NIT",50,"cliver",0.317530160682245
"1954",195.3,"Simu1","NIT",50,"cliver",0.306056378257713
"1955",195.4,"Simu1","NIT",50,"cliver",0.294752890511708
"1956",195.5,"Simu1","NIT",50,"cliver",0.283635927993229
"1957",195.6,"Simu1","NIT",50,"cliver",0.272719922263744
"1958",195.7,"Simu1","NIT",50,"cliver",0.262017644930915
"1959",195.8,"Simu1","NIT",50,"cliver",0.251540334267535
"1960",195.9,"Simu1","NIT",50,"cliver",0.241297809787471
"1961",196,"Simu1","NIT",50,"cliver",0.231298575221379
"1962",196.1,"Simu1","NIT",50,"cliver",0.221549911760164
"1963",196.2,"Simu1","NIT",50,"cliver",0.212057960955972
"1964",196.3,"Simu1","NIT",50,"cliver",0.202827798575724
"1965",196.4,"Simu1","NIT",50,"cliver",0.193863500010336
"1966",196.5,"Simu1","NIT",50,"cliver",0.185168198286339
"1967",196.6,"Simu1","NIT",50,"cliver",0.176744135373645
"1968",196.7,"Simu1","NIT",50,"cliver",0.168592707581084
"1969",196.8,"Simu1","NIT",50,"cliver",0.16071450606898
"1970",196.9,"Simu1","NIT",50,"cliver",0.153109353842838
"1971",197,"Simu1","NIT",50,"cliver",0.145776340059525
"1972",197.1,"Simu1","NIT",50,"cliver",0.138713852938308
"1973",197.2,"Simu1","NIT",50,"cliver",0.131919612000537
"1974",197.3,"Simu1","NIT",50,"cliver",0.12539070122594
"1975",197.4,"Simu1","NIT",50,"cliver",0.119123603399404
"1976",197.5,"Simu1","NIT",50,"cliver",0.113114236063825
"1977",197.6,"Simu1","NIT",50,"cliver",0.107357976340385
"1978",197.7,"Simu1","NIT",50,"cliver",0.10184973148984
"1979",197.8,"Simu1","NIT",50,"cliver",0.0965839786784869
"1980",197.9,"Simu1","NIT",50,"cliver",0.0915548762099461
"1981",198,"Simu1","NIT",50,"cliver",0.0877971524247869
"1982",198.1,"Simu1","NIT",50,"cliver",0.352991703834934
"1983",198.2,"Simu1","NIT",50,"cliver",0.477609759476679
"1984",198.3,"Simu1","NIT",50,"cliver",0.515772893741052
"1985",198.4,"Simu1","NIT",50,"cliver",0.531657380809628
"1986",198.5,"Simu1","NIT",50,"cliver",0.540040763073935
"1987",198.6,"Simu1","NIT",50,"cliver",0.544787704874891
"1988",198.7,"Simu1","NIT",50,"cliver",0.547054660312265
"1989",198.8,"Simu1","NIT",50,"cliver",0.54730323888694
"1990",198.9,"Simu1","NIT",50,"cliver",0.54580387979301
"1991",199,"Simu1","NIT",50,"cliver",0.542764576915406
"1992",199.1,"Simu1","NIT",50,"cliver",0.538363597816632
"1993",199.2,"Simu1","NIT",50,"cliver",0.532760180003702
"1994",199.3,"Simu1","NIT",50,"cliver",0.526097762923049
"1995",199.4,"Simu1","NIT",50,"cliver",0.518506134327684
"1996",199.5,"Simu1","NIT",50,"cliver",0.510103077628034
"1997",199.6,"Simu1","NIT",50,"cliver",0.500995510461533
"1998",199.7,"Simu1","NIT",50,"cliver",0.491280632675958
"1999",199.8,"Simu1","NIT",50,"cliver",0.481046880599624
"2000",199.9,"Simu1","NIT",50,"cliver",0.4703746342669
"2001",200,"Simu1","NIT",50,"cliver",0.45933701259395
"2002",200.1,"Simu1","NIT",50,"cliver",0.448000576466979
"2003",200.2,"Simu1","NIT",50,"cliver",0.436425914919144
"2004",200.3,"Simu1","NIT",50,"cliver",0.424668147371287
"2005",200.4,"Simu1","NIT",50,"cliver",0.412777393086036
"2006",200.5,"Simu1","NIT",50,"cliver",0.400799188699308
"2007",200.6,"Simu1","NIT",50,"cliver",0.388774908553471
"2008",200.7,"Simu1","NIT",50,"cliver",0.376742079701529
"2009",200.8,"Simu1","NIT",50,"cliver",0.364734731515039
"2010",200.9,"Simu1","NIT",50,"cliver",0.352783655988038
"2011",201,"Simu1","NIT",50,"cliver",0.340916679125326
"2012",201.1,"Simu1","NIT",50,"cliver",0.329158911657119
"2013",201.2,"Simu1","NIT",50,"cliver",0.317532957795476
"2014",201.3,"Simu1","NIT",50,"cliver",0.306059126104191
"2015",201.4,"Simu1","NIT",50,"cliver",0.294755589083941
"2016",201.5,"Simu1","NIT",50,"cliver",0.283638575980824
"2017",201.6,"Simu1","NIT",50,"cliver",0.272722506065845
"2018",201.7,"Simu1","NIT",50,"cliver",0.262020175628173
"2019",201.8,"Simu1","NIT",50,"cliver",0.251542762888645
"2020",201.9,"Simu1","NIT",50,"cliver",0.241300192103807
"2021",202,"Simu1","NIT",50,"cliver",0.231300905315028
"2022",202.1,"Simu1","NIT",50,"cliver",0.221552144981441
"2023",202.2,"Simu1","NIT",50,"cliver",0.212060121784742
"2024",202.3,"Simu1","NIT",50,"cliver",0.202829903293203
"2025",202.4,"Simu1","NIT",50,"cliver",0.193865510532444
"2026",202.5,"Simu1","NIT",50,"cliver",0.185170120417028
"2027",202.6,"Simu1","NIT",50,"cliver",0.1767460055136
"2028",202.7,"Simu1","NIT",50,"cliver",0.168594479797838
"2029",202.8,"Simu1","NIT",50,"cliver",0.160716217527211
"2030",202.9,"Simu1","NIT",50,"cliver",0.153110995138886
"2031",203,"Simu1","NIT",50,"cliver",0.145777894582506
"2032",203.1,"Simu1","NIT",50,"cliver",0.138715333060448
"2033",203.2,"Simu1","NIT",50,"cliver",0.131921030068276
"2034",203.3,"Simu1","NIT",50,"cliver",0.12539205688113
"2035",203.4,"Simu1","NIT",50,"cliver",0.119124890440379
"2036",203.5,"Simu1","NIT",50,"cliver",0.113115459393173
"2037",203.6,"Simu1","NIT",50,"cliver",0.10735915331865
"2038",203.7,"Simu1","NIT",50,"cliver",0.101850888381252
"2039",203.8,"Simu1","NIT",50,"cliver",0.0965851141167344
"2040",203.9,"Simu1","NIT",50,"cliver",0.0915559447547607
"2041",204,"Simu1","NIT",50,"cliver",0.0877981205644213
"2042",204.1,"Simu1","NIT",50,"cliver",0.352992172528685
"2043",204.2,"Simu1","NIT",50,"cliver",0.477608527249534
"2044",204.3,"Simu1","NIT",50,"cliver",0.515770952395826
"2045",204.4,"Simu1","NIT",50,"cliver",0.531654971125647
"2046",204.5,"Simu1","NIT",50,"cliver",0.54003749728178
"2047",204.6,"Simu1","NIT",50,"cliver",0.544784353409008
"2048",204.7,"Simu1","NIT",50,"cliver",0.547051501186714
"2049",204.8,"Simu1","NIT",50,"cliver",0.547299973823049
"2050",204.9,"Simu1","NIT",50,"cliver",0.545800564079193
"2051",205,"Simu1","NIT",50,"cliver",0.542761464399204
"2052",205.1,"Simu1","NIT",50,"cliver",0.538360405617509
"2053",205.2,"Simu1","NIT",50,"cliver",0.532756965650741
"2054",205.3,"Simu1","NIT",50,"cliver",0.526094546424512
"2055",205.4,"Simu1","NIT",50,"cliver",0.51850289965791
"2056",205.5,"Simu1","NIT",50,"cliver",0.510099806069397
"2057",205.6,"Simu1","NIT",50,"cliver",0.500992246687929
"2058",205.7,"Simu1","NIT",50,"cliver",0.491277446437156
"2059",205.8,"Simu1","NIT",50,"cliver",0.481043746564932
"2060",205.9,"Simu1","NIT",50,"cliver",0.470371519673074
"2061",206,"Simu1","NIT",50,"cliver",0.459333921579828
"2062",206.1,"Simu1","NIT",50,"cliver",0.447997533195473
"2063",206.2,"Simu1","NIT",50,"cliver",0.436422933338802
"2064",206.3,"Simu1","NIT",50,"cliver",0.424665226270477
"2065",206.4,"Simu1","NIT",50,"cliver",0.412774522964991
"2066",206.5,"Simu1","NIT",50,"cliver",0.400796371653758
"2067",206.6,"Simu1","NIT",50,"cliver",0.388772141571923
"2068",206.7,"Simu1","NIT",50,"cliver",0.37673936889298
"2069",206.8,"Simu1","NIT",50,"cliver",0.364732072784116
"2070",206.9,"Simu1","NIT",50,"cliver",0.352781045529543
"2071",207,"Simu1","NIT",50,"cliver",0.340914117366898
"2072",207.1,"Simu1","NIT",50,"cliver",0.32915639661306
"2073",207.2,"Simu1","NIT",50,"cliver",0.317530487940717
"2074",207.3,"Simu1","NIT",50,"cliver",0.306056692555967
"2075",207.4,"Simu1","NIT",50,"cliver",0.294753192226884
"2076",207.5,"Simu1","NIT",50,"cliver",0.283636217355997
"2077",207.6,"Simu1","NIT",50,"cliver",0.272720199612766
"2078",207.7,"Simu1","NIT",50,"cliver",0.262017910700707
"2079",207.8,"Simu1","NIT",50,"cliver",0.251540588790867
"2080",207.9,"Simu1","NIT",50,"cliver",0.241298053391678
"2081",208,"Simu1","NIT",50,"cliver",0.231298808290079
"2082",208.1,"Simu1","NIT",50,"cliver",0.221550134637609
"2083",208.2,"Simu1","NIT",50,"cliver",0.212058173923798
"2084",208.3,"Simu1","NIT",50,"cliver",0.202828001908029
"2085",208.4,"Simu1","NIT",50,"cliver",0.193863694018627
"2086",208.5,"Simu1","NIT",50,"cliver",0.185168383292781
"2087",208.6,"Simu1","NIT",50,"cliver",0.176744311653108
"2088",208.7,"Simu1","NIT",50,"cliver",0.168592875406517
"2089",208.8,"Simu1","NIT",50,"cliver",0.160714665708277
"2090",208.9,"Simu1","NIT",50,"cliver",0.153109505615621
"2091",209,"Simu1","NIT",50,"cliver",0.145776484174786
"2092",209.1,"Simu1","NIT",50,"cliver",0.138713989793936
"2093",209.2,"Simu1","NIT",50,"cliver",0.131919741557519
"2094",209.3,"Simu1","NIT",50,"cliver",0.125390824484616
"2095",209.4,"Simu1","NIT",50,"cliver",0.119123718805746
"2096",209.5,"Simu1","NIT",50,"cliver",0.113114348627825
"2097",209.6,"Simu1","NIT",50,"cliver",0.107358085684897
"2098",209.7,"Simu1","NIT",50,"cliver",0.101849837699224
"2099",209.8,"Simu1","NIT",50,"cliver",0.0965840595362858
"2100",209.9,"Simu1","NIT",50,"cliver",0.0915549163997049
"2101",210,"Simu1","NIT",50,"cliver",0.0877971584454386
"2102",210.1,"Simu1","NIT",50,"cliver",0.352991507767481
"2103",210.2,"Simu1","NIT",50,"cliver",0.477608566104138
"2104",210.3,"Simu1","NIT",50,"cliver",0.515771683907474
"2105",210.4,"Simu1","NIT",50,"cliver",0.531656248431379
"2106",210.5,"Simu1","NIT",50,"cliver",0.540039253940288
"2107",210.6,"Simu1","NIT",50,"cliver",0.544785146369585
"2108",210.7,"Simu1","NIT",50,"cliver",0.547052613514725
"2109",210.8,"Simu1","NIT",50,"cliver",0.547301192281195
"2110",210.9,"Simu1","NIT",50,"cliver",0.545801965351627
"2111",211,"Simu1","NIT",50,"cliver",0.542762580167484
"2112",211.1,"Simu1","NIT",50,"cliver",0.538361688278714
"2113",211.2,"Simu1","NIT",50,"cliver",0.532758262464358
"2114",211.3,"Simu1","NIT",50,"cliver",0.526095788885566
"2115",211.4,"Simu1","NIT",50,"cliver",0.518504084380051
"2116",211.5,"Simu1","NIT",50,"cliver",0.510100978698448
"2117",211.6,"Simu1","NIT",50,"cliver",0.50099345946569
"2118",211.7,"Simu1","NIT",50,"cliver",0.491278673845186
"2119",211.8,"Simu1","NIT",50,"cliver",0.481044951681628
"2120",211.9,"Simu1","NIT",50,"cliver",0.470372704188881
"2121",212,"Simu1","NIT",50,"cliver",0.459335098723673
"2122",212.1,"Simu1","NIT",50,"cliver",0.447998709330842
"2123",212.2,"Simu1","NIT",50,"cliver",0.436424101464153
"2124",212.3,"Simu1","NIT",50,"cliver",0.424666376164172
"2125",212.4,"Simu1","NIT",50,"cliver",0.412775652920392
"2126",212.5,"Simu1","NIT",50,"cliver",0.400797485149356
"2127",212.6,"Simu1","NIT",50,"cliver",0.388773238767973
"2128",212.7,"Simu1","NIT",50,"cliver",0.376740446372675
"2129",212.8,"Simu1","NIT",50,"cliver",0.364733127991456
"2130",212.9,"Simu1","NIT",50,"cliver",0.352782078187535
"2131",213,"Simu1","NIT",50,"cliver",0.340915127723405
"2132",213.1,"Simu1","NIT",50,"cliver",0.329157384107089
"2133",213.2,"Simu1","NIT",50,"cliver",0.317531451554113
"2134",213.3,"Simu1","NIT",50,"cliver",0.306057631624142
"2135",213.4,"Simu1","NIT",50,"cliver",0.294754106577072
"2136",213.5,"Simu1","NIT",50,"cliver",0.283637106921606
"2137",213.6,"Simu1","NIT",50,"cliver",0.272721064192548
"2138",213.7,"Simu1","NIT",50,"cliver",0.262018750099081
"2139",213.8,"Simu1","NIT",50,"cliver",0.251541403079973
"2140",213.9,"Simu1","NIT",50,"cliver",0.241298842391456
"2141",214,"Simu1","NIT",50,"cliver",0.231299571967654
"2142",214.1,"Simu1","NIT",50,"cliver",0.221550873108894
"2143",214.2,"Simu1","NIT",50,"cliver",0.21205888743635
"2144",214.3,"Simu1","NIT",50,"cliver",0.202828690659801
"2145",214.4,"Simu1","NIT",50,"cliver",0.193864358165208
"2146",214.5,"Simu1","NIT",50,"cliver",0.185169023059961
"2147",214.6,"Simu1","NIT",50,"cliver",0.176744927401106
"2148",214.7,"Simu1","NIT",50,"cliver",0.168593467452396
"2149",214.8,"Simu1","NIT",50,"cliver",0.160715234420811
"2150",214.9,"Simu1","NIT",50,"cliver",0.1531100512846
"2151",215,"Simu1","NIT",50,"cliver",0.145777007388814
"2152",215.1,"Simu1","NIT",50,"cliver",0.138714490696775
"2153",215.2,"Simu1","NIT",50,"cliver",0.131920221269627
"2154",215.3,"Simu1","NIT",50,"cliver",0.125391282025371
"2155",215.4,"Simu1","NIT",50,"cliver",0.119124158122408
"2156",215.5,"Simu1","NIT",50,"cliver",0.113114761870655
"2157",215.6,"Simu1","NIT",50,"cliver",0.107358513667606
"2158",215.7,"Simu1","NIT",50,"cliver",0.101850304680528
"2159",215.8,"Simu1","NIT",50,"cliver",0.0965845535719392
"2160",215.9,"Simu1","NIT",50,"cliver",0.0915553719991909
"2161",216,"Simu1","NIT",50,"cliver",0.0877975589413891
"2162",216.1,"Simu1","NIT",50,"cliver",0.352991626582928
"2163",216.2,"Simu1","NIT",50,"cliver",0.477607983571309
"2164",216.3,"Simu1","NIT",50,"cliver",0.515770419341471
"2165",216.4,"Simu1","NIT",50,"cliver",0.531654452846352
"2166",216.5,"Simu1","NIT",50,"cliver",0.540036995061262
"2167",216.6,"Simu1","NIT",50,"cliver",0.544783866383668
"2168",216.7,"Simu1","NIT",50,"cliver",0.547050897577876
"2169",216.8,"Simu1","NIT",50,"cliver",0.547299506388784
"2170",216.9,"Simu1","NIT",50,"cliver",0.545800250114829
"2171",217,"Simu1","NIT",50,"cliver",0.542760940476811
"2172",217.1,"Simu1","NIT",50,"cliver",0.538360029348071
"2173",217.2,"Simu1","NIT",50,"cliver",0.532756624424706
"2174",217.3,"Simu1","NIT",50,"cliver",0.526094169704261
"2175",217.4,"Simu1","NIT",50,"cliver",0.518502527636246
"2176",217.5,"Simu1","NIT",50,"cliver",0.510099434415549
"2177",217.6,"Simu1","NIT",50,"cliver",0.500991893384959
"2178",217.7,"Simu1","NIT",50,"cliver",0.491277111349007
"2179",217.8,"Simu1","NIT",50,"cliver",0.481043426139669
"2180",217.9,"Simu1","NIT",50,"cliver",0.470371208934713
"2181",218,"Simu1","NIT",50,"cliver",0.459333620691806
"2182",218.1,"Simu1","NIT",50,"cliver",0.447997245251711
"2183",218.2,"Simu1","NIT",50,"cliver",0.436422659324733
"2184",218.3,"Simu1","NIT",50,"cliver",0.424664963917431
"2185",218.4,"Simu1","NIT",50,"cliver",0.41277426999556
"2186",218.5,"Simu1","NIT",50,"cliver",0.400796128108473
"2187",218.6,"Simu1","NIT",50,"cliver",0.388771908435977
"2188",218.7,"Simu1","NIT",50,"cliver",0.376739145952086
"2189",218.8,"Simu1","NIT",50,"cliver",0.364731858830051
"2190",218.9,"Simu1","NIT",50,"cliver",0.352780839850275
"2191",219,"Simu1","NIT",50,"cliver",0.340913920055537
"2192",219.1,"Simu1","NIT",50,"cliver",0.329156207713996
"2193",219.2,"Simu1","NIT",50,"cliver",0.317530307022361
"2194",219.3,"Simu1","NIT",50,"cliver",0.306056519104861
"2195",219.4,"Simu1","NIT",50,"cliver",0.294753025999853
"2196",219.5,"Simu1","NIT",50,"cliver",0.283636058244168
"2197",219.6,"Simu1","NIT",50,"cliver",0.272720047406219
"2198",219.7,"Simu1","NIT",50,"cliver",0.262017765101518
"2199",219.8,"Simu1","NIT",50,"cliver",0.251540449579407
"2200",219.9,"Simu1","NIT",50,"cliver",0.241297920386042
"2201",220,"Simu1","NIT",50,"cliver",0.231298681244448
"2202",220.1,"Simu1","NIT",50,"cliver",0.221550013330907
"2203",220.2,"Simu1","NIT",50,"cliver",0.212058058183301
"2204",220.3,"Simu1","NIT",50,"cliver",0.202827891576374
"2205",220.4,"Simu1","NIT",50,"cliver",0.193863588909855
"2206",220.5,"Simu1","NIT",50,"cliver",0.185168283208106
"2207",220.6,"Simu1","NIT",50,"cliver",0.17674421642615
"2208",220.7,"Simu1","NIT",50,"cliver",0.168592784881101
"2209",220.8,"Simu1","NIT",50,"cliver",0.160714579726271
"2210",220.9,"Simu1","NIT",50,"cliver",0.153109423989263
"2211",221,"Simu1","NIT",50,"cliver",0.145776406776856
"2212",221.1,"Simu1","NIT",50,"cliver",0.138713916400665
"2213",221.2,"Simu1","NIT",50,"cliver",0.13191967218219
"2214",221.3,"Simu1","NIT",50,"cliver",0.125390758561559
"2215",221.4,"Simu1","NIT",50,"cliver",0.119123657217366
"2216",221.5,"Simu1","NIT",50,"cliver",0.113114288475561
"2217",221.6,"Simu1","NIT",50,"cliver",0.107358026271202
"2218",221.7,"Simu1","NIT",50,"cliver",0.101849779701196
"2219",221.8,"Simu1","NIT",50,"cliver",0.0965840174289665
"2220",221.9,"Simu1","NIT",50,"cliver",0.0915549061935115
"2221",222,"Simu1","NIT",50,"cliver",0.0877971249474723
"2222",222.1,"Simu1","NIT",50,"cliver",0.352991199556775
"2223",222.2,"Simu1","NIT",50,"cliver",0.477607578056987
"2224",222.3,"Simu1","NIT",50,"cliver",0.515770066149583
"2225",222.4,"Simu1","NIT",50,"cliver",0.531654242015611
"2226",222.5,"Simu1","NIT",50,"cliver",0.540036225584684
"2227",222.6,"Simu1","NIT",50,"cliver",0.544783313977413
"2228",222.7,"Simu1","NIT",50,"cliver",0.547050506134797
"2229",222.8,"Simu1","NIT",50,"cliver",0.547299187017005
"2230",222.9,"Simu1","NIT",50,"cliver",0.545799959155015
"2231",223,"Simu1","NIT",50,"cliver",0.542760602118536
"2232",223.1,"Simu1","NIT",50,"cliver",0.538359735575905
"2233",223.2,"Simu1","NIT",50,"cliver",0.532756355693316
"2234",223.3,"Simu1","NIT",50,"cliver",0.526093901252252
"2235",223.4,"Simu1","NIT",50,"cliver",0.518502256600967
"2236",223.5,"Simu1","NIT",50,"cliver",0.510099163062506
"2237",223.6,"Simu1","NIT",50,"cliver",0.500991624655417
"2238",223.7,"Simu1","NIT",50,"cliver",0.491276849652774
"2239",223.8,"Simu1","NIT",50,"cliver",0.481043171218818
"2240",223.9,"Simu1","NIT",50,"cliver",0.470370956959116
"2241",224,"Simu1","NIT",50,"cliver",0.459333372907199
"2242",224.1,"Simu1","NIT",50,"cliver",0.447997004534872
"2243",224.2,"Simu1","NIT",50,"cliver",0.436422427476188
"2244",224.3,"Simu1","NIT",50,"cliver",0.424664739925885
"2245",224.4,"Simu1","NIT",50,"cliver",0.412774052092431
"2246",224.5,"Simu1","NIT",50,"cliver",0.400795916437319
"2247",224.6,"Simu1","NIT",50,"cliver",0.388771704159358
"2248",224.7,"Simu1","NIT",50,"cliver",0.37673894918493
"2249",224.8,"Simu1","NIT",50,"cliver",0.364731668760751
"2250",224.9,"Simu1","NIT",50,"cliver",0.352780656034798
"2251",225,"Simu1","NIT",50,"cliver",0.340913742684517
"2252",225.1,"Simu1","NIT",50,"cliver",0.3291560369432
"2253",225.2,"Simu1","NIT",50,"cliver",0.317530142625155
"2254",225.3,"Simu1","NIT",50,"cliver",0.306056360754979
"2255",225.4,"Simu1","NIT",50,"cliver",0.294752873558018
"2256",225.5,"Simu1","NIT",50,"cliver",0.283635911680751
"2257",225.6,"Simu1","NIT",50,"cliver",0.272719906614906
"2258",225.7,"Simu1","NIT",50,"cliver",0.262017629892555
"2259",225.8,"Simu1","NIT",50,"cliver",0.251540319799597
"2260",225.9,"Simu1","NIT",50,"cliver",0.24129779590397
"2261",226,"Simu1","NIT",50,"cliver",0.231298561932204
"2262",226.1,"Simu1","NIT",50,"cliver",0.22154989904501
"2263",226.2,"Simu1","NIT",50,"cliver",0.212057948786629
"2264",226.3,"Simu1","NIT",50,"cliver",0.202827786939678
"2265",226.4,"Simu1","NIT",50,"cliver",0.193863488902667
"2266",226.5,"Simu1","NIT",50,"cliver",0.185168187694523
"2267",226.6,"Simu1","NIT",50,"cliver",0.17674412527701
"2268",226.7,"Simu1","NIT",50,"cliver",0.168592697963975
"2269",226.8,"Simu1","NIT",50,"cliver",0.160714496917739
"2270",226.9,"Simu1","NIT",50,"cliver",0.153109345147463
"2271",227,"Simu1","NIT",50,"cliver",0.145776331797058
"2272",227.1,"Simu1","NIT",50,"cliver",0.13871384510626
"2273",227.2,"Simu1","NIT",50,"cliver",0.131919604554232
"2274",227.3,"Simu1","NIT",50,"cliver",0.125390694220949
"2275",227.4,"Simu1","NIT",50,"cliver",0.119123596650061
"2276",227.5,"Simu1","NIT",50,"cliver",0.113114229990785
"2277",227.6,"Simu1","NIT",50,"cliver",0.107357970808255
"2278",227.7,"Simu1","NIT",50,"cliver",0.10184972684781
"2279",227.8,"Simu1","NIT",50,"cliver",0.0965839733884573
"2280",227.9,"Simu1","NIT",50,"cliver",0.0915548798269991
"2281",228,"Simu1","NIT",50,"cliver",0.087797180005702
"2282",228.1,"Simu1","NIT",50,"cliver",0.352991506338863
"2283",228.2,"Simu1","NIT",50,"cliver",0.477608934380651
"2284",228.3,"Simu1","NIT",50,"cliver",0.515772131851179
"2285",228.4,"Simu1","NIT",50,"cliver",0.531657093586734
"2286",228.5,"Simu1","NIT",50,"cliver",0.540038607910939
"2287",228.6,"Simu1","NIT",50,"cliver",0.544784872149328
"2288",228.7,"Simu1","NIT",50,"cliver",0.547051879838978
"2289",228.8,"Simu1","NIT",50,"cliver",0.547300182771605
"2290",228.9,"Simu1","NIT",50,"cliver",0.54580137352999
"2291",229,"Simu1","NIT",50,"cliver",0.542761645261267
"2292",229.1,"Simu1","NIT",50,"cliver",0.5383615476016
"2293",229.2,"Simu1","NIT",50,"cliver",0.532757790048108
"2294",229.3,"Simu1","NIT",50,"cliver",0.526095462964694
"2295",229.4,"Simu1","NIT",50,"cliver",0.518503895421676
"2296",229.5,"Simu1","NIT",50,"cliver",0.510100544329834
"2297",229.6,"Simu1","NIT",50,"cliver",0.500993041762962
"2298",229.7,"Simu1","NIT",50,"cliver",0.491278427953204
"2299",229.8,"Simu1","NIT",50,"cliver",0.481044818742223
"2300",229.9,"Simu1","NIT",50,"cliver",0.470372638692631
"2301",230,"Simu1","NIT",50,"cliver",0.459335104301813
"2302",230.1,"Simu1","NIT",50,"cliver",0.447998786035272
"2303",230.2,"Simu1","NIT",50,"cliver",0.43642422395021
"2304",230.3,"Simu1","NIT",50,"cliver",0.42466652717063
"2305",230.4,"Simu1","NIT",50,"cliver",0.412775794464395
"2306",230.5,"Simu1","NIT",50,"cliver",0.400797569815799
"2307",230.6,"Simu1","NIT",50,"cliver",0.388773265795812
"2308",230.7,"Simu1","NIT",50,"cliver",0.37674045014688
"2309",230.8,"Simu1","NIT",50,"cliver",0.364733132510935
"2310",230.9,"Simu1","NIT",50,"cliver",0.352782082179983
"2311",231,"Simu1","NIT",50,"cliver",0.340915120886913
"2312",231.1,"Simu1","NIT",50,"cliver",0.329157365847664
"2313",231.2,"Simu1","NIT",50,"cliver",0.317531425859962
"2314",231.3,"Simu1","NIT",50,"cliver",0.306057606143186
"2315",231.4,"Simu1","NIT",50,"cliver",0.294754075864626
"2316",231.5,"Simu1","NIT",50,"cliver",0.283637086522816
"2317",231.6,"Simu1","NIT",50,"cliver",0.272721069576601
"2318",231.7,"Simu1","NIT",50,"cliver",0.262018732442255
"2319",231.8,"Simu1","NIT",50,"cliver",0.251541301781185
"2320",231.9,"Simu1","NIT",50,"cliver",0.24129872332643
"2321",232,"Simu1","NIT",50,"cliver",0.231299510108912
"2322",232.1,"Simu1","NIT",50,"cliver",0.221550867122949
"2323",232.2,"Simu1","NIT",50,"cliver",0.212058888250232
"2324",232.3,"Simu1","NIT",50,"cliver",0.202828686599108
"2325",232.4,"Simu1","NIT",50,"cliver",0.193864363407802
"2326",232.5,"Simu1","NIT",50,"cliver",0.185169044935416
"2327",232.6,"Simu1","NIT",50,"cliver",0.176744955682307
"2328",232.7,"Simu1","NIT",50,"cliver",0.16859349761415
"2329",232.8,"Simu1","NIT",50,"cliver",0.160715263537079
"2330",232.9,"Simu1","NIT",50,"cliver",0.153110085011698
"2331",233,"Simu1","NIT",50,"cliver",0.145777038918931
"2332",233.1,"Simu1","NIT",50,"cliver",0.138714528327665
"2333",233.2,"Simu1","NIT",50,"cliver",0.131920247914305
"2334",233.3,"Simu1","NIT",50,"cliver",0.125391326761101
"2335",233.4,"Simu1","NIT",50,"cliver",0.11912412946933
"2336",233.5,"Simu1","NIT",50,"cliver",0.113114657636294
"2337",233.6,"Simu1","NIT",50,"cliver",0.107358432441676
"2338",233.7,"Simu1","NIT",50,"cliver",0.101850337412091
"2339",233.8,"Simu1","NIT",50,"cliver",0.0965845490553659
"2340",233.9,"Simu1","NIT",50,"cliver",0.0915552884191415
"2341",234,"Simu1","NIT",50,"cliver",0.0877975415881123
"2342",234.1,"Simu1","NIT",50,"cliver",0.352991619199175
"2343",234.2,"Simu1","NIT",50,"cliver",0.477607977423903
"2344",234.3,"Simu1","NIT",50,"cliver",0.515770415085478
"2345",234.4,"Simu1","NIT",50,"cliver",0.531654448301546
"2346",234.5,"Simu1","NIT",50,"cliver",0.540036989984253
"2347",234.6,"Simu1","NIT",50,"cliver",0.544783859166289
"2348",234.7,"Simu1","NIT",50,"cliver",0.547050888513992
"2349",234.8,"Simu1","NIT",50,"cliver",0.547299499058682
"2350",234.9,"Simu1","NIT",50,"cliver",0.545800243523178
"2351",235,"Simu1","NIT",50,"cliver",0.542760929759991
"2352",235.1,"Simu1","NIT",50,"cliver",0.538360017137912
"2353",235.2,"Simu1","NIT",50,"cliver",0.532756608768094
"2354",235.3,"Simu1","NIT",50,"cliver",0.52609415470461
"2355",235.4,"Simu1","NIT",50,"cliver",0.518502506114865
"2356",235.5,"Simu1","NIT",50,"cliver",0.510099414684219
"2357",235.6,"Simu1","NIT",50,"cliver",0.500991877157361
"2358",235.7,"Simu1","NIT",50,"cliver",0.49127709846051
"2359",235.8,"Simu1","NIT",50,"cliver",0.481043411954856
"2360",235.9,"Simu1","NIT",50,"cliver",0.470371192969491
"2361",236,"Simu1","NIT",50,"cliver",0.45933360534586
"2362",236.1,"Simu1","NIT",50,"cliver",0.447997231753772
"2363",236.2,"Simu1","NIT",50,"cliver",0.43642264686234
"2364",236.3,"Simu1","NIT",50,"cliver",0.424664951481887
"2365",236.4,"Simu1","NIT",50,"cliver",0.412774257570413
"2366",236.5,"Simu1","NIT",50,"cliver",0.400796116169751
"2367",236.6,"Simu1","NIT",50,"cliver",0.388771897140895
"2368",236.7,"Simu1","NIT",50,"cliver",0.376739135089598
"2369",236.8,"Simu1","NIT",50,"cliver",0.36473184821547
"2370",236.9,"Simu1","NIT",50,"cliver",0.352780829497708
"2371",237,"Simu1","NIT",50,"cliver",0.34091391004675
"2372",237.1,"Simu1","NIT",50,"cliver",0.329156198062664
"2373",237.2,"Simu1","NIT",50,"cliver",0.317530297683018
"2374",237.3,"Simu1","NIT",50,"cliver",0.306056510041435
"2375",237.4,"Simu1","NIT",50,"cliver",0.294753017210801
"2376",237.5,"Simu1","NIT",50,"cliver",0.283636049740515
"2377",237.6,"Simu1","NIT",50,"cliver",0.272720039188156
"2378",237.7,"Simu1","NIT",50,"cliver",0.262017757157475
"2379",237.8,"Simu1","NIT",50,"cliver",0.251540441928263
"2380",237.9,"Simu1","NIT",50,"cliver",0.241297912995527
"2381",238,"Simu1","NIT",50,"cliver",0.231298674095431
"2382",238.1,"Simu1","NIT",50,"cliver",0.221550006420059
"2383",238.2,"Simu1","NIT",50,"cliver",0.212058051523924
"2384",238.3,"Simu1","NIT",50,"cliver",0.202827885168317
"2385",238.4,"Simu1","NIT",50,"cliver",0.193863582739964
"2386",238.5,"Simu1","NIT",50,"cliver",0.185168277264911
"2387",238.6,"Simu1","NIT",50,"cliver",0.176744210716641
"2388",238.7,"Simu1","NIT",50,"cliver",0.168592779398226
"2389",238.8,"Simu1","NIT",50,"cliver",0.160714574472957
"2390",238.9,"Simu1","NIT",50,"cliver",0.153109418935967
"2391",239,"Simu1","NIT",50,"cliver",0.145776401964372
"2392",239.1,"Simu1","NIT",50,"cliver",0.138713911736595
"2393",239.2,"Simu1","NIT",50,"cliver",0.131919667858517
"2394",239.3,"Simu1","NIT",50,"cliver",0.125390754115861
"2395",239.4,"Simu1","NIT",50,"cliver",0.119123653752877
"2396",239.5,"Simu1","NIT",50,"cliver",0.113114283164732
"2397",239.6,"Simu1","NIT",50,"cliver",0.107358020910502
"2398",239.7,"Simu1","NIT",50,"cliver",0.101849773260043
"2399",239.8,"Simu1","NIT",50,"cliver",0.0965840207537684
"2400",239.9,"Simu1","NIT",50,"cliver",0.0915549040617825
"2401",240,"Simu1","NIT",50,"cliver",0.087797134357351
"2402",240.1,"Simu1","NIT",50,"cliver",0.352991811274942
"2403",240.2,"Simu1","NIT",50,"cliver",0.477609167736608
"2404",240.3,"Simu1","NIT",50,"cliver",0.515772502628779
"2405",240.4,"Simu1","NIT",50,"cliver",0.531656278343007
"2406",240.5,"Simu1","NIT",50,"cliver",0.540038320081427
"2407",240.6,"Simu1","NIT",50,"cliver",0.544784560535261
"2408",240.7,"Simu1","NIT",50,"cliver",0.547051783260398
"2409",240.8,"Simu1","NIT",50,"cliver",0.547300443535341
"2410",240.9,"Simu1","NIT",50,"cliver",0.545801322800815
"2411",241,"Simu1","NIT",50,"cliver",0.542761907044261
"2412",241.1,"Simu1","NIT",50,"cliver",0.538361175128095
"2413",241.2,"Simu1","NIT",50,"cliver",0.532757775285133
"2414",241.3,"Simu1","NIT",50,"cliver",0.526095256550706
"2415",241.4,"Simu1","NIT",50,"cliver",0.51850366468659
"2416",241.5,"Simu1","NIT",50,"cliver",0.510100652626254
"2417",241.6,"Simu1","NIT",50,"cliver",0.500993109144003
"2418",241.7,"Simu1","NIT",50,"cliver",0.491278306021438
"2419",241.8,"Simu1","NIT",50,"cliver",0.48104461219689
"2420",241.9,"Simu1","NIT",50,"cliver",0.470372414325145
"2421",242,"Simu1","NIT",50,"cliver",0.459334815671217
"2422",242.1,"Simu1","NIT",50,"cliver",0.447998416268151
"2423",242.2,"Simu1","NIT",50,"cliver",0.436423789480653
"2424",242.3,"Simu1","NIT",50,"cliver",0.424666086777807
"2425",242.4,"Simu1","NIT",50,"cliver",0.412775372213412
"2426",242.5,"Simu1","NIT",50,"cliver",0.400797211650054
"2427",242.6,"Simu1","NIT",50,"cliver",0.38877298152989
"2428",242.7,"Simu1","NIT",50,"cliver",0.376740185374887
"2429",242.8,"Simu1","NIT",50,"cliver",0.364732874920577
"2430",242.9,"Simu1","NIT",50,"cliver",0.352781850451945
"2431",243,"Simu1","NIT",50,"cliver",0.340914908242245
"2432",243.1,"Simu1","NIT",50,"cliver",0.329157160613279
"2433",243.2,"Simu1","NIT",50,"cliver",0.31753124619149
"2434",243.3,"Simu1","NIT",50,"cliver",0.30605744957247
"2435",243.4,"Simu1","NIT",50,"cliver",0.294753903215506
"2436",243.5,"Simu1","NIT",50,"cliver",0.283636896421254
"2437",243.6,"Simu1","NIT",50,"cliver",0.272720889669315
"2438",243.7,"Simu1","NIT",50,"cliver",0.262018594918437
"2439",243.8,"Simu1","NIT",50,"cliver",0.251541232667053
"2440",243.9,"Simu1","NIT",50,"cliver",0.241298669900571
"2441",244,"Simu1","NIT",50,"cliver",0.231299420223313
"2442",244.1,"Simu1","NIT",50,"cliver",0.221550734838213
"2443",244.2,"Simu1","NIT",50,"cliver",0.212058745363446
"2444",244.3,"Simu1","NIT",50,"cliver",0.202828550566316
"2445",244.4,"Simu1","NIT",50,"cliver",0.19386422688405
"2446",244.5,"Simu1","NIT",50,"cliver",0.185168904713628
"2447",244.6,"Simu1","NIT",50,"cliver",0.176744805215556
"2448",244.7,"Simu1","NIT",50,"cliver",0.168593360809607
"2449",244.8,"Simu1","NIT",50,"cliver",0.160715107760674
"2450",244.9,"Simu1","NIT",50,"cliver",0.153110013818783
"2451",245,"Simu1","NIT",50,"cliver",0.145776939810695
"2452",245.1,"Simu1","NIT",50,"cliver",0.138714433896845
"2453",245.2,"Simu1","NIT",50,"cliver",0.131920117829727
"2454",245.3,"Simu1","NIT",50,"cliver",0.125391124974146
"2455",245.4,"Simu1","NIT",50,"cliver",0.119123969038476
"2456",245.5,"Simu1","NIT",50,"cliver",0.113114561063738
"2457",245.6,"Simu1","NIT",50,"cliver",0.107358339030041
"2458",245.7,"Simu1","NIT",50,"cliver",0.10185016412959
"2459",245.8,"Simu1","NIT",50,"cliver",0.0965844673562053
"2460",245.9,"Simu1","NIT",50,"cliver",0.0915553056172296
"2461",246,"Simu1","NIT",50,"cliver",0.0877974628521225
"2462",246.1,"Simu1","NIT",50,"cliver",0.352991921796264
"2463",246.2,"Simu1","NIT",50,"cliver",0.477607881869525
"2464",246.3,"Simu1","NIT",50,"cliver",0.515771175603326
"2465",246.4,"Simu1","NIT",50,"cliver",0.531656136824086
"2466",246.5,"Simu1","NIT",50,"cliver",0.540038617609365
"2467",246.6,"Simu1","NIT",50,"cliver",0.54478486171956
"2468",246.7,"Simu1","NIT",50,"cliver",0.547051594573862
"2469",246.8,"Simu1","NIT",50,"cliver",0.547300210049994
"2470",246.9,"Simu1","NIT",50,"cliver",0.545800256813638
"2471",247,"Simu1","NIT",50,"cliver",0.542761623026202
"2472",247.1,"Simu1","NIT",50,"cliver",0.538360686084468
"2473",247.2,"Simu1","NIT",50,"cliver",0.532757419616617
"2474",247.3,"Simu1","NIT",50,"cliver",0.526095090106974
"2475",247.4,"Simu1","NIT",50,"cliver",0.518503379507019
"2476",247.5,"Simu1","NIT",50,"cliver",0.510100320349164
"2477",247.6,"Simu1","NIT",50,"cliver",0.500992840604073
"2478",247.7,"Simu1","NIT",50,"cliver",0.491278031417453
"2479",247.8,"Simu1","NIT",50,"cliver",0.481044276396113
"2480",247.9,"Simu1","NIT",50,"cliver",0.470372033190994
"2481",248,"Simu1","NIT",50,"cliver",0.459334460746934
"2482",248.1,"Simu1","NIT",50,"cliver",0.447998082086936
"2483",248.2,"Simu1","NIT",50,"cliver",0.436423462076623
"2484",248.3,"Simu1","NIT",50,"cliver",0.42466573292094
"2485",248.4,"Simu1","NIT",50,"cliver",0.412775027051243
"2486",248.5,"Simu1","NIT",50,"cliver",0.40079688058394
"2487",248.6,"Simu1","NIT",50,"cliver",0.388772644684753
"2488",248.7,"Simu1","NIT",50,"cliver",0.376739857971722
"2489",248.8,"Simu1","NIT",50,"cliver",0.364732551023861
"2490",248.9,"Simu1","NIT",50,"cliver",0.352781517718261
"2491",249,"Simu1","NIT",50,"cliver",0.340914582387621
"2492",249.1,"Simu1","NIT",50,"cliver",0.329156851015479
"2493",249.2,"Simu1","NIT",50,"cliver",0.317530930941638
"2494",249.3,"Simu1","NIT",50,"cliver",0.306057125406089
"2495",249.4,"Simu1","NIT",50,"cliver",0.294753615341174
"2496",249.5,"Simu1","NIT",50,"cliver",0.283636629897553
"2497",249.6,"Simu1","NIT",50,"cliver",0.272720600912465
"2498",249.7,"Simu1","NIT",50,"cliver",0.262018300840491
"2499",249.8,"Simu1","NIT",50,"cliver",0.251540967974858
"2500",249.9,"Simu1","NIT",50,"cliver",0.241298421357134
"2501",250,"Simu1","NIT",50,"cliver",0.231299164876278
"2502",250.1,"Simu1","NIT",50,"cliver",0.221550480082794
"2503",250.2,"Simu1","NIT",50,"cliver",0.212058508371914
"2504",250.3,"Simu1","NIT",50,"cliver",0.202828325275369
"2505",250.4,"Simu1","NIT",50,"cliver",0.193864006203381
"2506",250.5,"Simu1","NIT",50,"cliver",0.185168684411593
"2507",250.6,"Simu1","NIT",50,"cliver",0.176744601909068
"2508",250.7,"Simu1","NIT",50,"cliver",0.16859315487882
"2509",250.8,"Simu1","NIT",50,"cliver",0.160714934462799
"2510",250.9,"Simu1","NIT",50,"cliver",0.153109763780549
"2511",251,"Simu1","NIT",50,"cliver",0.145776732009059
"2512",251.1,"Simu1","NIT",50,"cliver",0.1387142273665
"2513",251.2,"Simu1","NIT",50,"cliver",0.131919969277418
"2514",251.3,"Simu1","NIT",50,"cliver",0.125391041979031
"2515",251.4,"Simu1","NIT",50,"cliver",0.119123927715943
"2516",251.5,"Simu1","NIT",50,"cliver",0.11311454558266
"2517",251.6,"Simu1","NIT",50,"cliver",0.107358285489379
"2518",251.7,"Simu1","NIT",50,"cliver",0.10185007661079
"2519",251.8,"Simu1","NIT",50,"cliver",0.0965843866109381
"2520",251.9,"Simu1","NIT",50,"cliver",0.0915552567497641
"2521",252,"Simu1","NIT",50,"cliver",0.0877974020599185
"2522",252.1,"Simu1","NIT",50,"cliver",0.352991467598699
"2523",252.2,"Simu1","NIT",50,"cliver",0.477607820295576
"2524",252.3,"Simu1","NIT",50,"cliver",0.515770266019639
"2525",252.4,"Simu1","NIT",50,"cliver",0.531654303777962
"2526",252.5,"Simu1","NIT",50,"cliver",0.540036849542119
"2527",252.6,"Simu1","NIT",50,"cliver",0.544783716392057
"2528",252.7,"Simu1","NIT",50,"cliver",0.547050745069836
"2529",252.8,"Simu1","NIT",50,"cliver",0.547299341625243
"2530",252.9,"Simu1","NIT",50,"cliver",0.545800150229732
"2531",253,"Simu1","NIT",50,"cliver",0.542760872885621
"2532",253.1,"Simu1","NIT",50,"cliver",0.538359981650407
"2533",253.2,"Simu1","NIT",50,"cliver",0.53275655664614
"2534",253.3,"Simu1","NIT",50,"cliver",0.526094098747532
"2535",253.4,"Simu1","NIT",50,"cliver",0.518502408295617
"2536",253.5,"Simu1","NIT",50,"cliver",0.51009930693679
"2537",253.6,"Simu1","NIT",50,"cliver",0.500991798827432
"2538",253.7,"Simu1","NIT",50,"cliver",0.491277032948645
"2539",253.8,"Simu1","NIT",50,"cliver",0.481043332560549
"2540",253.9,"Simu1","NIT",50,"cliver",0.470371115147829
"2541",254,"Simu1","NIT",50,"cliver",0.459333541828917
"2542",254.1,"Simu1","NIT",50,"cliver",0.447997181891418
"2543",254.2,"Simu1","NIT",50,"cliver",0.436422600978615
"2544",254.3,"Simu1","NIT",50,"cliver",0.424664901789065
"2545",254.4,"Simu1","NIT",50,"cliver",0.412774205944288
"2546",254.5,"Simu1","NIT",50,"cliver",0.400796066524949
"2547",254.6,"Simu1","NIT",50,"cliver",0.388771850163695
"2548",254.7,"Simu1","NIT",50,"cliver",0.376739088888129
"2549",254.8,"Simu1","NIT",50,"cliver",0.364731802023525
"2550",254.9,"Simu1","NIT",50,"cliver",0.352780784071891
"2551",255,"Simu1","NIT",50,"cliver",0.340913865522957
"2552",255.1,"Simu1","NIT",50,"cliver",0.329156153501584
"2553",255.2,"Simu1","NIT",50,"cliver",0.317530252296485
"2554",255.3,"Simu1","NIT",50,"cliver",0.306056466895109
"2555",255.4,"Simu1","NIT",50,"cliver",0.29475297874736
"2556",255.5,"Simu1","NIT",50,"cliver",0.28363601271977
"2557",255.6,"Simu1","NIT",50,"cliver",0.272720000579965
"2558",255.7,"Simu1","NIT",50,"cliver",0.262017717580542
"2559",255.8,"Simu1","NIT",50,"cliver",0.251540404345734
"2560",255.9,"Simu1","NIT",50,"cliver",0.241297881137329
"2561",256,"Simu1","NIT",50,"cliver",0.231298644484086
"2562",256.1,"Simu1","NIT",50,"cliver",0.221549975019538
"2563",256.2,"Simu1","NIT",50,"cliver",0.212058020861222
"2564",256.3,"Simu1","NIT",50,"cliver",0.202827858288793
"2565",256.4,"Simu1","NIT",50,"cliver",0.193863557776756
"2566",256.5,"Simu1","NIT",50,"cliver",0.18516825205232
"2567",256.6,"Simu1","NIT",50,"cliver",0.176744185946273
"2568",256.7,"Simu1","NIT",50,"cliver",0.168592757049969
"2569",256.8,"Simu1","NIT",50,"cliver",0.160714553162417
"2570",256.9,"Simu1","NIT",50,"cliver",0.153109399563651
"2571",257,"Simu1","NIT",50,"cliver",0.145776380249762
"2572",257.1,"Simu1","NIT",50,"cliver",0.138713898207723
"2573",257.2,"Simu1","NIT",50,"cliver",0.131919638742545
"2574",257.3,"Simu1","NIT",50,"cliver",0.125390626559857
"2575",257.4,"Simu1","NIT",50,"cliver",0.11912347565146
"2576",257.5,"Simu1","NIT",50,"cliver",0.113114191787554
"2577",257.6,"Simu1","NIT",50,"cliver",0.107357996196128
"2578",257.7,"Simu1","NIT",50,"cliver",0.101849711366052
"2579",257.8,"Simu1","NIT",50,"cliver",0.0965839724377176
"2580",257.9,"Simu1","NIT",50,"cliver",0.0915549165828049
"2581",258,"Simu1","NIT",50,"cliver",0.0877970922731356
"2582",258.1,"Simu1","NIT",50,"cliver",0.352991446308889
"2583",258.2,"Simu1","NIT",50,"cliver",0.477609247655582
"2584",258.3,"Simu1","NIT",50,"cliver",0.515772568288751
"2585",258.4,"Simu1","NIT",50,"cliver",0.531657856252877
"2586",258.5,"Simu1","NIT",50,"cliver",0.540040333242891
"2587",258.6,"Simu1","NIT",50,"cliver",0.544786705803861
"2588",258.7,"Simu1","NIT",50,"cliver",0.547053504152955
"2589",258.8,"Simu1","NIT",50,"cliver",0.547301803497532
"2590",258.9,"Simu1","NIT",50,"cliver",0.545803006170739
"2591",259,"Simu1","NIT",50,"cliver",0.542764010515261
"2592",259.1,"Simu1","NIT",50,"cliver",0.538362787240808
"2593",259.2,"Simu1","NIT",50,"cliver",0.532759648487759
"2594",259.3,"Simu1","NIT",50,"cliver",0.526096662389356
"2595",259.4,"Simu1","NIT",50,"cliver",0.518505733611629
"2596",259.5,"Simu1","NIT",50,"cliver",0.510101936603104
"2597",259.6,"Simu1","NIT",50,"cliver",0.500995003541115
"2598",259.7,"Simu1","NIT",50,"cliver",0.491280009022566
"2599",259.8,"Simu1","NIT",50,"cliver",0.481046215407263
"2600",259.9,"Simu1","NIT",50,"cliver",0.470373876282444
"2601",260,"Simu1","NIT",50,"cliver",0.459336167054113
"2602",260.1,"Simu1","NIT",50,"cliver",0.447999892498237
"2603",260.2,"Simu1","NIT",50,"cliver",0.436425401007651
"2604",260.3,"Simu1","NIT",50,"cliver",0.424667689770903
"2605",260.4,"Simu1","NIT",50,"cliver",0.412776960445532
"2606",260.5,"Simu1","NIT",50,"cliver",0.40079880006465
"2607",260.6,"Simu1","NIT",50,"cliver",0.388774568069103
"2608",260.7,"Simu1","NIT",50,"cliver",0.376741781425633
"2609",260.8,"Simu1","NIT",50,"cliver",0.364734452656543
"2610",260.9,"Simu1","NIT",50,"cliver",0.35278335380916
"2611",261,"Simu1","NIT",50,"cliver",0.340916331037628
"2612",261.1,"Simu1","NIT",50,"cliver",0.329158506705412
"2613",261.2,"Simu1","NIT",50,"cliver",0.317532564591681
"2614",261.3,"Simu1","NIT",50,"cliver",0.306058690493441
"2615",261.4,"Simu1","NIT",50,"cliver",0.294755092233776
"2616",261.5,"Simu1","NIT",50,"cliver",0.283637953614581
"2617",261.6,"Simu1","NIT",50,"cliver",0.272721762719192
"2618",261.7,"Simu1","NIT",50,"cliver",0.262019328443066
"2619",261.8,"Simu1","NIT",50,"cliver",0.251542011322962
"2620",261.9,"Simu1","NIT",50,"cliver",0.241299555984745
"2621",262,"Simu1","NIT",50,"cliver",0.23130034878293
"2622",262.1,"Simu1","NIT",50,"cliver",0.221551653099481
"2623",262.2,"Simu1","NIT",50,"cliver",0.21205964407055
"2624",262.3,"Simu1","NIT",50,"cliver",0.202829425312566
"2625",262.4,"Simu1","NIT",50,"cliver",0.193865077604324
"2626",262.5,"Simu1","NIT",50,"cliver",0.185169729188005
"2627",262.6,"Simu1","NIT",50,"cliver",0.176745617347903
"2628",262.7,"Simu1","NIT",50,"cliver",0.168594135152642
"2629",262.8,"Simu1","NIT",50,"cliver",0.16071587136283
"2630",262.9,"Simu1","NIT",50,"cliver",0.1531106544513
"2631",263,"Simu1","NIT",50,"cliver",0.145777578577933
"2632",263.1,"Simu1","NIT",50,"cliver",0.138715035116453
"2633",263.2,"Simu1","NIT",50,"cliver",0.131920742586958
"2634",263.3,"Simu1","NIT",50,"cliver",0.12539178122717
"2635",263.4,"Simu1","NIT",50,"cliver",0.119124631037565
"2636",263.5,"Simu1","NIT",50,"cliver",0.113115212221592
"2637",263.6,"Simu1","NIT",50,"cliver",0.107358921185961
"2638",263.7,"Simu1","NIT",50,"cliver",0.10185066507717
"2639",263.8,"Simu1","NIT",50,"cliver",0.0965849070280792
"2640",263.9,"Simu1","NIT",50,"cliver",0.0915557258853166
"2641",264,"Simu1","NIT",50,"cliver",0.0877978837695165
"2642",264.1,"Simu1","NIT",50,"cliver",0.352991921628266
"2643",264.2,"Simu1","NIT",50,"cliver",0.4776082961762
"2644",264.3,"Simu1","NIT",50,"cliver",0.515770786940674
"2645",264.4,"Simu1","NIT",50,"cliver",0.531654937182808
"2646",264.5,"Simu1","NIT",50,"cliver",0.540036898869964
"2647",264.6,"Simu1","NIT",50,"cliver",0.54478396214857
"2648",264.7,"Simu1","NIT",50,"cliver",0.547051126003289
"2649",264.8,"Simu1","NIT",50,"cliver",0.547299808370655
"2650",264.9,"Simu1","NIT",50,"cliver",0.545800471018038
"2651",265,"Simu1","NIT",50,"cliver",0.542760469112463
"2652",265.1,"Simu1","NIT",50,"cliver",0.538359798132892
"2653",265.2,"Simu1","NIT",50,"cliver",0.532756712744639
"2654",265.3,"Simu1","NIT",50,"cliver",0.526094102243956
"2655",265.4,"Simu1","NIT",50,"cliver",0.518502489803855
"2656",265.5,"Simu1","NIT",50,"cliver",0.510099558879589
"2657",265.6,"Simu1","NIT",50,"cliver",0.500991997617649
"2658",265.7,"Simu1","NIT",50,"cliver",0.491277146283359
"2659",265.8,"Simu1","NIT",50,"cliver",0.481043508077639
"2660",265.9,"Simu1","NIT",50,"cliver",0.470371364649499
"2661",266,"Simu1","NIT",50,"cliver",0.459333820381844
"2662",266.1,"Simu1","NIT",50,"cliver",0.44799749631888
"2663",266.2,"Simu1","NIT",50,"cliver",0.436422976312702
"2664",266.3,"Simu1","NIT",50,"cliver",0.424665336964311
"2665",266.4,"Simu1","NIT",50,"cliver",0.41277464497041
"2666",266.5,"Simu1","NIT",50,"cliver",0.40079648400445
"2667",266.6,"Simu1","NIT",50,"cliver",0.38877224666203
"2668",266.7,"Simu1","NIT",50,"cliver",0.376739463844454
"2669",266.8,"Simu1","NIT",50,"cliver",0.36473215263887
"2670",266.9,"Simu1","NIT",50,"cliver",0.352781092543095
"2671",267,"Simu1","NIT",50,"cliver",0.340914097027555
"2672",267.1,"Simu1","NIT",50,"cliver",0.329156341701144
"2673",267.2,"Simu1","NIT",50,"cliver",0.317530483972597
"2674",267.3,"Simu1","NIT",50,"cliver",0.306056715792698
"2675",267.4,"Simu1","NIT",50,"cliver",0.294753208283769
"2676",267.5,"Simu1","NIT",50,"cliver",0.283636238636184
"2677",267.6,"Simu1","NIT",50,"cliver",0.272720229948195
"2678",267.7,"Simu1","NIT",50,"cliver",0.262017951473454
"2679",267.8,"Simu1","NIT",50,"cliver",0.251540638981161
"2680",267.9,"Simu1","NIT",50,"cliver",0.241298115039203
"2681",268,"Simu1","NIT",50,"cliver",0.231298881676935
"2682",268.1,"Simu1","NIT",50,"cliver",0.221550218622611
"2683",268.2,"Simu1","NIT",50,"cliver",0.212058265096008
"2684",268.3,"Simu1","NIT",50,"cliver",0.202828098246585
"2685",268.4,"Simu1","NIT",50,"cliver",0.193863792466973
"2686",268.5,"Simu1","NIT",50,"cliver",0.185168482674155
"2687",268.6,"Simu1","NIT",50,"cliver",0.176744404981389
"2688",268.7,"Simu1","NIT",50,"cliver",0.168592966009706
"2689",268.8,"Simu1","NIT",50,"cliver",0.160714760123061
"2690",268.9,"Simu1","NIT",50,"cliver",0.153109600517709
"2691",269,"Simu1","NIT",50,"cliver",0.145776574232837
"2692",269.1,"Simu1","NIT",50,"cliver",0.138714056716252
"2693",269.2,"Simu1","NIT",50,"cliver",0.131919802470181
"2694",269.3,"Simu1","NIT",50,"cliver",0.125390894575509
"2695",269.4,"Simu1","NIT",50,"cliver",0.119123785088939
"2696",269.5,"Simu1","NIT",50,"cliver",0.113114400224405
"2697",269.6,"Simu1","NIT",50,"cliver",0.107358147663599
"2698",269.7,"Simu1","NIT",50,"cliver",0.101849930814739
"2699",269.8,"Simu1","NIT",50,"cliver",0.0965842124335402
"2700",269.9,"Simu1","NIT",50,"cliver",0.0915550610789409
"2701",270,"Simu1","NIT",50,"cliver",0.087797250153273
"2702",270.1,"Simu1","NIT",50,"cliver",0.352992353534789
"2703",270.2,"Simu1","NIT",50,"cliver",0.477611919920138
"2704",270.3,"Simu1","NIT",50,"cliver",0.515774592993539
"2705",270.4,"Simu1","NIT",50,"cliver",0.531659349567748
"2706",270.5,"Simu1","NIT",50,"cliver",0.540042431171834
"2707",270.6,"Simu1","NIT",50,"cliver",0.544789278480985
"2708",270.7,"Simu1","NIT",50,"cliver",0.547056311363557
"2709",270.8,"Simu1","NIT",50,"cliver",0.547304786187167
"2710",270.9,"Simu1","NIT",50,"cliver",0.545805487966625
"2711",271,"Simu1","NIT",50,"cliver",0.542766089049999
"2712",271.1,"Simu1","NIT",50,"cliver",0.538365224955535
"2713",271.2,"Simu1","NIT",50,"cliver",0.532761783064364
"2714",271.3,"Simu1","NIT",50,"cliver",0.526099296526202
"2715",271.4,"Simu1","NIT",50,"cliver",0.518507585808915
"2716",271.5,"Simu1","NIT",50,"cliver",0.510104449351456
"2717",271.6,"Simu1","NIT",50,"cliver",0.500996889123405
"2718",271.7,"Simu1","NIT",50,"cliver",0.491282062277361
"2719",271.8,"Simu1","NIT",50,"cliver",0.481048302899726
"2720",271.9,"Simu1","NIT",50,"cliver",0.470376006700413
"2721",272,"Simu1","NIT",50,"cliver",0.459338346502032
"2722",272.1,"Simu1","NIT",50,"cliver",0.448001900714537
"2723",272.2,"Simu1","NIT",50,"cliver",0.436427235772423
"2724",272.3,"Simu1","NIT",50,"cliver",0.424669451390034
"2725",272.4,"Simu1","NIT",50,"cliver",0.412778665133366
"2726",272.5,"Simu1","NIT",50,"cliver",0.400800431595967
"2727",272.6,"Simu1","NIT",50,"cliver",0.388776119007162
"2728",272.7,"Simu1","NIT",50,"cliver",0.376743259805372
"2729",272.8,"Simu1","NIT",50,"cliver",0.364735872908263
"2730",272.9,"Simu1","NIT",50,"cliver",0.352784753258857
"2731",273,"Simu1","NIT",50,"cliver",0.340917732662044
"2732",273.1,"Simu1","NIT",50,"cliver",0.329159918823616
"2733",273.2,"Simu1","NIT",50,"cliver",0.317533915660531
"2734",273.3,"Simu1","NIT",50,"cliver",0.306060024824487
"2735",273.4,"Simu1","NIT",50,"cliver",0.294756428974405
"2736",273.5,"Simu1","NIT",50,"cliver",0.283639358825166
"2737",273.6,"Simu1","NIT",50,"cliver",0.272723245900977
"2738",273.7,"Simu1","NIT",50,"cliver",0.262020861943293
"2739",273.8,"Simu1","NIT",50,"cliver",0.251543445558785
"2740",273.9,"Simu1","NIT",50,"cliver",0.2413008161688
"2741",274,"Simu1","NIT",50,"cliver",0.231301477741509
"2742",274.1,"Simu1","NIT",50,"cliver",0.221552711608443
"2743",274.2,"Simu1","NIT",50,"cliver",0.212060659474072
"2744",274.3,"Simu1","NIT",50,"cliver",0.202830397148008
"2745",274.4,"Simu1","NIT",50,"cliver",0.193866000082099
"2746",274.5,"Simu1","NIT",50,"cliver",0.185170601421954
"2747",274.6,"Simu1","NIT",50,"cliver",0.176746443277817
"2748",274.7,"Simu1","NIT",50,"cliver",0.168594921981502
"2749",274.8,"Simu1","NIT",50,"cliver",0.160716628804334
"2750",274.9,"Simu1","NIT",50,"cliver",0.15311138676269
"2751",275,"Simu1","NIT",50,"cliver",0.145778285265769
"2752",275.1,"Simu1","NIT",50,"cliver",0.138715712291632
"2753",275.2,"Simu1","NIT",50,"cliver",0.131921388044469
"2754",275.3,"Simu1","NIT",50,"cliver",0.125392395257302
"2755",275.4,"Simu1","NIT",50,"cliver",0.119125219720016
"2756",275.5,"Simu1","NIT",50,"cliver",0.113115772185483
"2757",275.6,"Simu1","NIT",50,"cliver",0.107359473564322
"2758",275.7,"Simu1","NIT",50,"cliver",0.101851220281578
"2759",275.8,"Simu1","NIT",50,"cliver",0.0965854277400906
"2760",275.9,"Simu1","NIT",50,"cliver",0.0915561979460781
"2761",276,"Simu1","NIT",50,"cliver",0.0877983282691678
"2762",276.1,"Simu1","NIT",50,"cliver",0.352992306529582
"2763",276.2,"Simu1","NIT",50,"cliver",0.477608669278626
"2764",276.3,"Simu1","NIT",50,"cliver",0.515771178851465
"2765",276.4,"Simu1","NIT",50,"cliver",0.531655296834167
"2766",276.5,"Simu1","NIT",50,"cliver",0.540037264201856
"2767",276.6,"Simu1","NIT",50,"cliver",0.544784297026654
"2768",276.7,"Simu1","NIT",50,"cliver",0.547051555569998
"2769",276.8,"Simu1","NIT",50,"cliver",0.547299965153121
"2770",276.9,"Simu1","NIT",50,"cliver",0.54580061199032
"2771",277,"Simu1","NIT",50,"cliver",0.542761272771399
"2772",277.1,"Simu1","NIT",50,"cliver",0.538360292877153
"2773",277.2,"Simu1","NIT",50,"cliver",0.532756952004648
"2774",277.3,"Simu1","NIT",50,"cliver",0.52609435405506
"2775",277.4,"Simu1","NIT",50,"cliver",0.518502623803851
"2776",277.5,"Simu1","NIT",50,"cliver",0.510099659592532
"2777",277.6,"Simu1","NIT",50,"cliver",0.500992203550534
"2778",277.7,"Simu1","NIT",50,"cliver",0.491277363241591
"2779",277.8,"Simu1","NIT",50,"cliver",0.481043625609578
"2780",277.9,"Simu1","NIT",50,"cliver",0.4703714034633
"2781",278,"Simu1","NIT",50,"cliver",0.459333855279266
"2782",278.1,"Simu1","NIT",50,"cliver",0.447997485591881
"2783",278.2,"Simu1","NIT",50,"cliver",0.436422875200481
"2784",278.3,"Simu1","NIT",50,"cliver",0.424665150863649
"2785",278.4,"Simu1","NIT",50,"cliver",0.412774447047929
"2786",278.5,"Simu1","NIT",50,"cliver",0.400796316241416
"2787",278.6,"Simu1","NIT",50,"cliver",0.388772079508793
"2788",278.7,"Simu1","NIT",50,"cliver",0.376739348952565
"2789",278.8,"Simu1","NIT",50,"cliver",0.364732030199983
"2790",278.9,"Simu1","NIT",50,"cliver",0.352780979270777
"2791",279,"Simu1","NIT",50,"cliver",0.340914018826634
"2792",279.1,"Simu1","NIT",50,"cliver",0.329156357030163
"2793",279.2,"Simu1","NIT",50,"cliver",0.317530449219685
"2794",279.3,"Simu1","NIT",50,"cliver",0.306056655313147
"2795",279.4,"Simu1","NIT",50,"cliver",0.294753148934356
"2796",279.5,"Simu1","NIT",50,"cliver",0.283636167811508
"2797",279.6,"Simu1","NIT",50,"cliver",0.272720163695965
"2798",279.7,"Simu1","NIT",50,"cliver",0.26201788037806
"2799",279.8,"Simu1","NIT",50,"cliver",0.251540566048576
"2800",279.9,"Simu1","NIT",50,"cliver",0.241298045876752
"2801",280,"Simu1","NIT",50,"cliver",0.231298825049509
"2802",280.1,"Simu1","NIT",50,"cliver",0.221550168285605
"2803",280.2,"Simu1","NIT",50,"cliver",0.212058232032529
"2804",280.3,"Simu1","NIT",50,"cliver",0.202828042232797
"2805",280.4,"Simu1","NIT",50,"cliver",0.193863703616765
"2806",280.5,"Simu1","NIT",50,"cliver",0.18516830049845
"2807",280.6,"Simu1","NIT",50,"cliver",0.176744430222416
"2808",280.7,"Simu1","NIT",50,"cliver",0.16859295357465
"2809",280.8,"Simu1","NIT",50,"cliver",0.160714616797493
"2810",280.9,"Simu1","NIT",50,"cliver",0.153109501715743
"2811",281,"Simu1","NIT",50,"cliver",0.145776474782082
"2812",281.1,"Simu1","NIT",50,"cliver",0.138713945147421
"2813",281.2,"Simu1","NIT",50,"cliver",0.131919643523887
"2814",281.3,"Simu1","NIT",50,"cliver",0.125390684881229
"2815",281.4,"Simu1","NIT",50,"cliver",0.119123593751545
"2816",281.5,"Simu1","NIT",50,"cliver",0.11311427642733
"2817",281.6,"Simu1","NIT",50,"cliver",0.107358079895973
"2818",281.7,"Simu1","NIT",50,"cliver",0.101849874614063
"2819",281.8,"Simu1","NIT",50,"cliver",0.0965841647764072
"2820",281.9,"Simu1","NIT",50,"cliver",0.0915550557805287
"2821",282,"Simu1","NIT",50,"cliver",0.0877972512596136
"2822",282.1,"Simu1","NIT",50,"cliver",0.352992359985451
"2823",282.2,"Simu1","NIT",50,"cliver",0.477611866701759
"2824",282.3,"Simu1","NIT",50,"cliver",0.515774555975699
"2825",282.4,"Simu1","NIT",50,"cliver",0.531659336476686
"2826",282.5,"Simu1","NIT",50,"cliver",0.540041839130207
"2827",282.6,"Simu1","NIT",50,"cliver",0.544789445508656
"2828",282.7,"Simu1","NIT",50,"cliver",0.547056294929378
"2829",282.8,"Simu1","NIT",50,"cliver",0.547304923726621
"2830",282.9,"Simu1","NIT",50,"cliver",0.545805493992489
"2831",283,"Simu1","NIT",50,"cliver",0.542766211429131
"2832",283.1,"Simu1","NIT",50,"cliver",0.538365281706086
"2833",283.2,"Simu1","NIT",50,"cliver",0.532761812643942
"2834",283.3,"Simu1","NIT",50,"cliver",0.526099362361671
"2835",283.4,"Simu1","NIT",50,"cliver",0.518507738650644
"2836",283.5,"Simu1","NIT",50,"cliver",0.510104672338809
"2837",283.6,"Simu1","NIT",50,"cliver",0.500997124869544
"2838",283.7,"Simu1","NIT",50,"cliver",0.491282236960502
"2839",283.8,"Simu1","NIT",50,"cliver",0.481048432537522
"2840",283.9,"Simu1","NIT",50,"cliver",0.470376146376423
"2841",284,"Simu1","NIT",50,"cliver",0.459338506335797
"2842",284.1,"Simu1","NIT",50,"cliver",0.448002055069544
"2843",284.2,"Simu1","NIT",50,"cliver",0.436427366193299
"2844",284.3,"Simu1","NIT",50,"cliver",0.424669562832775
"2845",284.4,"Simu1","NIT",50,"cliver",0.412778769366228
"2846",284.5,"Simu1","NIT",50,"cliver",0.400800535275833
"2847",284.6,"Simu1","NIT",50,"cliver",0.388776209174523
"2848",284.7,"Simu1","NIT",50,"cliver",0.376743340460971
"2849",284.8,"Simu1","NIT",50,"cliver",0.364735953999299
"2850",284.9,"Simu1","NIT",50,"cliver",0.352784852822323
"2851",285,"Simu1","NIT",50,"cliver",0.340917825295576
"2852",285.1,"Simu1","NIT",50,"cliver",0.329160008250765
"2853",285.2,"Simu1","NIT",50,"cliver",0.317533992068419
"2854",285.3,"Simu1","NIT",50,"cliver",0.306060090132608
"2855",285.4,"Simu1","NIT",50,"cliver",0.294756494749498
"2856",285.5,"Simu1","NIT",50,"cliver",0.283639404134175
"2857",285.6,"Simu1","NIT",50,"cliver",0.27272329086086
"2858",285.7,"Simu1","NIT",50,"cliver",0.262020923935459
"2859",285.8,"Simu1","NIT",50,"cliver",0.251543496878618
"2860",285.9,"Simu1","NIT",50,"cliver",0.241300862802361
"2861",286,"Simu1","NIT",50,"cliver",0.231301529889919
"2862",286.1,"Simu1","NIT",50,"cliver",0.221552785599834
"2863",286.2,"Simu1","NIT",50,"cliver",0.2120607468434
"2864",286.3,"Simu1","NIT",50,"cliver",0.202830499224908
"2865",286.4,"Simu1","NIT",50,"cliver",0.193866097575297
"2866",286.5,"Simu1","NIT",50,"cliver",0.185170719435179
"2867",286.6,"Simu1","NIT",50,"cliver",0.176746532859386
"2868",286.7,"Simu1","NIT",50,"cliver",0.168595040800197
"2869",286.8,"Simu1","NIT",50,"cliver",0.160716614793326
"2870",286.9,"Simu1","NIT",50,"cliver",0.153111474200613
"2871",287,"Simu1","NIT",50,"cliver",0.145778409315467
"2872",287.1,"Simu1","NIT",50,"cliver",0.138715786964552
"2873",287.2,"Simu1","NIT",50,"cliver",0.13192141677648
"2874",287.3,"Simu1","NIT",50,"cliver",0.125392466792507
"2875",287.4,"Simu1","NIT",50,"cliver",0.119125306606546
"2876",287.5,"Simu1","NIT",50,"cliver",0.113115835001731
"2877",287.6,"Simu1","NIT",50,"cliver",0.107359509625034
"2878",287.7,"Simu1","NIT",50,"cliver",0.101851231186578
"2879",287.8,"Simu1","NIT",50,"cliver",0.0965854528135031
"2880",287.9,"Simu1","NIT",50,"cliver",0.0915562533527215
"2881",288,"Simu1","NIT",50,"cliver",0.0877983861203394
"2882",288.1,"Simu1","NIT",50,"cliver",0.352992590348279
"2883",288.2,"Simu1","NIT",50,"cliver",0.477609415024717
"2884",288.3,"Simu1","NIT",50,"cliver",0.515773161394475
"2885",288.4,"Simu1","NIT",50,"cliver",0.53165718688266
"2886",288.5,"Simu1","NIT",50,"cliver",0.540039264647882
"2887",288.6,"Simu1","NIT",50,"cliver",0.544785679115056
"2888",288.7,"Simu1","NIT",50,"cliver",0.547052580837275
"2889",288.8,"Simu1","NIT",50,"cliver",0.547300912960247
"2890",288.9,"Simu1","NIT",50,"cliver",0.54580142979087
"2891",289,"Simu1","NIT",50,"cliver",0.542762052272685
"2892",289.1,"Simu1","NIT",50,"cliver",0.538361053519909
"2893",289.2,"Simu1","NIT",50,"cliver",0.532757586909104
"2894",289.3,"Simu1","NIT",50,"cliver",0.52609514377742
"2895",289.4,"Simu1","NIT",50,"cliver",0.518503502713194
"2896",289.5,"Simu1","NIT",50,"cliver",0.510100449469764
"2897",289.6,"Simu1","NIT",50,"cliver",0.500992898372081
"2898",289.7,"Simu1","NIT",50,"cliver",0.491278032464784
"2899",289.8,"Simu1","NIT",50,"cliver",0.48104427867265
"2900",289.9,"Simu1","NIT",50,"cliver",0.470372046936904
"2901",290,"Simu1","NIT",50,"cliver",0.459334452627609
"2902",290.1,"Simu1","NIT",50,"cliver",0.447998047879946
"2903",290.2,"Simu1","NIT",50,"cliver",0.436423418583821
"2904",290.3,"Simu1","NIT",50,"cliver",0.424665684134075
"2905",290.4,"Simu1","NIT",50,"cliver",0.41277496442512
"2906",290.5,"Simu1","NIT",50,"cliver",0.400796805590936
"2907",290.6,"Simu1","NIT",50,"cliver",0.38877256261525
"2908",290.7,"Simu1","NIT",50,"cliver",0.376739771370169
"2909",290.8,"Simu1","NIT",50,"cliver",0.364732459116174
"2910",290.9,"Simu1","NIT",50,"cliver",0.352781421111361
"2911",291,"Simu1","NIT",50,"cliver",0.340914490511669
"2912",291.1,"Simu1","NIT",50,"cliver",0.329156724723937
"2913",291.2,"Simu1","NIT",50,"cliver",0.317530832329317
"2914",291.3,"Simu1","NIT",50,"cliver",0.306057041657493
"2915",291.4,"Simu1","NIT",50,"cliver",0.294753488552621
"2916",291.5,"Simu1","NIT",50,"cliver",0.283636495162472
"2917",291.6,"Simu1","NIT",50,"cliver",0.272720489856206
"2918",291.7,"Simu1","NIT",50,"cliver",0.262018213875225
"2919",291.8,"Simu1","NIT",50,"cliver",0.25154086552925
"2920",291.9,"Simu1","NIT",50,"cliver",0.241298314529041
"2921",292,"Simu1","NIT",50,"cliver",0.231299084198042
"2922",292.1,"Simu1","NIT",50,"cliver",0.221550416355991
"2923",292.2,"Simu1","NIT",50,"cliver",0.212058470321529
"2924",292.3,"Simu1","NIT",50,"cliver",0.202828286613034
"2925",292.4,"Simu1","NIT",50,"cliver",0.193863981632276
"2926",292.5,"Simu1","NIT",50,"cliver",0.185168650702946
"2927",292.6,"Simu1","NIT",50,"cliver",0.176744679357575
"2928",292.7,"Simu1","NIT",50,"cliver",0.168593271731315
"2929",292.8,"Simu1","NIT",50,"cliver",0.160714782518967
"2930",292.9,"Simu1","NIT",50,"cliver",0.153109710380739
"2931",293,"Simu1","NIT",50,"cliver",0.145776721704092
"2932",293.1,"Simu1","NIT",50,"cliver",0.138714145065297
"2933",293.2,"Simu1","NIT",50,"cliver",0.131919809252577
"2934",293.3,"Simu1","NIT",50,"cliver",0.125390880471812
"2935",293.4,"Simu1","NIT",50,"cliver",0.119123753026936
"2936",293.5,"Simu1","NIT",50,"cliver",0.113114351360942
"2937",293.6,"Simu1","NIT",50,"cliver",0.107358109369858
"2938",293.7,"Simu1","NIT",50,"cliver",0.10184992660716
"2939",293.8,"Simu1","NIT",50,"cliver",0.0965842375387408
"2940",293.9,"Simu1","NIT",50,"cliver",0.0915551126738299
"2941",294,"Simu1","NIT",50,"cliver",0.0877973473518172
"2942",294.1,"Simu1","NIT",50,"cliver",0.352991741114316
"2943",294.2,"Simu1","NIT",50,"cliver",0.477609570925179
"2944",294.3,"Simu1","NIT",50,"cliver",0.515772957008914
"2945",294.4,"Simu1","NIT",50,"cliver",0.531658202081354
"2946",294.5,"Simu1","NIT",50,"cliver",0.540040681647463
"2947",294.6,"Simu1","NIT",50,"cliver",0.544787042688474
"2948",294.7,"Simu1","NIT",50,"cliver",0.547053832132794
"2949",294.8,"Simu1","NIT",50,"cliver",0.547302152462696
"2950",294.9,"Simu1","NIT",50,"cliver",0.545803278836523
"2951",295,"Simu1","NIT",50,"cliver",0.542764426584856
"2952",295.1,"Simu1","NIT",50,"cliver",0.53836302440754
"2953",295.2,"Simu1","NIT",50,"cliver",0.532760072750428
"2954",295.3,"Simu1","NIT",50,"cliver",0.526096955294365
"2955",295.4,"Simu1","NIT",50,"cliver",0.518506021656513
"2956",295.5,"Simu1","NIT",50,"cliver",0.510102145117037
"2957",295.6,"Simu1","NIT",50,"cliver",0.500995499298458
"2958",295.7,"Simu1","NIT",50,"cliver",0.491280578308017
"2959",295.8,"Simu1","NIT",50,"cliver",0.481046903487392
"2960",295.9,"Simu1","NIT",50,"cliver",0.470374461240074
"2961",296,"Simu1","NIT",50,"cliver",0.459336737816349
"2962",296.1,"Simu1","NIT",50,"cliver",0.448000206820349
"2963",296.2,"Simu1","NIT",50,"cliver",0.436425672506756
"2964",296.3,"Simu1","NIT",50,"cliver",0.424668045706373
"2965",296.4,"Simu1","NIT",50,"cliver",0.412777326848323
"2966",296.5,"Simu1","NIT",50,"cliver",0.400799129361228
"2967",296.6,"Simu1","NIT",50,"cliver",0.38877486461474
"2968",296.7,"Simu1","NIT",50,"cliver",0.376742065208178
"2969",296.8,"Simu1","NIT",50,"cliver",0.364734735346973
"2970",296.9,"Simu1","NIT",50,"cliver",0.352783661578363
"2971",297,"Simu1","NIT",50,"cliver",0.340916655477598
"2972",297.1,"Simu1","NIT",50,"cliver",0.329158829665513
"2973",297.2,"Simu1","NIT",50,"cliver",0.317532807390527
"2974",297.3,"Simu1","NIT",50,"cliver",0.306058937080543
"2975",297.4,"Simu1","NIT",50,"cliver",0.294755344712989
"2976",297.5,"Simu1","NIT",50,"cliver",0.283638349274911
"2977",297.6,"Simu1","NIT",50,"cliver",0.272722237602902
"2978",297.7,"Simu1","NIT",50,"cliver",0.262019860183037
"2979",297.8,"Simu1","NIT",50,"cliver",0.251542374563568
"2980",297.9,"Simu1","NIT",50,"cliver",0.241299673218275
"2981",298,"Simu1","NIT",50,"cliver",0.231300281890135
"2982",298.1,"Simu1","NIT",50,"cliver",0.221551556744887
"2983",298.2,"Simu1","NIT",50,"cliver",0.212059642849815
"2984",298.3,"Simu1","NIT",50,"cliver",0.202829508759714
"2985",298.4,"Simu1","NIT",50,"cliver",0.193865181592751
"2986",298.5,"Simu1","NIT",50,"cliver",0.185169819900689
"2987",298.6,"Simu1","NIT",50,"cliver",0.176745756785399
"2988",298.7,"Simu1","NIT",50,"cliver",0.168594231231836
"2989",298.8,"Simu1","NIT",50,"cliver",0.160715943805603
"2990",298.9,"Simu1","NIT",50,"cliver",0.153110708633222
"2991",299,"Simu1","NIT",50,"cliver",0.145777613215475
"2992",299.1,"Simu1","NIT",50,"cliver",0.138715039065169
"2993",299.2,"Simu1","NIT",50,"cliver",0.131920758490216
"2994",299.3,"Simu1","NIT",50,"cliver",0.125391827976944
"2995",299.4,"Simu1","NIT",50,"cliver",0.119124696754837
"2996",299.5,"Simu1","NIT",50,"cliver",0.113115280286369
"2997",299.6,"Simu1","NIT",50,"cliver",0.107358983435068
"2998",299.7,"Simu1","NIT",50,"cliver",0.101850722602403
"2999",299.8,"Simu1","NIT",50,"cliver",0.0965849667523242
"3000",299.9,"Simu1","NIT",50,"cliver",0.0915558012036677
"3001",300,"Simu1","NIT",50,"cliver",0.0877980486475962
"3002",300.1,"Simu1","NIT",50,"cliver",0.352992353668768
"3003",300.2,"Simu1","NIT",50,"cliver",0.477609818067479
"3004",300.3,"Simu1","NIT",50,"cliver",0.515772551480335
"3005",300.4,"Simu1","NIT",50,"cliver",0.53165648296399
"3006",300.5,"Simu1","NIT",50,"cliver",0.540039906319317
"3007",300.6,"Simu1","NIT",50,"cliver",0.544786667481648
"3008",300.7,"Simu1","NIT",50,"cliver",0.547053581104381
"3009",300.8,"Simu1","NIT",50,"cliver",0.547301971199121
"3010",300.9,"Simu1","NIT",50,"cliver",0.545802680896813
"3011",301,"Simu1","NIT",50,"cliver",0.542763205786477
"3012",301.1,"Simu1","NIT",50,"cliver",0.538362272045525
"3013",301.2,"Simu1","NIT",50,"cliver",0.532758858043822
"3014",301.3,"Simu1","NIT",50,"cliver",0.526096372362929
"3015",301.4,"Simu1","NIT",50,"cliver",0.518504700230103
"3016",301.5,"Simu1","NIT",50,"cliver",0.510101574016217
"3017",301.6,"Simu1","NIT",50,"cliver",0.50099399512508
"3018",301.7,"Simu1","NIT",50,"cliver",0.491279174855556
"3019",301.8,"Simu1","NIT",50,"cliver",0.481045455175858
"3020",301.9,"Simu1","NIT",50,"cliver",0.470373199956898
"3021",302,"Simu1","NIT",50,"cliver",0.459335570822723
"3022",302.1,"Simu1","NIT",50,"cliver",0.447999153202469
"3023",302.2,"Simu1","NIT",50,"cliver",0.436424526371962
"3024",302.3,"Simu1","NIT",50,"cliver",0.424666790203527
"3025",302.4,"Simu1","NIT",50,"cliver",0.41277605352599
"3026",302.5,"Simu1","NIT",50,"cliver",0.400797867629215
"3027",302.6,"Simu1","NIT",50,"cliver",0.388773604277404
"3028",302.7,"Simu1","NIT",50,"cliver",0.376740798379146
"3029",302.8,"Simu1","NIT",50,"cliver",0.36473346736681
"3030",302.9,"Simu1","NIT",50,"cliver",0.352782404056946
"3031",303,"Simu1","NIT",50,"cliver",0.340915440025652
"3032",303.1,"Simu1","NIT",50,"cliver",0.329157683762945
"3033",303.2,"Simu1","NIT",50,"cliver",0.317531739328743
"3034",303.3,"Simu1","NIT",50,"cliver",0.306057907779531
"3035",303.4,"Simu1","NIT",50,"cliver",0.294754371298982
"3036",303.5,"Simu1","NIT",50,"cliver",0.283637360577693
"3037",303.6,"Simu1","NIT",50,"cliver",0.272721307209256
"3038",303.7,"Simu1","NIT",50,"cliver",0.262018982792778
"3039",303.8,"Simu1","NIT",50,"cliver",0.251541625611673
"3040",303.9,"Simu1","NIT",50,"cliver",0.241299055293976
"3041",304,"Simu1","NIT",50,"cliver",0.231299775609895
"3042",304.1,"Simu1","NIT",50,"cliver",0.221551067742133
"3043",304.2,"Simu1","NIT",50,"cliver",0.212059073244433
"3044",304.3,"Simu1","NIT",50,"cliver",0.202828867931412
"3045",304.4,"Simu1","NIT",50,"cliver",0.193864527241777
"3046",304.5,"Simu1","NIT",50,"cliver",0.185169184222107
"3047",304.6,"Simu1","NIT",50,"cliver",0.176745080842443
"3048",304.7,"Simu1","NIT",50,"cliver",0.168593613447124
"3049",304.8,"Simu1","NIT",50,"cliver",0.160715373216959
"3050",304.9,"Simu1","NIT",50,"cliver",0.153110183208832
"3051",305,"Simu1","NIT",50,"cliver",0.145777132538577
"3052",305.1,"Simu1","NIT",50,"cliver",0.13871460956159
"3053",305.2,"Simu1","NIT",50,"cliver",0.131920333574111
"3054",305.3,"Simu1","NIT",50,"cliver",0.125391389150891
"3055",305.4,"Simu1","NIT",50,"cliver",0.119124257710824
"3056",305.5,"Simu1","NIT",50,"cliver",0.113114860307835
"3057",305.6,"Simu1","NIT",50,"cliver",0.107358570331882
"3058",305.7,"Simu1","NIT",50,"cliver",0.101850297164263
"3059",305.8,"Simu1","NIT",50,"cliver",0.096584507129953
"3060",305.9,"Simu1","NIT",50,"cliver",0.0915553679729887
"3061",306,"Simu1","NIT",50,"cliver",0.0877975676989743
"3062",306.1,"Simu1","NIT",50,"cliver",0.352991622826629
"3063",306.2,"Simu1","NIT",50,"cliver",0.477608000781978
"3064",306.3,"Simu1","NIT",50,"cliver",0.515770496251561
"3065",306.4,"Simu1","NIT",50,"cliver",0.531654654717992
"3066",306.5,"Simu1","NIT",50,"cliver",0.540036625049572
"3067",306.6,"Simu1","NIT",50,"cliver",0.544783697962748
"3068",306.7,"Simu1","NIT",50,"cliver",0.547050871164099
"3069",306.8,"Simu1","NIT",50,"cliver",0.547299561085966
"3070",306.9,"Simu1","NIT",50,"cliver",0.545800241689672
"3071",307,"Simu1","NIT",50,"cliver",0.542760221743869
"3072",307.1,"Simu1","NIT",50,"cliver",0.538359552815165
"3073",307.2,"Simu1","NIT",50,"cliver",0.532756500572784
"3074",307.3,"Simu1","NIT",50,"cliver",0.52609389679737
"3075",307.4,"Simu1","NIT",50,"cliver",0.518502285529336
"3076",307.5,"Simu1","NIT",50,"cliver",0.510099366333344
"3077",307.6,"Simu1","NIT",50,"cliver",0.500991813971481
"3078",307.7,"Simu1","NIT",50,"cliver",0.491276962184145
"3079",307.8,"Simu1","NIT",50,"cliver",0.481043437294312
"3080",307.9,"Simu1","NIT",50,"cliver",0.470371325874186
"3081",308,"Simu1","NIT",50,"cliver",0.459333674038008
"3082",308.1,"Simu1","NIT",50,"cliver",0.447997201486811
"3083",308.2,"Simu1","NIT",50,"cliver",0.4364225860741
"3084",308.3,"Simu1","NIT",50,"cliver",0.424665037456596
"3085",308.4,"Simu1","NIT",50,"cliver",0.412774449860175
"3086",308.5,"Simu1","NIT",50,"cliver",0.400796337095979
"3087",308.6,"Simu1","NIT",50,"cliver",0.388772124960653
"3088",308.7,"Simu1","NIT",50,"cliver",0.376739379131789
"3089",308.8,"Simu1","NIT",50,"cliver",0.364732116172791
"3090",308.9,"Simu1","NIT",50,"cliver",0.35278111674863
"3091",309,"Simu1","NIT",50,"cliver",0.340914202644289
"3092",309.1,"Simu1","NIT",50,"cliver",0.329156464442728
"3093",309.2,"Simu1","NIT",50,"cliver",0.317530513925687
"3094",309.3,"Simu1","NIT",50,"cliver",0.3060566801516
"3095",309.4,"Simu1","NIT",50,"cliver",0.29475316650107
"3096",309.5,"Simu1","NIT",50,"cliver",0.283636186816992
"3097",309.6,"Simu1","NIT",50,"cliver",0.272720170191401
"3098",309.7,"Simu1","NIT",50,"cliver",0.262017863392148
"3099",309.8,"Simu1","NIT",50,"cliver",0.251540548063781
"3100",309.9,"Simu1","NIT",50,"cliver",0.241297919655011
"3101",310,"Simu1","NIT",50,"cliver",0.231298716461527
"3102",310.1,"Simu1","NIT",50,"cliver",0.221550018248785
"3103",310.2,"Simu1","NIT",50,"cliver",0.212058014075638
"3104",310.3,"Simu1","NIT",50,"cliver",0.202827783426665
"3105",310.4,"Simu1","NIT",50,"cliver",0.193863434401394
"3106",310.5,"Simu1","NIT",50,"cliver",0.185168181808451
"3107",310.6,"Simu1","NIT",50,"cliver",0.176744190273769
"3108",310.7,"Simu1","NIT",50,"cliver",0.168592796039129
"3109",310.8,"Simu1","NIT",50,"cliver",0.160714595122957
"3110",310.9,"Simu1","NIT",50,"cliver",0.153109435624712
"3111",311,"Simu1","NIT",50,"cliver",0.14577641906089
"3112",311.1,"Simu1","NIT",50,"cliver",0.138713933205526
"3113",311.2,"Simu1","NIT",50,"cliver",0.131919693818887
"3114",311.3,"Simu1","NIT",50,"cliver",0.125390783571221
"3115",311.4,"Simu1","NIT",50,"cliver",0.119123681580038
"3116",311.5,"Simu1","NIT",50,"cliver",0.113114306071295
"3117",311.6,"Simu1","NIT",50,"cliver",0.107358050438765
"3118",311.7,"Simu1","NIT",50,"cliver",0.101849828548841
"3119",311.8,"Simu1","NIT",50,"cliver",0.0965841103598638
"3120",311.9,"Simu1","NIT",50,"cliver",0.0915549779498883
"3121",312,"Simu1","NIT",50,"cliver",0.0877971316519535
"3122",312.1,"Simu1","NIT",50,"cliver",0.352991797331452
"3123",312.2,"Simu1","NIT",50,"cliver",0.477609296775443
"3124",312.3,"Simu1","NIT",50,"cliver",0.515772732637859
"3125",312.4,"Simu1","NIT",50,"cliver",0.531656476174238
"3126",312.5,"Simu1","NIT",50,"cliver",0.540038493566922
"3127",312.6,"Simu1","NIT",50,"cliver",0.544784772830272
"3128",312.7,"Simu1","NIT",50,"cliver",0.547051987570404
"3129",312.8,"Simu1","NIT",50,"cliver",0.547300662497888
"3130",312.9,"Simu1","NIT",50,"cliver",0.545801504333807
"3131",313,"Simu1","NIT",50,"cliver",0.542762118544736
"3132",313.1,"Simu1","NIT",50,"cliver",0.538361380203149
"3133",313.2,"Simu1","NIT",50,"cliver",0.532757966675645
"3134",313.3,"Simu1","NIT",50,"cliver",0.526095450083782
"3135",313.4,"Simu1","NIT",50,"cliver",0.518503865576627
"3136",313.5,"Simu1","NIT",50,"cliver",0.510100841914104
"3137",313.6,"Simu1","NIT",50,"cliver",0.500993294755823
"3138",313.7,"Simu1","NIT",50,"cliver",0.491278492382881
"3139",313.8,"Simu1","NIT",50,"cliver",0.481044794175003
"3140",313.9,"Simu1","NIT",50,"cliver",0.470372592807263
"3141",314,"Simu1","NIT",50,"cliver",0.459334985852037
"3142",314.1,"Simu1","NIT",50,"cliver",0.447998587412085
"3143",314.2,"Simu1","NIT",50,"cliver",0.436423952518974
"3144",314.3,"Simu1","NIT",50,"cliver",0.424666259604145
"3145",314.4,"Simu1","NIT",50,"cliver",0.41277550795368
"3146",314.5,"Simu1","NIT",50,"cliver",0.400797357187608
"3147",314.6,"Simu1","NIT",50,"cliver",0.388773153356978
"3148",314.7,"Simu1","NIT",50,"cliver",0.376740339466484
"3149",314.8,"Simu1","NIT",50,"cliver",0.364733009117004
"3150",314.9,"Simu1","NIT",50,"cliver",0.352782004367992
"3151",315,"Simu1","NIT",50,"cliver",0.340915055831288
"3152",315.1,"Simu1","NIT",50,"cliver",0.329157272156058
"3153",315.2,"Simu1","NIT",50,"cliver",0.317531351102013
"3154",315.3,"Simu1","NIT",50,"cliver",0.306057566115722
"3155",315.4,"Simu1","NIT",50,"cliver",0.294754036362314
"3156",315.5,"Simu1","NIT",50,"cliver",0.283637021020671
"3157",315.6,"Simu1","NIT",50,"cliver",0.272720991137948
"3158",315.7,"Simu1","NIT",50,"cliver",0.262018694354601
"3159",315.8,"Simu1","NIT",50,"cliver",0.251541344747463
"3160",315.9,"Simu1","NIT",50,"cliver",0.241298777556133
"3161",316,"Simu1","NIT",50,"cliver",0.231299513012976
"3162",316.1,"Simu1","NIT",50,"cliver",0.221550822667951
"3163",316.2,"Simu1","NIT",50,"cliver",0.212058838621913
"3164",316.3,"Simu1","NIT",50,"cliver",0.202828640192173
"3165",316.4,"Simu1","NIT",50,"cliver",0.193864311087492
"3166",316.5,"Simu1","NIT",50,"cliver",0.185168979398688
"3167",316.6,"Simu1","NIT",50,"cliver",0.176744888205524
"3168",316.7,"Simu1","NIT",50,"cliver",0.168593425046344
"3169",316.8,"Simu1","NIT",50,"cliver",0.160715201885428
"3170",316.9,"Simu1","NIT",50,"cliver",0.153110004401199
"3171",317,"Simu1","NIT",50,"cliver",0.14577702048959
"3172",317.1,"Simu1","NIT",50,"cliver",0.138714608058955
"3173",317.2,"Simu1","NIT",50,"cliver",0.131920313745618
"3174",317.3,"Simu1","NIT",50,"cliver",0.125391278962042
"3175",317.4,"Simu1","NIT",50,"cliver",0.119124148916832
"3176",317.5,"Simu1","NIT",50,"cliver",0.113114815917738
"3177",317.6,"Simu1","NIT",50,"cliver",0.107358549639603
"3178",317.7,"Simu1","NIT",50,"cliver",0.101850308161342
"3179",317.8,"Simu1","NIT",50,"cliver",0.0965845545601167
"3180",317.9,"Simu1","NIT",50,"cliver",0.0915554536567752
"3181",318,"Simu1","NIT",50,"cliver",0.0877975963592445
"3182",318.1,"Simu1","NIT",50,"cliver",0.35299194949028
"3183",318.2,"Simu1","NIT",50,"cliver",0.477608596017657
"3184",318.3,"Simu1","NIT",50,"cliver",0.51577106411145
"3185",318.4,"Simu1","NIT",50,"cliver",0.531655584300831
"3186",318.5,"Simu1","NIT",50,"cliver",0.540037355983572
"3187",318.6,"Simu1","NIT",50,"cliver",0.544785018516961
"3188",318.7,"Simu1","NIT",50,"cliver",0.547051969013961
"3189",318.8,"Simu1","NIT",50,"cliver",0.547300481696612
"3190",318.9,"Simu1","NIT",50,"cliver",0.545801133434253
"3191",319,"Simu1","NIT",50,"cliver",0.542761768915182
"3192",319.1,"Simu1","NIT",50,"cliver",0.538360861380357
"3193",319.2,"Simu1","NIT",50,"cliver",0.532757412778847
"3194",319.3,"Simu1","NIT",50,"cliver",0.526094930107967
"3195",319.4,"Simu1","NIT",50,"cliver",0.518503225029319
"3196",319.5,"Simu1","NIT",50,"cliver",0.510100127339331
"3197",319.6,"Simu1","NIT",50,"cliver",0.500992611814137
"3198",319.7,"Simu1","NIT",50,"cliver",0.491277826770586
"3199",319.8,"Simu1","NIT",50,"cliver",0.481044108884772
"3200",319.9,"Simu1","NIT",50,"cliver",0.470371866457309
"3201",320,"Simu1","NIT",50,"cliver",0.459334271664154
"3202",320.1,"Simu1","NIT",50,"cliver",0.447997895191591
"3203",320.2,"Simu1","NIT",50,"cliver",0.43642329946653
"3204",320.3,"Simu1","NIT",50,"cliver",0.424665586648158
"3205",320.4,"Simu1","NIT",50,"cliver",0.412774877040267
"3206",320.5,"Simu1","NIT",50,"cliver",0.400796724032984
"3207",320.6,"Simu1","NIT",50,"cliver",0.388772493362582
"3208",320.7,"Simu1","NIT",50,"cliver",0.3767397169564
"3209",320.8,"Simu1","NIT",50,"cliver",0.364732414504063
"3210",320.9,"Simu1","NIT",50,"cliver",0.352781381027996
"3211",321,"Simu1","NIT",50,"cliver",0.340914447587453
"3212",321.1,"Simu1","NIT",50,"cliver",0.329156721310806
"3213",321.2,"Simu1","NIT",50,"cliver",0.317530806036893
"3214",321.3,"Simu1","NIT",50,"cliver",0.30605700341667
"3215",321.4,"Simu1","NIT",50,"cliver",0.29475349590022
"3216",321.5,"Simu1","NIT",50,"cliver",0.283636513922662
"3217",321.6,"Simu1","NIT",50,"cliver",0.272720488834631
"3218",321.7,"Simu1","NIT",50,"cliver",0.262018192319441
"3219",321.8,"Simu1","NIT",50,"cliver",0.251540862825097
"3220",321.9,"Simu1","NIT",50,"cliver",0.241298319594291
"3221",322,"Simu1","NIT",50,"cliver",0.231299066518919
"3222",322.1,"Simu1","NIT",50,"cliver",0.221550384873301
"3223",322.2,"Simu1","NIT",50,"cliver",0.212058416262214
"3224",322.3,"Simu1","NIT",50,"cliver",0.202828236370602
"3225",322.4,"Simu1","NIT",50,"cliver",0.19386392055792
"3226",322.5,"Simu1","NIT",50,"cliver",0.1851686019195
"3227",322.6,"Simu1","NIT",50,"cliver",0.176744522489516
"3228",322.7,"Simu1","NIT",50,"cliver",0.168593078517174
"3229",322.8,"Simu1","NIT",50,"cliver",0.160714861176327
"3230",322.9,"Simu1","NIT",50,"cliver",0.153109693460019
"3231",323,"Simu1","NIT",50,"cliver",0.145776664639045
"3232",323.1,"Simu1","NIT",50,"cliver",0.138714162782127
"3233",323.2,"Simu1","NIT",50,"cliver",0.131919907657198
"3234",323.3,"Simu1","NIT",50,"cliver",0.125390982821574
"3235",323.4,"Simu1","NIT",50,"cliver",0.119123871806883
"3236",323.5,"Simu1","NIT",50,"cliver",0.113114491092914
"3237",323.6,"Simu1","NIT",50,"cliver",0.107358256328752
"3238",323.7,"Simu1","NIT",50,"cliver",0.101850052874929
"3239",323.8,"Simu1","NIT",50,"cliver",0.0965843100036403
"3240",323.9,"Simu1","NIT",50,"cliver",0.0915551474664976
"3241",324,"Simu1","NIT",50,"cliver",0.0877973331784773
"3242",324.1,"Simu1","NIT",50,"cliver",0.352992137361942
"3243",324.2,"Simu1","NIT",50,"cliver",0.477608488277185
"3244",324.3,"Simu1","NIT",50,"cliver",0.51577135227621
"3245",324.4,"Simu1","NIT",50,"cliver",0.531655707389999
"3246",324.5,"Simu1","NIT",50,"cliver",0.540039053530042
"3247",324.6,"Simu1","NIT",50,"cliver",0.544785930825356
"3248",324.7,"Simu1","NIT",50,"cliver",0.547052837598286
"3249",324.8,"Simu1","NIT",50,"cliver",0.547301379068882
"3250",324.9,"Simu1","NIT",50,"cliver",0.54580199237279
"3251",325,"Simu1","NIT",50,"cliver",0.542762668788851
"3252",325.1,"Simu1","NIT",50,"cliver",0.538361675823668
"3253",325.2,"Simu1","NIT",50,"cliver",0.532758251202406
"3254",325.3,"Simu1","NIT",50,"cliver",0.526095832424191
"3255",325.4,"Simu1","NIT",50,"cliver",0.518504207514528
"3256",325.5,"Simu1","NIT",50,"cliver",0.510101158919042
"3257",325.6,"Simu1","NIT",50,"cliver",0.500993603876834
"3258",325.7,"Simu1","NIT",50,"cliver",0.491278742322812
"3259",325.8,"Simu1","NIT",50,"cliver",0.481045009966486
"3260",325.9,"Simu1","NIT",50,"cliver",0.470372786098679
"3261",326,"Simu1","NIT",50,"cliver",0.459335189456637
"3262",326.1,"Simu1","NIT",50,"cliver",0.44799878070866
"3263",326.2,"Simu1","NIT",50,"cliver",0.436424148569601
"3264",326.3,"Simu1","NIT",50,"cliver",0.424666412277446
"3265",326.4,"Simu1","NIT",50,"cliver",0.412775690822519
"3266",326.5,"Simu1","NIT",50,"cliver",0.400797520457681
"3267",326.6,"Simu1","NIT",50,"cliver",0.388773275713804
"3268",326.7,"Simu1","NIT",50,"cliver",0.376740483023254
"3269",326.8,"Simu1","NIT",50,"cliver",0.36473317204328
"3270",326.9,"Simu1","NIT",50,"cliver",0.352782134026256
"3271",327,"Simu1","NIT",50,"cliver",0.340915195434097
"3272",327.1,"Simu1","NIT",50,"cliver",0.32915746643901
"3273",327.2,"Simu1","NIT",50,"cliver",0.317531551743488
"3274",327.3,"Simu1","NIT",50,"cliver",0.306057759404515
"3275",327.4,"Simu1","NIT",50,"cliver",0.294754261720613
"3276",327.5,"Simu1","NIT",50,"cliver",0.283637287816651
"3277",327.6,"Simu1","NIT",50,"cliver",0.272721257075508
"3278",327.7,"Simu1","NIT",50,"cliver",0.262018965704994
"3279",327.8,"Simu1","NIT",50,"cliver",0.251541589837925
"3280",327.9,"Simu1","NIT",50,"cliver",0.241299059929728
"3281",328,"Simu1","NIT",50,"cliver",0.231299812490283
"3282",328.1,"Simu1","NIT",50,"cliver",0.221551087533653
"3283",328.2,"Simu1","NIT",50,"cliver",0.212059103519033
"3284",328.3,"Simu1","NIT",50,"cliver",0.20282892398257
"3285",328.4,"Simu1","NIT",50,"cliver",0.193864564850733
"3286",328.5,"Simu1","NIT",50,"cliver",0.185169210052063
"3287",328.6,"Simu1","NIT",50,"cliver",0.176745133256834
"3288",328.7,"Simu1","NIT",50,"cliver",0.168593639438328
"3289",328.8,"Simu1","NIT",50,"cliver",0.160715414202655
"3290",328.9,"Simu1","NIT",50,"cliver",0.153110225434281
"3291",329,"Simu1","NIT",50,"cliver",0.145777155236423
"3292",329.1,"Simu1","NIT",50,"cliver",0.138714625727121
"3293",329.2,"Simu1","NIT",50,"cliver",0.131920355512405
"3294",329.3,"Simu1","NIT",50,"cliver",0.125391413560243
"3295",329.4,"Simu1","NIT",50,"cliver",0.119124276184337
"3296",329.5,"Simu1","NIT",50,"cliver",0.113114873873844
"3297",329.6,"Simu1","NIT",50,"cliver",0.107358595638736
"3298",329.7,"Simu1","NIT",50,"cliver",0.101850358666346
"3299",329.8,"Simu1","NIT",50,"cliver",0.0965846097015958
"3300",329.9,"Simu1","NIT",50,"cliver",0.0915554622992026
"3301",330,"Simu1","NIT",50,"cliver",0.0877976401783155
"3302",330.1,"Simu1","NIT",50,"cliver",0.352991702399989
"3303",330.2,"Simu1","NIT",50,"cliver",0.477608055428645
"3304",330.3,"Simu1","NIT",50,"cliver",0.515770491275228
"3305",330.4,"Simu1","NIT",50,"cliver",0.531654520707037
"3306",330.5,"Simu1","NIT",50,"cliver",0.54003705840285
"3307",330.6,"Simu1","NIT",50,"cliver",0.544783921934165
"3308",330.7,"Simu1","NIT",50,"cliver",0.547050946072198
"3309",330.8,"Simu1","NIT",50,"cliver",0.547299555775703
"3310",330.9,"Simu1","NIT",50,"cliver",0.545800298266678
"3311",331,"Simu1","NIT",50,"cliver",0.542760977894407
"3312",331.1,"Simu1","NIT",50,"cliver",0.5383600603303
"3313",331.2,"Simu1","NIT",50,"cliver",0.532756646108555
"3314",331.3,"Simu1","NIT",50,"cliver",0.526094191826606
"3315",331.4,"Simu1","NIT",50,"cliver",0.518502535682105
"3316",331.5,"Simu1","NIT",50,"cliver",0.510099438496309
"3317",331.6,"Simu1","NIT",50,"cliver",0.500991907810823
"3318",331.7,"Simu1","NIT",50,"cliver",0.491277128951067
"3319",331.8,"Simu1","NIT",50,"cliver",0.481043440073638
"3320",331.9,"Simu1","NIT",50,"cliver",0.470371218825934
"3321",332,"Simu1","NIT",50,"cliver",0.459333630084698
"3322",332.1,"Simu1","NIT",50,"cliver",0.447997255876383
"3323",332.2,"Simu1","NIT",50,"cliver",0.43642266992067
"3324",332.3,"Simu1","NIT",50,"cliver",0.424664973093529
"3325",332.4,"Simu1","NIT",50,"cliver",0.412774277905555
"3326",332.5,"Simu1","NIT",50,"cliver",0.400796135534859
"3327",332.6,"Simu1","NIT",50,"cliver",0.388771915589531
"3328",332.7,"Simu1","NIT",50,"cliver",0.376739152533808
"3329",332.8,"Simu1","NIT",50,"cliver",0.364731864653
"3330",332.9,"Simu1","NIT",50,"cliver",0.352780845018436
"3331",333,"Simu1","NIT",50,"cliver",0.340913924726765
"3332",333.1,"Simu1","NIT",50,"cliver",0.329156211931263
"3333",333.2,"Simu1","NIT",50,"cliver",0.317530310759768
"3334",333.3,"Simu1","NIT",50,"cliver",0.306056522361414
"3335",333.4,"Simu1","NIT",50,"cliver",0.294753028817123
"3336",333.5,"Simu1","NIT",50,"cliver",0.283636060671634
"3337",333.6,"Simu1","NIT",50,"cliver",0.272720049476091
"3338",333.7,"Simu1","NIT",50,"cliver",0.262017766831826
"3339",333.8,"Simu1","NIT",50,"cliver",0.25154045106161
"3340",333.9,"Simu1","NIT",50,"cliver",0.241297921556443
"3341",334,"Simu1","NIT",50,"cliver",0.231298682115254
"3342",334.1,"Simu1","NIT",50,"cliver",0.221550013927487
"3343",334.2,"Simu1","NIT",50,"cliver",0.212058058561129
"3344",334.3,"Simu1","NIT",50,"cliver",0.202827891755792
"3345",334.4,"Simu1","NIT",50,"cliver",0.193863588891011
"3346",334.5,"Simu1","NIT",50,"cliver",0.185168282997665
"3347",334.6,"Simu1","NIT",50,"cliver",0.176744216066547
"3348",334.7,"Simu1","NIT",50,"cliver",0.168592784371949
"3349",334.8,"Simu1","NIT",50,"cliver",0.160714579103099
"3350",334.9,"Simu1","NIT",50,"cliver",0.153109423205723
"3351",335,"Simu1","NIT",50,"cliver",0.145776405962556
"3352",335.1,"Simu1","NIT",50,"cliver",0.138713915342335
"3353",335.2,"Simu1","NIT",50,"cliver",0.131919671386726
"3354",335.3,"Simu1","NIT",50,"cliver",0.125390756907736
"3355",335.4,"Simu1","NIT",50,"cliver",0.119123657439838
"3356",335.5,"Simu1","NIT",50,"cliver",0.11311428372538
"3357",335.6,"Simu1","NIT",50,"cliver",0.107358021996586
"3358",335.7,"Simu1","NIT",50,"cliver",0.101849772530797
"3359",335.8,"Simu1","NIT",50,"cliver",0.096584031894904
"3360",335.9,"Simu1","NIT",50,"cliver",0.0915549114635579
"3361",336,"Simu1","NIT",50,"cliver",0.0877971431492972
"3362",336.1,"Simu1","NIT",50,"cliver",0.352991228652853
"3363",336.2,"Simu1","NIT",50,"cliver",0.47760759783814
"3364",336.3,"Simu1","NIT",50,"cliver",0.515770069290963
"3365",336.4,"Simu1","NIT",50,"cliver",0.531654088532644
"3366",336.5,"Simu1","NIT",50,"cliver",0.540036638431999
"3367",336.6,"Simu1","NIT",50,"cliver",0.544783522469117
"3368",336.7,"Simu1","NIT",50,"cliver",0.547050713927955
"3369",336.8,"Simu1","NIT",50,"cliver",0.54729917469602
"3370",336.9,"Simu1","NIT",50,"cliver",0.545799682267601
"3371",337,"Simu1","NIT",50,"cliver",0.542760542106779
"3372",337.1,"Simu1","NIT",50,"cliver",0.538359531687639
"3373",337.2,"Simu1","NIT",50,"cliver",0.53275625270408
"3374",337.3,"Simu1","NIT",50,"cliver",0.526093750510819
"3375",337.4,"Simu1","NIT",50,"cliver",0.518501977791252
"3376",337.5,"Simu1","NIT",50,"cliver",0.510099007020488
"3377",337.6,"Simu1","NIT",50,"cliver",0.500991618620215
"3378",337.7,"Simu1","NIT",50,"cliver",0.491276820974539
"3379",337.8,"Simu1","NIT",50,"cliver",0.481043096502733
"3380",337.9,"Simu1","NIT",50,"cliver",0.470370884321451
"3381",338,"Simu1","NIT",50,"cliver",0.459333353315478
"3382",338.1,"Simu1","NIT",50,"cliver",0.447997017318528
"3383",338.2,"Simu1","NIT",50,"cliver",0.43642243031777
"3384",338.3,"Simu1","NIT",50,"cliver",0.424664721562581
"3385",338.4,"Simu1","NIT",50,"cliver",0.412774031310725
"3386",338.5,"Simu1","NIT",50,"cliver",0.400795914043772
"3387",338.6,"Simu1","NIT",50,"cliver",0.388771706165566
"3388",338.7,"Simu1","NIT",50,"cliver",0.376738961817937
"3389",338.8,"Simu1","NIT",50,"cliver",0.36473165142981
"3390",338.9,"Simu1","NIT",50,"cliver",0.352780630727163
"3391",339,"Simu1","NIT",50,"cliver",0.340913739916768
"3392",339.1,"Simu1","NIT",50,"cliver",0.329156044168273
"3393",339.2,"Simu1","NIT",50,"cliver",0.31753016579302
"3394",339.3,"Simu1","NIT",50,"cliver",0.306056395501897
"3395",339.4,"Simu1","NIT",50,"cliver",0.294752904304521
"3396",339.5,"Simu1","NIT",50,"cliver",0.28363591885617
"3397",339.6,"Simu1","NIT",50,"cliver",0.272719902186634
"3398",339.7,"Simu1","NIT",50,"cliver",0.262017637541149
"3399",339.8,"Simu1","NIT",50,"cliver",0.251540338780127
"3400",339.9,"Simu1","NIT",50,"cliver",0.241297840097651
"3401",340,"Simu1","NIT",50,"cliver",0.231298615403111
"3402",340.1,"Simu1","NIT",50,"cliver",0.22154997765233
"3403",340.2,"Simu1","NIT",50,"cliver",0.212058028391173
"3404",340.3,"Simu1","NIT",50,"cliver",0.202827894399327
"3405",340.4,"Simu1","NIT",50,"cliver",0.19386357669206
"3406",340.5,"Simu1","NIT",50,"cliver",0.185168323656821
"3407",340.6,"Simu1","NIT",50,"cliver",0.176744233796765
"3408",340.7,"Simu1","NIT",50,"cliver",0.168592949840758
"3409",340.8,"Simu1","NIT",50,"cliver",0.16071462098619
"3410",340.9,"Simu1","NIT",50,"cliver",0.153109374860621
"3411",341,"Simu1","NIT",50,"cliver",0.145776363690563
"3412",341.1,"Simu1","NIT",50,"cliver",0.138713898112174
"3413",341.2,"Simu1","NIT",50,"cliver",0.131919587311254
"3414",341.3,"Simu1","NIT",50,"cliver",0.125390614456508
"3415",341.4,"Simu1","NIT",50,"cliver",0.119123471539307
"3416",341.5,"Simu1","NIT",50,"cliver",0.113114088362136
"3417",341.6,"Simu1","NIT",50,"cliver",0.107357881462972
"3418",341.7,"Simu1","NIT",50,"cliver",0.101849721618651
"3419",341.8,"Simu1","NIT",50,"cliver",0.0965840358983811
"3420",341.9,"Simu1","NIT",50,"cliver",0.0915549167611417
"3421",342,"Simu1","NIT",50,"cliver",0.0877971315121595
"3422",342.1,"Simu1","NIT",50,"cliver",0.352991750383298
"3423",342.2,"Simu1","NIT",50,"cliver",0.477608572276378
"3424",342.3,"Simu1","NIT",50,"cliver",0.515771233450958
"3425",342.4,"Simu1","NIT",50,"cliver",0.53165537168226
"3426",342.5,"Simu1","NIT",50,"cliver",0.540037874635363
"3427",342.6,"Simu1","NIT",50,"cliver",0.544784859151906
"3428",342.7,"Simu1","NIT",50,"cliver",0.547052152248551
"3429",342.8,"Simu1","NIT",50,"cliver",0.547300816765321
"3430",342.9,"Simu1","NIT",50,"cliver",0.545801512000732
"3431",343,"Simu1","NIT",50,"cliver",0.542762192010874
"3432",343.1,"Simu1","NIT",50,"cliver",0.53836120367023
"3433",343.2,"Simu1","NIT",50,"cliver",0.532757810877063
"3434",343.3,"Simu1","NIT",50,"cliver",0.526095385751681
"3435",343.4,"Simu1","NIT",50,"cliver",0.518503752505986
"3436",343.5,"Simu1","NIT",50,"cliver",0.510100704680144
"3437",343.6,"Simu1","NIT",50,"cliver",0.500993141617309
"3438",343.7,"Simu1","NIT",50,"cliver",0.491278304519213
"3439",343.8,"Simu1","NIT",50,"cliver",0.48104459566758
"3440",343.9,"Simu1","NIT",50,"cliver",0.47037238210076
"3441",344,"Simu1","NIT",50,"cliver",0.459334788416173
"3442",344.1,"Simu1","NIT",50,"cliver",0.447998388564194
"3443",344.2,"Simu1","NIT",50,"cliver",0.436423771985245
"3444",344.3,"Simu1","NIT",50,"cliver",0.424666053654937
"3445",344.4,"Simu1","NIT",50,"cliver",0.412775343014575
"3446",344.5,"Simu1","NIT",50,"cliver",0.400797181615489
"3447",344.6,"Simu1","NIT",50,"cliver",0.388772937369538
"3448",344.7,"Simu1","NIT",50,"cliver",0.376740149507171
"3449",344.8,"Simu1","NIT",50,"cliver",0.364732838939148
"3450",344.9,"Simu1","NIT",50,"cliver",0.352781797270657
"3451",345,"Simu1","NIT",50,"cliver",0.340914853773479
"3452",345.1,"Simu1","NIT",50,"cliver",0.329157116700623
"3453",345.2,"Simu1","NIT",50,"cliver",0.317531191216939
"3454",345.3,"Simu1","NIT",50,"cliver",0.30605737890135
"3455",345.4,"Simu1","NIT",50,"cliver",0.294753861521769
"3456",345.5,"Simu1","NIT",50,"cliver",0.283636869311344
"3457",345.6,"Simu1","NIT",50,"cliver",0.272720833905761
"3458",345.7,"Simu1","NIT",50,"cliver",0.262018527153304
"3459",345.8,"Simu1","NIT",50,"cliver",0.251541187356385
"3460",345.9,"Simu1","NIT",50,"cliver",0.241298633912921
"3461",346,"Simu1","NIT",50,"cliver",0.231299370897677
"3462",346.1,"Simu1","NIT",50,"cliver",0.221550679402745
"3463",346.2,"Simu1","NIT",50,"cliver",0.212058700879982
"3464",346.3,"Simu1","NIT",50,"cliver",0.202828511047833
"3465",346.4,"Simu1","NIT",50,"cliver",0.193864185445074
"3466",346.5,"Simu1","NIT",50,"cliver",0.185168857194255
"3467",346.6,"Simu1","NIT",50,"cliver",0.176744768226756
"3468",346.7,"Simu1","NIT",50,"cliver",0.168593314779436
"3469",346.8,"Simu1","NIT",50,"cliver",0.160715088127423
"3470",346.9,"Simu1","NIT",50,"cliver",0.153109911281522
"3471",347,"Simu1","NIT",50,"cliver",0.145776873505647
"3472",347.1,"Simu1","NIT",50,"cliver",0.138714362797711
"3473",347.2,"Simu1","NIT",50,"cliver",0.131920099107443
"3474",347.3,"Simu1","NIT",50,"cliver",0.125391165668296
"3475",347.4,"Simu1","NIT",50,"cliver",0.119124046908882
"3476",347.5,"Simu1","NIT",50,"cliver",0.1131146568795
"3477",347.6,"Simu1","NIT",50,"cliver",0.107358402198733
"3478",347.7,"Simu1","NIT",50,"cliver",0.101850190262885
"3479",347.8,"Simu1","NIT",50,"cliver",0.0965845005007488
"3480",347.9,"Simu1","NIT",50,"cliver",0.0915553563189739
"3481",348,"Simu1","NIT",50,"cliver",0.0877974921005001
"3482",348.1,"Simu1","NIT",50,"cliver",0.352992234840549
"3483",348.2,"Simu1","NIT",50,"cliver",0.477610266401166
"3484",348.3,"Simu1","NIT",50,"cliver",0.515774382644684
"3485",348.4,"Simu1","NIT",50,"cliver",0.531658749013545
"3486",348.5,"Simu1","NIT",50,"cliver",0.540040339952734
"3487",348.6,"Simu1","NIT",50,"cliver",0.54478812516695
"3488",348.7,"Simu1","NIT",50,"cliver",0.547055132880363
"3489",348.8,"Simu1","NIT",50,"cliver",0.547303700447706
"3490",348.9,"Simu1","NIT",50,"cliver",0.545804368791082
"3491",349,"Simu1","NIT",50,"cliver",0.542765065601014
"3492",349.1,"Simu1","NIT",50,"cliver",0.538364079817314
"3493",349.2,"Simu1","NIT",50,"cliver",0.532760656580054
"3494",349.3,"Simu1","NIT",50,"cliver",0.526098228135134
"3495",349.4,"Simu1","NIT",50,"cliver",0.518506588449906
"3496",349.5,"Simu1","NIT",50,"cliver",0.510103520032865
"3497",349.6,"Simu1","NIT",50,"cliver",0.50099594066458
"3498",349.7,"Simu1","NIT",50,"cliver",0.491281052231774
"3499",349.8,"Simu1","NIT",50,"cliver",0.481047290233329
"3500",349.9,"Simu1","NIT",50,"cliver",0.470375033075072
"3501",350,"Simu1","NIT",50,"cliver",0.459337400406766
"3502",350.1,"Simu1","NIT",50,"cliver",0.448000953373072
"3503",350.2,"Simu1","NIT",50,"cliver",0.436426280839944
"3504",350.3,"Simu1","NIT",50,"cliver",0.424668502556102
"3505",350.4,"Simu1","NIT",50,"cliver",0.412777734378437
"3506",350.5,"Simu1","NIT",50,"cliver",0.400799519773537
"3507",350.6,"Simu1","NIT",50,"cliver",0.388775225923391
"3508",350.7,"Simu1","NIT",50,"cliver",0.376742382205878
"3509",350.8,"Simu1","NIT",50,"cliver",0.364735007820052
"3510",350.9,"Simu1","NIT",50,"cliver",0.352783909085299
"3511",351,"Simu1","NIT",50,"cliver",0.340916915084431
"3512",351.1,"Simu1","NIT",50,"cliver",0.329159111187947
"3513",351.2,"Simu1","NIT",50,"cliver",0.317533125817758
"3514",351.3,"Simu1","NIT",50,"cliver",0.30605926174824
"3515",351.4,"Simu1","NIT",50,"cliver",0.294755683005445
"3516",351.5,"Simu1","NIT",50,"cliver",0.283638655301416
"3517",351.6,"Simu1","NIT",50,"cliver",0.272722589555485
"3518",351.7,"Simu1","NIT",50,"cliver",0.262020245159209
"3519",351.8,"Simu1","NIT",50,"cliver",0.251542867803766
"3520",351.9,"Simu1","NIT",50,"cliver",0.241300273854902
"3521",352,"Simu1","NIT",50,"cliver",0.231300971279338
"3522",352.1,"Simu1","NIT",50,"cliver",0.221552237158517
"3523",352.2,"Simu1","NIT",50,"cliver",0.212060201911555
"3524",352.3,"Simu1","NIT",50,"cliver",0.20282994855716
"3525",352.4,"Simu1","NIT",50,"cliver",0.193865593448269
"3526",352.5,"Simu1","NIT",50,"cliver",0.185170237427815
"3527",352.6,"Simu1","NIT",50,"cliver",0.176746077893356
"3528",352.7,"Simu1","NIT",50,"cliver",0.168594556823648
"3529",352.8,"Simu1","NIT",50,"cliver",0.160716278738856
"3530",352.9,"Simu1","NIT",50,"cliver",0.153111071992081
"3531",353,"Simu1","NIT",50,"cliver",0.145778017727849
"3532",353.1,"Simu1","NIT",50,"cliver",0.138715483097775
"3533",353.2,"Simu1","NIT",50,"cliver",0.131921134200946
"3534",353.3,"Simu1","NIT",50,"cliver",0.125392115528189
"3535",353.4,"Simu1","NIT",50,"cliver",0.119124934229407
"3536",353.5,"Simu1","NIT",50,"cliver",0.113115535528471
"3537",353.6,"Simu1","NIT",50,"cliver",0.107359255127183
"3538",353.7,"Simu1","NIT",50,"cliver",0.101850968486055
"3539",353.8,"Simu1","NIT",50,"cliver",0.0965851790969026
"3540",353.9,"Simu1","NIT",50,"cliver",0.0915560066922193
"3541",354,"Simu1","NIT",50,"cliver",0.0877982674497
"3542",354.1,"Simu1","NIT",50,"cliver",0.352993288888913
"3543",354.2,"Simu1","NIT",50,"cliver",0.477611675547834
"3544",354.3,"Simu1","NIT",50,"cliver",0.515775528116212
"3545",354.4,"Simu1","NIT",50,"cliver",0.531661174755483
"3546",354.5,"Simu1","NIT",50,"cliver",0.540042518450482
"3547",354.6,"Simu1","NIT",50,"cliver",0.54478999026071
"3548",354.7,"Simu1","NIT",50,"cliver",0.547056910988167
"3549",354.8,"Simu1","NIT",50,"cliver",0.547305428670058
"3550",354.9,"Simu1","NIT",50,"cliver",0.54580607681471
"3551",355,"Simu1","NIT",50,"cliver",0.54276675353202
"3552",355.1,"Simu1","NIT",50,"cliver",0.53836580480802
"3553",355.2,"Simu1","NIT",50,"cliver",0.532762321057731
"3554",355.3,"Simu1","NIT",50,"cliver",0.526099793827804
"3555",355.4,"Simu1","NIT",50,"cliver",0.5185080454073
"3556",355.5,"Simu1","NIT",50,"cliver",0.510104921802457
"3557",355.6,"Simu1","NIT",50,"cliver",0.500997360197205
"3558",355.7,"Simu1","NIT",50,"cliver",0.491282500480721
"3559",355.8,"Simu1","NIT",50,"cliver",0.481048705126375
"3560",355.9,"Simu1","NIT",50,"cliver",0.470376390421688
"3561",356,"Simu1","NIT",50,"cliver",0.45933872372359
"3562",356.1,"Simu1","NIT",50,"cliver",0.448002266411
"3563",356.2,"Simu1","NIT",50,"cliver",0.436427581837605
"3564",356.3,"Simu1","NIT",50,"cliver",0.42466977882134
"3565",356.4,"Simu1","NIT",50,"cliver",0.412778979400792
"3566",356.5,"Simu1","NIT",50,"cliver",0.400800734417946
"3567",356.6,"Simu1","NIT",50,"cliver",0.388776408582631
"3568",356.7,"Simu1","NIT",50,"cliver",0.376743535271394
"3569",356.8,"Simu1","NIT",50,"cliver",0.36473613552317
"3570",356.9,"Simu1","NIT",50,"cliver",0.352785004422353
"3571",357,"Simu1","NIT",50,"cliver",0.340917972698145
"3572",357.1,"Simu1","NIT",50,"cliver",0.329160147649363
"3573",357.2,"Simu1","NIT",50,"cliver",0.317534133613172
"3574",357.3,"Simu1","NIT",50,"cliver",0.306060232549062
"3575",357.4,"Simu1","NIT",50,"cliver",0.294756626970897
"3576",357.5,"Simu1","NIT",50,"cliver",0.283639547388222
"3577",357.6,"Simu1","NIT",50,"cliver",0.272723425336829
"3578",357.7,"Simu1","NIT",50,"cliver",0.262021032774045
"3579",357.8,"Simu1","NIT",50,"cliver",0.251543607999422
"3580",357.9,"Simu1","NIT",50,"cliver",0.241300970473131
"3581",358,"Simu1","NIT",50,"cliver",0.231301624224525
"3582",358.1,"Simu1","NIT",50,"cliver",0.221552850666167
"3583",358.2,"Simu1","NIT",50,"cliver",0.212060791429495
"3584",358.3,"Simu1","NIT",50,"cliver",0.20283052223871
"3585",358.4,"Simu1","NIT",50,"cliver",0.193866118553762
"3586",358.5,"Simu1","NIT",50,"cliver",0.185170713591473
"3587",358.6,"Simu1","NIT",50,"cliver",0.176746549405427
"3588",358.7,"Simu1","NIT",50,"cliver",0.168595022328437
"3589",358.8,"Simu1","NIT",50,"cliver",0.16071672354511
"3590",358.9,"Simu1","NIT",50,"cliver",0.153111476250255
"3591",359,"Simu1","NIT",50,"cliver",0.145778369533128
"3592",359.1,"Simu1","NIT",50,"cliver",0.138715791994638
"3593",359.2,"Simu1","NIT",50,"cliver",0.131921462436035
"3594",359.3,"Simu1","NIT",50,"cliver",0.125392466778378
"3595",359.4,"Simu1","NIT",50,"cliver",0.119125283165241
"3596",359.5,"Simu1","NIT",50,"cliver",0.113115843604038
"3597",359.6,"Simu1","NIT",50,"cliver",0.107359539579062
"3598",359.7,"Simu1","NIT",50,"cliver",0.101851250850863
"3599",359.8,"Simu1","NIT",50,"cliver",0.0965854464299685
"3600",359.9,"Simu1","NIT",50,"cliver",0.0915562334186769
"3601",360,"Simu1","NIT",50,"cliver",0.0877983630448014
"3602",360.1,"Simu1","NIT",50,"cliver",0.352993372011116
"3603",360.2,"Simu1","NIT",50,"cliver",0.477611768863324
"3604",360.3,"Simu1","NIT",50,"cliver",0.515775591701223
"3605",360.4,"Simu1","NIT",50,"cliver",0.531659932538662
"3606",360.5,"Simu1","NIT",50,"cliver",0.540043108532814
"3607",360.6,"Simu1","NIT",50,"cliver",0.54478999298311
"3608",360.7,"Simu1","NIT",50,"cliver",0.547056940874549
"3609",360.8,"Simu1","NIT",50,"cliver",0.547305493223935
"3610",360.9,"Simu1","NIT",50,"cliver",0.545806112335011
"3611",361,"Simu1","NIT",50,"cliver",0.542766779250472
"3612",361.1,"Simu1","NIT",50,"cliver",0.538365765671097
"3613",361.2,"Simu1","NIT",50,"cliver",0.53276232581193
"3614",361.3,"Simu1","NIT",50,"cliver",0.526099869402309
"3615",361.4,"Simu1","NIT",50,"cliver",0.518508204813841
"3616",361.5,"Simu1","NIT",50,"cliver",0.510105105663328
"3617",361.6,"Simu1","NIT",50,"cliver",0.500997491747169
"3618",361.7,"Simu1","NIT",50,"cliver",0.491282575195288
"3619",361.8,"Simu1","NIT",50,"cliver",0.481048786249561
"3620",361.9,"Simu1","NIT",50,"cliver",0.47037649741445
"3621",362,"Simu1","NIT",50,"cliver",0.459338830901202
"3622",362.1,"Simu1","NIT",50,"cliver",0.448002350425545
"3623",362.2,"Simu1","NIT",50,"cliver",0.436427644042372
"3624",362.3,"Simu1","NIT",50,"cliver",0.424669832824332
"3625",362.4,"Simu1","NIT",50,"cliver",0.412779030563445
"3626",362.5,"Simu1","NIT",50,"cliver",0.400800781291918
"3627",362.6,"Simu1","NIT",50,"cliver",0.388776453538319
"3628",362.7,"Simu1","NIT",50,"cliver",0.376743574416364
"3629",362.8,"Simu1","NIT",50,"cliver",0.36473616587923
"3630",362.9,"Simu1","NIT",50,"cliver",0.352785034396228
"3631",363,"Simu1","NIT",50,"cliver",0.340918006697066
"3632",363.1,"Simu1","NIT",50,"cliver",0.329160162524654
"3633",363.2,"Simu1","NIT",50,"cliver",0.317534149893021
"3634",363.3,"Simu1","NIT",50,"cliver",0.306060252458499
"3635",363.4,"Simu1","NIT",50,"cliver",0.294756642069081
"3636",363.5,"Simu1","NIT",50,"cliver",0.283639584401018
"3637",363.6,"Simu1","NIT",50,"cliver",0.272723479019968
"3638",363.7,"Simu1","NIT",50,"cliver",0.262021106864435
"3639",363.8,"Simu1","NIT",50,"cliver",0.251543696142305
"3640",363.9,"Simu1","NIT",50,"cliver",0.241301077370599
"3641",364,"Simu1","NIT",50,"cliver",0.231301737997836
"3642",364.1,"Simu1","NIT",50,"cliver",0.221552981642577
"3643",364.2,"Simu1","NIT",50,"cliver",0.21206093804979
"3644",364.3,"Simu1","NIT",50,"cliver",0.202830661619984
"3645",364.4,"Simu1","NIT",50,"cliver",0.19386625740208
"3646",364.5,"Simu1","NIT",50,"cliver",0.185170868393389
"3647",364.6,"Simu1","NIT",50,"cliver",0.176746712470861
"3648",364.7,"Simu1","NIT",50,"cliver",0.168595194925998
"3649",364.8,"Simu1","NIT",50,"cliver",0.160716904273226
"3650",364.9,"Simu1","NIT",50,"cliver",0.15311164485118
"3651",365,"Simu1","NIT",50,"cliver",0.145778518317483
"3652",365.1,"Simu1","NIT",50,"cliver",0.138715921836925
"3653",365.2,"Simu1","NIT",50,"cliver",0.131921588036535
"3654",365.3,"Simu1","NIT",50,"cliver",0.125392562675954
"3655",365.4,"Simu1","NIT",50,"cliver",0.119125366498362
"3656",365.5,"Simu1","NIT",50,"cliver",0.113115943607426
"3657",365.6,"Simu1","NIT",50,"cliver",0.107359633858694
"3658",365.7,"Simu1","NIT",50,"cliver",0.101851330414093
"3659",365.8,"Simu1","NIT",50,"cliver",0.0965855210884512
"3660",365.9,"Simu1","NIT",50,"cliver",0.0915563163297766
"3661",366,"Simu1","NIT",50,"cliver",0.0877984459864556
"3662",366.1,"Simu1","NIT",50,"cliver",0.352992731057754
"3663",366.2,"Simu1","NIT",50,"cliver",0.477610182337108
"3664",366.3,"Simu1","NIT",50,"cliver",0.515774086093634
"3665",366.4,"Simu1","NIT",50,"cliver",0.531657777188727
"3666",366.5,"Simu1","NIT",50,"cliver",0.540040344071035
"3667",366.6,"Simu1","NIT",50,"cliver",0.544786996272347
"3668",366.7,"Simu1","NIT",50,"cliver",0.547053919909634
"3669",366.8,"Simu1","NIT",50,"cliver",0.547302325388342
"3670",366.9,"Simu1","NIT",50,"cliver",0.54580292937255
"3671",367,"Simu1","NIT",50,"cliver",0.54276350592436
"3672",367.1,"Simu1","NIT",50,"cliver",0.538362580560625
"3673",367.2,"Simu1","NIT",50,"cliver",0.53275910738137
"3674",367.3,"Simu1","NIT",50,"cliver",0.526096596802989
"3675",367.4,"Simu1","NIT",50,"cliver",0.51850486631709
"3676",367.5,"Simu1","NIT",50,"cliver",0.510101736578578
"3677",367.6,"Simu1","NIT",50,"cliver",0.500994186901771
"3678",367.7,"Simu1","NIT",50,"cliver",0.491279370049352
"3679",367.8,"Simu1","NIT",50,"cliver",0.481045621561232
"3680",367.9,"Simu1","NIT",50,"cliver",0.470373345828989
"3681",368,"Simu1","NIT",50,"cliver",0.459335715635553
"3682",368.1,"Simu1","NIT",50,"cliver",0.447999303747988
"3683",368.2,"Simu1","NIT",50,"cliver",0.436424673440057
"3684",368.3,"Simu1","NIT",50,"cliver",0.424666926052591
"3685",368.4,"Simu1","NIT",50,"cliver",0.412776181126903
"3686",368.5,"Simu1","NIT",50,"cliver",0.400797992477243
"3687",368.6,"Simu1","NIT",50,"cliver",0.388773726525149
"3688",368.7,"Simu1","NIT",50,"cliver",0.376740915191165
"3689",368.8,"Simu1","NIT",50,"cliver",0.364733577864325
"3690",368.9,"Simu1","NIT",50,"cliver",0.352782509589467
"3691",369,"Simu1","NIT",50,"cliver",0.340915541656929
"3692",369.1,"Simu1","NIT",50,"cliver",0.329157781289679
"3693",369.2,"Simu1","NIT",50,"cliver",0.317531832281598
"3694",369.3,"Simu1","NIT",50,"cliver",0.306057996274594
"3695",369.4,"Simu1","NIT",50,"cliver",0.294754455781727
"3696",369.5,"Simu1","NIT",50,"cliver",0.283637441292136
"3697",369.6,"Simu1","NIT",50,"cliver",0.272721384168117
"3698",369.7,"Simu1","NIT",50,"cliver",0.26201905608565
"3699",369.8,"Simu1","NIT",50,"cliver",0.251541695534496
"3700",369.9,"Simu1","NIT",50,"cliver",0.241299121785486
"3701",370,"Simu1","NIT",50,"cliver",0.231299838733638
"3702",370.1,"Simu1","NIT",50,"cliver",0.221551127652793
"3703",370.2,"Simu1","NIT",50,"cliver",0.212059130164498
"3704",370.3,"Simu1","NIT",50,"cliver",0.202828921975939
"3705",370.4,"Simu1","NIT",50,"cliver",0.19386457845838
"3706",370.5,"Simu1","NIT",50,"cliver",0.185169232708574
"3707",370.6,"Simu1","NIT",50,"cliver",0.176745126773158
"3708",370.7,"Simu1","NIT",50,"cliver",0.168593656913027
"3709",370.8,"Simu1","NIT",50,"cliver",0.160715414321234
"3710",370.9,"Simu1","NIT",50,"cliver",0.153110221984254
"3711",371,"Simu1","NIT",50,"cliver",0.145777169211034
"3712",371.1,"Simu1","NIT",50,"cliver",0.138714644021828
"3713",371.2,"Simu1","NIT",50,"cliver",0.13192036633026
"3714",371.3,"Simu1","NIT",50,"cliver",0.125391419386088
"3715",371.4,"Simu1","NIT",50,"cliver",0.119124287507211
"3716",371.5,"Simu1","NIT",50,"cliver",0.113114885171751
"3717",371.6,"Simu1","NIT",50,"cliver",0.107358630243768
"3718",371.7,"Simu1","NIT",50,"cliver",0.101850410570696
"3719",371.8,"Simu1","NIT",50,"cliver",0.0965846508058493
"3720",371.9,"Simu1","NIT",50,"cliver",0.0915554676022546
"3721",372,"Simu1","NIT",50,"cliver",0.0877976335645361
"3722",372.1,"Simu1","NIT",50,"cliver",0.35299245691667
"3723",372.2,"Simu1","NIT",50,"cliver",0.477609612298962
"3724",372.3,"Simu1","NIT",50,"cliver",0.515772946697711
"3725",372.4,"Simu1","NIT",50,"cliver",0.531657534905108
"3726",372.5,"Simu1","NIT",50,"cliver",0.540040113878403
"3727",372.6,"Simu1","NIT",50,"cliver",0.544786523691564
"3728",372.7,"Simu1","NIT",50,"cliver",0.54705396739614
"3729",372.8,"Simu1","NIT",50,"cliver",0.547302753710862
"3730",372.9,"Simu1","NIT",50,"cliver",0.545803503863644
"3731",373,"Simu1","NIT",50,"cliver",0.542764137074921
"3732",373.1,"Simu1","NIT",50,"cliver",0.538363223034933
"3733",373.2,"Simu1","NIT",50,"cliver",0.532759811254876
"3734",373.3,"Simu1","NIT",50,"cliver",0.526097342075713
"3735",373.4,"Simu1","NIT",50,"cliver",0.518505646015139
"3736",373.5,"Simu1","NIT",50,"cliver",0.510102512029127
"3737",373.6,"Simu1","NIT",50,"cliver",0.500994962957318
"3738",373.7,"Simu1","NIT",50,"cliver",0.491280159878363
"3739",373.8,"Simu1","NIT",50,"cliver",0.481046427741622
"3740",373.9,"Simu1","NIT",50,"cliver",0.470374159515926
"3741",374,"Simu1","NIT",50,"cliver",0.459336525354769
"3742",374.1,"Simu1","NIT",50,"cliver",0.448000105685443
"3743",374.2,"Simu1","NIT",50,"cliver",0.436425470540543
"3744",374.3,"Simu1","NIT",50,"cliver",0.424667719053279
"3745",374.4,"Simu1","NIT",50,"cliver",0.412776966789011
"3746",374.5,"Simu1","NIT",50,"cliver",0.400798767749541
"3747",374.6,"Simu1","NIT",50,"cliver",0.388774490314378
"3748",374.7,"Simu1","NIT",50,"cliver",0.376741667331233
"3749",374.8,"Simu1","NIT",50,"cliver",0.364734317965235
"3750",374.9,"Simu1","NIT",50,"cliver",0.352783236629953
"3751",375,"Simu1","NIT",50,"cliver",0.340916254420998
"3752",375.1,"Simu1","NIT",50,"cliver",0.3291584790632
"3753",375.2,"Simu1","NIT",50,"cliver",0.317532514854616
"3754",375.3,"Simu1","NIT",50,"cliver",0.306058663381859
"3755",375.4,"Simu1","NIT",50,"cliver",0.294755106894399
"3756",375.5,"Simu1","NIT",50,"cliver",0.283638075923313
"3757",375.6,"Simu1","NIT",50,"cliver",0.272722002093078
"3758",375.7,"Simu1","NIT",50,"cliver",0.262019657165547
"3759",375.8,"Simu1","NIT",50,"cliver",0.251542279604723
"3760",375.9,"Simu1","NIT",50,"cliver",0.241299688774601
"3761",376,"Simu1","NIT",50,"cliver",0.231300388575804
"3762",376.1,"Simu1","NIT",50,"cliver",0.221551660301417
"3763",376.2,"Simu1","NIT",50,"cliver",0.212059645604427
"3764",376.3,"Simu1","NIT",50,"cliver",0.202829420257622
"3765",376.4,"Simu1","NIT",50,"cliver",0.193865059680294
"3766",376.5,"Simu1","NIT",50,"cliver",0.185169696971034
"3767",376.6,"Simu1","NIT",50,"cliver",0.176745574196029
"3768",376.7,"Simu1","NIT",50,"cliver",0.16859408766213
"3769",376.8,"Simu1","NIT",50,"cliver",0.160715828611734
"3770",376.9,"Simu1","NIT",50,"cliver",0.153110620018503
"3771",377,"Simu1","NIT",50,"cliver",0.145777551265247
"3772",377.1,"Simu1","NIT",50,"cliver",0.138715010275742
"3773",377.2,"Simu1","NIT",50,"cliver",0.131920717308207
"3774",377.3,"Simu1","NIT",50,"cliver",0.125391754840783
"3775",377.4,"Simu1","NIT",50,"cliver",0.119124609277174
"3776",377.5,"Simu1","NIT",50,"cliver",0.113115189480591
"3777",377.6,"Simu1","NIT",50,"cliver",0.107358915209461
"3778",377.7,"Simu1","NIT",50,"cliver",0.101850696676028
"3779",377.8,"Simu1","NIT",50,"cliver",0.0965849432987678
"3780",377.9,"Simu1","NIT",50,"cliver",0.0915557283132351
"3781",378,"Simu1","NIT",50,"cliver",0.0877978754953573
"3782",378.1,"Simu1","NIT",50,"cliver",0.352992182609311
"3783",378.2,"Simu1","NIT",50,"cliver",0.477609426951197
"3784",378.3,"Simu1","NIT",50,"cliver",0.515772290316618
"3785",378.4,"Simu1","NIT",50,"cliver",0.5316566661194
"3786",378.5,"Simu1","NIT",50,"cliver",0.540038322259414
"3787",378.6,"Simu1","NIT",50,"cliver",0.544786027832162
"3788",378.7,"Simu1","NIT",50,"cliver",0.54705334221022
"3789",378.8,"Simu1","NIT",50,"cliver",0.547301797358492
"3790",378.9,"Simu1","NIT",50,"cliver",0.545802460061961
"3791",379,"Simu1","NIT",50,"cliver",0.542763089149445
"3792",379.1,"Simu1","NIT",50,"cliver",0.538362089154536
"3793",379.2,"Simu1","NIT",50,"cliver",0.532758682018788
"3794",379.3,"Simu1","NIT",50,"cliver",0.526096237972486
"3795",379.4,"Simu1","NIT",50,"cliver",0.518504585356106
"3796",379.5,"Simu1","NIT",50,"cliver",0.51010150839301
"3797",379.6,"Simu1","NIT",50,"cliver",0.5009939230677
"3798",379.7,"Simu1","NIT",50,"cliver",0.491279072416547
"3799",379.8,"Simu1","NIT",50,"cliver",0.481045349183172
"3800",379.9,"Simu1","NIT",50,"cliver",0.47037311439318
"3801",380,"Simu1","NIT",50,"cliver",0.459335497105353
"3802",380.1,"Simu1","NIT",50,"cliver",0.447999077138264
"3803",380.2,"Simu1","NIT",50,"cliver",0.436424443363364
"3804",380.3,"Simu1","NIT",50,"cliver",0.424666707516353
"3805",380.4,"Simu1","NIT",50,"cliver",0.412775977470018
"3806",380.5,"Simu1","NIT",50,"cliver",0.400797796112845
"3807",380.6,"Simu1","NIT",50,"cliver",0.388773533007688
"3808",380.7,"Simu1","NIT",50,"cliver",0.376740727222501
"3809",380.8,"Simu1","NIT",50,"cliver",0.364733398670116
"3810",380.9,"Simu1","NIT",50,"cliver",0.352782338737013
"3811",381,"Simu1","NIT",50,"cliver",0.340915377189197
"3812",381.1,"Simu1","NIT",50,"cliver",0.329157622593559
"3813",381.2,"Simu1","NIT",50,"cliver",0.317531679985534
"3814",381.3,"Simu1","NIT",50,"cliver",0.306057850741458
"3815",381.4,"Simu1","NIT",50,"cliver",0.294754316631108
"3816",381.5,"Simu1","NIT",50,"cliver",0.28363730800851
"3817",381.6,"Simu1","NIT",50,"cliver",0.272721256563561
"3818",381.7,"Simu1","NIT",50,"cliver",0.262018934105988
"3819",381.8,"Simu1","NIT",50,"cliver",0.251541578898121
"3820",381.9,"Simu1","NIT",50,"cliver",0.241299010372141
"3821",382,"Simu1","NIT",50,"cliver",0.231299732607963
"3822",382.1,"Simu1","NIT",50,"cliver",0.221551026664286
"3823",382.2,"Simu1","NIT",50,"cliver",0.212059034013137
"3824",382.3,"Simu1","NIT",50,"cliver",0.202828830400768
"3825",382.4,"Simu1","NIT",50,"cliver",0.193864491367062
"3826",382.5,"Simu1","NIT",50,"cliver",0.185169150013387
"3827",382.6,"Simu1","NIT",50,"cliver",0.176745048264537
"3828",382.7,"Simu1","NIT",50,"cliver",0.168593582380894
"3829",382.8,"Simu1","NIT",50,"cliver",0.160715343637974
"3830",382.9,"Simu1","NIT",50,"cliver",0.153110155049159
"3831",383,"Simu1","NIT",50,"cliver",0.145777105847878
"3832",383.1,"Simu1","NIT",50,"cliver",0.138714584099008
"3833",383.2,"Simu1","NIT",50,"cliver",0.131920309629986
"3834",383.3,"Simu1","NIT",50,"cliver",0.125391365969472
"3835",383.4,"Simu1","NIT",50,"cliver",0.119124236815916
"3836",383.5,"Simu1","NIT",50,"cliver",0.113114838086638
"3837",383.6,"Simu1","NIT",50,"cliver",0.107358566906682
"3838",383.7,"Simu1","NIT",50,"cliver",0.101850296549275
"3839",383.8,"Simu1","NIT",50,"cliver",0.0965845282433119
"3840",383.9,"Simu1","NIT",50,"cliver",0.0915554058288831
"3841",384,"Simu1","NIT",50,"cliver",0.0877975807284292
"3842",384.1,"Simu1","NIT",50,"cliver",0.3529916452511
"3843",384.2,"Simu1","NIT",50,"cliver",0.477608001274748
"3844",384.3,"Simu1","NIT",50,"cliver",0.51577043592111
"3845",384.4,"Simu1","NIT",50,"cliver",0.531654468382649
"3846",384.5,"Simu1","NIT",50,"cliver",0.540037009562717
"3847",384.6,"Simu1","NIT",50,"cliver",0.5447838800283
"3848",384.7,"Simu1","NIT",50,"cliver",0.547050910388665
"3849",384.8,"Simu1","NIT",50,"cliver",0.547299518106685
"3850",384.9,"Simu1","NIT",50,"cliver",0.545800260875348
"3851",385,"Simu1","NIT",50,"cliver",0.542760950802179
"3852",385.1,"Simu1","NIT",50,"cliver",0.538360038990754
"3853",385.2,"Simu1","NIT",50,"cliver",0.532756633667711
"3854",385.3,"Simu1","NIT",50,"cliver",0.526094178269508
"3855",385.4,"Simu1","NIT",50,"cliver",0.51850253616984
"3856",385.5,"Simu1","NIT",50,"cliver",0.510099442263653
"3857",385.6,"Simu1","NIT",50,"cliver",0.500991900295232
"3858",385.7,"Simu1","NIT",50,"cliver",0.491277117344497
"3859",385.8,"Simu1","NIT",50,"cliver",0.481043431780528
"3860",385.9,"Simu1","NIT",50,"cliver",0.470371214334049
"3861",386,"Simu1","NIT",50,"cliver",0.459333625616426
"3862",386.1,"Simu1","NIT",50,"cliver",0.447997249583122
"3863",386.2,"Simu1","NIT",50,"cliver",0.436422663173627
"3864",386.3,"Simu1","NIT",50,"cliver",0.424664967427649
"3865",386.4,"Simu1","NIT",50,"cliver",0.412774273202226
"3866",386.5,"Simu1","NIT",50,"cliver",0.400796130982898
"3867",386.6,"Simu1","NIT",50,"cliver",0.388771910978573
"3868",386.7,"Simu1","NIT",50,"cliver",0.376739148205938
"3869",386.8,"Simu1","NIT",50,"cliver",0.364731860837872
"3870",386.9,"Simu1","NIT",50,"cliver",0.352780841630724
"3871",387,"Simu1","NIT",50,"cliver",0.340913921616186
"3872",387.1,"Simu1","NIT",50,"cliver",0.329156209068533
"3873",387.2,"Simu1","NIT",50,"cliver",0.317530308191157
"3874",387.3,"Simu1","NIT",50,"cliver",0.306056520106749
"3875",387.4,"Simu1","NIT",50,"cliver",0.294753026848407
"3876",387.5,"Simu1","NIT",50,"cliver",0.283636058950298
"3877",387.6,"Simu1","NIT",50,"cliver",0.2727200479813
"3878",387.7,"Simu1","NIT",50,"cliver",0.262017765557664
"3879",387.8,"Simu1","NIT",50,"cliver",0.251540449925629
"3880",387.9,"Simu1","NIT",50,"cliver",0.241297920633497
"3881",388,"Simu1","NIT",50,"cliver",0.231298681404315
"3882",388.1,"Simu1","NIT",50,"cliver",0.221550013411761
"3883",388.2,"Simu1","NIT",50,"cliver",0.212058058191436
"3884",388.3,"Simu1","NIT",50,"cliver",0.202827891518464
"3885",388.4,"Simu1","NIT",50,"cliver",0.193863588793547
"3886",388.5,"Simu1","NIT",50,"cliver",0.185168283040625
"3887",388.6,"Simu1","NIT",50,"cliver",0.176744216212543
"3888",388.7,"Simu1","NIT",50,"cliver",0.168592784626724
"3889",388.8,"Simu1","NIT",50,"cliver",0.160714579435781
"3890",388.9,"Simu1","NIT",50,"cliver",0.153109423669326
"3891",389,"Simu1","NIT",50,"cliver",0.145776406428668
"3892",389.1,"Simu1","NIT",50,"cliver",0.138713916034439
"3893",389.2,"Simu1","NIT",50,"cliver",0.131919671787377
"3894",389.3,"Simu1","NIT",50,"cliver",0.12539075817545
"3895",389.4,"Simu1","NIT",50,"cliver",0.119123656760351
"3896",389.5,"Simu1","NIT",50,"cliver",0.113114288164198
"3897",389.6,"Simu1","NIT",50,"cliver",0.10735802601976
"3898",389.7,"Simu1","NIT",50,"cliver",0.101849779551511
"3899",389.8,"Simu1","NIT",50,"cliver",0.0965840164794117
"3900",389.9,"Simu1","NIT",50,"cliver",0.0915549043319054
"3901",390,"Simu1","NIT",50,"cliver",0.0877971261680174
"3902",390.1,"Simu1","NIT",50,"cliver",0.352992043631733
"3903",390.2,"Simu1","NIT",50,"cliver",0.477609130328318
"3904",390.3,"Simu1","NIT",50,"cliver",0.51577267780547
"3905",390.4,"Simu1","NIT",50,"cliver",0.531657334987674
"3906",390.5,"Simu1","NIT",50,"cliver",0.540040417484296
"3907",390.6,"Simu1","NIT",50,"cliver",0.544787231941095
"3908",390.7,"Simu1","NIT",50,"cliver",0.547054233335798
"3909",390.8,"Simu1","NIT",50,"cliver",0.5473026817181
"3910",390.9,"Simu1","NIT",50,"cliver",0.545803377655369
"3911",391,"Simu1","NIT",50,"cliver",0.542763967240047
"3912",391.1,"Simu1","NIT",50,"cliver",0.538363099566039
"3913",391.2,"Simu1","NIT",50,"cliver",0.532759663789409
"3914",391.3,"Simu1","NIT",50,"cliver",0.526097187667727
"3915",391.4,"Simu1","NIT",50,"cliver",0.518505492986686
"3916",391.5,"Simu1","NIT",50,"cliver",0.510102372920847
"3917",391.6,"Simu1","NIT",50,"cliver",0.500994832392568
"3918",391.7,"Simu1","NIT",50,"cliver",0.491280030174109
"3919",391.8,"Simu1","NIT",50,"cliver",0.481046299641089
"3920",391.9,"Simu1","NIT",50,"cliver",0.470374033992245
"3921",392,"Simu1","NIT",50,"cliver",0.459336405459408
"3922",392.1,"Simu1","NIT",50,"cliver",0.447999993208509
"3923",392.2,"Simu1","NIT",50,"cliver",0.436425364124026
"3924",392.3,"Simu1","NIT",50,"cliver",0.424667617347641
"3925",392.4,"Simu1","NIT",50,"cliver",0.412776869659455
"3926",392.5,"Simu1","NIT",50,"cliver",0.40079867546768
"3927",392.6,"Simu1","NIT",50,"cliver",0.38877440316104
"3928",392.7,"Simu1","NIT",50,"cliver",0.376741585112838
"3929",392.8,"Simu1","NIT",50,"cliver",0.364734239935598
"3930",392.9,"Simu1","NIT",50,"cliver",0.352783162336402
"3931",393,"Simu1","NIT",50,"cliver",0.340916184050717
"3932",393.1,"Simu1","NIT",50,"cliver",0.329158412744045
"3933",393.2,"Simu1","NIT",50,"cliver",0.317532452227102
"3934",393.3,"Simu1","NIT",50,"cliver",0.306058604021968
"3935",393.4,"Simu1","NIT",50,"cliver",0.294755050696884
"3936",393.5,"Simu1","NIT",50,"cliver",0.283638022910014
"3937",393.6,"Simu1","NIT",50,"cliver",0.272721952127612
"3938",393.7,"Simu1","NIT",50,"cliver",0.262019610019896
"3939",393.8,"Simu1","NIT",50,"cliver",0.251542235133242
"3940",393.9,"Simu1","NIT",50,"cliver",0.241299646851753
"3941",394,"Simu1","NIT",50,"cliver",0.231300349092643
"3942",394.1,"Simu1","NIT",50,"cliver",0.221551623137845
"3943",394.2,"Simu1","NIT",50,"cliver",0.212059610650505
"3944",394.3,"Simu1","NIT",50,"cliver",0.202829387408106
"3945",394.4,"Simu1","NIT",50,"cliver",0.193865028829361
"3946",394.5,"Simu1","NIT",50,"cliver",0.18516966802196
"3947",394.6,"Simu1","NIT",50,"cliver",0.176745547061487
"3948",394.7,"Simu1","NIT",50,"cliver",0.168594062250463
"3949",394.8,"Simu1","NIT",50,"cliver",0.160715804832039
"3950",394.9,"Simu1","NIT",50,"cliver",0.15311059778919
"3951",395,"Simu1","NIT",50,"cliver",0.145777530505635
"3952",395.1,"Simu1","NIT",50,"cliver",0.13871499092137
"3953",395.2,"Simu1","NIT",50,"cliver",0.131920699241775
"3954",395.3,"Simu1","NIT",50,"cliver",0.125391738105322
"3955",395.4,"Simu1","NIT",50,"cliver",0.119124593460875
"3956",395.5,"Simu1","NIT",50,"cliver",0.11311517553745
"3957",395.6,"Simu1","NIT",50,"cliver",0.107358905309783
"3958",395.7,"Simu1","NIT",50,"cliver",0.101850681332925
"3959",395.8,"Simu1","NIT",50,"cliver",0.0965849177012542
"3960",395.9,"Simu1","NIT",50,"cliver",0.0915557121136244
"3961",396,"Simu1","NIT",50,"cliver",0.0877978720472957
"3962",396.1,"Simu1","NIT",50,"cliver",0.3529924037204
"3963",396.2,"Simu1","NIT",50,"cliver",0.477610353830289
"3964",396.3,"Simu1","NIT",50,"cliver",0.515773897587132
"3965",396.4,"Simu1","NIT",50,"cliver",0.531658251625607
"3966",396.5,"Simu1","NIT",50,"cliver",0.540041475317315
"3967",396.6,"Simu1","NIT",50,"cliver",0.544788288901218
"3968",396.7,"Simu1","NIT",50,"cliver",0.54705528550511
"3969",396.8,"Simu1","NIT",50,"cliver",0.54730369227134
"3970",396.9,"Simu1","NIT",50,"cliver",0.545804399553832
"3971",397,"Simu1","NIT",50,"cliver",0.542764967341477
"3972",397.1,"Simu1","NIT",50,"cliver",0.538364071578543
"3973",397.2,"Simu1","NIT",50,"cliver",0.532760627898138
"3974",397.3,"Simu1","NIT",50,"cliver",0.526098137489755
"3975",397.4,"Simu1","NIT",50,"cliver",0.518506432430668
"3976",397.5,"Simu1","NIT",50,"cliver",0.51010328961608
"3977",397.6,"Simu1","NIT",50,"cliver",0.500995722533347
"3978",397.7,"Simu1","NIT",50,"cliver",0.491280899039325
"3979",397.8,"Simu1","NIT",50,"cliver",0.481047152292161
"3980",397.9,"Simu1","NIT",50,"cliver",0.470374867807489
"3981",398,"Simu1","NIT",50,"cliver",0.459337216519633
"3982",398.1,"Simu1","NIT",50,"cliver",0.448000780927968
"3983",398.2,"Simu1","NIT",50,"cliver",0.436426130575778
"3984",398.3,"Simu1","NIT",50,"cliver",0.424668363775148
"3985",398.4,"Simu1","NIT",50,"cliver",0.412777595350698
"3986",398.5,"Simu1","NIT",50,"cliver",0.400799379591009
"3987",398.6,"Simu1","NIT",50,"cliver",0.388775086041991
"3988",398.7,"Simu1","NIT",50,"cliver",0.376742247539109
"3989",398.8,"Simu1","NIT",50,"cliver",0.364734882228016
"3990",398.9,"Simu1","NIT",50,"cliver",0.352783784446535
"3991",399,"Simu1","NIT",50,"cliver",0.340916786087458
"3992",399.1,"Simu1","NIT",50,"cliver",0.329158995083863
"3993",399.2,"Simu1","NIT",50,"cliver",0.317533015266266
"3994",399.3,"Simu1","NIT",50,"cliver",0.306059148037419
"3995",399.4,"Simu1","NIT",50,"cliver",0.294755575932033
"3996",399.5,"Simu1","NIT",50,"cliver",0.283638529672028
"3997",399.6,"Simu1","NIT",50,"cliver",0.27272244076985
"3998",399.7,"Simu1","NIT",50,"cliver",0.262020080874961
"3999",399.8,"Simu1","NIT",50,"cliver",0.251542688512145
"4000",399.9,"Simu1","NIT",50,"cliver",0.241300083120555
"4001",400,"Simu1","NIT",50,"cliver",0.231300768608224
"4002",400.1,"Simu1","NIT",50,"cliver",0.22155202623886
"4003",400.2,"Simu1","NIT",50,"cliver",0.212059997671568
"4004",400.3,"Simu1","NIT",50,"cliver",0.202829758705091
"4005",400.4,"Simu1","NIT",50,"cliver",0.193865384771361
"4006",400.5,"Simu1","NIT",50,"cliver",0.185170008969113
"4007",400.6,"Simu1","NIT",50,"cliver",0.176745873367501
"4008",400.7,"Simu1","NIT",50,"cliver",0.168594374281848
"4009",400.8,"Simu1","NIT",50,"cliver",0.160716102965092
"4010",400.9,"Simu1","NIT",50,"cliver",0.153110882398595
"4011",401,"Simu1","NIT",50,"cliver",0.145777801968865
"4012",401.1,"Simu1","NIT",50,"cliver",0.138715249610243
"4013",401.2,"Simu1","NIT",50,"cliver",0.131920945572882
"4014",401.3,"Simu1","NIT",50,"cliver",0.125391972386244
"4015",401.4,"Simu1","NIT",50,"cliver",0.119124816328505
"4016",401.5,"Simu1","NIT",50,"cliver",0.113115386656919
"4017",401.6,"Simu1","NIT",50,"cliver",0.107359103226928
"4018",401.7,"Simu1","NIT",50,"cliver",0.101850872685784
"4019",401.8,"Simu1","NIT",50,"cliver",0.0965851066091835
"4020",401.9,"Simu1","NIT",50,"cliver",0.0915558858963276
"4021",402,"Simu1","NIT",50,"cliver",0.0877980369662332
"4022",402.1,"Simu1","NIT",50,"cliver",0.352992172701069
"4023",402.2,"Simu1","NIT",50,"cliver",0.477607965577498
"4024",402.3,"Simu1","NIT",50,"cliver",0.51577080110801
"4025",402.4,"Simu1","NIT",50,"cliver",0.53165587696698
"4026",402.5,"Simu1","NIT",50,"cliver",0.540038364681837
"4027",402.6,"Simu1","NIT",50,"cliver",0.544784578997469
"4028",402.7,"Simu1","NIT",50,"cliver",0.547051285934432
"4029",402.8,"Simu1","NIT",50,"cliver",0.547299912105821
"4030",402.9,"Simu1","NIT",50,"cliver",0.545799881836229
"4031",403,"Simu1","NIT",50,"cliver",0.542761230989974
"4032",403.1,"Simu1","NIT",50,"cliver",0.538360300707241
"4033",403.2,"Simu1","NIT",50,"cliver",0.53275699783355
"4034",403.3,"Simu1","NIT",50,"cliver",0.526094671708332
"4035",403.4,"Simu1","NIT",50,"cliver",0.518502957827447
"4036",403.5,"Simu1","NIT",50,"cliver",0.510099884078206
"4037",403.6,"Simu1","NIT",50,"cliver",0.500992401340931
"4038",403.7,"Simu1","NIT",50,"cliver",0.491277594018353
"4039",403.8,"Simu1","NIT",50,"cliver",0.481043837381605
"4040",403.9,"Simu1","NIT",50,"cliver",0.470371588458936
"4041",404,"Simu1","NIT",50,"cliver",0.45933401440545
"4042",404.1,"Simu1","NIT",50,"cliver",0.447997639301541
"4043",404.2,"Simu1","NIT",50,"cliver",0.436423023667905
"4044",404.3,"Simu1","NIT",50,"cliver",0.424665296816069
"4045",404.4,"Simu1","NIT",50,"cliver",0.412774593350869
"4046",404.5,"Simu1","NIT",50,"cliver",0.400796451894129
"4047",404.6,"Simu1","NIT",50,"cliver",0.388772222664347
"4048",404.7,"Simu1","NIT",50,"cliver",0.37673944232488
"4049",404.8,"Simu1","NIT",50,"cliver",0.364732141457036
"4050",404.9,"Simu1","NIT",50,"cliver",0.35278111501791
"4051",405,"Simu1","NIT",50,"cliver",0.340914187530723
"4052",405.1,"Simu1","NIT",50,"cliver",0.32915646433166
"4053",405.2,"Simu1","NIT",50,"cliver",0.317530552415115
"4054",405.3,"Simu1","NIT",50,"cliver",0.30605675523842
"4055",405.4,"Simu1","NIT",50,"cliver",0.294753253931632
"4056",405.5,"Simu1","NIT",50,"cliver",0.283636277523864
"4057",405.6,"Simu1","NIT",50,"cliver",0.272720257661611
"4058",405.7,"Simu1","NIT",50,"cliver",0.262017966776008
"4059",405.8,"Simu1","NIT",50,"cliver",0.251540643219738
"4060",405.9,"Simu1","NIT",50,"cliver",0.241298106026711
"4061",406,"Simu1","NIT",50,"cliver",0.231298859002849
"4062",406.1,"Simu1","NIT",50,"cliver",0.221550183672507
"4063",406.2,"Simu1","NIT",50,"cliver",0.212058221442125
"4064",406.3,"Simu1","NIT",50,"cliver",0.202828047826544
"4065",406.4,"Simu1","NIT",50,"cliver",0.193863738192453
"4066",406.5,"Simu1","NIT",50,"cliver",0.185168425771499
"4067",406.6,"Simu1","NIT",50,"cliver",0.176744352570199
"4068",406.7,"Simu1","NIT",50,"cliver",0.168592914764841
"4069",406.8,"Simu1","NIT",50,"cliver",0.16071470346753
"4070",406.9,"Simu1","NIT",50,"cliver",0.153109541784853
"4071",407,"Simu1","NIT",50,"cliver",0.145776518870998
"4072",407.1,"Simu1","NIT",50,"cliver",0.138714022962308
"4073",407.2,"Simu1","NIT",50,"cliver",0.131919773408011
"4074",407.3,"Simu1","NIT",50,"cliver",0.125390854561245
"4075",407.4,"Simu1","NIT",50,"cliver",0.119123748350703
"4076",407.5,"Simu1","NIT",50,"cliver",0.113114374611759
"4077",407.6,"Simu1","NIT",50,"cliver",0.107358121311968
"4078",407.7,"Simu1","NIT",50,"cliver",0.101849919596987
"4079",407.8,"Simu1","NIT",50,"cliver",0.0965842363776455
"4080",407.9,"Simu1","NIT",50,"cliver",0.0915551269008442
"4081",408,"Simu1","NIT",50,"cliver",0.087797444398175
"4082",408.1,"Simu1","NIT",50,"cliver",0.352992144242344
"4083",408.2,"Simu1","NIT",50,"cliver",0.477608961049662
"4084",408.3,"Simu1","NIT",50,"cliver",0.515771836568303
"4085",408.4,"Simu1","NIT",50,"cliver",0.531656847671146
"4086",408.5,"Simu1","NIT",50,"cliver",0.540038422792413
"4087",408.6,"Simu1","NIT",50,"cliver",0.544784695197574
"4088",408.7,"Simu1","NIT",50,"cliver",0.547051535376446
"4089",408.8,"Simu1","NIT",50,"cliver",0.547300129159461
"4090",408.9,"Simu1","NIT",50,"cliver",0.545801070618426
"4091",409,"Simu1","NIT",50,"cliver",0.542761269084603
"4092",409.1,"Simu1","NIT",50,"cliver",0.538360805493722
"4093",409.2,"Simu1","NIT",50,"cliver",0.532757649898604
"4094",409.3,"Simu1","NIT",50,"cliver",0.5260949879431
"4095",409.4,"Simu1","NIT",50,"cliver",0.51850333176298
"4096",409.5,"Simu1","NIT",50,"cliver",0.51010048012739
"4097",409.6,"Simu1","NIT",50,"cliver",0.500992985702338
"4098",409.7,"Simu1","NIT",50,"cliver",0.491278097699652
"4099",409.8,"Simu1","NIT",50,"cliver",0.481044393816029
"4100",409.9,"Simu1","NIT",50,"cliver",0.470372227249512
"4101",410,"Simu1","NIT",50,"cliver",0.459334681524494
"4102",410.1,"Simu1","NIT",50,"cliver",0.447998261695173
"4103",410.2,"Simu1","NIT",50,"cliver",0.436423614822236
"4104",410.3,"Simu1","NIT",50,"cliver",0.424665883867015
"4105",410.4,"Simu1","NIT",50,"cliver",0.412775202511464
"4106",410.5,"Simu1","NIT",50,"cliver",0.400797050371208
"4107",410.6,"Simu1","NIT",50,"cliver",0.388772829477054
"4108",410.7,"Simu1","NIT",50,"cliver",0.376739995106236
"4109",410.8,"Simu1","NIT",50,"cliver",0.364732766571341
"4110",410.9,"Simu1","NIT",50,"cliver",0.352781696204388
"4111",411,"Simu1","NIT",50,"cliver",0.340914700356567
"4112",411.1,"Simu1","NIT",50,"cliver",0.329156970758198
"4113",411.2,"Simu1","NIT",50,"cliver",0.317531088678787
"4114",411.3,"Simu1","NIT",50,"cliver",0.306057285929194
"4115",411.4,"Simu1","NIT",50,"cliver",0.294753755003995
"4116",411.5,"Simu1","NIT",50,"cliver",0.283636788713213
"4117",411.6,"Simu1","NIT",50,"cliver",0.272720774140717
"4118",411.7,"Simu1","NIT",50,"cliver",0.262018472409585
"4119",411.8,"Simu1","NIT",50,"cliver",0.251541137568518
"4120",411.9,"Simu1","NIT",50,"cliver",0.241298589557269
"4121",412,"Simu1","NIT",50,"cliver",0.231299353678816
"4122",412.1,"Simu1","NIT",50,"cliver",0.221550675487694
"4123",412.2,"Simu1","NIT",50,"cliver",0.212058725432065
"4124",412.3,"Simu1","NIT",50,"cliver",0.202828524008681
"4125",412.4,"Simu1","NIT",50,"cliver",0.193864245117599
"4126",412.5,"Simu1","NIT",50,"cliver",0.185168901425783
"4127",412.6,"Simu1","NIT",50,"cliver",0.176744959010227
"4128",412.7,"Simu1","NIT",50,"cliver",0.168593307528699
"4129",412.8,"Simu1","NIT",50,"cliver",0.160715056260499
"4130",412.9,"Simu1","NIT",50,"cliver",0.153110030389385
"4131",413,"Simu1","NIT",50,"cliver",0.145776855034532
"4132",413.1,"Simu1","NIT",50,"cliver",0.138714372255584
"4133",413.2,"Simu1","NIT",50,"cliver",0.131920123875564
"4134",413.3,"Simu1","NIT",50,"cliver",0.125391151353788
"4135",413.4,"Simu1","NIT",50,"cliver",0.119124032536838
"4136",413.5,"Simu1","NIT",50,"cliver",0.113114627984055
"4137",413.6,"Simu1","NIT",50,"cliver",0.107358346548902
"4138",413.7,"Simu1","NIT",50,"cliver",0.10185009617771
"4139",413.8,"Simu1","NIT",50,"cliver",0.0965843831425779
"4140",413.9,"Simu1","NIT",50,"cliver",0.0915552594168263
"4141",414,"Simu1","NIT",50,"cliver",0.0877974357526146
"4142",414.1,"Simu1","NIT",50,"cliver",0.352992187006278
"4143",414.2,"Simu1","NIT",50,"cliver",0.477610215472649
"4144",414.3,"Simu1","NIT",50,"cliver",0.515774697140176
"4145",414.4,"Simu1","NIT",50,"cliver",0.531659118668486
"4146",414.5,"Simu1","NIT",50,"cliver",0.540041026717718
"4147",414.6,"Simu1","NIT",50,"cliver",0.544788097869932
"4148",414.7,"Simu1","NIT",50,"cliver",0.547055168054923
"4149",414.8,"Simu1","NIT",50,"cliver",0.547303641633882
"4150",414.9,"Simu1","NIT",50,"cliver",0.545804406567428
"4151",415,"Simu1","NIT",50,"cliver",0.54276497424434
"4152",415.1,"Simu1","NIT",50,"cliver",0.538364054582521
"4153",415.2,"Simu1","NIT",50,"cliver",0.532760656294637
"4154",415.3,"Simu1","NIT",50,"cliver",0.526098182835967
"4155",415.4,"Simu1","NIT",50,"cliver",0.518506515203997
"4156",415.5,"Simu1","NIT",50,"cliver",0.510103388658535
"4157",415.6,"Simu1","NIT",50,"cliver",0.500995799612919
"4158",415.7,"Simu1","NIT",50,"cliver",0.491280965632381
"4159",415.8,"Simu1","NIT",50,"cliver",0.481047231969848
"4160",415.9,"Simu1","NIT",50,"cliver",0.470374960941082
"4161",416,"Simu1","NIT",50,"cliver",0.459337311526402
"4162",416.1,"Simu1","NIT",50,"cliver",0.448000869597198
"4163",416.2,"Simu1","NIT",50,"cliver",0.436426216400957
"4164",416.3,"Simu1","NIT",50,"cliver",0.424668452920078
"4165",416.4,"Simu1","NIT",50,"cliver",0.412777687556705
"4166",416.5,"Simu1","NIT",50,"cliver",0.400799471006962
"4167",416.6,"Simu1","NIT",50,"cliver",0.388775175340129
"4168",416.7,"Simu1","NIT",50,"cliver",0.376742336159551
"4169",416.8,"Simu1","NIT",50,"cliver",0.364734971176754
"4170",416.9,"Simu1","NIT",50,"cliver",0.352783873115513
"4171",417,"Simu1","NIT",50,"cliver",0.340916873545697
"4172",417.1,"Simu1","NIT",50,"cliver",0.329159081165867
"4173",417.2,"Simu1","NIT",50,"cliver",0.317533100259467
"4174",417.3,"Simu1","NIT",50,"cliver",0.306059231983718
"4175",417.4,"Simu1","NIT",50,"cliver",0.294755658559379
"4176",417.5,"Simu1","NIT",50,"cliver",0.28363861074748
"4177",417.6,"Simu1","NIT",50,"cliver",0.272722520248088
"4178",417.7,"Simu1","NIT",50,"cliver",0.262020158752663
"4179",417.8,"Simu1","NIT",50,"cliver",0.25154276459348
"4180",417.9,"Simu1","NIT",50,"cliver",0.241300157463439
"4181",418,"Simu1","NIT",50,"cliver",0.231300841204484
"4182",418.1,"Simu1","NIT",50,"cliver",0.221552097044344
"4183",418.2,"Simu1","NIT",50,"cliver",0.212060066575056
"4184",418.3,"Simu1","NIT",50,"cliver",0.202829825658968
"4185",418.4,"Simu1","NIT",50,"cliver",0.193865449788648
"4186",418.5,"Simu1","NIT",50,"cliver",0.185170072055568
"4187",418.6,"Simu1","NIT",50,"cliver",0.176745934460731
"4188",418.7,"Simu1","NIT",50,"cliver",0.168594433388107
"4189",418.8,"Simu1","NIT",50,"cliver",0.160716160056452
"4190",418.9,"Simu1","NIT",50,"cliver",0.15311093757029
"4191",419,"Simu1","NIT",50,"cliver",0.145777855057944
"4192",419.1,"Simu1","NIT",50,"cliver",0.138715300948245
"4193",419.2,"Simu1","NIT",50,"cliver",0.131920994479853
"4194",419.3,"Simu1","NIT",50,"cliver",0.125392020474558
"4195",419.4,"Simu1","NIT",50,"cliver",0.119124859848783
"4196",419.5,"Simu1","NIT",50,"cliver",0.113115435049868
"4197",419.6,"Simu1","NIT",50,"cliver",0.107359118336284
"4198",419.7,"Simu1","NIT",50,"cliver",0.101850819223982
"4199",419.8,"Simu1","NIT",50,"cliver",0.09658499944325
"4200",419.9,"Simu1","NIT",50,"cliver",0.0915558289176873
"4201",420,"Simu1","NIT",50,"cliver",0.087798029069371
"4202",420.1,"Simu1","NIT",50,"cliver",0.352991918442352
"4203",420.2,"Simu1","NIT",50,"cliver",0.477608325535288
"4204",420.3,"Simu1","NIT",50,"cliver",0.515771495252417
"4205",420.4,"Simu1","NIT",50,"cliver",0.531655909413554
"4206",420.5,"Simu1","NIT",50,"cliver",0.540037193785643
"4207",420.6,"Simu1","NIT",50,"cliver",0.544785025131701
"4208",420.7,"Simu1","NIT",50,"cliver",0.547052132210422
"4209",420.8,"Simu1","NIT",50,"cliver",0.547300387621611
"4210",420.9,"Simu1","NIT",50,"cliver",0.545801085240446
"4211",421,"Simu1","NIT",50,"cliver",0.54276194330128
"4212",421.1,"Simu1","NIT",50,"cliver",0.538360982706552
"4213",421.2,"Simu1","NIT",50,"cliver",0.532757569795355
"4214",421.3,"Simu1","NIT",50,"cliver",0.526095136084791
"4215",421.4,"Simu1","NIT",50,"cliver",0.5185035035436
"4216",421.5,"Simu1","NIT",50,"cliver",0.510100428224949
"4217",421.6,"Simu1","NIT",50,"cliver",0.500992855081978
"4218",421.7,"Simu1","NIT",50,"cliver",0.491278029621296
"4219",421.8,"Simu1","NIT",50,"cliver",0.481044333959267
"4220",421.9,"Simu1","NIT",50,"cliver",0.470372120257154
"4221",422,"Simu1","NIT",50,"cliver",0.459334520078731
"4222",422.1,"Simu1","NIT",50,"cliver",0.447998127709466
"4223",422.2,"Simu1","NIT",50,"cliver",0.436423517920811
"4224",422.3,"Simu1","NIT",50,"cliver",0.424665805488024
"4225",422.4,"Simu1","NIT",50,"cliver",0.412775097445849
"4226",422.5,"Simu1","NIT",50,"cliver",0.400796935923443
"4227",422.6,"Simu1","NIT",50,"cliver",0.388772693590823
"4228",422.7,"Simu1","NIT",50,"cliver",0.376739909437626
"4229",422.8,"Simu1","NIT",50,"cliver",0.36473260228911
"4230",422.9,"Simu1","NIT",50,"cliver",0.352781563236402
"4231",423,"Simu1","NIT",50,"cliver",0.340914622904978
"4232",423.1,"Simu1","NIT",50,"cliver",0.329156889861235
"4233",423.2,"Simu1","NIT",50,"cliver",0.317530968693059
"4234",423.3,"Simu1","NIT",50,"cliver",0.306057160414311
"4235",423.4,"Simu1","NIT",50,"cliver",0.294753647357756
"4236",423.5,"Simu1","NIT",50,"cliver",0.283636659683644
"4237",423.6,"Simu1","NIT",50,"cliver",0.27272062934981
"4238",423.7,"Simu1","NIT",50,"cliver",0.26201832703604
"4239",423.8,"Simu1","NIT",50,"cliver",0.251540992876503
"4240",423.9,"Simu1","NIT",50,"cliver",0.241298449388669
"4241",424,"Simu1","NIT",50,"cliver",0.231299193104262
"4242",424.1,"Simu1","NIT",50,"cliver",0.221550500795784
"4243",424.2,"Simu1","NIT",50,"cliver",0.212058524054848
"4244",424.3,"Simu1","NIT",50,"cliver",0.20282834335657
"4245",424.4,"Simu1","NIT",50,"cliver",0.193864025984127
"4246",424.5,"Simu1","NIT",50,"cliver",0.18516870030512
"4247",424.6,"Simu1","NIT",50,"cliver",0.176744614462241
"4248",424.7,"Simu1","NIT",50,"cliver",0.168593167448465
"4249",424.8,"Simu1","NIT",50,"cliver",0.160714948335095
"4250",424.9,"Simu1","NIT",50,"cliver",0.153109774848078
"4251",425,"Simu1","NIT",50,"cliver",0.145776743252657
"4252",425.1,"Simu1","NIT",50,"cliver",0.138714232914271
"4253",425.2,"Simu1","NIT",50,"cliver",0.13191998621562
"4254",425.3,"Simu1","NIT",50,"cliver",0.125391031095788
"4255",425.4,"Simu1","NIT",50,"cliver",0.119123811768486
"4256",425.5,"Simu1","NIT",50,"cliver",0.113114388119772
"4257",425.6,"Simu1","NIT",50,"cliver",0.107358217517161
"4258",425.7,"Simu1","NIT",50,"cliver",0.101850066128847
"4259",425.8,"Simu1","NIT",50,"cliver",0.0965843110395437
"4260",425.9,"Simu1","NIT",50,"cliver",0.0915550831293397
"4261",426,"Simu1","NIT",50,"cliver",0.0877973177062487
"4262",426.1,"Simu1","NIT",50,"cliver",0.352991403217871
"4263",426.2,"Simu1","NIT",50,"cliver",0.477607776736365
"4264",426.3,"Simu1","NIT",50,"cliver",0.515770253848604
"4265",426.4,"Simu1","NIT",50,"cliver",0.531654437506848
"4266",426.5,"Simu1","NIT",50,"cliver",0.540036421123594
"4267",426.6,"Simu1","NIT",50,"cliver",0.544783497488573
"4268",426.7,"Simu1","NIT",50,"cliver",0.547050696775549
"4269",426.8,"Simu1","NIT",50,"cliver",0.547299367129099
"4270",426.9,"Simu1","NIT",50,"cliver",0.545800139510233
"4271",427,"Simu1","NIT",50,"cliver",0.542760774552746
"4272",427.1,"Simu1","NIT",50,"cliver",0.538359903490379
"4273",427.2,"Simu1","NIT",50,"cliver",0.532756519189865
"4274",427.3,"Simu1","NIT",50,"cliver",0.526094064567135
"4275",427.4,"Simu1","NIT",50,"cliver",0.518502424674399
"4276",427.5,"Simu1","NIT",50,"cliver",0.510099328753868
"4277",427.6,"Simu1","NIT",50,"cliver",0.500991781455623
"4278",427.7,"Simu1","NIT",50,"cliver",0.491276996566201
"4279",427.8,"Simu1","NIT",50,"cliver",0.481043315231735
"4280",427.9,"Simu1","NIT",50,"cliver",0.470371100219053
"4281",428,"Simu1","NIT",50,"cliver",0.459333512193404
"4282",428.1,"Simu1","NIT",50,"cliver",0.447997137127073
"4283",428.2,"Simu1","NIT",50,"cliver",0.436422554087053
"4284",428.3,"Simu1","NIT",50,"cliver",0.42466486263799
"4285",428.4,"Simu1","NIT",50,"cliver",0.412774171473491
"4286",428.5,"Simu1","NIT",50,"cliver",0.400796031624732
"4287",428.6,"Simu1","NIT",50,"cliver",0.388771814663267
"4288",428.7,"Simu1","NIT",50,"cliver",0.376739055465427
"4289",428.8,"Simu1","NIT",50,"cliver",0.364731771386633
"4290",428.9,"Simu1","NIT",50,"cliver",0.352780755081139
"4291",429,"Simu1","NIT",50,"cliver",0.340913837994003
"4292",429.1,"Simu1","NIT",50,"cliver",0.32915612854267
"4293",429.2,"Simu1","NIT",50,"cliver",0.317530230726088
"4294",429.3,"Simu1","NIT",50,"cliver",0.306056445529702
"4295",429.4,"Simu1","NIT",50,"cliver",0.294752955064069
"4296",429.5,"Simu1","NIT",50,"cliver",0.283635989955379
"4297",429.6,"Simu1","NIT",50,"cliver",0.272719981745998
"4298",429.7,"Simu1","NIT",50,"cliver",0.262017701992741
"4299",429.8,"Simu1","NIT",50,"cliver",0.251540388932361
"4300",429.9,"Simu1","NIT",50,"cliver",0.241297862159323
"4301",430,"Simu1","NIT",50,"cliver",0.2312986254112
"4302",430.1,"Simu1","NIT",50,"cliver",0.221549959832424
"4303",430.2,"Simu1","NIT",50,"cliver",0.212058006942539
"4304",430.3,"Simu1","NIT",50,"cliver",0.202827842529525
"4305",430.4,"Simu1","NIT",50,"cliver",0.19386354200871
"4306",430.5,"Simu1","NIT",50,"cliver",0.185168238401088
"4307",430.6,"Simu1","NIT",50,"cliver",0.176744173647284
"4308",430.7,"Simu1","NIT",50,"cliver",0.168592744068254
"4309",430.8,"Simu1","NIT",50,"cliver",0.160714540820372
"4310",430.9,"Simu1","NIT",50,"cliver",0.15310938694236
"4311",431,"Simu1","NIT",50,"cliver",0.145776371515118
"4312",431.1,"Simu1","NIT",50,"cliver",0.13871388289288
"4313",431.2,"Simu1","NIT",50,"cliver",0.131919640303144
"4314",431.3,"Simu1","NIT",50,"cliver",0.125390728413229
"4315",431.4,"Simu1","NIT",50,"cliver",0.119123628347654
"4316",431.5,"Simu1","NIT",50,"cliver",0.113114261850806
"4317",431.6,"Simu1","NIT",50,"cliver",0.107358001655956
"4318",431.7,"Simu1","NIT",50,"cliver",0.101849757275152
"4319",431.8,"Simu1","NIT",50,"cliver",0.0965839926879874
"4320",431.9,"Simu1","NIT",50,"cliver",0.0915548770872369
"4321",432,"Simu1","NIT",50,"cliver",0.0877971014134856
"4322",432.1,"Simu1","NIT",50,"cliver",0.352991916512497
"4323",432.2,"Simu1","NIT",50,"cliver",0.477608557599882
"4324",432.3,"Simu1","NIT",50,"cliver",0.515771704058538
"4325",432.4,"Simu1","NIT",50,"cliver",0.53165584122182
"4326",432.5,"Simu1","NIT",50,"cliver",0.540038950259682
"4327",432.6,"Simu1","NIT",50,"cliver",0.544785199483395
"4328",432.7,"Simu1","NIT",50,"cliver",0.547052331762089
"4329",432.8,"Simu1","NIT",50,"cliver",0.547301122067387
"4330",432.9,"Simu1","NIT",50,"cliver",0.545801859276845
"4331",433,"Simu1","NIT",50,"cliver",0.542762485367344
"4332",433.1,"Simu1","NIT",50,"cliver",0.53836156577651
"4333",433.2,"Simu1","NIT",50,"cliver",0.532758177742406
"4334",433.3,"Simu1","NIT",50,"cliver",0.526095713213208
"4335",433.4,"Simu1","NIT",50,"cliver",0.518504045016128
"4336",433.5,"Simu1","NIT",50,"cliver",0.510100932541792
"4337",433.6,"Simu1","NIT",50,"cliver",0.500993378364385
"4338",433.7,"Simu1","NIT",50,"cliver",0.491278585844551
"4339",433.8,"Simu1","NIT",50,"cliver",0.481044882038671
"4340",433.9,"Simu1","NIT",50,"cliver",0.470372639182002
"4341",434,"Simu1","NIT",50,"cliver",0.459335028680609
"4342",434.1,"Simu1","NIT",50,"cliver",0.447998631901725
"4343",434.2,"Simu1","NIT",50,"cliver",0.4364240233006
"4344",434.3,"Simu1","NIT",50,"cliver",0.424666302508606
"4345",434.4,"Simu1","NIT",50,"cliver",0.41277558105905
"4346",434.5,"Simu1","NIT",50,"cliver",0.400797411695423
"4347",434.6,"Simu1","NIT",50,"cliver",0.388773164848378
"4348",434.7,"Simu1","NIT",50,"cliver",0.37674037415004
"4349",434.8,"Simu1","NIT",50,"cliver",0.364733057616575
"4350",434.9,"Simu1","NIT",50,"cliver",0.352782008908705
"4351",435,"Simu1","NIT",50,"cliver",0.34091505940346
"4352",435.1,"Simu1","NIT",50,"cliver",0.329157317117241
"4353",435.2,"Simu1","NIT",50,"cliver",0.317531386159015
"4354",435.3,"Simu1","NIT",50,"cliver",0.306057567839631
"4355",435.4,"Simu1","NIT",50,"cliver",0.294754044354117
"4356",435.5,"Simu1","NIT",50,"cliver",0.283637046271551
"4357",435.6,"Simu1","NIT",50,"cliver",0.272721005172758
"4358",435.7,"Simu1","NIT",50,"cliver",0.262018692724167
"4359",435.8,"Simu1","NIT",50,"cliver",0.251541347269036
"4360",435.9,"Simu1","NIT",50,"cliver",0.241298788331995
"4361",436,"Simu1","NIT",50,"cliver",0.231299519684174
"4362",436.1,"Simu1","NIT",50,"cliver",0.221550822555895
"4363",436.2,"Simu1","NIT",50,"cliver",0.212058838540077
"4364",436.3,"Simu1","NIT",50,"cliver",0.202828643428728
"4365",436.4,"Simu1","NIT",50,"cliver",0.193864312636262
"4366",436.5,"Simu1","NIT",50,"cliver",0.185168979216615
"4367",436.6,"Simu1","NIT",50,"cliver",0.176744885173576
"4368",436.7,"Simu1","NIT",50,"cliver",0.168593426836299
"4369",436.8,"Simu1","NIT",50,"cliver",0.160715195395898
"4370",436.9,"Simu1","NIT",50,"cliver",0.153110013867708
"4371",437,"Simu1","NIT",50,"cliver",0.145776971462597
"4372",437.1,"Simu1","NIT",50,"cliver",0.138714456365487
"4373",437.2,"Simu1","NIT",50,"cliver",0.131920188243017
"4374",437.3,"Simu1","NIT",50,"cliver",0.125391250816098
"4375",437.4,"Simu1","NIT",50,"cliver",0.119124127553696
"4376",437.5,"Simu1","NIT",50,"cliver",0.113114734357871
"4377",437.6,"Simu1","NIT",50,"cliver",0.10735845035943
"4378",437.7,"Simu1","NIT",50,"cliver",0.101850181365826
"4379",437.8,"Simu1","NIT",50,"cliver",0.0965844094626378
"4380",437.9,"Simu1","NIT",50,"cliver",0.0915552715361291
"4381",438,"Simu1","NIT",50,"cliver",0.0877974849230917
"4382",438.1,"Simu1","NIT",50,"cliver",0.352992544700003
"4383",438.2,"Simu1","NIT",50,"cliver",0.477610931704714
"4384",438.3,"Simu1","NIT",50,"cliver",0.515774647967912
"4385",438.4,"Simu1","NIT",50,"cliver",0.531659948427233
"4386",438.5,"Simu1","NIT",50,"cliver",0.540042478507902
"4387",438.6,"Simu1","NIT",50,"cliver",0.544788868265013
"4388",438.7,"Simu1","NIT",50,"cliver",0.547055678985269
"4389",438.8,"Simu1","NIT",50,"cliver",0.547304029490412
"4390",438.9,"Simu1","NIT",50,"cliver",0.545805121011103
"4391",439,"Simu1","NIT",50,"cliver",0.542766366667628
"4392",439.1,"Simu1","NIT",50,"cliver",0.53836485001356
"4393",439.2,"Simu1","NIT",50,"cliver",0.532762019410118
"4394",439.3,"Simu1","NIT",50,"cliver",0.526098733397461
"4395",439.4,"Simu1","NIT",50,"cliver",0.518507966354326
"4396",439.5,"Simu1","NIT",50,"cliver",0.510103866007781
"4397",439.6,"Simu1","NIT",50,"cliver",0.500997434845737
"4398",439.7,"Simu1","NIT",50,"cliver",0.491282330105445
"4399",439.8,"Simu1","NIT",50,"cliver",0.481048661703526
"4400",439.9,"Simu1","NIT",50,"cliver",0.470376196127595
"4401",440,"Simu1","NIT",50,"cliver",0.459338445163259
"4402",440.1,"Simu1","NIT",50,"cliver",0.448001885202318
"4403",440.2,"Simu1","NIT",50,"cliver",0.436427321303587
"4404",440.3,"Simu1","NIT",50,"cliver",0.424669658531507
"4405",440.4,"Simu1","NIT",50,"cliver",0.412778903473281
"4406",440.5,"Simu1","NIT",50,"cliver",0.400800671065091
"4407",440.6,"Simu1","NIT",50,"cliver",0.388776370454269
"4408",440.7,"Simu1","NIT",50,"cliver",0.376743534206754
"4409",440.8,"Simu1","NIT",50,"cliver",0.364736166907669
"4410",440.9,"Simu1","NIT",50,"cliver",0.352785055076241
"4411",441,"Simu1","NIT",50,"cliver",0.340918010430303
"4412",441.1,"Simu1","NIT",50,"cliver",0.329160146304246
"4413",441.2,"Simu1","NIT",50,"cliver",0.317534086782814
"4414",441.3,"Simu1","NIT",50,"cliver",0.306060178834588
"4415",441.4,"Simu1","NIT",50,"cliver",0.294756549874225
"4416",441.5,"Simu1","NIT",50,"cliver",0.283639516880056
"4417",441.6,"Simu1","NIT",50,"cliver",0.272723367051147
"4418",441.7,"Simu1","NIT",50,"cliver",0.262020952000413
"4419",441.8,"Simu1","NIT",50,"cliver",0.251543429374113
"4420",441.9,"Simu1","NIT",50,"cliver",0.241300691906515
"4421",442,"Simu1","NIT",50,"cliver",0.231301264982273
"4422",442.1,"Simu1","NIT",50,"cliver",0.22155250719855
"4423",442.2,"Simu1","NIT",50,"cliver",0.212060559293143
"4424",442.3,"Simu1","NIT",50,"cliver",0.202830390027841
"4425",442.4,"Simu1","NIT",50,"cliver",0.193866028300481
"4426",442.5,"Simu1","NIT",50,"cliver",0.185170633091046
"4427",442.6,"Simu1","NIT",50,"cliver",0.176746538794862
"4428",442.7,"Simu1","NIT",50,"cliver",0.168594979573309
"4429",442.8,"Simu1","NIT",50,"cliver",0.160716661096401
"4430",442.9,"Simu1","NIT",50,"cliver",0.153111395170872
"4431",443,"Simu1","NIT",50,"cliver",0.145778269920051
"4432",443.1,"Simu1","NIT",50,"cliver",0.138715666713343
"4433",443.2,"Simu1","NIT",50,"cliver",0.131921358154355
"4434",443.3,"Simu1","NIT",50,"cliver",0.125392399989189
"4435",443.4,"Simu1","NIT",50,"cliver",0.119125241660398
"4436",443.5,"Simu1","NIT",50,"cliver",0.113115798971048
"4437",443.6,"Simu1","NIT",50,"cliver",0.107359476834601
"4438",443.7,"Simu1","NIT",50,"cliver",0.101851191616263
"4439",443.8,"Simu1","NIT",50,"cliver",0.0965854121806162
"4440",443.9,"Simu1","NIT",50,"cliver",0.0915562210477168
"4441",444,"Simu1","NIT",50,"cliver",0.0877984548512952
"4442",444.1,"Simu1","NIT",50,"cliver",0.352993218510809
"4443",444.2,"Simu1","NIT",50,"cliver",0.477610496584852
"4444",444.3,"Simu1","NIT",50,"cliver",0.515773180117718
"4445",444.4,"Simu1","NIT",50,"cliver",0.531657780264242
"4446",444.5,"Simu1","NIT",50,"cliver",0.540039641963946
"4447",444.6,"Simu1","NIT",50,"cliver",0.544786818938229
"4448",444.7,"Simu1","NIT",50,"cliver",0.547053830730884
"4449",444.8,"Simu1","NIT",50,"cliver",0.547302224020316
"4450",444.9,"Simu1","NIT",50,"cliver",0.545802916554999
"4451",445,"Simu1","NIT",50,"cliver",0.542763466428679
"4452",445.1,"Simu1","NIT",50,"cliver",0.538362488077945
"4453",445.2,"Simu1","NIT",50,"cliver",0.532759073440671
"4454",445.3,"Simu1","NIT",50,"cliver",0.526096590189728
"4455",445.4,"Simu1","NIT",50,"cliver",0.518504914638907
"4456",445.5,"Simu1","NIT",50,"cliver",0.510101791164811
"4457",445.6,"Simu1","NIT",50,"cliver",0.500994190285801
"4458",445.7,"Simu1","NIT",50,"cliver",0.491279351392484
"4459",445.8,"Simu1","NIT",50,"cliver",0.481045624168473
"4460",445.9,"Simu1","NIT",50,"cliver",0.470373368082138
"4461",446,"Simu1","NIT",50,"cliver",0.459335732760432
"4462",446.1,"Simu1","NIT",50,"cliver",0.447999303562791
"4463",446.2,"Simu1","NIT",50,"cliver",0.436424665698742
"4464",446.3,"Simu1","NIT",50,"cliver",0.424666922530969
"4465",446.4,"Simu1","NIT",50,"cliver",0.412776180835265
"4466",446.5,"Simu1","NIT",50,"cliver",0.400797988717016
"4467",446.6,"Simu1","NIT",50,"cliver",0.388773717991258
"4468",446.7,"Simu1","NIT",50,"cliver",0.376740905453247
"4469",446.8,"Simu1","NIT",50,"cliver",0.364733569100524
"4470",446.9,"Simu1","NIT",50,"cliver",0.352782500864112
"4471",447,"Simu1","NIT",50,"cliver",0.340915531691653
"4472",447.1,"Simu1","NIT",50,"cliver",0.3291577703093
"4473",447.2,"Simu1","NIT",50,"cliver",0.317531821176071
"4474",447.3,"Simu1","NIT",50,"cliver",0.306057985346677
"4475",447.4,"Simu1","NIT",50,"cliver",0.294754444774001
"4476",447.5,"Simu1","NIT",50,"cliver",0.283637430052724
"4477",447.6,"Simu1","NIT",50,"cliver",0.272721372851695
"4478",447.7,"Simu1","NIT",50,"cliver",0.262019044834171
"4479",447.8,"Simu1","NIT",50,"cliver",0.251541684221873
"4480",447.9,"Simu1","NIT",50,"cliver",0.241299110610979
"4481",448,"Simu1","NIT",50,"cliver",0.231299827837053
"4482",448.1,"Simu1","NIT",50,"cliver",0.221551117044627
"4483",448.2,"Simu1","NIT",50,"cliver",0.212059119738449
"4484",448.3,"Simu1","NIT",50,"cliver",0.202828911721473
"4485",448.4,"Simu1","NIT",50,"cliver",0.193864568462885
"4486",448.5,"Simu1","NIT",50,"cliver",0.185169223018293
"4487",448.6,"Simu1","NIT",50,"cliver",0.176745117322608
"4488",448.7,"Simu1","NIT",50,"cliver",0.168593647707091
"4489",448.8,"Simu1","NIT",50,"cliver",0.160715405359434
"4490",448.9,"Simu1","NIT",50,"cliver",0.153110213359736
"4491",449,"Simu1","NIT",50,"cliver",0.145777160771532
"4492",449.1,"Simu1","NIT",50,"cliver",0.138714636023124
"4493",449.2,"Simu1","NIT",50,"cliver",0.131920358219047
"4494",449.3,"Simu1","NIT",50,"cliver",0.125391412413172
"4495",449.4,"Simu1","NIT",50,"cliver",0.119124278804941
"4496",449.5,"Simu1","NIT",50,"cliver",0.113114881670334
"4497",449.6,"Simu1","NIT",50,"cliver",0.107358593242092
"4498",449.7,"Simu1","NIT",50,"cliver",0.10185032041939
"4499",449.8,"Simu1","NIT",50,"cliver",0.0965845169772414
"4500",449.9,"Simu1","NIT",50,"cliver",0.0915553442745502
"4501",450,"Simu1","NIT",50,"cliver",0.0877975621738869
"4502",450.1,"Simu1","NIT",50,"cliver",0.352992302026647
"4503",450.2,"Simu1","NIT",50,"cliver",0.477610297418074
"4504",450.3,"Simu1","NIT",50,"cliver",0.515773916134206
"4505",450.4,"Simu1","NIT",50,"cliver",0.531658083558313
"4506",450.5,"Simu1","NIT",50,"cliver",0.540041365698934
"4507",450.6,"Simu1","NIT",50,"cliver",0.544788257361991
"4508",450.7,"Simu1","NIT",50,"cliver",0.547055219771423
"4509",450.8,"Simu1","NIT",50,"cliver",0.547303780722802
"4510",450.9,"Simu1","NIT",50,"cliver",0.545804388552938
"4511",451,"Simu1","NIT",50,"cliver",0.542765073115516
"4512",451.1,"Simu1","NIT",50,"cliver",0.53836410316674
"4513",451.2,"Simu1","NIT",50,"cliver",0.532760655256523
"4514",451.3,"Simu1","NIT",50,"cliver",0.526098226623413
"4515",451.4,"Simu1","NIT",50,"cliver",0.518506587137501
"4516",451.5,"Simu1","NIT",50,"cliver",0.510103526153689
"4517",451.6,"Simu1","NIT",50,"cliver",0.5009959584893
"4518",451.7,"Simu1","NIT",50,"cliver",0.491281072285864
"4519",451.8,"Simu1","NIT",50,"cliver",0.481047294489607
"4520",451.9,"Simu1","NIT",50,"cliver",0.470375032727962
"4521",452,"Simu1","NIT",50,"cliver",0.459337401823608
"4522",452.1,"Simu1","NIT",50,"cliver",0.448000956145496
"4523",452.2,"Simu1","NIT",50,"cliver",0.436426283054395
"4524",452.3,"Simu1","NIT",50,"cliver",0.424668502047157
"4525",452.4,"Simu1","NIT",50,"cliver",0.412777732894962
"4526",452.5,"Simu1","NIT",50,"cliver",0.400799522467744
"4527",452.6,"Simu1","NIT",50,"cliver",0.388775223705977
"4528",452.7,"Simu1","NIT",50,"cliver",0.376742369718769
"4529",452.8,"Simu1","NIT",50,"cliver",0.364734985288969
"4530",452.9,"Simu1","NIT",50,"cliver",0.352783902918548
"4531",453,"Simu1","NIT",50,"cliver",0.340916910990185
"4532",453.1,"Simu1","NIT",50,"cliver",0.329159095066853
"4533",453.2,"Simu1","NIT",50,"cliver",0.317533099502545
"4534",453.3,"Simu1","NIT",50,"cliver",0.306059253628153
"4535",453.4,"Simu1","NIT",50,"cliver",0.294755688379487
"4536",453.5,"Simu1","NIT",50,"cliver",0.283638625265417
"4537",453.6,"Simu1","NIT",50,"cliver",0.272722529674813
"4538",453.7,"Simu1","NIT",50,"cliver",0.262020192010319
"4539",453.8,"Simu1","NIT",50,"cliver",0.251542797647544
"4540",453.9,"Simu1","NIT",50,"cliver",0.241300164523055
"4541",454,"Simu1","NIT",50,"cliver",0.231300845518388
"4542",454.1,"Simu1","NIT",50,"cliver",0.221552118106137
"4543",454.2,"Simu1","NIT",50,"cliver",0.212060087665378
"4544",454.3,"Simu1","NIT",50,"cliver",0.202829833727703
"4545",454.4,"Simu1","NIT",50,"cliver",0.19386545531522
"4546",454.5,"Simu1","NIT",50,"cliver",0.185170084620727
"4547",454.6,"Simu1","NIT",50,"cliver",0.176745947790304
"4548",454.7,"Simu1","NIT",50,"cliver",0.168594441934715
"4549",454.8,"Simu1","NIT",50,"cliver",0.160716165306991
"4550",454.9,"Simu1","NIT",50,"cliver",0.153110946267087
"4551",455,"Simu1","NIT",50,"cliver",0.145777861548678
"4552",455.1,"Simu1","NIT",50,"cliver",0.138715311974201
"4553",455.2,"Simu1","NIT",50,"cliver",0.13192099083033
"4554",455.3,"Simu1","NIT",50,"cliver",0.125392115976831
"4555",455.4,"Simu1","NIT",50,"cliver",0.119124910531829
"4556",455.5,"Simu1","NIT",50,"cliver",0.113115458331877
"4557",455.6,"Simu1","NIT",50,"cliver",0.107359105099504
"4558",455.7,"Simu1","NIT",50,"cliver",0.10185079610325
"4559",455.8,"Simu1","NIT",50,"cliver",0.096585006182596
"4560",455.9,"Simu1","NIT",50,"cliver",0.0915558263267852
"4561",456,"Simu1","NIT",50,"cliver",0.0877979973140553
"4562",456.1,"Simu1","NIT",50,"cliver",0.35299278688569
"4563",456.2,"Simu1","NIT",50,"cliver",0.477609870778965
"4564",456.3,"Simu1","NIT",50,"cliver",0.51577250270089
"4565",456.4,"Simu1","NIT",50,"cliver",0.531656859123781
"4566",456.5,"Simu1","NIT",50,"cliver",0.540039142578148
"4567",456.6,"Simu1","NIT",50,"cliver",0.544786264172688
"4568",456.7,"Simu1","NIT",50,"cliver",0.547053355036492
"4569",456.8,"Simu1","NIT",50,"cliver",0.547301922607173
"4570",456.9,"Simu1","NIT",50,"cliver",0.545802553182132
"4571",457,"Simu1","NIT",50,"cliver",0.542763221691672
"4572",457.1,"Simu1","NIT",50,"cliver",0.538362218504233
"4573",457.2,"Simu1","NIT",50,"cliver",0.532758782557357
"4574",457.3,"Simu1","NIT",50,"cliver",0.526096349249227
"4575",457.4,"Simu1","NIT",50,"cliver",0.518504709859513
"4576",457.5,"Simu1","NIT",50,"cliver",0.510101646840875
"4577",457.6,"Simu1","NIT",50,"cliver",0.500994077284407
"4578",457.7,"Simu1","NIT",50,"cliver",0.491279201887173
"4579",457.8,"Simu1","NIT",50,"cliver",0.481045456179676
"4580",457.9,"Simu1","NIT",50,"cliver",0.470373218777098
"4581",458,"Simu1","NIT",50,"cliver",0.459335608682799
"4582",458.1,"Simu1","NIT",50,"cliver",0.447999186721725
"4583",458.2,"Simu1","NIT",50,"cliver",0.436424541537106
"4584",458.3,"Simu1","NIT",50,"cliver",0.424666792562657
"4585",458.4,"Simu1","NIT",50,"cliver",0.412776055333156
"4586",458.5,"Simu1","NIT",50,"cliver",0.400797872816985
"4587",458.6,"Simu1","NIT",50,"cliver",0.388773612436929
"4588",458.7,"Simu1","NIT",50,"cliver",0.376740803795073
"4589",458.8,"Simu1","NIT",50,"cliver",0.364733464956938
"4590",458.9,"Simu1","NIT",50,"cliver",0.352782402277731
"4591",459,"Simu1","NIT",50,"cliver",0.340915445479761
"4592",459.1,"Simu1","NIT",50,"cliver",0.329157679477861
"4593",459.2,"Simu1","NIT",50,"cliver",0.317531731194447
"4594",459.3,"Simu1","NIT",50,"cliver",0.306057905679265
"4595",459.4,"Simu1","NIT",50,"cliver",0.294754365140078
"4596",459.5,"Simu1","NIT",50,"cliver",0.283637375487966
"4597",459.6,"Simu1","NIT",50,"cliver",0.272721348211118
"4598",459.7,"Simu1","NIT",50,"cliver",0.262019042036446
"4599",459.8,"Simu1","NIT",50,"cliver",0.251541702861221
"4600",459.9,"Simu1","NIT",50,"cliver",0.241299146826929
"4601",460,"Simu1","NIT",50,"cliver",0.231299881916956
"4602",460.1,"Simu1","NIT",50,"cliver",0.221551185204084
"4603",460.2,"Simu1","NIT",50,"cliver",0.212059187505972
"4604",460.3,"Simu1","NIT",50,"cliver",0.202828970444036
"4605",460.4,"Simu1","NIT",50,"cliver",0.19386465080735
"4606",460.5,"Simu1","NIT",50,"cliver",0.185169330863577
"4607",460.6,"Simu1","NIT",50,"cliver",0.176745206765661
"4608",460.7,"Simu1","NIT",50,"cliver",0.168593720398189
"4609",460.8,"Simu1","NIT",50,"cliver",0.160715475966837
"4610",460.9,"Simu1","NIT",50,"cliver",0.153110302274696
"4611",461,"Simu1","NIT",50,"cliver",0.145777279713691
"4612",461.1,"Simu1","NIT",50,"cliver",0.138714777475203
"4613",461.2,"Simu1","NIT",50,"cliver",0.131920460300618
"4614",461.3,"Simu1","NIT",50,"cliver",0.125391472629727
"4615",461.4,"Simu1","NIT",50,"cliver",0.119124320541724
"4616",461.5,"Simu1","NIT",50,"cliver",0.113114949859405
"4617",461.6,"Simu1","NIT",50,"cliver",0.107358697438968
"4618",461.7,"Simu1","NIT",50,"cliver",0.101850438171682
"4619",461.8,"Simu1","NIT",50,"cliver",0.0965846751925575
"4620",461.9,"Simu1","NIT",50,"cliver",0.0915555321835682
"4621",462,"Simu1","NIT",50,"cliver",0.0877978271828799
"4622",462.1,"Simu1","NIT",50,"cliver",0.352992721128604
"4623",462.2,"Simu1","NIT",50,"cliver",0.477609803895799
"4624",462.3,"Simu1","NIT",50,"cliver",0.515773357469205
"4625",462.4,"Simu1","NIT",50,"cliver",0.531657968689474
"4626",462.5,"Simu1","NIT",50,"cliver",0.540041044806856
"4627",462.6,"Simu1","NIT",50,"cliver",0.544787841858657
"4628",462.7,"Simu1","NIT",50,"cliver",0.547054824202902
"4629",462.8,"Simu1","NIT",50,"cliver",0.547303252875682
"4630",462.9,"Simu1","NIT",50,"cliver",0.545803933505407
"4631",463,"Simu1","NIT",50,"cliver",0.542764504767929
"4632",463.1,"Simu1","NIT",50,"cliver",0.538363618401222
"4633",463.2,"Simu1","NIT",50,"cliver",0.532760166326808
"4634",463.3,"Simu1","NIT",50,"cliver",0.526097673919188
"4635",463.4,"Simu1","NIT",50,"cliver",0.518505963712781
"4636",463.5,"Simu1","NIT",50,"cliver",0.510102827299112
"4637",463.6,"Simu1","NIT",50,"cliver",0.500995270620655
"4638",463.7,"Simu1","NIT",50,"cliver",0.491280453209078
"4639",463.8,"Simu1","NIT",50,"cliver",0.481046708324058
"4640",463.9,"Simu1","NIT",50,"cliver",0.470374428441441
"4641",464,"Simu1","NIT",50,"cliver",0.45933678568589
"4642",464.1,"Simu1","NIT",50,"cliver",0.448000359554293
"4643",464.2,"Simu1","NIT",50,"cliver",0.436425717165339
"4644",464.3,"Simu1","NIT",50,"cliver",0.42466795755179
"4645",464.4,"Simu1","NIT",50,"cliver",0.41277719729797
"4646",464.5,"Simu1","NIT",50,"cliver",0.400798990804013
"4647",464.6,"Simu1","NIT",50,"cliver",0.388774706563093
"4648",464.7,"Simu1","NIT",50,"cliver",0.376741876976862
"4649",464.8,"Simu1","NIT",50,"cliver",0.364734520600186
"4650",464.9,"Simu1","NIT",50,"cliver",0.352783432098251
"4651",465,"Simu1","NIT",50,"cliver",0.340916443215559
"4652",465.1,"Simu1","NIT",50,"cliver",0.329158661633928
"4653",465.2,"Simu1","NIT",50,"cliver",0.317532691155539
"4654",465.3,"Simu1","NIT",50,"cliver",0.306058833282374
"4655",465.4,"Simu1","NIT",50,"cliver",0.294755270572225
"4656",465.5,"Simu1","NIT",50,"cliver",0.28363823368182
"4657",465.6,"Simu1","NIT",50,"cliver",0.27272215407372
"4658",465.7,"Simu1","NIT",50,"cliver",0.262019803408195
"4659",465.8,"Simu1","NIT",50,"cliver",0.251542420223093
"4660",465.9,"Simu1","NIT",50,"cliver",0.241299823900739
"4661",466,"Simu1","NIT",50,"cliver",0.231300518350821
"4662",466.1,"Simu1","NIT",50,"cliver",0.221551784847287
"4663",466.2,"Simu1","NIT",50,"cliver",0.212059765047254
"4664",466.3,"Simu1","NIT",50,"cliver",0.202829534724809
"4665",466.4,"Simu1","NIT",50,"cliver",0.193865169294705
"4666",466.5,"Simu1","NIT",50,"cliver",0.185169801858901
"4667",466.6,"Simu1","NIT",50,"cliver",0.17674567448814
"4668",466.7,"Simu1","NIT",50,"cliver",0.168594183482015
"4669",466.8,"Simu1","NIT",50,"cliver",0.160715920081025
"4670",466.9,"Simu1","NIT",50,"cliver",0.153110707264081
"4671",467,"Simu1","NIT",50,"cliver",0.145777634412814
"4672",467.1,"Simu1","NIT",50,"cliver",0.138715089462019
"4673",467.2,"Simu1","NIT",50,"cliver",0.131920792622156
"4674",467.3,"Simu1","NIT",50,"cliver",0.125391826510192
"4675",467.4,"Simu1","NIT",50,"cliver",0.119124677123826
"4676",467.5,"Simu1","NIT",50,"cliver",0.113115254546147
"4677",467.6,"Simu1","NIT",50,"cliver",0.107358979734508
"4678",467.7,"Simu1","NIT",50,"cliver",0.101850751971635
"4679",467.8,"Simu1","NIT",50,"cliver",0.0965849849774147
"4680",467.9,"Simu1","NIT",50,"cliver",0.0915557749621414
"4681",468,"Simu1","NIT",50,"cliver",0.0877979297761894
"4682",468.1,"Simu1","NIT",50,"cliver",0.352991982284697
"4683",468.2,"Simu1","NIT",50,"cliver",0.477608334560591
"4684",468.3,"Simu1","NIT",50,"cliver",0.515770768234865
"4685",468.4,"Simu1","NIT",50,"cliver",0.53165479234161
"4686",468.5,"Simu1","NIT",50,"cliver",0.540037323730094
"4687",468.6,"Simu1","NIT",50,"cliver",0.544784179650759
"4688",468.7,"Simu1","NIT",50,"cliver",0.547051197229303
"4689",468.8,"Simu1","NIT",50,"cliver",0.54729977534072
"4690",468.9,"Simu1","NIT",50,"cliver",0.545800570827404
"4691",469,"Simu1","NIT",50,"cliver",0.54276127476733
"4692",469.1,"Simu1","NIT",50,"cliver",0.538360369504823
"4693",469.2,"Simu1","NIT",50,"cliver",0.532756930398437
"4694",469.3,"Simu1","NIT",50,"cliver",0.526094457942617
"4695",469.4,"Simu1","NIT",50,"cliver",0.518502751194366
"4696",469.5,"Simu1","NIT",50,"cliver",0.510099640757722
"4697",469.6,"Simu1","NIT",50,"cliver",0.500992123005591
"4698",469.7,"Simu1","NIT",50,"cliver",0.491277345114558
"4699",469.8,"Simu1","NIT",50,"cliver",0.48104363195888
"4700",469.9,"Simu1","NIT",50,"cliver",0.470371404274068
"4701",470,"Simu1","NIT",50,"cliver",0.45933382153151
"4702",470.1,"Simu1","NIT",50,"cliver",0.447997451869419
"4703",470.2,"Simu1","NIT",50,"cliver",0.436422860614043
"4704",470.3,"Simu1","NIT",50,"cliver",0.424665151559825
"4705",470.4,"Simu1","NIT",50,"cliver",0.412774446151863
"4706",470.5,"Simu1","NIT",50,"cliver",0.400796297341337
"4707",470.6,"Simu1","NIT",50,"cliver",0.38877207217103
"4708",470.7,"Simu1","NIT",50,"cliver",0.376739301969497
"4709",470.8,"Simu1","NIT",50,"cliver",0.364732006953911
"4710",470.9,"Simu1","NIT",50,"cliver",0.35278098041775
"4711",471,"Simu1","NIT",50,"cliver",0.340914053867199
"4712",471.1,"Simu1","NIT",50,"cliver",0.329156336150874
"4713",471.2,"Simu1","NIT",50,"cliver",0.317530433291091
"4714",471.3,"Simu1","NIT",50,"cliver",0.306056640484818
"4715",471.4,"Simu1","NIT",50,"cliver",0.294753138703243
"4716",471.5,"Simu1","NIT",50,"cliver",0.283636164303535
"4717",471.6,"Simu1","NIT",50,"cliver",0.272720151725456
"4718",471.7,"Simu1","NIT",50,"cliver",0.262017866054501
"4719",471.8,"Simu1","NIT",50,"cliver",0.251540543803693
"4720",471.9,"Simu1","NIT",50,"cliver",0.241298010325488
"4721",472,"Simu1","NIT",50,"cliver",0.231298769168417
"4722",472.1,"Simu1","NIT",50,"cliver",0.22155009683411
"4723",472.2,"Simu1","NIT",50,"cliver",0.212058135938934
"4724",472.3,"Simu1","NIT",50,"cliver",0.202827965792681
"4725",472.4,"Simu1","NIT",50,"cliver",0.193863660735196
"4726",472.5,"Simu1","NIT",50,"cliver",0.185168351479309
"4727",472.6,"Simu1","NIT",50,"cliver",0.176744280390472
"4728",472.7,"Simu1","NIT",50,"cliver",0.168592845714815
"4729",472.8,"Simu1","NIT",50,"cliver",0.160714637722945
"4730",472.9,"Simu1","NIT",50,"cliver",0.15310947957538
"4731",473,"Simu1","NIT",50,"cliver",0.145776458010887
"4732",473.1,"Simu1","NIT",50,"cliver",0.13871396722826
"4733",473.2,"Simu1","NIT",50,"cliver",0.13191971470369
"4734",473.3,"Simu1","NIT",50,"cliver",0.125390812911043
"4735",473.4,"Simu1","NIT",50,"cliver",0.119123672004286
"4736",473.5,"Simu1","NIT",50,"cliver",0.113114217941753
"4737",473.6,"Simu1","NIT",50,"cliver",0.107357968909832
"4738",473.7,"Simu1","NIT",50,"cliver",0.101849819877074
"4739",473.8,"Simu1","NIT",50,"cliver",0.0965841247442566
"4740",473.9,"Simu1","NIT",50,"cliver",0.0915549614619066
"4741",474,"Simu1","NIT",50,"cliver",0.0877971775607875
"4742",474.1,"Simu1","NIT",50,"cliver",0.35299207559285
"4743",474.2,"Simu1","NIT",50,"cliver",0.477609976518574
"4744",474.3,"Simu1","NIT",50,"cliver",0.515773513088496
"4745",474.4,"Simu1","NIT",50,"cliver",0.531656818119937
"4746",474.5,"Simu1","NIT",50,"cliver",0.540038535829666
"4747",474.6,"Simu1","NIT",50,"cliver",0.544784784206389
"4748",474.7,"Simu1","NIT",50,"cliver",0.547052273563012
"4749",474.8,"Simu1","NIT",50,"cliver",0.547301095333391
"4750",474.9,"Simu1","NIT",50,"cliver",0.545801884346249
"4751",475,"Simu1","NIT",50,"cliver",0.542762595840808
"4752",475.1,"Simu1","NIT",50,"cliver",0.538361717595571
"4753",475.2,"Simu1","NIT",50,"cliver",0.532758256913136
"4754",475.3,"Simu1","NIT",50,"cliver",0.5260957914131
"4755",475.4,"Simu1","NIT",50,"cliver",0.518504190139798
"4756",475.5,"Simu1","NIT",50,"cliver",0.510101133698568
"4757",475.6,"Simu1","NIT",50,"cliver",0.500993594879553
"4758",475.7,"Simu1","NIT",50,"cliver",0.49127878981324
"4759",475.8,"Simu1","NIT",50,"cliver",0.481045084654988
"4760",475.9,"Simu1","NIT",50,"cliver",0.470372852886097
"4761",476,"Simu1","NIT",50,"cliver",0.459335249981434
"4762",476.1,"Simu1","NIT",50,"cliver",0.447998858302069
"4763",476.2,"Simu1","NIT",50,"cliver",0.43642425224981
"4764",476.3,"Simu1","NIT",50,"cliver",0.424666531071551
"4765",476.4,"Simu1","NIT",50,"cliver",0.412775808609168
"4766",476.5,"Simu1","NIT",50,"cliver",0.400797639206097
"4767",476.6,"Simu1","NIT",50,"cliver",0.388773392355872
"4768",476.7,"Simu1","NIT",50,"cliver",0.376740599962804
"4769",476.8,"Simu1","NIT",50,"cliver",0.364733279918796
"4770",476.9,"Simu1","NIT",50,"cliver",0.352782227436195
"4771",477,"Simu1","NIT",50,"cliver",0.340915274834189
"4772",477.1,"Simu1","NIT",50,"cliver",0.329157529362273
"4773",477.2,"Simu1","NIT",50,"cliver",0.317531594228309
"4774",477.3,"Simu1","NIT",50,"cliver",0.306057771075429
"4775",477.4,"Simu1","NIT",50,"cliver",0.294754242888648
"4776",477.5,"Simu1","NIT",50,"cliver",0.283637240306885
"4777",477.6,"Simu1","NIT",50,"cliver",0.272721194475834
"4778",477.7,"Simu1","NIT",50,"cliver",0.262018877077993
"4779",477.8,"Simu1","NIT",50,"cliver",0.251541526512044
"4780",477.9,"Simu1","NIT",50,"cliver",0.241298962323492
"4781",478,"Simu1","NIT",50,"cliver",0.231299688411346
"4782",478.1,"Simu1","NIT",50,"cliver",0.221550986029776
"4783",478.2,"Simu1","NIT",50,"cliver",0.212058996782328
"4784",478.3,"Simu1","NIT",50,"cliver",0.202828796417549
"4785",478.4,"Simu1","NIT",50,"cliver",0.193864460355049
"4786",478.5,"Simu1","NIT",50,"cliver",0.185169121725283
"4787",478.6,"Simu1","NIT",50,"cliver",0.176745022528357
"4788",478.7,"Simu1","NIT",50,"cliver",0.168593559078735
"4789",478.8,"Simu1","NIT",50,"cliver",0.160715322535227
"4790",478.9,"Simu1","NIT",50,"cliver",0.153110136038672
"4791",479,"Simu1","NIT",50,"cliver",0.145777088637582
"4792",479.1,"Simu1","NIT",50,"cliver",0.138714568883093
"4793",479.2,"Simu1","NIT",50,"cliver",0.131920295583123
"4794",479.3,"Simu1","NIT",50,"cliver",0.12539135453492
"4795",479.4,"Simu1","NIT",50,"cliver",0.119124224072106
"4796",479.5,"Simu1","NIT",50,"cliver",0.113114835653133
"4797",479.6,"Simu1","NIT",50,"cliver",0.107358580366068
"4798",479.7,"Simu1","NIT",50,"cliver",0.101850339286586
"4799",479.8,"Simu1","NIT",50,"cliver",0.0965845820836599
"4800",479.9,"Simu1","NIT",50,"cliver",0.0915554143893762
"4801",480,"Simu1","NIT",50,"cliver",0.087797587937669
"4802",480.1,"Simu1","NIT",50,"cliver",0.352993507451063
"4803",480.2,"Simu1","NIT",50,"cliver",0.477610976611249
"4804",480.3,"Simu1","NIT",50,"cliver",0.51577430921774
"4805",480.4,"Simu1","NIT",50,"cliver",0.531659517036276
"4806",480.5,"Simu1","NIT",50,"cliver",0.540042421572187
"4807",480.6,"Simu1","NIT",50,"cliver",0.544788745945661
"4808",480.7,"Simu1","NIT",50,"cliver",0.54705559593725
"4809",480.8,"Simu1","NIT",50,"cliver",0.547304325289706
"4810",480.9,"Simu1","NIT",50,"cliver",0.545804303314748
"4811",481,"Simu1","NIT",50,"cliver",0.54276661835242
"4812",481.1,"Simu1","NIT",50,"cliver",0.538364625893595
"4813",481.2,"Simu1","NIT",50,"cliver",0.53276183239445
"4814",481.3,"Simu1","NIT",50,"cliver",0.52609899074771
"4815",481.4,"Simu1","NIT",50,"cliver",0.518507075405179
"4816",481.5,"Simu1","NIT",50,"cliver",0.510104799599754
"4817",481.6,"Simu1","NIT",50,"cliver",0.500995742773439
"4818",481.7,"Simu1","NIT",50,"cliver",0.491281723910885
"4819",481.8,"Simu1","NIT",50,"cliver",0.481048096077152
"4820",481.9,"Simu1","NIT",50,"cliver",0.470375805153744
"4821",482,"Simu1","NIT",50,"cliver",0.45933806884466
"4822",482.1,"Simu1","NIT",50,"cliver",0.448001768289304
"4823",482.2,"Simu1","NIT",50,"cliver",0.436427256384608
"4824",482.3,"Simu1","NIT",50,"cliver",0.424669521693625
"4825",482.4,"Simu1","NIT",50,"cliver",0.412778739951981
"4826",482.5,"Simu1","NIT",50,"cliver",0.400800515946479
"4827",482.6,"Simu1","NIT",50,"cliver",0.388776218386164
"4828",482.7,"Simu1","NIT",50,"cliver",0.376743354504246
"4829",482.8,"Simu1","NIT",50,"cliver",0.364735925969014
"4830",482.9,"Simu1","NIT",50,"cliver",0.352784758167753
"4831",483,"Simu1","NIT",50,"cliver",0.340917711472809
"4832",483.1,"Simu1","NIT",50,"cliver",0.329159894028916
"4833",483.2,"Simu1","NIT",50,"cliver",0.317533886739337
"4834",483.3,"Simu1","NIT",50,"cliver",0.306059989073508
"4835",483.4,"Simu1","NIT",50,"cliver",0.294756376698142
"4836",483.5,"Simu1","NIT",50,"cliver",0.283639306406631
"4837",483.6,"Simu1","NIT",50,"cliver",0.272723177028162
"4838",483.7,"Simu1","NIT",50,"cliver",0.262020813267809
"4839",483.8,"Simu1","NIT",50,"cliver",0.251543338721407
"4840",483.9,"Simu1","NIT",50,"cliver",0.241300677690577
"4841",484,"Simu1","NIT",50,"cliver",0.231301365450114
"4842",484.1,"Simu1","NIT",50,"cliver",0.221552671840633
"4843",484.2,"Simu1","NIT",50,"cliver",0.212060609750216
"4844",484.3,"Simu1","NIT",50,"cliver",0.202830286256528
"4845",484.4,"Simu1","NIT",50,"cliver",0.193865878541279
"4846",484.5,"Simu1","NIT",50,"cliver",0.185170510209061
"4847",484.6,"Simu1","NIT",50,"cliver",0.176746392447487
"4848",484.7,"Simu1","NIT",50,"cliver",0.168594893092
"4849",484.8,"Simu1","NIT",50,"cliver",0.160716571520804
"4850",484.9,"Simu1","NIT",50,"cliver",0.15311131030226
"4851",485,"Simu1","NIT",50,"cliver",0.145778118430341
"4852",485.1,"Simu1","NIT",50,"cliver",0.138715719704456
"4853",485.2,"Simu1","NIT",50,"cliver",0.131921359775146
"4854",485.3,"Simu1","NIT",50,"cliver",0.125392284562543
"4855",485.4,"Simu1","NIT",50,"cliver",0.11912512434477
"4856",485.5,"Simu1","NIT",50,"cliver",0.113115795975193
"4857",485.6,"Simu1","NIT",50,"cliver",0.107359417844174
"4858",485.7,"Simu1","NIT",50,"cliver",0.101851076309159
"4859",485.8,"Simu1","NIT",50,"cliver",0.0965853422676784
"4860",485.9,"Simu1","NIT",50,"cliver",0.091556136107294
"4861",486,"Simu1","NIT",50,"cliver",0.0877982628833055
"4862",486.1,"Simu1","NIT",50,"cliver",0.3529922896348
"4863",486.2,"Simu1","NIT",50,"cliver",0.477608660083615
"4864",486.3,"Simu1","NIT",50,"cliver",0.515771134235726
"4865",486.4,"Simu1","NIT",50,"cliver",0.531655276711129
"4866",486.5,"Simu1","NIT",50,"cliver",0.54003722696588
"4867",486.6,"Simu1","NIT",50,"cliver",0.544784283004686
"4868",486.7,"Simu1","NIT",50,"cliver",0.547051439250925
"4869",486.8,"Simu1","NIT",50,"cliver",0.547300089470714
"4870",486.9,"Simu1","NIT",50,"cliver",0.545800828830895
"4871",487,"Simu1","NIT",50,"cliver",0.542761445117279
"4872",487.1,"Simu1","NIT",50,"cliver",0.538360545567083
"4873",487.2,"Simu1","NIT",50,"cliver",0.532757138102067
"4874",487.3,"Simu1","NIT",50,"cliver",0.526094654857311
"4875",487.4,"Simu1","NIT",50,"cliver",0.51850297856988
"4876",487.5,"Simu1","NIT",50,"cliver",0.510099859253127
"4877",487.6,"Simu1","NIT",50,"cliver",0.500992296702946
"4878",487.7,"Simu1","NIT",50,"cliver",0.491277498970665
"4879",487.8,"Simu1","NIT",50,"cliver",0.481043795762934
"4880",487.9,"Simu1","NIT",50,"cliver",0.470371556962468
"4881",488,"Simu1","NIT",50,"cliver",0.459333950242297
"4882",488.1,"Simu1","NIT",50,"cliver",0.447997560913641
"4883",488.2,"Simu1","NIT",50,"cliver",0.436422963232172
"4884",488.3,"Simu1","NIT",50,"cliver",0.424665254931301
"4885",488.4,"Simu1","NIT",50,"cliver",0.412774546885494
"4886",488.5,"Simu1","NIT",50,"cliver",0.400796392024813
"4887",488.6,"Simu1","NIT",50,"cliver",0.388772161308651
"4888",488.7,"Simu1","NIT",50,"cliver",0.376739388311586
"4889",488.8,"Simu1","NIT",50,"cliver",0.364732090274842
"4890",488.9,"Simu1","NIT",50,"cliver",0.352781060517845
"4891",489,"Simu1","NIT",50,"cliver",0.340914130764107
"4892",489.1,"Simu1","NIT",50,"cliver",0.329156409153027
"4893",489.2,"Simu1","NIT",50,"cliver",0.317530499425028
"4894",489.3,"Simu1","NIT",50,"cliver",0.306056702613649
"4895",489.4,"Simu1","NIT",50,"cliver",0.294753200969935
"4896",489.5,"Simu1","NIT",50,"cliver",0.283636225127439
"4897",489.6,"Simu1","NIT",50,"cliver",0.272720206544415
"4898",489.7,"Simu1","NIT",50,"cliver",0.26201791673335
"4899",489.8,"Simu1","NIT",50,"cliver",0.251540593993556
"4900",489.9,"Simu1","NIT",50,"cliver",0.241298057850103
"4901",490,"Simu1","NIT",50,"cliver",0.231298812028207
"4902",490.1,"Simu1","NIT",50,"cliver",0.221550137681177
"4903",490.2,"Simu1","NIT",50,"cliver",0.212058176352886
"4904",490.3,"Simu1","NIT",50,"cliver",0.202828003809964
"4905",490.4,"Simu1","NIT",50,"cliver",0.193863695435583
"4906",490.5,"Simu1","NIT",50,"cliver",0.185168384240769
"4907",490.6,"Simu1","NIT",50,"cliver",0.176744312189228
"4908",490.7,"Simu1","NIT",50,"cliver",0.168592875579107
"4909",490.8,"Simu1","NIT",50,"cliver",0.160714665573778
"4910",490.9,"Simu1","NIT",50,"cliver",0.153109505157031
"4911",491,"Simu1","NIT",50,"cliver",0.145776483508564
"4912",491.1,"Simu1","NIT",50,"cliver",0.138713988783692
"4913",491.2,"Simu1","NIT",50,"cliver",0.131919740624842
"4914",491.3,"Simu1","NIT",50,"cliver",0.125390822725072
"4915",491.4,"Simu1","NIT",50,"cliver",0.119123718531924
"4916",491.5,"Simu1","NIT",50,"cliver",0.113114343924211
"4917",491.6,"Simu1","NIT",50,"cliver",0.107358078320767
"4918",491.7,"Simu1","NIT",50,"cliver",0.101849827520249
"4919",491.8,"Simu1","NIT",50,"cliver",0.0965840734586487
"4920",491.9,"Simu1","NIT",50,"cliver",0.0915549516208818
"4921",492,"Simu1","NIT",50,"cliver",0.0877971793572528
"4922",492.1,"Simu1","NIT",50,"cliver",0.352991994454534
"4923",492.2,"Simu1","NIT",50,"cliver",0.477609743286049
"4924",492.3,"Simu1","NIT",50,"cliver",0.515773210881686
"4925",492.4,"Simu1","NIT",50,"cliver",0.531656329905643
"4926",492.5,"Simu1","NIT",50,"cliver",0.540038196533291
"4927",492.6,"Simu1","NIT",50,"cliver",0.544784668876949
"4928",492.7,"Simu1","NIT",50,"cliver",0.547051950150028
"4929",492.8,"Simu1","NIT",50,"cliver",0.547300802907196
"4930",492.9,"Simu1","NIT",50,"cliver",0.545801496318135
"4931",493,"Simu1","NIT",50,"cliver",0.542762221563988
"4932",493.1,"Simu1","NIT",50,"cliver",0.538361411811317
"4933",493.2,"Simu1","NIT",50,"cliver",0.53275791030998
"4934",493.3,"Simu1","NIT",50,"cliver",0.526095455107167
"4935",493.4,"Simu1","NIT",50,"cliver",0.518503899619815
"4936",493.5,"Simu1","NIT",50,"cliver",0.510100849052065
"4937",493.6,"Simu1","NIT",50,"cliver",0.500993301938057
"4938",493.7,"Simu1","NIT",50,"cliver",0.49127847955439
"4939",493.8,"Simu1","NIT",50,"cliver",0.481044791788686
"4940",493.9,"Simu1","NIT",50,"cliver",0.47037258654852
"4941",494,"Simu1","NIT",50,"cliver",0.459335000604617
"4942",494.1,"Simu1","NIT",50,"cliver",0.44799858597006
"4943",494.2,"Simu1","NIT",50,"cliver",0.436423973184095
"4944",494.3,"Simu1","NIT",50,"cliver",0.424666281173995
"4945",494.4,"Simu1","NIT",50,"cliver",0.412775564240021
"4946",494.5,"Simu1","NIT",50,"cliver",0.400797416432114
"4947",494.6,"Simu1","NIT",50,"cliver",0.388773214500708
"4948",494.7,"Simu1","NIT",50,"cliver",0.376740469597979
"4949",494.8,"Simu1","NIT",50,"cliver",0.364733184278555
"4950",494.9,"Simu1","NIT",50,"cliver",0.352782161691799
"4951",495,"Simu1","NIT",50,"cliver",0.340915230865451
"4952",495.1,"Simu1","NIT",50,"cliver",0.329157499481248
"4953",495.2,"Simu1","NIT",50,"cliver",0.317531572928544
"4954",495.3,"Simu1","NIT",50,"cliver",0.306057769289671
"4955",495.4,"Simu1","NIT",50,"cliver",0.294754266536969
"4956",495.5,"Simu1","NIT",50,"cliver",0.283637288218945
"4957",495.6,"Simu1","NIT",50,"cliver",0.272721261237585
"4958",495.7,"Simu1","NIT",50,"cliver",0.262018955357901
"4959",495.8,"Simu1","NIT",50,"cliver",0.251541616894434
"4960",495.9,"Simu1","NIT",50,"cliver",0.241299055673736
"4961",496,"Simu1","NIT",50,"cliver",0.231299805763055
"4962",496.1,"Simu1","NIT",50,"cliver",0.221551123085063
"4963",496.2,"Simu1","NIT",50,"cliver",0.212059115170537
"4964",496.3,"Simu1","NIT",50,"cliver",0.202828870870515
"4965",496.4,"Simu1","NIT",50,"cliver",0.193864534795221
"4966",496.5,"Simu1","NIT",50,"cliver",0.185169190384168
"4967",496.6,"Simu1","NIT",50,"cliver",0.176745160915239
"4968",496.7,"Simu1","NIT",50,"cliver",0.168593675921614
"4969",496.8,"Simu1","NIT",50,"cliver",0.160715364615392
"4970",496.9,"Simu1","NIT",50,"cliver",0.153110191564958
"4971",497,"Simu1","NIT",50,"cliver",0.145777183229598
"4972",497.1,"Simu1","NIT",50,"cliver",0.138714642497425
"4973",497.2,"Simu1","NIT",50,"cliver",0.131920331976473
"4974",497.3,"Simu1","NIT",50,"cliver",0.125391387182325
"4975",497.4,"Simu1","NIT",50,"cliver",0.119124268479578
"4976",497.5,"Simu1","NIT",50,"cliver",0.1131148737284
"4977",497.6,"Simu1","NIT",50,"cliver",0.107358588624683
"4978",497.7,"Simu1","NIT",50,"cliver",0.101850346399796
"4979",497.8,"Simu1","NIT",50,"cliver",0.0965845991777488
"4980",497.9,"Simu1","NIT",50,"cliver",0.0915554462305404
"4981",498,"Simu1","NIT",50,"cliver",0.0877976098918313
"4982",498.1,"Simu1","NIT",50,"cliver",0.3529926806461
"4983",498.2,"Simu1","NIT",50,"cliver",0.47761163779267
"4984",498.3,"Simu1","NIT",50,"cliver",0.515774824239486
"4985",498.4,"Simu1","NIT",50,"cliver",0.531658931412923
"4986",498.5,"Simu1","NIT",50,"cliver",0.540042554402664
"4987",498.6,"Simu1","NIT",50,"cliver",0.544789524759725
"4988",498.7,"Simu1","NIT",50,"cliver",0.547056483194425
"4989",498.8,"Simu1","NIT",50,"cliver",0.547305007579475
"4990",498.9,"Simu1","NIT",50,"cliver",0.545805706602114
"4991",499,"Simu1","NIT",50,"cliver",0.542766337470869
"4992",499.1,"Simu1","NIT",50,"cliver",0.53836534950733
"4993",499.2,"Simu1","NIT",50,"cliver",0.532761950818376
"4994",499.3,"Simu1","NIT",50,"cliver",0.526099492864887
"4995",499.4,"Simu1","NIT",50,"cliver",0.518507828636686
"4996",499.5,"Simu1","NIT",50,"cliver",0.510104723829263
"4997",499.6,"Simu1","NIT",50,"cliver",0.500997112195649
"4998",499.7,"Simu1","NIT",50,"cliver",0.491282232212112
"4999",499.8,"Simu1","NIT",50,"cliver",0.48104847516269
"5000",499.9,"Simu1","NIT",50,"cliver",0.47037619739751
"5001",500,"Simu1","NIT",50,"cliver",0.459338532411357
"5002",500.1,"Simu1","NIT",50,"cliver",0.448002063367466
"5003",500.2,"Simu1","NIT",50,"cliver",0.436427379057063
"5004",500.3,"Simu1","NIT",50,"cliver",0.424669589522374
"5005",500.4,"Simu1","NIT",50,"cliver",0.412778802238485
"5006",500.5,"Simu1","NIT",50,"cliver",0.400800561423515
"5007",500.6,"Simu1","NIT",50,"cliver",0.388776237802894
"5008",500.7,"Simu1","NIT",50,"cliver",0.376743370446962
"5009",500.8,"Simu1","NIT",50,"cliver",0.364735978943929
"5010",500.9,"Simu1","NIT",50,"cliver",0.352784854862527
"5011",501,"Simu1","NIT",50,"cliver",0.340917828473165
"5012",501.1,"Simu1","NIT",50,"cliver",0.32916000866972
"5013",501.2,"Simu1","NIT",50,"cliver",0.317534000556979
"5014",501.3,"Simu1","NIT",50,"cliver",0.30606010555692
"5015",501.4,"Simu1","NIT",50,"cliver",0.294756505595603
"5016",501.5,"Simu1","NIT",50,"cliver",0.283639431224032
"5017",501.6,"Simu1","NIT",50,"cliver",0.272723314269441
"5018",501.7,"Simu1","NIT",50,"cliver",0.262020926621005
"5019",501.8,"Simu1","NIT",50,"cliver",0.25154350661793
"5020",501.9,"Simu1","NIT",50,"cliver",0.241300873814608
"5021",502,"Simu1","NIT",50,"cliver",0.231301532346208
"5022",502.1,"Simu1","NIT",50,"cliver",0.221552763346776
"5023",502.2,"Simu1","NIT",50,"cliver",0.212060708370262
"5024",502.3,"Simu1","NIT",50,"cliver",0.202830443247413
"5025",502.4,"Simu1","NIT",50,"cliver",0.193866043573914
"5026",502.5,"Simu1","NIT",50,"cliver",0.185170642499292
"5027",502.6,"Simu1","NIT",50,"cliver",0.17674648200407
"5028",502.7,"Simu1","NIT",50,"cliver",0.168594958422801
"5029",502.8,"Simu1","NIT",50,"cliver",0.16071666307309
"5030",502.9,"Simu1","NIT",50,"cliver",0.153111419034163
"5031",503,"Simu1","NIT",50,"cliver",0.145778315550555
"5032",503.1,"Simu1","NIT",50,"cliver",0.138715740820715
"5033",503.2,"Simu1","NIT",50,"cliver",0.131921414551075
"5034",503.3,"Simu1","NIT",50,"cliver",0.125392420690114
"5035",503.4,"Simu1","NIT",50,"cliver",0.119125242085179
"5036",503.5,"Simu1","NIT",50,"cliver",0.113115796901267
"5037",503.6,"Simu1","NIT",50,"cliver",0.107359476551473
"5038",503.7,"Simu1","NIT",50,"cliver",0.101851160829579
"5039",503.8,"Simu1","NIT",50,"cliver",0.0965853596696363
"5040",503.9,"Simu1","NIT",50,"cliver",0.0915562240425316
"5041",504,"Simu1","NIT",50,"cliver",0.0877984033013916
"5042",504.1,"Simu1","NIT",50,"cliver",0.352993038200686
"5043",504.2,"Simu1","NIT",50,"cliver",0.477610388774237
"5044",504.3,"Simu1","NIT",50,"cliver",0.515773704143322
"5045",504.4,"Simu1","NIT",50,"cliver",0.531657452877289
"5046",504.5,"Simu1","NIT",50,"cliver",0.540039464060799
"5047",504.6,"Simu1","NIT",50,"cliver",0.544785672226387
"5048",504.7,"Simu1","NIT",50,"cliver",0.547052863000883
"5049",504.8,"Simu1","NIT",50,"cliver",0.547301491716784
"5050",504.9,"Simu1","NIT",50,"cliver",0.545802337897787
"5051",505,"Simu1","NIT",50,"cliver",0.542762891986325
"5052",505.1,"Simu1","NIT",50,"cliver",0.538362129821325
"5053",505.2,"Simu1","NIT",50,"cliver",0.532758699762576
"5054",505.3,"Simu1","NIT",50,"cliver",0.526096151281996
"5055",505.4,"Simu1","NIT",50,"cliver",0.518504530964028
"5056",505.5,"Simu1","NIT",50,"cliver",0.51010149051073
"5057",505.6,"Simu1","NIT",50,"cliver",0.500993919389254
"5058",505.7,"Simu1","NIT",50,"cliver",0.491279089097341
"5059",505.8,"Simu1","NIT",50,"cliver",0.481045368690303
"5060",505.9,"Simu1","NIT",50,"cliver",0.470373145195199
"5061",506,"Simu1","NIT",50,"cliver",0.459335520767164
"5062",506.1,"Simu1","NIT",50,"cliver",0.447999097830376
"5063",506.2,"Simu1","NIT",50,"cliver",0.436424444340687
"5064",506.3,"Simu1","NIT",50,"cliver",0.424666724850012
"5065",506.4,"Simu1","NIT",50,"cliver",0.412775969106482
"5066",506.5,"Simu1","NIT",50,"cliver",0.400797790427068
"5067",506.6,"Simu1","NIT",50,"cliver",0.388773559515892
"5068",506.7,"Simu1","NIT",50,"cliver",0.376740741261293
"5069",506.8,"Simu1","NIT",50,"cliver",0.364733392514501
"5070",506.9,"Simu1","NIT",50,"cliver",0.35278235750176
"5071",507,"Simu1","NIT",50,"cliver",0.34091540338046
"5072",507.1,"Simu1","NIT",50,"cliver",0.329157619658414
"5073",507.2,"Simu1","NIT",50,"cliver",0.317531692296954
"5074",507.3,"Simu1","NIT",50,"cliver",0.306057883511113
"5075",507.4,"Simu1","NIT",50,"cliver",0.294754316025436
"5076",507.5,"Simu1","NIT",50,"cliver",0.283637291662486
"5077",507.6,"Simu1","NIT",50,"cliver",0.272721270877354
"5078",507.7,"Simu1","NIT",50,"cliver",0.262018959905191
"5079",507.8,"Simu1","NIT",50,"cliver",0.251541581190057
"5080",507.9,"Simu1","NIT",50,"cliver",0.24129900392293
"5081",508,"Simu1","NIT",50,"cliver",0.231299740215242
"5082",508.1,"Simu1","NIT",50,"cliver",0.221551040550093
"5083",508.2,"Simu1","NIT",50,"cliver",0.212059037235229
"5084",508.3,"Simu1","NIT",50,"cliver",0.202828829355663
"5085",508.4,"Simu1","NIT",50,"cliver",0.193864492946086
"5086",508.5,"Simu1","NIT",50,"cliver",0.185169158427609
"5087",508.6,"Simu1","NIT",50,"cliver",0.176745046767816
"5088",508.7,"Simu1","NIT",50,"cliver",0.168593590964662
"5089",508.8,"Simu1","NIT",50,"cliver",0.16071532632164
"5090",508.9,"Simu1","NIT",50,"cliver",0.153110223610237
"5091",509,"Simu1","NIT",50,"cliver",0.145777137901147
"5092",509.1,"Simu1","NIT",50,"cliver",0.138714621540762
"5093",509.2,"Simu1","NIT",50,"cliver",0.13192029493376
"5094",509.3,"Simu1","NIT",50,"cliver",0.125391292969742
"5095",509.4,"Simu1","NIT",50,"cliver",0.119124128805488
"5096",509.5,"Simu1","NIT",50,"cliver",0.113114712107034
"5097",509.6,"Simu1","NIT",50,"cliver",0.107358482006028
"5098",509.7,"Simu1","NIT",50,"cliver",0.10185029915334
"5099",509.8,"Simu1","NIT",50,"cliver",0.0965845946647816
"5100",509.9,"Simu1","NIT",50,"cliver",0.091555424875089
"5101",510,"Simu1","NIT",50,"cliver",0.0877975698150625
"5102",510.1,"Simu1","NIT",50,"cliver",0.352992227971629
"5103",510.2,"Simu1","NIT",50,"cliver",0.47760886399242
"5104",510.3,"Simu1","NIT",50,"cliver",0.515772172523908
"5105",510.4,"Simu1","NIT",50,"cliver",0.531656702513012
"5106",510.5,"Simu1","NIT",50,"cliver",0.540038490094099
"5107",510.6,"Simu1","NIT",50,"cliver",0.544785827294343
"5108",510.7,"Simu1","NIT",50,"cliver",0.547052761518756
"5109",510.8,"Simu1","NIT",50,"cliver",0.547301220677648
"5110",510.9,"Simu1","NIT",50,"cliver",0.54580192367596
"5111",511,"Simu1","NIT",50,"cliver",0.542762516922396
"5112",511.1,"Simu1","NIT",50,"cliver",0.538361541872078
"5113",511.2,"Simu1","NIT",50,"cliver",0.532758159425637
"5114",511.3,"Simu1","NIT",50,"cliver",0.52609569791436
"5115",511.4,"Simu1","NIT",50,"cliver",0.51850404947043
"5116",511.5,"Simu1","NIT",50,"cliver",0.510100956811311
"5117",511.6,"Simu1","NIT",50,"cliver",0.500993374603696
"5118",511.7,"Simu1","NIT",50,"cliver",0.491278551675225
"5119",511.8,"Simu1","NIT",50,"cliver",0.481044845580682
"5120",511.9,"Simu1","NIT",50,"cliver",0.470372615341986
"5121",512,"Simu1","NIT",50,"cliver",0.459335003512269
"5122",512.1,"Simu1","NIT",50,"cliver",0.44799859446457
"5123",512.2,"Simu1","NIT",50,"cliver",0.436423975914106
"5124",512.3,"Simu1","NIT",50,"cliver",0.424666253457187
"5125",512.4,"Simu1","NIT",50,"cliver",0.412775533418748
"5126",512.5,"Simu1","NIT",50,"cliver",0.400797362162652
"5127",512.6,"Simu1","NIT",50,"cliver",0.388773111098277
"5128",512.7,"Simu1","NIT",50,"cliver",0.376740317911076
"5129",512.8,"Simu1","NIT",50,"cliver",0.364733001106654
"5130",512.9,"Simu1","NIT",50,"cliver",0.352781952272856
"5131",513,"Simu1","NIT",50,"cliver",0.340915001947935
"5132",513.1,"Simu1","NIT",50,"cliver",0.329157258884919
"5133",513.2,"Simu1","NIT",50,"cliver",0.317531327764258
"5134",513.3,"Simu1","NIT",50,"cliver",0.306057509701583
"5135",513.4,"Simu1","NIT",50,"cliver",0.294753986546278
"5136",513.5,"Simu1","NIT",50,"cliver",0.283636988817317
"5137",513.6,"Simu1","NIT",50,"cliver",0.272720948210158
"5138",513.7,"Simu1","NIT",50,"cliver",0.262018636437414
"5139",513.8,"Simu1","NIT",50,"cliver",0.251541291714858
"5140",513.9,"Simu1","NIT",50,"cliver",0.241298733600695
"5141",514,"Simu1","NIT",50,"cliver",0.231299465979782
"5142",514.1,"Simu1","NIT",50,"cliver",0.221550769986118
"5143",514.2,"Simu1","NIT",50,"cliver",0.212058787105639
"5144",514.3,"Simu1","NIT",50,"cliver",0.202828593131305
"5145",514.4,"Simu1","NIT",50,"cliver",0.193864263551396
"5146",514.5,"Simu1","NIT",50,"cliver",0.185168931434213
"5147",514.6,"Simu1","NIT",50,"cliver",0.176744838705059
"5148",514.7,"Simu1","NIT",50,"cliver",0.168593381681737
"5149",514.8,"Simu1","NIT",50,"cliver",0.160715151564874
"5150",514.9,"Simu1","NIT",50,"cliver",0.153109971436425
"5151",515,"Simu1","NIT",50,"cliver",0.145776930364697
"5152",515.1,"Simu1","NIT",50,"cliver",0.138714416757246
"5153",515.2,"Simu1","NIT",50,"cliver",0.13192014974373
"5154",515.3,"Simu1","NIT",50,"cliver",0.125391214351254
"5155",515.4,"Simu1","NIT",50,"cliver",0.119124090802208
"5156",515.5,"Simu1","NIT",50,"cliver",0.113114703429672
"5157",515.6,"Simu1","NIT",50,"cliver",0.107358426717301
"5158",515.7,"Simu1","NIT",50,"cliver",0.101850165276999
"5159",515.8,"Simu1","NIT",50,"cliver",0.0965844403504138
"5160",515.9,"Simu1","NIT",50,"cliver",0.0915553169381381
"5161",516,"Simu1","NIT",50,"cliver",0.0877975005593879
"5162",516.1,"Simu1","NIT",50,"cliver",0.352991560755828
"5163",516.2,"Simu1","NIT",50,"cliver",0.477607934226256
"5164",516.3,"Simu1","NIT",50,"cliver",0.515770412567283
"5165",516.4,"Simu1","NIT",50,"cliver",0.531654584165803
"5166",516.5,"Simu1","NIT",50,"cliver",0.540036560150179
"5167",516.6,"Simu1","NIT",50,"cliver",0.544783637419069
"5168",516.7,"Simu1","NIT",50,"cliver",0.547050823800383
"5169",516.8,"Simu1","NIT",50,"cliver",0.547299493332012
"5170",516.9,"Simu1","NIT",50,"cliver",0.545800258232017
"5171",517,"Simu1","NIT",50,"cliver",0.542760890214147
"5172",517.1,"Simu1","NIT",50,"cliver",0.538360016705087
"5173",517.2,"Simu1","NIT",50,"cliver",0.532756627120569
"5174",517.3,"Simu1","NIT",50,"cliver",0.526094165555985
"5175",517.4,"Simu1","NIT",50,"cliver",0.518502516531125
"5176",517.5,"Simu1","NIT",50,"cliver",0.510099414849991
"5177",517.6,"Simu1","NIT",50,"cliver",0.500991867008117
"5178",517.7,"Simu1","NIT",50,"cliver",0.491277082024273
"5179",517.8,"Simu1","NIT",50,"cliver",0.481043396497179
"5180",517.9,"Simu1","NIT",50,"cliver",0.470371176009404
"5181",518,"Simu1","NIT",50,"cliver",0.459333584638906
"5182",518.1,"Simu1","NIT",50,"cliver",0.447997208057103
"5183",518.2,"Simu1","NIT",50,"cliver",0.436422623248634
"5184",518.3,"Simu1","NIT",50,"cliver",0.424664928905076
"5185",518.4,"Simu1","NIT",50,"cliver",0.412774234606173
"5186",518.5,"Simu1","NIT",50,"cliver",0.400796092278266
"5187",518.6,"Simu1","NIT",50,"cliver",0.388771873294112
"5188",518.7,"Simu1","NIT",50,"cliver",0.376739111938913
"5189",518.8,"Simu1","NIT",50,"cliver",0.36473182547951
"5190",518.9,"Simu1","NIT",50,"cliver",0.352780806868619
"5191",519,"Simu1","NIT",50,"cliver",0.340913887700963
"5192",519.1,"Simu1","NIT",50,"cliver",0.329156176282721
"5193",519.2,"Simu1","NIT",50,"cliver",0.317530276493072
"5194",519.3,"Simu1","NIT",50,"cliver",0.306056489334951
"5195",519.4,"Simu1","NIT",50,"cliver",0.294752996987467
"5196",519.5,"Simu1","NIT",50,"cliver",0.283636030089021
"5197",519.6,"Simu1","NIT",50,"cliver",0.272720020148629
"5198",519.7,"Simu1","NIT",50,"cliver",0.262017738704059
"5199",519.8,"Simu1","NIT",50,"cliver",0.251540424017074
"5200",519.9,"Simu1","NIT",50,"cliver",0.241297895669719
"5201",520,"Simu1","NIT",50,"cliver",0.231298657385936
"5202",520.1,"Simu1","NIT",50,"cliver",0.221549990318447
"5203",520.2,"Simu1","NIT",50,"cliver",0.212058035999521
"5204",520.3,"Simu1","NIT",50,"cliver",0.202827870213112
"5205",520.4,"Simu1","NIT",50,"cliver",0.193863568362221
"5206",520.5,"Simu1","NIT",50,"cliver",0.185168263464271
"5207",520.6,"Simu1","NIT",50,"cliver",0.176744197470634
"5208",520.7,"Simu1","NIT",50,"cliver",0.168592766698245
"5209",520.8,"Simu1","NIT",50,"cliver",0.160714562304061
"5210",520.9,"Simu1","NIT",50,"cliver",0.153109407309961
"5211",521,"Simu1","NIT",50,"cliver",0.14577639082879
"5212",521.1,"Simu1","NIT",50,"cliver",0.138713901154835
"5213",521.2,"Simu1","NIT",50,"cliver",0.131919657645929
"5214",521.3,"Simu1","NIT",50,"cliver",0.125390744658691
"5215",521.4,"Simu1","NIT",50,"cliver",0.119123644069689
"5216",521.5,"Simu1","NIT",50,"cliver",0.113114275703343
"5217",521.6,"Simu1","NIT",50,"cliver",0.107358014185849
"5218",521.7,"Simu1","NIT",50,"cliver",0.10184976836443
"5219",521.8,"Simu1","NIT",50,"cliver",0.0965840084051574
"5220",521.9,"Simu1","NIT",50,"cliver",0.0915548987021337
"5221",522,"Simu1","NIT",50,"cliver",0.0877971201236164
"5222",522.1,"Simu1","NIT",50,"cliver",0.3529916699322
"5223",522.2,"Simu1","NIT",50,"cliver",0.477609606849569
"5224",522.3,"Simu1","NIT",50,"cliver",0.515773320510997
"5225",522.4,"Simu1","NIT",50,"cliver",0.531657871875455
"5226",522.5,"Simu1","NIT",50,"cliver",0.540039966718026
"5227",522.6,"Simu1","NIT",50,"cliver",0.544786704557027
"5228",522.7,"Simu1","NIT",50,"cliver",0.547054353120784
"5229",522.8,"Simu1","NIT",50,"cliver",0.547302942877425
"5230",522.9,"Simu1","NIT",50,"cliver",0.545803660840798
"5231",523,"Simu1","NIT",50,"cliver",0.54276431560496
"5232",523.1,"Simu1","NIT",50,"cliver",0.538363410619761
"5233",523.2,"Simu1","NIT",50,"cliver",0.532759987170229
"5234",523.3,"Simu1","NIT",50,"cliver",0.526097513403835
"5235",523.4,"Simu1","NIT",50,"cliver",0.518505799429954
"5236",523.5,"Simu1","NIT",50,"cliver",0.510102699262672
"5237",523.6,"Simu1","NIT",50,"cliver",0.500995184749331
"5238",523.7,"Simu1","NIT",50,"cliver",0.491280382650862
"5239",523.8,"Simu1","NIT",50,"cliver",0.481046643582226
"5240",523.9,"Simu1","NIT",50,"cliver",0.470374387607869
"5241",524,"Simu1","NIT",50,"cliver",0.459336773915559
"5242",524.1,"Simu1","NIT",50,"cliver",0.448000365745492
"5243",524.2,"Simu1","NIT",50,"cliver",0.43642572650332
"5244",524.3,"Simu1","NIT",50,"cliver",0.424667968660844
"5245",524.4,"Simu1","NIT",50,"cliver",0.412777214493365
"5246",524.5,"Simu1","NIT",50,"cliver",0.40079901417133
"5247",524.6,"Simu1","NIT",50,"cliver",0.388774735426999
"5248",524.7,"Simu1","NIT",50,"cliver",0.376741906781288
"5249",524.8,"Simu1","NIT",50,"cliver",0.364734555903715
"5250",524.9,"Simu1","NIT",50,"cliver",0.352783463653293
"5251",525,"Simu1","NIT",50,"cliver",0.340916473857717
"5252",525.1,"Simu1","NIT",50,"cliver",0.329158702539853
"5253",525.2,"Simu1","NIT",50,"cliver",0.317532758561168
"5254",525.3,"Simu1","NIT",50,"cliver",0.30605889230612
"5255",525.4,"Simu1","NIT",50,"cliver",0.294755358258069
"5256",525.5,"Simu1","NIT",50,"cliver",0.283638339876065
"5257",525.6,"Simu1","NIT",50,"cliver",0.272722239794003
"5258",525.7,"Simu1","NIT",50,"cliver",0.26201983706609
"5259",525.8,"Simu1","NIT",50,"cliver",0.251542468736223
"5260",525.9,"Simu1","NIT",50,"cliver",0.241299928532371
"5261",526,"Simu1","NIT",50,"cliver",0.231300618428315
"5262",526.1,"Simu1","NIT",50,"cliver",0.221551871543431
"5263",526.2,"Simu1","NIT",50,"cliver",0.212059857708058
"5264",526.3,"Simu1","NIT",50,"cliver",0.202829632653095
"5265",526.4,"Simu1","NIT",50,"cliver",0.193865287980672
"5266",526.5,"Simu1","NIT",50,"cliver",0.185169922093666
"5267",526.6,"Simu1","NIT",50,"cliver",0.176745796103291
"5268",526.7,"Simu1","NIT",50,"cliver",0.168594313912307
"5269",526.8,"Simu1","NIT",50,"cliver",0.160715965237231
"5270",526.9,"Simu1","NIT",50,"cliver",0.153110748376073
"5271",527,"Simu1","NIT",50,"cliver",0.145777732485792
"5272",527.1,"Simu1","NIT",50,"cliver",0.138715203963484
"5273",527.2,"Simu1","NIT",50,"cliver",0.131920869245183
"5274",527.3,"Simu1","NIT",50,"cliver",0.125391885039209
"5275",527.4,"Simu1","NIT",50,"cliver",0.119124748807746
"5276",527.5,"Simu1","NIT",50,"cliver",0.113115342537998
"5277",527.6,"Simu1","NIT",50,"cliver",0.107359047260055
"5278",527.7,"Simu1","NIT",50,"cliver",0.101850781626484
"5279",527.8,"Simu1","NIT",50,"cliver",0.0965850206862217
"5280",527.9,"Simu1","NIT",50,"cliver",0.091555849407453
"5281",528,"Simu1","NIT",50,"cliver",0.0877980024603895
"5282",528.1,"Simu1","NIT",50,"cliver",0.352992775147648
"5283",528.2,"Simu1","NIT",50,"cliver",0.477610529860325
"5284",528.3,"Simu1","NIT",50,"cliver",0.515774000006898
"5285",528.4,"Simu1","NIT",50,"cliver",0.531657179480117
"5286",528.5,"Simu1","NIT",50,"cliver",0.540039004650097
"5287",528.6,"Simu1","NIT",50,"cliver",0.544785578166815
"5288",528.7,"Simu1","NIT",50,"cliver",0.547052625561882
"5289",528.8,"Simu1","NIT",50,"cliver",0.547301393572919
"5290",528.9,"Simu1","NIT",50,"cliver",0.545802118810553
"5291",529,"Simu1","NIT",50,"cliver",0.542762799977919
"5292",529.1,"Simu1","NIT",50,"cliver",0.538361986875544
"5293",529.2,"Simu1","NIT",50,"cliver",0.532758496847021
"5294",529.3,"Simu1","NIT",50,"cliver",0.526096014381229
"5295",529.4,"Simu1","NIT",50,"cliver",0.518504414799339
"5296",529.5,"Simu1","NIT",50,"cliver",0.510101342557998
"5297",529.6,"Simu1","NIT",50,"cliver",0.500993784576045
"5298",529.7,"Simu1","NIT",50,"cliver",0.491278973085737
"5299",529.8,"Simu1","NIT",50,"cliver",0.481045260651672
"5300",529.9,"Simu1","NIT",50,"cliver",0.470373010383419
"5301",530,"Simu1","NIT",50,"cliver",0.459335387614726
"5302",530.1,"Simu1","NIT",50,"cliver",0.447998984223186
"5303",530.2,"Simu1","NIT",50,"cliver",0.436424371025845
"5304",530.3,"Simu1","NIT",50,"cliver",0.424666640391854
"5305",530.4,"Simu1","NIT",50,"cliver",0.412775906371181
"5306",530.5,"Simu1","NIT",50,"cliver",0.400797727329147
"5307",530.6,"Simu1","NIT",50,"cliver",0.388773473462804
"5308",530.7,"Simu1","NIT",50,"cliver",0.376740674331099
"5309",530.8,"Simu1","NIT",50,"cliver",0.364733346828607
"5310",530.9,"Simu1","NIT",50,"cliver",0.352782287312214
"5311",531,"Simu1","NIT",50,"cliver",0.340915328883189
"5312",531.1,"Simu1","NIT",50,"cliver",0.329157578220361
"5313",531.2,"Simu1","NIT",50,"cliver",0.317531637913971
"5314",531.3,"Simu1","NIT",50,"cliver",0.306057809783797
"5315",531.4,"Simu1","NIT",50,"cliver",0.294754277172493
"5316",531.5,"Simu1","NIT",50,"cliver",0.283637270649211
"5317",531.6,"Simu1","NIT",50,"cliver",0.272721221098533
"5318",531.7,"Simu1","NIT",50,"cliver",0.262018900113896
"5319",531.8,"Simu1","NIT",50,"cliver",0.251541546361918
"5320",531.9,"Simu1","NIT",50,"cliver",0.241298979319195
"5321",532,"Simu1","NIT",50,"cliver",0.231299702768081
"5322",532.1,"Simu1","NIT",50,"cliver",0.221550997898766
"5323",532.2,"Simu1","NIT",50,"cliver",0.212059006375412
"5324",532.3,"Simu1","NIT",50,"cliver",0.202828803976979
"5325",532.4,"Simu1","NIT",50,"cliver",0.193864466074218
"5326",532.5,"Simu1","NIT",50,"cliver",0.185169125740557
"5327",532.6,"Simu1","NIT",50,"cliver",0.176745025001763
"5328",532.7,"Simu1","NIT",50,"cliver",0.16859356016528
"5329",532.8,"Simu1","NIT",50,"cliver",0.160715322404637
"5330",532.9,"Simu1","NIT",50,"cliver",0.153110134771902
"5331",533,"Simu1","NIT",50,"cliver",0.145777086431364
"5332",533.1,"Simu1","NIT",50,"cliver",0.138714565694593
"5333",533.2,"Simu1","NIT",50,"cliver",0.13192029186261
"5334",533.3,"Simu1","NIT",50,"cliver",0.125391349616172
"5335",533.4,"Simu1","NIT",50,"cliver",0.119124219826569
"5336",533.5,"Simu1","NIT",50,"cliver",0.113114825707967
"5337",533.6,"Simu1","NIT",50,"cliver",0.107358571902988
"5338",533.7,"Simu1","NIT",50,"cliver",0.101850342301542
"5339",533.8,"Simu1","NIT",50,"cliver",0.096584584798459
"5340",533.9,"Simu1","NIT",50,"cliver",0.0915554066044378
"5341",534,"Simu1","NIT",50,"cliver",0.0877975581329612
"5342",534.1,"Simu1","NIT",50,"cliver",0.35299205731186
"5343",534.2,"Simu1","NIT",50,"cliver",0.477610098214141
"5344",534.3,"Simu1","NIT",50,"cliver",0.515773215887293
"5345",534.4,"Simu1","NIT",50,"cliver",0.53165827081445
"5346",534.5,"Simu1","NIT",50,"cliver",0.540041216673149
"5347",534.6,"Simu1","NIT",50,"cliver",0.544788011755311
"5348",534.7,"Simu1","NIT",50,"cliver",0.547055014208344
"5349",534.8,"Simu1","NIT",50,"cliver",0.547303474016803
"5350",534.9,"Simu1","NIT",50,"cliver",0.5458041298283
"5351",535,"Simu1","NIT",50,"cliver",0.542764738373492
"5352",535.1,"Simu1","NIT",50,"cliver",0.53836385123114
"5353",535.2,"Simu1","NIT",50,"cliver",0.53276040093113
"5354",535.3,"Simu1","NIT",50,"cliver",0.526097909540031
"5355",535.4,"Simu1","NIT",50,"cliver",0.518506193996713
"5356",535.5,"Simu1","NIT",50,"cliver",0.510103069155014
"5357",535.6,"Simu1","NIT",50,"cliver",0.500995521825758
"5358",535.7,"Simu1","NIT",50,"cliver",0.491280705819985
"5359",535.8,"Simu1","NIT",50,"cliver",0.481046955887366
"5360",535.9,"Simu1","NIT",50,"cliver",0.470374674113781
"5361",536,"Simu1","NIT",50,"cliver",0.459337033669063
"5362",536.1,"Simu1","NIT",50,"cliver",0.448000609257811
"5363",536.2,"Simu1","NIT",50,"cliver",0.436425965081674
"5364",536.3,"Simu1","NIT",50,"cliver",0.424668201979837
"5365",536.4,"Simu1","NIT",50,"cliver",0.412777439075081
"5366",536.5,"Simu1","NIT",50,"cliver",0.400799230605913
"5367",536.6,"Simu1","NIT",50,"cliver",0.388774943604326
"5368",536.7,"Simu1","NIT",50,"cliver",0.376742110172081
"5369",536.8,"Simu1","NIT",50,"cliver",0.364734749630913
"5370",536.9,"Simu1","NIT",50,"cliver",0.352783657093698
"5371",537,"Simu1","NIT",50,"cliver",0.340916664076778
"5372",537.1,"Simu1","NIT",50,"cliver",0.32915887799302
"5373",537.2,"Simu1","NIT",50,"cliver",0.317532902718979
"5374",537.3,"Simu1","NIT",50,"cliver",0.306059039953745
"5375",537.4,"Simu1","NIT",50,"cliver",0.294755472304757
"5376",537.5,"Simu1","NIT",50,"cliver",0.283638430368911
"5377",537.6,"Simu1","NIT",50,"cliver",0.272722345591975
"5378",537.7,"Simu1","NIT",50,"cliver",0.262019989702939
"5379",537.8,"Simu1","NIT",50,"cliver",0.251542601265193
"5380",537.9,"Simu1","NIT",50,"cliver",0.241299999621459
"5381",538,"Simu1","NIT",50,"cliver",0.231300688715435
"5382",538.1,"Simu1","NIT",50,"cliver",0.221551949863658
"5383",538.2,"Simu1","NIT",50,"cliver",0.212059924738045
"5384",538.3,"Simu1","NIT",50,"cliver",0.202829689099305
"5385",538.4,"Simu1","NIT",50,"cliver",0.193865318363338
"5386",538.5,"Simu1","NIT",50,"cliver",0.185169945660954
"5387",538.6,"Simu1","NIT",50,"cliver",0.176745813078383
"5388",538.7,"Simu1","NIT",50,"cliver",0.168594316915469
"5389",538.8,"Simu1","NIT",50,"cliver",0.160716048407521
"5390",538.9,"Simu1","NIT",50,"cliver",0.153110830563837
"5391",539,"Simu1","NIT",50,"cliver",0.145777752745564
"5392",539.1,"Simu1","NIT",50,"cliver",0.138715202964473
"5393",539.2,"Simu1","NIT",50,"cliver",0.131920901260936
"5394",539.3,"Simu1","NIT",50,"cliver",0.125391930687443
"5395",539.4,"Simu1","NIT",50,"cliver",0.119124776150756
"5396",539.5,"Simu1","NIT",50,"cliver",0.113115350688598
"5397",539.6,"Simu1","NIT",50,"cliver",0.10735907363307
"5398",539.7,"Simu1","NIT",50,"cliver",0.101850835289029
"5399",539.8,"Simu1","NIT",50,"cliver",0.0965850568000074
"5400",539.9,"Simu1","NIT",50,"cliver",0.0915558511190311
"5401",540,"Simu1","NIT",50,"cliver",0.0877980370265374
"5402",540.1,"Simu1","NIT",50,"cliver",0.352992719381201
"5403",540.2,"Simu1","NIT",50,"cliver",0.477609523062353
"5404",540.3,"Simu1","NIT",50,"cliver",0.515772347440305
"5405",540.4,"Simu1","NIT",50,"cliver",0.531656677296029
"5406",540.5,"Simu1","NIT",50,"cliver",0.540039236530512
"5407",540.6,"Simu1","NIT",50,"cliver",0.544786023336148
"5408",540.7,"Simu1","NIT",50,"cliver",0.547052996417999
"5409",540.8,"Simu1","NIT",50,"cliver",0.54730137273808
"5410",540.9,"Simu1","NIT",50,"cliver",0.545802042423603
"5411",541,"Simu1","NIT",50,"cliver",0.542762578066905
"5412",541.1,"Simu1","NIT",50,"cliver",0.538361654197747
"5413",541.2,"Simu1","NIT",50,"cliver",0.532758225605554
"5414",541.3,"Simu1","NIT",50,"cliver",0.526095737612254
"5415",541.4,"Simu1","NIT",50,"cliver",0.518504049443603
"5416",541.5,"Simu1","NIT",50,"cliver",0.510100921933646
"5417",541.6,"Simu1","NIT",50,"cliver",0.500993361783331
"5418",541.7,"Simu1","NIT",50,"cliver",0.49127855728181
"5419",541.8,"Simu1","NIT",50,"cliver",0.48104484191391
"5420",541.9,"Simu1","NIT",50,"cliver",0.470372590232363
"5421",542,"Simu1","NIT",50,"cliver",0.459334969608279
"5422",542.1,"Simu1","NIT",50,"cliver",0.447998565797087
"5423",542.2,"Simu1","NIT",50,"cliver",0.4364239520944
"5424",542.3,"Simu1","NIT",50,"cliver",0.424666226159761
"5425",542.4,"Simu1","NIT",50,"cliver",0.412775499760408
"5426",542.5,"Simu1","NIT",50,"cliver",0.400797326152412
"5427",542.6,"Simu1","NIT",50,"cliver",0.38877307603744
"5428",542.7,"Simu1","NIT",50,"cliver",0.376740282915171
"5429",542.8,"Simu1","NIT",50,"cliver",0.364732964237535
"5430",542.9,"Simu1","NIT",50,"cliver",0.352781913520661
"5431",543,"Simu1","NIT",50,"cliver",0.340914962548164
"5432",543.1,"Simu1","NIT",50,"cliver",0.3291572194658
"5433",543.2,"Simu1","NIT",50,"cliver",0.317531288059599
"5434",543.3,"Simu1","NIT",50,"cliver",0.306057469445776
"5435",543.4,"Simu1","NIT",50,"cliver",0.294753945945511
"5436",543.5,"Simu1","NIT",50,"cliver",0.283636948233097
"5437",543.6,"Simu1","NIT",50,"cliver",0.272720907799005
"5438",543.7,"Simu1","NIT",50,"cliver",0.262018596193829
"5439",543.8,"Simu1","NIT",50,"cliver",0.251541251806305
"5440",543.9,"Simu1","NIT",50,"cliver",0.241298694078035
"5441",544,"Simu1","NIT",50,"cliver",0.231299426840974
"5442",544.1,"Simu1","NIT",50,"cliver",0.221550731271216
"5443",544.2,"Simu1","NIT",50,"cliver",0.212058748954689
"5444",544.3,"Simu1","NIT",50,"cliver",0.202828555660984
"5445",544.4,"Simu1","NIT",50,"cliver",0.193864226791459
"5446",544.5,"Simu1","NIT",50,"cliver",0.185168895386062
"5447",544.6,"Simu1","NIT",50,"cliver",0.176744803449329
"5448",544.7,"Simu1","NIT",50,"cliver",0.168593347268855
"5449",544.8,"Simu1","NIT",50,"cliver",0.160715118059106
"5450",544.9,"Simu1","NIT",50,"cliver",0.153109938769966
"5451",545,"Simu1","NIT",50,"cliver",0.145776898717198
"5452",545.1,"Simu1","NIT",50,"cliver",0.138714385843533
"5453",545.2,"Simu1","NIT",50,"cliver",0.131920120289493
"5454",545.3,"Simu1","NIT",50,"cliver",0.125391184697707
"5455",545.4,"Simu1","NIT",50,"cliver",0.119124065036687
"5456",545.5,"Simu1","NIT",50,"cliver",0.11311467101388
"5457",545.6,"Simu1","NIT",50,"cliver",0.107358390630893
"5458",545.7,"Simu1","NIT",50,"cliver",0.101850122978159
"5459",545.8,"Simu1","NIT",50,"cliver",0.0965843674447312
"5460",545.9,"Simu1","NIT",50,"cliver",0.0915552299810718
"5461",546,"Simu1","NIT",50,"cliver",0.0877974414363074
"5462",546.1,"Simu1","NIT",50,"cliver",0.352992430613282
"5463",546.2,"Simu1","NIT",50,"cliver",0.477610566423539
"5464",546.3,"Simu1","NIT",50,"cliver",0.515774141845165
"5465",546.4,"Simu1","NIT",50,"cliver",0.531657458716222
"5466",546.5,"Simu1","NIT",50,"cliver",0.540039220365819
"5467",546.6,"Simu1","NIT",50,"cliver",0.544785494285659
"5468",546.7,"Simu1","NIT",50,"cliver",0.547052955983832
"5469",546.8,"Simu1","NIT",50,"cliver",0.547301781002876
"5470",546.9,"Simu1","NIT",50,"cliver",0.545802554311775
"5471",547,"Simu1","NIT",50,"cliver",0.542763268701786
"5472",547.1,"Simu1","NIT",50,"cliver",0.538362387201538
"5473",547.2,"Simu1","NIT",50,"cliver",0.532758916328587
"5474",547.3,"Simu1","NIT",50,"cliver",0.526096448234775
"5475",547.4,"Simu1","NIT",50,"cliver",0.518504841481101
"5476",547.5,"Simu1","NIT",50,"cliver",0.510101772867488
"5477",547.6,"Simu1","NIT",50,"cliver",0.500994222614976
"5478",547.7,"Simu1","NIT",50,"cliver",0.491279408317272
"5479",547.8,"Simu1","NIT",50,"cliver",0.481045692405001
"5480",547.9,"Simu1","NIT",50,"cliver",0.470373447679491
"5481",548,"Simu1","NIT",50,"cliver",0.459335831842193
"5482",548.1,"Simu1","NIT",50,"cliver",0.447999428094301
"5483",548.2,"Simu1","NIT",50,"cliver",0.436424809689427
"5484",548.3,"Simu1","NIT",50,"cliver",0.42466707521353
"5485",548.4,"Simu1","NIT",50,"cliver",0.412776339160766
"5486",548.5,"Simu1","NIT",50,"cliver",0.400798156474694
"5487",548.6,"Simu1","NIT",50,"cliver",0.388773896417411
"5488",548.7,"Simu1","NIT",50,"cliver",0.376741090525698
"5489",548.8,"Simu1","NIT",50,"cliver",0.364733756811288
"5490",548.9,"Simu1","NIT",50,"cliver",0.352782690785418
"5491",549,"Simu1","NIT",50,"cliver",0.340915724796284
"5492",549.1,"Simu1","NIT",50,"cliver",0.329157965951569
"5493",549.2,"Simu1","NIT",50,"cliver",0.317532017442873
"5494",549.3,"Simu1","NIT",50,"cliver",0.306058181024656
"5495",549.4,"Simu1","NIT",50,"cliver",0.294754639741736
"5496",549.5,"Simu1","NIT",50,"cliver",0.283637624202143
"5497",549.6,"Simu1","NIT",50,"cliver",0.272721565531915
"5498",549.7,"Simu1","NIT",50,"cliver",0.262019235446216
"5499",549.8,"Simu1","NIT",50,"cliver",0.251541872366983
"5500",549.9,"Simu1","NIT",50,"cliver",0.241299295849967
"5501",550,"Simu1","NIT",50,"cliver",0.231300009792928
"5502",550.1,"Simu1","NIT",50,"cliver",0.221551295459391
"5503",550.2,"Simu1","NIT",50,"cliver",0.212059294464895
"5504",550.3,"Simu1","NIT",50,"cliver",0.202829082564751
"5505",550.4,"Simu1","NIT",50,"cliver",0.193864735183544
"5506",550.5,"Simu1","NIT",50,"cliver",0.185169385458259
"5507",550.6,"Simu1","NIT",50,"cliver",0.176745275395213
"5508",550.7,"Simu1","NIT",50,"cliver",0.168593801315562
"5509",550.8,"Simu1","NIT",50,"cliver",0.160715554384206
"5510",550.9,"Simu1","NIT",50,"cliver",0.153110357747821
"5511",551,"Simu1","NIT",50,"cliver",0.145777300461024
"5512",551.1,"Simu1","NIT",50,"cliver",0.13871477107716
"5513",551.2,"Simu1","NIT",50,"cliver",0.131920488421276
"5514",551.3,"Simu1","NIT",50,"cliver",0.125391538259696
"5515",551.4,"Simu1","NIT",50,"cliver",0.119124399040567
"5516",551.5,"Simu1","NIT",50,"cliver",0.113115002395948
"5517",551.6,"Simu1","NIT",50,"cliver",0.107358738223167
"5518",551.7,"Simu1","NIT",50,"cliver",0.101850488035158
"5519",551.8,"Simu1","NIT",50,"cliver",0.096584723498305
"5520",551.9,"Simu1","NIT",50,"cliver",0.0915555497467661
"5521",552,"Simu1","NIT",50,"cliver",0.0877977212453812
"5522",552.1,"Simu1","NIT",50,"cliver",0.352992275932378
"5523",552.2,"Simu1","NIT",50,"cliver",0.477610249253309
"5524",552.3,"Simu1","NIT",50,"cliver",0.515773475648846
"5525",552.4,"Simu1","NIT",50,"cliver",0.53165764646588
"5526",552.5,"Simu1","NIT",50,"cliver",0.540041297980399
"5527",552.6,"Simu1","NIT",50,"cliver",0.544787651036316
"5528",552.7,"Simu1","NIT",50,"cliver",0.547054421643446
"5529",552.8,"Simu1","NIT",50,"cliver",0.547303217018469
"5530",552.9,"Simu1","NIT",50,"cliver",0.545804317146185
"5531",553,"Simu1","NIT",50,"cliver",0.542764827948102
"5532",553.1,"Simu1","NIT",50,"cliver",0.538363954983644
"5533",553.2,"Simu1","NIT",50,"cliver",0.532760518606632
"5534",553.3,"Simu1","NIT",50,"cliver",0.526097983476809
"5535",553.4,"Simu1","NIT",50,"cliver",0.518506238216483
"5536",553.5,"Simu1","NIT",50,"cliver",0.510103159065805
"5537",553.6,"Simu1","NIT",50,"cliver",0.500995651717182
"5538",553.7,"Simu1","NIT",50,"cliver",0.491280819231505
"5539",553.8,"Simu1","NIT",50,"cliver",0.481047061828183
"5540",553.9,"Simu1","NIT",50,"cliver",0.470374799868699
"5541",554,"Simu1","NIT",50,"cliver",0.45933717689652
"5542",554.1,"Simu1","NIT",50,"cliver",0.448000750745607
"5543",554.2,"Simu1","NIT",50,"cliver",0.436426093271747
"5544",554.3,"Simu1","NIT",50,"cliver",0.4246683225409
"5545",554.4,"Simu1","NIT",50,"cliver",0.412777559038484
"5546",554.5,"Simu1","NIT",50,"cliver",0.400799348327314
"5547",554.6,"Simu1","NIT",50,"cliver",0.388775055939739
"5548",554.7,"Simu1","NIT",50,"cliver",0.376742215076988
"5549",554.8,"Simu1","NIT",50,"cliver",0.364734854179333
"5550",554.9,"Simu1","NIT",50,"cliver",0.352783758209104
"5551",555,"Simu1","NIT",50,"cliver",0.340916760371267
"5552",555.1,"Simu1","NIT",50,"cliver",0.329158969559425
"5553",555.2,"Simu1","NIT",50,"cliver",0.317532991909753
"5554",555.3,"Simu1","NIT",50,"cliver",0.306059130968909
"5555",555.4,"Simu1","NIT",50,"cliver",0.29475556450846
"5556",555.5,"Simu1","NIT",50,"cliver",0.283638513256036
"5557",555.6,"Simu1","NIT",50,"cliver",0.272722419937673
"5558",555.7,"Simu1","NIT",50,"cliver",0.262020067351689
"5559",555.8,"Simu1","NIT",50,"cliver",0.251542677057892
"5560",555.9,"Simu1","NIT",50,"cliver",0.241300064774685
"5561",556,"Simu1","NIT",50,"cliver",0.231300750929708
"5562",556.1,"Simu1","NIT",50,"cliver",0.221552015447151
"5563",556.2,"Simu1","NIT",50,"cliver",0.212059987658382
"5564",556.3,"Simu1","NIT",50,"cliver",0.202829745166906
"5565",556.4,"Simu1","NIT",50,"cliver",0.19386537184553
"5566",556.5,"Simu1","NIT",50,"cliver",0.18516999930435
"5567",556.6,"Simu1","NIT",50,"cliver",0.176745864657146
"5568",556.7,"Simu1","NIT",50,"cliver",0.168594364335843
"5569",556.8,"Simu1","NIT",50,"cliver",0.160716093418127
"5570",556.9,"Simu1","NIT",50,"cliver",0.153110874035618
"5571",557,"Simu1","NIT",50,"cliver",0.145777794911704
"5572",557.1,"Simu1","NIT",50,"cliver",0.138715242002444
"5573",557.2,"Simu1","NIT",50,"cliver",0.131920938331997
"5574",557.3,"Simu1","NIT",50,"cliver",0.125391884638593
"5575",557.4,"Simu1","NIT",50,"cliver",0.119124658462493
"5576",557.5,"Simu1","NIT",50,"cliver",0.113115281804753
"5577",557.6,"Simu1","NIT",50,"cliver",0.107359015978738
"5578",557.7,"Simu1","NIT",50,"cliver",0.101850727125977
"5579",557.8,"Simu1","NIT",50,"cliver",0.0965849704704901
"5580",557.9,"Simu1","NIT",50,"cliver",0.0915558582484525
"5581",558,"Simu1","NIT",50,"cliver",0.0877980290570524
"5582",558.1,"Simu1","NIT",50,"cliver",0.352992675303249
"5583",558.2,"Simu1","NIT",50,"cliver",0.477610401753808
"5584",558.3,"Simu1","NIT",50,"cliver",0.51577392821715
"5585",558.4,"Simu1","NIT",50,"cliver",0.531657167935113
"5586",558.5,"Simu1","NIT",50,"cliver",0.540038808320316
"5587",558.6,"Simu1","NIT",50,"cliver",0.544785269002581
"5588",558.7,"Simu1","NIT",50,"cliver",0.547052535275946
"5589",558.8,"Simu1","NIT",50,"cliver",0.547301122334115
"5590",558.9,"Simu1","NIT",50,"cliver",0.545802043274082
"5591",559,"Simu1","NIT",50,"cliver",0.542762588056719
"5592",559.1,"Simu1","NIT",50,"cliver",0.538361806568797
"5593",559.2,"Simu1","NIT",50,"cliver",0.532758392462727
"5594",559.3,"Simu1","NIT",50,"cliver",0.526095871996014
"5595",559.4,"Simu1","NIT",50,"cliver",0.518504234378506
"5596",559.5,"Simu1","NIT",50,"cliver",0.510101196691865
"5597",559.6,"Simu1","NIT",50,"cliver",0.500993640652167
"5598",559.7,"Simu1","NIT",50,"cliver",0.49127882187219
"5599",559.8,"Simu1","NIT",50,"cliver",0.481045109286374
"5600",559.9,"Simu1","NIT",50,"cliver",0.470372886236414
"5601",560,"Simu1","NIT",50,"cliver",0.459335274598906
"5602",560.1,"Simu1","NIT",50,"cliver",0.447998858391887
"5603",560.2,"Simu1","NIT",50,"cliver",0.436424222385061
"5604",560.3,"Simu1","NIT",50,"cliver",0.424666496154265
"5605",560.4,"Simu1","NIT",50,"cliver",0.412775774014886
"5606",560.5,"Simu1","NIT",50,"cliver",0.400797598498326
"5607",560.6,"Simu1","NIT",50,"cliver",0.388773346702251
"5608",560.7,"Simu1","NIT",50,"cliver",0.376740539265146
"5609",560.8,"Simu1","NIT",50,"cliver",0.364733214076666
"5610",560.9,"Simu1","NIT",50,"cliver",0.352782161709582
"5611",561,"Simu1","NIT",50,"cliver",0.340915242673742
"5612",561.1,"Simu1","NIT",50,"cliver",0.329157507688971
"5613",561.2,"Simu1","NIT",50,"cliver",0.317531551755726
"5614",561.3,"Simu1","NIT",50,"cliver",0.306057715580997
"5615",561.4,"Simu1","NIT",50,"cliver",0.294754186598253
"5616",561.5,"Simu1","NIT",50,"cliver",0.283637186536982
"5617",561.6,"Simu1","NIT",50,"cliver",0.272721140559183
"5618",561.7,"Simu1","NIT",50,"cliver",0.262018818334991
"5619",561.8,"Simu1","NIT",50,"cliver",0.251541464679039
"5620",561.9,"Simu1","NIT",50,"cliver",0.241298903527535
"5621",562,"Simu1","NIT",50,"cliver",0.231299631954411
"5622",562.1,"Simu1","NIT",50,"cliver",0.22155092792049
"5623",562.2,"Simu1","NIT",50,"cliver",0.212058936716325
"5624",562.3,"Simu1","NIT",50,"cliver",0.202828738581762
"5625",562.4,"Simu1","NIT",50,"cliver",0.193864403591637
"5626",562.5,"Simu1","NIT",50,"cliver",0.185169066878308
"5627",562.6,"Simu1","NIT",50,"cliver",0.176744964980803
"5628",562.7,"Simu1","NIT",50,"cliver",0.168593508568687
"5629",562.8,"Simu1","NIT",50,"cliver",0.160715251466552
"5630",562.9,"Simu1","NIT",50,"cliver",0.153110069401928
"5631",563,"Simu1","NIT",50,"cliver",0.145777127725212
"5632",563.1,"Simu1","NIT",50,"cliver",0.138714635244208
"5633",563.2,"Simu1","NIT",50,"cliver",0.131920270542366
"5634",563.3,"Simu1","NIT",50,"cliver",0.125391289711742
"5635",563.4,"Simu1","NIT",50,"cliver",0.119124221109632
"5636",563.5,"Simu1","NIT",50,"cliver",0.113114863065029
"5637",563.6,"Simu1","NIT",50,"cliver",0.107358576624358
"5638",563.7,"Simu1","NIT",50,"cliver",0.101850308245006
"5639",563.8,"Simu1","NIT",50,"cliver",0.0965845815241036
"5640",563.9,"Simu1","NIT",50,"cliver",0.0915554218693415
"5641",564,"Simu1","NIT",50,"cliver",0.0877975883787408
"5642",564.1,"Simu1","NIT",50,"cliver",0.35299242027959
"5643",564.2,"Simu1","NIT",50,"cliver",0.477608876191298
"5644",564.3,"Simu1","NIT",50,"cliver",0.515771322232334
"5645",564.4,"Simu1","NIT",50,"cliver",0.53165547072999
"5646",564.5,"Simu1","NIT",50,"cliver",0.540038036874488
"5647",564.6,"Simu1","NIT",50,"cliver",0.544785000801066
"5648",564.7,"Simu1","NIT",50,"cliver",0.547052294255373
"5649",564.8,"Simu1","NIT",50,"cliver",0.547300859160423
"5650",564.9,"Simu1","NIT",50,"cliver",0.545801620478425
"5651",565,"Simu1","NIT",50,"cliver",0.542762221850252
"5652",565.1,"Simu1","NIT",50,"cliver",0.538361238094733
"5653",565.2,"Simu1","NIT",50,"cliver",0.532757854469351
"5654",565.3,"Simu1","NIT",50,"cliver",0.526095395057597
"5655",565.4,"Simu1","NIT",50,"cliver",0.51850375014453
"5656",565.5,"Simu1","NIT",50,"cliver",0.510100666048986
"5657",565.6,"Simu1","NIT",50,"cliver",0.500993084755924
"5658",565.7,"Simu1","NIT",50,"cliver",0.491278258615751
"5659",565.8,"Simu1","NIT",50,"cliver",0.481044554260849
"5660",565.9,"Simu1","NIT",50,"cliver",0.47037232977203
"5661",566,"Simu1","NIT",50,"cliver",0.459334723007749
"5662",566.1,"Simu1","NIT",50,"cliver",0.447998317467232
"5663",566.2,"Simu1","NIT",50,"cliver",0.436423702043499
"5664",566.3,"Simu1","NIT",50,"cliver",0.424665983976142
"5665",566.4,"Simu1","NIT",50,"cliver",0.412775269490375
"5666",566.5,"Simu1","NIT",50,"cliver",0.40079710373849
"5667",566.6,"Simu1","NIT",50,"cliver",0.388772857763429
"5668",566.7,"Simu1","NIT",50,"cliver",0.376740069799562
"5669",566.8,"Simu1","NIT",50,"cliver",0.364732758680734
"5670",566.9,"Simu1","NIT",50,"cliver",0.352781715778281
"5671",567,"Simu1","NIT",50,"cliver",0.340914771358681
"5672",567.1,"Simu1","NIT",50,"cliver",0.329157034162611
"5673",567.2,"Simu1","NIT",50,"cliver",0.317531108985467
"5674",567.3,"Simu1","NIT",50,"cliver",0.306057296973245
"5675",567.4,"Simu1","NIT",50,"cliver",0.294753779906053
"5676",567.5,"Simu1","NIT",50,"cliver",0.283636788242309
"5677",567.6,"Simu1","NIT",50,"cliver",0.272720753676835
"5678",567.7,"Simu1","NIT",50,"cliver",0.262018447940245
"5679",567.8,"Simu1","NIT",50,"cliver",0.251541109238945
"5680",567.9,"Simu1","NIT",50,"cliver",0.241298557088217
"5681",568,"Simu1","NIT",50,"cliver",0.231299295410679
"5682",568.1,"Simu1","NIT",50,"cliver",0.221550605315225
"5683",568.2,"Simu1","NIT",50,"cliver",0.212058628269898
"5684",568.3,"Simu1","NIT",50,"cliver",0.20282844004972
"5685",568.4,"Simu1","NIT",50,"cliver",0.193864116150077
"5686",568.5,"Simu1","NIT",50,"cliver",0.185168789641096
"5687",568.6,"Simu1","NIT",50,"cliver",0.176744702436835
"5688",568.7,"Simu1","NIT",50,"cliver",0.168593250835733
"5689",568.8,"Simu1","NIT",50,"cliver",0.160715026047551
"5690",568.9,"Simu1","NIT",50,"cliver",0.153109851139951
"5691",569,"Simu1","NIT",50,"cliver",0.145776815198645
"5692",569.1,"Simu1","NIT",50,"cliver",0.138714306573343
"5693",569.2,"Simu1","NIT",50,"cliver",0.131920044487857
"5694",569.3,"Simu1","NIT",50,"cliver",0.125391113763999
"5695",569.4,"Simu1","NIT",50,"cliver",0.119123995064388
"5696",569.5,"Simu1","NIT",50,"cliver",0.11311461169589
"5697",569.6,"Simu1","NIT",50,"cliver",0.107358341815374
"5698",569.7,"Simu1","NIT",50,"cliver",0.101850083153834
"5699",569.8,"Simu1","NIT",50,"cliver",0.0965843548997323
"5700",569.9,"Simu1","NIT",50,"cliver",0.0915552413728479
"5701",570,"Simu1","NIT",50,"cliver",0.0877974280369219
"5702",570.1,"Simu1","NIT",50,"cliver",0.352991503273205
"5703",570.2,"Simu1","NIT",50,"cliver",0.477607856871653
"5704",570.3,"Simu1","NIT",50,"cliver",0.515770310273995
"5705",570.4,"Simu1","NIT",50,"cliver",0.531654350052609
"5706",570.5,"Simu1","NIT",50,"cliver",0.540036895618773
"5707",570.6,"Simu1","NIT",50,"cliver",0.544783753767524
"5708",570.7,"Simu1","NIT",50,"cliver",0.547050774285076
"5709",570.8,"Simu1","NIT",50,"cliver",0.547299381540186
"5710",570.9,"Simu1","NIT",50,"cliver",0.545800183047553
"5711",571,"Simu1","NIT",50,"cliver",0.542760886737171
"5712",571.1,"Simu1","NIT",50,"cliver",0.538359785053777
"5713",571.2,"Simu1","NIT",50,"cliver",0.532756392783305
"5714",571.3,"Simu1","NIT",50,"cliver",0.526094021615779
"5715",571.4,"Simu1","NIT",50,"cliver",0.518502326132142
"5716",571.5,"Simu1","NIT",50,"cliver",0.510099261849923
"5717",571.6,"Simu1","NIT",50,"cliver",0.500991808528668
"5718",571.7,"Simu1","NIT",50,"cliver",0.491277032573945
"5719",571.8,"Simu1","NIT",50,"cliver",0.481043317268644
"5720",571.9,"Simu1","NIT",50,"cliver",0.470371080177749
"5721",572,"Simu1","NIT",50,"cliver",0.459333519176887
"5722",572.1,"Simu1","NIT",50,"cliver",0.447997176212851
"5723",572.2,"Simu1","NIT",50,"cliver",0.436422605910716
"5724",572.3,"Simu1","NIT",50,"cliver",0.424664899962128
"5725",572.4,"Simu1","NIT",50,"cliver",0.412774196932565
"5726",572.5,"Simu1","NIT",50,"cliver",0.400796065611958
"5727",572.6,"Simu1","NIT",50,"cliver",0.388771832062298
"5728",572.7,"Simu1","NIT",50,"cliver",0.376739076981236
"5729",572.8,"Simu1","NIT",50,"cliver",0.364731790165424
"5730",572.9,"Simu1","NIT",50,"cliver",0.352780764265681
"5731",573,"Simu1","NIT",50,"cliver",0.340913872933572
"5732",573.1,"Simu1","NIT",50,"cliver",0.329156190968256
"5733",573.2,"Simu1","NIT",50,"cliver",0.317530279185236
"5734",573.3,"Simu1","NIT",50,"cliver",0.306056470357693
"5735",573.4,"Simu1","NIT",50,"cliver",0.294752969777577
"5736",573.5,"Simu1","NIT",50,"cliver",0.28363603823328
"5737",573.6,"Simu1","NIT",50,"cliver",0.272720035283383
"5738",573.7,"Simu1","NIT",50,"cliver",0.262017745689256
"5739",573.8,"Simu1","NIT",50,"cliver",0.251540391026392
"5740",573.9,"Simu1","NIT",50,"cliver",0.241297774844986
"5741",574,"Simu1","NIT",50,"cliver",0.23129843900027
"5742",574.1,"Simu1","NIT",50,"cliver",0.221549712985467
"5743",574.2,"Simu1","NIT",50,"cliver",0.212057825172741
"5744",574.3,"Simu1","NIT",50,"cliver",0.202827775251888
"5745",574.4,"Simu1","NIT",50,"cliver",0.193863550170261
"5746",574.5,"Simu1","NIT",50,"cliver",0.185168267907629
"5747",574.6,"Simu1","NIT",50,"cliver",0.176744211181543
"5748",574.7,"Simu1","NIT",50,"cliver",0.168592846965731
"5749",574.8,"Simu1","NIT",50,"cliver",0.160714657378563
"5750",574.9,"Simu1","NIT",50,"cliver",0.15310943945121
"5751",575,"Simu1","NIT",50,"cliver",0.145776454431726
"5752",575.1,"Simu1","NIT",50,"cliver",0.138713968911169
"5753",575.2,"Simu1","NIT",50,"cliver",0.131919705587024
"5754",575.3,"Simu1","NIT",50,"cliver",0.125390794174903
"5755",575.4,"Simu1","NIT",50,"cliver",0.119123699307313
"5756",575.5,"Simu1","NIT",50,"cliver",0.11311433709162
"5757",575.6,"Simu1","NIT",50,"cliver",0.107358091667991
"5758",575.7,"Simu1","NIT",50,"cliver",0.101849880080386
"5759",575.8,"Simu1","NIT",50,"cliver",0.0965841704725325
"5760",575.9,"Simu1","NIT",50,"cliver",0.09155505849178
"5761",576,"Simu1","NIT",50,"cliver",0.0877972514664332
"5762",576.1,"Simu1","NIT",50,"cliver",0.352992057398009
"5763",576.2,"Simu1","NIT",50,"cliver",0.477609801615828
"5764",576.3,"Simu1","NIT",50,"cliver",0.515773279544602
"5765",576.4,"Simu1","NIT",50,"cliver",0.531656414881645
"5766",576.5,"Simu1","NIT",50,"cliver",0.540038273609999
"5767",576.6,"Simu1","NIT",50,"cliver",0.544784707347138
"5768",576.7,"Simu1","NIT",50,"cliver",0.54705201658872
"5769",576.8,"Simu1","NIT",50,"cliver",0.547300863623947
"5770",576.9,"Simu1","NIT",50,"cliver",0.545801549513376
"5771",577,"Simu1","NIT",50,"cliver",0.542762279191119
"5772",577.1,"Simu1","NIT",50,"cliver",0.538361456102536
"5773",577.2,"Simu1","NIT",50,"cliver",0.532757954479456
"5774",577.3,"Simu1","NIT",50,"cliver",0.526095494488221
"5775",577.4,"Simu1","NIT",50,"cliver",0.518503938206143
"5776",577.5,"Simu1","NIT",50,"cliver",0.510100886927121
"5777",577.6,"Simu1","NIT",50,"cliver",0.500993339098587
"5778",577.7,"Simu1","NIT",50,"cliver",0.491278511059419
"5779",577.8,"Simu1","NIT",50,"cliver",0.481044821984178
"5780",577.9,"Simu1","NIT",50,"cliver",0.470372615858916
"5781",578,"Simu1","NIT",50,"cliver",0.459335032210193
"5782",578.1,"Simu1","NIT",50,"cliver",0.447998618462659
"5783",578.2,"Simu1","NIT",50,"cliver",0.436423988875013
"5784",578.3,"Simu1","NIT",50,"cliver",0.42466628534497
"5785",578.4,"Simu1","NIT",50,"cliver",0.412775587149528
"5786",578.5,"Simu1","NIT",50,"cliver",0.400797419578102
"5787",578.6,"Simu1","NIT",50,"cliver",0.388773167079279
"5788",578.7,"Simu1","NIT",50,"cliver",0.376740380361958
"5789",578.8,"Simu1","NIT",50,"cliver",0.364733061780678
"5790",578.9,"Simu1","NIT",50,"cliver",0.352782004389255
"5791",579,"Simu1","NIT",50,"cliver",0.340915062098719
"5792",579.1,"Simu1","NIT",50,"cliver",0.329157323999931
"5793",579.2,"Simu1","NIT",50,"cliver",0.317531390662942
"5794",579.3,"Simu1","NIT",50,"cliver",0.306057583283519
"5795",579.4,"Simu1","NIT",50,"cliver",0.294754066248468
"5796",579.5,"Simu1","NIT",50,"cliver",0.283637069344669
"5797",579.6,"Simu1","NIT",50,"cliver",0.272721040865242
"5798",579.7,"Simu1","NIT",50,"cliver",0.262018749112085
"5799",579.8,"Simu1","NIT",50,"cliver",0.251541428407518
"5800",579.9,"Simu1","NIT",50,"cliver",0.241298888125685
"5801",580,"Simu1","NIT",50,"cliver",0.231299632032083
"5802",580.1,"Simu1","NIT",50,"cliver",0.221550949662687
"5803",580.2,"Simu1","NIT",50,"cliver",0.212059002407862
"5804",580.3,"Simu1","NIT",50,"cliver",0.20282881887774
"5805",580.4,"Simu1","NIT",50,"cliver",0.193864444157216
"5806",580.5,"Simu1","NIT",50,"cliver",0.185169088421524
"5807",580.6,"Simu1","NIT",50,"cliver",0.176744984745783
"5808",580.7,"Simu1","NIT",50,"cliver",0.168593578424563
"5809",580.8,"Simu1","NIT",50,"cliver",0.16071543308807
"5810",580.9,"Simu1","NIT",50,"cliver",0.153110239311171
"5811",581,"Simu1","NIT",50,"cliver",0.145777110353878
"5812",581.1,"Simu1","NIT",50,"cliver",0.138714566433552
"5813",581.2,"Simu1","NIT",50,"cliver",0.131920330228006
"5814",581.3,"Simu1","NIT",50,"cliver",0.125391401296179
"5815",581.4,"Simu1","NIT",50,"cliver",0.119124254260509
"5816",581.5,"Simu1","NIT",50,"cliver",0.113114842420841
"5817",581.6,"Simu1","NIT",50,"cliver",0.107358575892672
"5818",581.7,"Simu1","NIT",50,"cliver",0.10185033914391
"5819",581.8,"Simu1","NIT",50,"cliver",0.0965846046097612
"5820",581.9,"Simu1","NIT",50,"cliver",0.0915554301016554
"5821",582,"Simu1","NIT",50,"cliver",0.0877976026533423
"5822",582.1,"Simu1","NIT",50,"cliver",0.352991995118471
"5823",582.2,"Simu1","NIT",50,"cliver",0.477607901058854
"5824",582.3,"Simu1","NIT",50,"cliver",0.51577152264988
"5825",582.4,"Simu1","NIT",50,"cliver",0.5316556768354
"5826",582.5,"Simu1","NIT",50,"cliver",0.540037846000101
"5827",582.6,"Simu1","NIT",50,"cliver",0.544784293992578
"5828",582.7,"Simu1","NIT",50,"cliver",0.547051910803363
"5829",582.8,"Simu1","NIT",50,"cliver",0.547300474822346
"5830",582.9,"Simu1","NIT",50,"cliver",0.545801177639687
"5831",583,"Simu1","NIT",50,"cliver",0.542761797585029
"5832",583.1,"Simu1","NIT",50,"cliver",0.538360874938118
"5833",583.2,"Simu1","NIT",50,"cliver",0.532757440113664
"5834",583.3,"Simu1","NIT",50,"cliver",0.526094963492431
"5835",583.4,"Simu1","NIT",50,"cliver",0.518503250420658
"5836",583.5,"Simu1","NIT",50,"cliver",0.510100156432943
"5837",583.6,"Simu1","NIT",50,"cliver",0.500992652086126
"5838",583.7,"Simu1","NIT",50,"cliver",0.491277871367615
"5839",583.8,"Simu1","NIT",50,"cliver",0.481044153446978
"5840",583.9,"Simu1","NIT",50,"cliver",0.470371924980238
"5841",584,"Simu1","NIT",50,"cliver",0.459334340599615
"5842",584.1,"Simu1","NIT",50,"cliver",0.447997966700398
"5843",584.2,"Simu1","NIT",50,"cliver",0.436423366606821
"5844",584.3,"Simu1","NIT",50,"cliver",0.424665649531121
"5845",584.4,"Simu1","NIT",50,"cliver",0.412774937606094
"5846",584.5,"Simu1","NIT",50,"cliver",0.400796781571994
"5847",584.6,"Simu1","NIT",50,"cliver",0.388772548457045
"5848",584.7,"Simu1","NIT",50,"cliver",0.376739768220267
"5849",584.8,"Simu1","NIT",50,"cliver",0.364732464626973
"5850",584.9,"Simu1","NIT",50,"cliver",0.352781427294558
"5851",585,"Simu1","NIT",50,"cliver",0.340914495892866
"5852",585.1,"Simu1","NIT",50,"cliver",0.329156773753759
"5853",585.2,"Simu1","NIT",50,"cliver",0.317530855250313
"5854",585.3,"Simu1","NIT",50,"cliver",0.306057043688302
"5855",585.4,"Simu1","NIT",50,"cliver",0.294753537117299
"5856",585.5,"Simu1","NIT",50,"cliver",0.283636558774454
"5857",585.6,"Simu1","NIT",50,"cliver",0.272720531143298
"5858",585.7,"Simu1","NIT",50,"cliver",0.262018190225047
"5859",585.8,"Simu1","NIT",50,"cliver",0.25154086444272
"5860",585.9,"Simu1","NIT",50,"cliver",0.241298376875271
"5861",586,"Simu1","NIT",50,"cliver",0.231299130935272
"5862",586.1,"Simu1","NIT",50,"cliver",0.221550435045292
"5863",586.2,"Simu1","NIT",50,"cliver",0.212058465104481
"5864",586.3,"Simu1","NIT",50,"cliver",0.20282828753549
"5865",586.4,"Simu1","NIT",50,"cliver",0.193863992887141
"5866",586.5,"Simu1","NIT",50,"cliver",0.185168680257378
"5867",586.6,"Simu1","NIT",50,"cliver",0.176744603947156
"5868",586.7,"Simu1","NIT",50,"cliver",0.168593173396741
"5869",586.8,"Simu1","NIT",50,"cliver",0.160714833375005
"5870",586.9,"Simu1","NIT",50,"cliver",0.153109717562653
"5871",587,"Simu1","NIT",50,"cliver",0.145776678924543
"5872",587.1,"Simu1","NIT",50,"cliver",0.138714151415104
"5873",587.2,"Simu1","NIT",50,"cliver",0.131919867260975
"5874",587.3,"Simu1","NIT",50,"cliver",0.125390950311406
"5875",587.4,"Simu1","NIT",50,"cliver",0.119123878634286
"5876",587.5,"Simu1","NIT",50,"cliver",0.113114525404416
"5877",587.6,"Simu1","NIT",50,"cliver",0.107358275054565
"5878",587.7,"Simu1","NIT",50,"cliver",0.101850048377559
"5879",587.8,"Simu1","NIT",50,"cliver",0.0965843243744376
"5880",587.9,"Simu1","NIT",50,"cliver",0.0915551874228652
"5881",588,"Simu1","NIT",50,"cliver",0.0877974029299895
"5882",588.1,"Simu1","NIT",50,"cliver",0.352992216085871
"5883",588.2,"Simu1","NIT",50,"cliver",0.477608620825209
"5884",588.3,"Simu1","NIT",50,"cliver",0.515771576232317
"5885",588.4,"Simu1","NIT",50,"cliver",0.53165651626346
"5886",588.5,"Simu1","NIT",50,"cliver",0.540039309784676
"5887",588.6,"Simu1","NIT",50,"cliver",0.54478555924194
"5888",588.7,"Simu1","NIT",50,"cliver",0.547052363243997
"5889",588.8,"Simu1","NIT",50,"cliver",0.547301052553232
"5890",588.9,"Simu1","NIT",50,"cliver",0.545801035325284
"5891",589,"Simu1","NIT",50,"cliver",0.542763254664739
"5892",589.1,"Simu1","NIT",50,"cliver",0.538361355839525
"5893",589.2,"Simu1","NIT",50,"cliver",0.532758488220548
"5894",589.3,"Simu1","NIT",50,"cliver",0.526095727222903
"5895",589.4,"Simu1","NIT",50,"cliver",0.518503811701624
"5896",589.5,"Simu1","NIT",50,"cliver",0.510101523209396
"5897",589.6,"Simu1","NIT",50,"cliver",0.500992765793933
"5898",589.7,"Simu1","NIT",50,"cliver",0.491278681469763
"5899",589.8,"Simu1","NIT",50,"cliver",0.48104494275966
"5900",589.9,"Simu1","NIT",50,"cliver",0.470372684203565
"5901",590,"Simu1","NIT",50,"cliver",0.459335165699244
"5902",590.1,"Simu1","NIT",50,"cliver",0.447998815987794
"5903",590.2,"Simu1","NIT",50,"cliver",0.436424214002143
"5904",590.3,"Simu1","NIT",50,"cliver",0.424666513682335
"5905",590.4,"Simu1","NIT",50,"cliver",0.412775834588982
"5906",590.5,"Simu1","NIT",50,"cliver",0.400797701577205
"5907",590.6,"Simu1","NIT",50,"cliver",0.388773474422566
"5908",590.7,"Simu1","NIT",50,"cliver",0.376740670509767
"5909",590.8,"Simu1","NIT",50,"cliver",0.364733306590155
"5910",590.9,"Simu1","NIT",50,"cliver",0.352782212183375
"5911",591,"Simu1","NIT",50,"cliver",0.340915242090775
"5912",591.1,"Simu1","NIT",50,"cliver",0.329157497003173
"5913",591.2,"Simu1","NIT",50,"cliver",0.317531560728307
"5914",591.3,"Simu1","NIT",50,"cliver",0.306057730904846
"5915",591.4,"Simu1","NIT",50,"cliver",0.294754193127024
"5916",591.5,"Simu1","NIT",50,"cliver",0.283637187462577
"5917",591.6,"Simu1","NIT",50,"cliver",0.27272113875194
"5918",591.7,"Simu1","NIT",50,"cliver",0.262018823336003
"5919",591.8,"Simu1","NIT",50,"cliver",0.251541466257212
"5920",591.9,"Simu1","NIT",50,"cliver",0.241298906673833
"5921",592,"Simu1","NIT",50,"cliver",0.231299608463719
"5922",592.1,"Simu1","NIT",50,"cliver",0.221550868370617
"5923",592.2,"Simu1","NIT",50,"cliver",0.212058891984847
"5924",592.3,"Simu1","NIT",50,"cliver",0.202828739516577
"5925",592.4,"Simu1","NIT",50,"cliver",0.193864412408103
"5926",592.5,"Simu1","NIT",50,"cliver",0.185169061059557
"5927",592.6,"Simu1","NIT",50,"cliver",0.176744954035051
"5928",592.7,"Simu1","NIT",50,"cliver",0.168593492739879
"5929",592.8,"Simu1","NIT",50,"cliver",0.160715281213961
"5930",592.9,"Simu1","NIT",50,"cliver",0.15311007811316
"5931",593,"Simu1","NIT",50,"cliver",0.145776996024906
"5932",593.1,"Simu1","NIT",50,"cliver",0.138714514355348
"5933",593.2,"Simu1","NIT",50,"cliver",0.131920324993525
"5934",593.3,"Simu1","NIT",50,"cliver",0.125391395004996
"5935",593.4,"Simu1","NIT",50,"cliver",0.119124258187208
"5936",593.5,"Simu1","NIT",50,"cliver",0.113114797836331
"5937",593.6,"Simu1","NIT",50,"cliver",0.107358612140883
"5938",593.7,"Simu1","NIT",50,"cliver",0.101850421372336
"5939",593.8,"Simu1","NIT",50,"cliver",0.0965846536991243
"5940",593.9,"Simu1","NIT",50,"cliver",0.0915554881569798
"5941",594,"Simu1","NIT",50,"cliver",0.0877977012549157
"5942",594.1,"Simu1","NIT",50,"cliver",0.352992974559877
"5943",594.2,"Simu1","NIT",50,"cliver",0.477611931085634
"5944",594.3,"Simu1","NIT",50,"cliver",0.51577562965163
"5945",594.4,"Simu1","NIT",50,"cliver",0.531659929130209
"5946",594.5,"Simu1","NIT",50,"cliver",0.540043110525279
"5947",594.6,"Simu1","NIT",50,"cliver",0.544789996312545
"5948",594.7,"Simu1","NIT",50,"cliver",0.547057025835918
"5949",594.8,"Simu1","NIT",50,"cliver",0.547305560256081
"5950",594.9,"Simu1","NIT",50,"cliver",0.545806213473209
"5951",595,"Simu1","NIT",50,"cliver",0.542766872038822
"5952",595.1,"Simu1","NIT",50,"cliver",0.538365958037897
"5953",595.2,"Simu1","NIT",50,"cliver",0.532762492815485
"5954",595.3,"Simu1","NIT",50,"cliver",0.526099987616985
"5955",595.4,"Simu1","NIT",50,"cliver",0.518508256126456
"5956",595.5,"Simu1","NIT",50,"cliver",0.510105127677578
"5957",595.6,"Simu1","NIT",50,"cliver",0.500997569997126
"5958",595.7,"Simu1","NIT",50,"cliver",0.491282725406058
"5959",595.8,"Simu1","NIT",50,"cliver",0.481048940928547
"5960",595.9,"Simu1","NIT",50,"cliver",0.470376628674911
"5961",596,"Simu1","NIT",50,"cliver",0.459338961429434
"5962",596.1,"Simu1","NIT",50,"cliver",0.448002506366563
"5963",596.2,"Simu1","NIT",50,"cliver",0.436427825660028
"5964",596.3,"Simu1","NIT",50,"cliver",0.42467002428734
"5965",596.4,"Simu1","NIT",50,"cliver",0.412779223985537
"5966",596.5,"Simu1","NIT",50,"cliver",0.400800977788655
"5967",596.6,"Simu1","NIT",50,"cliver",0.388776651227708
"5968",596.7,"Simu1","NIT",50,"cliver",0.376743776779499
"5969",596.8,"Simu1","NIT",50,"cliver",0.364736374871152
"5970",596.9,"Simu1","NIT",50,"cliver",0.352785240960241
"5971",597,"Simu1","NIT",50,"cliver",0.340918206251974
"5972",597.1,"Simu1","NIT",50,"cliver",0.329160378025909
"5973",597.2,"Simu1","NIT",50,"cliver",0.317534360416836
"5974",597.3,"Simu1","NIT",50,"cliver",0.306060455391965
"5975",597.4,"Simu1","NIT",50,"cliver",0.294756845612928
"5976",597.5,"Simu1","NIT",50,"cliver",0.283639761656819
"5977",597.6,"Simu1","NIT",50,"cliver",0.272723635028141
"5978",597.7,"Simu1","NIT",50,"cliver",0.262021237637036
"5979",597.8,"Simu1","NIT",50,"cliver",0.251543807966588
"5980",597.9,"Simu1","NIT",50,"cliver",0.241301165439469
"5981",598,"Simu1","NIT",50,"cliver",0.231301814069999
"5982",598.1,"Simu1","NIT",50,"cliver",0.221553035266124
"5983",598.2,"Simu1","NIT",50,"cliver",0.212060970715905
"5984",598.3,"Simu1","NIT",50,"cliver",0.202830696183557
"5985",598.4,"Simu1","NIT",50,"cliver",0.193866287124457
"5986",598.5,"Simu1","NIT",50,"cliver",0.185170876743313
"5987",598.6,"Simu1","NIT",50,"cliver",0.176746707135465
"5988",598.7,"Simu1","NIT",50,"cliver",0.168595174644847
"5989",598.8,"Simu1","NIT",50,"cliver",0.160716870487602
"5990",598.9,"Simu1","NIT",50,"cliver",0.153111617812961
"5991",599,"Simu1","NIT",50,"cliver",0.145778505818453
"5992",599.1,"Simu1","NIT",50,"cliver",0.138715922941722
"5993",599.2,"Simu1","NIT",50,"cliver",0.131921588365494
"5994",599.3,"Simu1","NIT",50,"cliver",0.125392587212429
"5995",599.4,"Simu1","NIT",50,"cliver",0.119125399462135
"5996",599.5,"Simu1","NIT",50,"cliver",0.113115950788347
"5997",599.6,"Simu1","NIT",50,"cliver",0.107359644568026
"5998",599.7,"Simu1","NIT",50,"cliver",0.10185136173391
"5999",599.8,"Simu1","NIT",50,"cliver",0.0965855519266942
"6000",599.9,"Simu1","NIT",50,"cliver",0.0915563237021269
"6001",600,"Simu1","NIT",50,"cliver",0.0877985060864732
"6002",600.1,"Simu1","NIT",50,"cliver",0.352992559252156
"6003",600.2,"Simu1","NIT",50,"cliver",0.477608917875143
"6004",600.3,"Simu1","NIT",50,"cliver",0.515771341127239
"6005",600.4,"Simu1","NIT",50,"cliver",0.531655354368494
"6006",600.5,"Simu1","NIT",50,"cliver",0.540037873448605
"6007",600.6,"Simu1","NIT",50,"cliver",0.5447847214443
"6008",600.7,"Simu1","NIT",50,"cliver",0.547051729092608
"6009",600.8,"Simu1","NIT",50,"cliver",0.547300313150872
"6010",600.9,"Simu1","NIT",50,"cliver",0.545801032727388
"6011",601,"Simu1","NIT",50,"cliver",0.542761701348126
"6012",601.1,"Simu1","NIT",50,"cliver",0.538360767443445
"6013",601.2,"Simu1","NIT",50,"cliver",0.5327573412196
"6014",601.3,"Simu1","NIT",50,"cliver",0.526094864267692
"6015",601.4,"Simu1","NIT",50,"cliver",0.518503204927505
"6016",601.5,"Simu1","NIT",50,"cliver",0.510100088920781
"6017",601.6,"Simu1","NIT",50,"cliver",0.500992518496721
"6018",601.7,"Simu1","NIT",50,"cliver",0.491277714789969
"6019",601.8,"Simu1","NIT",50,"cliver",0.481044006581924
"6020",601.9,"Simu1","NIT",50,"cliver",0.470371786205819
"6021",602,"Simu1","NIT",50,"cliver",0.459334159931858
"6022",602.1,"Simu1","NIT",50,"cliver",0.447997613986813
"6023",602.2,"Simu1","NIT",50,"cliver",0.436422831746306
"6024",602.3,"Simu1","NIT",50,"cliver",0.424665015442487
"6025",602.4,"Simu1","NIT",50,"cliver",0.412774543820375
"6026",602.5,"Simu1","NIT",50,"cliver",0.400796623865227
"6027",602.6,"Simu1","NIT",50,"cliver",0.388772475102292
"6028",602.7,"Simu1","NIT",50,"cliver",0.37673970349404
"6029",602.8,"Simu1","NIT",50,"cliver",0.364732407880075
"6030",602.9,"Simu1","NIT",50,"cliver",0.35278139535896
"6031",603,"Simu1","NIT",50,"cliver",0.34091449799185
"6032",603.1,"Simu1","NIT",50,"cliver",0.329156806566784
"6033",603.2,"Simu1","NIT",50,"cliver",0.317530917525747
"6034",603.3,"Simu1","NIT",50,"cliver",0.306057132850626
"6035",603.4,"Simu1","NIT",50,"cliver",0.294753638328541
"6036",603.5,"Simu1","NIT",50,"cliver",0.283636651087488
"6037",603.6,"Simu1","NIT",50,"cliver",0.272720594954622
"6038",603.7,"Simu1","NIT",50,"cliver",0.262018260011318
"6039",603.8,"Simu1","NIT",50,"cliver",0.251540904952836
"6040",603.9,"Simu1","NIT",50,"cliver",0.241298351254213
"6041",604,"Simu1","NIT",50,"cliver",0.231299091605969
"6042",604.1,"Simu1","NIT",50,"cliver",0.221550399788716
"6043",604.2,"Simu1","NIT",50,"cliver",0.212058418455254
"6044",604.3,"Simu1","NIT",50,"cliver",0.202828228807032
"6045",604.4,"Simu1","NIT",50,"cliver",0.193863907698022
"6046",604.5,"Simu1","NIT",50,"cliver",0.185168584670928
"6047",604.6,"Simu1","NIT",50,"cliver",0.176744499317841
"6048",604.7,"Simu1","NIT",50,"cliver",0.168593049544796
"6049",604.8,"Simu1","NIT",50,"cliver",0.160714828336711
"6050",604.9,"Simu1","NIT",50,"cliver",0.1531096579002
"6051",605,"Simu1","NIT",50,"cliver",0.145776626373184
"6052",605.1,"Simu1","NIT",50,"cliver",0.138714121698143
"6053",605.2,"Simu1","NIT",50,"cliver",0.131919864890831
"6054",605.3,"Simu1","NIT",50,"cliver",0.125390937905098
"6055",605.4,"Simu1","NIT",50,"cliver",0.119123827853476
"6056",605.5,"Simu1","NIT",50,"cliver",0.113114464370616
"6057",605.6,"Simu1","NIT",50,"cliver",0.107358243920111
"6058",605.7,"Simu1","NIT",50,"cliver",0.101850062879884
"6059",605.8,"Simu1","NIT",50,"cliver",0.0965843191028284
"6060",605.9,"Simu1","NIT",50,"cliver",0.0915551215553839
"6061",606,"Simu1","NIT",50,"cliver",0.0877973160837177
"6062",606.1,"Simu1","NIT",50,"cliver",0.352992117923079
"6063",606.2,"Simu1","NIT",50,"cliver",0.477609196943902
"6064",606.3,"Simu1","NIT",50,"cliver",0.515771706328652
"6065",606.4,"Simu1","NIT",50,"cliver",0.531656232040176
"6066",606.5,"Simu1","NIT",50,"cliver",0.5400381541824
"6067",606.6,"Simu1","NIT",50,"cliver",0.544785432276209
"6068",606.7,"Simu1","NIT",50,"cliver",0.547052434608018
"6069",606.8,"Simu1","NIT",50,"cliver",0.547300839957172
"6070",606.9,"Simu1","NIT",50,"cliver",0.545801919410501
"6071",607,"Simu1","NIT",50,"cliver",0.542762486679103
"6072",607.1,"Simu1","NIT",50,"cliver",0.538361569959096
"6073",607.2,"Simu1","NIT",50,"cliver",0.532758183246268
"6074",607.3,"Simu1","NIT",50,"cliver",0.526095715468682
"6075",607.4,"Simu1","NIT",50,"cliver",0.518504020252951
"6076",607.5,"Simu1","NIT",50,"cliver",0.510100905136113
"6077",607.6,"Simu1","NIT",50,"cliver",0.500993383690729
"6078",607.7,"Simu1","NIT",50,"cliver",0.491278611011102
"6079",607.8,"Simu1","NIT",50,"cliver",0.481044895779875
"6080",607.9,"Simu1","NIT",50,"cliver",0.470372665511175
"6081",608,"Simu1","NIT",50,"cliver",0.459335071209447
"6082",608.1,"Simu1","NIT",50,"cliver",0.447998685972647
"6083",608.2,"Simu1","NIT",50,"cliver",0.43642408112311
"6084",608.3,"Simu1","NIT",50,"cliver",0.424666355767325
"6085",608.4,"Simu1","NIT",50,"cliver",0.412775631017471
"6086",608.5,"Simu1","NIT",50,"cliver",0.400797459918025
"6087",608.6,"Simu1","NIT",50,"cliver",0.388773212239711
"6088",608.7,"Simu1","NIT",50,"cliver",0.376740419116807
"6089",608.8,"Simu1","NIT",50,"cliver",0.364733097722972
"6090",608.9,"Simu1","NIT",50,"cliver",0.352782048147942
"6091",609,"Simu1","NIT",50,"cliver",0.340915104012798
"6092",609.1,"Simu1","NIT",50,"cliver",0.32915736324871
"6093",609.2,"Simu1","NIT",50,"cliver",0.317531423905909
"6094",609.3,"Simu1","NIT",50,"cliver",0.306057600431194
"6095",609.4,"Simu1","NIT",50,"cliver",0.294754081586438
"6096",609.5,"Simu1","NIT",50,"cliver",0.283637087141523
"6097",609.6,"Simu1","NIT",50,"cliver",0.272721050842137
"6098",609.7,"Simu1","NIT",50,"cliver",0.262018745724703
"6099",609.8,"Simu1","NIT",50,"cliver",0.251541391536922
"6100",609.9,"Simu1","NIT",50,"cliver",0.24129881908902
"6101",610,"Simu1","NIT",50,"cliver",0.23129955293743
"6102",610.1,"Simu1","NIT",50,"cliver",0.221550862332512
"6103",610.2,"Simu1","NIT",50,"cliver",0.212058881698586
"6104",610.3,"Simu1","NIT",50,"cliver",0.20282869049362
"6105",610.4,"Simu1","NIT",50,"cliver",0.193864369417919
"6106",610.5,"Simu1","NIT",50,"cliver",0.185169044675182
"6107",610.6,"Simu1","NIT",50,"cliver",0.176744964969443
"6108",610.7,"Simu1","NIT",50,"cliver",0.168593542244739
"6109",610.8,"Simu1","NIT",50,"cliver",0.160715321218864
"6110",610.9,"Simu1","NIT",50,"cliver",0.153110091210887
"6111",611,"Simu1","NIT",50,"cliver",0.145777013316721
"6112",611.1,"Simu1","NIT",50,"cliver",0.13871449641137
"6113",611.2,"Simu1","NIT",50,"cliver",0.131920268817572
"6114",611.3,"Simu1","NIT",50,"cliver",0.125391329856281
"6115",611.4,"Simu1","NIT",50,"cliver",0.119124149029876
"6116",611.5,"Simu1","NIT",50,"cliver",0.113114742232725
"6117",611.6,"Simu1","NIT",50,"cliver",0.10735850673685
"6118",611.7,"Simu1","NIT",50,"cliver",0.101850305624917
"6119",611.8,"Simu1","NIT",50,"cliver",0.0965845748313085
"6120",611.9,"Simu1","NIT",50,"cliver",0.0915553976012029
"6121",612,"Simu1","NIT",50,"cliver",0.0877975928939737
"6122",612.1,"Simu1","NIT",50,"cliver",0.352992098230569
"6123",612.2,"Simu1","NIT",50,"cliver",0.477609549961993
"6124",612.3,"Simu1","NIT",50,"cliver",0.515773159260155
"6125",612.4,"Simu1","NIT",50,"cliver",0.531656757730537
"6126",612.5,"Simu1","NIT",50,"cliver",0.540038472645358
"6127",612.6,"Simu1","NIT",50,"cliver",0.544784870018127
"6128",612.7,"Simu1","NIT",50,"cliver",0.547052217836248
"6129",612.8,"Simu1","NIT",50,"cliver",0.547300726027586
"6130",612.9,"Simu1","NIT",50,"cliver",0.545801690715584
"6131",613,"Simu1","NIT",50,"cliver",0.542762245746513
"6132",613.1,"Simu1","NIT",50,"cliver",0.538361454288418
"6133",613.2,"Simu1","NIT",50,"cliver",0.532758085636557
"6134",613.3,"Simu1","NIT",50,"cliver",0.526095560106517
"6135",613.4,"Simu1","NIT",50,"cliver",0.518503922470631
"6136",613.5,"Simu1","NIT",50,"cliver",0.510100903713655
"6137",613.6,"Simu1","NIT",50,"cliver",0.500993368097481
"6138",613.7,"Simu1","NIT",50,"cliver",0.491278546384097
"6139",613.8,"Simu1","NIT",50,"cliver",0.481044846650669
"6140",613.9,"Simu1","NIT",50,"cliver",0.470372628338963
"6141",614,"Simu1","NIT",50,"cliver",0.459335034782968
"6142",614.1,"Simu1","NIT",50,"cliver",0.447998622700258
"6143",614.2,"Simu1","NIT",50,"cliver",0.436424000342768
"6144",614.3,"Simu1","NIT",50,"cliver",0.424666273612248
"6145",614.4,"Simu1","NIT",50,"cliver",0.412775566102764
"6146",614.5,"Simu1","NIT",50,"cliver",0.400797398262981
"6147",614.6,"Simu1","NIT",50,"cliver",0.388773153814697
"6148",614.7,"Simu1","NIT",50,"cliver",0.376740353913597
"6149",614.8,"Simu1","NIT",50,"cliver",0.364733042508841
"6150",614.9,"Simu1","NIT",50,"cliver",0.352782018284773
"6151",615,"Simu1","NIT",50,"cliver",0.340915040912562
"6152",615.1,"Simu1","NIT",50,"cliver",0.329157329410428
"6153",615.2,"Simu1","NIT",50,"cliver",0.317531408091624
"6154",615.3,"Simu1","NIT",50,"cliver",0.306057558649059
"6155",615.4,"Simu1","NIT",50,"cliver",0.294754044179307
"6156",615.5,"Simu1","NIT",50,"cliver",0.283637053851605
"6157",615.6,"Simu1","NIT",50,"cliver",0.272721003274885
"6158",615.7,"Simu1","NIT",50,"cliver",0.262018688701231
"6159",615.8,"Simu1","NIT",50,"cliver",0.251541348220326
"6160",615.9,"Simu1","NIT",50,"cliver",0.241298789075774
"6161",616,"Simu1","NIT",50,"cliver",0.231299517574184
"6162",616.1,"Simu1","NIT",50,"cliver",0.221550820231208
"6163",616.2,"Simu1","NIT",50,"cliver",0.212058837183546
"6164",616.3,"Simu1","NIT",50,"cliver",0.202828641879063
"6165",616.4,"Simu1","NIT",50,"cliver",0.193864310365059
"6166",616.5,"Simu1","NIT",50,"cliver",0.185168976640627
"6167",616.6,"Simu1","NIT",50,"cliver",0.176744882784407
"6168",616.7,"Simu1","NIT",50,"cliver",0.168593424313853
"6169",616.8,"Simu1","NIT",50,"cliver",0.160715192883932
"6170",616.9,"Simu1","NIT",50,"cliver",0.153110010797398
"6171",617,"Simu1","NIT",50,"cliver",0.145776969212617
"6172",617.1,"Simu1","NIT",50,"cliver",0.138714452419543
"6173",617.2,"Simu1","NIT",50,"cliver",0.131920200987105
"6174",617.3,"Simu1","NIT",50,"cliver",0.125391275619973
"6175",617.4,"Simu1","NIT",50,"cliver",0.119124138016652
"6176",617.5,"Simu1","NIT",50,"cliver",0.113114727142956
"6177",617.6,"Simu1","NIT",50,"cliver",0.10735846722468
"6178",617.7,"Simu1","NIT",50,"cliver",0.101850246009305
"6179",617.8,"Simu1","NIT",50,"cliver",0.0965845300634883
"6180",617.9,"Simu1","NIT",50,"cliver",0.0915553819003162
"6181",618,"Simu1","NIT",50,"cliver",0.0877975543733143
"6182",618.1,"Simu1","NIT",50,"cliver",0.352992456502091
"6183",618.2,"Simu1","NIT",50,"cliver",0.477609541010219
"6184",618.3,"Simu1","NIT",50,"cliver",0.515773083815893
"6185",618.4,"Simu1","NIT",50,"cliver",0.531657720005585
"6186",618.5,"Simu1","NIT",50,"cliver",0.540040802409661
"6187",618.6,"Simu1","NIT",50,"cliver",0.54478760769335
"6188",618.7,"Simu1","NIT",50,"cliver",0.547054598343026
"6189",618.8,"Simu1","NIT",50,"cliver",0.54730303531769
"6190",618.9,"Simu1","NIT",50,"cliver",0.545803722946705
"6191",619,"Simu1","NIT",50,"cliver",0.542764301890864
"6192",619.1,"Simu1","NIT",50,"cliver",0.538363423185196
"6193",619.2,"Simu1","NIT",50,"cliver",0.532759978020367
"6194",619.3,"Simu1","NIT",50,"cliver",0.526097492417787
"6195",619.4,"Simu1","NIT",50,"cliver",0.518505788708943
"6196",619.5,"Simu1","NIT",50,"cliver",0.510102658913505
"6197",619.6,"Simu1","NIT",50,"cliver",0.500995108709104
"6198",619.7,"Simu1","NIT",50,"cliver",0.491280297423304
"6199",619.8,"Simu1","NIT",50,"cliver",0.481046558350392
"6200",619.9,"Simu1","NIT",50,"cliver",0.470374284163516
"6201",620,"Simu1","NIT",50,"cliver",0.45933664702
"6202",620.1,"Simu1","NIT",50,"cliver",0.448000226331726
"6203",620.2,"Simu1","NIT",50,"cliver",0.436425589157566
"6204",620.3,"Simu1","NIT",50,"cliver",0.424667834562179
"6205",620.4,"Simu1","NIT",50,"cliver",0.412777079185439
"6206",620.5,"Simu1","NIT",50,"cliver",0.400798877432812
"6207",620.6,"Simu1","NIT",50,"cliver",0.388774597772299
"6208",620.7,"Simu1","NIT",50,"cliver",0.376741772600508
"6209",620.8,"Simu1","NIT",50,"cliver",0.364734420490275
"6210",620.9,"Simu1","NIT",50,"cliver",0.352783336120579
"6211",621,"Simu1","NIT",50,"cliver",0.340916351235942
"6212",621.1,"Simu1","NIT",50,"cliver",0.329158573516066
"6213",621.2,"Simu1","NIT",50,"cliver",0.317532606767579
"6214",621.3,"Simu1","NIT",50,"cliver",0.306058752499937
"6215",621.4,"Simu1","NIT",50,"cliver",0.294755193275766
"6216",621.5,"Simu1","NIT",50,"cliver",0.283638159754094
"6217",621.6,"Simu1","NIT",50,"cliver",0.272722083400267
"6218",621.7,"Simu1","NIT",50,"cliver",0.262019735878946
"6219",621.8,"Simu1","NIT",50,"cliver",0.251542355731913
"6220",621.9,"Simu1","NIT",50,"cliver",0.241299762343531
"6221",622,"Simu1","NIT",50,"cliver",0.231300459626973
"6222",622.1,"Simu1","NIT",50,"cliver",0.2215517288597
"6223",622.2,"Simu1","NIT",50,"cliver",0.212059711701761
"6224",622.3,"Simu1","NIT",50,"cliver",0.202829483929377
"6225",622.4,"Simu1","NIT",50,"cliver",0.19386512095952
"6226",622.5,"Simu1","NIT",50,"cliver",0.185169755896761
"6227",622.6,"Simu1","NIT",50,"cliver",0.176745630814143
"6228",622.7,"Simu1","NIT",50,"cliver",0.16859414201299
"6229",622.8,"Simu1","NIT",50,"cliver",0.160715880735392
"6230",622.9,"Simu1","NIT",50,"cliver",0.153110669962175
"6231",623,"Simu1","NIT",50,"cliver",0.145777599076325
"6232",623.1,"Simu1","NIT",50,"cliver",0.138715056014718
"6233",623.2,"Simu1","NIT",50,"cliver",0.131920760987233
"6234",623.3,"Simu1","NIT",50,"cliver",0.12539179661708
"6235",623.4,"Simu1","NIT",50,"cliver",0.119124648889953
"6236",623.5,"Simu1","NIT",50,"cliver",0.113115227927587
"6237",623.6,"Simu1","NIT",50,"cliver",0.107358954694666
"6238",623.7,"Simu1","NIT",50,"cliver",0.101850728278432
"6239",623.8,"Simu1","NIT",50,"cliver",0.0965849624969199
"6240",623.9,"Simu1","NIT",50,"cliver",0.0915557539627703
"6241",624,"Simu1","NIT",50,"cliver",0.0877979024296967
"6242",624.1,"Simu1","NIT",50,"cliver",0.352992211707135
"6243",624.2,"Simu1","NIT",50,"cliver",0.477609679114148
"6244",624.3,"Simu1","NIT",50,"cliver",0.515772451104515
"6245",624.4,"Simu1","NIT",50,"cliver",0.531657353975355
"6246",624.5,"Simu1","NIT",50,"cliver",0.540039156061644
"6247",624.6,"Simu1","NIT",50,"cliver",0.544786389544608
"6248",624.7,"Simu1","NIT",50,"cliver",0.547053414964665
"6249",624.8,"Simu1","NIT",50,"cliver",0.547301842831068
"6250",624.9,"Simu1","NIT",50,"cliver",0.545802533990256
"6251",625,"Simu1","NIT",50,"cliver",0.542763117071244
"6252",625.1,"Simu1","NIT",50,"cliver",0.538362138078552
"6253",625.2,"Simu1","NIT",50,"cliver",0.532758747894434
"6254",625.3,"Simu1","NIT",50,"cliver",0.526096277636396
"6255",625.4,"Simu1","NIT",50,"cliver",0.518504619985643
"6256",625.5,"Simu1","NIT",50,"cliver",0.510101517168689
"6257",625.6,"Simu1","NIT",50,"cliver",0.50099392497944
"6258",625.7,"Simu1","NIT",50,"cliver",0.491279091879747
"6259",625.8,"Simu1","NIT",50,"cliver",0.481045374875645
"6260",625.9,"Simu1","NIT",50,"cliver",0.4703731331011
"6261",626,"Simu1","NIT",50,"cliver",0.459335509584242
"6262",626.1,"Simu1","NIT",50,"cliver",0.447999088866574
"6263",626.2,"Simu1","NIT",50,"cliver",0.436424458579804
"6264",626.3,"Simu1","NIT",50,"cliver",0.424666724173083
"6265",626.4,"Simu1","NIT",50,"cliver",0.412775991996913
"6266",626.5,"Simu1","NIT",50,"cliver",0.400797808571011
"6267",626.6,"Simu1","NIT",50,"cliver",0.388773545387472
"6268",626.7,"Simu1","NIT",50,"cliver",0.37674074010504
"6269",626.8,"Simu1","NIT",50,"cliver",0.364733411203728
"6270",626.9,"Simu1","NIT",50,"cliver",0.352782350304441
"6271",627,"Simu1","NIT",50,"cliver",0.340915387998166
"6272",627.1,"Simu1","NIT",50,"cliver",0.329157633062655
"6273",627.2,"Simu1","NIT",50,"cliver",0.31753169017721
"6274",627.3,"Simu1","NIT",50,"cliver",0.306057860459984
"6275",627.4,"Simu1","NIT",50,"cliver",0.294754325778207
"6276",627.5,"Simu1","NIT",50,"cliver",0.28363731667048
"6277",627.6,"Simu1","NIT",50,"cliver",0.272721264841445
"6278",627.7,"Simu1","NIT",50,"cliver",0.262018942006829
"6279",627.8,"Simu1","NIT",50,"cliver",0.251541586388793
"6280",627.9,"Simu1","NIT",50,"cliver",0.241299017556057
"6281",628,"Simu1","NIT",50,"cliver",0.231299739396662
"6282",628.1,"Simu1","NIT",50,"cliver",0.221551033050508
"6283",628.2,"Simu1","NIT",50,"cliver",0.2120590400096
"6284",628.3,"Simu1","NIT",50,"cliver",0.202828836072691
"6285",628.4,"Simu1","NIT",50,"cliver",0.193864496731541
"6286",628.5,"Simu1","NIT",50,"cliver",0.1851691550579
"6287",628.6,"Simu1","NIT",50,"cliver",0.176745052981812
"6288",628.7,"Simu1","NIT",50,"cliver",0.16859358682645
"6289",628.8,"Simu1","NIT",50,"cliver",0.160715347795674
"6290",628.9,"Simu1","NIT",50,"cliver",0.153110158975685
"6291",629,"Simu1","NIT",50,"cliver",0.145777109437979
"6292",629.1,"Simu1","NIT",50,"cliver",0.138714587596604
"6293",629.2,"Simu1","NIT",50,"cliver",0.13192031258104
"6294",629.3,"Simu1","NIT",50,"cliver",0.125391369428908
"6295",629.4,"Simu1","NIT",50,"cliver",0.119124238352283
"6296",629.5,"Simu1","NIT",50,"cliver",0.1131148437127
"6297",629.6,"Simu1","NIT",50,"cliver",0.107358559779692
"6298",629.7,"Simu1","NIT",50,"cliver",0.101850291740937
"6299",629.8,"Simu1","NIT",50,"cliver",0.0965845608940748
"6300",629.9,"Simu1","NIT",50,"cliver",0.0915554305418003
"6301",630,"Simu1","NIT",50,"cliver",0.0877976040971631
"6302",630.1,"Simu1","NIT",50,"cliver",0.35299167177769
"6303",630.2,"Simu1","NIT",50,"cliver",0.477608025869031
"6304",630.3,"Simu1","NIT",50,"cliver",0.515770471403056
"6305",630.4,"Simu1","NIT",50,"cliver",0.531654505602889
"6306",630.5,"Simu1","NIT",50,"cliver",0.540037046657168
"6307",630.6,"Simu1","NIT",50,"cliver",0.544783906685895
"6308",630.7,"Simu1","NIT",50,"cliver",0.547050928605775
"6309",630.8,"Simu1","NIT",50,"cliver",0.547299522037441
"6310",630.9,"Simu1","NIT",50,"cliver",0.545800324925421
"6311",631,"Simu1","NIT",50,"cliver",0.542761045982133
"6312",631.1,"Simu1","NIT",50,"cliver",0.538360148913355
"6313",631.2,"Simu1","NIT",50,"cliver",0.53275671968498
"6314",631.3,"Simu1","NIT",50,"cliver",0.526094257778486
"6315",631.4,"Simu1","NIT",50,"cliver",0.518502564363883
"6316",631.5,"Simu1","NIT",50,"cliver",0.51009945703968
"6317",631.6,"Simu1","NIT",50,"cliver",0.500991943171326
"6318",631.7,"Simu1","NIT",50,"cliver",0.491277172909535
"6319",631.8,"Simu1","NIT",50,"cliver",0.481043468786226
"6320",631.9,"Simu1","NIT",50,"cliver",0.470371246833035
"6321",632,"Simu1","NIT",50,"cliver",0.459333668742822
"6322",632.1,"Simu1","NIT",50,"cliver",0.447997304328159
"6323",632.2,"Simu1","NIT",50,"cliver",0.436422719390104
"6324",632.3,"Simu1","NIT",50,"cliver",0.424665016238401
"6325",632.4,"Simu1","NIT",50,"cliver",0.412774316450179
"6326",632.5,"Simu1","NIT",50,"cliver",0.400796173178156
"6327",632.6,"Simu1","NIT",50,"cliver",0.388771952980124
"6328",632.7,"Simu1","NIT",50,"cliver",0.376739188093685
"6329",632.8,"Simu1","NIT",50,"cliver",0.364731897571089
"6330",632.9,"Simu1","NIT",50,"cliver",0.352780876217879
"6331",633,"Simu1","NIT",50,"cliver",0.340913954231556
"6332",633.1,"Simu1","NIT",50,"cliver",0.329156239070885
"6333",633.2,"Simu1","NIT",50,"cliver",0.317530334612896
"6334",633.3,"Simu1","NIT",50,"cliver",0.306056545913764
"6335",633.4,"Simu1","NIT",50,"cliver",0.294753056774623
"6336",633.5,"Simu1","NIT",50,"cliver",0.283636090804952
"6337",633.6,"Simu1","NIT",50,"cliver",0.272720072128035
"6338",633.7,"Simu1","NIT",50,"cliver",0.262017784647172
"6339",633.8,"Simu1","NIT",50,"cliver",0.251540477447128
"6340",633.9,"Simu1","NIT",50,"cliver",0.241297962414582
"6341",634,"Simu1","NIT",50,"cliver",0.231298731614061
"6342",634.1,"Simu1","NIT",50,"cliver",0.221550073076219
"6343",634.2,"Simu1","NIT",50,"cliver",0.212058131066545
"6344",634.3,"Simu1","NIT",50,"cliver",0.202827974561117
"6345",634.4,"Simu1","NIT",50,"cliver",0.193863681897993
"6346",634.5,"Simu1","NIT",50,"cliver",0.185168379090143
"6347",634.6,"Simu1","NIT",50,"cliver",0.176744318632327
"6348",634.7,"Simu1","NIT",50,"cliver",0.168592869869847
"6349",634.8,"Simu1","NIT",50,"cliver",0.160714640347103
"6350",634.9,"Simu1","NIT",50,"cliver",0.153109451055049
"6351",635,"Simu1","NIT",50,"cliver",0.145776393484688
"6352",635.1,"Simu1","NIT",50,"cliver",0.138713843732272
"6353",635.2,"Simu1","NIT",50,"cliver",0.131919555922749
"6354",635.3,"Simu1","NIT",50,"cliver",0.125390605632451
"6355",635.4,"Simu1","NIT",50,"cliver",0.1191235161882
"6356",635.5,"Simu1","NIT",50,"cliver",0.113114201842631
"6357",635.6,"Simu1","NIT",50,"cliver",0.107357992640798
"6358",635.7,"Simu1","NIT",50,"cliver",0.101849788599829
"6359",635.8,"Simu1","NIT",50,"cliver",0.0965840788929607
"6360",635.9,"Simu1","NIT",50,"cliver",0.0915549445434174
"6361",636,"Simu1","NIT",50,"cliver",0.0877971506221343
"6362",636.1,"Simu1","NIT",50,"cliver",0.352991233960924
"6363",636.2,"Simu1","NIT",50,"cliver",0.477607599413386
"6364",636.3,"Simu1","NIT",50,"cliver",0.515770057252655
"6365",636.4,"Simu1","NIT",50,"cliver",0.531654091153641
"6366",636.5,"Simu1","NIT",50,"cliver",0.540036643866619
"6367",636.6,"Simu1","NIT",50,"cliver",0.544783529713155
"6368",636.7,"Simu1","NIT",50,"cliver",0.547050722865446
"6369",636.8,"Simu1","NIT",50,"cliver",0.547299206390967
"6370",636.9,"Simu1","NIT",50,"cliver",0.545799687085652
"6371",637,"Simu1","NIT",50,"cliver",0.542760566114661
"6372",637.1,"Simu1","NIT",50,"cliver",0.538359554002968
"6373",637.2,"Simu1","NIT",50,"cliver",0.532756266393353
"6374",637.3,"Simu1","NIT",50,"cliver",0.526093792697795
"6375",637.4,"Simu1","NIT",50,"cliver",0.518502011304441
"6376",637.5,"Simu1","NIT",50,"cliver",0.510099012483649
"6377",637.6,"Simu1","NIT",50,"cliver",0.500991631160973
"6378",637.7,"Simu1","NIT",50,"cliver",0.49127684769646
"6379",637.8,"Simu1","NIT",50,"cliver",0.481043114497719
"6380",637.9,"Simu1","NIT",50,"cliver",0.470370908353617
"6381",638,"Simu1","NIT",50,"cliver",0.459333372228086
"6382",638.1,"Simu1","NIT",50,"cliver",0.447997039587924
"6383",638.2,"Simu1","NIT",50,"cliver",0.43642245128025
"6384",638.3,"Simu1","NIT",50,"cliver",0.424664743664514
"6385",638.4,"Simu1","NIT",50,"cliver",0.412774054423532
"6386",638.5,"Simu1","NIT",50,"cliver",0.400795934595907
"6387",638.6,"Simu1","NIT",50,"cliver",0.38877173155766
"6388",638.7,"Simu1","NIT",50,"cliver",0.376738975362194
"6389",638.8,"Simu1","NIT",50,"cliver",0.364731688050462
"6390",638.9,"Simu1","NIT",50,"cliver",0.352780679400738
"6391",639,"Simu1","NIT",50,"cliver",0.340913807284177
"6392",639.1,"Simu1","NIT",50,"cliver",0.329156086494388
"6393",639.2,"Simu1","NIT",50,"cliver",0.317530174539317
"6394",639.3,"Simu1","NIT",50,"cliver",0.306056389671602
"6395",639.4,"Simu1","NIT",50,"cliver",0.294752912817237
"6396",639.5,"Simu1","NIT",50,"cliver",0.283635954483093
"6397",639.6,"Simu1","NIT",50,"cliver",0.272719928022008
"6398",639.7,"Simu1","NIT",50,"cliver",0.262017650191792
"6399",639.8,"Simu1","NIT",50,"cliver",0.251540360353336
"6400",639.9,"Simu1","NIT",50,"cliver",0.241297836227858
"6401",640,"Simu1","NIT",50,"cliver",0.231298586861511
"6402",640.1,"Simu1","NIT",50,"cliver",0.221549923458226
"6403",640.2,"Simu1","NIT",50,"cliver",0.212057982543231
"6404",640.3,"Simu1","NIT",50,"cliver",0.202827820317271
"6405",640.4,"Simu1","NIT",50,"cliver",0.193863515269814
"6406",640.5,"Simu1","NIT",50,"cliver",0.185168212627054
"6407",640.6,"Simu1","NIT",50,"cliver",0.176744153132161
"6408",640.7,"Simu1","NIT",50,"cliver",0.168592726053678
"6409",640.8,"Simu1","NIT",50,"cliver",0.160714521663684
"6410",640.9,"Simu1","NIT",50,"cliver",0.153109369396267
"6411",641,"Simu1","NIT",50,"cliver",0.145776353463979
"6412",641.1,"Simu1","NIT",50,"cliver",0.138713874178931
"6413",641.2,"Simu1","NIT",50,"cliver",0.131919611775799
"6414",641.3,"Simu1","NIT",50,"cliver",0.125390531492136
"6415",641.4,"Simu1","NIT",50,"cliver",0.119123352113962
"6416",641.5,"Simu1","NIT",50,"cliver",0.113114156937976
"6417",641.6,"Simu1","NIT",50,"cliver",0.107358036694115
"6418",641.7,"Simu1","NIT",50,"cliver",0.101849629702614
"6419",641.8,"Simu1","NIT",50,"cliver",0.0965839703734158
"6420",641.9,"Simu1","NIT",50,"cliver",0.0915549655759574
"6421",642,"Simu1","NIT",50,"cliver",0.0877971106355196
"6422",642.1,"Simu1","NIT",50,"cliver",0.352992218139837
"6423",642.2,"Simu1","NIT",50,"cliver",0.477610443673056
"6424",642.3,"Simu1","NIT",50,"cliver",0.515774607574501
"6425",642.4,"Simu1","NIT",50,"cliver",0.531658227145357
"6426",642.5,"Simu1","NIT",50,"cliver",0.540039994853202
"6427",642.6,"Simu1","NIT",50,"cliver",0.544786458729574
"6428",642.7,"Simu1","NIT",50,"cliver",0.547053874215739
"6429",642.8,"Simu1","NIT",50,"cliver",0.547302409786004
"6430",642.9,"Simu1","NIT",50,"cliver",0.545803417466026
"6431",643,"Simu1","NIT",50,"cliver",0.542764000302857
"6432",643.1,"Simu1","NIT",50,"cliver",0.538363221081262
"6433",643.2,"Simu1","NIT",50,"cliver",0.532759869186484
"6434",643.3,"Simu1","NIT",50,"cliver",0.526097350587757
"6435",643.4,"Simu1","NIT",50,"cliver",0.518505711710753
"6436",643.5,"Simu1","NIT",50,"cliver",0.51010268830941
"6437",643.6,"Simu1","NIT",50,"cliver",0.50099514540597
"6438",643.7,"Simu1","NIT",50,"cliver",0.49128031138451
"6439",643.8,"Simu1","NIT",50,"cliver",0.481046596357601
"6440",643.9,"Simu1","NIT",50,"cliver",0.470374359826811
"6441",644,"Simu1","NIT",50,"cliver",0.459336745159211
"6442",644.1,"Simu1","NIT",50,"cliver",0.448000309372633
"6443",644.2,"Simu1","NIT",50,"cliver",0.436425661143616
"6444",644.3,"Simu1","NIT",50,"cliver",0.424667906738313
"6445",644.4,"Simu1","NIT",50,"cliver",0.412777170009825
"6446",644.5,"Simu1","NIT",50,"cliver",0.400798971814959
"6447",644.6,"Simu1","NIT",50,"cliver",0.388774694191318
"6448",644.7,"Simu1","NIT",50,"cliver",0.376741862759506
"6449",644.8,"Simu1","NIT",50,"cliver",0.364734517429112
"6450",644.9,"Simu1","NIT",50,"cliver",0.352783459426185
"6451",645,"Simu1","NIT",50,"cliver",0.340916446416128
"6452",645.1,"Simu1","NIT",50,"cliver",0.329158697783266
"6453",645.2,"Simu1","NIT",50,"cliver",0.317532741696959
"6454",645.3,"Simu1","NIT",50,"cliver",0.306058856112448
"6455",645.4,"Simu1","NIT",50,"cliver",0.294755304294184
"6456",645.5,"Simu1","NIT",50,"cliver",0.283638277890238
"6457",645.6,"Simu1","NIT",50,"cliver",0.272722191068687
"6458",645.7,"Simu1","NIT",50,"cliver",0.262019839540322
"6459",645.8,"Simu1","NIT",50,"cliver",0.251542462614057
"6460",645.9,"Simu1","NIT",50,"cliver",0.241299867590033
"6461",646,"Simu1","NIT",50,"cliver",0.231300560127291
"6462",646.1,"Simu1","NIT",50,"cliver",0.221551826944234
"6463",646.2,"Simu1","NIT",50,"cliver",0.212059808571857
"6464",646.3,"Simu1","NIT",50,"cliver",0.202829578434211
"6465",646.4,"Simu1","NIT",50,"cliver",0.193865212379225
"6466",646.5,"Simu1","NIT",50,"cliver",0.185169844565969
"6467",646.6,"Simu1","NIT",50,"cliver",0.176745717105826
"6468",646.7,"Simu1","NIT",50,"cliver",0.168594225727247
"6469",646.8,"Simu1","NIT",50,"cliver",0.160715961723969
"6470",646.9,"Simu1","NIT",50,"cliver",0.153110748057861
"6471",647,"Simu1","NIT",50,"cliver",0.145777674756549
"6472",647.1,"Simu1","NIT",50,"cliver",0.138715128535144
"6473",647.2,"Simu1","NIT",50,"cliver",0.131920835581808
"6474",647.3,"Simu1","NIT",50,"cliver",0.125391872913447
"6475",647.4,"Simu1","NIT",50,"cliver",0.119124716706305
"6476",647.5,"Simu1","NIT",50,"cliver",0.113115291138565
"6477",647.6,"Simu1","NIT",50,"cliver",0.10735899877029
"6478",647.7,"Simu1","NIT",50,"cliver",0.101850739614251
"6479",647.8,"Simu1","NIT",50,"cliver",0.0965849800491312
"6480",647.9,"Simu1","NIT",50,"cliver",0.0915557871801387
"6481",648,"Simu1","NIT",50,"cliver",0.0877979480041368
"6482",648.1,"Simu1","NIT",50,"cliver",0.352992365382306
"6483",648.2,"Simu1","NIT",50,"cliver",0.477609300138619
"6484",648.3,"Simu1","NIT",50,"cliver",0.515771827300481
"6485",648.4,"Simu1","NIT",50,"cliver",0.531656925549027
"6486",648.5,"Simu1","NIT",50,"cliver",0.540039564393721
"6487",648.6,"Simu1","NIT",50,"cliver",0.544785813825811
"6488",648.7,"Simu1","NIT",50,"cliver",0.547052560422461
"6489",648.8,"Simu1","NIT",50,"cliver",0.547301267084838
"6490",648.9,"Simu1","NIT",50,"cliver",0.54580112625027
"6491",649,"Simu1","NIT",50,"cliver",0.542762703935818
"6492",649.1,"Simu1","NIT",50,"cliver",0.538361729442452
"6493",649.2,"Simu1","NIT",50,"cliver",0.532758362388099
"6494",649.3,"Simu1","NIT",50,"cliver",0.526095879093102
"6495",649.4,"Simu1","NIT",50,"cliver",0.518504258704869
"6496",649.5,"Simu1","NIT",50,"cliver",0.510101257465421
"6497",649.6,"Simu1","NIT",50,"cliver",0.500993759692305
"6498",649.7,"Simu1","NIT",50,"cliver",0.491278949397588
"6499",649.8,"Simu1","NIT",50,"cliver",0.481045177736896
"6500",649.9,"Simu1","NIT",50,"cliver",0.470372902364914
"6501",650,"Simu1","NIT",50,"cliver",0.459335298547778
"6502",650.1,"Simu1","NIT",50,"cliver",0.447998906747135
"6503",650.2,"Simu1","NIT",50,"cliver",0.43642428068398
"6504",650.3,"Simu1","NIT",50,"cliver",0.424666534365544
"6505",650.4,"Simu1","NIT",50,"cliver",0.412775795998401
"6506",650.5,"Simu1","NIT",50,"cliver",0.40079761805592
"6507",650.6,"Simu1","NIT",50,"cliver",0.388773362808624
"6508",650.7,"Simu1","NIT",50,"cliver",0.376740560544374
"6509",650.8,"Simu1","NIT",50,"cliver",0.364733231739762
"6510",650.9,"Simu1","NIT",50,"cliver",0.352782172802498
"6511",651,"Simu1","NIT",50,"cliver",0.34091521507236
"6512",651.1,"Simu1","NIT",50,"cliver",0.329157465027454
"6513",651.2,"Simu1","NIT",50,"cliver",0.317531525996417
"6514",651.3,"Simu1","NIT",50,"cliver",0.306057699703247
"6515",651.4,"Simu1","NIT",50,"cliver",0.294754168939595
"6516",651.5,"Simu1","NIT",50,"cliver",0.283637164295387
"6517",651.6,"Simu1","NIT",50,"cliver",0.272721116986655
"6518",651.7,"Simu1","NIT",50,"cliver",0.262018798456637
"6519",651.8,"Simu1","NIT",50,"cliver",0.251541447050727
"6520",651.9,"Simu1","NIT",50,"cliver",0.241298882382622
"6521",652,"Simu1","NIT",50,"cliver",0.231299608445594
"6522",652.1,"Simu1","NIT",50,"cliver",0.221550906396519
"6523",652.2,"Simu1","NIT",50,"cliver",0.212058917832247
"6524",652.3,"Simu1","NIT",50,"cliver",0.20282871836544
"6525",652.4,"Simu1","NIT",50,"cliver",0.19386438334243
"6526",652.5,"Simu1","NIT",50,"cliver",0.185169045839354
"6527",652.6,"Simu1","NIT",50,"cliver",0.176744947930047
"6528",652.7,"Simu1","NIT",50,"cliver",0.168593485919081
"6529",652.8,"Simu1","NIT",50,"cliver",0.160715250969128
"6530",652.9,"Simu1","NIT",50,"cliver",0.153110066049647
"6531",653,"Simu1","NIT",50,"cliver",0.145777020452591
"6532",653.1,"Simu1","NIT",50,"cliver",0.138714502287416
"6533",653.2,"Simu1","NIT",50,"cliver",0.131920231322574
"6534",653.3,"Simu1","NIT",50,"cliver",0.125391291078123
"6535",653.4,"Simu1","NIT",50,"cliver",0.119124165249948
"6536",653.5,"Simu1","NIT",50,"cliver",0.113114769722865
"6537",653.6,"Simu1","NIT",50,"cliver",0.107358502000981
"6538",653.7,"Simu1","NIT",50,"cliver",0.101850254569364
"6539",653.8,"Simu1","NIT",50,"cliver",0.0965844942106285
"6540",653.9,"Simu1","NIT",50,"cliver",0.0915552849000137
"6541",654,"Simu1","NIT",50,"cliver",0.0877974993786305
"6542",654.1,"Simu1","NIT",50,"cliver",0.352991572618836
"6543",654.2,"Simu1","NIT",50,"cliver",0.477607951349765
"6544",654.3,"Simu1","NIT",50,"cliver",0.515770431258242
"6545",654.4,"Simu1","NIT",50,"cliver",0.531654599687747
"6546",654.5,"Simu1","NIT",50,"cliver",0.540036573643652
"6547",654.6,"Simu1","NIT",50,"cliver",0.544783650969869
"6548",654.7,"Simu1","NIT",50,"cliver",0.547050834256752
"6549",654.8,"Simu1","NIT",50,"cliver",0.547299504090404
"6550",654.9,"Simu1","NIT",50,"cliver",0.545800266961597
"6551",655,"Simu1","NIT",50,"cliver",0.542760899083127
"6552",655.1,"Simu1","NIT",50,"cliver",0.538360024072157
"6553",655.2,"Simu1","NIT",50,"cliver",0.532756634067267
"6554",655.3,"Simu1","NIT",50,"cliver",0.526094170934077
"6555",655.4,"Simu1","NIT",50,"cliver",0.51850251899307
"6556",655.5,"Simu1","NIT",50,"cliver",0.510099416505728
"6557",655.6,"Simu1","NIT",50,"cliver",0.500991868978797
"6558",655.7,"Simu1","NIT",50,"cliver",0.491277084686862
"6559",655.8,"Simu1","NIT",50,"cliver",0.481043398327318
"6560",655.9,"Simu1","NIT",50,"cliver",0.470371176623011
"6561",656,"Simu1","NIT",50,"cliver",0.459333584806425
"6562",656.1,"Simu1","NIT",50,"cliver",0.447997208429375
"6563",656.2,"Simu1","NIT",50,"cliver",0.436422623696559
"6564",656.3,"Simu1","NIT",50,"cliver",0.424664929004529
"6565",656.4,"Simu1","NIT",50,"cliver",0.412774234287361
"6566",656.5,"Simu1","NIT",50,"cliver",0.400796091782425
"6567",656.6,"Simu1","NIT",50,"cliver",0.388771872764598
"6568",656.7,"Simu1","NIT",50,"cliver",0.37673911130716
"6569",656.8,"Simu1","NIT",50,"cliver",0.36473182465911
"6570",656.9,"Simu1","NIT",50,"cliver",0.352780805883339
"6571",657,"Simu1","NIT",50,"cliver",0.340913886621446
"6572",657.1,"Simu1","NIT",50,"cliver",0.329156175135205
"6573",657.2,"Simu1","NIT",50,"cliver",0.317530275262726
"6574",657.3,"Simu1","NIT",50,"cliver",0.306056488016109
"6575",657.4,"Simu1","NIT",50,"cliver",0.294752995598705
"6576",657.5,"Simu1","NIT",50,"cliver",0.283636028651372
"6577",657.6,"Simu1","NIT",50,"cliver",0.27272001867051
"6578",657.7,"Simu1","NIT",50,"cliver",0.262017737187842
"6579",657.8,"Simu1","NIT",50,"cliver",0.251540422476147
"6580",657.9,"Simu1","NIT",50,"cliver",0.241297894108233
"6581",658,"Simu1","NIT",50,"cliver",0.231298655806364
"6582",658.1,"Simu1","NIT",50,"cliver",0.221549988725848
"6583",658.2,"Simu1","NIT",50,"cliver",0.212058034403799
"6584",658.3,"Simu1","NIT",50,"cliver",0.202827868621743
"6585",658.4,"Simu1","NIT",50,"cliver",0.193863566778266
"6586",658.5,"Simu1","NIT",50,"cliver",0.185168261889927
"6587",658.6,"Simu1","NIT",50,"cliver",0.176744195912437
"6588",658.7,"Simu1","NIT",50,"cliver",0.16859276515991
"6589",658.8,"Simu1","NIT",50,"cliver",0.160714560790767
"6590",658.9,"Simu1","NIT",50,"cliver",0.153109405818847
"6591",659,"Simu1","NIT",50,"cliver",0.145776389372777
"6592",659.1,"Simu1","NIT",50,"cliver",0.138713899716511
"6593",659.2,"Simu1","NIT",50,"cliver",0.131919656272506
"6594",659.3,"Simu1","NIT",50,"cliver",0.125390743246501
"6595",659.4,"Simu1","NIT",50,"cliver",0.119123642876624
"6596",659.5,"Simu1","NIT",50,"cliver",0.113114274074316
"6597",659.6,"Simu1","NIT",50,"cliver",0.107358012496991
"6598",659.7,"Simu1","NIT",50,"cliver",0.101849766434964
"6599",659.8,"Simu1","NIT",50,"cliver",0.0965840088614057
"6600",659.9,"Simu1","NIT",50,"cliver",0.0915549010692254
"6601",660,"Simu1","NIT",50,"cliver",0.0877971253810137
"6602",660.1,"Simu1","NIT",50,"cliver",0.352991948983086
"6603",660.2,"Simu1","NIT",50,"cliver",0.477608356119646
"6604",660.3,"Simu1","NIT",50,"cliver",0.515771515430797
"6605",660.4,"Simu1","NIT",50,"cliver",0.531656223333824
"6606",660.5,"Simu1","NIT",50,"cliver",0.540038180063728
"6607",660.6,"Simu1","NIT",50,"cliver",0.544785706336877
"6608",660.7,"Simu1","NIT",50,"cliver",0.547052649785801
"6609",660.8,"Simu1","NIT",50,"cliver",0.547301177540167
"6610",660.9,"Simu1","NIT",50,"cliver",0.545801839014833
"6611",661,"Simu1","NIT",50,"cliver",0.542762498198301
"6612",661.1,"Simu1","NIT",50,"cliver",0.538361594341145
"6613",661.2,"Simu1","NIT",50,"cliver",0.532758148539011
"6614",661.3,"Simu1","NIT",50,"cliver",0.526095670529227
"6615",661.4,"Simu1","NIT",50,"cliver",0.518503968066799
"6616",661.5,"Simu1","NIT",50,"cliver",0.510100875981177
"6617",661.6,"Simu1","NIT",50,"cliver",0.500993363411075
"6618",661.7,"Simu1","NIT",50,"cliver",0.491278574141245
"6619",661.8,"Simu1","NIT",50,"cliver",0.481044849546365
"6620",661.9,"Simu1","NIT",50,"cliver",0.470372601118793
"6621",662,"Simu1","NIT",50,"cliver",0.459335000913336
"6622",662.1,"Simu1","NIT",50,"cliver",0.447998617121281
"6623",662.2,"Simu1","NIT",50,"cliver",0.436424011608591
"6624",662.3,"Simu1","NIT",50,"cliver",0.424666288027956
"6625",662.4,"Simu1","NIT",50,"cliver",0.412775567532368
"6626",662.5,"Simu1","NIT",50,"cliver",0.400797403081885
"6627",662.6,"Simu1","NIT",50,"cliver",0.388773159980638
"6628",662.7,"Simu1","NIT",50,"cliver",0.376740370354558
"6629",662.8,"Simu1","NIT",50,"cliver",0.364733054273327
"6630",662.9,"Simu1","NIT",50,"cliver",0.352782006873389
"6631",663,"Simu1","NIT",50,"cliver",0.340915059139409
"6632",663.1,"Simu1","NIT",50,"cliver",0.3291573181936
"6633",663.2,"Simu1","NIT",50,"cliver",0.317531387982635
"6634",663.3,"Simu1","NIT",50,"cliver",0.306057570258268
"6635",663.4,"Simu1","NIT",50,"cliver",0.294754047504685
"6636",663.5,"Simu1","NIT",50,"cliver",0.283637050171294
"6637",663.6,"Simu1","NIT",50,"cliver",0.272721009646249
"6638",663.7,"Simu1","NIT",50,"cliver",0.262018697685193
"6639",663.8,"Simu1","NIT",50,"cliver",0.251541352724092
"6640",663.9,"Simu1","NIT",50,"cliver",0.241298794043945
"6641",664,"Simu1","NIT",50,"cliver",0.231299525573489
"6642",664.1,"Simu1","NIT",50,"cliver",0.221550828627902
"6643",664.2,"Simu1","NIT",50,"cliver",0.212058844827371
"6644",664.3,"Simu1","NIT",50,"cliver",0.202828649868019
"6645",664.4,"Simu1","NIT",50,"cliver",0.193864319132067
"6646",664.5,"Simu1","NIT",50,"cliver",0.185168985748032
"6647",664.6,"Simu1","NIT",50,"cliver",0.176744891761568
"6648",664.7,"Simu1","NIT",50,"cliver",0.168593433444015
"6649",664.8,"Simu1","NIT",50,"cliver",0.160715201971107
"6650",664.9,"Simu1","NIT",50,"cliver",0.153110020388532
"6651",665,"Simu1","NIT",50,"cliver",0.145776977921803
"6652",665.1,"Simu1","NIT",50,"cliver",0.138714462783162
"6653",665.2,"Simu1","NIT",50,"cliver",0.131920194471531
"6654",665.3,"Simu1","NIT",50,"cliver",0.125391257216129
"6655",665.4,"Simu1","NIT",50,"cliver",0.11912413296944
"6656",665.5,"Simu1","NIT",50,"cliver",0.113114742283498
"6657",665.6,"Simu1","NIT",50,"cliver",0.107358495655693
"6658",665.7,"Simu1","NIT",50,"cliver",0.101850275493798
"6659",665.8,"Simu1","NIT",50,"cliver",0.0965845202769812
"6660",665.9,"Simu1","NIT",50,"cliver",0.0915553473093415
"6661",666,"Simu1","NIT",50,"cliver",0.0877975090897535
"6662",666.1,"Simu1","NIT",50,"cliver",0.352992077347875
"6663",666.2,"Simu1","NIT",50,"cliver",0.477609663016657
"6664",666.3,"Simu1","NIT",50,"cliver",0.515773317344117
"6665",666.4,"Simu1","NIT",50,"cliver",0.531656924720194
"6666",666.5,"Simu1","NIT",50,"cliver",0.540038653132218
"6667",666.6,"Simu1","NIT",50,"cliver",0.544785061351995
"6668",666.7,"Simu1","NIT",50,"cliver",0.547052409140383
"6669",666.8,"Simu1","NIT",50,"cliver",0.547300931566046
"6670",666.9,"Simu1","NIT",50,"cliver",0.545801896240034
"6671",667,"Simu1","NIT",50,"cliver",0.542762454330383
"6672",667.1,"Simu1","NIT",50,"cliver",0.538361669125212
"6673",667.2,"Simu1","NIT",50,"cliver",0.532758298642127
"6674",667.3,"Simu1","NIT",50,"cliver",0.526095774562803
"6675",667.4,"Simu1","NIT",50,"cliver",0.518504139204818
"6676",667.5,"Simu1","NIT",50,"cliver",0.510101119875947
"6677",667.6,"Simu1","NIT",50,"cliver",0.500993582375604
"6678",667.7,"Simu1","NIT",50,"cliver",0.491278760373678
"6679",667.8,"Simu1","NIT",50,"cliver",0.48104505928997
"6680",667.9,"Simu1","NIT",50,"cliver",0.470372838919454
"6681",668,"Simu1","NIT",50,"cliver",0.459335242523758
"6682",668.1,"Simu1","NIT",50,"cliver",0.447998827697042
"6683",668.2,"Simu1","NIT",50,"cliver",0.436424202496208
"6684",668.3,"Simu1","NIT",50,"cliver",0.424666472905923
"6685",668.4,"Simu1","NIT",50,"cliver",0.412775761981039
"6686",668.5,"Simu1","NIT",50,"cliver",0.400797590533485
"6687",668.6,"Simu1","NIT",50,"cliver",0.388773342132408
"6688",668.7,"Simu1","NIT",50,"cliver",0.37674053841901
"6689",668.8,"Simu1","NIT",50,"cliver",0.36473322423796
"6690",668.9,"Simu1","NIT",50,"cliver",0.352782203486394
"6691",669,"Simu1","NIT",50,"cliver",0.340915245566676
"6692",669.1,"Simu1","NIT",50,"cliver",0.329157504285882
"6693",669.2,"Simu1","NIT",50,"cliver",0.317531548939713
"6694",669.3,"Simu1","NIT",50,"cliver",0.306057739792436
"6695",669.4,"Simu1","NIT",50,"cliver",0.294754210294653
"6696",669.5,"Simu1","NIT",50,"cliver",0.283637191617081
"6697",669.6,"Simu1","NIT",50,"cliver",0.272721151877101
"6698",669.7,"Simu1","NIT",50,"cliver",0.262018841325619
"6699",669.8,"Simu1","NIT",50,"cliver",0.251541506864556
"6700",669.9,"Simu1","NIT",50,"cliver",0.241298965096054
"6701",670,"Simu1","NIT",50,"cliver",0.231299710074157
"6702",670.1,"Simu1","NIT",50,"cliver",0.221551027726562
"6703",670.2,"Simu1","NIT",50,"cliver",0.212059047408512
"6704",670.3,"Simu1","NIT",50,"cliver",0.202828858965483
"6705",670.4,"Simu1","NIT",50,"cliver",0.193864516356836
"6706",670.5,"Simu1","NIT",50,"cliver",0.185169118280982
"6707",670.6,"Simu1","NIT",50,"cliver",0.176745027116154
"6708",670.7,"Simu1","NIT",50,"cliver",0.168593638421512
"6709",670.8,"Simu1","NIT",50,"cliver",0.160715383348502
"6710",670.9,"Simu1","NIT",50,"cliver",0.15311016296852
"6711",671,"Simu1","NIT",50,"cliver",0.145777140698229
"6712",671.1,"Simu1","NIT",50,"cliver",0.138714627390258
"6713",671.2,"Simu1","NIT",50,"cliver",0.131920338331423
"6714",671.3,"Simu1","NIT",50,"cliver",0.125391387473444
"6715",671.4,"Simu1","NIT",50,"cliver",0.119124258972778
"6716",671.5,"Simu1","NIT",50,"cliver",0.113114868571652
"6717",671.6,"Simu1","NIT",50,"cliver",0.107358594765868
"6718",671.7,"Simu1","NIT",50,"cliver",0.101850343048292
"6719",671.8,"Simu1","NIT",50,"cliver",0.0965845853557674
"6720",671.9,"Simu1","NIT",50,"cliver",0.0915554366891299
"6721",672,"Simu1","NIT",50,"cliver",0.0877976432444294
"6722",672.1,"Simu1","NIT",50,"cliver",0.352992664184692
"6723",672.2,"Simu1","NIT",50,"cliver",0.477610058815299
"6724",672.3,"Simu1","NIT",50,"cliver",0.515773702641993
"6725",672.4,"Simu1","NIT",50,"cliver",0.531658290267605
"6726",672.5,"Simu1","NIT",50,"cliver",0.540040295981295
"6727",672.6,"Simu1","NIT",50,"cliver",0.544786918402575
"6728",672.7,"Simu1","NIT",50,"cliver",0.547054642290262
"6729",672.8,"Simu1","NIT",50,"cliver",0.547303180975315
"6730",672.9,"Simu1","NIT",50,"cliver",0.545803884524673
"6731",673,"Simu1","NIT",50,"cliver",0.542764551576108
"6732",673.1,"Simu1","NIT",50,"cliver",0.538363589528714
"6733",673.2,"Simu1","NIT",50,"cliver",0.532760169534379
"6734",673.3,"Simu1","NIT",50,"cliver",0.526097731202852
"6735",673.4,"Simu1","NIT",50,"cliver",0.518506090479357
"6736",673.5,"Simu1","NIT",50,"cliver",0.510103028511626
"6737",673.6,"Simu1","NIT",50,"cliver",0.500995455001747
"6738",673.7,"Simu1","NIT",50,"cliver",0.49128057197358
"6739",673.8,"Simu1","NIT",50,"cliver",0.481046814055827
"6740",673.9,"Simu1","NIT",50,"cliver",0.470374562076181
"6741",674,"Simu1","NIT",50,"cliver",0.459336936316031
"6742",674.1,"Simu1","NIT",50,"cliver",0.448000496981018
"6743",674.2,"Simu1","NIT",50,"cliver",0.436425834033123
"6744",674.3,"Simu1","NIT",50,"cliver",0.424668067313887
"6745",674.4,"Simu1","NIT",50,"cliver",0.41277731041334
"6746",674.5,"Simu1","NIT",50,"cliver",0.40079910427105
"6747",674.6,"Simu1","NIT",50,"cliver",0.388774813631748
"6748",674.7,"Simu1","NIT",50,"cliver",0.376741977141671
"6749",674.8,"Simu1","NIT",50,"cliver",0.364734617657433
"6750",674.9,"Simu1","NIT",50,"cliver",0.352783527909815
"6751",675,"Simu1","NIT",50,"cliver",0.340916536625895
"6752",675.1,"Simu1","NIT",50,"cliver",0.32915875139683
"6753",675.2,"Simu1","NIT",50,"cliver",0.317532777531939
"6754",675.3,"Simu1","NIT",50,"cliver",0.306058917116803
"6755",675.4,"Simu1","NIT",50,"cliver",0.294755352140446
"6756",675.5,"Simu1","NIT",50,"cliver",0.283638312730073
"6757",675.6,"Simu1","NIT",50,"cliver",0.272722230424204
"6758",675.7,"Simu1","NIT",50,"cliver",0.262019877158746
"6759",675.8,"Simu1","NIT",50,"cliver",0.251542491387661
"6760",675.9,"Simu1","NIT",50,"cliver",0.241299892555212
"6761",676,"Simu1","NIT",50,"cliver",0.231300584690078
"6762",676.1,"Simu1","NIT",50,"cliver",0.221551849048841
"6763",676.2,"Simu1","NIT",50,"cliver",0.212059827071861
"6764",676.3,"Simu1","NIT",50,"cliver",0.202829594467089
"6765",676.4,"Simu1","NIT",50,"cliver",0.193865226776741
"6766",676.5,"Simu1","NIT",50,"cliver",0.185169857203517
"6767",676.6,"Simu1","NIT",50,"cliver",0.176745727733183
"6768",676.7,"Simu1","NIT",50,"cliver",0.168594234606751
"6769",676.8,"Simu1","NIT",50,"cliver",0.160715969088283
"6770",676.9,"Simu1","NIT",50,"cliver",0.153110754260819
"6771",677,"Simu1","NIT",50,"cliver",0.145777679400825
"6772",677.1,"Simu1","NIT",50,"cliver",0.138715132575221
"6773",677.2,"Simu1","NIT",50,"cliver",0.131920833648672
"6774",677.3,"Simu1","NIT",50,"cliver",0.125391866057198
"6775",677.4,"Simu1","NIT",50,"cliver",0.119124713955909
"6776",677.5,"Simu1","NIT",50,"cliver",0.11311529193266
"6777",677.6,"Simu1","NIT",50,"cliver",0.107359001333041
"6778",677.7,"Simu1","NIT",50,"cliver",0.101850758175044
"6779",677.8,"Simu1","NIT",50,"cliver",0.096585041668471
"6780",677.9,"Simu1","NIT",50,"cliver",0.0915559100915673
"6781",678,"Simu1","NIT",50,"cliver",0.0877980147200998
"6782",678.1,"Simu1","NIT",50,"cliver",0.352991982013142
"6783",678.2,"Simu1","NIT",50,"cliver",0.47760831388657
"6784",678.3,"Simu1","NIT",50,"cliver",0.515770732435618
"6785",678.4,"Simu1","NIT",50,"cliver",0.531654749976365
"6786",678.5,"Simu1","NIT",50,"cliver",0.54003727671355
"6787",678.6,"Simu1","NIT",50,"cliver",0.544784133817538
"6788",678.7,"Simu1","NIT",50,"cliver",0.547051151421007
"6789",678.8,"Simu1","NIT",50,"cliver",0.547299746075887
"6790",678.9,"Simu1","NIT",50,"cliver",0.545800476699001
"6791",679,"Simu1","NIT",50,"cliver",0.542761156660017
"6792",679.1,"Simu1","NIT",50,"cliver",0.538360234446201
"6793",679.2,"Simu1","NIT",50,"cliver",0.532756820104663
"6794",679.3,"Simu1","NIT",50,"cliver",0.526094355262322
"6795",679.4,"Simu1","NIT",50,"cliver",0.518502708081197
"6796",679.5,"Simu1","NIT",50,"cliver",0.510099604381517
"6797",679.6,"Simu1","NIT",50,"cliver",0.500992046394192
"6798",679.7,"Simu1","NIT",50,"cliver",0.491277255203434
"6799",679.8,"Simu1","NIT",50,"cliver",0.481043559297799
"6800",679.9,"Simu1","NIT",50,"cliver",0.470371351328633
"6801",680,"Simu1","NIT",50,"cliver",0.45933373654475
"6802",680.1,"Simu1","NIT",50,"cliver",0.447997202137798
"6803",680.2,"Simu1","NIT",50,"cliver",0.43642243167688
"6804",680.3,"Simu1","NIT",50,"cliver",0.424664630433407
"6805",680.4,"Simu1","NIT",50,"cliver",0.41277417190449
"6806",680.5,"Simu1","NIT",50,"cliver",0.400796262451792
"6807",680.6,"Simu1","NIT",50,"cliver",0.388772124056437
"6808",680.7,"Simu1","NIT",50,"cliver",0.376739363501987
"6809",680.8,"Simu1","NIT",50,"cliver",0.364732079105067
"6810",680.9,"Simu1","NIT",50,"cliver",0.352781077506159
"6811",681,"Simu1","NIT",50,"cliver",0.340914190966512
"6812",681.1,"Simu1","NIT",50,"cliver",0.329156510121869
"6813",681.2,"Simu1","NIT",50,"cliver",0.317530631460064
"6814",681.3,"Simu1","NIT",50,"cliver",0.306056856947447
"6815",681.4,"Simu1","NIT",50,"cliver",0.294753372412337
"6816",681.5,"Simu1","NIT",50,"cliver",0.283636394848573
"6817",681.6,"Simu1","NIT",50,"cliver",0.272720348207533
"6818",681.7,"Simu1","NIT",50,"cliver",0.2620180226006
"6819",681.8,"Simu1","NIT",50,"cliver",0.251540676755283
"6820",681.9,"Simu1","NIT",50,"cliver",0.241298132042039
"6821",682,"Simu1","NIT",50,"cliver",0.23129888113686
"6822",682.1,"Simu1","NIT",50,"cliver",0.221550197818493
"6823",682.2,"Simu1","NIT",50,"cliver",0.212058224791034
"6824",682.3,"Simu1","NIT",50,"cliver",0.202828043275228
"6825",682.4,"Simu1","NIT",50,"cliver",0.193863730105501
"6826",682.5,"Simu1","NIT",50,"cliver",0.185168414786037
"6827",682.6,"Simu1","NIT",50,"cliver",0.176744336923693
"6828",682.7,"Simu1","NIT",50,"cliver",0.168592894443361
"6829",682.8,"Simu1","NIT",50,"cliver",0.160714680340367
"6830",682.9,"Simu1","NIT",50,"cliver",0.153109516786299
"6831",683,"Simu1","NIT",50,"cliver",0.145776491945472
"6832",683.1,"Simu1","NIT",50,"cliver",0.138713993713958
"6833",683.2,"Simu1","NIT",50,"cliver",0.131919743220382
"6834",683.3,"Simu1","NIT",50,"cliver",0.125390822188388
"6835",683.4,"Simu1","NIT",50,"cliver",0.119123718218482
"6836",683.5,"Simu1","NIT",50,"cliver",0.113114360758634
"6837",683.6,"Simu1","NIT",50,"cliver",0.107358146754562
"6838",683.7,"Simu1","NIT",50,"cliver",0.101849971555669
"6839",683.8,"Simu1","NIT",50,"cliver",0.096584231510045
"6840",683.9,"Simu1","NIT",50,"cliver",0.091555038066634
"6841",684,"Simu1","NIT",50,"cliver",0.0877972374311181
"6842",684.1,"Simu1","NIT",50,"cliver",0.352992000924013
"6843",684.2,"Simu1","NIT",50,"cliver",0.47761003833226
"6844",684.3,"Simu1","NIT",50,"cliver",0.515773937671275
"6845",684.4,"Simu1","NIT",50,"cliver",0.531657987807983
"6846",684.5,"Simu1","NIT",50,"cliver",0.54004054821838
"6847",684.6,"Simu1","NIT",50,"cliver",0.544787572320819
"6848",684.7,"Simu1","NIT",50,"cliver",0.547054879403557
"6849",684.8,"Simu1","NIT",50,"cliver",0.547303438292596
"6850",684.9,"Simu1","NIT",50,"cliver",0.545804189328465
"6851",685,"Simu1","NIT",50,"cliver",0.54276478924318
"6852",685.1,"Simu1","NIT",50,"cliver",0.538363901226855
"6853",685.2,"Simu1","NIT",50,"cliver",0.532760507482241
"6854",685.3,"Simu1","NIT",50,"cliver",0.526098036289664
"6855",685.4,"Simu1","NIT",50,"cliver",0.518506369985963
"6856",685.5,"Simu1","NIT",50,"cliver",0.510103245271886
"6857",685.6,"Simu1","NIT",50,"cliver",0.500995666815164
"6858",685.7,"Simu1","NIT",50,"cliver",0.49128084375397
"6859",685.8,"Simu1","NIT",50,"cliver",0.481047113973571
"6860",685.9,"Simu1","NIT",50,"cliver",0.470374843993854
"6861",686,"Simu1","NIT",50,"cliver",0.459337198789904
"6862",686.1,"Simu1","NIT",50,"cliver",0.448000763870246
"6863",686.2,"Simu1","NIT",50,"cliver",0.436426116916745
"6864",686.3,"Simu1","NIT",50,"cliver",0.424668357388658
"6865",686.4,"Simu1","NIT",50,"cliver",0.412777595252788
"6866",686.5,"Simu1","NIT",50,"cliver",0.400799382754267
"6867",686.6,"Simu1","NIT",50,"cliver",0.388775091590942
"6868",686.7,"Simu1","NIT",50,"cliver",0.376742256373999
"6869",686.8,"Simu1","NIT",50,"cliver",0.364734894720276
"6870",686.9,"Simu1","NIT",50,"cliver",0.352783799875466
"6871",687,"Simu1","NIT",50,"cliver",0.340916803641163
"6872",687.1,"Simu1","NIT",50,"cliver",0.32915901452776
"6873",687.2,"Simu1","NIT",50,"cliver",0.317533036644789
"6874",687.3,"Simu1","NIT",50,"cliver",0.306059171198351
"6875",687.4,"Simu1","NIT",50,"cliver",0.294755600523771
"6876",687.5,"Simu1","NIT",50,"cliver",0.283638555401722
"6877",687.6,"Simu1","NIT",50,"cliver",0.272722467486816
"6878",687.7,"Simu1","NIT",50,"cliver",0.26202010845173
"6879",687.8,"Simu1","NIT",50,"cliver",0.251542716674975
"6880",687.9,"Simu1","NIT",50,"cliver",0.241300111836286
"6881",688,"Simu1","NIT",50,"cliver",0.231300797758087
"6882",688.1,"Simu1","NIT",50,"cliver",0.2215520556884
"6883",688.2,"Simu1","NIT",50,"cliver",0.212060027245852
"6884",688.3,"Simu1","NIT",50,"cliver",0.202829788291396
"6885",688.4,"Simu1","NIT",50,"cliver",0.193865414301429
"6886",688.5,"Simu1","NIT",50,"cliver",0.185170038365708
"6887",688.6,"Simu1","NIT",50,"cliver",0.176745902506401
"6888",688.7,"Simu1","NIT",50,"cliver",0.168594403105722
"6889",688.8,"Simu1","NIT",50,"cliver",0.160716131385363
"6890",688.9,"Simu1","NIT",50,"cliver",0.153110910427226
"6891",689,"Simu1","NIT",50,"cliver",0.145777829410494
"6892",689.1,"Simu1","NIT",50,"cliver",0.138715276677357
"6893",689.2,"Simu1","NIT",50,"cliver",0.131920971663993
"6894",689.3,"Simu1","NIT",50,"cliver",0.125391998727014
"6895",689.4,"Simu1","NIT",50,"cliver",0.119124839919256
"6896",689.5,"Simu1","NIT",50,"cliver",0.113115414787584
"6897",689.6,"Simu1","NIT",50,"cliver",0.107359098327697
"6898",689.7,"Simu1","NIT",50,"cliver",0.10185079923692
"6899",689.8,"Simu1","NIT",50,"cliver",0.0965849887186517
"6900",689.9,"Simu1","NIT",50,"cliver",0.0915558302837612
"6901",690,"Simu1","NIT",50,"cliver",0.0877980034708689
"6902",690.1,"Simu1","NIT",50,"cliver",0.352992894598255
"6903",690.2,"Simu1","NIT",50,"cliver",0.477609978071382
"6904",690.3,"Simu1","NIT",50,"cliver",0.515773584111485
"6905",690.4,"Simu1","NIT",50,"cliver",0.531658167488702
"6906",690.5,"Simu1","NIT",50,"cliver",0.540041212412383
"6907",690.6,"Simu1","NIT",50,"cliver",0.544787999853001
"6908",690.7,"Simu1","NIT",50,"cliver",0.547054976975561
"6909",690.8,"Simu1","NIT",50,"cliver",0.547303402213154
"6910",690.9,"Simu1","NIT",50,"cliver",0.545804074292474
"6911",691,"Simu1","NIT",50,"cliver",0.542764641527727
"6912",691.1,"Simu1","NIT",50,"cliver",0.538363752211114
"6913",691.2,"Simu1","NIT",50,"cliver",0.532760294658841
"6914",691.3,"Simu1","NIT",50,"cliver",0.526097797346244
"6915",691.4,"Simu1","NIT",50,"cliver",0.518506081849908
"6916",691.5,"Simu1","NIT",50,"cliver",0.510102941824688
"6917",691.6,"Simu1","NIT",50,"cliver",0.500995381875527
"6918",691.7,"Simu1","NIT",50,"cliver",0.491280560552425
"6919",691.8,"Simu1","NIT",50,"cliver",0.481046811262964
"6920",691.9,"Simu1","NIT",50,"cliver",0.47037452741964
"6921",692,"Simu1","NIT",50,"cliver",0.459336881280077
"6922",692.1,"Simu1","NIT",50,"cliver",0.448000451902867
"6923",692.2,"Simu1","NIT",50,"cliver",0.436425806094764
"6924",692.3,"Simu1","NIT",50,"cliver",0.424668043022855
"6925",692.4,"Simu1","NIT",50,"cliver",0.412777279517315
"6926",692.5,"Simu1","NIT",50,"cliver",0.400799069978721
"6927",692.6,"Simu1","NIT",50,"cliver",0.38877478275413
"6928",692.7,"Simu1","NIT",50,"cliver",0.376741950198152
"6929",692.8,"Simu1","NIT",50,"cliver",0.364734590930085
"6930",692.9,"Simu1","NIT",50,"cliver",0.352783499658546
"6931",693,"Simu1","NIT",50,"cliver",0.340916508104957
"6932",693.1,"Simu1","NIT",50,"cliver",0.329158723918596
"6933",693.2,"Simu1","NIT",50,"cliver",0.317532750901472
"6934",693.3,"Simu1","NIT",50,"cliver",0.306058890570376
"6935",693.4,"Simu1","NIT",50,"cliver",0.294755325485389
"6936",693.5,"Simu1","NIT",50,"cliver",0.283638286293943
"6937",693.6,"Simu1","NIT",50,"cliver",0.272722204452452
"6938",693.7,"Simu1","NIT",50,"cliver",0.262019851623458
"6939",693.8,"Simu1","NIT",50,"cliver",0.251542466345468
"6940",693.9,"Simu1","NIT",50,"cliver",0.2412998679931
"6941",694,"Simu1","NIT",50,"cliver",0.231300560476212
"6942",694.1,"Simu1","NIT",50,"cliver",0.221551825069959
"6943",694.2,"Simu1","NIT",50,"cliver",0.212059803430625
"6944",694.3,"Simu1","NIT",50,"cliver",0.202829571328558
"6945",694.4,"Simu1","NIT",50,"cliver",0.193865204176086
"6946",694.5,"Simu1","NIT",50,"cliver",0.185169835075599
"6947",694.6,"Simu1","NIT",50,"cliver",0.176745706097657
"6948",694.7,"Simu1","NIT",50,"cliver",0.168594213539756
"6949",694.8,"Simu1","NIT",50,"cliver",0.160715948640432
"6950",694.9,"Simu1","NIT",50,"cliver",0.153110734378987
"6951",695,"Simu1","NIT",50,"cliver",0.145777660135204
"6952",695.1,"Simu1","NIT",50,"cliver",0.138715113846519
"6953",695.2,"Simu1","NIT",50,"cliver",0.131920815712656
"6954",695.3,"Simu1","NIT",50,"cliver",0.125391848375132
"6955",695.4,"Simu1","NIT",50,"cliver",0.119124697763375
"6956",695.5,"Simu1","NIT",50,"cliver",0.113115274148857
"6957",695.6,"Simu1","NIT",50,"cliver",0.107358998503083
"6958",695.7,"Simu1","NIT",50,"cliver",0.101850769159323
"6959",695.8,"Simu1","NIT",50,"cliver",0.0965850003265519
"6960",695.9,"Simu1","NIT",50,"cliver",0.0915557901421632
"6961",696,"Simu1","NIT",50,"cliver",0.0877979449428263
"6962",696.1,"Simu1","NIT",50,"cliver",0.35299283359646
"6963",696.2,"Simu1","NIT",50,"cliver",0.47761079873124
"6964",696.3,"Simu1","NIT",50,"cliver",0.515774323541711
"6965",696.4,"Simu1","NIT",50,"cliver",0.531657624333113
"6966",696.5,"Simu1","NIT",50,"cliver",0.540039333947193
"6967",696.6,"Simu1","NIT",50,"cliver",0.54478557256499
"6968",696.7,"Simu1","NIT",50,"cliver",0.547053031039294
"6969",696.8,"Simu1","NIT",50,"cliver",0.547301834720492
"6970",696.9,"Simu1","NIT",50,"cliver",0.545802598638782
"6971",697,"Simu1","NIT",50,"cliver",0.542763293510686
"6972",697.1,"Simu1","NIT",50,"cliver",0.538362396795168
"6973",697.2,"Simu1","NIT",50,"cliver",0.532758915398906
"6974",697.3,"Simu1","NIT",50,"cliver",0.526096433080614
"6975",697.4,"Simu1","NIT",50,"cliver",0.518504814294163
"6976",697.5,"Simu1","NIT",50,"cliver",0.510101738198226
"6977",697.6,"Simu1","NIT",50,"cliver",0.500994180395397
"6978",697.7,"Simu1","NIT",50,"cliver",0.491279357934123
"6979",697.8,"Simu1","NIT",50,"cliver",0.481045635257999
"6980",697.9,"Simu1","NIT",50,"cliver",0.470373385535107
"6981",698,"Simu1","NIT",50,"cliver",0.459335765169524
"6982",698.1,"Simu1","NIT",50,"cliver",0.447999356863037
"6983",698.2,"Simu1","NIT",50,"cliver",0.436424734505636
"6984",698.3,"Simu1","NIT",50,"cliver",0.424666997043545
"6985",698.4,"Simu1","NIT",50,"cliver",0.412776258584751
"6986",698.5,"Simu1","NIT",50,"cliver",0.400798073714233
"6987",698.6,"Simu1","NIT",50,"cliver",0.388773811808112
"6988",698.7,"Simu1","NIT",50,"cliver",0.376741004597608
"6989",698.8,"Simu1","NIT",50,"cliver",0.364733670013264
"6990",698.9,"Simu1","NIT",50,"cliver",0.352782603382435
"6991",699,"Simu1","NIT",50,"cliver",0.340915637022718
"6992",699.1,"Simu1","NIT",50,"cliver",0.329157878109484
"6993",699.2,"Simu1","NIT",50,"cliver",0.317531929831642
"6994",699.3,"Simu1","NIT",50,"cliver",0.306058093868683
"6995",699.4,"Simu1","NIT",50,"cliver",0.294754553219998
"6996",699.5,"Simu1","NIT",50,"cliver",0.283637538500293
"6997",699.6,"Simu1","NIT",50,"cliver",0.272721480836483
"6998",699.7,"Simu1","NIT",50,"cliver",0.262019151915547
"6999",699.8,"Simu1","NIT",50,"cliver",0.251541790136404
"7000",699.9,"Simu1","NIT",50,"cliver",0.241299215040219
"7001",700,"Simu1","NIT",50,"cliver",0.23129993051722
"7002",700.1,"Simu1","NIT",50,"cliver",0.221551217817722
"7003",700.2,"Simu1","NIT",50,"cliver",0.212059218542859
"7004",700.3,"Simu1","NIT",50,"cliver",0.202829008436981
"7005",700.4,"Simu1","NIT",50,"cliver",0.193864662915332
"7006",700.5,"Simu1","NIT",50,"cliver",0.185169315105164
"7007",700.6,"Simu1","NIT",50,"cliver",0.176745207003447
"7008",700.7,"Simu1","NIT",50,"cliver",0.168593734922199
"7009",700.8,"Simu1","NIT",50,"cliver",0.160715490017845
"7010",700.9,"Simu1","NIT",50,"cliver",0.153110295429293
"7011",701,"Simu1","NIT",50,"cliver",0.145777240203112
"7012",701.1,"Simu1","NIT",50,"cliver",0.138714712887764
"7013",701.2,"Simu1","NIT",50,"cliver",0.131920432293726
"7014",701.3,"Simu1","NIT",50,"cliver",0.125391484203288
"7015",701.4,"Simu1","NIT",50,"cliver",0.119124346991358
"7016",701.5,"Simu1","NIT",50,"cliver",0.113114952206446
"7017",701.6,"Simu1","NIT",50,"cliver",0.107358690385109
"7018",701.7,"Simu1","NIT",50,"cliver",0.1018504427756
"7019",701.8,"Simu1","NIT",50,"cliver",0.0965846799686812
"7020",701.9,"Simu1","NIT",50,"cliver",0.091555507401138
"7021",702,"Simu1","NIT",50,"cliver",0.0877976811015096
"7022",702.1,"Simu1","NIT",50,"cliver",0.352992029882386
"7023",702.2,"Simu1","NIT",50,"cliver",0.477608756360493
"7024",702.3,"Simu1","NIT",50,"cliver",0.515771141076551
"7025",702.4,"Simu1","NIT",50,"cliver",0.531655999450968
"7026",702.5,"Simu1","NIT",50,"cliver",0.540038369923359
"7027",702.6,"Simu1","NIT",50,"cliver",0.544784609689402
"7028",702.7,"Simu1","NIT",50,"cliver",0.54705131492543
"7029",702.8,"Simu1","NIT",50,"cliver",0.547299671988979
"7030",702.9,"Simu1","NIT",50,"cliver",0.545800281024908
"7031",703,"Simu1","NIT",50,"cliver",0.542761370270945
"7032",703.1,"Simu1","NIT",50,"cliver",0.538360821181861
"7033",703.2,"Simu1","NIT",50,"cliver",0.532757136477623
"7034",703.3,"Simu1","NIT",50,"cliver",0.526094684596877
"7035",703.4,"Simu1","NIT",50,"cliver",0.518503242954534
"7036",703.5,"Simu1","NIT",50,"cliver",0.510099945842074
"7037",703.6,"Simu1","NIT",50,"cliver",0.500992322049033
"7038",703.7,"Simu1","NIT",50,"cliver",0.491277635030346
"7039",703.8,"Simu1","NIT",50,"cliver",0.481043960407131
"7040",703.9,"Simu1","NIT",50,"cliver",0.47037168186408
"7041",704,"Simu1","NIT",50,"cliver",0.459334027247978
"7042",704.1,"Simu1","NIT",50,"cliver",0.447997660030378
"7043",704.2,"Simu1","NIT",50,"cliver",0.436423130245082
"7044",704.3,"Simu1","NIT",50,"cliver",0.42466542862047
"7045",704.4,"Simu1","NIT",50,"cliver",0.412774695986416
"7046",704.5,"Simu1","NIT",50,"cliver",0.400796533197077
"7047",704.6,"Simu1","NIT",50,"cliver",0.388772322845999
"7048",704.7,"Simu1","NIT",50,"cliver",0.376739560752316
"7049",704.8,"Simu1","NIT",50,"cliver",0.364732251138974
"7050",704.9,"Simu1","NIT",50,"cliver",0.352781212907792
"7051",705,"Simu1","NIT",50,"cliver",0.340914288715398
"7052",705.1,"Simu1","NIT",50,"cliver",0.329156571601383
"7053",705.2,"Simu1","NIT",50,"cliver",0.317530657320221
"7054",705.3,"Simu1","NIT",50,"cliver",0.30605685496779
"7055",705.4,"Simu1","NIT",50,"cliver",0.294753352376057
"7056",705.5,"Simu1","NIT",50,"cliver",0.283636376494607
"7057",705.6,"Simu1","NIT",50,"cliver",0.272720355169099
"7058",705.7,"Simu1","NIT",50,"cliver",0.262018061350677
"7059",705.8,"Simu1","NIT",50,"cliver",0.251540735474793
"7060",705.9,"Simu1","NIT",50,"cliver",0.241298196730854
"7061",706,"Simu1","NIT",50,"cliver",0.231298947811841
"7062",706.1,"Simu1","NIT",50,"cliver",0.22155026987068
"7063",706.2,"Simu1","NIT",50,"cliver",0.212058304954595
"7064",706.3,"Simu1","NIT",50,"cliver",0.202828129088867
"7065",706.4,"Simu1","NIT",50,"cliver",0.193863817524226
"7066",706.5,"Simu1","NIT",50,"cliver",0.185168502863336
"7067",706.6,"Simu1","NIT",50,"cliver",0.176744427054547
"7068",706.7,"Simu1","NIT",50,"cliver",0.168592986703596
"7069",706.8,"Simu1","NIT",50,"cliver",0.160714773088338
"7070",706.9,"Simu1","NIT",50,"cliver",0.153109609045729
"7071",707,"Simu1","NIT",50,"cliver",0.145776583634111
"7072",707.1,"Simu1","NIT",50,"cliver",0.138714085185413
"7073",707.2,"Simu1","NIT",50,"cliver",0.131919833294617
"7074",707.3,"Simu1","NIT",50,"cliver",0.125390911998381
"7075",707.4,"Simu1","NIT",50,"cliver",0.119123803689616
"7076",707.5,"Simu1","NIT",50,"cliver",0.113114427024336
"7077",707.6,"Simu1","NIT",50,"cliver",0.107358172884693
"7078",707.7,"Simu1","NIT",50,"cliver",0.101849952965881
"7079",707.8,"Simu1","NIT",50,"cliver",0.0965842268471939
"7080",707.9,"Simu1","NIT",50,"cliver",0.0915550993470146
"7081",708,"Simu1","NIT",50,"cliver",0.0877973249155869
"7082",708.1,"Simu1","NIT",50,"cliver",0.352992096004194
"7083",708.2,"Simu1","NIT",50,"cliver",0.477609089946784
"7084",708.3,"Simu1","NIT",50,"cliver",0.515772411488254
"7085",708.4,"Simu1","NIT",50,"cliver",0.531657153846253
"7086",708.5,"Simu1","NIT",50,"cliver",0.540038756962216
"7087",708.6,"Simu1","NIT",50,"cliver",0.544785184752338
"7088",708.7,"Simu1","NIT",50,"cliver",0.547052651124087
"7089",708.8,"Simu1","NIT",50,"cliver",0.547301646688559
"7090",708.9,"Simu1","NIT",50,"cliver",0.54580240492499
"7091",709,"Simu1","NIT",50,"cliver",0.542763071816321
"7092",709.1,"Simu1","NIT",50,"cliver",0.538362150291264
"7093",709.2,"Simu1","NIT",50,"cliver",0.532758768003021
"7094",709.3,"Simu1","NIT",50,"cliver",0.52609631472082
"7095",709.4,"Simu1","NIT",50,"cliver",0.518504661955098
"7096",709.5,"Simu1","NIT",50,"cliver",0.510101549165352
"7097",709.6,"Simu1","NIT",50,"cliver",0.500993988498808
"7098",709.7,"Simu1","NIT",50,"cliver",0.491279187408029
"7099",709.8,"Simu1","NIT",50,"cliver",0.481045482961445
"7100",709.9,"Simu1","NIT",50,"cliver",0.47037323835838
"7101",710,"Simu1","NIT",50,"cliver",0.459335621806326
"7102",710.1,"Simu1","NIT",50,"cliver",0.447999214653639
"7103",710.2,"Simu1","NIT",50,"cliver",0.436424595512272
"7104",710.3,"Simu1","NIT",50,"cliver",0.42466686585581
"7105",710.4,"Simu1","NIT",50,"cliver",0.412776135234652
"7106",710.5,"Simu1","NIT",50,"cliver",0.400797955033403
"7107",710.6,"Simu1","NIT",50,"cliver",0.388773696440825
"7108",710.7,"Simu1","NIT",50,"cliver",0.376740894001521
"7109",710.8,"Simu1","NIT",50,"cliver",0.36473356577999
"7110",710.9,"Simu1","NIT",50,"cliver",0.352782505130093
"7111",711,"Simu1","NIT",50,"cliver",0.340915543299557
"7112",711.1,"Simu1","NIT",50,"cliver",0.329157788431389
"7113",711.2,"Simu1","NIT",50,"cliver",0.317531844830501
"7114",711.3,"Simu1","NIT",50,"cliver",0.306058013879813
"7115",711.4,"Simu1","NIT",50,"cliver",0.294754477722433
"7116",711.5,"Simu1","NIT",50,"cliver",0.283637466896303
"7117",711.6,"Simu1","NIT",50,"cliver",0.272721413036746
"7118",711.7,"Simu1","NIT",50,"cliver",0.262019087883751
"7119",711.8,"Simu1","NIT",50,"cliver",0.251541729759475
"7120",711.9,"Simu1","NIT",50,"cliver",0.241299158261506
"7121",712,"Simu1","NIT",50,"cliver",0.231299877163742
"7122",712.1,"Simu1","NIT",50,"cliver",0.221551167698059
"7123",712.2,"Simu1","NIT",50,"cliver",0.212059171450341
"7124",712.3,"Simu1","NIT",50,"cliver",0.202828964241744
"7125",712.4,"Simu1","NIT",50,"cliver",0.193864621519069
"7126",712.5,"Simu1","NIT",50,"cliver",0.185169276349759
"7127",712.6,"Simu1","NIT",50,"cliver",0.176745170723854
"7128",712.7,"Simu1","NIT",50,"cliver",0.16859370100089
"7129",712.8,"Simu1","NIT",50,"cliver",0.160715458369857
"7130",712.9,"Simu1","NIT",50,"cliver",0.153110265904244
"7131",713,"Simu1","NIT",50,"cliver",0.145777212725417
"7132",713.1,"Simu1","NIT",50,"cliver",0.138714687218207
"7133",713.2,"Simu1","NIT",50,"cliver",0.131920408652637
"7134",713.3,"Simu1","NIT",50,"cliver",0.125391461697344
"7135",713.4,"Simu1","NIT",50,"cliver",0.119124327580858
"7136",713.5,"Simu1","NIT",50,"cliver",0.113114927871105
"7137",713.6,"Simu1","NIT",50,"cliver",0.107358635091547
"7138",713.7,"Simu1","NIT",50,"cliver",0.101850358767549
"7139",713.8,"Simu1","NIT",50,"cliver",0.0965845637598008
"7140",713.9,"Simu1","NIT",50,"cliver",0.0915554211312265
"7141",714,"Simu1","NIT",50,"cliver",0.0877976163155391
"7142",714.1,"Simu1","NIT",50,"cliver",0.352992681146278
"7143",714.2,"Simu1","NIT",50,"cliver",0.477611394333601
"7144",714.3,"Simu1","NIT",50,"cliver",0.515774650626682
"7145",714.4,"Simu1","NIT",50,"cliver",0.531659883497024
"7146",714.5,"Simu1","NIT",50,"cliver",0.540042662660639
"7147",714.6,"Simu1","NIT",50,"cliver",0.544789004872446
"7148",714.7,"Simu1","NIT",50,"cliver",0.547055832446243
"7149",714.8,"Simu1","NIT",50,"cliver",0.547304592859212
"7150",714.9,"Simu1","NIT",50,"cliver",0.545804599455462
"7151",715,"Simu1","NIT",50,"cliver",0.542766126766802
"7152",715.1,"Simu1","NIT",50,"cliver",0.538365155225903
"7153",715.2,"Simu1","NIT",50,"cliver",0.532761792613744
"7154",715.3,"Simu1","NIT",50,"cliver",0.526099308413715
"7155",715.4,"Simu1","NIT",50,"cliver",0.518507673514296
"7156",715.5,"Simu1","NIT",50,"cliver",0.510104654981293
"7157",715.6,"Simu1","NIT",50,"cliver",0.500997131919301
"7158",715.7,"Simu1","NIT",50,"cliver",0.491282294459198
"7159",715.8,"Simu1","NIT",50,"cliver",0.481048487563301
"7160",715.9,"Simu1","NIT",50,"cliver",0.470376167110031
"7161",716,"Simu1","NIT",50,"cliver",0.459338514837067
"7162",716.1,"Simu1","NIT",50,"cliver",0.448002072902763
"7163",716.2,"Simu1","NIT",50,"cliver",0.436427394204072
"7164",716.3,"Simu1","NIT",50,"cliver",0.424669591141592
"7165",716.4,"Simu1","NIT",50,"cliver",0.412778792761071
"7166",716.5,"Simu1","NIT",50,"cliver",0.400800552823264
"7167",716.6,"Simu1","NIT",50,"cliver",0.388776234196855
"7168",716.7,"Simu1","NIT",50,"cliver",0.376743367129183
"7169",716.8,"Simu1","NIT",50,"cliver",0.364735972026064
"7170",716.9,"Simu1","NIT",50,"cliver",0.352784845588664
"7171",717,"Simu1","NIT",50,"cliver",0.340917819602278
"7172",717.1,"Simu1","NIT",50,"cliver",0.329160000806323
"7173",717.2,"Simu1","NIT",50,"cliver",0.317533992622021
"7174",717.3,"Simu1","NIT",50,"cliver",0.306060096883274
"7175",717.4,"Simu1","NIT",50,"cliver",0.294756496559024
"7176",717.5,"Simu1","NIT",50,"cliver",0.28363942241762
"7177",717.6,"Simu1","NIT",50,"cliver",0.272723305809978
"7178",717.7,"Simu1","NIT",50,"cliver",0.26202091828189
"7179",717.8,"Simu1","NIT",50,"cliver",0.251543498273956
"7180",717.9,"Simu1","NIT",50,"cliver",0.241300865499367
"7181",718,"Simu1","NIT",50,"cliver",0.231301524049049
"7182",718.1,"Simu1","NIT",50,"cliver",0.221552755164618
"7183",718.2,"Simu1","NIT",50,"cliver",0.212060700511946
"7184",718.3,"Simu1","NIT",50,"cliver",0.202830435793621
"7185",718.4,"Simu1","NIT",50,"cliver",0.193866036420036
"7186",718.5,"Simu1","NIT",50,"cliver",0.185170635524852
"7187",718.6,"Simu1","NIT",50,"cliver",0.17674647524045
"7188",718.7,"Simu1","NIT",50,"cliver",0.168594951941081
"7189",718.8,"Simu1","NIT",50,"cliver",0.160716656852806
"7190",718.9,"Simu1","NIT",50,"cliver",0.153111412999135
"7191",719,"Simu1","NIT",50,"cliver",0.145778309720094
"7192",719.1,"Simu1","NIT",50,"cliver",0.138715735187109
"7193",719.2,"Simu1","NIT",50,"cliver",0.131921409215972
"7194",719.3,"Simu1","NIT",50,"cliver",0.125392415385871
"7195",719.4,"Simu1","NIT",50,"cliver",0.119125237414577
"7196",719.5,"Simu1","NIT",50,"cliver",0.113115791261632
"7197",719.6,"Simu1","NIT",50,"cliver",0.107359474425687
"7198",719.7,"Simu1","NIT",50,"cliver",0.101851180275769
"7199",719.8,"Simu1","NIT",50,"cliver",0.0965853744235808
"7200",719.9,"Simu1","NIT",50,"cliver",0.0915561190954071
"7201",720,"Simu1","NIT",50,"cliver",0.0877982841115016
